id,smiles,pKi
ZINC000000000092,COc1cc(C[C@@H](C)N)c(OC)cc1Br,7.35
ZINC000000000416,C[C@H](CCc1ccccc1)NC[C@@H](O)c1ccc(O)c(C(N)=O)c1,5.71
ZINC000000000504,CN1CCN2c3ccccc3Cc3ccccc3[C@@H]2C1,8.33
ZINC000000000565,Cc1ccccc1[C@H](OCCN(C)C)c1ccccc1,5.67
ZINC000000000741,C[C@@H](N)Cc1ccc2c(c1)OCO2,6.45
ZINC000000000855,CN1CCN2c3ccccc3Cc3ccccc3[C@H]2C1,8.33
ZINC000000001148,CN(C)CC/C=C1/c2ccccc2COc2ccccc21,7.25
ZINC000000002001,CN(C)CCc1c[nH]c2cccc(O)c12,7.24
ZINC000000002233,NCCc1ccc(O)cc1,5.1
ZINC000000004319,C[C@H](CCc1ccccc1)NC[C@H](O)c1ccc(O)c(C(N)=O)c1,5.71
ZINC000000004448,Cc1nccn1C[C@H]1CCc2c(c3ccccc3n2C)C1=O,6.34
ZINC000000005993,Cn1ccc2c3c(ccc21)N(C(=O)Nc1cccnc1)CC3,7.8
ZINC000000006169,O=C(Nc1cccnc1)N1CCc2cc3sccc3cc21,8.0
ZINC000000007442,Cc1cc2c(cc1Cl)N(C(=O)Nc1cccc3ncccc13)CC2,7.89
ZINC000000008795,Clc1ccc2c(c1)N1CCNC[C@H]1C2,7.28
ZINC000000009097,C[C@@H](N)Cc1cn(C)c2ccc3c(c12)CCCO3,7.96
ZINC000000016912,Cc1cc(NC(=O)Nc2ccc3c(ccn3C)c2)sn1,7.95
ZINC000000016916,Cc1cc(NC(=O)Nc2ccc3c(ccn3C)c2)on1,7.16
ZINC000000018235,O=C(Nc1cccnc1)N1CCc2cc3[nH]ccc3cc21,7.5
ZINC000000020250,C[C@@H](CN1c2ccccc2Sc2ccccc21)N(C)C,7.37
ZINC000000020257,Cc1cccc(C)c1OC[C@@H](C)N,6.14
ZINC000000020603,Cc1coc2cc3c(cc12)CCN3C(=O)Nc1cccnc1,8.9
ZINC000000026029,Clc1ccc2c(c1)N1CCNC[C@@H]1C2,7.28
ZINC000000026795,CCN1CCC(COc2nc3ccsc3n3cccc23)CC1,8.01
ZINC000000056647,C[C@H](CN1c2ccccc2Sc2ccccc21)N(C)C,7.37
ZINC000000057062,Cc1cccc(C)c1OC[C@H](C)N,6.14
ZINC000000075126,Cc1nccn1C[C@@H]1CCc2c(c3ccccc3n2C)C1=O,6.34
ZINC000000079582,CN(C)CCC(=O)c1ccccc1,5.32
ZINC000000120144,NCCc1c[nH]c2ccccc12,6.27
ZINC000000155269,Cc1ccccc1[C@@H](OCCN(C)C)c1ccccc1,5.67
ZINC000000185131,CN(C)CCN1CCc2ccccc21,6.57
ZINC000000256143,Cc1cc(Cl)ccc1O[C@@H](C)C(=O)O,7.03
ZINC000000256144,Cc1cc(Cl)ccc1O[C@H](C)C(=O)O,7.03
ZINC000000315185,CN(C)CCn1cnc2ccccc21,6.86
ZINC000000338136,COc1cc2c3c(c1OC)-c1cc4c(cc1C[C@@H]3N(C)CC2)OCO4,6.27
ZINC000000338140,COc1cc2c3c(c1OC)-c1cc4c(cc1C[C@H]3N(C)CC2)OCO4,6.27
ZINC000000402865,COc1cc(C[C@H](C)N)c(OC)cc1Br,7.35
ZINC000000403010,C[C@@H](CCc1ccccc1)NC[C@H](O)c1ccc(O)c(C(N)=O)c1,5.71
ZINC000000403011,C[C@@H](CCc1ccccc1)NC[C@@H](O)c1ccc(O)c(C(N)=O)c1,5.71
ZINC000000403033,C[C@H](N)Cc1ccc2c(c1)OCO2,6.45
ZINC000000403035,COc1ccc(C[C@H](C)N)cc1,5.16
ZINC000000403036,COc1ccc(C[C@@H](C)N)cc1,5.16
ZINC000000404450,C[C@H](N)Cc1c[nH]c2ccccc12,7.12
ZINC000000404451,C[C@@H](N)Cc1c[nH]c2ccccc12,7.12
ZINC000000506291,CN1CCC2(CC1)Oc1ccccc1[C@H]1CC(c3ccccc3)=NN12,7.3
ZINC000000506292,CN1CCC2(CC1)Oc1ccccc1[C@@H]1CC(c3ccccc3)=NN12,7.3
ZINC000000596881,Clc1ccc(CO[C@H](Cn2ccnc2)c2ccc(Cl)cc2Cl)cc1,5.36
ZINC000000601250,Clc1ccc(CS[C@H](Cn2ccnc2)c2ccc(Cl)cc2Cl)cc1,5.72
ZINC000000607971,Clc1ccc(CO[C@H](Cn2ccnc2)c2ccc(Cl)cc2Cl)c(Cl)c1,5.45
ZINC000000643055,Clc1ccc(CO[C@@H](Cn2ccnc2)c2ccc(Cl)cc2Cl)cc1,5.36
ZINC000000896740,Clc1ccc(CO[C@@H](Cn2ccnc2)c2ccc(Cl)cc2Cl)c(Cl)c1,5.45
ZINC000000934777,CN1CCC2(CC1)Oc1ccc(Br)cc1[C@H]1CC(c3ccccc3)=NN12,7.04
ZINC000000934778,CN1CCC2(CC1)Oc1ccc(Br)cc1[C@@H]1CC(c3ccccc3)=NN12,7.04
ZINC000000934789,CN1CCC2(CC1)Oc1ccc(Br)cc1[C@H]1CC(c3ccco3)=NN12,5.3
ZINC000000934790,CN1CCC2(CC1)Oc1ccc(Br)cc1[C@@H]1CC(c3ccco3)=NN12,5.3
ZINC000000934805,COc1cccc2c1OC1(CCN(C)CC1)N1N=C(c3ccc(F)cc3)C[C@H]21,7.34
ZINC000000934806,COc1cccc2c1OC1(CCN(C)CC1)N1N=C(c3ccc(F)cc3)C[C@@H]21,7.34
ZINC000000934809,COc1cccc2c1OC1(CCN(C)CC1)N1N=C(c3ccc(Cl)cc3)C[C@H]21,5.83
ZINC000000934810,COc1cccc2c1OC1(CCN(C)CC1)N1N=C(c3ccc(Cl)cc3)C[C@@H]21,5.83
ZINC000000968276,Cc1c(C)c2c(c(C)c1O)CC[C@](C)(COc1ccc(C[C@@H]3SC(=O)NC3=O)cc1)O2,6.08
ZINC000000968277,Cc1c(C)c2c(c(C)c1O)CC[C@@](C)(COc1ccc(C[C@@H]3SC(=O)NC3=O)cc1)O2,6.08
ZINC000000968278,Cc1c(C)c2c(c(C)c1O)CC[C@](C)(COc1ccc(C[C@H]3SC(=O)NC3=O)cc1)O2,6.08
ZINC000000968279,Cc1c(C)c2c(c(C)c1O)CC[C@@](C)(COc1ccc(C[C@H]3SC(=O)NC3=O)cc1)O2,6.08
ZINC000001481844,C[C@@H](NCCC(c1ccccc1)c1ccccc1)c1ccccc1,5.49
ZINC000001504346,c1ccc(-n2cc(-c3ccnc4ccccc34)cn2)cc1,5.8
ZINC000001530579,COc1ccccc1OCCNC[C@H](O)COc1cccc2[nH]c3ccccc3c12,7.82
ZINC000001530580,COc1ccccc1OCCNC[C@@H](O)COc1cccc2[nH]c3ccccc3c12,7.82
ZINC000001530695,CSc1ccc2c(c1)N(CC[C@@H]1CCCCN1C)c1ccccc1S2,7.09
ZINC000001530697,CSc1ccc2c(c1)N(CC[C@H]1CCCCN1C)c1ccccc1S2,7.09
ZINC000001530725,Clc1ccc([C@H](c2ccccc2Cl)C(Cl)Cl)cc1,5.51
ZINC000001530726,Clc1ccc([C@@H](c2ccccc2Cl)C(Cl)Cl)cc1,5.51
ZINC000001530751,CCN(CC)CC#CCOC(=O)[C@@](O)(c1ccccc1)C1CCCCC1,6.3
ZINC000001530752,CCN(CC)CC#CCOC(=O)[C@](O)(c1ccccc1)C1CCCCC1,6.3
ZINC000001530759,CCCNC[C@H](O)COc1ccccc1C(=O)CCc1ccccc1,7.24
ZINC000001530760,CCCNC[C@@H](O)COc1ccccc1C(=O)CCc1ccccc1,7.24
ZINC000001530830,CN(C)CCc1c[nH]c2cccc(OP(=O)(O)O)c12,7.13
ZINC000001542901,Cc1cc2c(OC[C@H](CNC(C)(C)C)OC(=O)c3ccccc3)cccc2[nH]1,6.01
ZINC000001545565,CCCCCNC(=N)N/N=C/c1c[nH]c2ccc(OC)cc12,8.7
ZINC000001550393,CCCCN1CCC(COc2nc3ccsc3n3cccc23)CC1,7.28
ZINC000001586284,COc1ccc(OC)c(C[C@H](C)N)c1,6.83
ZINC000001587881,COc1ccccc1C[C@H](C)N,5.54
ZINC000001604329,COc1cccc(C[C@@H](C)N)c1,5.92
ZINC000001668943,COc1cc(C[C@H](C)N)cc(OC)c1OC,5.6
ZINC000001692965,COc1cccc(C[C@@H](C)N)c1OC,5.54
ZINC000001692966,COc1cc(C[C@@H](C)N)ccc1O,5.45
ZINC000001728063,COc1ccc(C[C@H](C)N)cc1OC,5.45
ZINC000001841010,COc1ccc(OC)c(C[C@@H](C)N)c1,6.83
ZINC000001850907,COc1cc(C[C@@H](C)N)cc(OC)c1OC,5.6
ZINC000001872016,COc1cc(OC)c(SC)cc1C[C@H](C)N,5.77
ZINC000001912758,CCCN1CCC(COc2nc3ccccc3c3c2CCCN3)CC1,6.7
ZINC000001995685,CNCCc1c[nH]c2ccccc12,5.97
ZINC000002003734,CN(C)CCCc1ccccc1,5.09
ZINC000002009554,COc1ccc2[nH]cc(C[C@H](C)N)c2c1,8.57
ZINC000002009555,COc1ccc2[nH]cc(C[C@@H](C)N)c2c1,8.57
ZINC000002012156,C[C@H](N)Cc1c[nH]c2ccc(O)cc12,8.38
ZINC000002012157,C[C@@H](N)Cc1c[nH]c2ccc(O)cc12,8.38
ZINC000002012331,CCN(CCN(C)C)c1ccccc1,6.27
ZINC000002015683,COc1cc(OC)c(C[C@H](C)N)c(OC)c1,6.28
ZINC000002015684,COc1cc(OC)c(C[C@@H](C)N)c(OC)c1,6.28
ZINC000002015685,COc1cc(OC)c(OC)cc1C[C@H](C)N,6.81
ZINC000002015686,COc1cc(OC)c(OC)cc1C[C@@H](C)N,6.81
ZINC000002015688,COc1ccc(C[C@H](C)N)c(OC)c1OC,5.07
ZINC000002015689,COc1ccc(C[C@@H](C)N)c(OC)c1OC,5.07
ZINC000002019529,C[C@H](NCCC(c1ccccc1)c1ccccc1)c1ccccc1,5.49
ZINC000002032320,Cc1cc2c(OC[C@@H](CNC(C)(C)C)OC(=O)c3ccccc3)cccc2[nH]1,6.01
ZINC000002035314,COc1ccc2[nH]cc([C@H](C)CN)c2c1,8.08
ZINC000002041024,COc1ccc(C[C@@H](C)N)cc1OC,5.45
ZINC000002379519,C[C@@H](N)Cc1c[nH]c2ccc(OCc3cccs3)cc12,8.6
ZINC000002530693,COc1cc(C[C@H](C)N)c(OC)cc1I,8.7
ZINC000002560537,CN(C)CCNc1ccccc1,6.02
ZINC000003051297,Cc1ccc(S(=O)(=O)NCc2ccc(C(=O)NCCN(Cc3ccccc3)C(C)C)cc2)cc1,6.0
ZINC000003644762,COc1cc(C[C@H](C)N)ccc1O,5.45
ZINC000003683831,CN1CCC[C@@H](CN2c3ccccc3Sc3ccccc32)C1,6.49
ZINC000003683833,CN1CCC[C@H](CN2c3ccccc3Sc3ccccc32)C1,6.49
ZINC000003775140,COc1cc(N)c(Cl)cc1C(=O)N[C@@H]1CCN(CCCOc2ccc(F)cc2)C[C@@H]1OC,7.15
ZINC000003779067,COc1ccc2cc3[n+](cc2c1OC)CCc1cc2c(cc1-3)OCO2,5.66
ZINC000003794601,CN(C)CCC[C@]1(c2ccc(F)cc2)OCc2cc(C#N)ccc21,5.93
ZINC000003800706,CN(C)CCC[C@@]1(c2ccc(F)cc2)OCc2cc(C#N)ccc21,5.93
ZINC000003812549,Fc1ccc(N2CCN(CC[C@H]3OCCc4ccccc43)CC2)cc1,7.16
ZINC000003812888,COc1ccc(CCN(C)CCC[C@](C#N)(c2ccc(OC)c(OC)c2)C(C)C)cc1OC,6.98
ZINC000003812892,CC(C)(C)c1ccc([C@@H](O)CCCN2CCC(C(O)(c3ccccc3)c3ccccc3)CC2)cc1,7.52
ZINC000003830564,COc1cc(N)c(Cl)cc1C(=O)N[C@H]1CCN(CCCOc2ccc(F)cc2)C[C@@H]1OC,7.15
ZINC000003831511,CC(C)(C)c1ccc([C@H](O)CCCN2CCC(C(O)(c3ccccc3)c3ccccc3)CC2)cc1,7.52
ZINC000003871832,COc1ccc(CCN(C)CCC[C@@](C#N)(c2ccc(OC)c(OC)c2)C(C)C)cc1OC,6.98
ZINC000003872738,NC(N)=NC(=O)Cc1c(Cl)cccc1Cl,5.87
ZINC000003873371,Clc1ccc(CS[C@@H](Cn2ccnc2)c2ccc(Cl)cc2Cl)cc1,5.72
ZINC000003916060,O=C1C[C@@H](CN2CCC(c3noc4cc(F)ccc34)CC2)Cc2[nH]c3ccccc3c21,6.35
ZINC000003916062,O=C1C[C@@H](CN2CCC(C(=O)c3ccc(F)cc3)CC2)Cc2[nH]c3ccccc3c21,7.22
ZINC000003941211,O=C1c2ccsc2CC[C@H]1CCN1CCC(c2noc3cc(F)ccc23)CC1,6.23
ZINC000003942600,Cc1c(C(=O)c2ccc(Cl)cc2)c2ccc(OC(F)(F)F)cc2n1Cc1cccc(O[C@H](C)C(=O)O)c1,5.94
ZINC000003961115,CC(C)c1cc(-c2ccc(F)c3ccccc23)nc(N)n1,9.15
ZINC000003994229,O=C1C[C@@H](CN2CCC(c3noc4cc(F)ccc34)CC2)Cc2occc21,6.61
ZINC000003994230,O=C1C[C@@H](CN2CCC(C(=O)c3ccc(F)cc3)CC2)Cc2occc21,6.71
ZINC000003995616,CC(C)[C@@]1(NC(=O)[C@@H]2C[C@@H]3c4cccc5[nH]cc(c45)C[C@H]3N(C)C2)O[C@@]2(O)[C@@H]3CCCN3C(=O)[C@H](Cc3ccccc3)N2C1=O,8.38
ZINC000003995822,C[C@H](N)Cc1c[nH]c2ccc(OCc3cccs3)cc12,8.6
ZINC000004175569,Oc1nc2ccccc2n1CCCN1CCC(n2c(O)nc3cc(Cl)ccc32)CC1,5.78
ZINC000004215367,COc1cc(N)c(Cl)cc1C(=O)N[C@H]1CCN(CCCOc2ccc(F)cc2)C[C@H]1OC,7.4
ZINC000004314947,O=C(c1ccc(-c2ccccc2)cc1)N1CCC(c2nc3ccccc3[nH]2)CC1,8.62
ZINC000004424503,CN1CCC2(CC1)Oc1ccc(Br)cc1[C@@H]1CC(c3cccs3)=NN12,5.3
ZINC000004424507,CN1CCC2(CC1)Oc1ccc(Br)cc1[C@H]1CC(c3cccs3)=NN12,5.3
ZINC000004632523,Fc1ccc(N2CCN(CC[C@@H]3OCCc4ccccc43)CC2)cc1,7.16
ZINC000004721990,N[C@@H]1CCc2ccccc2C1,5.61
ZINC000004801017,COc1cc(/C=C/C(=O)NCCn2c(C)cc3ccccc32)cc(OC)c1OC,5.59
ZINC000004812066,CN1CCC2(CC1)Oc1ccccc1[C@@H]1CC(c3ccc(F)cc3)=NN12,8.0
ZINC000004812069,CN1CCC2(CC1)Oc1ccccc1[C@H]1CC(c3ccc(F)cc3)=NN12,8.0
ZINC000004863054,CN1CCC2(CC1)Oc1ccccc1[C@@H]1CC(c3ccccc3Cl)=NN12,6.12
ZINC000004863055,CN1CCC2(CC1)Oc1ccccc1[C@H]1CC(c3ccccc3Cl)=NN12,6.12
ZINC000004863074,CN1CCC2(CC1)Oc1ccccc1[C@@H]1CC(c3ccc(Cl)cc3)=NN12,6.55
ZINC000004863075,CN1CCC2(CC1)Oc1ccccc1[C@H]1CC(c3ccc(Cl)cc3)=NN12,6.55
ZINC000004863234,CN1CCC2(CC1)Oc1ccccc1[C@@H]1CC(c3ccc(Br)cc3)=NN12,6.37
ZINC000004863235,CN1CCC2(CC1)Oc1ccccc1[C@H]1CC(c3ccc(Br)cc3)=NN12,6.37
ZINC000004898821,CCCN1CCC2(CC1)Oc1ccccc1[C@@H]1CC(c3ccc(F)cc3)=NN12,8.74
ZINC000004898822,CCCN1CCC2(CC1)Oc1ccccc1[C@H]1CC(c3ccc(F)cc3)=NN12,8.74
ZINC000004898829,CCCN1CCC2(CC1)Oc1ccccc1[C@@H]1CC(c3ccccc3)=NN12,8.0
ZINC000004898830,CCCN1CCC2(CC1)Oc1ccccc1[C@H]1CC(c3ccccc3)=NN12,8.0
ZINC000004899035,CCCN1CCC2(CC1)Oc1ccccc1[C@@H]1CC(c3ccccc3Cl)=NN12,6.3
ZINC000004899036,CCCN1CCC2(CC1)Oc1ccccc1[C@H]1CC(c3ccccc3Cl)=NN12,6.3
ZINC000004899178,CC(C)N1CCC2(CC1)Oc1ccccc1[C@@H]1CC(c3ccc(Cl)cc3)=NN12,6.88
ZINC000004899179,CC(C)N1CCC2(CC1)Oc1ccccc1[C@H]1CC(c3ccc(Cl)cc3)=NN12,6.88
ZINC000004957092,COc1ccccc1C[C@@H](C)N,5.54
ZINC000005094019,CCN1CCC2(CC1)Oc1ccccc1[C@@H]1CC(c3ccncc3)=NN12,7.38
ZINC000005094022,CCN1CCC2(CC1)Oc1ccccc1[C@H]1CC(c3ccncc3)=NN12,7.38
ZINC000005296145,CCCN1CCC2(CC1)Oc1ccccc1[C@@H]1CC(c3ccncc3)=NN12,7.82
ZINC000005296149,CCCN1CCC2(CC1)Oc1ccccc1[C@H]1CC(c3ccncc3)=NN12,7.82
ZINC000005442531,CN1CCC2(CC1)Oc1ccccc1[C@@H]1CC(c3ccncc3)=NN12,7.02
ZINC000005442541,CN1CCC2(CC1)Oc1ccccc1[C@H]1CC(c3ccncc3)=NN12,7.02
ZINC000005735105,COc1ccc2[nH]cc([C@@H](C)CN)c2c1,8.08
ZINC000005765126,COc1cc(C[C@@H](C)N)c(OC)cc1C,7.12
ZINC000005765127,COc1cc(C[C@H](C)N)c(OC)cc1C,7.12
ZINC000005845906,CCN(CC)C(=O)[C@@H]1C=C2c3cccc4[nH]cc(c34)C[C@H]2NC1,7.27
ZINC000005934789,N[C@H]1CCc2ccccc2C1,5.61
ZINC000006020964,COc1cccc(OC)c1C[C@H](C)N,5.09
ZINC000006020969,COc1cc(Br)c(C[C@H](C)N)cc1OC,5.75
ZINC000006021008,COc1ccc(C[C@H](C)N)c(OC)c1,5.6
ZINC000006021022,COc1cccc(C[C@H](C)N)c1,5.92
ZINC000006021026,COc1cccc(C[C@H](C)N)c1OC,5.54
ZINC000006021033,C[C@H](N)Cc1ccccc1,5.27
ZINC000006036785,COc1cccc(OC)c1C[C@@H](C)N,5.09
ZINC000006036789,COc1cc(Br)c(C[C@@H](C)N)cc1OC,5.75
ZINC000006036792,COc1cc(OC)c(SC)cc1C[C@@H](C)N,5.77
ZINC000006036825,COc1ccc(C[C@@H](C)N)c(OC)c1,5.6
ZINC000006036847,C[C@@H](N)Cc1ccccc1,5.27
ZINC000006069804,COc1cc(C)c(C[C@@H](C)N)cc1OC,5.86
ZINC000006069806,COc1cc(C)c(C[C@H](C)N)cc1OC,5.86
ZINC000006069832,COc1cc(OC)c(C[C@@H](C)N)cc1C,5.61
ZINC000006069833,COc1cc(OC)c(C[C@H](C)N)cc1C,5.61
ZINC000006733302,COc1cc2c(cc1Cl)[C@H](C)CNCC2,6.85
ZINC000006733454,C[C@@H]1CNCCc2c(Cl)cc(Cl)cc21,6.08
ZINC000006733457,C[C@@H]1CNCCc2ccc(Cl)c(Cl)c21,5.74
ZINC000006845963,CCCCCCCCCCCCCCCC[n+]1ccccc1,5.44
ZINC000008717684,COc1ccc(C2=NN3[C@@H](C2)c2cc(Br)ccc2OC32CCN(C)CC2)cc1,5.3
ZINC000008717685,COc1ccc(C2=NN3[C@H](C2)c2cc(Br)ccc2OC32CCN(C)CC2)cc1,5.3
ZINC000008717688,CN1CCC2(CC1)Oc1ccc(Br)cc1[C@@H]1CC(c3ccc(F)cc3)=NN12,7.52
ZINC000008717689,CN1CCC2(CC1)Oc1ccc(Br)cc1[C@H]1CC(c3ccc(F)cc3)=NN12,7.52
ZINC000008717690,CN1CCC2(CC1)Oc1ccc(Br)cc1[C@@H]1CC(c3ccc(Cl)cc3)=NN12,7.0
ZINC000008717691,CN1CCC2(CC1)Oc1ccc(Br)cc1[C@H]1CC(c3ccc(Cl)cc3)=NN12,7.0
ZINC000008717699,Clc1ccc(C2=NN3[C@@H](C2)c2ccccc2OC32CCN(Cc3ccccc3)CC2)cc1,6.46
ZINC000008717700,Clc1ccc(C2=NN3[C@H](C2)c2ccccc2OC32CCN(Cc3ccccc3)CC2)cc1,6.46
ZINC000008817424,CCCN1CCC2(CC1)Oc1ccc(Br)cc1[C@@H]1CC(c3ccc(C)cc3)=NN12,5.3
ZINC000008817425,CCCN1CCC2(CC1)Oc1ccc(Br)cc1[C@H]1CC(c3ccc(C)cc3)=NN12,5.3
ZINC000008817550,CCCN1CCC2(CC1)Oc1ccc(Br)cc1[C@@H]1CC(c3ccc(OC)cc3)=NN12,6.75
ZINC000008817551,CCCN1CCC2(CC1)Oc1ccc(Br)cc1[C@H]1CC(c3ccc(OC)cc3)=NN12,6.75
ZINC000008836253,CCCN1CCC2(CC1)Oc1ccc(Br)cc1[C@@H]1CC(c3ccc(Br)cc3)=NN12,6.1
ZINC000008836255,CCCN1CCC2(CC1)Oc1ccc(Br)cc1[C@H]1CC(c3ccc(Br)cc3)=NN12,6.1
ZINC000008836530,COc1ccccc1C1=NN2[C@@H](C1)c1cc(Br)ccc1OC21CCN(C)CC1,5.3
ZINC000008836531,COc1ccccc1C1=NN2[C@H](C1)c1cc(Br)ccc1OC21CCN(C)CC1,5.3
ZINC000008837187,CN1CCC2(CC1)Oc1ccc(Br)cc1[C@@H]1CC(c3ccccc3Cl)=NN12,6.07
ZINC000008837188,CN1CCC2(CC1)Oc1ccc(Br)cc1[C@H]1CC(c3ccccc3Cl)=NN12,6.07
ZINC000009057645,COc1cccc2c1OC1(CCN(C)CC1)N1N=C(c3ccc(Br)cc3)C[C@H]21,5.89
ZINC000009066655,CN1CCC2(CC1)Oc1ccc(Br)cc1[C@@H]1CC(c3ccccc3OC(F)F)=NN12,6.37
ZINC000009066660,CN1CCC2(CC1)Oc1ccc(Br)cc1[C@H]1CC(c3ccccc3OC(F)F)=NN12,6.37
ZINC000009067107,CN1CCC2(CC1)Oc1ccc(Br)cc1[C@@H]1CC(c3ccc4ccccc4c3)=NN12,5.3
ZINC000009067112,CN1CCC2(CC1)Oc1ccc(Br)cc1[C@H]1CC(c3ccc4ccccc4c3)=NN12,5.3
ZINC000009232664,CN1CCC2(CC1)Oc1ccc(Br)cc1[C@@H]1CC(c3ccc(Cl)c(Cl)c3)=NN12,6.27
ZINC000009232671,CN1CCC2(CC1)Oc1ccc(Br)cc1[C@H]1CC(c3ccc(Cl)c(Cl)c3)=NN12,6.27
ZINC000009301986,CN1CCC2(CC1)Oc1ccc(Br)cc1[C@@H]1CC(c3ccc(OC(F)F)cc3)=NN12,6.76
ZINC000009301987,CN1CCC2(CC1)Oc1ccc(Br)cc1[C@H]1CC(c3ccc(OC(F)F)cc3)=NN12,6.76
ZINC000009397106,CC(C)N1CCC2(CC1)Oc1ccc(Br)cc1[C@@H]1CC(c3ccccc3)=NN12,6.73
ZINC000009397108,CC(C)N1CCC2(CC1)Oc1ccc(Br)cc1[C@H]1CC(c3ccccc3)=NN12,6.73
ZINC000012356079,O=C1C[C@@H](CN2CCN(c3ncccn3)CC2)Cc2occc21,6.01
ZINC000012356081,O=C1C[C@H](CN2CCN(c3ncccn3)CC2)Cc2occc21,6.01
ZINC000012356164,O=C1C[C@@H](CN2CCC(C(=O)c3ccc(F)cc3)CC2)c2ccccc21,6.66
ZINC000012356165,O=C1C[C@H](CN2CCC(C(=O)c3ccc(F)cc3)CC2)c2ccccc21,6.66
ZINC000012356168,O=C(c1ccc(F)cc1)C1CCN(CC[C@@H]2Cc3sccc3C2=O)CC1,7.06
ZINC000012356169,O=C(c1ccc(F)cc1)C1CCN(CC[C@H]2Cc3sccc3C2=O)CC1,7.06
ZINC000012356172,O=C1C[C@@H](CN2CCC(C(=O)c3ccc(F)cc3)CC2)Cc2sccc21,6.88
ZINC000012356173,O=C1C[C@H](CN2CCC(C(=O)c3ccc(F)cc3)CC2)Cc2sccc21,6.88
ZINC000012356209,O=C1C[C@@H](CN2CCC(C(=O)c3ccc(F)cc3)CC2)Cc2ccccc21,7.2
ZINC000012356211,O=C1C[C@H](CN2CCC(C(=O)c3ccc(F)cc3)CC2)Cc2ccccc21,7.2
ZINC000012356214,O=C(c1ccc(F)cc1)C1CCN(CC[C@@H]2CCc3sccc3C2=O)CC1,6.35
ZINC000012356216,O=C(c1ccc(F)cc1)C1CCN(CC[C@H]2CCc3sccc3C2=O)CC1,6.35
ZINC000012356222,O=C(c1ccc(F)cc1)C1CCN(CC[C@@H]2Cc3ccccc3C2=O)CC1,6.43
ZINC000012356224,O=C(c1ccc(F)cc1)C1CCN(CC[C@H]2Cc3ccccc3C2=O)CC1,6.43
ZINC000012356225,O=C1C[C@@H](CN2CCC(c3noc4cc(F)ccc34)CC2)Cc2sccc21,6.24
ZINC000012356226,O=C1C[C@H](CN2CCC(c3noc4cc(F)ccc34)CC2)Cc2sccc21,6.24
ZINC000012356227,COc1ccccc1N1CCN(CC[C@@H]2CCc3ccccc3C2=O)CC1,7.13
ZINC000012356229,COc1ccccc1N1CCN(CC[C@H]2CCc3ccccc3C2=O)CC1,7.13
ZINC000012437293,COc1cccc2c1OC1(CCN(C)CC1)N1N=C(c3ccc(Br)cc3)C[C@@H]21,5.89
ZINC000013471602,COc1ccccc1N1CCN(C[C@@H]2CC(=O)c3ccccc32)CC1,7.04
ZINC000013471603,COc1ccccc1N1CCN(C[C@H]2CC(=O)c3ccccc32)CC1,7.04
ZINC000013471604,O=C1C[C@@H](CN2CCN(c3ccccn3)CC2)c2ccccc21,6.35
ZINC000013471605,O=C1C[C@H](CN2CCN(c3ccccn3)CC2)c2ccccc21,6.35
ZINC000013471623,O=C(c1ccc(F)cc1)C1CCN(CC[C@@H]2Cc3cc(F)ccc3C2=O)CC1,6.12
ZINC000013471626,O=C(c1ccc(F)cc1)C1CCN(CC[C@H]2Cc3cc(F)ccc3C2=O)CC1,6.12
ZINC000013471628,O=C(c1ccc(F)cc1)C1CCN(CC[C@@H]2CCc3ccccc3C2=O)CC1,7.15
ZINC000013471630,O=C(c1ccc(F)cc1)C1CCN(CC[C@H]2CCc3ccccc3C2=O)CC1,7.15
ZINC000013471632,O=C(c1ccc(F)cc1)C1CCN(CC[C@@H]2CCCc3ccccc3C2=O)CC1,7.4
ZINC000013471634,O=C(c1ccc(F)cc1)C1CCN(CC[C@H]2CCCc3ccccc3C2=O)CC1,7.4
ZINC000013471636,CCc1c(C)[nH]c2c1C(=O)C[C@H](CN1CCN(c3ccccc3OC)CC1)C2,6.9
ZINC000013471638,CCc1c(C)[nH]c2c1C(=O)C[C@@H](CN1CCN(c3ccccc3OC)CC1)C2,6.9
ZINC000013471650,COc1ccccc1N1CCN(C[C@@H]2CC(=O)c3ccsc3C2)CC1,6.78
ZINC000013471651,COc1ccccc1N1CCN(C[C@H]2CC(=O)c3ccsc3C2)CC1,6.78
ZINC000013471653,O=C1C[C@@H](CN2CCN(c3ccccn3)CC2)Cc2sccc21,5.18
ZINC000013471656,O=C1C[C@H](CN2CCN(c3ccccn3)CC2)Cc2sccc21,5.18
ZINC000013471665,COc1ccccc1N1CCN(CC[C@@H]2CCc3sccc3C2=O)CC1,7.19
ZINC000013471668,COc1ccccc1N1CCN(CC[C@H]2CCc3sccc3C2=O)CC1,7.19
ZINC000013471671,O=C1c2ccsc2CC[C@@H]1CCN1CCN(c2ccccn2)CC1,7.01
ZINC000013471674,O=C1c2ccsc2CC[C@H]1CCN1CCN(c2ccccn2)CC1,7.01
ZINC000013471676,O=C1c2ccsc2CC[C@@H]1CCN1CCC(c2noc3cc(F)ccc23)CC1,6.23
ZINC000013471677,O=C(c1ccc(F)cc1)C1CCN(CC[C@@H]2CCc3ccsc3C2=O)CC1,6.48
ZINC000013471678,O=C(c1ccc(F)cc1)C1CCN(CC[C@H]2CCc3ccsc3C2=O)CC1,6.48
ZINC000013471683,COc1ccccc1N1CCN(C[C@@H]2CC(=O)c3ccoc3C2)CC1,6.19
ZINC000013471685,COc1ccccc1N1CCN(C[C@H]2CC(=O)c3ccoc3C2)CC1,6.19
ZINC000013471690,O=C1C[C@@H](CN2CCN(c3ccccn3)CC2)Cc2occc21,5.46
ZINC000013471693,O=C1C[C@H](CN2CCN(c3ccccn3)CC2)Cc2occc21,5.46
ZINC000013471701,O=C1C[C@H](CN2CCC(C(=O)c3ccc(F)cc3)CC2)Cc2occc21,6.71
ZINC000013471704,O=C1C[C@H](CN2CCC(c3noc4cc(F)ccc34)CC2)Cc2occc21,6.61
ZINC000013471706,COc1ccccc1N1CCN(CC[C@@H]2CCc3occc3C2=O)CC1,6.68
ZINC000013471708,COc1ccccc1N1CCN(CC[C@H]2CCc3occc3C2=O)CC1,6.68
ZINC000013471711,O=C(c1ccc(F)cc1)C1CCN(CC[C@@H]2CCc3occc3C2=O)CC1,6.63
ZINC000013471712,O=C(c1ccc(F)cc1)C1CCN(CC[C@H]2CCc3occc3C2=O)CC1,6.63
ZINC000013471715,O=C1c2ccoc2CC[C@H]1CCN1CCC(c2noc3cc(F)ccc23)CC1,6.3
ZINC000013471716,O=C1c2ccoc2CC[C@@H]1CCN1CCC(c2noc3cc(F)ccc23)CC1,6.3
ZINC000013471717,COc1ccccc1N1CCN(C[C@@H]2CC(=O)c3c([nH]c4ccccc34)C2)CC1,6.8
ZINC000013471718,COc1ccccc1N1CCN(C[C@H]2CC(=O)c3c([nH]c4ccccc34)C2)CC1,6.8
ZINC000013471720,O=C1C[C@H](CN2CCC(C(=O)c3ccc(F)cc3)CC2)Cc2[nH]c3ccccc3c21,7.22
ZINC000013471721,O=C1C[C@H](CN2CCC(c3noc4cc(F)ccc34)CC2)Cc2[nH]c3ccccc3c21,6.35
ZINC000013491358,C[C@H]1C[C@@H](C)N1C(=O)[C@@H]1C=C2c3cccc4[nH]cc(c34)C[C@H]2N(C)C1,7.36
ZINC000013491359,C[C@@H]1C[C@@H](C)N1C(=O)[C@@H]1C=C2c3cccc4[nH]cc(c34)C[C@H]2N(C)C1,6.51
ZINC000013491360,C[C@H]1C[C@H](C)N1C(=O)[C@@H]1C=C2c3cccc4[nH]cc(c34)C[C@H]2N(C)C1,7.57
ZINC000013527315,C[C@H](N)Cc1cn(C)c2ccc3c(c12)CCCO3,7.96
ZINC000013537284,Cc1nc[nH]c1CN1CCc2c(c3ccccc3n2C)C1=O,7.19
ZINC000013557317,CN(C)[C@@H]1Cc2ccccc2[C@@H](c2ccccc2Cl)C1,6.52
ZINC000013557319,Cc1ccccc1[C@H]1C[C@H](N(C)C)Cc2ccccc21,6.1
ZINC000013557321,CN(C)[C@@H]1Cc2ccccc2[C@@H](c2ccc(Cl)cc2)C1,6.52
ZINC000013557324,CN(C)[C@@H]1Cc2ccccc2[C@@H](c2ccc(F)cc2)C1,6.4
ZINC000013559958,NC[C@@H]1C[C@@H]1c1ccccc1,7.07
ZINC000013740544,Cc1cc(NC(=O)Nc2ccc3sccc3c2)sn1,7.82
ZINC000013740545,Cc1cc(NC(=O)Nc2ccc3sccc3c2)on1,7.33
ZINC000013741971,Cn1ccc2c3c(ccc21)N(C(=O)Nc1cccnc1)CCC3,7.22
ZINC000013741972,Cn1ccc2cc3c(cc21)CCCN3C(=O)Nc1cccnc1,7.27
ZINC000013757085,C[C@H](N)Cc1c2c(c(Br)c3c1OCC3)OCC2,8.94
ZINC000013760584,CCn1ccc2cc3c(cc21)CCN3C(=O)Nc1cccnc1,8.0
ZINC000013760585,CCCn1ccc2cc3c(cc21)CCN3C(=O)Nc1cccnc1,8.1
ZINC000013760586,CC(C)n1ccc2cc3c(cc21)CCN3C(=O)Nc1cccnc1,8.2
ZINC000013760587,O=C(Nc1cccnc1)N1CCc2cc3c(ccn3Cc3ccccc3)cc21,6.7
ZINC000013760588,Cc1cc2cc3c(cc2n1C)CCN3C(=O)Nc1cccnc1,7.7
ZINC000013760590,CN1CCc2cc3c(cc21)CCN3C(=O)Nc1cccnc1,7.9
ZINC000013778246,COc1ccc(C2=NN3[C@@H](C2)c2cc(Br)ccc2OC32CCN(C)CC2)cc1OC,5.3
ZINC000013778248,COc1ccc(C2=NN3[C@H](C2)c2cc(Br)ccc2OC32CCN(C)CC2)cc1OC,5.3
ZINC000013782222,COc1cccc2[nH]cc([C@@H]3C[C@@H]3N)c12,7.19
ZINC000013782223,COc1cccc2[nH]cc([C@H]3C[C@@H]3N)c12,7.19
ZINC000013782224,COc1cccc2[nH]cc([C@@H]3C[C@H]3N)c12,7.19
ZINC000013782225,COc1cccc2[nH]cc([C@H]3C[C@H]3N)c12,7.19
ZINC000013782226,COc1ccc2[nH]cc([C@@H]3C[C@@H]3N)c2c1,7.42
ZINC000013782227,COc1ccc2[nH]cc([C@H]3C[C@@H]3N)c2c1,7.42
ZINC000013782228,COc1ccc2[nH]cc([C@@H]3C[C@H]3N)c2c1,7.42
ZINC000013782229,COc1ccc2[nH]cc([C@H]3C[C@H]3N)c2c1,7.42
ZINC000013782230,N[C@@H]1C[C@@H]1c1c[nH]c2ccc(F)cc12,8.24
ZINC000013782231,N[C@H]1C[C@@H]1c1c[nH]c2ccc(F)cc12,8.24
ZINC000013782232,N[C@@H]1C[C@H]1c1c[nH]c2ccc(F)cc12,8.24
ZINC000013782233,N[C@H]1C[C@H]1c1c[nH]c2ccc(F)cc12,8.24
ZINC000013782234,N[C@@H]1C[C@@H]1c1c[nH]c2ccccc12,7.23
ZINC000013782235,N[C@H]1C[C@H]1c1c[nH]c2ccccc12,7.23
ZINC000013782372,C[C@@H](N)Cc1c2ccoc2c(Br)c2ccoc12,9.72
ZINC000013782373,C[C@H](N)Cc1c2ccoc2c(Br)c2ccoc12,9.72
ZINC000013978821,C[C@H]1CNCCc2ccc(Cl)c(Cl)c21,5.74
ZINC000013983000,NC(N)=NC(=O)c1ccc2c(c1)[C@@H](O)c1ccccc1-2,8.74
ZINC000013983002,NC(N)=NC(=O)c1ccc2c(c1)[C@H](O)c1ccccc1-2,8.74
ZINC000014208605,C[C@H]1CNCCc2c(Cl)cc(Cl)cc21,6.08
ZINC000014211319,Clc1cccc(COc2cncc(N3CCNCC3)n2)c1,7.19
ZINC000019270192,COc1ccc(C[C@@H](C)N)cc1O,6.87
ZINC000019270194,COc1ccc(C[C@H](C)N)cc1O,6.87
ZINC000019367755,O=C(CCCN1CCN(CC[C@H]2CCc3ccccc3C2=O)CC1)c1ccc(F)cc1,6.8
ZINC000019498277,COc1ccc2[nH]c3c(c2c1)CCN[C@@H]3C,6.31
ZINC000019498278,COc1ccc2[nH]c3c(c2c1)CCN[C@H]3C,6.31
ZINC000020621755,CCOc1cc(N)c(Cl)cc1C(=O)NC[C@@H]1CN(Cc2ccc(F)cc2)CCO1,6.73
ZINC000020621758,CCOc1cc(N)c(Cl)cc1C(=O)NC[C@H]1CN(Cc2ccc(F)cc2)CCO1,6.73
ZINC000022011749,C[C@@H]1CNCCc2ccc(Cl)cc21,5.96
ZINC000022032888,O=C(CCCN1CCN(CC[C@@H]2CCc3sccc3C2=O)CC1)c1ccc(F)cc1,6.8
ZINC000022033040,O=C(CCCN1CCN(CC[C@@H]2CCc3ccccc3C2=O)CC1)c1ccc(F)cc1,6.8
ZINC000022033309,O=C(CCCN1CCN(CC[C@H]2Cc3ccccc3C2=O)CC1)c1ccc(F)cc1,7.5
ZINC000022033457,O=C(CCCN1CCN(CC[C@@H]2Cc3ccccc3C2=O)CC1)c1ccc(F)cc1,7.5
ZINC000022456852,O=C(CCCN1CCN(C[C@@H]2CC(=O)c3ccoc3C2)CC1)c1ccc(F)cc1,6.36
ZINC000022576260,O=C(CCCN1CCN(C[C@H]2CC(=O)c3ccoc3C2)CC1)c1ccc(F)cc1,6.36
ZINC000022925158,O=C(CCCN1CCN(CC[C@@H]2Cc3cc(F)ccc3C2=O)CC1)c1ccc(F)cc1,5.14
ZINC000022925163,O=C(CCCN1CCN(CC[C@H]2Cc3cc(F)ccc3C2=O)CC1)c1ccc(F)cc1,5.14
ZINC000022925178,O=C(CCCN1CCN(C[C@@H]2CC(=O)c3ccsc3C2)CC1)c1ccc(F)cc1,5.6
ZINC000022925183,O=C(CCCN1CCN(C[C@H]2CC(=O)c3ccsc3C2)CC1)c1ccc(F)cc1,5.6
ZINC000022925200,O=C(CCCCN1CCN(C[C@@H]2CC(=O)c3ccoc3C2)CC1)c1ccc(F)cc1,6.23
ZINC000022925203,O=C(CCCCN1CCN(C[C@H]2CC(=O)c3ccoc3C2)CC1)c1ccc(F)cc1,6.23
ZINC000025578484,CCCN1CCC2(CC1)Oc1ccc(Br)cc1[C@@H]1CC(c3ccc(F)cc3)=NN12,7.54
ZINC000025578490,CCCN1CCC2(CC1)Oc1ccc(Br)cc1[C@H]1CC(c3ccc(F)cc3)=NN12,7.54
ZINC000026672579,O=C(CCCN1CCN(CC[C@H]2CCc3sccc3C2=O)CC1)c1ccc(F)cc1,6.8
ZINC000026820423,CN(C)[C@H]1Cc2ccccc2[C@H](c2ccccc2Cl)C1,6.15
ZINC000026821395,CN(C)[C@H]1Cc2ccccc2[C@H](c2ccc(Cl)cc2)C1,7.1
ZINC000026821744,Cc1ccccc1[C@@H]1C[C@@H](N(C)C)Cc2ccccc21,5.22
ZINC000026827216,CN(C)[C@H]1Cc2ccccc2[C@H](c2ccc(F)cc2)C1,7.18
ZINC000027431636,C[C@H]1C[C@H](C)N1C(=O)[C@@H]1C=C2c3cccc4[nH]cc(c34)C[C@@H]2N(C)C1,7.57
ZINC000027431914,C[C@H]1C[C@@H](C)N1C(=O)[C@@H]1C=C2c3cccc4[nH]cc(c34)C[C@@H]2N(C)C1,7.36
ZINC000027442436,C[C@@H]1C[C@@H](C)N1C(=O)[C@@H]1C=C2c3cccc4[nH]cc(c34)C[C@@H]2N(C)C1,6.51
ZINC000027518978,NCC[C@@H]1CNc2ccccc21,5.68
ZINC000027518979,NCC[C@H]1CNc2ccccc21,5.68
ZINC000027518986,COc1ccc2c(c1)NC[C@@H]2CCN(C)C,7.08
ZINC000027518987,COc1ccc2c(c1)NC[C@H]2CCN(C)C,7.08
ZINC000027519125,COc1ccc2ccn(CCC(C)C)c2c1,7.68
ZINC000027519383,Cc1cccc2c1ccn2CCC(C)C,7.14
ZINC000027519385,Cc1ccc2ccn(CCC(C)C)c2c1,6.86
ZINC000027519387,COc1ccc2c(ccn2CCC(C)C)c1,6.87
ZINC000027519778,CC(C)CCn1ccc2ccccc21,6.98
ZINC000027520047,Cc1cccc2ccn(CCC(C)C)c12,7.32
ZINC000027555050,Cc1cn(C)c2cc3c(cc12)N(C(=O)Nc1ccccc1)CC3,8.2
ZINC000027558640,C[C@@H](CN)c1c[nH]c2ccccc12,7.06
ZINC000027558642,C[C@H](CN)c1c[nH]c2ccccc12,7.06
ZINC000027749178,CN(C)CCC1=CCc2ccccc21,5.68
ZINC000027750814,NCC[C@@H]1CCc2ccccc21,5.6
ZINC000027750824,NCC[C@H]1CCc2ccccc21,5.6
ZINC000027752647,COc1ccc2c(c1)[C@H](CCN(C)C)CN2,6.74
ZINC000027752656,COc1ccc2c(c1)[C@@H](CCN(C)C)CN2,6.74
ZINC000027754417,CNCC[C@@H]1CCc2ccccc21,5.66
ZINC000027754426,CNCC[C@H]1CCc2ccccc21,5.66
ZINC000027758224,CN(C)CC[C@@H]1CCc2ccccc21,5.34
ZINC000027758231,CN(C)CC[C@H]1CCc2ccccc21,5.34
ZINC000027759710,CN(C)CC[C@@H]1CNc2ccccc21,5.68
ZINC000028088875,COc1ccc(C[C@@H](C)N)c(O)c1,5.6
ZINC000028088879,COc1ccc(C[C@H](C)N)c(O)c1,5.6
ZINC000028088887,COc1ccc(O)c(C[C@@H](C)N(C)C)c1,6.78
ZINC000028088894,COc1ccc(O)c(C[C@H](C)N(C)C)c1,6.78
ZINC000028097407,COc1ccc(O)c(CCN(C)C)c1,6.84
ZINC000028097832,COc1ccc(O)c(CCN)c1,7.1
ZINC000028097838,COc1ccc(O)c(C[C@@H](C)N)c1,7.0
ZINC000028097843,COc1ccc(O)c(C[C@H](C)N)c1,7.0
ZINC000028098707,COc1ccc(OCc2ccccc2)c(CCN(C)C)c1,6.52
ZINC000028101291,COc1cc(C)c(O)cc1C[C@@H](C)N,7.91
ZINC000028101296,COc1cc(C)c(O)cc1C[C@H](C)N,7.91
ZINC000028101800,COc1cc(C[C@@H](C)N)c(O)cc1C,7.44
ZINC000028101806,COc1cc(C[C@H](C)N)c(O)cc1C,7.44
ZINC000028119135,COc1cc2c(cc1Br)CCNCC2,6.4
ZINC000028119623,COc1cc2c(cc1I)[C@H](C)CNCC2,7.19
ZINC000028119629,COc1cc2c(cc1I)[C@@H](C)CNCC2,7.19
ZINC000028119634,COc1cc2c(cc1C(F)(F)F)[C@H](C)CNCC2,6.89
ZINC000028119641,COc1cc2c(cc1C(F)(F)F)[C@@H](C)CNCC2,6.89
ZINC000028124075,C[C@@H]1CNCCc2ccc(Br)cc21,5.82
ZINC000028124081,C[C@H]1CNCCc2ccc(Br)cc21,5.82
ZINC000028127765,C[C@@H]1CNCCc2ccc(C(F)(F)F)cc21,6.42
ZINC000028127770,C[C@H]1CNCCc2ccc(C(F)(F)F)cc21,6.42
ZINC000028128482,C[C@@H]1CNCCc2cc(O)c(Br)cc21,6.72
ZINC000028128489,C[C@H]1CNCCc2cc(O)c(Br)cc21,6.72
ZINC000028128496,CCOc1cc2c(cc1Br)[C@H](C)CNCC2,6.74
ZINC000028128502,CCOc1cc2c(cc1Br)[C@@H](C)CNCC2,6.74
ZINC000028128508,CC(C)Oc1cc2c(cc1Br)[C@H](C)CNCC2,6.64
ZINC000028128516,CC(C)Oc1cc2c(cc1Br)[C@@H](C)CNCC2,6.64
ZINC000028128561,CC[C@@H]1CNCCc2cc(OC)c(Br)cc21,7.4
ZINC000028128567,CC[C@H]1CNCCc2cc(OC)c(Br)cc21,7.4
ZINC000028130743,C[C@@H]1CNCCc2cc(F)c(Cl)cc21,6.44
ZINC000028130749,C[C@H]1CNCCc2cc(F)c(Cl)cc21,6.44
ZINC000028131044,COc1cc2c(cc1Br)[C@H](C(C)C)CNCC2,6.0
ZINC000028131051,COc1cc2c(cc1Br)[C@@H](C(C)C)CNCC2,6.0
ZINC000028131104,COc1ccc2c(c1)[C@H](C)CNCC2,6.11
ZINC000028131111,COc1ccc2c(c1)[C@@H](C)CNCC2,6.11
ZINC000028132105,C[C@@H]1CNCCc2cc(Cl)c(Cl)cc21,7.11
ZINC000028132112,C[C@H]1CNCCc2cc(Cl)c(Cl)cc21,7.11
ZINC000028132887,COc1cc2c(cc1Br)[C@H](C)CNCC2,7.52
ZINC000028132893,COc1cc2c(cc1Br)[C@@H](C)CNCC2,7.0
ZINC000028135147,C[C@@H]1CNCCc2cc(Cl)ccc21,6.28
ZINC000028135154,C[C@H]1CNCCc2cc(Cl)ccc21,6.28
ZINC000028136027,COc1cc2c(cc1Cl)[C@@H](C)CNCC2,6.85
ZINC000028136570,Clc1ccc2c(c1)CCNCC2,6.0
ZINC000028370502,Cc1cc(N2CCN(C)CC2)nc2ccc(NC(=O)COc3ccc(C(F)(F)F)cc3)cc12,6.35
ZINC000028376420,Cc1cc(NC(C)C)nc2ccc(NC(=O)COc3ccc(C(F)(F)F)cc3)cc12,6.4
ZINC000028376737,Cc1cc(N2CCN(C)CC2)nc2ccc(NC(=O)COc3cccc(Cl)c3Cl)cc12,6.7
ZINC000028380898,Cc1cc(N2CCN(C)CC2)nc2ccc(NC(=O)COc3ccc(Cl)cc3)cc12,6.46
ZINC000028526233,C[C@@H](Cc1c[nH]c2cccc(O)c12)N(C)C,6.13
ZINC000028526234,C[C@H](Cc1c[nH]c2cccc(O)c12)N(C)C,6.13
ZINC000028572307,Clc1ccc2c(n1)N1CCNC[C@H]1C2,6.66
ZINC000028572308,Clc1ccc2c(n1)N1CCNC[C@@H]1C2,6.66
ZINC000028604327,O=C1c2c(F)cccc2[C@@H]2CNCCN12,5.43
ZINC000028604328,O=C1c2c(F)cccc2[C@H]2CNCCN12,5.43
ZINC000028604329,O=C1c2c(Cl)cccc2[C@@H]2CNCCN12,6.51
ZINC000028821719,COCCOCc1c2c(c(C[C@@H](C)N)c3c1OCC3)OCC2,8.24
ZINC000028821721,C[C@@H](N)Cc1c2c(c(COCC(=O)Oc3ccccc3)c3c1OCC3)OCC2,7.23
ZINC000028821728,Cc1noc(Cc2c3c(c(C[C@@H](C)N)c4c2OCC4)OCC3)n1,6.89
ZINC000028821730,Cc1noc(Cc2c3ccoc3c(C[C@@H](C)N)c3ccoc23)n1,7.64
ZINC000028821734,C[C@@H](N)[C@H](O)c1c2c(c(Br)c3c1OCC3)OCC2,8.21
ZINC000028826835,C[C@@H](C(=O)N1c2ccccc2Sc2ccccc21)c1ccccc1,6.77
ZINC000028826836,C[C@H](C(=O)N1c2ccccc2Sc2ccccc21)c1ccccc1,6.77
ZINC000029126503,CC[C@@H](C)c1nc2c(c(-c3ccc(F)cc3)n1)CNCC2,5.65
ZINC000029126504,CC[C@H](C)c1nc2c(c(-c3ccc(F)cc3)n1)CNCC2,5.65
ZINC000029128986,COc1c(OCCF)cccc1[C@@H](O)C1CCN(CCc2ccc(F)cc2)CC1,6.52
ZINC000029131439,N=C1NCc2cc(Cl)ccc2N1,6.25
ZINC000029210629,COc1cc(N)c(Cl)cc1C(=O)N[C@@H]1CCN(CCCOc2ccc(F)cc2)C[C@H]1OC,7.15
ZINC000029480843,NC[C@H]1C[C@@H]1c1ccccc1,7.43
ZINC000029480846,NC[C@@H]1C[C@H]1c1ccccc1,7.07
ZINC000029480849,NC[C@H]1C[C@H]1c1ccccc1,7.07
ZINC000033954984,CNC1=NC(=O)/C(=C\c2c[nH]c3ccccc23)N1C,6.15
ZINC000034215717,CN1C(=N)N=C(O)/C1=C\c1c[nH]c2ccccc12,6.02
ZINC000034428892,O=C1c2c(O)cccc2[C@H]2CNCCN12,5.43
ZINC000034428893,O=C1c2c(O)cccc2[C@@H]2CNCCN12,5.43
ZINC000034445634,N#Cc1cccc2c1C(=O)N1CCNC[C@@H]21,5.41
ZINC000034445637,N#Cc1cccc2c1C(=O)N1CCNC[C@H]21,5.41
ZINC000034535385,CSc1cccc2c1C(=O)N1CCNC[C@@H]21,7.08
ZINC000034563575,O=C1c2c(OC(F)(F)F)cccc2[C@H]2CNCCN12,6.3
ZINC000034563577,O=C1c2c(OC(F)(F)F)cccc2[C@@H]2CNCCN12,6.3
ZINC000034605038,Cc1cccc2c1C(=O)N[C@H]1CNC[C@H]21,7.64
ZINC000034638976,Cc1cccc2c1C(=O)N[C@@H]1CCNCCN21,8.0
ZINC000034639577,CCc1cc(Cl)c2c(c1)[C@H]1CNC[C@@H]1NC2=O,6.04
ZINC000034657159,O=C1N[C@H]2CNCCN2c2cccc(C(F)(F)F)c21,7.89
ZINC000034837617,CCN(CC)C(=O)[C@@H]1C=C2c3cccc4[nH]cc(c34)C[C@H]2N(C(=O)Nc2ccccc2)C1,5.61
ZINC000034893372,NC[C@H]1C[C@@H]1c1ccc(Br)cc1,5.56
ZINC000034893375,NC[C@H]1C[C@@H]1c1cccc(Br)c1,6.85
ZINC000034893379,NC[C@H]1C[C@@H]1c1ccc(F)cc1,7.68
ZINC000034893489,NC[C@H]1C[C@H]1c1ccccc1Br,8.32
ZINC000034893490,NC[C@H]1C[C@@H]1c1ccccc1Br,8.32
ZINC000034893491,NC[C@@H]1C[C@H]1c1ccccc1Br,8.32
ZINC000034893492,NC[C@@H]1C[C@@H]1c1ccccc1Br,8.32
ZINC000034893518,NC[C@H]1C[C@@H]1c1c(F)cccc1F,5.48
ZINC000035000355,NCCC(=O)Nc1ccc2[nH]nc(S(=O)(=O)c3cccc4ccccc34)c2c1,6.46
ZINC000035270825,COc1cccc2c1C(=O)N1CCNC[C@H]21,6.72
ZINC000035270829,COc1cccc2c1C(=O)N1CCNC[C@@H]21,6.72
ZINC000035278957,O=S(=O)(c1cccc(Cl)c1)c1n[nH]c2ccc(NC3CCNCC3)cc12,6.81
ZINC000035278970,O=S(=O)(c1ccc2ccccc2c1)c1n[nH]c2ccc(NC3CCNCC3)cc12,6.17
ZINC000035279646,CC(C)c1ccc(S(=O)(=O)c2n[nH]c3ccc(NC4CCNCC4)cc23)cc1,5.75
ZINC000035285088,O=S(=O)(c1cccc2ccccc12)c1n[nH]c2ccc(NC3CCNCC3)cc12,6.17
ZINC000035285409,O=C(Nc1ccc2[nH]nc(S(=O)(=O)c3cccc4ccccc34)c2c1)C1CCNCC1,7.48
ZINC000035803648,Cc1ccc2c(c1)C(=O)N[C@@H]1CNCCN21,7.21
ZINC000035856082,CCc1cc(C)c2c(c1)[C@H]1CNC[C@@H]1NC2=O,6.73
ZINC000035875416,O=C1N[C@H]2CNC[C@H]2c2cccc(C(F)(F)F)c21,5.62
ZINC000035899859,CCc1cc2c(c(C(F)(F)F)c1)C(=O)N(C)[C@H]1CNC[C@H]21,6.85
ZINC000035904801,Cc1ccc2c(c1)N1CCNC[C@H]1NC2=O,6.55
ZINC000035905759,CN1C(=O)c2c(cccc2C(F)(F)F)[C@H]2CNC[C@@H]21,7.62
ZINC000035923955,O=C1N[C@H]2CNCCN2c2cccc(Cl)c21,7.74
ZINC000035929028,O=C1N[C@H]2CNC[C@@H]2c2ccc(Cl)c(Cl)c21,7.32
ZINC000035940245,Cc1cccc2c1C(=O)N[C@H]1CNCCN21,8.07
ZINC000035940246,Cc1cccc2c1C(=O)N[C@@H]1CNCCN21,8.07
ZINC000035940559,O=C1N[C@H]2CCNCCN2c2cccc(Cl)c21,7.64
ZINC000035963987,CCc1ccc(Cl)c2c1[C@H]1CNC[C@@H]1NC2=O,7.1
ZINC000035977251,C[C@]1(O)c2ccccc2-c2ccc(C(=O)NC(=N)N)cc21,8.37
ZINC000035977627,CO[C@@]1(C)c2ccccc2-c2ccc(C(=O)NC(=N)N)cc21,8.48
ZINC000035977629,CO[C@]1(C)c2ccccc2-c2ccc(C(=O)NC(=N)N)cc21,8.48
ZINC000035993959,O=C1N[C@H]2CNCCN2c2ccccc21,6.86
ZINC000035994213,O=C1N[C@H]2CNCCN2c2ccc(Cl)cc21,7.14
ZINC000035994701,Cc1cc(C(C)C)cc2c1C(=O)N[C@H]1CNC[C@H]21,6.27
ZINC000036093398,Cc1nc(N2CCCC2)nc2ccc(NC(=O)COc3ccc(Cl)cc3)cc12,5.72
ZINC000036270492,CC(C)Oc1cccc2c1C(=O)N1CCNC[C@H]21,6.08
ZINC000036270494,CC(C)Oc1cccc2c1C(=O)N1CCNC[C@@H]21,6.08
ZINC000036270498,O=C1c2ccccc2[C@@H]2CNCCN12,5.34
ZINC000036270500,O=C1c2ccccc2[C@H]2CNCCN12,5.34
ZINC000036270502,O=C1c2c(Cl)cccc2[C@H]2CNCCN12,6.51
ZINC000036270509,CSc1cccc2c1C(=O)N1CCNC[C@H]21,7.08
ZINC000036520309,Clc1ccccc1O[C@H]1CCc2ccc(N3CCNCC3)nc21,6.73
ZINC000036623815,O=C(c1ccc(-c2ccccc2)cc1)N1CCC(c2nc3ccccc3o2)CC1,5.82
ZINC000038147835,c1ccc(CCN2CCC3(CC2)Oc2ccccc2[C@@H]2CC(c4ccncc4)=NN23)cc1,7.8
ZINC000038147836,c1ccc(CCN2CCC3(CC2)Oc2ccccc2[C@H]2CC(c4ccncc4)=NN23)cc1,7.8
ZINC000038147837,CCCN1CCC2(CC1)Oc1ccc(Cl)cc1[C@@H]1CC(c3ccc(F)cc3)=NN12,7.49
ZINC000038147838,CCCN1CCC2(CC1)Oc1ccc(Cl)cc1[C@H]1CC(c3ccc(F)cc3)=NN12,7.49
ZINC000038147839,CCCN1CCC2(CC1)Oc1ccc(F)cc1[C@@H]1CC(c3ccc(F)cc3)=NN12,7.59
ZINC000038147840,CCCN1CCC2(CC1)Oc1ccc(F)cc1[C@H]1CC(c3ccc(F)cc3)=NN12,7.59
ZINC000038147841,CCCN1CCC2(CC1)Oc1ccc(C)cc1[C@@H]1CC(c3ccc(F)cc3)=NN12,6.94
ZINC000038147842,CCCN1CCC2(CC1)Oc1ccc(C)cc1[C@H]1CC(c3ccc(F)cc3)=NN12,6.94
ZINC000038147843,CC(C)CN1CCC2(CC1)Oc1ccccc1[C@@H]1CC(c3ccncc3)=NN12,7.68
ZINC000038147844,CC(C)CN1CCC2(CC1)Oc1ccccc1[C@H]1CC(c3ccncc3)=NN12,7.68
ZINC000038147845,CC1(C)Oc2ccccc2[C@@H]2CC(c3ccncc3)=NN21,5.3
ZINC000038147846,CC1(C)Oc2ccccc2[C@H]2CC(c3ccncc3)=NN21,5.3
ZINC000038149787,CN(C)CCN(C)c1nc2ccc(NC(=O)COc3ccc(C(F)(F)F)cc3)cc2n1C,5.82
ZINC000038157683,FC(F)(F)c1cccc([C@H]2CC[C@H]3CNC[C@@H]23)c1,6.73
ZINC000038157684,Fc1cccc(N2CC[C@H]3CNC[C@H]32)c1,6.97
ZINC000038157685,Clc1cccc(N2CC[C@H]3CNC[C@H]32)c1,7.23
ZINC000038157686,FC(F)(F)c1cccc(N2CC[C@H]3CNC[C@H]32)c1,7.19
ZINC000038157687,C[C@H]1C[C@H]2CNC[C@H]2N1c1nccc(C(F)(F)F)n1,6.82
ZINC000038157688,C[C@@H]1C[C@H]2CNC[C@H]2N1c1nccc(C(F)(F)F)n1,7.32
ZINC000038157689,FC(F)(F)c1ccnc(N2CC[C@@H]3CNC[C@@H]32)n1,6.49
ZINC000038157690,FC(F)(F)c1ccnc(N2CC[C@H]3CNC[C@H]32)n1,7.21
ZINC000038157691,FC(F)(F)c1ccnc(N2CC[C@H]3CNC[C@@H]32)n1,6.49
ZINC000038212827,O=C1N[C@@H]2CCNCCN2c2ccccc21,7.17
ZINC000038212935,Cc1ccc2c(c1)N1CCNCC[C@H]1NC2=O,7.39
ZINC000038213128,O=C1N[C@H]2CNCCCN2c2cccc(Cl)c21,6.13
ZINC000038213129,O=C1N[C@@H]2CNCCCN2c2cccc(Cl)c21,6.13
ZINC000038213382,Cc1cc(Cl)c2c(c1)[C@H]1CNC[C@@H]1NC2=O,6.32
ZINC000038213738,N=C(N)NC(=O)c1ccc2c(c1)[C@@H](O)c1c(Cl)cccc1-2,9.96
ZINC000038213739,N=C(N)NC(=O)c1ccc2c(c1)[C@H](O)c1c(Cl)cccc1-2,9.96
ZINC000038219545,O=C1N[C@H]2CNC[C@@H]2c2cccc(C(F)(F)F)c21,8.0
ZINC000038219547,O=C1N[C@@H]2CNC[C@H]2c2cccc(C(F)(F)F)c21,5.2
ZINC000038219644,CCCc1cc(Cl)c2c(c1)[C@H]1CNC[C@@H]1NC2=O,6.11
ZINC000038237102,CC[C@]1(OC)c2ccccc2-c2ccc(C(=O)NC(=N)N)cc21,8.32
ZINC000038237104,CC[C@@]1(OC)c2ccccc2-c2ccc(C(=O)NC(=N)N)cc21,8.32
ZINC000038247584,N=C(N)NC(=O)c1ccc2c(c1)C1(CC1)c1ccccc1-2,9.29
ZINC000038264983,C[C@@]1(O)c2ccccc2-c2ccc(C(=O)NC(=N)N)cc21,8.37
ZINC000038276567,Cc1ccc2c(c1)N1CCNC[C@@H]1NC2=O,6.55
ZINC000038603510,N=C1N=C(O)/C(=C\c2c[nH]c3ccc(Br)cc23)N1,7.29
ZINC000038813133,N=C1N=C(O)/C(=C\c2c[nH]c3ccccc23)N1,6.63
ZINC000040378957,O=S(=O)(c1ccc2c(c1)CCNCC2)c1ccccc1F,7.74
ZINC000040379371,Cc1ccc(Cl)c([C@H]2C[C@@H]2CN)c1F,6.94
ZINC000040379691,O=S(=O)(c1ccc2c(c1)CCNCC2)N1CCCCC1,7.47
ZINC000040402521,O=S(=O)(c1ccc(-c2ccccc2)cc1)N1CCC(Cc2ncc[nH]2)CC1,8.19
ZINC000040402848,COc1c(OCCF)cccc1[C@@H](O)C1CCN(CCc2ccc(C)cc2)CC1,6.33
ZINC000040402851,COc1c(OCCF)cccc1[C@H](O)C1CCN(CCc2ccc(C)cc2)CC1,6.33
ZINC000040403374,O=C(c1ccc(C2CCCCC2)cc1)N1CCC(c2nc3ccccc3[nH]2)CC1,7.51
ZINC000040403513,N#Cc1cc(CN2CCC(Nc3ncnc4sc(Cl)cc34)CC2)ccc1F,8.46
ZINC000040403803,O=C(c1ccc(-c2ccccc2)[nH]c1=O)N1CCC(c2nc3ccccc3[nH]2)CC1,7.66
ZINC000040405915,O=C(C1CCC(c2ccccc2)CC1)N1CCC(c2nc3ccccc3[nH]2)CC1,6.21
ZINC000040406866,Cn1c(C2CCN(C(=O)c3ccc(-c4ccccc4)cc3)CC2)nc2ccccc21,7.1
ZINC000040407884,O=C(c1ccc(-c2ccc(F)cc2)cc1)N1CCC(c2ncc[nH]2)CC1,8.96
ZINC000040408639,CCOc1nc(-c2ccccc2)ncc1C(=O)N1CCC(c2nc3ccccc3[nH]2)CC1,8.22
ZINC000040422418,O=S(=O)(Nc1ccccc1Cl)c1ccc2c(c1)CCNCC2,6.32
ZINC000040422692,O=S(=O)(NCc1ccccc1Cl)c1ccc2c(c1)CCNCC2,6.1
ZINC000040424285,NC[C@H]1C[C@@H]1c1ccc(Cl)cc1F,6.34
ZINC000040429901,O=S(=O)(c1ccc(F)cc1)c1ccc2c(c1)CCNCC2,7.82
ZINC000040429903,CCCNS(=O)(=O)c1ccc2c(c1)CCNCC2,6.71
ZINC000040430560,CN(c1ccccc1)S(=O)(=O)c1ccc2c(c1)CCNCC2,6.32
ZINC000040829566,Cc1cccc([C@H]2C[C@@H]2CN)c1,7.19
ZINC000040835717,C#Cc1cccc([C@H]2C[C@@H]2CN)c1,6.73
ZINC000040836371,NC[C@H]1C[C@@H]1c1ccc(F)cc1Cl,7.8
ZINC000040845066,Cc1ccccc1[C@H]1C[C@@H]1CN,7.28
ZINC000040845108,NC[C@H]1C[C@@H]1c1ccc(Cl)cc1Cl,7.08
ZINC000040845322,NC[C@H]1C[C@@H]1c1ccccc1F,7.16
ZINC000040848193,NC[C@H]1C[C@@H]1c1cccc(O)c1,8.26
ZINC000040891822,CCCN1CCC(COc2nc3scc(C)c3n3cccc23)CC1,6.55
ZINC000040897481,O=S(=O)(c1ccc(-c2ccccc2)cc1)N1CCC(Cc2nc3ccccc3[nH]2)CC1,5.96
ZINC000040897855,O=C(c1ccc(-c2ccccc2)cn1)N1CCC(c2nc3ccccc3[nH]2)CC1,7.92
ZINC000040898016,Cc1cc([C@H]2C[C@@H]2CN)ccc1F,8.31
ZINC000040898170,NC[C@H]1C[C@@H]1c1cccc(Cl)c1Cl,7.85
ZINC000040898183,O=C(c1ccc(N2CCCCC2)cc1)N1CCC(c2nc3ccccc3[nH]2)CC1,7.32
ZINC000040898186,O=C(c1ccc(N2CCOCC2)cc1)N1CCC(c2nc3ccccc3[nH]2)CC1,5.64
ZINC000040898450,O=C(c1ccc(-c2ccc(F)cc2)cc1)N1CCC(Cc2ncc[nH]2)CC1,9.7
ZINC000040898615,O=C(c1cnc(-c2ccccc2)nc1)N1CCC(c2nc3ccccc3[nH]2)CC1,8.6
ZINC000040898944,O=S(=O)(c1ccc(-c2ccccc2)cc1)N1CCC(c2nc3ccccc3[nH]2)CC1,8.72
ZINC000040899148,Cc1cccc(Cl)c1[C@H]1C[C@@H]1CN,8.15
ZINC000040900400,O=C(c1ccc(-c2ccccn2)cc1)N1CCC(c2nc3ccccc3[nH]2)CC1,7.82
ZINC000040900403,O=C(c1ccc(-c2ncccn2)cc1)N1CCC(c2nc3ccccc3[nH]2)CC1,6.92
ZINC000040900897,O=S(=O)(c1ccc(-c2ccc(F)cc2)cc1)N1CCC(c2ncc[nH]2)CC1,9.22
ZINC000040913333,NC[C@H]1C[C@@H]1c1ccccc1C#CCCCCO,6.69
ZINC000040913335,NC[C@H]1C[C@@H]1c1cccc(C#CCCCCO)c1,5.76
ZINC000040914071,COc1cc(-c2ccccc2)ccc1C(=O)N1CCC(c2nc3ccccc3[nH]2)CC1,8.4
ZINC000040914092,O=C(c1ccc(-c2ccc(OC(F)(F)F)cc2)cc1)N1CCC(c2nc3ccccc3[nH]2)CC1,7.02
ZINC000040914110,c1ccc(-c2ccc(CN3CCC(c4nc5ccccc5[nH]4)CC3)cc2)cc1,7.19
ZINC000040914379,O=C(c1ccc(-c2cccnc2)cc1)N1CCC(c2nc3ccccc3[nH]2)CC1,6.47
ZINC000040914414,O=C(c1ccc(-c2ccccc2)cc1)N1CCN(c2nc3ccccc3[nH]2)CC1,5.16
ZINC000040914743,O=C(c1ccc(-c2ccccc2)cc1)N1CC(c2nc3ccccc3[nH]2)C1,6.82
ZINC000040914912,O=C(c1ccc(-c2ccccc2)cc1)N1CCC(Cc2ncc[nH]2)CC1,9.4
ZINC000040915252,O=C(c1ccc(-c2ccccc2)cc1)N1CCC(Cc2nc3ccccc3[nH]2)CC1,8.64
ZINC000040915254,O=S(=O)(c1ccc(-c2ccccc2)cc1)N1CCC(c2ncc[nH]2)CC1,9.52
ZINC000040915509,O=C(c1ccc(-c2ccccc2)cc1)N1CCC(c2ncc[nH]2)CC1,8.62
ZINC000040917128,Cc1ccc([C@H]2C[C@@H]2CN)c(Br)c1,6.94
ZINC000040917130,Cc1cccc([C@H]2C[C@@H]2CN)c1C,8.08
ZINC000040917131,Cc1ccc([C@H]2C[C@@H]2CN)cc1C,7.92
ZINC000040917473,COc1c(OCCF)cccc1[C@H](O)C1CCN(CCc2ccc([N+](=O)[O-])cc2)CC1,5.73
ZINC000040917475,COc1c(OCCF)cccc1[C@@H](O)C1CCN(CCc2ccc([N+](=O)[O-])cc2)CC1,5.73
ZINC000040918718,COc1ccc(-c2ccc(C(=O)N3CCC(c4nc5ccccc5[nH]4)CC3)cc2)cc1,8.47
ZINC000040937384,O=C(Nc1ccc2cnn(S(=O)(=O)c3cccc4ccccc34)c2c1)[C@H]1CCCNC1,6.76
ZINC000040938589,O=C(Nc1ccc2cnn(S(=O)(=O)c3cccc4ccccc34)c2c1)[C@@H]1CCCNC1,6.76
ZINC000040950248,NC[C@H]1C[C@@H]1c1ccc(Cl)cc1,6.39
ZINC000040950367,COc1ccc(CCN2CCC([C@H](O)c3cccc(OCCF)c3OC)CC2)cc1,5.56
ZINC000040950369,COc1ccc(CCN2CCC([C@@H](O)c3cccc(OCCF)c3OC)CC2)cc1,5.56
ZINC000040951205,NC[C@H]1C[C@@H]1c1cccc(F)c1F,6.44
ZINC000040951679,O=S(=O)(c1ccccc1)c1ccc2c(c1)CCNCC2,7.74
ZINC000040951681,NC[C@H]1C[C@@H]1c1ccc(F)cc1F,6.38
ZINC000040951683,NC[C@H]1C[C@@H]1c1ccc(F)c(F)c1,7.55
ZINC000040952546,O=S(=O)(c1cccc(F)c1)c1ccc2c(c1)CCNCC2,7.48
ZINC000040952608,CN(CC1CC1)S(=O)(=O)c1ccc2c(c1)CCNCC2,7.77
ZINC000040952610,O=S(=O)(c1ccc2c(c1)CCNCC2)N1CCCC1,6.45
ZINC000040953137,NC[C@H]1C[C@@H]1c1ccccc1C(F)(F)F,6.46
ZINC000040953743,NC[C@H]1C[C@@H]1c1cccc(F)c1,8.44
ZINC000040954086,O=S(=O)(Nc1ccccc1)c1ccc2c(c1)CCNCC2,7.16
ZINC000040954917,Cc1ccc([C@H]2C[C@@H]2CN)cc1,7.43
ZINC000040955391,CN(C)S(=O)(=O)c1ccc2c(c1)CCNCC2,6.9
ZINC000040956877,NC[C@H]1C[C@@H]1c1cccc(C(F)(F)F)c1,7.11
ZINC000040956995,NC[C@H]1C[C@@H]1c1cccc(Cl)c1,7.23
ZINC000040957826,COc1cccc([C@H]2C[C@@H]2CN)c1,7.12
ZINC000040972253,O=S(=O)(Nc1ccccc1F)c1ccc2c(c1)CCNCC2,7.12
ZINC000040979285,NC[C@H]1C[C@@H]1c1ccccc1O,6.31
ZINC000040979743,NC[C@H]1C[C@@H]1c1ccccc1Cl,7.49
ZINC000040980552,COc1ccccc1[C@H]1C[C@@H]1CN,6.7
ZINC000040980555,O=S(=O)(NCC1CC1)c1ccc2c(c1)CCNCC2,6.99
ZINC000041205272,CCOc1ccccc1[C@H]1C[C@@H]1CN,6.48
ZINC000043198170,c1ccc(Cc2nc3c(c(N4CCOCC4)n2)CCNCC3)cc1,6.61
ZINC000043198175,CNc1nc(Cc2ccccc2)nc2c1CCNC[C@@H]2C,7.17
ZINC000043202519,CN(C)[C@@H]1CC[C@]2(Cc3ccccc3Cc3ccccc32)C1,7.8
ZINC000043202520,CN(C)[C@H]1CC[C@]2(Cc3ccccc3Cc3ccccc32)C1,7.8
ZINC000043202659,O=C(O)[C@]12C[C@H]1CN([C@H]1CC[C@]3(Cc4ccccc4Cc4ccccc43)C1)C2,6.4
ZINC000043202661,O=C(O)[C@]12C[C@H]1CN([C@@H]1CC[C@]3(Cc4ccccc4Cc4ccccc43)C1)C2,6.4
ZINC000043208721,CC(C)c1cccc(-c2c(-c3ccc4nn(C)cc4c3)nsc2NC(=O)[C@@H]2C[C@H]2C)n1,5.5
ZINC000044430333,NC[C@H]1C[C@@H]1c1ccc2ccccc2c1,6.29
ZINC000045167172,O=c1cc2c(nn1Cc1ccccc1)CCNCC2,6.45
ZINC000045244870,O=c1[nH]c2cccc(OCC3CCN(C[C@@H]4CCc5[nH]c6ccc(F)cc6c5C4)CC3)c2o1,6.96
ZINC000045244871,O=c1[nH]c2cccc(OCC3CCN(C[C@H]4CCc5[nH]c6ccc(F)cc6c5C4)CC3)c2o1,6.96
ZINC000045245344,O=c1[nH]c2cccc(N3C[C@H]4C[C@@H]3CN4C[C@@H]3CCc4[nH]c5ccc(F)cc5c4C3)c2o1,6.78
ZINC000045253083,O=C1Cc2c(ccc3c2OC[C@H](CNCCC[C@@H]2CCc4c([nH]c5ccc(F)cc45)C2)O3)N1,6.4
ZINC000045253085,O=C1Cc2c(ccc3c2OC[C@H](CNCCC[C@H]2CCc4c([nH]c5ccc(F)cc45)C2)O3)N1,6.4
ZINC000045255093,O=c1[nH]c2cccc(N3CCN(C[C@@H]4CCc5[nH]c6ccc(F)cc6c5C4)CC3)c2o1,6.17
ZINC000045255095,O=c1[nH]c2cccc(N3CCN(C[C@H]4CCc5[nH]c6ccc(F)cc6c5C4)CC3)c2o1,6.17
ZINC000045257969,O=C1Cc2c(ccc3c2OC[C@H](CNC[C@H]2CCc4[nH]c5ccc(F)cc5c4C2)O3)N1,8.22
ZINC000045257974,O=C1Cc2c(ccc3c2OC[C@H](CNC[C@@H]2CCc4[nH]c5ccc(F)cc5c4C2)O3)N1,8.22
ZINC000045261255,O=c1cc2c(nn1Cc1ccc(C3CC3)cc1)CCNCC2,7.08
ZINC000045284986,Clc1ccccc1CCOc1cncc(N2CCNCC2)n1,6.73
ZINC000045288125,C[C@@H](COc1ccccc1Cl)n1nc(N2CCNCC2)ccc1=O,6.3
ZINC000045290646,c1ccc(COc2n[nH]c3c2CCNCC3)cc1,6.45
ZINC000045298415,O=c1cc2c(nn1Cc1cccc(Cl)c1)CCNCC2,7.09
ZINC000045300083,O=c1cc2c(nn1Cc1ccc(C(F)(F)F)cc1)CCNCC2,6.33
ZINC000045300944,O=c1cc2c(nn1Cc1ccccc1OC(F)(F)F)CCNCC2,6.85
ZINC000045320021,O=c1cc2c(nn1Cc1ccc(Cl)cc1)CCNCC2,6.57
ZINC000045320393,O=c1cc2c(nn1Cc1ccccc1Cl)CCNCC2,7.03
ZINC000045336371,O=C1N[C@@H]2CNCCN2c2ccc(Cl)cc21,7.14
ZINC000045336668,O=C1N[C@@H]2CCNCCN2c2cccc(Cl)c21,7.64
ZINC000045337990,O=C1N[C@H]2CCNCCN2c2ccccc21,7.17
ZINC000045338195,O=C1N[C@@H]2CNCCN2c2ccccc21,6.86
ZINC000045338205,Cc1cccc2c1N1CCNC[C@@H]1NC2=O,5.62
ZINC000045338207,Cc1cccc2c1N1CCNC[C@H]1NC2=O,5.62
ZINC000045338209,O=C1N[C@@H]2CNCCN2c2cccc(C(F)(F)F)c21,7.89
ZINC000045338747,Cc1cccc2c1C(=O)N[C@H]1CCNCCN21,8.0
ZINC000045338915,Cc1ccc2c(c1)C(=O)N[C@H]1CNCCN21,7.21
ZINC000045339406,Cc1ccc2c(c1)N1CCNCC[C@@H]1NC2=O,7.39
ZINC000045339991,Clc1ccccc1O[C@H]1CCCc2ccc(N3CCNCC3)nc21,6.4
ZINC000045339993,Clc1ccccc1O[C@@H]1CCc2ccc(N3CCNCC3)nc21,6.73
ZINC000045350099,CN(C)Cc1nc(-c2ccc(C(C)(C)C)cc2)n(-c2cccc(O)c2)n1,5.11
ZINC000045354596,Clc1ccccc1O[C@@H]1CCCc2ccc(N3CCNCC3)nc21,6.0
ZINC000045384164,O=C1N[C@@H]2CNCCN2c2cccc(Cl)c21,7.74
ZINC000049072715,CSc1nn2c(C)c3c(nc2c1S(=O)(=O)c1ccccc1)CCCC3,6.9
ZINC000049073334,CSc1nn2c3c(cnc2c1S(=O)(=O)c1ccccc1)CCC3,6.93
ZINC000049073336,CSc1nn2c3c(cnc2c1S(=O)(=O)c1ccccc1)CCCC3,6.39
ZINC000049112710,COc1cc(OCC2CCCCC2)c(F)cc1CNC(=O)[C@@H]1CCCN1,5.4
ZINC000049113924,CSc1nn2c3c(c(C)nc2c1S(=O)(=O)c1ccccc1)CCCC3,6.79
ZINC000052541473,COc1ccccc1N1CCN(CCN(C(=O)C2CCCCC2)c2ccccn2)CC1,7.62
ZINC000053296518,CN1C(=N)N=C(O)/C1=C\c1c[nH]c2ccc(Br)cc12,6.07
ZINC000058534605,COc1ccc(OC)c([C@@H]2CCN(Cc3cnn(-c4ccccc4F)c3C)C2)c1,6.74
ZINC000058576473,CCCNC(=O)N1OC[C@@H]2COc3ccccc3[C@H]21,5.18
ZINC000058582058,C[C@H]1CN(C2=Cc3ccccc3Cn3ccnc32)C[C@H](C)N1CCC(=O)O,6.2
ZINC000058582260,O=C(NC1CCCCC1)N1OC[C@H]2CSc3ccc(F)cc3[C@@H]21,8.4
ZINC000058582337,Cc1ccccc1NC(=O)N1OC[C@H]2COc3ccccc3[C@@H]21,5.4
ZINC000058583176,O=C(Nc1ccccc1)N1OC[C@H]2CSc3ccc(F)cc3[C@@H]21,6.65
ZINC000058583477,CCCNC(=O)N1OC[C@@H]2CSc3ccc(F)cc3[C@H]21,6.42
ZINC000058583928,CC(C)NC(=O)N1OC[C@@H]2CSc3ccc(F)cc3[C@H]21,6.24
ZINC000058590970,O=C(NC1CCCCC1)N1OC[C@H]2COc3ccccc3[C@@H]21,5.75
ZINC000058590981,CCCCNC(=O)N1OC[C@@H]2CSc3ccc(F)cc3[C@H]21,6.31
ZINC000058592652,O=C(Nc1ccccc1)N1OC[C@H]2COc3ccccc3[C@@H]21,5.79
ZINC000059817342,NC(N)=NC(=O)c1ccc2c(c1)[C@H](N)c1ccccc1-2,7.74
ZINC000059817345,NC(N)=NC(=O)c1ccc2c(c1)[C@@H](N)c1ccccc1-2,7.74
ZINC000062224408,COc1ccc(OC)c([C@H]2CCN(Cc3cnn(-c4ccccc4F)c3C)C2)c1,6.74
ZINC000062225384,O=C(Nc1ccccc1)N1OC[C@H]2CSc3ccc(F)cc3[C@H]21,6.65
ZINC000062225387,O=C(Nc1ccccc1)N1OC[C@@H]2CSc3ccc(F)cc3[C@H]21,6.65
ZINC000062225389,O=C(Nc1ccccc1)N1OC[C@@H]2CSc3ccc(F)cc3[C@@H]21,6.65
ZINC000062225391,CC(C)NC(=O)N1OC[C@H]2CSc3ccc(F)cc3[C@H]21,6.24
ZINC000062225394,CC(C)NC(=O)N1OC[C@H]2CSc3ccc(F)cc3[C@@H]21,6.24
ZINC000062225398,CC(C)NC(=O)N1OC[C@@H]2CSc3ccc(F)cc3[C@@H]21,6.24
ZINC000062225404,CCCNC(=O)N1OC[C@H]2CSc3ccc(F)cc3[C@H]21,6.42
ZINC000062225405,CCCNC(=O)N1OC[C@H]2CSc3ccc(F)cc3[C@@H]21,6.42
ZINC000062225409,CCCNC(=O)N1OC[C@@H]2CSc3ccc(F)cc3[C@@H]21,6.42
ZINC000062225411,O=C(NC1CCCCC1)N1OC[C@H]2CSc3ccc(F)cc3[C@H]21,8.4
ZINC000062225416,O=C(NC1CCCCC1)N1OC[C@@H]2CSc3ccc(F)cc3[C@H]21,8.4
ZINC000062225420,O=C(NC1CCCCC1)N1OC[C@@H]2CSc3ccc(F)cc3[C@@H]21,8.4
ZINC000062225426,CCCCNC(=O)N1OC[C@H]2CSc3ccc(F)cc3[C@H]21,6.31
ZINC000062225429,CCCCNC(=O)N1OC[C@H]2CSc3ccc(F)cc3[C@@H]21,6.31
ZINC000062225430,CCCCNC(=O)N1OC[C@@H]2CSc3ccc(F)cc3[C@@H]21,6.31
ZINC000062225431,O=C(Nc1ccccc1)N1OC[C@H]2COc3ccccc3[C@H]21,5.79
ZINC000062225433,O=C(Nc1ccccc1)N1OC[C@@H]2COc3ccccc3[C@H]21,5.79
ZINC000062225435,O=C(Nc1ccccc1)N1OC[C@@H]2COc3ccccc3[C@@H]21,5.79
ZINC000062225443,CCCNC(=O)N1OC[C@H]2COc3ccccc3[C@H]21,5.18
ZINC000062225445,CCCNC(=O)N1OC[C@H]2COc3ccccc3[C@@H]21,5.18
ZINC000062225446,CCCNC(=O)N1OC[C@@H]2COc3ccccc3[C@@H]21,5.18
ZINC000062225449,O=C(NC1CCCCC1)N1OC[C@@H]2COc3ccccc3[C@H]21,5.75
ZINC000062225452,O=C(NC1CCCCC1)N1OC[C@@H]2COc3ccccc3[C@@H]21,5.75
ZINC000062225456,O=C(NC1CCCCC1)N1OC[C@H]2COc3ccccc3[C@H]21,5.75
ZINC000062225476,Cc1ccccc1NC(=O)N1OC[C@H]2COc3ccccc3[C@H]21,5.4
ZINC000062225480,Cc1ccccc1NC(=O)N1OC[C@@H]2COc3ccccc3[C@H]21,5.4
ZINC000062225485,Cc1ccccc1NC(=O)N1OC[C@@H]2COc3ccccc3[C@@H]21,5.4
ZINC000064373493,C[C@H]1CN(C2=Cc3ccccc3Cn3ccnc32)C[C@@H](C)N1CCC(=O)O,6.2
ZINC000064373494,C[C@@H]1CN(C2=Cc3ccccc3Cn3ccnc32)C[C@@H](C)N1CCC(=O)O,6.2
ZINC000064436490,O=C(O)CC1CN([C@H]2CC[C@@]3(Cc4ccccc4Cc4ccccc43)C2)C1,7.4
ZINC000064436492,O=C(O)CC1CN([C@H]2CC[C@]3(Cc4ccccc4Cc4ccccc43)C2)C1,7.4
ZINC000064436494,O=C(O)CC1CN([C@@H]2CC[C@@]3(Cc4ccccc4Cc4ccccc43)C2)C1,7.4
ZINC000064436496,O=C(O)CC1CN([C@@H]2CC[C@]3(Cc4ccccc4Cc4ccccc43)C2)C1,7.4
ZINC000064436498,O=C(O)C=C1CN([C@H]2CC[C@@]3(Cc4ccccc4Cc4ccccc43)C2)C1,6.6
ZINC000064436500,O=C(O)C=C1CN([C@H]2CC[C@]3(Cc4ccccc4Cc4ccccc43)C2)C1,6.6
ZINC000064436501,O=C(O)C=C1CN([C@@H]2CC[C@@]3(Cc4ccccc4Cc4ccccc43)C2)C1,6.6
ZINC000064436503,O=C(O)C=C1CN([C@@H]2CC[C@]3(Cc4ccccc4Cc4ccccc43)C2)C1,6.6
ZINC000064436534,O=C(O)C[C@H]1CCN([C@H]2CC[C@]3(Cc4ccccc4Cc4ccccc43)C2)C1,6.0
ZINC000064436536,O=C(O)C[C@H]1CCN([C@@H]2CC[C@]3(Cc4ccccc4Cc4ccccc43)C2)C1,6.0
ZINC000064446477,O=C(O)C1CN([C@H]2CC[C@]3(Cc4ccccc4Cc4ccccc43)C2)C1,7.1
ZINC000064446479,O=C(O)C1CN([C@@H]2CC[C@]3(Cc4ccccc4Cc4ccccc43)C2)C1,7.1
ZINC000064446633,O=C(O)C1CCN([C@H]2CC[C@@]3(Cc4ccccc4Oc4ccccc43)C2)CC1,5.8
ZINC000064446634,O=C(O)C1CCN([C@H]2CC[C@]3(Cc4ccccc4Oc4ccccc43)C2)CC1,5.8
ZINC000064446637,O=C(O)C1CCN([C@@H]2CC[C@@]3(Cc4ccccc4Oc4ccccc43)C2)CC1,5.8
ZINC000064446638,O=C(O)C1CCN([C@@H]2CC[C@]3(Cc4ccccc4Oc4ccccc43)C2)CC1,5.8
ZINC000064447025,O=C(O)[C@H]1CCN([C@H]2CC[C@]3(Cc4ccccc4Cc4ccccc43)C2)C1,7.0
ZINC000064447026,O=C(O)[C@H]1CCN([C@@H]2CC[C@]3(Cc4ccccc4Cc4ccccc43)C2)C1,7.0
ZINC000064447275,O=C(O)[C@@H]1CN([C@H]2CC[C@]3(Cc4ccccc4Cc4ccccc43)C2)CCN1,5.9
ZINC000064447276,O=C(O)[C@@H]1CN([C@@H]2CC[C@]3(Cc4ccccc4Cc4ccccc43)C2)CCN1,5.9
ZINC000064448139,O=C(O)C1(O)CCN([C@H]2CC[C@@]3(Cc4ccccc4Cc4ccccc43)C2)CC1,6.6
ZINC000064448141,O=C(O)C1(O)CCN([C@H]2CC[C@]3(Cc4ccccc4Cc4ccccc43)C2)CC1,6.6
ZINC000064448142,O=C(O)C1(O)CCN([C@@H]2CC[C@@]3(Cc4ccccc4Cc4ccccc43)C2)CC1,6.6
ZINC000064448144,O=C(O)C1(O)CCN([C@@H]2CC[C@]3(Cc4ccccc4Cc4ccccc43)C2)CC1,6.6
ZINC000064448818,O=C(O)C1CN([C@H]2CC[C@@]3(Cc4ccccc4Oc4ccccc43)C2)C1,6.1
ZINC000064448819,O=C(O)C1CN([C@H]2CC[C@]3(Cc4ccccc4Oc4ccccc43)C2)C1,6.1
ZINC000064448820,O=C(O)C1CN([C@@H]2CC[C@@]3(Cc4ccccc4Oc4ccccc43)C2)C1,6.1
ZINC000064448821,O=C(O)C1CN([C@@H]2CC[C@]3(Cc4ccccc4Oc4ccccc43)C2)C1,6.1
ZINC000064448825,O=C(O)[C@@H]1CCCN([C@H]2CC[C@]3(Cc4ccccc4Cc4ccccc43)C2)C1,5.9
ZINC000064448826,O=C(O)[C@@H]1CCCN([C@@H]2CC[C@]3(Cc4ccccc4Cc4ccccc43)C2)C1,5.9
ZINC000064448979,C[C@]1(C(=O)O)CCN([C@@H]2CC[C@]3(Cc4ccccc4Cc4ccccc43)C2)C1,8.0
ZINC000064448981,C[C@@]1(C(=O)O)CCN([C@@H]2CC[C@]3(Cc4ccccc4Cc4ccccc43)C2)C1,8.0
ZINC000064454008,CC1(C(=O)O)CCN([C@@H]2CC[C@]3(Cc4ccccc4Cc4ccccc43)C2)CC1,8.5
ZINC000064454009,CC1(C(=O)O)CCN([C@H]2CC[C@]3(Cc4ccccc4Cc4ccccc43)C2)CC1,8.5
ZINC000064454011,CC1(C(=O)O)CCN([C@@H]2CC[C@@]3(Cc4ccccc4Cc4ccccc43)C2)CC1,8.5
ZINC000064454012,CC1(C(=O)O)CCN([C@H]2CC[C@@]3(Cc4ccccc4Cc4ccccc43)C2)CC1,8.5
ZINC000064454014,O=C(O)C1CCN([C@H]2CC[C@]3(Cc4ccccc4Cc4ccccc43)C2)CC1,6.8
ZINC000064454016,O=C(O)C1CCN([C@@H]2CC[C@]3(Cc4ccccc4Cc4ccccc43)C2)CC1,6.8
ZINC000064454020,O=C(O)CC1CCN([C@H]2CC[C@@]3(Cc4ccccc4Cc4ccccc43)C2)CC1,6.0
ZINC000064454022,O=C(O)CC1CCN([C@H]2CC[C@]3(Cc4ccccc4Cc4ccccc43)C2)CC1,6.0
ZINC000064454024,O=C(O)CC1CCN([C@@H]2CC[C@@]3(Cc4ccccc4Cc4ccccc43)C2)CC1,6.0
ZINC000064454027,O=C(O)CC1CCN([C@@H]2CC[C@]3(Cc4ccccc4Cc4ccccc43)C2)CC1,6.0
ZINC000064454117,COC(=O)C1=CCCN([C@@H]2CC[C@]3(Cc4ccccc4Cc4ccccc43)C2)C1,5.9
ZINC000064454118,COC(=O)C1=CCCN([C@H]2CC[C@]3(Cc4ccccc4Cc4ccccc43)C2)C1,5.9
ZINC000065731066,Cc1cc([N+](=O)[O-])c(N2CCN(Cc3ccccc3)CC2)cc1N,9.0
ZINC000066099585,c1ccc(OC2CN(c3c4c(nc5ccnn35)CCNCC4)C2)nc1,6.15
ZINC000066099586,c1cncc(OC2CN(c3c4c(nc5ccnn35)CCNCC4)C2)c1,5.83
ZINC000066099588,c1cc(OC2CN(c3c4c(nc5ccnn35)CCNCC4)C2)ccn1,5.94
ZINC000066099590,CC(=O)N(C)c1ccc(OC2CN(c3c4c(nc5ccnn35)CCNCC4)C2)cc1,5.93
ZINC000066099592,O=C1Cc2cc(OC3CN(c4c5c(nc6ccnn46)CCNCC5)C3)ccc2N1,7.14
ZINC000066100492,COc1cccc(OC2CN(c3c4c(nc5ccnn35)CCNCC4)C2)c1,6.67
ZINC000066100496,COc1ccc(OC2CN(c3c4c(nc5ccnn35)CCNCC4)C2)cc1,6.3
ZINC000066100973,c1cc2nc3c(c(N4CCC4)n2n1)CCNCC3,7.03
ZINC000066105193,NC(=O)[C@@H]1CSC(c2ccccc2O)=N1,5.9
ZINC000066105195,NC(=O)[C@H]1CSC(c2ccccc2O)=N1,5.9
ZINC000066111713,c1cc2nc3c(c(N4CCCC4)n2n1)CCNCC3,5.65
ZINC000066111714,CCN(C)c1c2c(nc3ccnn13)CCNCC2,6.07
ZINC000066111715,CCNc1c2c(nc3ccnn13)CCNCC2,6.22
ZINC000066111716,c1ccc(OC2CN(c3c4c(nc5ccnn35)CCNCC4)C2)cc1,6.66
ZINC000066111717,Fc1ccccc1OC1CN(c2c3c(nc4ccnn24)CCNCC3)C1,7.03
ZINC000066112015,Fc1cccc(OC2CN(c3c4c(nc5ccnn35)CCNCC4)C2)c1,7.89
ZINC000066112016,Fc1ccc(OC2CN(c3c4c(nc5ccnn35)CCNCC4)C2)cc1,6.79
ZINC000066251264,c1cc2nc3c(c(N4CCCCC4)n2n1)CCNCC3,5.55
ZINC000066263587,COc1ccccc1OC1CN(c2c3c(nc4ccnn24)CCNCC3)C1,6.42
ZINC000068197253,CNc1nn2c3c(cnc2c1S(=O)(=O)c1ccccc1)CN(C)CC3,5.21
ZINC000071331664,Clc1ccc(Cc2ncc3c(n2)CCNCC3)cc1,7.22
ZINC000071334520,Fc1ccc(Cc2ncc3c(n2)CCNCC3)cc1,6.21
ZINC000071335238,Clc1ccccc1Cc1ncc2c(n1)CCNCC2,6.75
ZINC000071340434,Cc1ccccc1Cc1ncc2c(n1)CCNCC2,5.92
ZINC000071341052,Cc1cccc(Cc2ncc3c(n2)CCNCC3)c1,6.39
ZINC000071341249,FC(F)(F)c1cccc(Cc2ncc3c(n2)CCNCC3)c1,6.8
ZINC000071341515,Fc1ccccc1Cc1ncc2c(n1)CCNCC2,6.66
ZINC000071341720,Cc1ccc(Cc2ncc3c(n2)CCNCC3)cc1,6.79
ZINC000071341905,Clc1cccc(Cc2ncc3c(n2)CCNCC3)c1,7.52
ZINC000071420793,Fc1cccc(Cc2ncc3c(n2)CCNCC3)c1,6.74
ZINC000072316172,NC[C@H]1C[C@@H]1c1cc(F)ccc1OCC1CC1,6.54
ZINC000072317087,Cc1cc(-c2ccc3c(c2)CC[C@H]3N2CC3(CCN(C(=O)Cc4cn5cc(C)sc5n4)CC3)C2)ncn1,5.43
ZINC000073197515,COc1cc(OC(C)C)cc(S(=O)(=O)c2ccc3c(c2)O[C@H]2CNCC[C@@H]32)c1,5.21
ZINC000073199171,OC1(c2ccc(Cl)cc2)C[C@@H]2CC[C@H](C1)N2CCCCc1ccc(F)cc1,5.86
ZINC000073221477,O=S(=O)(c1cccc(F)c1)c1ccc2c3c(oc2c1)[C@]1(CCCOC1)NCC3,5.82
ZINC000073221479,O=S(=O)(c1cccc(F)c1)c1ccc2c3c(oc2c1)[C@@]1(CCCOC1)NCC3,5.82
ZINC000082149909,OC1(c2ccc(Cl)cc2)C[C@@H]2CC[C@H](C1)N2CCCOc1ccc(F)cc1,6.05
ZINC000084441638,CNC1=NC(=O)/C(=C\c2c[nH]c3ccc(Br)cc23)N1C,6.05
ZINC000084604284,NC[C@H]1C[C@@H]1c1ccccc1OCc1ccccc1,5.97
ZINC000084619868,CCCOc1ccccc1[C@H]1C[C@@H]1CN,6.52
ZINC000084687568,CN1C(=N)N=C(O)/C1=C\c1c[nH]c2cccc(Br)c12,6.11
ZINC000084689918,CNC1=NC(=O)/C(=C\c2c[nH]c3cccc(Br)c23)N1C,7.0
ZINC000084708735,CNC1=NC(=O)/C(=C/c2c[nH]c3c(Br)cccc23)N1,6.45
ZINC000084709543,CNC1=NC(=O)/C(=C/c2c[nH]c3ccccc23)N1,6.54
ZINC000084709545,CNC1=NC(=O)/C(=C/c2c[nH]c3cccc(Br)c23)N1,7.3
ZINC000084709547,CNC1=NC(=O)/C(=C/c2c[nH]c3cc(Br)ccc23)N1,6.81
ZINC000084712241,CN1C(=N)N=C(O)/C1=C\c1c[nH]c2c(Br)cccc12,5.85
ZINC000084712274,CNC1=NC(=O)/C(=C/c2c[nH]c3ccc(Br)cc23)N1,7.03
ZINC000084723963,CNC1=NC(=O)/C(=C\c2c[nH]c3cc(Br)ccc23)N1C,6.31
ZINC000084723966,CNC1=NC(=O)/C(=C\c2c[nH]c3c(Br)cccc23)N1C,6.18
ZINC000094566092,COc1cc2nc(N3CCN(C(=O)[C@@H]4COc5ccccc5O4)CC3)nc(N)c2cc1OC,6.63
ZINC000094566093,COc1cc2nc(N3CCN(C(=O)[C@H]4COc5ccccc5O4)CC3)nc(N)c2cc1OC,6.63
ZINC000095551772,Cc1c(C)c2c(c(C)c1O)CC[C@@](C)(CN1CCN(c3cc(N4CCCC4)nc(N4CCCC4)n3)CC1)O2,6.48
ZINC000095551773,Cc1c(C)c2c(c(C)c1O)CC[C@](C)(CN1CCN(c3cc(N4CCCC4)nc(N4CCCC4)n3)CC1)O2,6.48
ZINC000095585360,COCCCOc1cc(C(=O)N(C[C@@H]2CNC[C@H]2Cc2ccccc2)C(C)C)ccc1OC,6.0
ZINC000095586109,Cc1ccc2c(c1Cl)C(=O)N[C@H]1CNC[C@H]21,8.4
ZINC000095587208,O=C1N[C@H]2CNC[C@@H]2c2cccc(Cl)c21,7.51
ZINC000095587306,CCc1cc2c(c(C(F)(F)F)c1)C(=O)N[C@H]1CNC[C@H]21,7.06
ZINC000095587396,CCc1cc(Cl)c2c(c1)[C@H]1CNC[C@@H]1N(C)C2=O,5.77
ZINC000095590765,O=C1N[C@H]2CNC[C@@H]2c2ccccc21,5.24
ZINC000095592457,Cc1cc(C)c2c(c1)[C@H]1CNC[C@@H]1NC2=O,6.72
ZINC000095592518,Cc1cc(C2CC2)cc2c1C(=O)N[C@H]1CNC[C@H]21,6.75
ZINC000095626336,O=c1[nH]c2cccc(N3C[C@H]4C[C@@H]3CN4C[C@H]3CCc4[nH]c5ccc(F)cc5c4C3)c2o1,6.78
ZINC000096271157,COc1ccccc1N1CCN(CCCCCN2Cc3ccc4ccccc4c3C2=O)CC1,7.37
ZINC000096271158,COc1ccccc1N1CCN(CCCCCN2Cc3c(Cl)nc4ccccc4c3C2=O)CC1,7.2
ZINC000096271309,c1ccc(Cc2nc3c(c(Nc4ccccc4)n2)CCNCC3)cc1,7.05
ZINC000096271310,Clc1cccc(Nc2nc(Cc3ccccc3)nc3c2CCNCC3)c1,7.49
ZINC000096284003,COc1ccc(CC(=O)N2CCC3(CC2)CN([C@@H]2CCc4cc(-c5ncccn5)ccc42)C3)cc1,5.37
ZINC000096284094,O=C(Cc1ccc(OC2CCNCC2)cc1OCCF)N1CCC(N2C(=O)CCc3ccccc32)CC1,6.3
ZINC000096937895,N=C1N=C(O)/C(=C\c2c[nH]c3cccc(Br)c23)N1,6.35
ZINC000096937896,N=C1N=C(O)/C(=C\c2c[nH]c3cc(Br)ccc23)N1,6.57
ZINC000096937897,N=C1N=C(O)/C(=C\c2c[nH]c3c(Br)cccc23)N1,6.34
ZINC000100374472,CC(C)n1c(=O)c(C(=O)N[C@@H]2C[C@@H]3CC[C@H](C2)N3C[C@@H](O)CN(C)S(C)(=O)=O)cc2ccccc21,8.7
ZINC000101514829,CC(=O)N1CCN(CCN2[C@H]3CC[C@@H]2C[C@H](NC(=O)c2nn(C(C)C)c4ccccc24)C3)CC1,8.7
ZINC000103241375,NC(N)=NC(=O)c1ccc2c(c1)oc1ccccc12,8.68
ZINC000103241377,NC(N)=NC(=O)c1ccc2c(c1)[nH]c1ccccc12,8.0
ZINC000103241379,NC(N)=NC(=O)c1ccc2c(c1)Nc1ccccc1O2,8.44
ZINC000103241381,NC(N)=NC(=O)c1ccc2c(c1)Oc1ccccc1N2,8.62
ZINC000103241384,NC(N)=NC(=O)c1cccc2c1Cc1ccccc1-2,8.96
ZINC000103241386,NC(N)=NC(=O)c1ccc2c(c1)-c1ccccc1[C@H]2O,7.06
ZINC000103241387,NC(N)=NC(=O)c1ccc2c(c1)-c1ccccc1[C@@H]2O,7.06
ZINC000103241390,NC(N)=NC(=O)c1cccc2c1-c1ccccc1C2,7.56
ZINC000103241392,NC(N)=NC(=O)/C=C/c1ccc2c(c1)[C@H](O)c1ccccc1-2,7.28
ZINC000103241394,NC(N)=NC(=O)/C=C/c1ccc2c(c1)[C@@H](O)c1ccccc1-2,7.28
ZINC000113502184,CN(C)[C@H]1Cc2ccccc2[C@H](C2CCCCC2)C1,6.77
ZINC000113502190,CN(C)[C@@H]1Cc2ccccc2[C@@H](C2CCCCC2)C1,7.7
ZINC000116695440,CNc1nc([C@@H](C)c2ccccc2)nc2c1CCNCC2,6.0
ZINC000116695443,CNc1nc([C@H](C)c2ccccc2)nc2c1CCNCC2,6.0
ZINC000116695499,CNc1nc(C(F)(F)c2ccccc2)nc2c1CCNCC2,6.96
ZINC000118890364,COc1ccc(CC(=O)N2CCC3(CC2)CN([C@@H]2CCc4cc(-c5cc(C)ncn5)ccc42)C3)c(C(N)=O)c1,5.12
ZINC000138755154,CN(C)[C@H]1Cc2ccccc2[C@H](c2cccc(F)c2)C1,6.96
ZINC000138755258,CN(C)[C@@H]1Cc2ccccc2[C@@H](c2cccc(F)c2)C1,7.15
ZINC000138755589,CN(C)[C@H]1Cc2ccccc2[C@H](c2cccc(Cl)c2)C1,7.3
ZINC000138755708,CN(C)[C@@H]1Cc2ccccc2[C@@H](c2cccc(Cl)c2)C1,7.52
ZINC000138756071,CN(C)[C@H]1Cc2ccccc2[C@H](c2cccc(Br)c2)C1,7.4
ZINC000138756181,CN(C)[C@@H]1Cc2ccccc2[C@@H](c2cccc(Br)c2)C1,8.1
ZINC000139456693,CN(C)[C@H]1Cc2ccccc2[C@H](c2cccc(-c3ccccc3)c2)C1,6.7
ZINC000139456805,CN(C)[C@@H]1Cc2ccccc2[C@@H](c2cccc(-c3ccccc3)c2)C1,7.14
ZINC000139457226,CN(C)[C@H]1Cc2ccccc2[C@H](c2cccc([N+](=O)[O-])c2)C1,7.7
ZINC000139457349,CN(C)[C@@H]1Cc2ccccc2[C@@H](c2cccc([N+](=O)[O-])c2)C1,7.15
ZINC000140510647,CN1CC[C@H]2[C@@H](C1)c1cccc3c1N2c1ccccc1CS3,8.3
ZINC000140512435,CN1CC[C@@H]2[C@@H](C1)c1cccc3c1N2c1ccccc1CS3,8.3
ZINC000140968528,O=C(O)C[C@@H]1CCN([C@@H]2CC[C@]3(Cc4ccccc4Cc4ccccc43)C2)C1,6.0
ZINC000169347551,COc1cc(/C=C/C(=O)NCCn2c(C(F)(F)F)cc3ccccc32)cc(OC)c1OC,5.12
ZINC000169363089,O=C(O)[C@@H]1CCN([C@@H]2CC[C@]3(Cc4ccccc4Cc4ccccc43)C2)C1,7.0
ZINC000169363094,O=C(O)[C@H]1CN([C@@H]2CC[C@]3(Cc4ccccc4Cc4ccccc43)C2)CCN1,5.9
ZINC000205434444,CN(C)[C@H]1Cc2ccccc2[C@H](C2CCCCCCC2)C1,7.4
ZINC000205434458,CN(C)[C@@H]1Cc2ccccc2[C@@H](C2CCCCCCC2)C1,8.0
ZINC000252668237,CN(C)c1nc(N[C@@H]2CC[C@H](NC(=O)c3ccc(F)c(F)c3)CC2)nc2ccccc12,8.02
ZINC000253638998,FC(F)(F)c1ccnc(N2CC[C@@H]3CNC[C@H]32)n1,6.49
ZINC000253650445,Cc1cnc(N[C@@H]2CC[C@H](NC(=O)c3ccc(F)cc3)CC2)nc1N(C)C,6.52
ZINC000253672940,Cc1cccc(C(=O)N[C@H]2CC[C@@H](Nc3ncc(C)c(N(C)C)n3)CC2)c1,7.51
ZINC000253673501,Cc1cc(N(C)C)nc(N[C@@H]2CC[C@H](NC(=O)c3ccc(Cl)cc3)CC2)n1,6.77
ZINC000253676643,Cc1cc(N(C)C)nc(N[C@@H]2CC[C@H](NC(=O)c3ccc(Cl)c(Cl)c3)CC2)n1,6.89
ZINC000253677898,Cc1cnc(N[C@@H]2CC[C@H](CNC(=O)c3ccc(F)c(F)c3)CC2)nc1N(C)C,6.49
ZINC000253679521,Cc1cnc(N[C@@H]2CC[C@H](NC(=O)c3ccc(Cl)cc3)CC2)nc1N(C)C,6.52
ZINC000253683387,Cc1ccc(C(=O)N[C@H]2CC[C@@H](Nc3ncc(C)c(N(C)C)n3)CC2)cc1,6.92
ZINC000253868468,O=C(O)[C@H]1CN([C@H]2CC[C@]3(Cc4ccccc4Cc4ccccc43)C2)CCN1,5.9
ZINC000253868718,O=C(O)[C@@H]1CCN([C@H]2CC[C@]3(Cc4ccccc4Cc4ccccc43)C2)C1,7.0
ZINC000253917021,O=C(O)C[C@@H]1CCN([C@H]2CC[C@]3(Cc4ccccc4Cc4ccccc43)C2)C1,6.0
ZINC000253918618,C[C@@]1(C(=O)O)CCN([C@H]2CC[C@]3(Cc4ccccc4Cc4ccccc43)C2)C1,8.0
ZINC000253918621,C[C@]1(C(=O)O)CCN([C@H]2CC[C@]3(Cc4ccccc4Cc4ccccc43)C2)C1,8.0
ZINC000254010521,Fc1cccc(CCN[C@H]2[C@H]3[C@H]4C[C@@H]5[C@H]6[C@@H](C[C@H]53)[C@@H]2[C@@H]64)c1,5.16
ZINC000254010529,Fc1cccc(CCN[C@@H]2[C@H]3[C@@H]4C[C@@H]5[C@@H]6C[C@@H]([C@@H]3[C@@H]64)[C@H]25)c1,5.16
ZINC000254010535,Fc1cccc(CCN[C@@H]2[C@@H]3[C@@H]4[C@H]5[C@H]6C[C@@H]4[C@H]2[C@@H]6C[C@H]53)c1,5.16
ZINC000254010537,Fc1cccc(CCN[C@H]2[C@H]3[C@H]4C[C@@H]5[C@@H]6[C@H]4[C@H]2[C@@H]6C[C@H]53)c1,5.16
ZINC000254012070,CN(CCc1cccc(F)c1)[C@H]1[C@H]2[C@H]3C[C@@H]4[C@H]5[C@@H](C[C@H]42)[C@@H]1[C@@H]53,5.22
ZINC000254012075,CN(CCc1cccc(F)c1)[C@@H]1[C@H]2[C@@H]3C[C@@H]4[C@@H]5C[C@@H]([C@@H]2[C@@H]53)[C@H]14,5.22
ZINC000254012078,CN(CCc1cccc(F)c1)[C@H]1[C@H]2[C@H]3C[C@@H]4[C@@H]5[C@H]3[C@H]1[C@@H]5C[C@H]42,5.22
ZINC000254012081,CN(CCc1cccc(F)c1)[C@@H]1[C@@H]2[C@@H]3[C@H]4[C@H]5C[C@@H]3[C@H]1[C@@H]5C[C@H]42,5.22
ZINC000254086111,COc1cccc(CCN2[C@H]3[C@@H]4[C@H]5C[C@@H]6[C@@H]4[C@]2(O)[C@@H]2[C@H]6[C@@H]5[C@@H]32)c1OC,5.65
ZINC000254086116,COc1cccc(CCN2[C@H]3[C@@H]4[C@H]5C[C@H]6[C@@H]7[C@@H]5[C@@H]3[C@@H]7[C@@]2(O)[C@H]64)c1OC,5.65
ZINC000254086120,COc1cccc(CCN2[C@@H]3[C@H]4[C@@H]5[C@@H]6[C@@H]7C[C@H]([C@@H]3[C@@H]7[C@]52O)[C@H]64)c1OC,5.65
ZINC000254086125,COc1cccc(CCN2[C@H]3[C@@H]4[C@H]5C[C@@H]6[C@@H]4[C@]2(O)[C@H]2[C@H]6[C@@H]5[C@@H]32)c1OC,5.65
ZINC000254132541,COc1ccccc1CCN1[C@H]2[C@@H]3[C@H]4C[C@@H]5[C@@H]3[C@]1(O)[C@@H]1[C@H]5[C@@H]4[C@@H]21,6.07
ZINC000254132543,COc1ccccc1CCN1[C@H]2[C@@H]3[C@H]4C[C@@H]5[C@@H]3[C@]1(O)[C@H]1[C@H]5[C@@H]4[C@@H]21,6.07
ZINC000254132545,COc1ccccc1CCN1[C@@H]2[C@H]3[C@@H]4[C@@H]5[C@@H]6C[C@H]([C@@H]2[C@@H]6[C@]41O)[C@H]53,6.07
ZINC000254132547,COc1ccccc1CCN1[C@H]2[C@@H]3[C@H]4C[C@H]5[C@@H]6[C@@H]4[C@@H]2[C@@H]6[C@@]1(O)[C@H]53,6.07
ZINC000254133735,COc1cccc(CCN2[C@H]3[C@@H]4[C@H]5C[C@@H]6[C@@H]4[C@]2(O)[C@@H]2[C@H]6[C@@H]5[C@@H]32)c1,5.53
ZINC000254133736,COc1cccc(CCN2[C@H]3[C@@H]4[C@H]5C[C@H]6[C@@H]7[C@@H]5[C@@H]3[C@@H]7[C@@]2(O)[C@H]64)c1,5.53
ZINC000254133737,COc1cccc(CCN2[C@@H]3[C@H]4[C@@H]5[C@@H]6[C@@H]7C[C@H]([C@@H]3[C@@H]7[C@]52O)[C@H]64)c1,5.53
ZINC000254133738,COc1cccc(CCN2[C@H]3[C@@H]4[C@H]5C[C@@H]6[C@@H]4[C@]2(O)[C@H]2[C@H]6[C@@H]5[C@@H]32)c1,5.53
ZINC000261086116,COc1cc(CN[C@H]2[C@H]3[C@H]4C[C@@H]5[C@@H]6[C@H]4[C@H]2[C@@H]6C[C@H]53)cc(OC)c1OC,5.71
ZINC000261086117,COc1cc(CN[C@@H]2[C@@H]3[C@@H]4[C@H]5[C@H]6C[C@@H]4[C@H]2[C@@H]6C[C@H]53)cc(OC)c1OC,5.71
ZINC000261086118,COc1cc(CN[C@H]2[C@H]3[C@H]4C[C@@H]5[C@H]6[C@@H](C[C@H]53)[C@@H]2[C@@H]64)cc(OC)c1OC,5.71
ZINC000261086119,COc1cc(CN[C@@H]2[C@H]3[C@@H]4C[C@@H]5[C@@H]6C[C@@H]([C@@H]3[C@@H]64)[C@H]25)cc(OC)c1OC,5.71
ZINC000261137335,CN(CCc1ccccc1)[C@H]1[C@H]2[C@H]3C[C@@H]4[C@H]5[C@@H](C[C@H]42)[C@@H]1[C@@H]53,5.57
ZINC000261137336,CN(CCc1ccccc1)[C@@H]1[C@H]2[C@@H]3C[C@@H]4[C@@H]5C[C@@H]([C@@H]2[C@@H]53)[C@H]14,5.57
ZINC000261137337,CN(CCc1ccccc1)[C@H]1[C@H]2[C@H]3C[C@@H]4[C@@H]5[C@H]3[C@H]1[C@@H]5C[C@H]42,5.57
ZINC000261137338,CN(CCc1ccccc1)[C@@H]1[C@@H]2[C@@H]3[C@H]4[C@H]5C[C@@H]3[C@H]1[C@@H]5C[C@H]42,5.57
ZINC000261149438,Cc1cnc(N[C@@H]2CC[C@H](CNC(=O)c3cc(C(F)(F)F)cc(C(F)(F)F)c3)CC2)nc1N(C)C,5.51
ZINC000299829856,OC1(c2ccc(Cl)cc2)C[C@@H]2CC[C@H](C1)N2CCCSc1ccc(F)cc1,5.98
ZINC000299831510,OC1(c2ccc(Cl)cc2)C[C@@H]2CC[C@H](C1)N2CCCSc1ccccc1F,6.28
ZINC000299831545,OC1(c2ccc(Cl)cc2)C[C@@H]2CC[C@H](C1)N2CCCSc1cccc(F)c1,6.57
ZINC000299831705,NC(N)=NC(=O)c1ccc2c(c1)C1(CCCC1)c1ccccc1-2,8.77
ZINC000299835300,NC(N)=NC(=O)c1ccc2c(c1)[C@@H](O)c1cccc(CO)c1-2,8.18
ZINC000299835302,NC(N)=NC(=O)c1ccc2c(c1)[C@H](O)c1cccc(CO)c1-2,8.18
ZINC000299835406,C[C@@H]1c2ccccc2-c2ccc(C(=O)N=C(N)N)cc21,8.36
ZINC000299835408,C[C@H]1c2ccccc2-c2ccc(C(=O)N=C(N)N)cc21,8.36
ZINC000299836638,N=C(N)NC(=O)c1ccc2c(c1)[C@H](F)c1ccccc1-2,9.05
ZINC000299836643,N=C(N)NC(=O)c1ccc2c(c1)[C@@H](F)c1ccccc1-2,9.05
ZINC000299836842,NC(N)=NC(=O)c1ccc2c(c1)[C@H](O)c1ccc(Cl)cc1-2,7.96
ZINC000299836843,NC(N)=NC(=O)c1ccc2c(c1)[C@@H](O)c1ccc(Cl)cc1-2,7.96
ZINC000299836897,CCCC[C@]1(O)c2ccccc2-c2ccc(C(=O)N=C(N)N)cc21,7.51
ZINC000299836901,CCCC[C@@]1(O)c2ccccc2-c2ccc(C(=O)N=C(N)N)cc21,7.51
ZINC000299837327,Cc1cccc2c1-c1ccc(C(=O)N=C(N)N)cc1[C@H]2O,9.09
ZINC000299837332,Cc1cccc2c1-c1ccc(C(=O)N=C(N)N)cc1[C@@H]2O,9.09
ZINC000299838153,COCc1cccc2c1-c1ccc(C(=O)N=C(N)N)cc1[C@H]2O,8.2
ZINC000299838154,COCc1cccc2c1-c1ccc(C(=O)N=C(N)N)cc1[C@@H]2O,8.2
ZINC000299838488,NC(N)=NC(=O)c1ccc2c(c1)[C@H](O)c1cccc(Cl)c1-2,8.82
ZINC000299838489,NC(N)=NC(=O)c1ccc2c(c1)[C@@H](O)c1cccc(Cl)c1-2,8.82
ZINC000299838640,CC[C@]1(O)c2ccccc2-c2ccc(C(=O)N=C(N)N)cc21,7.39
ZINC000299838642,CC[C@@]1(O)c2ccccc2-c2ccc(C(=O)N=C(N)N)cc21,7.39
ZINC000299838654,CCc1cccc2c1-c1ccc(C(=O)N=C(N)N)cc1[C@H]2O,8.8
ZINC000299838661,CCc1cccc2c1-c1ccc(C(=O)N=C(N)N)cc1[C@@H]2O,8.8
ZINC000299839088,CCc1cccc2c1-c1ccc(C(=O)N=C(N)N)cc1[C@]2(C)O,9.15
ZINC000299839089,CCc1cccc2c1-c1ccc(C(=O)N=C(N)N)cc1[C@@]2(C)O,9.15
ZINC000299839388,NC(N)=NC(=O)c1ccc2c(c1)[C@@H](O)c1cc(Cl)ccc1-2,8.77
ZINC000299839389,NC(N)=NC(=O)c1ccc2c(c1)[C@H](O)c1cc(Cl)ccc1-2,8.77
ZINC000299839497,NC(N)=NC(=O)c1ccc2c(c1)C1(CCOCC1)c1ccccc1-2,8.04
ZINC000299839520,COC[C@@]1(OC)c2ccccc2-c2ccc(C(=O)N=C(N)N)cc21,8.7
ZINC000299839523,COC[C@]1(OC)c2ccccc2-c2ccc(C(=O)N=C(N)N)cc21,8.7
ZINC000299839693,Cc1cccc2c1[C@@H](O)c1cc(C(=O)N=C(N)N)ccc1-2,9.17
ZINC000299839694,Cc1cccc2c1[C@H](O)c1cc(C(=O)N=C(N)N)ccc1-2,9.17
ZINC000299840250,NC(N)=NC(=O)c1ccc2c(c1)[C@H](O)c1cccc(F)c1-2,9.04
ZINC000299840251,NC(N)=NC(=O)c1ccc2c(c1)[C@@H](O)c1cccc(F)c1-2,9.04
ZINC000299840462,CC(=O)N[C@H]1c2ccccc2-c2ccc(C(=O)N=C(N)N)cc21,7.47
ZINC000299840463,CC(=O)N[C@@H]1c2ccccc2-c2ccc(C(=O)N=C(N)N)cc21,7.47
ZINC000299840876,Cc1cccc2c1-c1ccc(C(=O)N=C(N)N)cc1[C@@]2(C)O,8.96
ZINC000299840877,Cc1cccc2c1-c1ccc(C(=O)N=C(N)N)cc1[C@]2(C)O,8.96
ZINC000299849934,CN1CC[C@@H]2[C@H](C1)c1cccc3c1N2c1ccccc1CS3,8.3
ZINC000299849935,CN1CC[C@H]2[C@H](C1)c1cccc3c1N2c1ccccc1CS3,8.3
ZINC000299851233,C=C(F)COc1ccc(Cl)cc1[C@@H]1C[C@H]1CN,5.16
ZINC000299851234,C=C(F)COc1ccc(Cl)cc1[C@H]1C[C@@H]1CN,5.77
ZINC000299851239,NC[C@@H]1C[C@H]1c1cc(Cl)ccc1OCCCF,5.21
ZINC000299851240,NC[C@H]1C[C@@H]1c1cc(Cl)ccc1OCCCF,5.31
ZINC000299851611,CNc1nc(Cc2ccccc2)cc2c1CCNCC2,5.83
ZINC000299851726,CC(C)Nc1nc(Cc2ccccc2)cc2c1CCNCC2,7.48
ZINC000299852124,c1ccc(Cc2cc3c(c(NCC4CC4)n2)CCNCC3)cc1,7.66
ZINC000299852175,CCNc1nc(Cc2ccccc2)cc2c1CCNCC2,7.74
ZINC000299852409,c1ccc(Cc2cc3c(cn2)CCNCC3)cc1,7.57
ZINC000299852771,CN(C)c1nc(Cc2ccccc2)cc2c1CCNCC2,7.52
ZINC000299852861,CCCNc1nc(Cc2ccccc2)cc2c1CCNCC2,7.57
ZINC000299853037,CN(C)[C@@H]1Cc2ccccc2[C@@H](c2ccc(C(F)(F)F)cc2)C1,6.27
ZINC000299853038,CN(C)[C@H]1Cc2ccccc2[C@H](c2ccc(C(F)(F)F)cc2)C1,6.6
ZINC000299853336,CCOc1ccc(Cl)cc1[C@H]1C[C@@H]1CN,7.07
ZINC000299853337,CCOc1ccc(Cl)cc1[C@@H]1C[C@H]1CN,5.64
ZINC000299853391,NC[C@H]1C[C@@H]1c1cc(Cl)ccc1OCCF,6.2
ZINC000299853392,NC[C@@H]1C[C@H]1c1cc(Cl)ccc1OCCF,5.34
ZINC000299853489,NC[C@H]1C[C@@H]1c1cc(Cl)ccc1OCC(F)F,6.08
ZINC000299853490,NC[C@@H]1C[C@H]1c1cc(Cl)ccc1OCC(F)F,5.83
ZINC000299853496,COCCOc1ccc(Cl)cc1[C@@H]1C[C@H]1CN,5.28
ZINC000299853607,CN(C)[C@@H]1Cc2ccccc2[C@@H](c2cccc(C(F)(F)F)c2)C1,7.22
ZINC000299853608,CN(C)[C@H]1Cc2ccccc2[C@H](c2cccc(C(F)(F)F)c2)C1,6.7
ZINC000299853738,CN(C)[C@@H]1Cc2ccccc2[C@@H](c2ccccc2Br)C1,6.19
ZINC000299853739,CN(C)[C@H]1Cc2ccccc2[C@H](c2ccccc2Br)C1,5.39
ZINC000299853751,CCCOc1ccc(F)cc1[C@@H]1C[C@H]1CN,6.13
ZINC000299853752,CCCOc1ccc(F)cc1[C@H]1C[C@@H]1CN,5.7
ZINC000299853794,C=C(C)COc1ccc(Cl)cc1[C@@H]1C[C@H]1CN,5.22
ZINC000299853795,C=C(C)COc1ccc(Cl)cc1[C@H]1C[C@@H]1CN,6.37
ZINC000299853824,CCCOc1ccc(Cl)cc1[C@@H]1C[C@H]1CN,5.52
ZINC000299853825,CCCOc1ccc(Cl)cc1[C@H]1C[C@@H]1CN,5.46
ZINC000299853828,C=CCOc1ccc(Cl)cc1[C@@H]1C[C@H]1CN,5.37
ZINC000299853829,C=CCOc1ccc(Cl)cc1[C@H]1C[C@@H]1CN,5.66
ZINC000299853841,CN(C)[C@H]1Cc2ccccc2[C@H](c2ccc([N+](=O)[O-])cc2)C1,5.39
ZINC000299853964,C#CCOc1ccc(Cl)cc1[C@@H]1C[C@H]1CN,5.36
ZINC000299853965,C#CCOc1ccc(Cl)cc1[C@H]1C[C@@H]1CN,5.34
ZINC000299853969,CC(C)Oc1ccc(Cl)cc1[C@@H]1C[C@H]1CN,5.25
ZINC000299853970,CC(C)Oc1ccc(Cl)cc1[C@H]1C[C@@H]1CN,6.0
ZINC000299853990,CN(C)[C@@H]1Cc2ccccc2[C@@H](c2ccc(Br)cc2)C1,6.68
ZINC000299853991,CN(C)[C@H]1Cc2ccccc2[C@H](c2ccc(Br)cc2)C1,7.52
ZINC000299854392,NC[C@@H]1C[C@H]1c1cc(Cl)ccc1OCC1CC1,5.52
ZINC000299854393,NC[C@H]1C[C@@H]1c1cc(Cl)ccc1OCC1CC1,5.3
CHEMBL101008,CC(N)Cc1c2c(c(Br)c3c1OCC3)OCC2,8.94
CHEMBL1110,Cc1[nH]cnc1CN1CCc2c(c3ccccc3n2C)C1=O,7.19
CHEMBL1112,O=C1CCc2ccc(OCCCCN3CCN(c4cccc(Cl)c4Cl)CC3)cc2N1,9.44
CHEMBL114012,CC1CCN(CCC2CCCCN2S(=O)(=O)c2cccc3ccccc23)CC1,5.4
CHEMBL1173331,CN1C(=N)NC(=O)/C1=C\c1c[nH]c2ccc(Br)cc12,6.07
CHEMBL1173525,CN1C(=N)NC(=O)/C1=C\c1c[nH]c2ccccc12,6.02
CHEMBL1200406,CN(C)CCOC(c1ccccc1)c1ccccc1.Cn1c(=O)c2[nH]c(Cl)nc2n(C)c1=O,5.96
CHEMBL12089,COc1ccc2cc3[n+](cc2c1OC)CCc1cc2c(cc1-3)OCO2.[Cl-],5.66
CHEMBL1209157,COc1ccc(OC)c(C2CCN(Cc3cnn(-c4ccccc4F)c3C)C2)c1,6.75
CHEMBL1221,Clc1ccc(CSC(Cn2ccnc2)c2ccc(Cl)cc2Cl)cc1,5.72
CHEMBL1222624,CC1CN(C2=Cc3ccccc3Cn3ccnc32)CC(C)N1CCC(=O)O,6.2
CHEMBL1224031,O=C(Nc1ccccc1)N1OCC2CSc3ccc(F)cc3C21,6.65
CHEMBL1224032,CC(C)NC(=O)N1OCC2CSc3ccc(F)cc3C21,6.25
CHEMBL1224033,CCCNC(=O)N1OCC2CSc3ccc(F)cc3C21,6.42
CHEMBL1224034,O=C(NC1CCCCC1)N1OCC2CSc3ccc(F)cc3C21,7.38
CHEMBL1224035,CCCCNC(=O)N1OCC2CSc3ccc(F)cc3C21,6.31
CHEMBL1224036,O=C(Nc1ccccc1)N1OCC2COc3ccccc3C21,5.79
CHEMBL1224102,CCCNC(=O)N1OCC2COc3ccccc3C21,5.18
CHEMBL1224103,O=C(NC1CCCCC1)N1OCC2COc3ccccc3C21,5.75
CHEMBL1224106,Cc1ccccc1NC(=O)N1OCC2COc3ccccc3C21,5.4
CHEMBL1231,CCN(CC)CC#CCOC(=O)C(O)(c1ccccc1)C1CCCCC1,6.3
CHEMBL12314,CN1C[C@@H](NS(=O)(=O)N(C)C)C[C@@H]2c3cccc4c3c(cn4C)C[C@H]21,8.7
CHEMBL1255834,CC(N)Cc1c[nH]c2ccc(OCc3cccs3)cc12,7.29
CHEMBL1255837,CC(C)[C@@]1(NC(=O)[C@@H]2C[C@@H]3c4cccc5[nH]cc(c45)C[C@H]3N(C)C2)O[C@@]2(O)[C@@H]3CCCN3C(=O)[C@H](Cc3ccccc3)N2C1=O.CS(=O)(=O)O,8.38
CHEMBL1276859,O=C(O)CC1CCN(C2CC[C@]3(Cc4ccccc4Cc4ccccc43)C2)C1,6.0
CHEMBL1276947,O=C(O)[C@]12C[C@H]1CN(C1CC[C@]3(Cc4ccccc4Cc4ccccc43)C1)C2,6.4
CHEMBL1276948,O=C(O)C1CN(C2CC[C@]3(Cc4ccccc4Cc4ccccc43)C2)C1,7.1
CHEMBL1277034,O=C(O)CC1CN(C2CCC3(Cc4ccccc4Cc4ccccc43)C2)C1,7.4
CHEMBL1277035,O=C(O)C=C1CN(C2CCC3(Cc4ccccc4Cc4ccccc43)C2)C1,6.6
CHEMBL1277216,O=C(O)C1CCN(C2CCC3(Cc4ccccc4Oc4ccccc43)C2)CC1,5.8
CHEMBL1277312,O=C(O)C1CN(C2CCC3(Cc4ccccc4Oc4ccccc43)C2)C1,6.1
CHEMBL1277584,O=C(O)[C@@H]1CCCN(C2CC[C@]3(Cc4ccccc4Cc4ccccc43)C2)C1,5.9
CHEMBL1277585,O=C(O)CC1CCN(C2CCC3(Cc4ccccc4Cc4ccccc43)C2)CC1,6.0
CHEMBL1277679,O=C(O)C1(O)CCN(C2CCC3(Cc4ccccc4Cc4ccccc43)C2)CC1,6.6
CHEMBL1277769,CC1(C(=O)O)CCN(C2CCC3(Cc4ccccc4Cc4ccccc43)C2)CC1,8.5
CHEMBL1277770,O=C(O)C1CCN(C2CC[C@]3(Cc4ccccc4Cc4ccccc43)C2)CC1,6.8
CHEMBL1278020,COC(=O)C1=CCCN(C2CC[C@]3(Cc4ccccc4Cc4ccccc43)C2)C1,5.9
CHEMBL1278113,O=C(O)C1CN(C2CC[C@]3(Cc4ccccc4Cc4ccccc43)C2)CCN1,5.9
CHEMBL1278116,CN(C)C1CC[C@]2(Cc3ccccc3Cc3ccccc32)C1,7.8
CHEMBL1278201,O=C(O)C1CCN(C2CC[C@]3(Cc4ccccc4Cc4ccccc43)C2)C1,7.0
CHEMBL1278202,CC1(C(=O)O)CCN(C2CC[C@]3(Cc4ccccc4Cc4ccccc43)C2)C1,8.0
CHEMBL131495,O=C1c2ccccc2C(=O)N1CCCCN1CC=C(c2c[nH]c3ccc(F)cc23)CC1,8.8
CHEMBL131736,CC(N)Cc1cn(C)c2ccc3c(c12)CCCO3,7.96
CHEMBL1323615,CN1c2ccccc2Sc2cc(N)ccc21,6.25
CHEMBL133868,CC(N)Cc1c[nH]c2ccc3c(c12)CCCO3,7.89
CHEMBL1373650,Cc1cccc(NC2=NC(N)=NC3(CCCCC3)N2)c1,7.7
CHEMBL137781,C[C@H]1C[C@@H](C)N1C(=O)[C@@H]1C=C2c3cccc4[nH]cc(c34)CC2N(C)C1,7.36
CHEMBL1381098,S=C=Nc1cccc2ccccc12,4.8
CHEMBL138989,C[C@@H]1C[C@@H](C)N1C(=O)[C@@H]1C=C2c3cccc4[nH]cc(c34)CC2N(C)C1,6.51
CHEMBL14076,COc1cc2c(cc1C(F)(F)F)N(C(=O)Nc1cccc(-c3cccnc3C)c1)CC2,7.8
CHEMBL14111,COc1cc2c(cc1C(F)(F)F)N(C(=O)Nc1ccc(C)c(-c3cnccc3C)c1)CC2,8.4
CHEMBL141343,Cc1c(C)c2c(c(C)c1O)CCC(C)(CN1CCN(c3cc(N4CCCC4)nc(N4CCCC4)n3)CC1)O2,6.48
CHEMBL14255,COc1cc2c(cc1C(F)(F)F)N(C(=O)Nc1cccc(-c3cccnc3)c1)CC2,8.1
CHEMBL14276,COc1cc2c(cc1C(F)(F)F)N(C(=O)Nc1cc(F)cc(-c3cccnc3)c1)CC2,8.0
CHEMBL14345,COc1cc2c(cc1C(F)(F)F)N(C(=O)Nc1cncc(-c3cccnc3)c1)CC2,8.0
CHEMBL14368,COc1cc2c(cc1C(F)(F)F)N(C(=O)Nc1cc(Br)cc(-c3cccnc3)c1)CC2,7.7
CHEMBL14374,COc1cc2c(cc1C(F)(F)F)N(C(=O)Nc1ccc(Oc3cccnc3C)nc1)CC2,7.3
CHEMBL14401,COc1cc2c(cc1C(F)(F)F)N(C(=O)Nc1cncc(-c3ccc(F)cc3)c1)CC2,7.2
CHEMBL14458,COc1cc2c(cc1C(F)(F)F)N(C(=O)Nc1cccc(-c3cccnc3)c1Cl)CC2,8.3
CHEMBL14469,COc1cc2c(cc1C(F)(F)F)N(C(=O)Nc1ccc(Cl)c(-c3cccnc3)c1)CC2,7.6
CHEMBL14606,COc1cc2c(cc1C(F)(F)F)N(C(=O)Nc1ccc(C)c(-c3cccnc3)c1)CC2,8.3
CHEMBL14652,COc1cc2c(cc1C(F)(F)F)N(C(=O)Nc1cncc(-c3ccccc3)c1)CC2,7.6
CHEMBL14726,COc1cc2c(cc1C(F)(F)F)N(C(=O)Nc1ccc(Oc3cccnc3)nc1)CC2,7.7
CHEMBL147434,COc1ccc2[nH]cc(C3CC3N)c2c1,7.42
CHEMBL147656,NC1CC1c1c[nH]c2ccc(F)cc12,8.24
CHEMBL148091,COc1cccc2[nH]cc(C3CC3N)c12,7.19
CHEMBL14841,CSc1cc2c(cc1C(F)(F)F)N(C(=O)Nc1cccc(-c3ccncc3)c1)CC2,7.6
CHEMBL148463,CC(CN)c1c[nH]c2ccccc12,7.06
CHEMBL14863,COc1cc2c(cc1C(F)(F)F)N(C(=O)Nc1cncc(-c3ccncc3)c1)CC2,8.0
CHEMBL14864,COc1cc2c(cc1C(F)(F)F)N(C(=O)Nc1cncc(-c3cnccc3C)c1)CC2,8.2
CHEMBL149024,CC(N)Cc1c2ccoc2c(Br)c2ccoc12,9.72
CHEMBL149564,COc1ccc2[nH]cc(C(C)CN)c2c1,8.08
CHEMBL1628227,CN(C)CCC=C1c2ccccc2COc2ccccc21,7.25
CHEMBL1629810,CC(O)COC[C@@H]1O[C@H]2O[C@H]3[C@H](COCC(C)O)O[C@@H](O[C@H]4[C@H](COCC(C)O)O[C@@H](O[C@H]5[C@H](COCC(C)O)O[C@@H](O[C@H]6[C@H](COCC(C)O)OC[C@@H](O[C@H]7[C@H](COCC(C)O)O[C@@H](O[C@H]8[C@H](COCC(C)O)O[C@@H](O[C@H]9[C@H](COCC(C)O)O[C@@H](O[C@@H]1[C@@H](O)[C@@H]2O)[C@@H](O)[C@@H]9O)[C@@H](O)[C@@H]8O)[C@@H](O)[C@@H]7O)[C@@H]6O)[C@@H](O)[C@@H]5O)[C@@H](O)[C@@H]4O)[C@@H](O)[C@@H]3O,7.4
CHEMBL1630578,C[C@@H]1C[C@H]2[C@@H]3CCC4=CC(=O)C=C[C@]4(C)C3=CC[C@]2(C)[C@H]1C(=O)CN1CCN(c2cc(N3CCCC3)nc(N3CCCC3)n2)CC1,4.93
CHEMBL1642851,Cl.O=S(=O)(c1cccc2ccccc12)c1n[nH]c2ccc(NC3CCNCC3)cc12,6.17
CHEMBL1642865,Cl.NCCC(=O)Nc1ccc2[nH]nc(S(=O)(=O)c3cccc4ccccc34)c2c1,6.46
CHEMBL1642866,Cl.O=C(Nc1ccc2[nH]nc(S(=O)(=O)c3cccc4ccccc34)c2c1)C1CCNCC1,7.48
CHEMBL1642882,Cl.O=S(=O)(c1cccc(Cl)c1)c1n[nH]c2ccc(NC3CCNCC3)cc12,6.81
CHEMBL1642886,CC(C)c1ccc(S(=O)(=O)c2n[nH]c3ccc(NC4CCNCC4)cc23)cc1.Cl,5.75
CHEMBL1642889,Cl.O=S(=O)(c1ccc2ccccc2c1)c1n[nH]c2ccc(NC3CCNCC3)cc12,6.17
CHEMBL1643900,Fc1cccc(CCN[C@H]2C3C4CC5C6C4CC3C6C52)c1,5.16
CHEMBL1643902,CN(CCc1cccc(F)c1)[C@H]1C2C3CC4C5C3CC2C5C41,5.22
CHEMBL1644978,OC1(c2ccc(Cl)c(C(F)(F)F)c2)CCN(CCCCC(c2ccc(F)cc2)c2ccc(F)cc2)CC1,6.37
CHEMBL1644980,OC1(c2ccc(Cl)c(C(F)(F)F)c2)CCN(CCCC(c2ccccc2)c2ccccc2)CC1,6.43
CHEMBL1651092,NC(=O)C1CSC(c2ccccc2O)=N1,5.9
CHEMBL1670,Clc1ccc(C(c2ccccc2Cl)C(Cl)Cl)cc1,5.51
CHEMBL17157,CC(C)(C)c1ccc(C(O)CCCN2CCC(C(O)(c3ccccc3)c3ccccc3)CC2)cc1,7.52
CHEMBL1729,COc1cc(N)c(Cl)cc1C(=O)NC1CCN(CCCOc2ccc(F)cc2)CC1OC,7.4
CHEMBL1788231,CC1CCN(CC[C@H]2CCCCN2S(=O)(=O)c2cccc3ccccc23)CC1,5.4
CHEMBL1834345,CCN/C(=N\S(=O)(=O)c1cccc(Cl)c1)N1CC(C)(C)C=N1,5.1
CHEMBL183460,Cc1ccc2c(OCCN3CCC(Cc4ccc5c(c4)NC(=O)CO5)CC3)cccc2n1,5.8
CHEMBL187928,O=C(/C=C/c1ccccc1)N(Cc1ccc(-c2ccc(CNCCc3ccccc3)cc2)cc1)Cc1cccnc1.O=C(O)C(F)(F)F,5.7
CHEMBL188486,CN(C)CCN(Cc1ccc(-c2ccc(CNCCc3ccccc3)cc2)cc1)C(=O)/C=C/c1ccccc1.O=C(O)C(F)(F)F,5.9
CHEMBL188605,Clc1ccc2c(c1)N1CCNCC1C2,7.28
CHEMBL191460,CN(C)CCN(Cc1ccc(-c2ccc(CNCCc3ccccc3)cc2)cc1)C(=O)CCC1CCCC1.O=C(O)C(F)(F)F.O=C(O)C(F)(F)F,6.0
CHEMBL194202,CC(Cc1c[nH]c2cccc(O)c12)N(C)C,6.13
CHEMBL1949930,COc1cc(OC(C)C)cc(S(=O)(=O)c2ccc3c(c2)O[C@H]2CNCC[C@@H]32)c1.Cl,5.21
CHEMBL196514,C[C@H]1Oc2c(cccc2N2CCN(CCCc3c[nH]c4ccc(F)cc34)CC2)NC1=O,9.0
CHEMBL2012686,O[C@@H]1[C@H](O)[C@@H]2C[C@@H]2[C@H]1n1cnc2c(NC(C3CC3)C3CC3)nc(Cl)nc21,6.17
CHEMBL203025,Clc1ccc2c(n1)N1CCNCC1C2,6.66
CHEMBL2037526,O=C(CCCCN1CCC2(CC1)C(=O)NCN2c1ccccc1)c1nc2ccccc2s1,5.8
CHEMBL2058407,CN1C(=N)NC(=O)/C1=C\c1c[nH]c2cccc(Br)c12,6.11
CHEMBL2058409,CN1C(=N)NC(=O)/C1=C\c1c[nH]c2c(Br)cccc12,5.85
CHEMBL2058415,C/N=C1\NC(=O)/C(=C\c2c[nH]c3cccc(Br)c23)N1C,7.0
CHEMBL2058416,C/N=C1\NC(=O)/C(=C\c2c[nH]c3ccc(Br)cc23)N1C,6.05
CHEMBL2058417,C/N=C1\NC(=O)/C(=C\c2c[nH]c3cc(Br)ccc23)N1C,6.31
CHEMBL2058418,C/N=C1\NC(=O)/C(=C\c2c[nH]c3c(Br)cccc23)N1C,6.18
CHEMBL2058702,C/N=C1\NC(=O)/C(=C/c2c[nH]c3ccccc23)N1,6.54
CHEMBL2058703,C/N=C1\NC(=O)/C(=C/c2c[nH]c3cccc(Br)c23)N1,7.3
CHEMBL2058704,C/N=C1\NC(=O)/C(=C/c2c[nH]c3ccc(Br)cc23)N1,7.03
CHEMBL2058705,C/N=C1\NC(=O)/C(=C/c2c[nH]c3cc(Br)ccc23)N1,6.81
CHEMBL2058706,C/N=C1\NC(=O)/C(=C/c2c[nH]c3c(Br)cccc23)N1,6.45
CHEMBL210007,COc1ccc(C2=CCN(c3ccc(Cl)c(Cl)c3)C2=O)cc1OCCN1CCCCC1,6.9
CHEMBL210053,COc1ccc(N2CC=C(c3ccc(Br)cc3)C2=O)cc1OCCN1CCCCC1,6.7
CHEMBL211719,COc1ccc(N2CCC(c3ccc(OC)c(OCCN4CCCCC4)c3)C2=O)cc1Cl,5.8
CHEMBL212270,COc1ccc(N2CC=C(c3cccc(Cl)c3)C2=O)cc1OCCN1CCCCC1,6.2
CHEMBL212482,COc1ccc(C2=C(C)CN(c3ccc(Cl)c(Cl)c3)C2=O)cc1OCCN1CCCCC1,6.7
CHEMBL212886,COc1ccc(N2CC=C(c3cccc(Cl)c3)C2=O)cc1OCCN1CCC(C)CC1,6.3
CHEMBL213272,COc1ccc(N2CC=C(c3ccc(F)cc3)C2=O)cc1OCCN1CCCCC1,6.0
CHEMBL213368,O=C1C(c2ccc(Cl)c(Cl)c2)CCN1c1ccc(OC(F)(F)F)c(OCCN2CCCCC2)c1,5.8
CHEMBL213839,COc1ccc(N2CC=C(c3cccc(F)c3)C2=O)cc1OCCN1CCCCC1,6.3
CHEMBL213987,COc1ccc(N2CC=C(c3ccc(Cl)c(Cl)c3)C2=O)cc1OCCN1CCCCC1,6.2
CHEMBL214398,COc1ccc(N2CCC(C)(c3ccc(Cl)c(Cl)c3)C2=O)cc1OCCN1CCCCC1,6.0
CHEMBL215864,COc1ccc(N2CC=C(c3ccc(F)cc3)C2=O)cc1OCCN1CCC(C)CC1,5.9
CHEMBL2165119,O=C1CCc2ccc(OCCCCN3CCCN(c4cccc(Cl)c4Cl)CC3)nc2N1,8.96
CHEMBL219734,O=C1c2c(OC(F)(F)F)cccc2C2CNCCN12,6.26
CHEMBL219916,O=c1[nH]c2ccccc2n1CCCN1CCC(n2c(=O)[nH]c3cc(Cl)ccc32)CC1,5.78
CHEMBL220207,CSc1cccc2c1C(=O)N1CCNCC21,7.08
CHEMBL220274,O=C1c2c(cccc2C(F)(F)F)C2CNCCN12,6.6
CHEMBL2205811,COc1cccc(CCN2C3C4C5CC6C7C5C3C7C2(O)C64)c1,5.53
CHEMBL2205813,COc1cccc(CCN2C3C4C5CC6C7C5C3C7C2(O)C64)c1OC,5.65
CHEMBL2205836,COc1ccccc1CCN1C2C3C4CC5C6C4C2C6C1(O)C53,6.07
CHEMBL221692,Fc1ccc(-c2cncc(CN3CCN(c4cccc5c4OCCO5)CC3)c2)cc1,7.9
CHEMBL221811,COc1ccc2[nH]c3c(c2c1)CCNC3C,6.31
CHEMBL223090,N#Cc1cccc2c1C(=O)N1CCNCC21,5.41
CHEMBL223469,O=C1c2c(F)cccc2C2CNCCN12,5.43
CHEMBL223628,CC(C)Oc1cccc2c1C(=O)N1CCNCC21,5.8
CHEMBL223896,O=C1c2c(Cl)cccc2C2CNCCN12,6.51
CHEMBL231833,COc1ccc2c(c1)c1c(n2C)CN(c2ccc(OC)c(OCCN3CCCCC3)c2)C1=O,6.1
CHEMBL232045,COc1ccc(N2Cc3c(c4ccc(Cl)cc4n3C)C2=O)cc1OCCN1CCC(C)CC1,6.7
CHEMBL232046,COc1ccc(N2Cc3c(c4cc(Cl)ccc4n3C)C2=O)cc1OCCN1CCC(C)CC1,7.4
CHEMBL232047,COc1ccc(N2Cc3c(c4ccc(F)cc4n3C)C2=O)cc1OCCN1CCC(C)CC1,6.6
CHEMBL232254,COc1ccc(N2Cc3c(c4cc(F)ccc4n3C)C2=O)cc1OCCN1CCC(C)CC1,7.2
CHEMBL2334981,CC(C)c1cccc(-c2c(-c3ccc4nn(C)cc4c3)nsc2NC(=O)[C@@H]2C[C@H]2C)n1.Cl,5.5
CHEMBL2337104,Cc1cc(C2CC2)cc2c1C(=O)N[C@H]1CNC[C@H]21.Cl,6.75
CHEMBL2337105,Cc1cc(C(C)C)cc2c1C(=O)N[C@H]1CNC[C@H]21.Cl,6.27
CHEMBL2337106,CCc1cc2c(c(C(F)(F)F)c1)C(=O)N[C@H]1CNC[C@H]21.Cl,7.06
CHEMBL2337488,CCc1cc2c(c(C(F)(F)F)c1)C(=O)N(C)[C@H]1CNC[C@H]21.Cl,6.85
CHEMBL2337489,Cl.O=C1N[C@H]2CNC[C@H]2c2cccc(C(F)(F)F)c21,5.62
CHEMBL2337490,Cl.O=C1N[C@H]2CNC[C@@H]2c2cccc(C(F)(F)F)c21,7.48
CHEMBL2337491,Cl.O=C1N[C@@H]2CNC[C@H]2c2cccc(C(F)(F)F)c21,5.21
CHEMBL2337492,CN1C(=O)c2c(cccc2C(F)(F)F)[C@H]2CNC[C@@H]21.Cl,7.62
CHEMBL2337493,Cl.O=C1N[C@H]2CNC[C@@H]2c2cccc(Cl)c21,7.4
CHEMBL2337494,Cc1cccc2c1C(=O)N[C@H]1CNC[C@H]21.Cl,7.64
CHEMBL2337495,Cl.O=C1N[C@H]2CNC[C@@H]2c2ccccc21,5.24
CHEMBL2337496,Cc1cc(Cl)c2c(c1)[C@H]1CNC[C@@H]1NC2=O.Cl,6.32
CHEMBL2337497,CCc1cc(Cl)c2c(c1)[C@H]1CNC[C@@H]1NC2=O.Cl,6.04
CHEMBL2337498,CCCc1cc(Cl)c2c(c1)[C@H]1CNC[C@@H]1NC2=O.Cl,6.11
CHEMBL2337499,CCc1ccc(Cl)c2c1[C@H]1CNC[C@@H]1NC2=O.Cl,7.1
CHEMBL2337500,Cl.O=C1N[C@H]2CNC[C@@H]2c2ccc(Cl)c(Cl)c21,7.32
CHEMBL2337501,Cc1ccc2c(c1Cl)C(=O)N[C@H]1CNC[C@H]21.Cl,8.4
CHEMBL2337502,CCc1cc(Cl)c2c(c1)[C@H]1CNC[C@@H]1N(C)C2=O.Cl,5.76
CHEMBL2337503,Cc1cc(C)c2c(c1)[C@H]1CNC[C@@H]1NC2=O.Cl,6.72
CHEMBL2337504,CCc1cc(C)c2c(c1)[C@H]1CNC[C@@H]1NC2=O.Cl,6.73
CHEMBL234006,COc1ccc(N2Cc3cccc(C)c3C2=O)cc1OCCN1CCC(C)CC1,6.7
CHEMBL234109,COc1ccc(N2Cc3cccc(Br)c3C2=O)cc1OCCN1CCC(C)CC1,6.8
CHEMBL234492,COc1ccc(N2Cc3cc(Cl)cc(Cl)c3C2=O)cc1OCCN1CCCC(C)C1,6.9
CHEMBL234494,COc1ccc(N2Cc3cc(Cl)cc(Cl)c3C2=O)cc1OCCN1CCC(C)(C)CC1,6.6
CHEMBL234531,COc1ccc(N2Cc3c(F)c(F)cc(Cl)c3C2=O)cc1OCCN1CCC(C)CC1,6.9
CHEMBL234532,COc1ccc(N2Cc3cc(Cl)cc(Cl)c3C2=O)cc1OCCN1CCC(C)CC1,6.7
CHEMBL234533,COc1ccc(N2Cc3ccc(Cl)c(Cl)c3C2=O)cc1OCCN1CCC(C)CC1,7.0
CHEMBL234738,COc1ccc(N2Cc3cc(Cl)c(Cl)c(C)c3C2=O)cc1OCCN1CCC(C)CC1,7.0
CHEMBL234739,COc1ccc(N2Cc3cc(F)cc(C(F)(F)F)c3C2=O)cc1OCCN1CCC(C)CC1,6.6
CHEMBL234947,COc1ccc(N2Cc3c(c4cc(Cl)c(Cl)cc4n3C)C2=O)cc1OCCN1CCCCC1,6.7
CHEMBL238519,Cc1ccc2c(OCCN3CCC(Cc4ccc5c(c4F)NC(=O)CO5)CC3)cc(Cl)cc2n1,5.8
CHEMBL238520,Cc1ccc2c(OCCN3CCC(Cc4cc5c(cc4F)OCC(=O)N5)CC3)cc(F)cc2n1,6.0
CHEMBL238732,Cc1ccc2c(OCCN3CCC(Cc4cc(F)c5c(c4)NC(=O)CO5)CC3)cc(Cl)cc2n1,5.5
CHEMBL240045,CC(C(=O)N1c2ccccc2Sc2ccccc21)c1ccccc1,6.77
CHEMBL2424668,Cl.O=C(Cc1ccc(OC2CCNCC2)cc1OCCF)N1CCC(N2C(=O)CCc3ccccc32)CC1,6.3
CHEMBL2432051,COc1cc(CN[C@H]2C3C4CC5C6C4CC3C6C52)cc(OC)c1OC,5.71
CHEMBL2432058,CN(CCc1ccccc1)[C@H]1C2C3CC4C5C3CC2C5C41,5.57
CHEMBL2436555,Cl.NC1=Nc2ccc(Cl)cc2CN1,6.25
CHEMBL243712,CCN1CCCC1CNC(=O)c1cc(S(=O)(=O)CC)c(N)cc1OC,6.5
CHEMBL2442270,N=C1NC(=O)/C(=C\c2c[nH]c3ccccc23)N1,6.63
CHEMBL2442271,N=C1NC(=O)/C(=C\c2c[nH]c3cccc(Br)c23)N1,6.35
CHEMBL2442272,N=C1NC(=O)/C(=C\c2c[nH]c3ccc(Br)cc23)N1,7.29
CHEMBL2442273,N=C1NC(=O)/C(=C\c2c[nH]c3cc(Br)ccc23)N1,6.57
CHEMBL2442274,N=C1NC(=O)/C(=C\c2c[nH]c3c(Br)cccc23)N1,6.34
CHEMBL254832,CC(NCCC(c1ccccc1)c1ccccc1)c1ccccc1,5.49
CHEMBL267930,O=C(CCCN1CCC2(CC1)C(=O)NCN2c1ccccc1)c1ccc(F)cc1,5.9
CHEMBL27,CC(C)NCC(O)COc1cccc2ccccc12,6.66
CHEMBL273921,O=C1c2ccccc2CCCN1CCN1CCC(n2c(O)nc3cc(F)ccc32)CC1,6.0
CHEMBL274066,COc1cc2c(cc1C(F)(F)F)N(C(=O)Nc1cccc(-c3c(C)ccnc3C)c1)CC2,7.9
CHEMBL274692,COc1cc2c(cc1C(F)(F)F)N(C(=O)Nc1ccc(-c3ccncc3)cc1)CC2,7.9
CHEMBL275854,CC(N)Cc1c[nH]c2ccc(O)cc12,7.89
CHEMBL276140,CSc1cc2c(cc1C(F)(F)F)N(C(=O)Nc1cccnc1)CC2,7.9
CHEMBL276571,COc1ccc(NC(=O)N2CCc3cc(OC)c(C(F)(F)F)cc32)cc1-c1cccnc1,7.8
CHEMBL277111,COc1cc2c(cc1C(F)(F)F)N(C(=O)Nc1ccc(-c3cccnc3)nc1)CC2,8.0
CHEMBL277732,COc1cc2c(cc1C(F)(F)F)N(C(=O)Nc1cncc(-c3cc(F)cc(F)c3)c1)CC2,6.3
CHEMBL278267,COc1cc2c(cc1C(F)(F)F)N(C(=O)Nc1ccc(-c3cccnc3)cc1)CC2,8.0
CHEMBL278685,COc1cc2c(cc1C(F)(F)F)N(C(=O)Nc1cncc(-c3c(F)cccc3F)c1)CC2,7.0
CHEMBL280297,COc1cc2c(cc1C(F)(F)F)N(C(=O)Nc1cc(-c3ccccc3)cc(-c3cccnc3)c1)CC2,7.8
CHEMBL280322,COc1cc2c(cc1C(F)(F)F)N(C(=O)Nc1cc(-c3cccnc3)ccc1F)CC2,5.7
CHEMBL280465,COc1cc2c(cc1C(F)(F)F)N(C(=O)Nc1cc(F)c(C)c(-c3cccnc3)c1)CC2,8.1
CHEMBL282199,CC1CCN(CC[C@H]2CCCN2S(=O)(=O)c2cccc(O)c2)CC1,8.3
CHEMBL282971,COc1ccc(NS(=O)(=O)c2sc3ccc(Cl)cc3c2C)cc1N1CCN2CCC[C@@H]2C1,5.9
CHEMBL286739,CNc1nc(Cl)nc2c1ncn2[C@H]1[C@H](O)[C@H](O)[C@]2(CO)C[C@H]12,5.19
CHEMBL289436,CCSc1cc2c(cc1C(F)(F)F)N(C(=O)Nc1cccnc1)CC2,8.0
CHEMBL291510,Cc1ncccc1Oc1ccc(NC(=O)N2CCc3ccc(C(F)(F)F)cc32)cn1,6.4
CHEMBL291536,Cc1nc2ccc(NC(=O)Nc3ccnc4cccnc34)cc2o1,5.4
CHEMBL291949,Cc1cc2c(cc1Cl)N(C(=O)Nc1ccc(OCc3ccncc3)nc1)CC2,8.1
CHEMBL292228,Cc1cc2c(cc1Cl)CCN2C(=O)Nc1ccc(Oc2cccnc2C)nc1,6.9
CHEMBL292759,COc1ccc(NS(=O)(=O)c2ccc(Br)cc2)cc1N1CCN(C)CC1,6.2
CHEMBL293597,O=C(Nc1ccc(OCc2ccccn2)nc1)N1CCc2cc(Cl)ccc21,6.0
CHEMBL293937,Cc1cc2c(cc1Cl)N(C(=O)Nc1ccc(OCc3ccccn3)nc1)CC2,7.0
CHEMBL294030,Cc1cc2c(cc1Cl)N(C(=O)Nc1ccc(Oc3cccnc3Cl)nc1)CC2,7.3
CHEMBL29410,COc1ccc(NS(=O)(=O)c2sc3ccc(Cl)cc3c2C)cc1N1CCN2CCCCC2C1,5.7
CHEMBL29433,COc1ccc(NS(=O)(=O)c2sc3ccc(Cl)cc3c2C)cc1N1CCN2CCC[C@H]2C1,5.9
CHEMBL297445,CC(C)(C)c1cc2c(cc1Cl)N(C(=O)Nc1cccnc1)CC2,6.8
CHEMBL29846,COc1ccc(NS(=O)(=O)c2sc3ccc(Cl)cc3c2C)cc1N1CCN(C)CC1,6.0
CHEMBL298696,Cc1ncccc1Oc1ccc(NC(=O)N2CCc3c(Cl)cccc32)cn1,5.6
CHEMBL299498,Cn1ccc2cc(NC(=O)Nc3ccnc4ccccc34)ccc21,8.6
CHEMBL299506,COc1cc2c(cc1C(F)(F)F)N(C(=O)Nc1cnc(Oc3cccnc3C)cc1C)CC2,6.6
CHEMBL299530,Cc1ncccc1Oc1ccc(NC(=O)N2CCc3cc(F)c(Cl)cc32)cn1,6.2
CHEMBL299726,Cc1ncccc1Oc1ccc(NC(=O)N2CCc3ccc(Cl)cc32)cn1,6.1
CHEMBL299938,Cc1cc2c(cc1C(F)(F)F)N(C(=O)Nc1ccc(Oc3cncnc3C)nc1)CC2,7.9
CHEMBL300618,O=C(Nc1ccc(OCc2ccccn2)nc1)N1CCc2cc(C(F)(F)F)ccc21,6.4
CHEMBL300835,Cc1cc2cc(NC(=O)Nc3ccnc4ccccc34)ccc2n1C,8.4
CHEMBL301012,Cc1cc2c(cc1Cl)N(C(=O)Nc1cnc(Oc3cccnc3C)c(Cl)c1)CC2,7.7
CHEMBL301209,CN1CCc2cc(NC(=O)Nc3ccnc4ccccc34)ccc21,7.9
CHEMBL301409,Cc1cc2c(cc1Cl)N(C(=O)Nc1ccc(OCc3nccs3)nc1)CC2,7.0
CHEMBL301784,Cc1ncccc1Oc1ccc(NC(=O)N2CCc3cc(Cl)c(Cl)cc32)cn1,6.5
CHEMBL307770,COc1cc(Br)c2c3c1C[C@H](N)C[C@H]3CO2,4.95
CHEMBL3092754,Cl.NC(N)=NC(=O)c1ccc2c(c1)oc1ccccc12,8.68
CHEMBL3092755,Cl.NC(N)=NC(=O)c1ccc2c(c1)[nH]c1ccccc12,8.0
CHEMBL3092756,Cl.NC(N)=NC(=O)c1ccc2c(c1)Nc1ccccc1O2,8.44
CHEMBL3092757,Cl.NC(N)=NC(=O)c1ccc2c(c1)Oc1ccccc1N2,8.62
CHEMBL3092759,Cl.NC(N)=NC(=O)c1ccc2c(c1)C(O)c1ccccc1-2,8.74
CHEMBL3092760,Cl.NC(N)=NC(=O)c1cccc2c1Cc1ccccc1-2,8.96
CHEMBL3092761,Cl.NC(N)=NC(=O)c1ccc2c(c1)-c1ccccc1C2O,7.06
CHEMBL3092762,Cl.NC(N)=NC(=O)c1cccc2c1-c1ccccc1C2,7.56
CHEMBL3092763,Cl.NC(N)=NC(=O)/C=C/c1ccc2c(c1)C(O)c1ccccc1-2,7.28
CHEMBL310656,COc1ccc(OC)c(C(=O)CCCCN2CCC3(CC2)NC(=O)NC3=O)c1,6.9
CHEMBL31115,COc1ccc2[nH]cc(CC(C)N)c2c1,8.11
CHEMBL3126299,O=c1cc(CCCc2ccccc2)oc2cccc(O)c12,6.6
CHEMBL3126302,O=c1cc(CCc2cccs2)oc2cccc(O)c12,6.0
CHEMBL313745,COc1cc(OC)c(C(=O)CCCCN2CCC3(CC2)NC(=O)NC3=O)cc1NS(=O)(=O)c1ccccc1Cl,6.4
CHEMBL3139188,NC(N)=NC(=O)c1ccc2c(c1)C(O)c1ccccc1-2,8.74
CHEMBL318018,Cc1sc2ccc(Cl)cc2c1S(=O)(=O)Nc1ccc2nccc(N3CCNCC3)c2c1,5.9
CHEMBL3217984,CN1CCC2C(C1)c1cccc3c1N2c1ccccc1CS3,8.3
CHEMBL328375,COc1cc(OC)c(C(=O)CCCCN2CCC3(CC2)NC(=O)NC3=O)cc1NS(=O)(=O)c1ccc(F)cc1,6.9
CHEMBL3310109,Cl.NC(N)=NC(=O)c1ccc2c(c1)C(O)c1cccc(Cl)c1-2,8.82
CHEMBL3310110,Cl.NC(N)=NC(=O)c1ccc2c(c1)C(O)c1cc(Cl)ccc1-2,8.77
CHEMBL3310111,Cc1cccc2c1-c1ccc(C(=O)N=C(N)N)cc1C2O.Cl,9.09
CHEMBL3310112,Cl.NC(N)=NC(=O)c1ccc2c(c1)C(O)c1cccc(F)c1-2,9.04
CHEMBL3310113,CCc1cccc2c1-c1ccc(C(=O)N=C(N)N)cc1C2O,8.8
CHEMBL3310114,Cl.NC(N)=NC(=O)c1ccc2c(c1)C(O)c1ccc(Cl)cc1-2,7.96
CHEMBL3310115,Cl.NC(N)=NC(=O)c1ccc2c(c1)C(O)c1c(Cl)cccc1-2,9.96
CHEMBL3310116,Cc1cccc2c1C(O)c1cc(C(=O)N=C(N)N)ccc1-2.Cl,9.17
CHEMBL3310117,Cl.NC(N)=NC(=O)c1ccc2c(c1)C(O)c1cccc(CO)c1-2,8.18
CHEMBL3310118,COCc1cccc2c1-c1ccc(C(=O)N=C(N)N)cc1C2O.Cl,8.2
CHEMBL3310119,CC(=O)NC1c2ccccc2-c2ccc(C(=O)N=C(N)N)cc21.Cl,7.47
CHEMBL3310120,Cl.NC(N)=NC(=O)c1ccc2c(c1)C(N)c1ccccc1-2,7.75
CHEMBL3310121,Cl.N=C(N)NC(=O)c1ccc2c(c1)C(F)c1ccccc1-2,9.05
CHEMBL3310122,CC1c2ccccc2-c2ccc(C(=O)N=C(N)N)cc21.Cl,8.36
CHEMBL3310123,CC1(O)c2ccccc2-c2ccc(C(=O)N=C(N)N)cc21.Cl,8.37
CHEMBL3310713,Cc1cccc2c1-c1ccc(C(=O)N=C(N)N)cc1C2(C)O.Cl,8.96
CHEMBL3310714,CCc1cccc2c1-c1ccc(C(=O)N=C(N)N)cc1C2(C)O.Cl,9.15
CHEMBL3321788,OC1(c2ccc(Cl)cc2)CC2CCC(C1)N2CCCCc1ccc(F)cc1,5.86
CHEMBL3321789,OC1(c2ccc(Cl)cc2)CC2CCC(C1)N2CCCOc1ccc(F)cc1,6.05
CHEMBL3321790,OC1(c2ccc(Cl)cc2)CC2CCC(C1)N2CCCSc1ccc(F)cc1,5.98
CHEMBL3321791,OC1(c2ccc(Cl)cc2)CC2CCC(C1)N2CCCSc1cccc(F)c1,6.57
CHEMBL3321792,OC1(c2ccc(Cl)cc2)CC2CCC(C1)N2CCCSc1ccccc1F,6.28
CHEMBL334255,CCCCCCCCCCCCCCCC[n+]1ccccc1.[Br-],5.44
CHEMBL3343663,CCC1(O)c2ccccc2-c2ccc(C(=O)N=C(N)N)cc21.Cl,7.39
CHEMBL3343664,CCCCC1(O)c2ccccc2-c2ccc(C(=O)N=C(N)N)cc21.Cl,7.51
CHEMBL3343665,COC1(C)c2ccccc2-c2ccc(C(=O)N=C(N)N)cc21.Cl,8.48
CHEMBL3343666,CCC1(OC)c2ccccc2-c2ccc(C(=O)N=C(N)N)cc21.Cl,8.32
CHEMBL3343667,COCC1(OC)c2ccccc2-c2ccc(C(=O)N=C(N)N)cc21.Cl,8.7
CHEMBL3343668,Cl.NC(N)=NC(=O)c1ccc2c(c1)C1(CC1)c1ccccc1-2,9.29
CHEMBL3343669,Cl.NC(N)=NC(=O)c1ccc2c(c1)C1(CCCC1)c1ccccc1-2,8.77
CHEMBL3343670,Cl.NC(N)=NC(=O)c1ccc2c(c1)C1(CCCO1)c1ccccc1-2,8.29
CHEMBL3343671,Cl.NC(N)=NC(=O)c1ccc2c(c1)C1(CCOCC1)c1ccccc1-2,8.04
CHEMBL3402655,CN(C)[C@H]1Cc2ccccc2[C@H](C2CCCCCCC2)C1.Cl,7.4
CHEMBL3402656,CN(C)[C@@H]1Cc2ccccc2[C@@H](C2CCCCC2)C1.Cl,7.7
CHEMBL3402657,CN(C)[C@H]1Cc2ccccc2[C@H](C2CCCCC2)C1.Cl,6.77
CHEMBL3402658,CN(C)[C@@H]1Cc2ccccc2[C@@H](c2ccccc2Br)C1.Cl,6.19
CHEMBL3402659,CN(C)[C@H]1Cc2ccccc2[C@H](c2ccccc2Br)C1.Cl,5.39
CHEMBL3402660,CN(C)[C@H]1Cc2ccccc2[C@H](c2ccc([N+](=O)[O-])cc2)C1.Cl,5.39
CHEMBL3402661,CN(C)[C@@H]1Cc2ccccc2[C@@H](c2ccc(C(F)(F)F)cc2)C1.Cl,6.27
CHEMBL3402662,CN(C)[C@H]1Cc2ccccc2[C@H](c2ccc(C(F)(F)F)cc2)C1.Cl,6.6
CHEMBL3402663,CN(C)[C@@H]1Cc2ccccc2[C@@H](c2ccc(Br)cc2)C1.Cl,6.68
CHEMBL3402664,CN(C)[C@H]1Cc2ccccc2[C@H](c2ccc(Br)cc2)C1.Cl,7.52
CHEMBL3402665,CN(C)[C@@H]1Cc2ccccc2[C@@H](c2ccc(Cl)cc2)C1.Cl,6.52
CHEMBL3402666,CN(C)[C@H]1Cc2ccccc2[C@H](c2ccc(Cl)cc2)C1.Cl,7.1
CHEMBL3402667,CN(C)[C@@H]1Cc2ccccc2[C@@H](c2ccc(F)cc2)C1.Cl,6.4
CHEMBL3402668,CN(C)[C@H]1Cc2ccccc2[C@H](c2ccc(F)cc2)C1.Cl,7.18
CHEMBL3402669,CN(C)[C@@H]1Cc2ccccc2[C@@H](c2cccc([N+](=O)[O-])c2)C1.Cl,7.16
CHEMBL3402670,CN(C)[C@H]1Cc2ccccc2[C@H](c2cccc([N+](=O)[O-])c2)C1.Cl,7.7
CHEMBL3402671,CN(C)[C@@H]1Cc2ccccc2[C@@H](c2cccc(C(F)(F)F)c2)C1.Cl,7.22
CHEMBL3402672,CN(C)[C@H]1Cc2ccccc2[C@H](c2cccc(C(F)(F)F)c2)C1.Cl,6.7
CHEMBL3402673,CN(C)[C@@H]1Cc2ccccc2[C@@H](c2cccc(Br)c2)C1.Cl,8.1
CHEMBL3402674,CN(C)[C@H]1Cc2ccccc2[C@H](c2cccc(Br)c2)C1.Cl,7.4
CHEMBL3402675,CN(C)[C@@H]1Cc2ccccc2[C@@H](c2cccc(Cl)c2)C1.Cl,7.52
CHEMBL3402676,CN(C)[C@H]1Cc2ccccc2[C@H](c2cccc(Cl)c2)C1.Cl,7.3
CHEMBL3402677,CN(C)[C@@H]1Cc2ccccc2[C@@H](c2cccc(F)c2)C1.Cl,7.16
CHEMBL3402678,CN(C)[C@H]1Cc2ccccc2[C@H](c2cccc(F)c2)C1.Cl,6.96
CHEMBL3402680,CN(C)[C@@H]1Cc2ccccc2[C@@H](C2CCCCCCC2)C1.Cl,8.0
CHEMBL3402681,CN(C)[C@H]1Cc2ccccc2[C@H](c2cccc(-c3ccccc3)c2)C1.Cl,6.7
CHEMBL3402682,CN(C)[C@@H]1Cc2ccccc2[C@@H](c2cccc(-c3ccccc3)c2)C1.Cl,7.14
CHEMBL3402683,CN(C)[C@H]1Cc2ccccc2[C@H](c2ccccc2Cl)C1.Cl,6.15
CHEMBL3402684,CN(C)[C@@H]1Cc2ccccc2[C@@H](c2ccccc2Cl)C1.Cl,6.52
CHEMBL3402685,Cc1ccccc1[C@@H]1C[C@@H](N(C)C)Cc2ccccc21.Cl,5.22
CHEMBL3402686,Cc1ccccc1[C@H]1C[C@H](N(C)C)Cc2ccccc21.Cl,6.1
CHEMBL343755,C[C@H]1C[C@H](C)N1C(=O)[C@@H]1C=C2c3cccc4[nH]cc(c34)CC2N(C)C1,7.57
CHEMBL357995,Cc1cc2c(OCC(CNC(C)(C)C)OC(=O)c3ccccc3)cccc2[nH]1,6.01
CHEMBL358810,NC1CC1c1c[nH]c2ccccc12,7.23
CHEMBL3593949,O=c1cc(CCc2cccc(O)c2)oc2cccc(O)c12,5.9
CHEMBL3593950,O=c1cc(CCc2ccc(O)cc2)oc2cccc(O)c12,6.0
CHEMBL3593951,O=c1cc(CCc2ccco2)oc2cccc(O)c12,5.7
CHEMBL3593952,O=c1cc(COCc2ccccc2)oc2cccc(O)c12,5.8
CHEMBL3608450,COc1cc2c3c(c1OC)-c1cc4c(cc1CC3N(C)CC2c1ccccc1)OCO4,7.02
CHEMBL3608451,CCOc1c(OC)cc2c3c1-c1cc4c(cc1CC3N(C)CC2c1ccccc1)OCO4,6.68
CHEMBL3609140,CCCOc1c(OC)cc2c3c1-c1cc4c(cc1CC3N(C)CC2c1ccccc1)OCO4,6.51
CHEMBL3609141,CCCCOc1c(OC)cc2c3c1-c1cc4c(cc1CC3N(C)CC2c1ccccc1)OCO4,6.22
CHEMBL3609142,CCCCCCOc1c(OC)cc2c3c1-c1cc4c(cc1CC3N(C)CC2c1ccccc1)OCO4,6.18
CHEMBL3609143,COc1cc2c3c(c1OCC1CC1)-c1cc4c(cc1CC3N(C)CC2c1ccccc1)OCO4,6.52
CHEMBL3609144,C=CCOc1c(OC)cc2c3c1-c1cc4c(cc1CC3N(C)CC2c1ccccc1)OCO4,6.38
CHEMBL3609146,COc1cc2c3c(c1O)-c1cc4c(cc1CC3N(C)CC2c1ccccc1)OCO4,6.15
CHEMBL3609147,CCN1CC(c2ccccc2)c2cc(OC)c(OC)c3c2C1Cc1cc2c(cc1-3)OCO2,6.38
CHEMBL3609148,COc1cc2c3c(c1OC)-c1cc4c(cc1CC3N(CC1CC1)CC2c1ccccc1)OCO4,5.84
CHEMBL3612940,CCNc1cc(C#Cc2ccc(Cl)s2)nc2c1ncn2[C@H]1[C@H](O)[C@H](O)[C@]2(C(=O)NC)C[C@H]12,5.6
CHEMBL365751,Cc1[nH]c2ccc(Cl)cc2c1CCN(C)C,6.61
CHEMBL3734894,COc1cccc(CCCN(CCc2ccc(OC)c(OC)c2)Cc2ccc3c(c2)OCO3)c1,7.23
CHEMBL3735261,COc1ccc(CCN(CCCc2cc(OC)c(OC)c(OC)c2)CCc2ccc3c(c2)OCO3)cc1OC,8.39
CHEMBL3735434,COc1ccc(OC)c(CCCN(CCc2ccc(OC)c(OC)c2)CCc2ccc3c(c2)OCO3)c1,7.44
CHEMBL3735643,COc1ccc(CCN(CCCc2cc(OC)c(OC)c(OC)c2)Cc2ccc3c(c2)OCO3)cc1OC,6.64
CHEMBL3735756,COc1ccc(CCN(CCCc2ccccc2)CCc2ccc3c(c2)OCO3)cc1OC,7.58
CHEMBL3735862,COc1ccc(CCN(CCc2ccc3c(c2)OCO3)Cc2ccccc2)cc1OC,7.23
CHEMBL3735911,COc1cccc(CCCN(CCc2ccc(OC)c(OC)c2)CCc2ccc3c(c2)OCO3)c1,8.34
CHEMBL3736149,COc1ccccc1CCCN(CCc1ccc(OC)c(OC)c1)CCc1ccc2c(c1)OCO2,8.24
CHEMBL3736207,COc1ccc(CCCN(CCc2ccc(OC)c(OC)c2)CCc2ccc3c(c2)OCO3)cc1,8.17
CHEMBL3736252,COc1ccc(CCN(CCc2ccccc2)CCc2ccc3c(c2)OCO3)cc1OC,7.77
CHEMBL3736516,COc1ccc(CCN(CC/C=C\c2ccccc2)Cc2ccc3c(c2)OCO3)cc1OC,7.68
CHEMBL3752576,C=CCN(CC=C)CCc1c[nH]c2ccccc12,7.21
CHEMBL3752900,C=CCN(CC=C)CCc1c[nH]c2ccc(Cl)cc12,7.52
CHEMBL3753318,C=CCN(CC=C)CCc1c[nH]c2ccc(C)cc12,7.22
CHEMBL3754166,C=CCN(CC=C)CCc1c[nH]c2ccc(Br)cc12,7.28
CHEMBL3754496,C=CCN(CC=C)CCc1c[nH]c2ccc(F)cc12,7.78
CHEMBL3763779,COc1ccccc1N1CCN(CCCCC(=O)n2c3ccccc3c3ccccc32)CC1.Cl,7.03
CHEMBL3764133,Cl.O=C(CCCCN1CCN(c2ccccc2O)CC1)n1c2ccccc2c2ccccc21,7.08
CHEMBL3764335,Cl.O=C(CCCCCN1CCN(c2ccccc2O)CC1)n1c2ccccc2c2ccccc21,7.0
CHEMBL376455,O=C1c2ccccc2C2CNCCN12,5.34
CHEMBL376456,COc1cccc2c1C(=O)N1CCNCC21,6.72
CHEMBL3764650,COc1ccccc1N1CCN(CCCCCC(=O)n2c3ccccc3c3ccccc32)CC1.Cl,6.38
CHEMBL3765778,Cc1ccc(C(C)(C)O)cc1-c1ccc2c(n1)n(C)c(=O)n2CC(C)(C)C,5.72
CHEMBL376962,COc1ccc(N2CC=C(c3ccc(Cl)c(Cl)c3)C2=O)cc1OCCN1CCC(C)(C)CC1,6.5
CHEMBL3769968,C=CCOc1cc(F)c(F)cc1C1CC1CN.Cl,7.17
CHEMBL3770106,CCOC(=O)c1cccc(NC2=NC(N)=NC3(CCCCC3)N2)c1,8.14
CHEMBL3770342,NC1=NC2(CCCCC2)NC(Nc2cccc(Br)c2)=N1,8.24
CHEMBL3770837,NC1=NC2(CCCCC2)NC(Nc2ccccc2)=N1,6.82
CHEMBL3770981,CCOC(=O)c1cccc(NC2=NC(N(C)C)=NC3(CCCCC3)N2)c1,7.42
CHEMBL3771331,CCNC(=O)c1cccc(NC2=NC(N)=NC3(CCCCC3)N2)c1,7.56
CHEMBL3813726,COc1ccc(CCN(CCCc2ccccc2Br)CCc2ccc3c(c2)OCO3)cc1OC,8.47
CHEMBL3813789,COc1ccc(CCN(CCCc2ccc(I)cc2)CCc2ccc3c(c2)OCO3)cc1OC,7.29
CHEMBL3813796,COc1ccc(CCN(CCCc2ccccc2Cl)CCc2ccc3c(c2)OCO3)cc1OC,8.51
CHEMBL3813855,COc1ccc(CCN(CCCc2ccccc2I)CCc2ccc3c(c2)OCO3)cc1OC,7.89
CHEMBL3814485,COc1ccc(CCN(CCCc2ccc(Br)cc2)CCc2ccc3c(c2)OCO3)cc1OC,7.35
CHEMBL3814559,COc1ccc(CCN(CCCc2cccc(I)c2)CCc2ccc3c(c2)OCO3)cc1OC,7.75
CHEMBL3814708,COc1ccc(CCN(CCCc2ccc(Cl)cc2)CCc2ccc3c(c2)OCO3)cc1OC,7.27
CHEMBL3814737,COc1ccc(CCN(CCCc2ccc(F)cc2)CCc2ccc3c(c2)OCO3)cc1OC,7.85
CHEMBL3814821,COc1ccc(CCN(CCCc2cccc(Cl)c2)CCc2ccc3c(c2)OCO3)cc1OC,7.77
CHEMBL3815000,COc1ccc(CCN(CCCc2cccc(F)c2)CCc2ccc3c(c2)OCO3)cc1OC,7.75
CHEMBL3815066,COc1ccc(CCN(CCCc2cccc(Br)c2)CCc2ccc3c(c2)OCO3)cc1OC,7.85
CHEMBL3815112,COc1ccc(CCN(CCCc2ccccc2F)CCc2ccc3c(c2)OCO3)cc1OC,8.77
CHEMBL3817898,COc1ccc(C(=O)CCCN2CCc3ccccc3C2)cc1,6.14
CHEMBL3817911,O=C1c2ccccc2C(=O)N1CCCCN1CCC2CCCCC2C1,6.4
CHEMBL3818047,O=C(CCCN1CCc2ccccc2C1)c1ccc(Cl)cc1,6.63
CHEMBL3818056,O=C(CCCN1CCc2ccccc2C1)c1ccc(O)cc1,6.45
CHEMBL3818124,O=C1NCN(c2ccccc2)C12CCN(CCCCc1nc3cc(Cl)ccc3s1)CC2,7.44
CHEMBL3818128,Cl.Fc1ccc(CCCCN2CCc3ccccc3C2)cc1,5.77
CHEMBL3818200,N#Cc1ccc(C(=O)CCCN2CCc3ccccc3C2)cc1,6.82
CHEMBL3818478,O=C1NCN(c2ccccc2)C12CCN(CCCCc1c[nH]c3ccccc13)CC2,6.7
CHEMBL3818710,Cl.[O-][S+](CCCN1CCc2ccccc2C1)c1ccc(F)cc1,5.93
CHEMBL3818805,O=c1[nH]c2cc(Cl)ccc2n1C1CCN(CCCCc2c[nH]c3ccccc23)CC1,7.29
CHEMBL3818881,Cl.O=C(CCCCN1C2CCC1CC(O)(c1ccc(Cl)cc1)C2)c1nc2ccccc2s1,6.12
CHEMBL3818935,O=C1NCN(c2ccccc2)C12CCN(CCCCc1nc3ccccc3o1)CC2,6.04
CHEMBL3818989,O=C(CCCN1CCc2ccccc2C1)c1ccccc1,6.56
CHEMBL3818994,O=C(CCCN1CCc2ccccc2C1)c1ccc(F)cc1,6.21
CHEMBL3819082,Cl.Fc1ccc2c(c1)CC(CCN1CCc3ccccc3C1)C2,5.9
CHEMBL3819153,O=c1[nH]c2cc(Cl)ccc2n1C1CCN(CCCCc2nc3ccccc3o2)CC1,6.29
CHEMBL3819366,Cl.Fc1ccc(OCCCN2CCc3ccccc3C2)cc1,6.25
CHEMBL3819427,NC(=O)c1ccc(C(=O)CCCN2CCc3ccccc3C2)cc1,6.23
CHEMBL3819434,Cl.OC1(c2ccc(Cl)cc2)CC2CCC(C1)N2CCCCc1nc2ccccc2s1,6.47
CHEMBL3819556,Cl.Fc1ccc(SCCCN2CCc3ccccc3C2)cc1,6.69
CHEMBL3819567,O=C1NCN(c2ccccc2)C12CCN(CCCCc1nc3ccccc3s1)CC2,6.91
CHEMBL385921,COc1ccc(N2CCC(c3ccc(Cl)c(Cl)c3)C2=O)cc1OCCN1CCCCC1,5.8
CHEMBL386332,COc1ccc(N2CC=C(c3ccc(C)cc3)C2=O)cc1OCCN1CCC(C)CC1,5.8
CHEMBL387344,O=C1c2c(O)cccc2C2CNCCN12,5.43
CHEMBL388882,COc1ccc(N2Cc3sc4ccccc4c3C2=O)cc1OCCN1CCC(C)CC1,6.7
CHEMBL3890153,Br.c1ccc2c(c1)CCN(CCCc1nc3ccccc3s1)C2,7.75
CHEMBL3890841,C1=C(CCN2CCc3ccccc3C2)Cc2ccccc21,6.83
CHEMBL3895972,CC1(C)Cc2cccc(Cl)c2N2CCNCC21,8.2
CHEMBL3898250,Cl.O=C1c2ccc(Cl)cc2CC1CCN1CCc2ccccc2C1,6.96
CHEMBL3899099,Cl.Clc1cccc2c1CN(CCCCc1nc3ccccc3s1)CC2,6.62
CHEMBL3899169,Cc1ccc2c(c1)Oc1sc(Cl)cc1C(N1CCN(CC(C)(C)C(=O)O)CC1)=N2,6.92
CHEMBL3904817,CCC(CC)Nc1nc(Cl)nc2c1ncn2[C@H]1[C@H](O)[C@H](O)[C@]2(CO)C[C@H]12,6.32
CHEMBL3905850,CC(C)[C@@H](Nc1nc(Cl)nc2c1ncn2[C@H]1[C@H](O)[C@H](O)[C@]2(CO)C[C@H]12)C1CC1,6.79
CHEMBL3908870,CC1(C)CC(=O)N(CCCCN2Cc3ccccc3C2)C(=O)C1,6.28
CHEMBL3912721,c1cc(CC2CCC2)c2c(c1)N1CCNCC1CC2,7.2
CHEMBL3913293,CC(=O)NCCNC(=O)[C@@]12C[C@@H]1[C@@H](n1cnc3c(NC(C4CC4)C4CC4)nc(Cl)nc31)[C@H](O)[C@@H]2O,6.48
CHEMBL3914002,Clc1cccc(CNc2nc(Cl)nc3[nH]cnc23)c1,5.67
CHEMBL3914843,OC[C@@]12C[C@@H]1[C@@H](n1cnc3c(N[C@H](C4CCC4)C4CC4)nc(Cl)nc31)[C@H](O)[C@@H]2O,7.47
CHEMBL3919795,c1ccc(Cc2cccc3c2CCC2CNCCN32)cc1,7.4
CHEMBL3923870,OC[C@@]12C[C@@H]1[C@@H](n1cnc3c(NC(C4CC4)C4CC4)nc(Cl)nc31)[C@H](O)[C@@H]2O,7.96
CHEMBL3924565,Cl.O=C(CCCN1CCCc2ccccc2C1)c1ccc(Cl)cc1,6.3
CHEMBL3928983,O=C(O)[C@@]12C[C@@H]1[C@@H](n1cnc3c(NC(C4CC4)C4CC4)nc(Cl)nc31)[C@H](O)[C@@H]2O,5.83
CHEMBL3931747,OC[C@@]12C[C@@H]1[C@@H](n1cnc3c(N[C@@H](C4CCC4)C4CC4)nc(Cl)nc31)[C@H](O)[C@@H]2O,7.11
CHEMBL3932820,CC[C@@H](Nc1nc(Cl)nc2c1ncn2[C@H]1[C@H](O)[C@H](O)[C@]2(CO)C[C@H]12)C1CC1,6.73
CHEMBL3935339,c1cc(Cc2ccc3c(c2)OCO3)c2c(c1)N1CCNCC1CC2,6.9
CHEMBL3936289,CN1CC[C@H]2CC(=O)[C@H](Cc3ccccc3)[C@H]3CCC[C@@H]1[C@H]23,5.72
CHEMBL3938006,CN(C)c1nc(Cl)nc2c1ncn2[C@H]1[C@H](O)[C@H](O)[C@]2(C(=O)O)C[C@H]12,5.33
CHEMBL3941738,CNC(=O)[C@@]12C[C@@H]1[C@@H](n1cnc3c(N(C)C)nc(Cl)nc31)[C@H](O)[C@@H]2O,5.68
CHEMBL3941795,Cl.Clc1ccc2sc(CCCCN3CCC4CCCCC4C3)nc2c1,7.19
CHEMBL3941980,Fc1ccc(C#Cc2nc(NCc3cccc(Cl)c3)c3nc[nH]c3n2)cc1F,5.4
CHEMBL3947276,CCCc1cccc2c1CCC1CNCCN21,7.6
CHEMBL395059,COc1ccc(N2C(=O)c3c(Cl)cccc3C2C)cc1OCCN1CCC(C)CC1,6.7
CHEMBL395072,COc1ccc(N2Cc3cc(Cl)cc(Cl)c3C2=O)cc1OCCN1CCCCCC1,6.7
CHEMBL395098,COc1ccc(N2Cc3c(c4cccc(F)c4n3C)C2=O)cc1OCCN1CCC(C)CC1,7.5
CHEMBL395110,CN1CCCC(CN2c3ccccc3Sc3ccccc32)C1,6.49
CHEMBL3952251,Cl.O=C(CCCN1CCc2ccccc2CC1)c1ccc(Cl)cc1,6.26
CHEMBL395297,COc1ccc(N2Cc3cc(Cl)c(Cl)cc3C2=O)cc1OCCN1CCC(C)CC1,6.7
CHEMBL395298,COc1ccc(N2Cc3cc(Cl)c(C)c(Cl)c3C2=O)cc1OCCN1CCC(C)CC1,7.2
CHEMBL3955519,CCOC(=O)[C@@]12C[C@@H]1[C@@H](n1cnc3c(NC(C4CC4)C4CC4)nc(Cl)nc31)[C@H](O)[C@@H]2O,8.74
CHEMBL3956394,Fc1ccc2c(c1Cc1ccccc1)CCC1CNCCN21,7.9
CHEMBL3956531,CCCOC(=O)[C@@]12C[C@@H]1[C@@H](n1cnc3c(NC(C4CC4)C4CC4)nc(Cl)nc31)[C@H](O)[C@@H]2O,7.35
CHEMBL3958215,O=C1c2ccc(F)cc2CC1CCN1CCc2ccccc2C1,6.53
CHEMBL3959210,CN(C)c1nc(Cl)nc2c1ncn2[C@H]1[C@H](O)[C@H](O)[C@]2(CO)C[C@H]12,5.32
CHEMBL3959570,c1csc(Cc2cccc3c2CCC2CNCCN32)c1,7.6
CHEMBL3959919,COc1cc2c(cc1OC)CN(CCCCc1nc3cc(Cl)ccc3s1)CC2.Cl,8.15
CHEMBL396505,COc1ccc(N2Cc3cccc(Cl)c3C2=O)cc1OCCN1CCCCC1,6.5
CHEMBL396527,COc1ccc(N2Cc3cc(C)cc(C)c3C2=O)cc1OCCN1CCC(C)CC1,6.5
CHEMBL396747,COc1ccc(N2Cc3cccc(Cl)c3C2=O)cc1OCCN1CCC(C)CC1,6.9
CHEMBL396748,COc1ccc(N2Cc3cccc(C(F)(F)F)c3C2=O)cc1OCCN1CCC(C)CC1,6.3
CHEMBL3967613,CCOC(=O)[C@@]12C[C@@H]1[C@@H](n1cnc3c(N(C)C)nc(Cl)nc31)[C@H](O)[C@@H]2O,6.17
CHEMBL3970041,COC(=O)[C@@]12C[C@@H]1[C@@H](n1cnc3c(NC(C4CC4)C4CC4)nc(Cl)nc31)[C@H](O)[C@@H]2O,8.49
CHEMBL3970299,Cl.Clc1ccc2sc(CCCCN3CCc4ccccc4C3)nc2c1,7.81
CHEMBL3970994,C1=C(CCN2CCc3ccccc3C2)CCc2ccccc21,6.9
CHEMBL3971383,Cl.Clc1ccc2sc(CCCCN3CCc4c(Cl)cccc4C3)nc2c1,6.49
CHEMBL397259,COc1ccc(N2Cc3c(c4ccc(Cl)cc4n3C)C2=O)cc1OCCN1CCCCC1,6.8
CHEMBL3976121,CNC(=O)[C@@]12C[C@@H]1[C@@H](n1cnc3c(NC(C4CC4)C4CC4)nc(Cl)nc31)[C@H](O)[C@@H]2O,8.36
CHEMBL3976579,CC[C@H](Nc1nc(Cl)nc2c1ncn2[C@H]1[C@H](O)[C@H](O)[C@]2(CO)C[C@H]12)C1CC1,7.14
CHEMBL397709,COc1ccc(N2Cc3cc(Cl)cc(Cl)c3C2=O)cc1OCCN1[C@@H](C)CCC[C@H]1C,6.9
CHEMBL3978642,Cl.O=C1c2ccccc2CC1CCN1CCc2ccccc2C1,6.41
CHEMBL3983143,CC(=O)NCCCNC(=O)[C@@]12C[C@@H]1[C@@H](n1cnc3c(NC(C4CC4)C4CC4)nc(Cl)nc31)[C@H](O)[C@@H]2O,6.27
CHEMBL3984645,CC(C)[C@H](Nc1nc(Cl)nc2c1ncn2[C@H]1[C@H](O)[C@H](O)[C@]2(CO)C[C@H]12)C1CC1,6.79
CHEMBL3986927,O=C1Cc2cc(C(=O)CCCN3CCc4ccccc4C3)ccc2N1,6.32
CHEMBL402143,COc1c(OCCF)cccc1C(O)C1CCN(CCc2ccc(F)cc2)CC1,6.52
CHEMBL4066784,Cc1cccc(Cl)c1-c1nc(CN2CCC(C(=O)NCCCN3C[C@@H](C)C[C@@H](C)C3)CC2)c(C)o1,6.38
CHEMBL4072722,COc1ccccc1CNC[C@H]1C[C@@H]1c1cc(F)ccc1OC.Cl,6.39
CHEMBL408,Cc1c(C)c2c(c(C)c1O)CCC(C)(COc1ccc(CC3SC(=O)NC3=O)cc1)O2,6.08
CHEMBL408154,CCC(C)c1nc2c(c(-c3ccc(F)cc3)n1)CNCC2,5.65
CHEMBL4088036,CCCCc1cc(OC2CCN(CCCCNS(=O)(=O)CC)CC2)c2ncccc2c1.Cl.Cl,6.1
CHEMBL41389,CC(C)Oc1cc2c(cc1C(F)(F)F)N(C(=O)Nc1cccnc1)CC2,8.4
CHEMBL4160064,COc1cccc(-c2ccc3c(c2)CCN(Cc2ccccc2)C3)c1,7.19
CHEMBL4163428,CN1CCN(c2ccc3c(c2)CN(C(=O)OCc2ccccc2)C3)CC1,5.95
CHEMBL4165863,O=C(OCc1ccccc1)N1CCc2ccc(N3CCN(C4CCCC4)CC3)cc2C1,6.05
CHEMBL4167315,COc1cccc(-c2ccc3c(c2)CN(Cc2ccccc2)C3)c1,6.41
CHEMBL416896,CCc1cc(NC(=O)N2CCc3cc(OC)c(C(F)(F)F)cc32)cc(-c2cccnc2)c1,8.0
CHEMBL4169689,CCOC(=O)CCN1CCN(c2ccc3c(c2)CN(C(=O)OCc2ccccc2)CC3)CC1,6.3
CHEMBL4169752,c1ccc(CN2CCc3cc(N4CCOCC4)ccc3C2)cc1,6.44
CHEMBL417082,COc1cc2c(cc1C(F)(F)F)N(C(=O)Nc1cc3c(c(-c4cccnc4)c1)OCC3)CC2,8.1
CHEMBL417753,CN(C)c1ccc(NC(=O)Nc2ccnc3ccccc23)cc1,7.1
CHEMBL41792,CCCSc1cc2c(cc1C(F)(F)F)N(C(=O)Nc1cccnc1)CC2,7.8
CHEMBL4202582,C[C@@H]1SC(c2c[nH]c3ccccc23)=N[C@H]1CO,5.62
CHEMBL4204036,C[C@@H]1SC(c2ccccc2)=N[C@@H]1Cc1c[nH]cn1,6.16
CHEMBL4204576,C[C@@H]1SC(c2ccccc2)=N[C@H]1Cc1c[nH]cn1,6.42
CHEMBL4205064,Oc1ccccc1C1=NC(Cc2c[nH]cn2)CS1,7.0
CHEMBL4206418,C[C@@H]1SC(c2ccccc2)=N[C@H]1CO,5.52
CHEMBL4206939,C[C@@H]1SC(c2cccs2)=N[C@H]1CO,5.85
CHEMBL4207302,C[C@@H]1SC(c2ccccc2O)=N[C@H]1CO,6.89
CHEMBL4207355,CCCCCCOc1ccc(C2=N[C@@H](CO)[C@H](C)S2)cc1,5.37
CHEMBL4207529,COC(=O)[C@H](Cc1cnc[nH]1)NC(=O)[C@@H]1N=C(c2ccccc2O)S[C@@H]1C,5.85
CHEMBL4207884,Clc1ccc(-c2n[nH]c3c2CCNCC3)cc1,7.0
CHEMBL4208376,C[C@H]1SC(c2ccc(-c3ccccc3)cc2)=N[C@H]1Cc1c[nH]cn1,5.85
CHEMBL4208914,C[C@@H]1SC(c2ccc(-c3ccccc3)cc2)=N[C@H]1Cc1c[nH]cn1,5.96
CHEMBL4209274,Fc1ccc(-c2n[nH]c3c2CCNCC3)cc1,7.01
CHEMBL4209942,Oc1ccccc1C1=NC(Cc2c[nH]cn2)C(c2ccccc2)S1,7.0
CHEMBL4210782,Cc1ccc(-c2n[nH]c3c2CCNCC3)cc1,6.97
CHEMBL4210787,C[C@@H]1SC(c2cc3ccccc3cc2O)=N[C@H]1CO,6.09
CHEMBL4212246,CCCCOc1ccc(C2=N[C@@H](CO)[C@H](C)S2)cc1,5.12
CHEMBL4212435,C[C@@H]1SC(c2ccccc2O)=N[C@H]1Cc1c[nH]cn1,7.33
CHEMBL4215741,CNc1ccccc1C1=N[C@@H](CO)[C@H](C)S1,5.92
CHEMBL4215875,Cc1ccc(-c2noc3c2CCNCC3)cc1,6.82
CHEMBL4216337,O=Cc1csc(-c2ccccc2O)n1,5.82
CHEMBL4216860,COC(=O)[C@H](Cc1cnc[nH]1)NC(=O)[C@H]1N=C(c2ccccc2O)S[C@@H]1C,6.0
CHEMBL4217398,CC(C)(C)OC(=O)NCCCCCCn1cc(CCCCN2CCC(c3ccc(-c4cc(C(=O)O)cc5cc(-c6ccc(C(F)(F)F)cc6)ccc45)cc3)CC2)nn1,5.56
CHEMBL4217810,C[C@H]1SC(c2ccccc2O)=N[C@H]1CO,6.4
CHEMBL4218231,C[C@H]1SC(c2ccccc2O)=N[C@@H]1CO,6.21
CHEMBL4218672,Fc1ccc(-c2noc3c2CCNCC3)cc1,6.3
CHEMBL4218679,C[C@@H]1SC(c2ccsc2)=N[C@H]1CO,5.82
CHEMBL4218801,Clc1ccc(-c2noc3c2CCNCC3)cc1,6.61
CHEMBL425190,Cc1ccc2c(OCCN3CCN(Cc4cccc5cccnc45)CC3)cccc2n1,5.9
CHEMBL426684,COc1ccc(C2=C(C)CN(c3ccc(Cl)cc3)C2=O)cc1OCCN1CCCCC1,6.3
CHEMBL427398,COc1ccc(C2CCN(c3ccc(Cl)c(Cl)c3)C2=O)cc1OCCN1CCCCC1,6.4
CHEMBL4278465,OC1(c2ccc(Cl)c(C(F)(F)F)c2)CCN(CCCCN(c2ccc(F)cc2)c2ccc(F)cc2)CC1,6.29
CHEMBL4282117,O=C(NCCc1c[nH]c2ccccc12)C1CCN(C(=O)c2ccccc2)CC1,7.1
CHEMBL4282729,CN(C)CC/C=C1\c2ccc(Cl)cc2COc2ccccc21,8.52
CHEMBL4285281,COc1cc2c3c(c1OC)-c1ccccc1[C@@H](O)[C@@H]3NCC2,6.61
CHEMBL4286420,NC1=NC2(CCCCC2)NC(Nc2cccc(F)c2)=N1,7.27
CHEMBL4286819,NC1=NC2(CCCCC2)NC(Nc2cccc(O)c2)=N1,6.5
CHEMBL4287193,CN(C)CC/C=C1\c2ccc(Br)cc2COc2ccccc21,8.6
CHEMBL4287623,OC1(c2ccc(Cl)c(C(F)(F)F)c2)CCN(CCCC=C(c2ccc(F)cc2)c2ccc(F)cc2)CC1,5.66
CHEMBL428879,CSc1cc2c(cc1C(F)(F)F)N(C(=O)Nc1cccc(-c3cccnc3)c1)CC2,8.1
CHEMBL429,CC(CCc1ccccc1)NCC(O)c1ccc(O)c(C(N)=O)c1,5.71
CHEMBL4290245,NC1=NC2(CCCCC2)NC(Nc2cccc(I)c2)=N1,8.77
CHEMBL4290607,CN(C)CC/C=C1\c2ccc(F)cc2COc2ccccc21,7.78
CHEMBL4291048,OC1(c2ccc(Cl)c(C(F)(F)F)c2)CCN(CCCN(c2ccc(F)cc2)c2ccc(F)cc2)CC1,6.75
CHEMBL4292326,O=C(NCCc1c[nH]c2ccccc12)C1CCN(C(=O)c2ccc(-c3ccccc3)cc2)CC1,8.35
CHEMBL4292719,O=C(NCc1ccccc1)C1CCN(C(=O)c2ccc(-c3ccccc3)cc2)CC1,6.25
CHEMBL4293307,COc1ccc(N(CCCCN2CCC(O)(c3ccc(Cl)c(C(F)(F)F)c3)CC2)c2ccc(OC)cc2)cc1,6.14
CHEMBL4293638,NC1=NC2(CCCCC2)NC(Nc2cccc(Cl)c2)=N1,8.2
CHEMBL4294350,NCCCCNC(=O)COc1ccc(CCCn2ncc3c2nc(N)n2nc(-c4ccco4)nc32)cc1,8.47
CHEMBL431733,CNC(=O)[C@H]1O[C@@H](n2cnc3c(NCc4cccc(I)c4)nc(Cl)nc32)[C@H](O)[C@@H]1O,5.56
CHEMBL432217,COc1cc(OC)c(-c2ccccc2)cc1C(=O)CCCCN1CCC2(CC1)NC(=O)NC2=O,7.0
CHEMBL432713,O=C(/C=C/c1ccc(Cl)c(Cl)c1)NCCCCCN1CCC(c2c[nH]c3ccc(O)cc23)CC1,7.6
CHEMBL432879,Cc1cc2c(cc1C(F)(F)F)N(C(=O)Nc1ccc(OCc3ccccn3)nn1)CC2,7.1
CHEMBL433060,Cc1ncccc1Oc1ccc(NC(=O)N2CCc3cc(I)ccc32)cn1,6.5
CHEMBL438963,COc1ccc(C2=CCN(c3cccc(F)c3)C2=O)cc1OCCN1CCCCC1,6.3
CHEMBL439504,COc1ccc(N2CCC(c3ccc(Cl)c(Cl)c3)C2=O)cc1OCCN1CCC(C)CC1,5.7
CHEMBL44015,CSc1cc2c(cc1C(F)(F)C(F)(F)F)N(C(=O)Nc1cccnc1)CC2,7.5
CHEMBL445747,Cc1cccc([C@H]2C[C@@H]2CN)c1.Cl,7.07
CHEMBL446942,COc1cc2c(cc1C(F)(F)F)N(C(=O)Nc1ccc(C(C)(C)C)c(-c3cccnc3)c1)CC2,7.4
CHEMBL451232,Cl.NC[C@H]1C[C@@H]1c1ccc(F)cc1Cl,7.8
CHEMBL46,Cc1nccn1CC1CCc2c(c3ccccc3n2C)C1=O,6.34
CHEMBL464099,COc1cc2c(cc1O)C[C@H]1c3c(cc(OC)c(OC)c3-2)CCN1C,6.49
CHEMBL467094,COc1cc2c3c(c1OC)-c1cc4c(cc1CC3N(C)CC2)OCO4,6.26
CHEMBL467736,Cl.NC[C@H]1C[C@@H]1c1ccccc1Br,7.8
CHEMBL47050,OC1(c2ccc(Cl)c(C(F)(F)F)c2)CCN(CCCC(c2ccc(F)cc2)c2ccc(F)cc2)CC1,6.74
CHEMBL476838,COc1c(OCCF)cccc1C(O)C1CCN(CCc2ccc([N+](=O)[O-])cc2)CC1,5.73
CHEMBL476839,COc1c(OCCF)cccc1C(O)C1CCN(CCc2ccc(C)cc2)CC1,6.33
CHEMBL479,CSc1ccc2c(c1)N(CCC1CCCCN1C)c1ccccc1S2,7.09
CHEMBL482496,[3H]C([3H])([3H])Oc1cc(I)c(OC)cc1CCNCc1ccccc1OC([3H])([3H])[3H],6.64
CHEMBL490633,COc1ccc(CCN2CCC(C(O)c3cccc(OCCF)c3OC)CC2)cc1,5.56
CHEMBL492916,Cl.NCC1CC1c1ccccc1Br,7.66
CHEMBL493130,Cl.NC[C@H]1C[C@@H]1c1ccc(F)cc1,7.05
CHEMBL508657,C/N=C1\NC(=O)/C(=C\c2c[nH]c3ccccc23)N1C,6.14
CHEMBL520129,O=C(Nc1ccc2cnn(S(=O)(=O)c3cccc4ccccc34)c2c1)C1CCCNC1,6.76
CHEMBL52308,Cc1cc2c(cc1Cl)N(C(=O)Nc1ccc(Oc3cccnc3C)nn1)CC2,6.8
CHEMBL523797,O[C@@H]1[C@H](O)[C@@H]2C[C@@H]2[C@H]1n1cnc2c(NCc3cccc(Cl)c3)nc(Cl)nc21,5.62
CHEMBL52592,Cc1cc2c(cc1C(F)(F)F)N(C(=O)Nc1ccc(OCCc3ccccn3)nc1)CC2,7.7
CHEMBL52783,O=C(Nc1ccc(OCc2ccccn2)nc1)N1CCc2c(Cl)cccc21,6.0
CHEMBL52919,CCc1cc2c(cc1C(F)(F)F)N(C(=O)Nc1ccc(Oc3cccnc3C)nc1)CC2,6.9
CHEMBL53063,Cc1cc2c(cc1Cl)N(C(=O)Nc1ccc(OCc3cccnc3)nc1)CC2,7.6
CHEMBL53113,Cc1cc2c(cc1Cl)N(C(=O)Nc1cnc(Oc3cccnc3C)nc1)CC2,7.2
CHEMBL53152,Cc1ncccc1Oc1ccc(NC(=O)N2CCc3cc(Br)c(C(F)(F)F)cc32)cn1,7.0
CHEMBL53308,Cc1cc2c(cc1C(F)(F)F)N(C(=O)Nc1cnc(Oc3cccnc3C)cn1)CC2,7.1
CHEMBL535626,COc1ccc(N2Cc3c(c4ccccc4n3C)C2=O)cc1OCCN1CCCCC1.Cl,6.7
CHEMBL537403,COc1ccccc1N1CCN(CCN(C(=O)C2CCCCC2)c2ccccn2)CC1.Cl.Cl.Cl,7.62
CHEMBL53793,Cc1cc2c(cc1Cl)N(C(=O)Nc1ccc(Oc3cccnc3C(C)C)nc1)CC2,6.7
CHEMBL53939,Cc1cccc(COc2ccc(NC(=O)N3CCc4cc(C)c(C(F)(F)F)cc43)cn2)n1,7.6
CHEMBL54062,CSc1ccc(NC(=O)Nc2ccnc3ccccc23)cc1,7.5
CHEMBL54484,Cc1cc2c(cc1C(F)(F)F)N(C(=O)Nc1ccc(OCc3ncccc3C)nc1)CC2,7.8
CHEMBL54560,CSc1cc2c(cc1C(F)(F)F)N(C(=O)Nc1ccc(Oc3cccnc3C)nc1)CC2,7.4
CHEMBL54610,Cc1ncccc1Oc1ccc(NC(=O)N2CCc3cc(C(F)(F)F)ccc32)cn1,6.2
CHEMBL54707,Cc1cc2c(cc1C(F)(F)F)N(C(=O)Nc1ccc(OCc3cnccn3)nc1)CC2,8.0
CHEMBL54769,Cc1ncccc1Oc1ccc(NC(=O)N2CCc3cc(Br)ccc32)cn1,6.2
CHEMBL54775,Cc1ccc2c(c1Br)CCN2C(=O)Nc1ccc(Oc2cccnc2C)nc1,6.6
CHEMBL549,CN(C)CCCC1(c2ccc(F)cc2)OCc2cc(C#N)ccc21,5.93
CHEMBL55079,Cc1ncccc1Oc1ccc(NC(=O)N2CCc3c2cc(Cl)c(C)c3Cl)cn1,7.4
CHEMBL55207,Cc1cc2c(cc1Cl)N(C(=O)Nc1ccc(Oc3cnccc3Cl)nc1)CC2,7.9
CHEMBL55292,Cc1ncccc1Oc1ccc(NC(=O)N2CCc3c2cc(C(F)(F)F)c2c3CCO2)cn1,7.2
CHEMBL55331,Cc1cc2c(cc1Cl)N(C(=O)Nc1ccc(Oc3cnccc3C)nc1)CC2,7.5
CHEMBL55335,Cc1cc2c(cc1C(F)(F)F)N(C(=O)Nc1ccc(OCc3ccccn3)cc1)CC2,7.6
CHEMBL55344,Cc1cc2c(cc1C(F)(F)F)N(C(=O)Nc1ccc(COc3ccccn3)nc1)CC2,6.7
CHEMBL55388,O=C(Nc1ccc(OCc2ccccn2)nc1)N1CCc2cc(Br)ccc21,6.3
CHEMBL55472,CCCc1ncccc1Oc1ccc(NC(=O)N2CCc3cc(C)c(Cl)cc32)cn1,7.0
CHEMBL55597,Cc1cc2c(cc1Cl)N(C(=O)Nc1ccc(OCc3nccn3C)nc1)CC2,7.9
CHEMBL55784,Cc1cc2c(cc1C(F)(F)F)N(C(=O)Nc1ccc(CCc3ccccn3)nc1)CC2,7.7
CHEMBL55792,CCc1ncccc1Oc1ccc(NC(=O)N2CCc3cc(C)c(Cl)cc32)cn1,7.3
CHEMBL558,Cc1cccc(C)c1OCC(C)N,6.14
CHEMBL55914,Cc1cc2c(cc1C(F)(F)F)N(C(=O)Nc1cnc(OCc3ccccn3)c(C)c1)CC2,8.1
CHEMBL55958,Cc1ncccc1Oc1ccc(NC(=O)N2CCc3cc(F)ccc32)cn1,5.3
CHEMBL55964,Cc1cc2c(cc1Cl)N(C(=O)Nc1cnc(Oc3cccnc3C)c(C)c1)CC2,7.5
CHEMBL55969,Cc1cc2c(cc1C(F)(F)F)N(C(=O)Nc1ccc(OCc3cncn3C)nc1)CC2,8.2
CHEMBL56050,Cc1ncccc1Oc1ccc(NC(=O)N2CCc3c2ccc(Cl)c3Cl)cn1,6.3
CHEMBL56232,Cc1ncccc1Oc1ccc(NC(=O)N2CCc3ccccc32)cn1,5.7
CHEMBL56336,Cc1cc2c(cc1F)N(C(=O)Nc1ccc(Oc3cccnc3C)nc1)CC2,6.8
CHEMBL56405,O=C(Nc1ccc(OCc2ccccn2)nc1)N1CCc2ccc(C(F)(F)F)cc21,6.6
CHEMBL56508,Cc1cc2c(cc1C(F)(F)F)N(C(=O)Nc1cnc(Oc3cccnc3C)c(Cl)c1)CC2,7.4
CHEMBL56557,COc1ccc(NC(=O)Nc2ccnc3ccccc23)cc1Cl,7.8
CHEMBL566356,O=c1[nH]c2cccc(N3C[C@H]4C[C@@H]3CN4CC3CCc4[nH]c5ccc(F)cc5c4C3)c2o1,6.78
CHEMBL566379,O=C1Cc2c(ccc3c2OC[C@H](CNCCCC2CCc4c([nH]c5ccc(F)cc45)C2)O3)N1,6.4
CHEMBL566396,O=c1[nH]c2cccc(OCC3CCN(CC4CCc5[nH]c6ccc(F)cc6c5C4)CC3)c2o1,6.96
CHEMBL569251,O=C1Cc2c(ccc3c2OC[C@H](CNCC2CCc4[nH]c5ccc(F)cc5c4C2)O3)N1,8.22
CHEMBL569513,O=c1[nH]c2cccc(N3CCN(CC4CCc5[nH]c6ccc(F)cc6c5C4)CC3)c2o1,6.17
CHEMBL57135,CCN(CC)c1ccc(NC(=O)Nc2ccnc3ccccc23)cc1,7.3
CHEMBL582877,CC1(C)N=C(N)N=C(Nc2cccc(Br)c2)N1,7.69
CHEMBL58765,Cc1cc2c(cc1C(F)(F)F)N(C(=O)Nc1ccc(Oc3cccnc3C)nn1)CC2,6.9
CHEMBL590077,O=C1NC2CNCCN2c2ccccc21,6.86
CHEMBL590078,Cc1cccc2c1C(=O)NC1CNCCN21,8.07
CHEMBL590089,Cc1ccc2c(c1)C(=O)NC1CNCCN21,7.21
CHEMBL590331,Cc1ccc2c(c1)N1CCNCC1NC2=O,6.55
CHEMBL590332,Cc1cccc2c1N1CCNCC1NC2=O,5.62
CHEMBL590333,O=C1NC2CNCCN2c2cccc(C(F)(F)F)c21,7.89
CHEMBL590482,O=C1NC2CNCCN2c2ccc(Cl)cc21,7.14
CHEMBL590483,O=C1NC2CCNCCN2c2cccc(Cl)c21,7.64
CHEMBL590531,Cc1ccc2c(c1)N1CCNCCC1NC2=O,7.39
CHEMBL590580,Cc1cccc2c1C(=O)NC1CCNCCN21,8.0
CHEMBL590721,O=C1NC2CNCCCN2c2cccc(Cl)c21,6.13
CHEMBL590816,O=C1NC2CCNCCN2c2ccccc21,7.17
CHEMBL59097,Cc1ncccc1Oc1ccc(NC(=O)N2CCc3cc(Cl)ccc32)cn1,5.7
CHEMBL59266,Cc1nc2ccc(NC(=O)Nc3ccnc4ccccc34)cc2o1,6.2
CHEMBL59584,Cc1cc2c(cc1Br)N(C(=O)Nc1ccc(Oc3cccnc3C)nc1)CC2,7.2
CHEMBL605402,O=C1NC2CNCCN2c2cccc(Cl)c21,7.75
CHEMBL60889,CCOc1cc(N)c(Cl)cc1C(=O)NCC1CN(Cc2ccc(F)cc2)CCO1,6.72
CHEMBL631,CCCNCC(O)COc1ccccc1C(=O)CCc1ccccc1,7.24
CHEMBL639,CN1CCCC(n2nc(Cc3ccc(Cl)cc3)c3ccccc3c2=O)CC1,7.7
CHEMBL643,CC(CN1c2ccccc2Sc2ccccc21)N(C)C,7.37
CHEMBL6437,CN1CCN2c3ccccc3Cc3ccccc3C2C1,8.33
CHEMBL6616,COc1cc(CC(C)N)c(OC)cc1I,8.8
CHEMBL6966,COc1ccc(CCN(C)CCCC(C#N)(c2ccc(OC)c(OC)c2)C(C)C)cc1OC,6.98
CHEMBL707,COc1cc2nc(N3CCN(C(=O)C4COc5ccccc5O4)CC3)nc(N)c2cc1OC,6.63
CHEMBL708,O=C1Cc2cc(CCN3CCN(c4nsc5ccccc45)CC3)c(Cl)cc2N1,8.8
CHEMBL71707,O=C(/C=C/c1ccc(Cl)c(Cl)c1)N[C@H]1CC[C@@H](CN2[C@H]3CC[C@@H]2C[C@@H](c2c[nH]c4ccc(O)cc24)C3)CC1,6.3
CHEMBL723,COc1ccccc1OCCNCC(O)COc1cccc2[nH]c3ccccc3c12,7.82
CHEMBL808,Clc1ccc(COC(Cn2ccnc2)c2ccc(Cl)cc2Cl)cc1,5.36
CHEMBL81330,Fc1ccc(N2CCN(CCC3OCCc4ccccc43)CC2)cc1,7.16
CHEMBL862,N=C(N)NC(=O)Cc1c(Cl)cccc1Cl,5.88
CHEMBL88193,COc1cc(OC)c(C(=O)CCCCN2CCC3(CC2)NC(=O)NC3=O)cc1NS(=O)(=O)c1cccc(Cl)c1,6.7
CHEMBL88402,COc1cc(OC)c(C(=O)CCCCN2CCC3(CC2)NC(=O)NC3=O)cc1NS(=O)(=O)c1ccc(C(F)(F)F)cc1,6.5
CHEMBL88571,COc1cc(OC)c(C(=O)CCCCN2CCC3(CC2)NC(=O)NC3=O)cc1NS(=O)(=O)c1ccccc1,6.2
CHEMBL88809,COc1cc(OC)c(C(=O)CCCCN2CCC3(CC2)NC(=O)NC3=O)cc1NS(=O)(=O)c1ccc(C(C)=O)cc1,6.6
CHEMBL88894,COc1cc(OC)c(C(=O)CCCCN2CCC3(CC2)NC(=O)NC3=O)cc1NS(=O)(=O)c1ccc(Cl)cc1,7.1
CHEMBL89967,COc1cc(OC)c(C(=O)CCCCN2CCC3(CC2)NC(=O)NC3=O)cc1NS(=O)(=O)c1ccc(C)cc1,6.5
CHEMBL900,Cc1ccccc1C(OCCN(C)C)c1ccccc1,5.67
CHEMBL90175,COc1cc(OC)c(C(=O)CCCCN2CCC3(CC2)NC(=O)NC3=O)cc1NS(=O)(=O)c1ccc(C#N)cc1,6.4
CHEMBL90267,COc1cc(OC)c(C(=O)CCCCN2CCC3(CC2)NC(=O)NC3=O)cc1NS(=O)(=O)c1ccc(S(N)(=O)=O)cc1,5.5
CHEMBL90346,COc1ccc(Cl)cc1C(=O)CCCCN1CCC2(CC1)NC(=O)NC2=O,7.3
CHEMBL90467,COc1ccc(S(=O)(=O)Nc2cc(C(=O)CCCCN3CCC4(CC3)NC(=O)NC4=O)c(OC)cc2OC)cc1,5.9
CHEMBL90470,COc1cc(Cl)ccc1C(=O)CCCCN1CCC2(CC1)NC(=O)NC2=O,6.7
CHEMBL90565,COc1cc(OC)c(C(=O)CCCCN2CCC3(CC2)NC(=O)NC3=O)cc1NS(=O)(=O)c1ccc(OC(F)(F)F)cc1,6.4
CHEMBL91,Clc1ccc(COC(Cn2ccnc2)c2ccc(Cl)cc2Cl)c(Cl)c1,5.45
CHEMBL91221,COc1cc(Cl)c(Cl)cc1C(=O)CCCCN1CCC2(CC1)NC(=O)NC2=O,8.2
CHEMBL91454,COc1cc(OC)c(C(=O)CCCCN2CCC3(CC2)NC(=O)NC3=O)cc1NS(=O)(=O)c1ccc(C(C)C)cc1,5.9
CHEMBL92809,COc1cc(OC)c(C(=O)CCCCN2CCC3(CC2)NC(=O)NC3=O)cc1NS(=O)(=O)c1ccc(NC(C)=O)cc1,6.5
CHEMBL93862,COc1ccc(-c2ccccc2)cc1C(=O)CCCCN1CCC2(CC1)NC(=O)NC2=O,8.0
CHEMBL94984,CC1CCN(CC[C@H]2CCCN2S(=O)(=O)c2cccc3ccccc23)CC1,5.7
CHEMBL95104,O=S(=O)(c1ccc2cc[nH]c2c1)N1CCC[C@@H]1CCN1CCC(Oc2ccc(Cl)cc2)CC1,7.04
CHEMBL9514,COC(=O)Nc1nc2ccc(C(=O)c3cccs3)cc2[nH]1,4.89
CHEMBL964,CCN(CC)C(=S)SSC(=S)N(CC)CC,4.66
CHEMBL98350,O=c1cc(N2CCOCC2)oc2c(-c3ccccc3)cccc12,4.63
ZINC000000001132,Cc1cc(O)cc(C)c1Cl,5.93
ZINC000013556868,CN(C)CCc1c[nH]c2ccsc12,6.67
ZINC000013556869,CN(C)CCc1c[nH]c2sccc12,6.32
ZINC000020269183,COc1ccc2[nH]cc(CN)c2c1,5.79
ZINC000001491495,Clc1ccc2c(c1Cl)CCNCC2,7.0
ZINC000029060825,Fc1ccc2c(c1Cl)CCNCC2,6.39
ZINC000001491494,Clc1c(Br)ccc2c1CCNCC2,7.6
ZINC000006733300,C[C@H]1CNCCc2ccc(Cl)cc21,8.89
ZINC000000968303,CC(C)c1cccc(C(C)C)c1O,5.46
ZINC000013782220,N[C@@H]1C[C@H]1c1c[nH]c2ccccc12,7.23
ZINC000000001522,N=C(N)N/N=C/c1c(Cl)cccc1Cl,7.21
ZINC000000897457,CN(C)CCc1c[nH]c2ccccc12,7.0
ZINC000001491496,N#Cc1ccc2c(c1Cl)CCNCC2,7.19
ZINC000029060631,CNc1ccc2c(c1Cl)CCNCC2,6.68
ZINC000028525919,CN(C)Cc1c[nH]c2cccc(O)c12,5.91
ZINC000014505285,OC[C@@H]1CSC(c2ccccc2O)=N1,5.87
ZINC000029060642,COc1ccc2c(c1Cl)CCNCC2,7.08
ZINC000013679044,C[C@@H](N)Cn1ncc2ccc(O)cc21,7.46
ZINC000028459393,C[C@H]1CNC[C@@H]2Cc3ccccc3N12,5.59
ZINC000028459390,C[C@@H]1CNC[C@@H]2Cc3ccccc3N21,6.8
ZINC000028459395,C[C@@H]1CNC[C@H]2Cc3ccccc3N12,7.82
ZINC000029060487,c1cc2c3c(ccc2o1)CCNCC3,7.05
ZINC000029060497,c1cc2ccc3c(c2o1)CCNCC3,7.47
ZINC000000001689,COc1cc(CCN)cc(OC)c1OC,6.1
ZINC000013985102,CN(C)CCc1c[nH]c2cccc(F)c12,8.08
ZINC000066102535,NC(=O)c1csc(-c2ccccc2O)n1,5.99
ZINC000029060903,O=[N+]([O-])c1ccc2c(c1Cl)CCNCC2,6.52
ZINC000002039538,CN(C)CCc1c[nH]c2cc(O)ccc12,5.2
ZINC000028528938,CN(C)Cc1cn(C)c2cccc(O)c12,5.91
ZINC000066111733,Cc1sc(-c2ccccc2O)nc1C=O,5.81
ZINC000066100250,C[C@@H]1SC(c2ccccc2O)=N[C@@H]1CO,6.3
ZINC000013679048,Cc1c(O)ccc2cnn(C[C@H](C)N)c12,8.06
ZINC000013679052,C[C@H](N)Cn1ncc2ccc(O)c(Cl)c21,8.42
ZINC000013679050,C[C@H](N)Cn1ncc2ccc(O)c(F)c21,8.77
ZINC000013679054,C[C@H](N)Cn1ncc2ccc(O)c(I)c21,8.22
ZINC000028469490,Cc1ccc2c(c1)N1[C@H](C)CNC[C@H]1C2,7.68
ZINC000028464573,Cc1cccc2c1N1[C@H](C)CNC[C@H]1C2,7.23
ZINC000028463701,Cc1c(Cl)ccc2c1N1CCNC[C@H]1C2,8.0
ZINC000028461465,Cc1c(Cl)ccc2c1N1CCNC[C@@H]1C2,6.85
ZINC000075602726,O=C1c2ccccc2C[C@H]2CNCCN12,5.24
ZINC000075602725,O=C1c2ccccc2C[C@@H]2CNCCN12,6.67
ZINC000013982541,Cc1ccc2c(n1)N1[C@H](C)CNC[C@H]1C2,7.11
ZINC000028571455,C[C@@H]1CNC[C@H]2Cc3ccc(Cl)nc3N12,7.32
ZINC000028571457,C[C@@H]1CNC[C@@H]2Cc3ccc(Cl)nc3N21,6.66
ZINC000028572387,C[C@@H]1CNC[C@H]2Cc3ccc(Br)nc3N12,7.09
ZINC000028572467,C[C@@H]1CNC[C@@H]2Cc3ccc(Br)nc3N21,6.78
ZINC000002007526,CCOc1c(OC)cc(CCN)cc1OC,6.26
ZINC000028571648,C[C@@H]1CNC[C@H]2Cc3ccc(C#N)nc3N12,5.74
ZINC000028469746,Cc1ccc2c(c1C)N1[C@H](CNC[C@H]1C)C2,7.17
ZINC000028464976,Cc1ccc2c(c1C)N1[C@H](C)CNC[C@H]1C2,7.89
ZINC000022010586,Cc1c(Cl)ccc2c1N1[C@H](C)CNC[C@H]1C2,8.49
ZINC000011686487,Cc1c(Cl)ccc2c1N1[C@H](CNC[C@H]1C)C2,7.72
ZINC000096908034,Cc1cccc2c1C(=O)N1CCNC[C@H]1C2,7.89
ZINC000096908033,C[C@H]1CNC[C@H]2Cc3ccccc3C(=O)N12,5.79
ZINC000038363847,C[C@@H]1CNC[C@H]2Cc3ccccc3C(=O)N12,7.43
ZINC000038351058,C[C@@]12CNCCN1C(=O)c1ccccc1C2,5.46
ZINC000096906798,C[C@@H]1CN2C(=O)c3ccccc3C[C@@H]2CN1,5.87
ZINC000038302212,C[C@H]1CN2C(=O)c3ccccc3C[C@@H]2CN1,6.17
ZINC000096907551,Cc1ccc2c(c1)C[C@@H]1CNCCN1C2=O,6.98
ZINC000096908047,Cc1cccc2c1C[C@@H]1CNCCN1C2=O,6.93
ZINC000096908032,CN1CCN2C(=O)c3ccccc3C[C@@H]2C1,6.31
ZINC000013527309,NCCc1c[nH]c2ccc3c(c12)CCCO3,7.85
ZINC000028463764,C[C@@H]1CNC[C@H]2Cc3ccc(CO)cc3N12,6.6
ZINC000096908038,O=C1c2c(Cl)cccc2C[C@@H]2CNCCN12,8.1
ZINC000096908044,O=C1c2ccc(Cl)cc2C[C@@H]2CNCCN12,6.9
ZINC000013525285,COc1cc(Br)c2c3c1C[C@H](N)C[C@@H]3CO2,6.59
ZINC000028464173,C[C@@H]1CNC[C@H]2Cc3ccc(C#N)cc3N12,7.05
ZINC000028571970,C[C@@H]1CNC[C@H]2Cc3ccc(CO)nc3N12,5.94
ZINC000028571968,COc1ccc2c(n1)N1[C@H](C)CNC[C@H]1C2,6.36
ZINC000029060907,CN1CCc2ccc([N+](=O)[O-])c(Cl)c2CC1,6.0
ZINC000000057152,COc1ccc2[nH]cc(CCN(C)C)c2c1,7.28
ZINC000028528940,CN(C)CCCc1c[nH]c2cccc(O)c12,7.01
ZINC000013985099,CN(C)CCc1cn(C)c2cccc(O)c12,7.42
ZINC000013606276,COc1cc(CCN)c2c(c1OC)OCC2,6.51
ZINC000095586246,c1cc2c3c(c1)[C@@H]1CNCC[C@@H]1N3CCCS2,7.82
ZINC000014589169,Nc1nccc(-c2c[nH]c3cccc(O)c23)n1,6.82
ZINC000096908039,COc1cccc2c1C(=O)N1CCNC[C@H]1C2,6.86
ZINC000096908050,COc1cccc2c1C[C@@H]1CNCCN1C2=O,7.11
ZINC000096908045,COc1ccc2c(c1)C[C@@H]1CNCCN1C2=O,6.71
ZINC000035272386,COc1ccc(Cl)c2c1[C@@H]1CNCCN1C2=O,5.85
ZINC000036270505,COc1cc(Cl)c2c(c1)[C@@H]1CNCCN1C2=O,6.05
ZINC000035272420,COc1cc2c(cc1Cl)[C@@H]1CNCCN1C2=O,6.33
ZINC000096908052,Cc1cc(C)c2c(c1)C[C@@H]1CNCCN1C2=O,7.68
ZINC000096908035,CCc1cccc2c1C(=O)N1CCNC[C@H]1C2,8.7
ZINC000096908042,CCc1ccc2c(c1)C[C@@H]1CNCCN1C2=O,6.64
ZINC000096908048,CCc1cccc2c1C[C@@H]1CNCCN1C2=O,6.03
ZINC000003964609,C[C@H](N)Cc1c[nH]c2ccc3c(c12)CCCO3,8.28
ZINC000028525915,Oc1cccc2[nH]cc(CCN3CCCC3)c12,6.37
ZINC000036270507,CCc1cc(Cl)c2c(c1)[C@@H]1CNCCN1C2=O,6.61
ZINC000013757083,C[C@@H](N)Cc1c2c(c(Br)c3c1OCC3)OCC2,8.94
ZINC000000154557,CC(=O)Nc1ccc2c(c1)Cc1ccccc1-2,5.7
ZINC000013606278,COc1c2c(c(CCN)c3c1OCC3)CCO2,6.69
ZINC000028572250,C[C@H](O)c1ccc2c(n1)N1[C@H](C)CNC[C@H]1C2,6.08
ZINC000028571914,COCc1ccc2c(n1)N1[C@H](C)CNC[C@H]1C2,6.42
ZINC000096908040,N#Cc1cccc2c1C(=O)N1CCNC[C@H]1C2,6.29
ZINC000096908046,N#Cc1ccc2c(c1)C[C@@H]1CNCCN1C2=O,5.24
ZINC000072114930,COc1cccc2[nH]cc(-c3ccnc(N)n3)c12,7.06
ZINC000013371026,CN1C(=N)N/C(=C/c2c[nH]c3ccccc23)C1=O,5.89
ZINC000028463118,C[C@@H]1CNC[C@H]2Cc3ccc(C(F)(F)F)cc3N12,7.96
ZINC000096908054,COc1ccc(C)c2c1C[C@@H]1CNCCN1C2=O,7.77
ZINC000096908055,COc1c(C)ccc2c1C[C@@H]1CNCCN1C2=O,6.66
ZINC000035963097,CCOc1cccc2c1C[C@@H]1CNCCN1C2=O,7.2
ZINC000096908053,CCc1cc(C)c2c(c1)C[C@@H]1CNCCN1C2=O,7.4
ZINC000096908043,CCCc1ccc2c(c1)C[C@@H]1CNCCN1C2=O,6.47
ZINC000073196189,CC/C=C1\C[C@H]2CNc3ccccc3C(=O)N2C1,5.28
ZINC000013527312,CN(C)CCc1c[nH]c2ccc3c(c12)CCCO3,7.59
ZINC000035270815,O=C1c2c(cccc2C(F)(F)F)[C@@H]2CNCCN12,7.13
ZINC000028571969,C[C@@H]1CNC[C@H]2Cc3ccc(C(F)(F)F)nc3N12,7.17
ZINC000028464181,CC(=O)Nc1ccc2c(c1)N1[C@H](C)CNC[C@H]1C2,6.02
ZINC000000009128,CCc1cc2c(ccc3cnn(C[C@H](C)N)c32)o1,8.6
ZINC000101514102,O=C1NC(=S)N/C1=C\c1c[nH]c2ccc(Br)cc12,5.78
ZINC000101514062,O=C1NC(=S)N/C1=C\c1c[nH]c2cc(Br)ccc12,5.57
ZINC000101514087,O=C1NC(=S)N/C1=C\c1c[nH]c2cccc(Br)c12,6.43
ZINC000096908036,O=C1c2c(cccc2C2CC2)C[C@@H]2CNCCN12,8.22
ZINC000002032560,COc1cc2c(CCNC(C)=O)c[nH]c2cc1F,5.6
ZINC000002510048,CN(C)CCN(Cc1cccs1)c1ccccn1,6.27
ZINC000000608213,Oc1c(Cl)cc(Cl)cc1Sc1cc(Cl)cc(Cl)c1O,5.36
ZINC000028527297,CCCCn1cc(CCN(C)C)c2c(O)cccc21,8.24
ZINC000000057435,Cc1cc(C(C)(C)C)c(O)c(C)c1CC1=NCCN1,5.71
ZINC000000020240,CC(C)NC[C@@H](O)COc1cccc2ccccc12,6.66
ZINC000000020244,CN(C)CCOC(c1ccccc1)c1ccccc1,6.15
ZINC000096908056,O=C1c2ccc3c(c2C[C@@H]2CNCCN12)OCCC3,7.68
ZINC000013371032,C/N=C1/N/C(=C/c2c[nH]c3ccccc23)C(=O)N1C,5.3
ZINC000029042086,CN1C(=N)N(C)/C(=C/c2c[nH]c3ccccc23)C1=O,5.35
ZINC000096937899,CN1C(=N)N/C(=C/c2c[nH]c3ccc(Br)cc23)C1=O,7.03
ZINC000096937900,CN1C(=N)N/C(=C/c2c[nH]c3c(Br)cccc23)C1=O,6.23
ZINC000013371043,CN1C(=N)N/C(=C/c2c[nH]c3cc(Br)ccc23)C1=O,6.72
ZINC000013371047,CN1C(=N)NC(=O)/C1=C\c1c[nH]c2cc(Br)ccc12,5.86
ZINC000096937898,CN1C(=N)N/C(=C/c2c[nH]c3cccc(Br)c23)C1=O,6.64
ZINC000096908051,CCCOc1cccc2c1C[C@@H]1CNCCN1C2=O,6.89
ZINC000073196141,C/C=C1\C[C@H]2CNc3c(OC)cccc3C(=O)N2C1,5.27
ZINC000035272390,O=C1c2c(C(F)(F)F)ccc(Cl)c2[C@@H]2CNCCN12,5.39
ZINC000038331495,O=C1c2cc(C(F)(F)F)ccc2C[C@@H]2CNCCN12,6.47
ZINC000034507115,O=C1c2ccc(C(F)(F)F)cc2C[C@@H]2CNCCN12,6.11
ZINC000096908049,O=C1c2cccc(C(F)(F)F)c2C[C@@H]2CNCCN12,5.26
ZINC000096908037,O=C1c2c(cccc2C(F)(F)F)C[C@@H]2CNCCN12,7.33
ZINC000028604275,C[C@H]1CNC[C@H]2c3cccc(C(F)(F)F)c3C(=O)N12,7.0
ZINC000028604276,C[C@@H]1CNC[C@H]2c3cccc(C(F)(F)F)c3C(=O)N12,7.54
ZINC000035272945,Cc1cc2c(c(C(F)(F)F)c1)C(=O)N1CCNC[C@@H]21,6.55
ZINC000028604274,C[C@@H]1CN2C(=O)c3c(cccc3C(F)(F)F)[C@@H]2CN1,5.63
ZINC000084804834,C[C@H]1CN2C(=O)c3c(cccc3C(F)(F)F)[C@@H]2CN1,5.52
ZINC000035271795,C[C@@H]1NCCN2C(=O)c3c(cccc3C(F)(F)F)[C@H]12,7.66
ZINC000005965166,CN(C)[C@@H]1Cc2ccccc2[C@@H](c2ccccc2)C1,7.03
ZINC000005965219,CN(C)[C@H]1Cc2ccccc2[C@H](c2ccccc2)C1,6.62
ZINC000029126090,Cc1nc2c(c(-c3ccc(Cl)cc3)n1)CCNCC2,6.57
ZINC000103241373,NC(N)=NC(=O)c1ccc2c(c1)Cc1ccccc1-2,8.74
ZINC000028572301,CCO[C@@H](C)c1ccc2c(n1)N1[C@H](C)CNC[C@H]1C2,6.53
ZINC000028572302,CCO[C@H](C)c1ccc2c(n1)N1[C@H](C)CNC[C@H]1C2,5.88
ZINC000028528934,CN1CCN(CCc2c[nH]c3cccc(O)c23)CC1,6.94
ZINC000101514099,CSC1=NC(=O)/C(=C/c2c[nH]c3ccc(Br)cc23)N1,5.87
ZINC000101514094,CSC1=NC(=O)/C(=C/c2c[nH]c3c(Br)cccc23)N1,6.0
ZINC000101514097,CSC1=NC(=O)/C(=C/c2c[nH]c3cc(Br)ccc23)N1,5.94
ZINC000101514081,CSC1=NC(=O)/C(=C/c2c[nH]c3cccc(Br)c23)N1,6.11
ZINC000001530716,CCN(CC)CCNC(=O)c1cc(Cl)c(N)cc1OC,6.4
ZINC000014455453,O=c1cc(CCc2ccccc2)oc2cccc(O)c12,5.61
ZINC000013371022,C/N=C1\N(C)C(=O)/C(=C\c2c[nH]c3ccccc23)N1C,5.34
ZINC000096937892,C/N=C1/N/C(=C/c2c[nH]c3ccc(Br)cc23)C(=O)N1C,6.28
ZINC000038883519,CN1C(=N)N(C)/C(=C/c2c[nH]c3ccc(Br)cc23)C1=O,5.9
ZINC000096937894,C/N=C1/N/C(=C/c2c[nH]c3c(Br)cccc23)C(=O)N1C,6.08
ZINC000084690242,CN1C(=N)N(C)/C(=C/c2c[nH]c3c(Br)cccc23)C1=O,6.46
ZINC000096937893,C/N=C1/N/C(=C/c2c[nH]c3cc(Br)ccc23)C(=O)N1C,5.89
ZINC000013371039,CN1C(=N)N(C)/C(=C/c2c[nH]c3cc(Br)ccc23)C1=O,5.57
ZINC000096937891,C/N=C1/N/C(=C/c2c[nH]c3cccc(Br)c23)C(=O)N1C,6.11
ZINC000084723969,CN1C(=N)N(C)/C(=C/c2c[nH]c3cccc(Br)c23)C1=O,6.23
ZINC000019156872,CN1CCN(C(c2ccccc2)c2ccccc2)CC1,6.62
ZINC000000388645,c1ccc(Nc2ccc(Nc3ccccc3)cc2)cc1,7.05
ZINC000000010402,CN(C)CCCN1c2ccccc2Sc2ccccc21,6.66
ZINC000073196140,CC/C=C1\C[C@H]2CNc3c(OC)cccc3C(=O)N2C1,5.1
ZINC000118542109,Cc1nc(COc2ccc(Cl)cc2OC2CNC2)cs1,6.28
ZINC000036270513,O=C1c2c(cc(CO)cc2C(F)(F)F)[C@@H]2CNCCN12,6.33
ZINC000035271292,CC1(C)CN2C(=O)c3c(cccc3C(F)(F)F)[C@@H]2CN1,5.5
ZINC000028604486,CC[C@@H]1NCCN2C(=O)c3c(cccc3C(F)(F)F)[C@H]12,6.63
ZINC000036270521,C=Cc1cc2c(c(C(F)(F)F)c1)C(=O)N1CCNC[C@@H]21,6.19
ZINC000034461993,CCc1cc2c(c(C(F)(F)F)c1)C(=O)N1CCNC[C@@H]21,6.82
ZINC000036270523,C#Cc1cc2c(c(C(F)(F)F)c1)C(=O)N1CCNC[C@@H]21,5.68
ZINC000095559873,c1ccc(OCc2cc(OC[C@@H]3CCCN3)no2)cc1,5.29
ZINC000001530741,CNCCC=C1c2ccccc2CCc2ccccc21,7.07
ZINC000001853550,CN[C@H]1CC[C@@H](c2ccc(Cl)c(Cl)c2)c2ccccc21,5.67
ZINC000059817427,NC(N)=NC(=O)c1ccc2c(c1)C(=O)c1ccccc1-2,9.4
ZINC000000001290,CC/C(=C(/CC)c1ccc(O)cc1)c1ccc(O)cc1,5.7
ZINC000002017303,CN(C)CCc1cn(C)c2cccc(OP(=O)(O)O)c12,5.26
ZINC000013509425,C[C@]12CC[C@@H]3c4ccc(O)cc4CC[C@H]3[C@@H]1CCC2=O,5.06
ZINC000058582351,C1=C(N2CCNCC2)c2nccn2Cc2ccccc21,6.5
ZINC000029126502,Fc1ccc(-c2nc(C3CC3)nc3c2CNCC3)cc1,5.05
ZINC000036270525,O=C1c2c(cc(C3CC3)cc2C(F)(F)F)[C@@H]2CNCCN12,6.68
ZINC000001530688,CNCCCC12CCC(c3ccccc31)c1ccccc12,6.67
ZINC000000001968,CN1CCC(=C2c3ccccc3CCc3sccc32)CC1,8.7
ZINC000029126506,Fc1ccc(-c2nc(C3CCC3)nc3c2CNCC3)cc1,6.68
ZINC000001530968,Oc1c(Cl)cc(Cl)c(Cl)c1Cc1c(O)c(Cl)cc(Cl)c1Cl,5.44
ZINC000019144216,COc1ccc(CN(CCN(C)C)c2ccccn2)cc1,5.75
ZINC000084707345,C/N=C1\N(C)C(=O)/C(=C\c2c[nH]c3ccc(Br)cc23)N1C,5.79
ZINC000084689179,C/N=C1\N(C)C(=O)/C(=C\c2c[nH]c3c(Br)cccc23)N1C,6.02
ZINC000084672523,C/N=C1\N(C)C(=O)/C(=C\c2c[nH]c3cc(Br)ccc23)N1C,5.61
ZINC000084689514,C/N=C1\N(C)C(=O)/C(=C\c2c[nH]c3cccc(Br)c23)N1C,6.05
ZINC000036270515,CCOc1cc2c(c(C(F)(F)F)c1)C(=O)N1CCNC[C@@H]21,5.89
ZINC000049070846,O=C(NCc1ccc(C2CCCCC2)cc1)[C@@H]1CCCN1,5.39
ZINC000036270519,CC(C)c1cc2c(c(C(F)(F)F)c1)C(=O)N1CCNC[C@@H]21,6.72
ZINC000035271302,CC(C)[C@H]1CNC[C@H]2c3cccc(C(F)(F)F)c3C(=O)N12,8.15
ZINC000036270511,CCCc1cc2c(c(C(F)(F)F)c1)C(=O)N1CCNC[C@@H]21,6.42
ZINC000000968257,CN(C)CCC=C1c2ccccc2CCc2ccccc21,7.35
ZINC000118539538,Clc1cccc(COc2ccc(Br)cc2OC2CNC2)c1,7.13
ZINC000029126472,CC(C)Cc1nc2c(c(-c3ccc(F)cc3)n1)CNCC2,6.4
ZINC000029126508,CC(C)(C)c1nc2c(c(-c3ccc(F)cc3)n1)CNCC2,7.15
ZINC000029126091,CC(C)c1nc2c(c(-c3ccc(F)cc3)n1)CCNCC2,7.7
ZINC000000170719,Cc1ccc2nc(C(F)(F)F)cc(N3CCNCC3)c2c1,6.39
ZINC000000020251,Cc1ccc(N(CC2=NCCN2)c2cccc(O)c2)cc1,5.62
ZINC000000608205,CCc1oc2ccccc2c1C(=O)c1cc(Br)c(O)c(Br)c1,5.94
ZINC000029125294,CCN(CC)c1nc2c(c(-c3ccc(C)cc3)n1)CNCC2,7.15
ZINC000066079137,CNc1nn2c(C)cc(C)nc2c1S(=O)(=O)c1ccccc1,5.98
ZINC000000020248,CN(C)CCCN1c2ccccc2CCc2ccc(Cl)cc21,6.82
ZINC000036270518,CCCCc1cc2c(c(C(F)(F)F)c1)C(=O)N1CCNC[C@@H]21,6.66
ZINC000001230647,Cc1ccccc1C(=O)N1CCC(Cc2ccccc2)CC1,5.93
ZINC000000009079,O=C(c1ccccc1Cl)N1CCC(Cc2ccccc2)CC1,6.02
ZINC000000057522,Cc1cccc(N(C)C(=S)Oc2ccc3ccccc3c2)c1,5.89
ZINC000103224531,CN1CCc2c(c3cccc4c3n2-c2ccccc2CC4)C1,7.06
ZINC000103224535,CN1CCc2c(c3cccc4c3n2Cc2ccccc2C4)C1,7.25
ZINC000103224541,CN1CCc2c(c3cccc4c3n2CCc2ccccc2-4)C1,6.98
ZINC000003792789,CC1=C(/C=C/C(C)=C/C=C/C(C)=C\C(=O)O)C(C)(C)CCC1,6.27
ZINC000012358651,CC1=C(/C=C/C(C)=C/C=C/C(C)=C/C(=O)O)C(C)(C)CCC1,6.64
ZINC000003786466,CCCN1C[C@H](CSC)C[C@@H]2c3cccc4[nH]cc(c34)C[C@H]21,7.31
ZINC000000001261,Clc1ccc2c(c1)CCc1cccnc1C2=C1CCNCC1,7.55
ZINC000028528935,Oc1cccc2[nH]cc(CCN3CCCc4ccccc43)c12,5.25
ZINC000036270527,CC1(c2cc3c(c(C(F)(F)F)c2)C(=O)N2CCNC[C@@H]32)CC1,7.54
ZINC000000968264,CN1CCC(=C2c3ccccc3C=Cc3ccccc32)CC1,8.22
ZINC000000004351,CN1CCC(=C2c3ccccc3CC(=O)c3sccc32)CC1,7.54
ZINC000029126541,Fc1ccc(-c2nc(C3CCCC3)nc3c2CNCC3)cc1,6.66
ZINC000000000931,Clc1ccc2c(c1)C(N1CCNCC1)=Nc1ccccc1O2,8.18
ZINC000001530613,CCN(CC)CCOC(=O)C1(C2CCCCC2)CCCCC1,6.08
ZINC000028527299,CCCCn1cc(CCN(C)C)c2c(OP(=O)(O)O)cccc21,6.77
ZINC000064548966,CCCCN1CCC(COC(=O)c2ccc(N)c(OC)c2)CC1,5.54
ZINC000049036155,CNc1nn2c3c(cnc2c1S(=O)(=O)c1ccccc1)CCC3,6.33
ZINC000095583139,COC(OC)[C@@H]1C[C@@H]2c3cccc4c3c(cn4C)C[C@H]2N(C)C1,9.27
ZINC000022797145,c1ccc(CN2CCN(Cc3cc4ccccc4o3)CC2)cc1,6.3
ZINC000100036536,CN1[C@H]2CC[C@@H]1C[C@H](OC(c1ccccc1)c1ccccc1)C2,6.9
ZINC000029126731,Cc1ccc(-c2nc(C3CCCC3)nc3c2CCNCC3)cc1,9.0
ZINC000029126473,Fc1ccc(-c2nc(-c3ccccc3)nc3c2CNCC3)cc1,6.0
ZINC000029126729,Fc1ccc(-c2nc(C3CCCC3)nc3c2CCNCC3)cc1,7.52
ZINC000136717242,NC(N)=NC(=O)c1ccc2c(c1)[C@@]1(CCCO1)c1ccccc1-2,8.29
ZINC000136717275,NC(N)=NC(=O)c1ccc2c(c1)[C@]1(CCCO1)c1ccccc1-2,8.57
ZINC000049071380,O=C(NCc1ccc(OCc2ccccc2)cc1)[C@@H]1CCCN1,5.76
ZINC000049071976,O=C(NCc1ccc(Oc2cccc(F)c2)cc1)[C@@H]1CCCN1,5.62
ZINC000066105197,C[C@@H]1SC(c2ccccc2O)=N[C@H]1[C@@H]1SC[C@](C)(C(=O)O)N1C,5.41
ZINC000118521370,FC(F)(COc1ccc(Cl)cc1OC1CNC1)c1ccccc1,7.92
ZINC000002561289,CCCCCCCCN[C@H](C)[C@@H](O)c1ccc(SC(C)C)cc1,6.22
ZINC000000402830,CN1CCC[C@@H]1CCO[C@](C)(c1ccccc1)c1ccc(Cl)cc1,7.64
ZINC000049112302,O=C(NCc1ccc(-c2ccc(Cl)cc2)cc1F)N1CCNCC1,5.46
ZINC000029126624,N#Cc1ccc(-c2nc(C3CCCC3)nc3c2CCNCC3)cc1,7.7
ZINC000049785499,CNc1nn2c3c(cnc2c1S(=O)(=O)c1ccccc1)CCCC3,6.82
ZINC000049034896,CNc1nn2cc3c(nc2c1S(=O)(=O)c1ccccc1)CCCC3,6.77
ZINC000049792831,CNc1nn2c3c(c(C)nc2c1S(=O)(=O)c1ccccc1)CCC3,6.73
ZINC000003816551,NCCc1cn(S(=O)(=O)c2c(Cl)nc3sccn23)c2ccccc12,6.34
ZINC000040916318,O=S(=O)(c1ccccc1)n1cc(Cl)c2cc3c(cc21)CCNCC3,6.4
ZINC000040934869,O=C(OCCN1CCCC1)N1c2ccccc2Sc2ccccc21,7.0
ZINC000072126236,c1ccc(CCN2CCN(Cc3cc4ccccc4o3)CC2)cc1,6.51
ZINC000000001246,Cc1ccccc1N1CCN(CCc2nnc3n2CCCC3)CC1,6.17
ZINC000169350288,c1cnc(N2CCN(CCCc3nc4ccccc4s3)CC2)nc1,7.33
ZINC000029126544,Fc1ccc(-c2nc(Cc3ccccc3)nc3c2CNCC3)cc1,5.6
ZINC000029126421,Fc1ccc(-c2nc(Cc3ccccc3)nc3c2CCNC3)cc1,6.51
ZINC000053174604,C[C@@H](CO)NC(=O)[C@@H]1C=C2c3cccc4[nH]cc(c34)C[C@H]2N(C)C1,8.58
ZINC000096903803,CCN(CC)C(=O)[C@@H]1C=C2c3cccc4[nH]cc(c34)C[C@H]2N(C)C1,7.52
ZINC000029126728,COc1ccc(-c2nc(C3CCCC3)nc3c2CCNCC3)cc1,8.32
ZINC000038696951,CN1CCN(c2ccc3[nH]nc(S(=O)(=O)c4ccccc4)c3c2)CC1,6.01
ZINC000003831001,CCN(CC)C(=O)N[C@H]1C=C2c3cccc4[nH]cc(c34)C[C@H]2N(C)C1,8.49
ZINC000003807804,Clc1ccccc1C(c1ccccc1)(c1ccccc1)n1ccnc1,5.13
ZINC000058576336,COc1ccccc1CN1CCN(Cc2cc3ccccc3o2)CC1,8.01
ZINC000058468686,COc1cccc(CN2CCN(Cc3cc4ccccc4o3)CC2)c1,7.55
ZINC000058574667,COc1ccc(CN2CCN(Cc3cc4ccccc4o3)CC2)cc1,7.82
ZINC000072122790,c1ccc(CCCN2CCN(Cc3cc4ccccc4o3)CC2)cc1,6.83
ZINC000029126582,Cc1ccc(-c2nc(Cc3ccccc3)nc3c2CCNCC3)cc1,8.6
ZINC000029126505,Fc1ccc(Cc2nc3c(c(-c4ccc(F)cc4)n2)CNCC3)cc1,5.66
ZINC000019796018,CN1CCN(CCCN2c3ccccc3Sc3ccc(Cl)cc32)CC1,7.19
ZINC000029126422,Fc1ccc(-c2nc(Cc3ccccc3)nc3c2CNCCC3)cc1,5.0
ZINC000029126470,Fc1ccc(-c2nc(Cc3ccccc3)nc3c2CCCNC3)cc1,5.89
ZINC000029126584,Fc1ccc(-c2nc(Cc3ccccc3)nc3c2CCNCC3)cc1,7.52
ZINC000095619105,CC[C@@H](CO)NC(=O)[C@@H]1C=C2c3cccc4[nH]cc(c34)C[C@H]2N(C)C1,9.1
ZINC000095000617,Cc1cc(OCCN2CCOCC2)nn1-c1ccc2ccccc2c1,6.48
ZINC000095571600,CCCN1CCC(COc2nc3ccccc3c3ncccc23)CC1,6.2
ZINC000045353570,Fc1ccc(F)c(CO[C@H]2CCc3ccc(N4CCNCC4)nc32)c1,6.82
ZINC000028527272,COc1ccc(N2CCN(c3cccc(F)c3)C2=O)cc1OCCO,5.9
ZINC000040411708,CCN(CC)CCCOC(=O)N1c2ccccc2Sc2ccccc21,6.2
ZINC000073224909,OC1(c2ccc(Cl)cc2)CCN(CCCOc2ccc(F)cc2)CC1,5.79
ZINC000073224424,OC1(c2ccc(Cl)cc2)CCN(CCCCc2ccc(F)cc2)CC1,6.14
ZINC000073219170,OC1(c2ccc(Cl)cc2)CCN(CCCSc2ccc(F)cc2)CC1,6.1
ZINC000000027166,O=C(c1ccccc1C(F)(F)F)N1CCC(Cc2ccccc2)CC1,6.01
ZINC000027319374,Cc1[nH]c2cccc(NC(=O)c3ccc(F)cc3)c2c1CCN(C)C,6.17
ZINC000003995426,Cc1cc(NC(=O)Nc2ccc(N(C)C)cc2)c2cc(F)cc(F)c2n1,6.49
ZINC000064548828,CCCCN1CCC(COC(=O)c2cc(F)c(N)c3c2OCCO3)CC1,6.77
ZINC000049071382,CC1(C)CCC(Oc2cc(F)c(CNC(=O)[C@@H]3CCCN3)cc2F)CC1,5.78
ZINC000040405752,O=C(CCCN1CCCN(c2ccc(Cl)cc2)CC1)c1ccc(F)cc1,6.31
ZINC000000537822,O=C(CCCN1CCC(O)(c2ccc(Cl)cc2)CC1)c1ccc(F)cc1,5.88
ZINC000003873295,Clc1ccc(CO/N=C(\Cn2ccnc2)c2ccc(Cl)cc2Cl)c(Cl)c1,5.53
ZINC000000105309,CC[C@@]1(O)C(=O)OCc2c1cc1n(c2=O)Cc2cc3ccccc3nc2-1,6.21
ZINC000003860825,COC(=O)[C@H]1[C@@H](O)CC[C@H]2CN3CCc4c([nH]c5ccccc45)[C@@H]3C[C@@H]21,7.33
ZINC000045364613,NC1CCN(c2ccc3[nH]nc(S(=O)(=O)c4cccc(Cl)c4)c3c2)CC1,6.35
ZINC000072125151,COc1ccc(CCN2CCN(Cc3cc4ccccc4o3)CC2)cc1,6.33
ZINC000058576520,CCOc1ccccc1CN1CCN(Cc2cc3ccccc3o2)CC1,7.14
ZINC000058569225,CCOc1cccc(CN2CCN(Cc3cc4ccccc4o3)CC2)c1,6.52
ZINC000072125149,COc1ccccc1CCN1CCN(Cc2cc3ccccc3o2)CC1,6.92
ZINC000072125150,COc1cccc(CCN2CCN(Cc3cc4ccccc4o3)CC2)c1,6.54
ZINC000058569334,CCOc1ccc(CN2CCN(Cc3cc4ccccc4o3)CC2)cc1,6.58
ZINC000072123225,c1ccc(CCCCN2CCN(Cc3cc4ccccc4o3)CC2)cc1,6.56
ZINC000095576935,CCCN1CCC(COc2nc3c(Cl)cccc3c3ccccc23)CC1,7.01
ZINC000095580402,CCCN1CCC(COc2nc3c(F)cccc3c3ccccc23)CC1,7.39
ZINC000095573989,CCCN1CCC(COc2nc3c(I)cccc3c3ccccc23)CC1,6.79
ZINC000003818810,C[C@@H]1CCCN1CCc1cc2cc(C(=O)c3ccc(F)cc3)ccc2o1,5.5
ZINC000095589119,CC(C)CCOc1ccc2c(c1)[C@H]1OCCC[C@H]1[C@@H](C1CCOCC1)N2,5.28
ZINC000000538483,O=c1n(CCCN2CCN(c3cccc(Cl)c3)CC2)nc2ccccn12,7.17
ZINC000029126586,Fc1ccc(Cc2nc3c(c(-c4ccc(F)cc4)n2)CCNCC3)cc1,7.4
ZINC000053151228,CC[C@@H](CO)NC(=O)[C@@H]1C=C2c3cccc4c3c(cn4C)C[C@H]2N(C)C1,9.45
ZINC000169341659,CN1CCC(c2cccc3cc(S(=O)(=O)c4ccccn4)cnc23)CC1,6.84
ZINC000036520297,C[C@@H]1CNCCN1c1ccc2c(n1)[C@@H](OCc1cc(F)ccc1F)CC2,7.08
ZINC000095579150,CCCN1CCC(COc2nc3c(F)cccc3c3ncccc23)CC1,6.87
ZINC000036520305,Cc1ccc(F)cc1CO[C@H]1CCc2ccc(N3CCNC[C@H]3C)nc21,8.11
ZINC000058582748,CC(C)(CN1CCN(C2=Cc3ccccc3Cn3ccnc32)CC1)C(=O)O,5.8
ZINC000095581336,CN(C)CCCNC(=O)[C@@H]1C[C@@H]2c3cccc4c3c(cn4C)C[C@H]2N(C)C1,9.01
ZINC000072123555,COc1cccc(CCCN2CCN(Cc3cc4ccccc4o3)CC2)c1,6.61
ZINC000058582458,CCCOc1ccccc1CN1CCN(Cc2cc3ccccc3o2)CC1,6.94
ZINC000072123554,COc1ccccc1CCCN1CCN(Cc2cc3ccccc3o2)CC1,6.2
ZINC000058581052,CCCOc1cccc(CN2CCN(Cc3cc4ccccc4o3)CC2)c1,6.59
ZINC000072123224,COc1ccc(CCCN2CCN(Cc3cc4ccccc4o3)CC2)cc1,6.81
ZINC000058568527,CCCOc1ccc(CN2CCN(Cc3cc4ccccc4o3)CC2)cc1,6.18
ZINC000095574636,CCCN1CCC(COc2nc3c(OC)cccc3c3ccccc23)CC1,7.53
ZINC000000537931,CCOC(=O)N1CCC(=C2c3ccc(Cl)cc3CCc3cccnc32)CC1,6.81
ZINC000058575315,FCCOc1cccc(CN2CCN(Cc3cc4ccccc4o3)CC2)c1,6.61
ZINC000058581686,FCCOc1ccccc1CN1CCN(Cc2cc3ccccc3o2)CC1,7.24
ZINC000028827117,CCOc1cc(CN2CCC(Nc3nc4ccccc4o3)CC2)ccc1Cl,7.13
ZINC000019632628,OCCOCCN1CCN(C2=Nc3ccccc3Sc3ccccc32)CC1,6.87
ZINC000252675735,CS(=O)(=O)NC[C@@H]1CC[C@@H](Nc2nc3c(s2)CCSc2ccccc2-3)CC1,6.61
ZINC000000538183,NC(=O)C1CCN(CCCN2c3ccccc3Sc3ccc(Cl)cc32)CC1,7.51
ZINC000027649036,COc1ccc(S(=O)(=O)N2CCc3ccc(I)cc32)cc1N1CCNCC1,6.2
ZINC000064548813,CCCCN1CCC(COC(=O)c2cc(Cl)c(NC)c3c2OCCO3)CC1,7.18
ZINC000049111167,COc1cc(OC2CCC(C)(C)CC2)c(F)cc1CNC(=O)[C@@H]1CCCN1,5.4
ZINC000000598040,COc1cccc([C@H](O)C2CCN(CCc3ccc(F)cc3)CC2)c1OC,5.9
ZINC000034801069,COc1cccc(N2CCN(CCCCn3ncc(=O)n(C)c3=O)CC2)c1,7.47
ZINC000035907025,COc1ccccc1N1CCN(CCCCn2ncc(=O)n(C)c2=O)CC1,7.13
ZINC000095578428,COc1ccc(N2CCN(CC[C@@H](OC(N)=O)c3ccccc3)CC2)cc1,6.79
ZINC000027656681,COc1ccc(S(=O)(=O)Nc2cc(Cl)cc(Cl)c2Cl)cc1N1CCNCC1,5.7
ZINC000028528455,COc1ccc(N2CCN(c3cccc(F)c3)C2=O)cc1OCCN(C)C,5.8
ZINC000045355965,NC1CN(c2ccc3[nH]nc(S(=O)(=O)c4cccc5ccccc45)c3c2)C1,7.01
ZINC000028826857,O=C(Cc1ccc2ccccc2c1)N1c2ccccc2Sc2ccccc21,5.7
ZINC000003881345,C[C@]12CC[C@@H]3c4ccc(OC(=O)c5ccccc5)cc4CC[C@H]3[C@@H]1CC[C@@H]2O,5.13
ZINC000003820936,O=S(=O)(c1cccc2ccccc12)c1n[nH]c2ccc(N3CCNCC3)cc12,6.63
ZINC000045367228,N[C@H]1CCN(c2ccc3[nH]nc(S(=O)(=O)c4cccc5ccccc45)c3c2)C1,7.68
ZINC000043207081,N[C@@H]1CCN(c2ccc3[nH]nc(S(=O)(=O)c4cccc5ccccc45)c3c2)C1,6.56
ZINC000006733253,COc1ccc(-c2cc3c4c(c2)[C@@H]2CNCC[C@@H]2N4CCC3)c(C(F)(F)F)c1,7.85
ZINC000118539468,C[C@@H](Oc1ccc(C(F)(F)F)cc1OC1CNC1)c1cccc(C(F)(F)F)c1,5.12
ZINC000001530689,CC/C(=C(\c1ccccc1)c1ccc(OCCN(C)C)cc1)c1ccccc1,5.88
ZINC000058581985,Cc1cn2c(n1)C(N1CCN(CC(C)(C)C(=O)O)CC1)=Cc1ccccc1C2,7.2
ZINC000000602170,Cc1cc2c(cc1Cl)N(C(=O)Nc1ccc(Oc3cccnc3C)nc1)CC2,7.0
ZINC000058584038,CC(C)(CN1CCN(C2=Cc3ccccc3Cn3c(Cl)cnc32)CC1)C(=O)O,7.6
ZINC000058591269,CC(C)(CN1CCN(C2=Cc3ccccc3Cn3cc(Cl)nc32)CC1)C(=O)O,7.0
ZINC000058575317,CC(C)(CN1CCN(C2=Cc3ccccc3Cn3cc(F)nc32)CC1)C(=O)O,6.5
ZINC000040939018,NCCC(=O)Nc1cccc2c1cnn2S(=O)(=O)c1cccc2ccccc12,6.81
ZINC000019632891,C(=C/c1ccccc1)\CN1CCN(C(c2ccccc2)c2ccccc2)CC1,6.33
ZINC000095558674,Cc1c(C(=O)N(CCCN2CCCCC2)c2ccccc2)oc2ccccc12,6.03
ZINC000072125210,COc1ccc(CCCCN2CCN(Cc3cc4ccccc4o3)CC2)cc1,6.45
ZINC000072125209,COc1cccc(CCCCN2CCN(Cc3cc4ccccc4o3)CC2)c1,6.46
ZINC000072125952,COc1ccccc1CCCCN1CCN(Cc2cc3ccccc3o2)CC1,6.48
ZINC000058568870,FCCCOc1ccc(CN2CCN(Cc3cc4ccccc4o3)CC2)cc1,6.63
ZINC000058581033,FCCCOc1cccc(CN2CCN(Cc3cc4ccccc4o3)CC2)c1,6.73
ZINC000058575548,FCCCOc1ccccc1CN1CCN(Cc2cc3ccccc3o2)CC1,6.74
ZINC000095557182,Clc1cccc(C2CCN(CCCCOc3ccc4scnc4c3)CC2)c1Cl,9.22
ZINC000095616601,COc1cc2nc(N3CCN(C(=O)c4ccco4)CC3)nc(N)c2cc1OC,5.58
ZINC000001530571,O=C1CC2(CCCC2)CC(=O)N1CCCCN1CCN(c2ncccn2)CC1,6.32
ZINC000029126543,FC(F)(F)c1ccc(-c2nc(Cc3ccccc3)nc3c2CCNCC3)cc1,7.66
ZINC000019796080,O=C(CCCN1CC=C(n2c(=O)[nH]c3ccccc32)CC1)c1ccc(F)cc1,6.07
ZINC000028827112,CCOc1cc(CN2CCC(Nc3nc4ccccc4o3)CC2)ccc1OC,7.39
ZINC000058591268,Cc1nc2n(c1C)Cc1ccccc1C=C2N1CCN(CC(C)(C)C(=O)O)CC1,7.8
ZINC000028527792,O=C1N(c2ccc(OCCN3CCCCC3)nc2)CCN1c1ccc(Cl)c(Cl)c1,6.8
ZINC000095553217,O=C(C1CCCCC1)N(CCN1CCN(c2ccccc2)CC1)c1ccccn1,6.49
ZINC000013979445,CC(=O)Nc1cccc(CCN2CCN(c3cccc4nc(C)ccc34)CC2)c1,6.8
ZINC000058590739,COc1cnc2n1Cc1ccccc1C=C2N1CCN(CC(C)(C)C(=O)O)CC1,6.8
ZINC000058563838,FC(F)CCOc1ccc(CN2CCN(Cc3cc4ccccc4o3)CC2)cc1,7.02
ZINC000003811810,CNC(=O)[C@H]1O[C@@H](n2cnc3c(NCc4cccc(I)c4)ncnc32)[C@H](O)[C@@H]1O,5.97
ZINC000095553913,O=C(C1CCCCC1)N(CCN1CC=C(c2ccccc2)CC1)c1ccccn1,6.98
ZINC000103248562,Fc1cccc2c1nc(OCC1CCN(CCC(F)(F)F)CC1)c1cccnc12,6.64
ZINC000028527845,COc1ccc(N2CCN(c3ccccc3)C2=O)cc1OCCN1CCCCC1,5.9
ZINC000000537877,O=C(c1ccc(F)cc1)C1CCN(CCn2c(=O)[nH]c3ccccc3c2=O)CC1,6.74
ZINC000058650191,O=C(O)C1CCC(N2CCN(C3=Cc4ccccc4Cn4ccnc43)CC2)CC1,7.6
ZINC000045356329,NC1CCN(c2ccc3[nH]nc(S(=O)(=O)c4cccc5ccccc45)c3c2)CC1,7.0
ZINC000003820933,CN1CCN(c2ccc3[nH]nc(S(=O)(=O)c4cccc5ccccc45)c3c2)CC1,6.22
ZINC000045367360,Cn1nc(S(=O)(=O)c2cccc3ccccc23)c2cc(N3CC[C@@H](N)C3)ccc21,6.73
ZINC000064454230,Cn1nc(S(=O)(=O)c2cccc3ccccc23)c2cc(N3CCNCC3)ccc21,7.06
ZINC000045387139,Cn1nc2ccc(N3CC[C@@H](N)C3)cc2c1S(=O)(=O)c1cccc2ccccc12,6.34
ZINC000045375218,NC1CCN(c2ccc3[nH]nc(S(=O)(=O)c4ccc5ccccc5c4)c3c2)CC1,5.87
ZINC000001530601,CCN(CC)CCOc1ccc(/C(=C(/Cl)c2ccccc2)c2ccccc2)cc1,6.06
ZINC000040918122,COc1c(OCCF)cccc1C(=O)C1CCN(CCc2ccc(F)cc2)CC1,6.02
ZINC000029128987,COc1c(OCCF)cccc1[C@H](O)C1CCN(CCc2ccc(F)cc2)CC1,6.52
ZINC000040950365,COc1c(OCCF)cccc1C(=O)C1CCN(CCc2ccc(C)cc2)CC1,6.25
ZINC000096282452,Cn1c(=O)cnn(CCCCN2CCN(c3ccccc3OCCF)CC2)c1=O,6.52
ZINC000004364558,COc1ccccc1N1CCN(CCCCNS(=O)(=O)c2ccc(C)cc2)CC1,7.28
ZINC000064540721,CCCCOc1ccc(-c2nn3c(C)cc(C)nc3c2CC(=O)N(CC)CC)cc1,5.08
ZINC000045496204,COc1ccc(CCN2CCC(C(=O)c3cccc(OCCF)c3OC)CC2)cc1,5.71
ZINC000003959323,Cc1ccc2c(N3CCN(CCc4ccc5c(c4)NC(=O)CO5)CC3)cccc2n1,6.5
ZINC000045364609,NC1CCN(c2ccc3[nH]nc(S(=O)(=O)c4cccc5c(Cl)cccc45)c3c2)CC1,7.11
ZINC000000538312,Cc1nc2n(c(=O)c1CCN1CCC(c3noc4cc(F)ccc34)CC1)CCCC2,7.82
ZINC000045357290,CN(C)[C@H]1CCN(c2ccc3[nH]nc(S(=O)(=O)c4cccc5ccccc45)c3c2)C1,6.23
ZINC000045355968,CN(C)[C@@H]1CCN(c2ccc3[nH]nc(S(=O)(=O)c4cccc5ccccc45)c3c2)C1,6.37
ZINC000045371420,Cc1ccc(S(=O)(=O)c2n[nH]c3ccc(N4CCC(N)CC4)cc23)c2ccccc12,6.31
ZINC000066252315,Cc1ccc2c(N3CCN(CCc4cccc(-n5cccn5)c4)CC3)cccc2n1,7.1
ZINC000003812975,CN1C[C@H](CNC(=O)OCc2ccccc2)C[C@@H]2c3cccc4c3c(cn4C)C[C@H]21,9.55
ZINC000066259361,COC(=O)Nc1cccc(CCN2CCN(c3cccc4nc(C)ccc34)CC2)c1,6.7
ZINC000066252316,Cc1ccc2c(N3CCN(CCc4cccc(NS(C)(=O)=O)c4)CC3)cccc2n1,6.4
ZINC000019360739,Fc1ccc(C(c2ccc(F)cc2)N2CCN(C/C=C/c3ccccc3)CC2)cc1,6.16
ZINC000095561089,COc1ccc2c(C)c(C(=O)N(CCCN3CCCCC3)c3ccccc3)oc2c1,6.69
ZINC000028528454,COc1ccc(N2CCN(c3cccc(F)c3)C2=O)cc1OCCN1CCOCC1,6.1
ZINC000103248565,Fc1cccc2c1nc(OCC1CCN(CCCC(F)(F)F)CC1)c1cccnc12,6.72
ZINC000019203912,OCCN1CCN(CCCN2c3ccccc3Sc3ccc(C(F)(F)F)cc32)CC1,7.6
ZINC000028528696,COc1ccc(-n2ccn(-c3cccc(F)c3)c2=O)cc1OCCN1CCCCC1,5.7
ZINC000028527847,COc1ccc(N2CCN(c3cccc(F)c3)C2=O)cc1OCCN1CCCCC1,6.3
ZINC000001487593,Cc1cc2c(cc1C(F)(F)F)N(C(=O)Nc1ccc(OCc3ccccn3)nc1)CC2,7.5
ZINC000000579013,Cc1cc2c(cc1C(F)(F)F)N(C(=O)Nc1ccc(Oc3cccnc3C)nc1)CC2,7.0
ZINC000000594257,COc1cc2c(cc1OCCN1CCCCC1)N(C(=O)/C=C/c1ccccc1Cl)CC2,6.9
ZINC000034800941,CCNC(=O)N(CCCN(C)C)C(=O)[C@@H]1C[C@@H]2c3cccc4[nH]cc(c34)C[C@H]2N(C)C1,8.66
ZINC000066262490,CCNC(=O)Nc1cccc(CCN2CCN(c3cccc4nc(C)ccc34)CC2)c1,6.4
ZINC000028527274,COc1ccc(N2CCN(c3ccc(Cl)c(Cl)c3)C2=O)cc1OCCN1CCOCC1,6.5
ZINC000003917109,COc1ccccc1N1CCN(CCCCNC(=O)c2ccc3ccccc3c2)CC1,7.48
ZINC000072318112,O=C1CCc2ccc(OCCCCN3CCCN(c4cccc(Cl)c4Cl)CC3)cc2N1,9.22
ZINC000003964104,O=C(N[C@H]1CCN(Cc2ccc(OC3CCNCC3)c(Br)c2)C1)c1ccc(Cl)c(Cl)c1,6.85
ZINC000028528168,COc1ccc(N2CCN(c3ccc(Cl)c(Cl)c3)C2=O)cc1OCCN1CCCCC1,6.5
ZINC000028528167,COc1ccc(N2CCN(c3cccc(Cl)c3Cl)C2=O)cc1OCCN1CCCCC1,5.9
ZINC000040422912,COc1c(OCCF)cccc1C(=O)C1CCN(CCc2ccc([N+](=O)[O-])cc2)CC1,5.98
ZINC000003830212,CCCCc1oc2ccccc2c1C(=O)c1cc(I)c(OCCN(CC)CC)c(I)c1,6.23
ZINC000066258692,Cc1ccc2c(N3CCN(CCc4cccc(N5CCOC5=O)c4)CC3)cccc2n1,5.9
ZINC000043207080,CC(C)n1nc(S(=O)(=O)c2cccc3ccccc23)c2cc(N3CC[C@@H](N)C3)ccc21,6.72
ZINC000064447293,CC(C)n1nc(S(=O)(=O)c2cccc3ccccc23)c2cc(N3CCNCC3)ccc21,7.02
ZINC000040943355,O=C(Nc1ccc2cnn(S(=O)(=O)c3cccc4ccccc34)c2c1)C1CCNCC1,6.89
ZINC000034451922,Cc1ccc2c(N3CCN(CCc4cccc(N5CCNC5=O)c4)CC3)cccc2n1,6.3
ZINC000064447513,CC(C)Cn1nc(S(=O)(=O)c2cccc3ccccc23)c2cc(N3CCNCC3)ccc21,6.55
ZINC000045338295,CC(C)Cn1nc2ccc(N3CC[C@@H](N)C3)cc2c1S(=O)(=O)c1cccc2ccccc12,6.59
ZINC000001493878,CNC(=O)c1cc(Oc2ccc(NC(=O)Nc3ccc(Cl)c(C(F)(F)F)c3)cc2)ccn1,7.25
ZINC000095584549,CCNC(=O)N(CCCN(C)C)C(=O)[C@@H]1C[C@@H]2c3cccc4c3c(cn4C)C[C@H]2N(C)C1,9.0
ZINC000066251580,COC(=O)CCCCCN1CCC(CNC(=O)c2c3n(c4ccccc24)CCCO3)CC1,6.5
ZINC000040424180,Cc1ccc2c(OCCN3CCC(Cc4cccc(NS(C)(=O)=O)c4)CC3)cccc2n1,5.7
ZINC000003800008,C=CCN1C[C@H](C(=O)N(CCCN(C)C)C(=O)NCC)C[C@@H]2c3cccc4[nH]cc(c34)C[C@H]21,8.85
ZINC000036475535,CCOc1cc(CN2CCC(Nc3nc4ccccc4o3)CC2)cc(OC2CCOCC2)c1,7.03
ZINC000095580219,Fc1cccc2c1nc(OCC1CCN(CCCc3ccc(I)cc3)CC1)c1cccnc12,6.47
ZINC000073137993,COc1ccccc1N1CCN(CCN(C(=O)C23CCC(CF)(CC2)C3)c2ccccn2)CC1,7.06
ZINC000066259961,Cc1ccc2c(N3CCN(CCc4cccc(NC(=O)c5ccccc5)c4)CC3)cccc2n1,6.9
ZINC000000601274,COc1ccc(CCN2CCC(Nc3nc4ccccc4n3Cc3ccc(F)cc3)CC2)cc1,8.13
ZINC000066258742,Cc1ccc2c(N3CCN(CCc4cccc(NC(=O)c5cnccn5)c4)CC3)cccc2n1,6.1
ZINC000000538275,O=C(c1ccc(OCCN2CCCCC2)cc1)c1c(-c2ccc(O)cc2)sc2cc(O)ccc12,7.16
ZINC000000537928,CN(C)C(=O)C(CCN1CCC(O)(c2ccc(Cl)cc2)CC1)(c1ccccc1)c1ccccc1,5.58
ZINC000028528151,COc1ccc(N2CCN(c3ccc(C)c(C(F)(F)F)c3)C2=O)cc1OCCN1CCOCC1,6.9
ZINC000098176929,COc1ccc(CNC(=O)c2cc(-c3cc(Cl)cc(Cl)c3)cnc2-c2cccnc2)cc1OC,6.18
ZINC000028528083,COc1ccc(N2CCN(c3ccc(C)c(C(F)(F)F)c3)C2=O)cc1OCCN1CCCCC1,7.1
ZINC000064453926,O=S(=O)(c1cccc2ccccc12)c1nn(Cc2ccccc2)c2ccc(N3CCNCC3)cc12,6.85
ZINC000073140433,COc1ccccc1N1CCN(CCN(C(=O)C23C4C5C2C2C3C4C52CF)c2ccccn2)CC1,7.0
ZINC000003781952,CC(C)(C)c1ccc(C(=O)CCCN2CCC(OC(c3ccccc3)c3ccccc3)CC2)cc1,6.7
ZINC000073137991,COc1ccccc1N1CCN(CCN(C(=O)C23CCC(CF)(CC2)CC3)c2ccccn2)CC1,7.1
ZINC000000537755,O=C1NCN(c2ccccc2)C12CCN(CCCC(c1ccc(F)cc1)c1ccc(F)cc1)CC2,6.82
ZINC000040917485,Cc1c(Cn2ncc(N3CCNCC3)cc2=O)cccc1NC(=O)c1ccc(-c2ccccc2)cc1,7.19
ZINC000040391174,O=C(Nc1cccc(Cn2ncc(N3CCNCC3)c(Cl)c2=O)c1)c1ccc(-c2ccccc2)cc1,6.81
ZINC000095580701,C=CCN1C[C@H](C(=O)N(CCCN2CCOCC2)C(=O)NCC)C[C@@H]2c3cccc4[nH]cc(c34)C[C@H]21,8.15
ZINC000040863575,Cc1ccc(Cn2ncc(N3CCNCC3)c(Cl)c2=O)cc1NC(=O)c1ccc(-c2ccccc2)cc1,7.52
ZINC000040862271,Cc1c(Cn2ncc(N3CCNCC3)c(Cl)c2=O)cccc1NC(=O)c1ccc(-c2ccccc2)cc1,7.01
ZINC000040917971,COc1ccc(-c2ccc(C(=O)Nc3cccc(Cn4ncc(N5CCNCC5)cc4=O)c3C)cc2)cn1,6.04
ZINC000044418871,COc1ccc(-c2ccc(C(=O)Nc3cccc(Cn4ncc(N5CCNCC5)c(Cl)c4=O)c3C)cc2)cn1,5.77
ZINC000003831151,CC(C)(O)c1ccccc1CC[C@@H](SCC1(CC(=O)O)CC1)c1cccc(/C=C/c2ccc3ccc(Cl)cc3n2)c1,5.4
ZINC000056871297,CC(C)[C@H]1C(=O)N2CCC[C@H]2[C@]2(O)O[C@](NC(=O)[C@@H]3C=C4c5cccc6[nH]cc(c56)C[C@H]4N(C)C3)(C(C)C)C(=O)N12,8.16
ZINC000059796557,CC(C)C[C@H]1C(=O)N2CCC[C@H]2[C@]2(O)O[C@](NC(=O)[C@@H]3C=C4c5cccc6[nH]cc(c56)C[C@H]4N(C)C3)(C(C)C)C(=O)N12,8.09
ZINC000052955754,CN1C[C@H](C(=O)N[C@]2(C)O[C@@]3(O)[C@@H]4CCCN4C(=O)[C@H](Cc4ccccc4)N3C2=O)C=C2c3cccc4[nH]cc(c34)C[C@H]21,8.66
ZINC000003978005,CN1C[C@H](C(=O)N[C@]2(C)O[C@@]3(O)[C@@H]4CCCN4C(=O)[C@H](Cc4ccccc4)N3C2=O)C[C@@H]2c3cccc4[nH]cc(c34)C[C@H]21,8.36
ZINC000053683151,CC(C)C[C@H]1C(=O)N2CCC[C@H]2[C@]2(O)O[C@](NC(=O)[C@@H]3C=C4c5cccc6[nH]c(Br)c(c56)C[C@H]4N(C)C3)(C(C)C)C(=O)N12,8.28
ZINC000085537142,CC[C@@]1(O)C[C@H](O[C@H]2C[C@H](N(C)C)[C@H](O[C@H]3C[C@H](O)[C@H](O[C@H]4CCC(=O)[C@H](C)O4)[C@H](C)O3)[C@H](C)O2)c2c(cc3c(c2O)C(=O)c2c(O)cccc2C3=O)[C@H]1C(=O)OC,6.15
ZINC000247749760,CO[C@H]1C[C@@H](O[C@H]2C[C@H]([C@H]3O[C@](C)(O)[C@H](C)C[C@@H]3C)O[C@H]2[C@]2(C)CC[C@H]([C@]3(C)CC[C@]4(C[C@H](O)[C@@H](C)[C@@H]([C@@H](C)[C@@H]5O[C@](O)(CC(=O)O)[C@@H](C)[C@H](OC)[C@H]5OC)O4)O3)O2)O[C@@H](C)[C@@H]1OC,7.68
