id,smiles,pKi
ZINC000000000504,CN1CCN2c3ccccc3Cc3ccccc3[C@@H]2C1,9.3
ZINC000000000509,CN1CCN2c3ncccc3Cc3ccccc3[C@@H]2C1,8.7
ZINC000000000565,Cc1ccccc1[C@H](OCCN(C)C)c1ccccc1,6.9
ZINC000000000627,CN1CCC(=C2c3ccccc3Sc3ccccc32)CC1,8.6
ZINC000000001148,CN(C)CC/C=C1/c2ccccc2COc2ccccc21,7.96
ZINC000000001331,CN(C)CC/C=C1\c2ccccc2COc2ccccc21,7.96
ZINC000000002001,CN(C)CCc1c[nH]c2cccc(O)c12,7.62
ZINC000000002020,c1ccc2nc(N3CCNCC3)ccc2c1,6.89
ZINC000000004893,CN1C[C@H]2c3ccccc3Oc3ccc(Cl)cc3[C@@H]2C1,9.04
ZINC000000004902,O=C(CC1CCN(CC2CC2)CC1)c1ccc(F)cc1,7.18
ZINC000000005455,CN(C)CCc1c[nH]c2ccc(CN3CCN(C)S3(=O)=O)cc12,5.0
ZINC000000005895,CN(C)CCc1c[nH]c2ccc(Cn3cncn3)cc12,5.2
ZINC000000008760,O=C1Nc2cc(Cl)c(Cl)cc2N2CCNC[C@@H]12,7.93
ZINC000000008795,Clc1ccc2c(c1)N1CCNC[C@H]1C2,7.49
ZINC000000008954,NCCc1cccc2c1ccn2S(=O)(=O)c1ccccc1,8.32
ZINC000000009097,C[C@@H](N)Cc1cn(C)c2ccc3c(c12)CCCO3,9.7
ZINC000000009253,O[C@H](c1ccc(F)cc1)C1CCN(CCc2ccc(F)cc2)CC1,8.79
ZINC000000009318,CN(C)C[C@@H]1C[C@H]2c3ccccc3Cc3ccccc3N2O1,7.64
ZINC000000009350,Cc1[nH]c2ccc(Cl)cc2c1C1=CCNCC1,6.62
ZINC000000011266,O=C(c1ccc(F)cc1)C1CCN(CCc2ccccc2)CC1,8.07
ZINC000000013635,O[C@@H](CCCN1CCN(c2ncc(F)cn2)CC1)c1ccc(F)cc1,6.08
ZINC000000014551,C[C@H]([C@H](O)c1ccc(O)cc1)N1CCC(Cc2ccccc2)CC1,6.21
ZINC000000014669,C[C@@H]([C@H](O)c1ccc(O)cc1)N1CCC(Cc2ccccc2)CC1,6.21
ZINC000000014701,CN(C)CCc1c[nH]c2ccc(Cc3nc(N)no3)cc12,6.4
ZINC000000016077,CN1CC[C@@H]2CN3CCc4cccc(c43)[C@@H]2C1,6.2
ZINC000000016311,CN1CCN(Cc2ccc3[nH]cc(CCN)c3c2)S1(=O)=O,5.0
ZINC000000017124,c1cc2c(N3CCNCC3)nc3ccsc3n2c1,5.58
ZINC000000017125,CN1CCN(c2nc3ccsc3n3cccc23)CC1,5.89
ZINC000000019265,CN1CCN(c2nc3cccnc3n3cccc23)CC1,5.1
ZINC000000020240,CC(C)NC[C@@H](O)COc1cccc2ccccc12,6.38
ZINC000000020250,C[C@@H](CN1c2ccccc2Sc2ccccc21)N(C)C,7.72
ZINC000000021198,CN(C)C[C@H]1C[C@@H]2c3ccccc3Cc3ccccc3N2O1,7.64
ZINC000000021403,Clc1ccc(N2CCN(Cc3cn4ccccc4n3)CC2)cc1,5.92
ZINC000000025902,c1ccc(CCCN2CCN(c3ccccn3)CC2)cc1,5.91
ZINC000000026029,Clc1ccc2c(c1)N1CCNC[C@@H]1C2,7.49
ZINC000000026677,CN(C)CCc1cccc2c1ccn2S(=O)(=O)c1ccccc1,7.74
ZINC000000026795,CCN1CCC(COc2nc3ccsc3n3cccc23)CC1,5.09
ZINC000000052443,COc1cccc2c(CCN)c[nH]c12,6.3
ZINC000000056647,C[C@H](CN1c2ccccc2Sc2ccccc21)N(C)C,7.72
ZINC000000057322,C[C@H](N)Cc1c[nH]c2ccc(F)cc12,8.07
ZINC000000057323,C[C@@H](N)Cc1c[nH]c2ccc(F)cc12,8.07
ZINC000000066085,Cc1ccc2[nH]cc(CCN)c2c1,8.22
ZINC000000077277,NCCc1c[nH]c2ccc(Cl)cc12,8.39
ZINC000000077278,NCCc1c[nH]c2ccc(F)cc12,8.58
ZINC000000077360,COc1ccc2c(CCN)c[nH]c2c1,5.61
ZINC000000111161,CN1CCC(N(C)S(=O)(=O)c2ccc(F)cc2)CC1,5.23
ZINC000000111168,COc1ccc(S(=O)(=O)N(C)C2CCN(C)CC2)cc1,6.08
ZINC000000112537,Cc1cccc2c(CCN)c[nH]c12,7.35
ZINC000000120144,NCCc1c[nH]c2ccccc12,8.13
ZINC000000139370,CC[C@@H](N)Cc1c[nH]c2ccccc12,5.9
ZINC000000141452,O=C(c1ccc(F)cc1)C1CCNCC1,6.28
ZINC000000155269,Cc1ccccc1[C@@H](OCCN(C)C)c1ccccc1,6.9
ZINC000000214426,Clc1ccccc1N1CCN(CCCc2ccccc2)CC1,6.02
ZINC000000216734,Clc1ccc(N2CCN(CCc3ccccc3)CC2)cc1,6.29
ZINC000000216834,Clc1cccc(N2CCN(CCc3ccccc3)CC2)c1,7.28
ZINC000000256143,Cc1cc(Cl)ccc1O[C@@H](C)C(=O)O,6.82
ZINC000000256144,Cc1cc(Cl)ccc1O[C@H](C)C(=O)O,6.82
ZINC000000332024,C1=NCCc2c1[nH]c1ccccc21,5.67
ZINC000000332736,Cn1cc(CCN)c2ccccc21,6.68
ZINC000000338136,COc1cc2c3c(c1OC)-c1cc4c(cc1C[C@@H]3N(C)CC2)OCO4,6.08
ZINC000000338140,COc1cc2c3c(c1OC)-c1cc4c(cc1C[C@H]3N(C)CC2)OCO4,6.08
ZINC000000389703,COc1ccc(OC)c(CCN)c1,5.55
ZINC000000402912,NCCc1c[nH]c2cc(F)ccc12,8.34
ZINC000000403683,C[C@H](N)Cc1c[nH]c2ccc(Cl)cc12,8.2
ZINC000000403684,C[C@@H](N)Cc1c[nH]c2ccc(Cl)cc12,8.2
ZINC000000403685,NCCc1c[nH]c2ccc(Br)cc12,8.29
ZINC000000404234,COc1ccc(Br)cc1CCN,6.68
ZINC000000404450,C[C@H](N)Cc1c[nH]c2ccccc12,7.72
ZINC000000404451,C[C@@H](N)Cc1c[nH]c2ccccc12,7.72
ZINC000000488389,CCN(CC)CCc1c[nH]c2ccc(OC)cc12,7.38
ZINC000000538069,CNc1cc(OC)c(C(=O)N[C@@H]2CCN(Cc3ccccc3)[C@@H]2C)cc1Cl,7.31
ZINC000000538314,Cc1nc2sccn2c(=O)c1CCN1CCC(=C(c2ccc(F)cc2)c2ccc(F)cc2)CC1,9.4
ZINC000000586739,CNc1cc(OC)c(C(=O)N[C@H]2CCN(Cc3ccccc3)[C@H]2C)cc1Cl,7.31
ZINC000000590474,CN(C)CCc1cccc2c1cc(C(=O)c1ccccc1)n2S(=O)(=O)c1ccccc1,8.18
ZINC000000591988,O=C(N[C@@H](CCCN1CCN(c2ncc(F)cn2)CC1)c1ccc(F)cc1)c1ccc(F)cc1,6.33
ZINC000000591989,O[C@H](CCCN1CCN(c2ncc(F)cn2)CC1)c1ccc(F)c2ccccc12,5.99
ZINC000000595350,O=C1[C@H]2CCCN2C(=O)CN1CN1CCN(c2cccc3ccccc23)CC1,7.87
ZINC000000596881,Clc1ccc(CO[C@H](Cn2ccnc2)c2ccc(Cl)cc2Cl)cc1,5.94
ZINC000000598062,CC(C)N1CCN(CCN2CCC(c3cn(-c4ccc(F)cc4)c4cc(Cl)ccc34)CC2)C1=O,8.82
ZINC000000601169,CN(CCOc1cn(-c2ccc(F)cc2)c2ccc(Cl)cc12)CCN1CCNC1=O,9.06
ZINC000000601172,CN(CCCN1CCNC1=O)CCc1cn(-c2ccc(F)cc2)c2cc(Cl)ccc12,8.72
ZINC000000601250,Clc1ccc(CS[C@H](Cn2ccnc2)c2ccc(Cl)cc2Cl)cc1,5.95
ZINC000000604739,O=c1[nH]c2ccc(CCN3CCN(c4cccc(C(F)(F)F)c4)CC3)cc2s1,6.7
ZINC000000604740,COc1ccccc1N1CCN(CCc2ccc3[nH]c(=O)sc3c2)CC1,6.52
ZINC000000605248,CN(C)CCc1c[nH]c2ccc(CCN3CCN(C)S3(=O)=O)cc12,5.6
ZINC000000605252,CC(=O)Nc1ccc(CN2CCN(Cc3ccc4[nH]cc(CCN(C)C)c4c3)S2(=O)=O)cc1,5.1
ZINC000000605469,O=C(NCCN1CCC(n2c(=O)[nH]c3ccccc32)CC1)c1nsc2ccccc12,6.19
ZINC000000607971,Clc1ccc(CO[C@H](Cn2ccnc2)c2ccc(Cl)cc2Cl)c(Cl)c1,5.95
ZINC000000643055,Clc1ccc(CO[C@@H](Cn2ccnc2)c2ccc(Cl)cc2Cl)cc1,5.94
ZINC000000757031,Clc1cccc(N2CCN(CCCc3ccccc3)CC2)c1,6.3
ZINC000000836242,Cn1c(=O)sc2cc(CCN3CCC(Cc4ccccc4)CC3)ccc21,6.4
ZINC000000836243,Cn1c(=O)sc2cc(CCN3CCC(c4ccccc4)CC3)ccc21,7.0
ZINC000000896650,CN1CCCC[C@H]1CCN1c2ccccc2Sc2ccc([S@@](C)=O)cc21,7.6
ZINC000000896740,Clc1ccc(CO[C@@H](Cn2ccnc2)c2ccc(Cl)cc2Cl)c(Cl)c1,5.95
ZINC000000968310,CN1CCN2c3ncccc3Cc3ccccc3[C@H]2C1,8.7
ZINC000001481850,O[C@H](c1ccccc1)C1CCN(CCc2ccccc2)CC1,8.61
ZINC000001483557,O[C@H]1c2ccccc2CCC12CCN(CCc1ccccc1)CC2,9.4
ZINC000001485923,Cn1cc(-c2ccc3c(c2)c(C2CCN(CCN4CCNC4=O)CC2)cn3-c2ccc(F)cc2)nn1,6.96
ZINC000001489634,COc1ccccc1N1CCN(CC[C@@H](O)c2csc3ccccc23)CC1,6.6
ZINC000001493052,c1ccc(CN2CCC3(CCCc4ccccc43)CC2)cc1,5.15
ZINC000001493859,CC(C)n1nc(C(=O)NCC2CCN(CCc3ccccn3)CC2)c2ccccc21,7.0
ZINC000001530579,COc1ccccc1OCCNC[C@H](O)COc1cccc2[nH]c3ccccc3c12,6.93
ZINC000001530580,COc1ccccc1OCCNC[C@@H](O)COc1cccc2[nH]c3ccccc3c12,6.93
ZINC000001530637,CNCC[C@H](Oc1ccc(C(F)(F)F)cc1)c1ccccc1,7.26
ZINC000001530638,CNCC[C@@H](Oc1ccc(C(F)(F)F)cc1)c1ccccc1,7.26
ZINC000001530695,CSc1ccc2c(c1)N(CC[C@@H]1CCCCN1C)c1ccccc1S2,8.9
ZINC000001530697,CSc1ccc2c(c1)N(CC[C@H]1CCCCN1C)c1ccccc1S2,8.9
ZINC000001530759,CCCNC[C@H](O)COc1ccccc1C(=O)CCc1ccccc1,6.73
ZINC000001530760,CCCNC[C@@H](O)COc1ccccc1C(=O)CCc1ccccc1,6.73
ZINC000001530830,CN(C)CCc1c[nH]c2cccc(OP(=O)(O)O)c12,5.46
ZINC000001533575,COc1ccccc1N1CCN(CCCCc2ccc3[nH]c(=O)sc3c2)CC1,6.82
ZINC000001533883,Fc1ccc(-n2cc(CCCCN3CCC4(CC3)OCc3ccccc34)c3ccccc32)cc1,5.7
ZINC000001537189,C[C@H]1SC(C)(C)C(=O)N1CCCCN1CCN(c2csc3cc(F)ccc23)CC1,8.1
ZINC000001542113,N#Cc1ccc2[nH]cc(CCCCN3CCN(c4ccc5oc(C(N)=O)cc5c4)CC3)c2c1,5.82
ZINC000001542665,Fc1ccc(C2CCN(CCCCc3cn(-c4ccc(F)cc4)c4ccccc34)CC2)cc1,6.57
ZINC000001542666,Fc1ccc(C2=C[C@H]3CC[C@@H](C2)N3CCCCc2cn(-c3ccc(F)cc3)c3ccccc23)cc1,5.43
ZINC000001542901,Cc1cc2c(OC[C@H](CNC(C)(C)C)OC(=O)c3ccccc3)cccc2[nH]1,6.34
ZINC000001543265,Cc1coc2cc(OCCCN3CCC(C(=O)c4ccc(F)cc4)CC3)ccc2c1=O,7.6
ZINC000001545114,O=C1CC2(CCCC2)[C@@H](O)C(=O)N1CCCCN1CCN(c2nsc3ccccc23)CC1,8.96
ZINC000001545565,CCCCCNC(=N)N/N=C/c1c[nH]c2ccc(OC)cc12,7.0
ZINC000001548097,COc1cc(C(C)=O)ccc1OCCCN1CCC(c2noc3cc(F)ccc23)CC1,8.05
ZINC000001550393,CCCCN1CCC(COc2nc3ccsc3n3cccc23)CC1,6.78
ZINC000001554072,Cn1cnc(-c2ccc3c(c2)c(C2CCN(CCC#N)CC2)cn3-c2ccc(F)cc2)n1,5.92
ZINC000001554701,CCCN(CCCCNS(=O)(=O)c1ccc(C)cc1)[C@H]1COc2cccc(OC)c2C1,5.3
ZINC000001554702,CCCN(CCCCN1C(=O)[C@H]2CCC[C@H]2C1=O)[C@H]1COc2cccc(OC)c2C1,5.52
ZINC000001555090,O=C(NCCCCN1CCN(c2nsc3ccccc23)CC1)c1nsc2ccccc12,6.7
ZINC000001571009,CC(C)(C)CC(C)(C)c1ccc(OCCOCC[N+](C)(C)Cc2ccccc2)cc1,7.43
ZINC000001578513,CC(C)(C)NC1=NCCNC(c2ccccc2)=C1,7.46
ZINC000001586284,COc1ccc(OC)c(C[C@H](C)N)c1,5.33
ZINC000001621829,Clc1ccccc1N1CCN(CCc2ccccc2)CC1,6.32
ZINC000001635352,CN1CCN(c2nc3cc(F)ccc3n3cccc23)CC1,6.91
ZINC000001663892,CN1CCC(=C(c2ccccc2)c2ccccc2)CC1,7.89
ZINC000001668616,NC[C@H]1CC2c3ccccc3C1c1ccccc12,5.02
ZINC000001692965,COc1cccc(C[C@@H](C)N)c1OC,5.37
ZINC000001841010,COc1ccc(OC)c(C[C@@H](C)N)c1,8.04
ZINC000001843091,O[C@@H](c1ccccc1)C1CCN(CCc2ccccc2)CC1,8.61
ZINC000001846593,O=C1NCN(c2ccccc2)C12CCN(CCCOc1ccc(F)cc1)CC2,9.5
ZINC000001850396,CCc1cc(OC)c(C[C@@H](C)N)cc1OC,7.0
ZINC000001850397,CCc1cc(OC)c(C[C@H](C)N)cc1OC,7.0
ZINC000001893112,O=c1c(CO)coc2cc(OCCCN3CCC(c4noc5cc(F)ccc45)CC3)ccc12,8.72
ZINC000001893115,O=c1ccoc2cc(OCCCN3CCC(c4noc5cc(F)ccc45)CC3)ccc12,8.07
ZINC000001893117,Cc1coc2cc(OCCCN3CCC(c4noc5cc(F)ccc45)CC3)ccc2c1=O,7.95
ZINC000001893705,C[C@@H]1SC2(CCCC2)C(=O)N1CCCCN1CCN(c2csc3cc(F)ccc23)CC1,8.4
ZINC000001912758,CCCN1CCC(COc2nc3ccccc3c3c2CCCN3)CC1,5.3
ZINC000001915508,O=C1CC2(CCCC2)CC(=O)N1CCCCN1CCN(c2nsc3ccccc23)CC1,9.4
ZINC000001995685,CNCCc1c[nH]c2ccccc12,7.29
ZINC000001999157,CCNCCc1c[nH]c2ccccc12,7.42
ZINC000001999162,CCN(CC)CCc1c[nH]c2ccccc12,6.88
ZINC000001999529,O=C1c2ccccc2S(=O)(=O)N1CCCCN1CCN(c2ncccn2)CC1,5.12
ZINC000002003474,CNCCc1c[nH]c(CCC(c2ccccc2)c2ccccc2)n1,5.39
ZINC000002007415,COCc1coc2cc(OCCCN3CCC(c4noc5cc(F)ccc45)CC3)ccc2c1=O,8.85
ZINC000002007418,O=Cc1coc2cc(OCCCN3CCC(c4noc5cc(F)ccc45)CC3)ccc2c1=O,8.68
ZINC000002007421,O=C(O)c1coc2cc(OCCCN3CCC(c4noc5cc(F)ccc45)CC3)ccc2c1=O,9.22
ZINC000002007426,O=c1cc(CO)oc2cc(OCCCN3CCC(c4noc5cc(F)ccc45)CC3)ccc12,8.14
ZINC000002009554,COc1ccc2[nH]cc(C[C@H](C)N)c2c1,8.8
ZINC000002009555,COc1ccc2[nH]cc(C[C@@H](C)N)c2c1,8.8
ZINC000002009671,COc1ccccc1N1CCN(CCCCN2C(=O)CCC2=O)CC1,5.82
ZINC000002012156,C[C@H](N)Cc1c[nH]c2ccc(O)cc12,9.0
ZINC000002012157,C[C@@H](N)Cc1c[nH]c2ccc(O)cc12,9.0
ZINC000002015685,COc1cc(OC)c(OC)cc1C[C@H](C)N,5.92
ZINC000002015686,COc1cc(OC)c(OC)cc1C[C@@H](C)N,5.92
ZINC000002017838,CN1CCc2cc(Cl)c(O)cc2[C@@H](c2ccccc2)C1,7.97
ZINC000002032320,Cc1cc2c(OC[C@@H](CNC(C)(C)C)OC(=O)c3ccccc3)cccc2[nH]1,6.34
ZINC000002035314,COc1ccc2[nH]cc([C@H](C)CN)c2c1,8.66
ZINC000002036052,CCN(CC)CCc1c[nH]c2cc(F)ccc12,6.84
ZINC000002384146,NCCc1c[nH]c2cccc(F)c12,7.55
ZINC000002516045,c1ccc2c(N3CCNCC3)cccc2c1,7.21
ZINC000002530693,COc1cc(C[C@H](C)N)c(OC)cc1I,9.34
ZINC000002559936,CNc1cc(OC)c(C(=O)N[C@H]2CCN(Cc3ccccc3)[C@@H]2C)cc1Cl,7.31
ZINC000002559943,C[C@@H]([C@@H](O)c1ccc(O)cc1)N1CCC(Cc2ccccc2)CC1,6.21
ZINC000002568290,c1ccc2c(N3CCNCC3)nsc2c1,6.96
ZINC000002572406,Cc1ccc2c(CCN)c[nH]c2c1,7.12
ZINC000002585997,COc1cc(CCN)cc(OC)c1OCCc1ccccc1,7.23
ZINC000003292410,CN1CCC(N(C)S(=O)(=O)c2ccc(C(C)(C)C)cc2)CC1,6.28
ZINC000003328480,Cc1ccc(S(=O)(=O)N(C)C2CCN(C)CC2)cc1,5.67
ZINC000003616630,C[C@H]([C@@H](O)c1ccc(O)cc1)N1CCC(Cc2ccccc2)CC1,6.21
ZINC000003625720,COc1cc(C[C@H](C)N)cc(OC)c1Br,6.68
ZINC000003625721,COc1cc(C[C@@H](C)N)cc(OC)c1Br,6.68
ZINC000003635820,CCCN(CCCCN1C(=O)CC2(CCCC2)CC1=O)[C@@H]1COc2cccc(OC)c2C1,6.0
ZINC000003635823,CCCN(CCCCN1C(=O)CC2(CCCC2)CC1=O)[C@H]1COc2cccc(OC)c2C1,6.0
ZINC000003683831,CN1CCC[C@@H](CN2c3ccccc3Sc3ccccc32)C1,6.96
ZINC000003683833,CN1CCC[C@H](CN2c3ccccc3Sc3ccccc32)C1,6.96
ZINC000003775140,COc1cc(N)c(Cl)cc1C(=O)N[C@@H]1CCN(CCCOc2ccc(F)cc2)C[C@@H]1OC,8.96
ZINC000003779247,COc1ccc2[nH]cc(C[C@H]3CCCN3C)c2c1,6.4
ZINC000003782398,O=C1Cc2cc(CCN3CCN(c4cccc5ccccc45)CC3)ccc2N1,7.7
ZINC000003784026,O=S(=O)(N[C@@H](CCCN1CCN(c2ncc(F)cn2)CC1)c1ccc(F)cc1)c1ccc(F)cc1,5.47
ZINC000003793084,C[C@@H]1SC(C)(C)C(=O)N1CCCCN1CCN(c2csc3cc(F)ccc23)CC1,8.1
ZINC000003798527,O=C1CC2(CCCC2)[C@H](O)C(=O)N1CCCCN1CCN(c2nsc3ccccc23)CC1,8.96
ZINC000003800232,CCCN(CCCCNS(=O)(=O)c1ccc(C)cc1)[C@@H]1COc2cccc(OC)c2C1,5.3
ZINC000003800235,CCCN(CCCCN1C(=O)[C@H]2CCC[C@H]2C1=O)[C@@H]1COc2cccc(OC)c2C1,5.52
ZINC000003802200,O[C@@H]1c2ccccc2CCC12CCN(CCc1ccccc1)CC2,9.4
ZINC000003804600,CN(CCCCN1CCN(c2nsc3ccccc23)CC1)C(=O)c1nsc2ccccc12,7.89
ZINC000003804610,CN(CCCCN1CCN(c2csc3cc(F)ccc23)CC1)C(=O)c1noc2ccccc12,6.73
ZINC000003808341,O=C(c1ccc(F)cc1)C1CCN(CCn2c(=O)sc3cc(CCCCN4CCOCC4)ccc32)CC1,9.22
ZINC000003810797,COc1cccc2c1CCC[C@H]2CN(C)CCc1ccc2ccoc2c1,6.84
ZINC000003812551,COc1ccc(N2CCN(CC[C@H]3OCCc4ccccc43)CC2)cc1,7.12
ZINC000003812888,COc1ccc(CCN(C)CCC[C@](C#N)(c2ccc(OC)c(OC)c2)C(C)C)cc1OC,6.9
ZINC000003812892,CC(C)(C)c1ccc([C@@H](O)CCCN2CCC(C(O)(c3ccccc3)c3ccccc3)CC2)cc1,7.14
ZINC000003813788,O=C(c1ccc(F)cc1)C1CCN(CCCOc2ccc3c(=O)c(CO)coc3c2)CC1,7.48
ZINC000003825883,CNC[C@@H]1C[C@H]2c3ccccc3Cc3ccccc3N2O1,7.88
ZINC000003826485,CNS(=O)(=O)Cc1ccc2[nH]cc(CCN3CC[C@@H](CNCc4ccccc4)C3)c2c1,5.24
ZINC000003827164,Cc1ccc(N2CCN(CC[C@@H]3NC(=O)c4ccccc43)CC2)cc1C,7.84
ZINC000003827662,OC[C@H](NC1CCN(CCCc2c[nH]c3ccc(-n4cnnc4)cc23)CC1)c1ccc(F)cc1,5.96
ZINC000003830564,COc1cc(N)c(Cl)cc1C(=O)N[C@H]1CCN(CCCOc2ccc(F)cc2)C[C@@H]1OC,8.96
ZINC000003831041,CN1CCCC[C@@H]1CCN1c2ccccc2Sc2ccc([S@](C)=O)cc21,8.6
ZINC000003831042,CN1CCCC[C@H]1CCN1c2ccccc2Sc2ccc([S@](C)=O)cc21,7.6
ZINC000003831171,CCN(CC)CCOC(=O)[C@@H](Cc1cccc2ccccc12)C[C@@H]1CCCO1,6.82
ZINC000003831172,CCN(CC)CCOC(=O)[C@H](Cc1cccc2ccccc12)C[C@@H]1CCCO1,6.59
ZINC000003831173,CCN(CC)CCOC(=O)[C@@H](Cc1cccc2ccccc12)C[C@H]1CCCO1,6.84
ZINC000003831174,CCN(CC)CCOC(=O)[C@H](Cc1cccc2ccccc12)C[C@H]1CCCO1,6.59
ZINC000003831511,CC(C)(C)c1ccc([C@H](O)CCCN2CCC(C(O)(c3ccccc3)c3ccccc3)CC2)cc1,7.14
ZINC000003838264,Cn1c(=O)c2c(nc3nc(NCCCN4CCN(c5ccccc5)CC4)c(Br)cn32)n(C)c1=O,6.53
ZINC000003860825,COC(=O)[C@H]1[C@@H](O)CC[C@H]2CN3CCc4c([nH]c5ccccc45)[C@@H]3C[C@@H]21,5.79
ZINC000003871832,COc1ccc(CCN(C)CCC[C@@](C#N)(c2ccc(OC)c(OC)c2)C(C)C)cc1OC,6.9
ZINC000003872738,NC(N)=NC(=O)Cc1c(Cl)cccc1Cl,6.06
ZINC000003873371,Clc1ccc(CS[C@@H](Cn2ccnc2)c2ccc(Cl)cc2Cl)cc1,5.95
ZINC000003874491,CNc1cc(OC)c(C(=O)N[C@@H]2CCN(Cc3ccccc3)[C@H]2C)cc1Cl,7.31
ZINC000003916060,O=C1C[C@@H](CN2CCC(c3noc4cc(F)ccc34)CC2)Cc2[nH]c3ccccc3c21,9.5
ZINC000003916062,O=C1C[C@@H](CN2CCC(C(=O)c3ccc(F)cc3)CC2)Cc2[nH]c3ccccc3c21,9.2
ZINC000003916775,O=C(c1ccc(F)cc1)C1CCN(CCn2c(=O)sc3cc(CCCCN4CCN(c5cccc(C(F)(F)F)c5)CC4)ccc32)CC1,7.3
ZINC000003917082,COc1ccccc1N1CCN(CCCCc2ccc3c(c2)sc(=O)n3CCN2CCC(C(=O)c3ccc(F)cc3)CC2)CC1,8.7
ZINC000003919778,C[C@H]1CN(c2cccc(Cl)c2)CCN1CCCn1nc2ccccn2c1=O,7.6
ZINC000003927092,CN(C)CCn1cc(S(=O)(=O)c2cccc(Cl)c2)c2cccnc21,6.88
ZINC000003927095,CN(C)CCn1cc(S(=O)(=O)c2cccc3ccccc23)c2cccnc21,6.03
ZINC000003929032,C[C@H]1SC2(CCCC2)C(=O)N1CCCCN1CCN(c2csc3cc(F)ccc23)CC1,8.4
ZINC000003931718,O=C1c2ccccc2S(=O)(=O)N1CCCCN1CC[C@@H](c2ccccc2)C1,7.47
ZINC000003937620,O=C(CCCN1CC[C@@](O)(c2ccc(Cl)cc2)C1)c1ccc(F)cc1,7.12
ZINC000003941211,O=C1c2ccsc2CC[C@H]1CCN1CCC(c2noc3cc(F)ccc23)CC1,9.87
ZINC000003948260,CN(C)[C@@H]1CC[C@H](c2c[nH]c3ccc(C#N)cc23)C1,6.08
ZINC000003948572,O=C1C[C@H](c2ccccc2)c2cccc(CCN3CCN(c4nsc5ccccc45)CC3)c2N1,9.74
ZINC000003954487,CN1CCCC[C@@H]1CCN1c2ccccc2Sc2ccc([S@@](C)=O)cc21,8.6
ZINC000003959350,Cc1[nH]c2ccccc2c1C1=CCNCC1,5.82
ZINC000003963815,C[C@@H]1CCc2cc(F)cc3c(CCN)cn1c23,6.57
ZINC000003965841,CN(C)C[C@H]1C[C@@H]2c3cc(F)ccc3Cc3ccc(F)cc3N2O1,7.97
ZINC000003965842,CN(C)C[C@@H]1C[C@@H]2c3ccccc3Cc3ccc(Cl)cc3N2O1,8.46
ZINC000003966376,O=C1Nc2cc(Cl)c(Cl)cc2N2CCNC[C@H]12,7.93
ZINC000003973655,Cc1ccccc1-c1cccc2c1N1CCNCC[C@@H]1C2,6.87
ZINC000003983953,CN1C[C@H](CO)C=C2c3cccc4[nH]cc(c34)C[C@H]21,9.1
ZINC000003986724,COc1cc([C@@H](OC)[C@@H](C)N)c(OC)cc1Br,9.52
ZINC000003986726,COc1cc([C@@H](O)[C@@H](C)N)c(OC)cc1Br,9.3
ZINC000003993837,CC(C)NC(=O)N(C1CCCCCCC1)C1CCN(CCCOc2ccc(F)cc2)CC1,7.1
ZINC000003994229,O=C1C[C@@H](CN2CCC(c3noc4cc(F)ccc34)CC2)Cc2occc21,8.6
ZINC000003994230,O=C1C[C@@H](CN2CCC(C(=O)c3ccc(F)cc3)CC2)Cc2occc21,7.28
ZINC000003995616,CC(C)[C@@]1(NC(=O)[C@@H]2C[C@@H]3c4cccc5[nH]cc(c45)C[C@H]3N(C)C2)O[C@@]2(O)[C@@H]3CCCN3C(=O)[C@H](Cc3ccccc3)N2C1=O,8.37
ZINC000003995923,O[C@H](CCCN1CCN(c2ncc(F)cn2)CC1)c1ccc(F)cc1,6.08
ZINC000004175569,Oc1nc2ccccc2n1CCCN1CCC(n2c(O)nc3cc(Cl)ccc32)CC1,7.96
ZINC000004205253,NC[C@@H]1CC2c3ccccc3C1c1ccccc12,5.02
ZINC000004215367,COc1cc(N)c(Cl)cc1C(=O)N[C@H]1CCN(CCCOc2ccc(F)cc2)C[C@H]1OC,8.96
ZINC000004618051,COc1ccc(N2CCN(CC[C@@H]3OCCc4ccccc43)CC2)cc1,7.12
ZINC000004628996,Fc1ccc(N2CCN(Cc3cn4ccccc4n3)CC2)cc1,6.07
ZINC000004631553,CN(C)C[C@@H]1C[C@H]2c3cc(F)ccc3Cc3ccc(F)cc3N2O1,7.97
ZINC000004632541,Cc1ccc(N2CCN(CC[C@H]3NC(=O)c4ccccc43)CC2)cc1C,7.44
ZINC000004634575,CNC[C@H]1C[C@@H]2c3ccccc3Cc3ccccc3N2O1,7.88
ZINC000004638322,C[C@H]1CCc2cc(F)cc3c(CCN)cn1c23,6.57
ZINC000004857621,CN1CCC(N(C)S(=O)(=O)c2ccc(Cl)cc2)CC1,6.27
ZINC000005734222,COc1cccc2[nH]cc(CCN)c12,8.04
ZINC000005735105,COc1ccc2[nH]cc([C@@H](C)CN)c2c1,8.66
ZINC000005765126,COc1cc(C[C@@H](C)N)c(OC)cc1C,7.72
ZINC000005765127,COc1cc(C[C@H](C)N)c(OC)cc1C,7.72
ZINC000005845906,CCN(CC)C(=O)[C@@H]1C=C2c3cccc4[nH]cc(c34)C[C@H]2NC1,8.22
ZINC000005966229,CN1CCC(=C2c3ccccc3CCc3ccccc32)CC1,8.05
ZINC000005966958,CN1CCc2ccc(O)cc2[C@H](c2ccccc2)C1,6.88
ZINC000005966959,CN1CCc2ccc(O)cc2[C@@H](c2ccccc2)C1,6.88
ZINC000006021026,COc1cccc(C[C@H](C)N)c1OC,5.37
ZINC000006093913,NCCc1c[nH]c2c(Cl)cccc12,7.73
ZINC000006480819,CN1CCN(c2nc(-c3cccs3)cc(-c3cccs3)n2)CC1,8.1
ZINC000006548476,Clc1ccc(N2CCN(CCCc3ccccc3)CC2)cc1,6.41
ZINC000006700528,COc1ccccc1N1CCN(Cc2cn3ccccc3n2)CC1,5.23
ZINC000006716821,CC(=O)c1cccc(NC(=O)N[C@@H]2CCCC[C@H]2CN2CCC[C@@H](Cc3ccc(F)cc3)C2)c1,6.04
ZINC000006717467,CC(C)n1nc(C(=O)NCC2CCN(CCc3ccc(N)cc3)CC2)c2ccccc21,7.1
ZINC000006717470,CC(C)n1nc(C(=O)NCC2CCN(CCc3ccc([N+](=O)[O-])cc3)CC2)c2ccccc21,6.0
ZINC000006733302,COc1cc2c(cc1Cl)[C@H](C)CNCC2,7.1
ZINC000006733454,C[C@@H]1CNCCc2c(Cl)cc(Cl)cc21,6.77
ZINC000006733455,C[C@@H]1CNCCc2ccc(Cl)c(F)c21,6.08
ZINC000006733457,C[C@@H]1CNCCc2ccc(Cl)c(Cl)c21,6.87
ZINC000006845963,CCCCCCCCCCCCCCCC[n+]1ccccc1,6.04
ZINC000006920614,CN1CCC(C(=O)c2ccccc2)CC1,6.22
ZINC000006928031,NCC1c2ccccc2Sc2ccccc21,7.19
ZINC000010049531,Cc1cn2c3c(=O)n(C)c(=O)n(C)c3nc2n1CCCN1CCN(c2cccc(Cl)c2)CC1,6.39
ZINC000011919626,COc1cccc2c3c([nH]c12)C=NCC3,5.59
ZINC000011919683,Brc1ccc2[nH]c3c(c2c1)CCN=C3,5.76
ZINC000012068667,COc1ccccc1N1CCN(CCCNS(=O)(=O)c2ccc3ccccc3c2)CC1,7.07
ZINC000012068672,COc1ccc(S(=O)(=O)NCCCN2CCN(c3ccccc3OC)CC2)cc1,5.29
ZINC000012069082,COc1ccc(S(=O)(=O)NCCCN2CCN(c3ccc(F)cc3)CC2)cc1,7.13
ZINC000012355999,CN1CCN(C2=Cn3cccc3Sc3sccc32)CC1,8.67
ZINC000012356010,c1ccc(-c2[nH]c3ccccc3c2[C@H]2CNCCO2)cc1,7.74
ZINC000012356012,c1ccc(-c2[nH]c3ccccc3c2[C@@H]2CNCCO2)cc1,7.74
ZINC000012356130,Oc1nc2ccc(CCN3CCN(c4ccccc4)CC3)cc2s1,7.4
ZINC000012356157,O=C(CCCN1CC[C@](O)(c2ccc(Cl)cc2)C1)c1ccc(F)cc1,7.12
ZINC000012356164,O=C1C[C@@H](CN2CCC(C(=O)c3ccc(F)cc3)CC2)c2ccccc21,8.13
ZINC000012356165,O=C1C[C@H](CN2CCC(C(=O)c3ccc(F)cc3)CC2)c2ccccc21,8.13
ZINC000012356168,O=C(c1ccc(F)cc1)C1CCN(CC[C@@H]2Cc3sccc3C2=O)CC1,8.92
ZINC000012356169,O=C(c1ccc(F)cc1)C1CCN(CC[C@H]2Cc3sccc3C2=O)CC1,8.92
ZINC000012356172,O=C1C[C@@H](CN2CCC(C(=O)c3ccc(F)cc3)CC2)Cc2sccc21,7.82
ZINC000012356173,O=C1C[C@H](CN2CCC(C(=O)c3ccc(F)cc3)CC2)Cc2sccc21,7.82
ZINC000012356209,O=C1C[C@@H](CN2CCC(C(=O)c3ccc(F)cc3)CC2)Cc2ccccc21,8.79
ZINC000012356211,O=C1C[C@H](CN2CCC(C(=O)c3ccc(F)cc3)CC2)Cc2ccccc21,8.79
ZINC000012356214,O=C(c1ccc(F)cc1)C1CCN(CC[C@@H]2CCc3sccc3C2=O)CC1,9.02
ZINC000012356216,O=C(c1ccc(F)cc1)C1CCN(CC[C@H]2CCc3sccc3C2=O)CC1,9.02
ZINC000012356220,COc1ccccc1N1CCN(CC[C@H](O)c2csc3ccccc23)CC1,6.6
ZINC000012356222,O=C(c1ccc(F)cc1)C1CCN(CC[C@@H]2Cc3ccccc3C2=O)CC1,8.12
ZINC000012356224,O=C(c1ccc(F)cc1)C1CCN(CC[C@H]2Cc3ccccc3C2=O)CC1,8.12
ZINC000012356225,O=C1C[C@@H](CN2CCC(c3noc4cc(F)ccc34)CC2)Cc2sccc21,9.13
ZINC000012356226,O=C1C[C@H](CN2CCC(c3noc4cc(F)ccc34)CC2)Cc2sccc21,9.13
ZINC000012356227,COc1ccccc1N1CCN(CC[C@@H]2CCc3ccccc3C2=O)CC1,6.72
ZINC000012356229,COc1ccccc1N1CCN(CC[C@H]2CCc3ccccc3C2=O)CC1,6.72
ZINC000012356234,COc1ccccc1N1CCN(CCCc2ccc3nc(O)sc3c2)CC1,6.54
ZINC000012356246,COc1cccc2c1C[C@H](NCCCCN1C(=O)c3ccccc3C1=O)CO2,6.22
ZINC000012356247,COc1cccc2c1C[C@@H](NCCCCN1C(=O)c3ccccc3C1=O)CO2,6.22
ZINC000012356260,O=C1C[C@@H](CN2CCC(c3noc4cc(F)ccc34)CC2)Cc2ccccc21,8.56
ZINC000012356262,O=C1C[C@H](CN2CCC(c3noc4cc(F)ccc34)CC2)Cc2ccccc21,8.56
ZINC000012356289,Cc1sc2nc(SCCCN3CCN(c4ncccn4)CC3)n(N)c(=O)c2c1C,6.0
ZINC000012356306,O=C(NCCN1CCC(C(=O)c2ccc(F)cc2)CC1)c1nsc2ccccc12,7.77
ZINC000012356311,COc1ccccc1N1CCN(CCCNC(=O)c2nsc3ccccc23)CC1,5.51
ZINC000012356313,O=C(NCCN1CCN(c2nsc3ccccc23)CC1)c1nsc2ccccc12,6.32
ZINC000012356325,CCCN(CCCCN1C[C@@H]2CCC[C@@H]2C1=O)[C@@H]1COc2cccc(OC)c2C1,5.7
ZINC000012356328,O=C(CCCN1CCC2(CC1)C(=O)NCN2C1CCCCC1)c1ccc(F)cc1,9.15
ZINC000012356353,COc1ccccc1N1CCN(CCCCNC(=O)c2nsc3ccccc23)CC1,6.14
ZINC000012356399,CN(CCCN1CCC(C(=O)c2ccc(F)cc2)CC1)C(=O)c1noc2ccccc12,6.91
ZINC000012359681,CNCc1cc(F)ccc1Oc1ccc(Cl)cc1,6.31
ZINC000012359682,CNCc1cc(F)ccc1Oc1ccccc1,6.17
ZINC000012428108,Cn1c2c(c3ccccc31)CNCC2,5.51
ZINC000012480529,COc1c(O)cccc1[C@@H](O)C1CCN(CCc2ccc(F)cc2)CC1,8.91
ZINC000012985947,O=C(NC1CCN(Cc2ccccc2)CC1)c1ccc2ccccc2c1,7.36
ZINC000013109243,COc1c(O)cccc1[C@H](O)C1CCN(CCc2ccc(F)cc2)CC1,9.6
ZINC000013130932,CC1=NCCc2c1[nH]c1ccccc21,5.94
ZINC000013371043,CN1C(=N)N/C(=C/c2c[nH]c3cc(Br)ccc23)C1=O,5.38
ZINC000013436804,CN(C)C[C@@H]1C[C@H]2c3ccccc3Oc3ccc(Cl)cc3N2O1,8.72
ZINC000013436808,CN(C)C[C@H]1C[C@H]2c3ccccc3Oc3ccc(Cl)cc3N2O1,8.72
ZINC000013436812,CN(C)C[C@@H]1C[C@@H]2c3ccccc3Oc3ccc(Cl)cc3N2O1,8.72
ZINC000013436814,CN(C)C[C@H]1C[C@@H]2c3ccccc3Oc3ccc(Cl)cc3N2O1,8.72
ZINC000013436817,CN(C)C[C@H]1C[C@H]2c3ccccc3Cc3ccccc3N2O1,7.64
ZINC000013436823,CN(C)CC[C@@H]1C[C@H]2c3ccccc3Cc3ccccc3N2O1,7.04
ZINC000013436827,CN(C)CC[C@H]1C[C@H]2c3ccccc3Cc3ccccc3N2O1,7.04
ZINC000013436830,CN(C)CC[C@@H]1C[C@@H]2c3ccccc3Cc3ccccc3N2O1,7.04
ZINC000013436833,CN(C)CC[C@H]1C[C@@H]2c3ccccc3Cc3ccccc3N2O1,7.04
ZINC000013436836,CN(C)CCC[C@@H]1C[C@H]2c3ccccc3Cc3ccccc3N2O1,8.41
ZINC000013436839,CN(C)CCC[C@H]1C[C@H]2c3ccccc3Cc3ccccc3N2O1,8.41
ZINC000013436842,CN(C)CCC[C@@H]1C[C@@H]2c3ccccc3Cc3ccccc3N2O1,8.41
ZINC000013436845,CN(C)CCC[C@H]1C[C@@H]2c3ccccc3Cc3ccccc3N2O1,8.41
ZINC000013436850,CCN(CC)C[C@@H]1C[C@H]2c3ccccc3Cc3ccccc3N2O1,7.37
ZINC000013436853,CCN(CC)C[C@H]1C[C@H]2c3ccccc3Cc3ccccc3N2O1,7.37
ZINC000013436857,CCN(CC)C[C@@H]1C[C@@H]2c3ccccc3Cc3ccccc3N2O1,7.37
ZINC000013436860,CCN(CC)C[C@H]1C[C@@H]2c3ccccc3Cc3ccccc3N2O1,7.37
ZINC000013436892,CNC[C@H]1C[C@H]2c3ccccc3Cc3ccccc3N2O1,7.88
ZINC000013436895,CNC[C@@H]1C[C@@H]2c3ccccc3Cc3ccccc3N2O1,7.88
ZINC000013436898,NC[C@@H]1C[C@H]2c3ccccc3Cc3ccccc3N2O1,7.8
ZINC000013436902,NC[C@H]1C[C@H]2c3ccccc3Cc3ccccc3N2O1,7.8
ZINC000013436905,NC[C@@H]1C[C@@H]2c3ccccc3Cc3ccccc3N2O1,7.8
ZINC000013436908,NC[C@H]1C[C@@H]2c3ccccc3Cc3ccccc3N2O1,7.8
ZINC000013436911,CN(C)C[C@@]1(C)C[C@H]2c3ccccc3Cc3ccccc3N2O1,7.24
ZINC000013436914,CN(C)C[C@]1(C)C[C@H]2c3ccccc3Cc3ccccc3N2O1,7.24
ZINC000013436917,CN(C)C[C@@]1(C)C[C@@H]2c3ccccc3Cc3ccccc3N2O1,7.24
ZINC000013436920,CN(C)C[C@]1(C)C[C@@H]2c3ccccc3Cc3ccccc3N2O1,7.24
ZINC000013436924,c1ccc2c(c1)Cc1ccccc1N1O[C@H](CN3CCCC3)C[C@@H]21,7.6
ZINC000013436928,c1ccc2c(c1)Cc1ccccc1N1O[C@@H](CN3CCCC3)C[C@@H]21,7.6
ZINC000013436931,c1ccc2c(c1)Cc1ccccc1N1O[C@H](CN3CCCC3)C[C@H]21,7.6
ZINC000013436934,c1ccc2c(c1)Cc1ccccc1N1O[C@@H](CN3CCCC3)C[C@H]21,7.6
ZINC000013436937,c1ccc2c(c1)Cc1ccccc1N1O[C@H](CN3CCOCC3)C[C@@H]21,6.85
ZINC000013436940,c1ccc2c(c1)Cc1ccccc1N1O[C@@H](CN3CCOCC3)C[C@@H]21,6.85
ZINC000013436943,c1ccc2c(c1)Cc1ccccc1N1O[C@H](CN3CCOCC3)C[C@H]21,6.85
ZINC000013436947,c1ccc2c(c1)Cc1ccccc1N1O[C@@H](CN3CCOCC3)C[C@H]21,6.85
ZINC000013437045,Cc1cccc2c1[C@@H]1C[C@@H](CN(C)C)ON1c1ccccc1C2,7.32
ZINC000013437048,Cc1cccc2c1[C@@H]1C[C@H](CN(C)C)ON1c1ccccc1C2,7.32
ZINC000013437050,Cc1cccc2c1[C@H]1C[C@@H](CN(C)C)ON1c1ccccc1C2,7.32
ZINC000013437053,Cc1cccc2c1[C@H]1C[C@H](CN(C)C)ON1c1ccccc1C2,7.32
ZINC000013437056,Cc1ccc2c(c1)Cc1ccccc1N1O[C@H](CN(C)C)C[C@@H]21,7.98
ZINC000013437059,Cc1ccc2c(c1)Cc1ccccc1N1O[C@@H](CN(C)C)C[C@@H]21,7.98
ZINC000013437062,Cc1ccc2c(c1)Cc1ccccc1N1O[C@H](CN(C)C)C[C@H]21,7.98
ZINC000013437065,Cc1ccc2c(c1)Cc1ccccc1N1O[C@@H](CN(C)C)C[C@H]21,7.98
ZINC000013437068,CN(C)C[C@@H]1C[C@H]2c3ccccc3Cc3cc(F)ccc3N2O1,8.16
ZINC000013437071,CN(C)C[C@H]1C[C@H]2c3ccccc3Cc3cc(F)ccc3N2O1,8.16
ZINC000013437073,CN(C)C[C@@H]1C[C@@H]2c3ccccc3Cc3cc(F)ccc3N2O1,8.16
ZINC000013437076,CN(C)C[C@H]1C[C@@H]2c3ccccc3Cc3cc(F)ccc3N2O1,8.16
ZINC000013437079,CN(C)C[C@@H]1C[C@H]2c3ccccc3Cc3ccc(Cl)cc3N2O1,8.46
ZINC000013437082,CN(C)C[C@H]1C[C@H]2c3ccccc3Cc3ccc(Cl)cc3N2O1,8.46
ZINC000013437085,CN(C)C[C@H]1C[C@@H]2c3ccccc3Cc3ccc(Cl)cc3N2O1,8.46
ZINC000013437088,Cc1ccc2c(c1)N1O[C@H](CN(C)C)C[C@H]1c1ccccc1C2,8.51
ZINC000013437091,Cc1ccc2c(c1)N1O[C@@H](CN(C)C)C[C@H]1c1ccccc1C2,8.51
ZINC000013437095,Cc1ccc2c(c1)N1O[C@H](CN(C)C)C[C@@H]1c1ccccc1C2,8.51
ZINC000013437098,Cc1ccc2c(c1)N1O[C@@H](CN(C)C)C[C@@H]1c1ccccc1C2,8.51
ZINC000013437101,CN(C)C[C@@H]1C[C@H]2c3ccccc3Cc3cccc(Cl)c3N2O1,7.49
ZINC000013437104,CN(C)C[C@H]1C[C@H]2c3ccccc3Cc3cccc(Cl)c3N2O1,7.49
ZINC000013437107,CN(C)C[C@@H]1C[C@@H]2c3ccccc3Cc3cccc(Cl)c3N2O1,7.49
ZINC000013437111,CN(C)C[C@H]1C[C@@H]2c3ccccc3Cc3cccc(Cl)c3N2O1,7.49
ZINC000013437114,CN(C)C[C@@H]1C[C@H]2c3c(cccc3C(F)(F)F)Cc3ccccc3N2O1,7.17
ZINC000013437117,CN(C)C[C@H]1C[C@H]2c3c(cccc3C(F)(F)F)Cc3ccccc3N2O1,7.17
ZINC000013437121,CN(C)C[C@@H]1C[C@@H]2c3c(cccc3C(F)(F)F)Cc3ccccc3N2O1,7.17
ZINC000013437124,CN(C)C[C@H]1C[C@@H]2c3c(cccc3C(F)(F)F)Cc3ccccc3N2O1,7.17
ZINC000013437127,COc1ccc2c(c1)[C@H]1C[C@H](CN(C)C)ON1c1ccccc1C2,6.52
ZINC000013437130,COc1ccc2c(c1)[C@H]1C[C@@H](CN(C)C)ON1c1ccccc1C2,6.52
ZINC000013437133,CN(C)C[C@@H]1C[C@H]2c3cc(F)ccc3Cc3ccccc3N2O1,7.27
ZINC000013437136,CN(C)C[C@H]1C[C@H]2c3cc(F)ccc3Cc3ccccc3N2O1,7.27
ZINC000013437140,CN(C)C[C@@H]1C[C@@H]2c3cc(F)ccc3Cc3ccccc3N2O1,7.27
ZINC000013437143,CN(C)C[C@H]1C[C@@H]2c3cc(F)ccc3Cc3ccccc3N2O1,7.27
ZINC000013437146,CN(C)C[C@@H]1C[C@H]2c3cccc(F)c3Cc3ccccc3N2O1,7.5
ZINC000013437150,CN(C)C[C@H]1C[C@H]2c3cccc(F)c3Cc3ccccc3N2O1,7.5
ZINC000013437153,CN(C)C[C@@H]1C[C@@H]2c3cccc(F)c3Cc3ccccc3N2O1,7.5
ZINC000013437156,CN(C)C[C@H]1C[C@@H]2c3cccc(F)c3Cc3ccccc3N2O1,7.5
ZINC000013437159,CN(C)C[C@@H]1C[C@H]2c3cccc(C(F)(F)F)c3Cc3ccccc3N2O1,6.0
ZINC000013437162,CN(C)C[C@H]1C[C@H]2c3cccc(C(F)(F)F)c3Cc3ccccc3N2O1,6.0
ZINC000013437165,CN(C)C[C@@H]1C[C@@H]2c3cccc(C(F)(F)F)c3Cc3ccccc3N2O1,6.0
ZINC000013437168,CN(C)C[C@H]1C[C@@H]2c3cccc(C(F)(F)F)c3Cc3ccccc3N2O1,6.0
ZINC000013437171,CN(C)C[C@@H]1C[C@H]2c3ccccc3Cc3c(F)cccc3N2O1,7.62
ZINC000013437174,CN(C)C[C@H]1C[C@H]2c3ccccc3Cc3c(F)cccc3N2O1,7.62
ZINC000013437178,CN(C)C[C@@H]1C[C@@H]2c3ccccc3Cc3c(F)cccc3N2O1,7.62
ZINC000013437181,CN(C)C[C@H]1C[C@@H]2c3ccccc3Cc3c(F)cccc3N2O1,7.62
ZINC000013437184,Cc1cccc2c1Cc1ccccc1[C@@H]1C[C@@H](CN(C)C)ON21,7.04
ZINC000013437188,Cc1cccc2c1Cc1ccccc1[C@@H]1C[C@H](CN(C)C)ON21,7.04
ZINC000013437191,Cc1cccc2c1Cc1ccccc1[C@H]1C[C@@H](CN(C)C)ON21,7.04
ZINC000013437195,Cc1cccc2c1Cc1ccccc1[C@H]1C[C@H](CN(C)C)ON21,7.04
ZINC000013437198,CN(C)C[C@@H]1C[C@H]2c3ccccc3Cc3ccc(F)cc3N2O1,8.94
ZINC000013437201,CN(C)C[C@H]1C[C@H]2c3ccccc3Cc3ccc(F)cc3N2O1,8.94
ZINC000013437204,CN(C)C[C@@H]1C[C@@H]2c3ccccc3Cc3ccc(F)cc3N2O1,8.94
ZINC000013437207,CN(C)C[C@H]1C[C@@H]2c3ccccc3Cc3ccc(F)cc3N2O1,8.94
ZINC000013437210,CN(C)C[C@H]1C[C@H]2c3cc(F)ccc3Cc3ccc(F)cc3N2O1,7.97
ZINC000013437214,CN(C)C[C@@H]1C[C@@H]2c3cc(F)ccc3Cc3ccc(F)cc3N2O1,7.97
ZINC000013437217,CN(C)C[C@@H]1C[C@H]2c3ccccc3Cc3ccc(-c4ccccc4)cc3N2O1,7.65
ZINC000013437220,CN(C)C[C@H]1C[C@H]2c3ccccc3Cc3ccc(-c4ccccc4)cc3N2O1,7.65
ZINC000013437223,CN(C)C[C@@H]1C[C@@H]2c3ccccc3Cc3ccc(-c4ccccc4)cc3N2O1,7.65
ZINC000013437226,CN(C)C[C@H]1C[C@@H]2c3ccccc3Cc3ccc(-c4ccccc4)cc3N2O1,7.65
ZINC000013438692,Clc1ccc(N2CCN(Cc3cnn4ccccc34)CC2)cc1,6.42
ZINC000013440622,Cn1c(=O)sc2cc(CCCCN3CCC(c4ccccc4)CC3)ccc21,6.4
ZINC000013440624,Cn1c(=O)sc2cc(CCCCN3CCC(Cc4ccccc4)CC3)ccc21,6.15
ZINC000013443844,c1ccc(-c2c[nH]c(CN3CCN(c4ccccc4)CC3)c2)cc1,5.89
ZINC000013443850,C#Cc1c[nH]c(CN2CCN(c3ccccc3)CC2)c1,6.42
ZINC000013443856,N#Cc1c[nH]c(CN2CCN(c3ccccc3)CC2)c1,6.21
ZINC000013443859,N#Cc1cc(CN2CCN(c3ccccc3)CC2)c[nH]1,6.07
ZINC000013444163,COc1cc(C)cc(OC)c1C[C@@H](C)N,7.31
ZINC000013444166,COc1cc(C)cc(OC)c1C[C@H](C)N,7.31
ZINC000013444169,Cc1c2c(c(C[C@@H](C)N)c3c1CCO3)OCC2,8.2
ZINC000013444172,Cc1c2c(c(C[C@H](C)N)c3c1CCO3)OCC2,8.2
ZINC000013444176,Cc1c2ccoc2c(C[C@@H](C)N)c2occc12,8.74
ZINC000013444179,Cc1c2ccoc2c(C[C@H](C)N)c2occc12,8.74
ZINC000013447125,O=C(c1ccccc1)N1CCN(CCCCc2ccccc2)CC1,6.74
ZINC000013447977,CC[C@@H](C)NC(=O)[C@@H]1C=C2c3cccc4[nH]cc(c34)C[C@H]2N(C)C1,8.06
ZINC000013447980,CC[C@H](C)NC(=O)[C@@H]1C=C2c3cccc4[nH]cc(c34)C[C@H]2N(C)C1,7.47
ZINC000013470656,COc1cccc2c1CCC[C@@H]2CCCN1CCN(c2ccccn2)CC1,6.6
ZINC000013470658,COc1cccc2c1CCC[C@H]2CCCN1CCN(c2ccccn2)CC1,6.6
ZINC000013471602,COc1ccccc1N1CCN(C[C@@H]2CC(=O)c3ccccc32)CC1,6.21
ZINC000013471603,COc1ccccc1N1CCN(C[C@H]2CC(=O)c3ccccc32)CC1,6.21
ZINC000013471606,COc1ccccc1N1CCN(C[C@@H]2CC(=O)c3ccccc3C2)CC1,6.48
ZINC000013471608,COc1ccccc1N1CCN(C[C@H]2CC(=O)c3ccccc3C2)CC1,6.48
ZINC000013471614,COc1ccccc1N1CCN(CC[C@@H]2Cc3ccccc3C2=O)CC1,6.8
ZINC000013471617,COc1ccccc1N1CCN(CC[C@H]2Cc3ccccc3C2=O)CC1,6.8
ZINC000013471623,O=C(c1ccc(F)cc1)C1CCN(CC[C@@H]2Cc3cc(F)ccc3C2=O)CC1,8.12
ZINC000013471626,O=C(c1ccc(F)cc1)C1CCN(CC[C@H]2Cc3cc(F)ccc3C2=O)CC1,8.12
ZINC000013471628,O=C(c1ccc(F)cc1)C1CCN(CC[C@@H]2CCc3ccccc3C2=O)CC1,7.47
ZINC000013471630,O=C(c1ccc(F)cc1)C1CCN(CC[C@H]2CCc3ccccc3C2=O)CC1,7.47
ZINC000013471632,O=C(c1ccc(F)cc1)C1CCN(CC[C@@H]2CCCc3ccccc3C2=O)CC1,6.75
ZINC000013471634,O=C(c1ccc(F)cc1)C1CCN(CC[C@H]2CCCc3ccccc3C2=O)CC1,6.75
ZINC000013471647,CCc1c(C)[nH]c2c1C(=O)[C@H](CCN1CCN(c3ccccc3OC)CC1)CC2,7.5
ZINC000013471649,CCc1c(C)[nH]c2c1C(=O)[C@@H](CCN1CCN(c3ccccc3OC)CC1)CC2,7.5
ZINC000013471650,COc1ccccc1N1CCN(C[C@@H]2CC(=O)c3ccsc3C2)CC1,5.9
ZINC000013471651,COc1ccccc1N1CCN(C[C@H]2CC(=O)c3ccsc3C2)CC1,5.9
ZINC000013471653,O=C1C[C@@H](CN2CCN(c3ccccn3)CC2)Cc2sccc21,6.4
ZINC000013471656,O=C1C[C@H](CN2CCN(c3ccccn3)CC2)Cc2sccc21,6.4
ZINC000013471665,COc1ccccc1N1CCN(CC[C@@H]2CCc3sccc3C2=O)CC1,6.95
ZINC000013471668,COc1ccccc1N1CCN(CC[C@H]2CCc3sccc3C2=O)CC1,6.95
ZINC000013471671,O=C1c2ccsc2CC[C@@H]1CCN1CCN(c2ccccn2)CC1,6.31
ZINC000013471674,O=C1c2ccsc2CC[C@H]1CCN1CCN(c2ccccn2)CC1,6.31
ZINC000013471676,O=C1c2ccsc2CC[C@@H]1CCN1CCC(c2noc3cc(F)ccc23)CC1,9.87
ZINC000013471701,O=C1C[C@H](CN2CCC(C(=O)c3ccc(F)cc3)CC2)Cc2occc21,7.28
ZINC000013471704,O=C1C[C@H](CN2CCC(c3noc4cc(F)ccc34)CC2)Cc2occc21,8.29
ZINC000013471706,COc1ccccc1N1CCN(CC[C@@H]2CCc3occc3C2=O)CC1,6.3
ZINC000013471708,COc1ccccc1N1CCN(CC[C@H]2CCc3occc3C2=O)CC1,6.3
ZINC000013471709,O=C1c2ccoc2CC[C@@H]1CCN1CCN(c2ccccn2)CC1,6.17
ZINC000013471710,O=C1c2ccoc2CC[C@H]1CCN1CCN(c2ccccn2)CC1,6.17
ZINC000013471711,O=C(c1ccc(F)cc1)C1CCN(CC[C@@H]2CCc3occc3C2=O)CC1,7.58
ZINC000013471712,O=C(c1ccc(F)cc1)C1CCN(CC[C@H]2CCc3occc3C2=O)CC1,7.58
ZINC000013471715,O=C1c2ccoc2CC[C@H]1CCN1CCC(c2noc3cc(F)ccc23)CC1,9.25
ZINC000013471716,O=C1c2ccoc2CC[C@@H]1CCN1CCC(c2noc3cc(F)ccc23)CC1,9.25
ZINC000013471717,COc1ccccc1N1CCN(C[C@@H]2CC(=O)c3c([nH]c4ccccc34)C2)CC1,6.5
ZINC000013471718,COc1ccccc1N1CCN(C[C@H]2CC(=O)c3c([nH]c4ccccc34)C2)CC1,6.5
ZINC000013471720,O=C1C[C@H](CN2CCC(C(=O)c3ccc(F)cc3)CC2)Cc2[nH]c3ccccc3c21,9.2
ZINC000013471721,O=C1C[C@H](CN2CCC(c3noc4cc(F)ccc34)CC2)Cc2[nH]c3ccccc3c21,9.5
ZINC000013472032,CO[C@@H]1Cc2ccccc2C2(CCN(Cc3ccccc3)CC2)O1,5.18
ZINC000013472033,CO[C@H]1Cc2ccccc2C2(CCN(Cc3ccccc3)CC2)O1,5.18
ZINC000013472040,CO[C@@H]1Cc2ccccc2C2(CCN(CCCc3ccccc3)CC2)O1,6.34
ZINC000013472041,CO[C@H]1Cc2ccccc2C2(CCN(CCCc3ccccc3)CC2)O1,6.34
ZINC000013472083,O[C@@H](CCc1ccccc1)CN1CCC2(CCc3cc(F)ccc3O2)CC1,7.54
ZINC000013472084,O[C@H](CCc1ccccc1)CN1CCC2(CCc3cc(F)ccc3O2)CC1,7.54
ZINC000013472085,Fc1ccc2c(c1)CCC1(CCN([C@@H]3CCc4ccccc4C3)CC1)O2,7.02
ZINC000013472086,Fc1ccc2c(c1)CCC1(CCN([C@H]3CCc4ccccc4C3)CC1)O2,7.02
ZINC000013473100,NC[C@@H]1Cc2ccccc2-c2ccccc21,6.15
ZINC000013473101,NC[C@H]1Cc2ccccc2-c2ccccc21,6.15
ZINC000013473107,c1ccc2c(c1)Cc1cccc3c1[C@@H]2CNC3,6.53
ZINC000013473108,c1ccc2c(c1)Cc1cccc3c1[C@H]2CNC3,6.53
ZINC000013473110,C[C@@H](N)C1c2ccccc2Cc2ccccc21,6.71
ZINC000013473111,C[C@H](N)C1c2ccccc2Cc2ccccc21,6.71
ZINC000013473855,O[C@H](c1ccc(F)cc1)C1CCN(CCc2ccccc2I)CC1,9.04
ZINC000013473856,O[C@@H](c1ccc(F)cc1)C1CCN(CCc2ccccc2I)CC1,9.04
ZINC000013473857,O[C@H](c1ccc(F)cc1)C1CCN(CCc2cccc(I)c2)CC1,7.88
ZINC000013473858,O[C@@H](c1ccc(F)cc1)C1CCN(CCc2cccc(I)c2)CC1,7.88
ZINC000013473859,O[C@H](c1ccc(F)cc1)C1CCN(CCc2ccc(I)cc2)CC1,7.49
ZINC000013473860,O[C@@H](c1ccc(F)cc1)C1CCN(CCc2ccc(I)cc2)CC1,7.49
ZINC000013473861,O=[N+]([O-])c1ccc([C@@H](O)C2CCN(CCc3ccccc3)CC2)cc1,8.94
ZINC000013473862,O=[N+]([O-])c1ccc([C@H](O)C2CCN(CCc3ccccc3)CC2)cc1,8.94
ZINC000013473864,O[C@@H](c1ccc(F)cc1)C1CCN(CCc2ccc(F)cc2)CC1,8.79
ZINC000013475061,COc1cccc2c1N1CCN(C)C[C@H]1c1ccccc1C2,9.15
ZINC000013475062,COc1cccc2c1N1CCN(C)C[C@@H]1c1ccccc1C2,9.26
ZINC000013475063,CN1CCN2c3c(O)cccc3Cc3ccccc3[C@@H]2C1,7.92
ZINC000013475727,c1ccc(CCCCN2CCC(Cc3ccccc3)CC2)cc1,6.92
ZINC000013475730,c1ccc(CCN2CCC(Cc3ccccc3)CC2)cc1,7.66
ZINC000013476809,Cn1c2c(c3ccccc31)CN(CCCC(=O)c1ccc(F)cc1)CC2,8.22
ZINC000013476810,Cn1c2c(c3ccccc31)CN(CCCC(=O)c1ccccc1)CC2,7.66
ZINC000013476811,Cn1c2c(c3ccccc31)CN(CCCCc1ccc(F)cc1)CC2,7.19
ZINC000013476813,COc1ccc(CCCCN2CCc3c(c4ccccc4n3C)C2)cc1,6.38
ZINC000013476817,Cn1c2c(c3ccccc31)CN(CCCCCc1ccccc1)CC2,6.89
ZINC000013476818,Cn1c2c(c3ccccc31)CN(CCCCCCc1ccccc1)CC2,6.73
ZINC000013476819,Cn1c2c(c3ccccc31)CN(CCC[C@@H](O)c1ccc(F)cc1)CC2,6.8
ZINC000013476821,Cn1c2c(c3ccccc31)CN(CCC[C@H](O)c1ccc(F)cc1)CC2,6.8
ZINC000013476827,Cn1c2c(c3ccccc31)CN(CCCOc1ccc(F)cc1)CC2,7.52
ZINC000013476829,c1ccc(OCCCN2CCc3[nH]c4ccccc4c3C2)cc1,7.7
ZINC000013476831,Cn1c2c(c3ccccc31)CN(CCCOc1ccccc1)CC2,7.15
ZINC000013476833,CCn1c2c(c3ccccc31)CN(CCCOc1ccccc1)CC2,7.3
ZINC000013476835,c1ccc(Cn2c3c(c4ccccc42)CN(CCCOc2ccccc2)CC3)cc1,7.19
ZINC000013476836,Cn1c2c(c3ccccc31)CN(CCCOc1cccc3ccccc13)CC2,6.2
ZINC000013476838,Cn1c2c(c3ccccc31)CN(CCCOc1ccc3ccccc3c1)CC2,6.32
ZINC000013476840,COc1ccc2c(c1)c1c(n2C)CCN(CCCOc2ccc(F)cc2)C1,7.42
ZINC000013476842,COc1cccc2c3c(n(C)c12)CCN(CCCOc1ccc(F)cc1)C3,6.92
ZINC000013476843,Cn1c2c(c3cc(Cl)ccc31)CN(CCCOc1ccc(F)cc1)CC2,6.89
ZINC000013476844,Cn1c2c(c3cccc(Cl)c31)CN(CCCOc1ccc(F)cc1)CC2,6.68
ZINC000013486988,Cc1cc(=O)oc2cc(OCCCN3CCN(c4ccccc4)CC3)ccc12,6.03
ZINC000013486989,COc1cc(=O)oc2cc(OCCCN3CCN(c4ccccc4)CC3)ccc12,5.71
ZINC000013486991,COc1ccccc1N1CCN(CCCOc2ccc3c(OC)cc(=O)oc3c2)CC1,5.51
ZINC000013486992,Cc1cc(=O)oc2cc(OCCCN3CCN(c4ccccn4)CC3)ccc12,5.97
ZINC000013486993,COc1cc(=O)oc2cc(OCCCN3CCN(c4ccccn4)CC3)ccc12,6.27
ZINC000013486994,Cc1cc(=O)oc2cc(OCCCN3CCN(c4ncccn4)CC3)ccc12,5.63
ZINC000013486995,COc1cc(=O)oc2cc(OCCCN3CCN(c4ncccn4)CC3)ccc12,6.86
ZINC000013489973,CN(C)Cc1cn(-c2ccc(F)cc2)c2ccc(Cl)cc12,7.92
ZINC000013491358,C[C@H]1C[C@@H](C)N1C(=O)[C@@H]1C=C2c3cccc4[nH]cc(c34)C[C@H]2N(C)C1,8.1
ZINC000013491359,C[C@@H]1C[C@@H](C)N1C(=O)[C@@H]1C=C2c3cccc4[nH]cc(c34)C[C@H]2N(C)C1,7.68
ZINC000013491360,C[C@H]1C[C@H](C)N1C(=O)[C@@H]1C=C2c3cccc4[nH]cc(c34)C[C@H]2N(C)C1,8.08
ZINC000013491636,COc1ccccc1N1CCN(Cc2cn(-c3ccccc3)c(-c3ccccc3)n2)CC1,6.88
ZINC000013491637,COc1cccc(N2CCN(Cc3cn(-c4ccccc4)c(-c4ccccc4)n3)CC2)c1,5.63
ZINC000013491638,COc1ccc(N2CCN(Cc3cn(-c4ccccc4)c(-c4ccccc4)n3)CC2)cc1,5.72
ZINC000013491639,Clc1ccccc1N1CCN(Cc2cn(-c3ccccc3)c(-c3ccccc3)n2)CC1,6.85
ZINC000013491640,Clc1cccc(N2CCN(Cc3cn(-c4ccccc4)c(-c4ccccc4)n3)CC2)c1,6.14
ZINC000013491641,Clc1ccc(N2CCN(Cc3cn(-c4ccccc4)c(-c4ccccc4)n3)CC2)cc1,6.5
ZINC000013491642,Fc1ccccc1N1CCN(Cc2cn(-c3ccccc3)c(-c3ccccc3)n2)CC1,7.6
ZINC000013491643,Fc1ccc(N2CCN(Cc3cn(-c4ccccc4)c(-c4ccccc4)n3)CC2)cc1,6.3
ZINC000013491644,FC(F)(F)c1cccc(N2CCN(Cc3cn(-c4ccccc4)c(-c4ccccc4)n3)CC2)c1,5.67
ZINC000013491645,FC(F)(F)c1ccc(N2CCN(Cc3cn(-c4ccccc4)c(-c4ccccc4)n3)CC2)cc1,5.82
ZINC000013491646,c1ccc(-c2nc(CN3CCN(c4ccccn4)CC3)cn2-c2ccccc2)cc1,5.7
ZINC000013491649,CCOc1ccccc1N1CCN(Cc2cn(-c3ccccc3)c(-c3ccccc3)n2)CC1,6.77
ZINC000013491650,Fc1ccc(-c2nc(CN3CCN(c4ccccc4)CC3)cn2-c2ccc(F)cc2)cc1,6.11
ZINC000013491651,COc1ccccc1N1CCN(Cc2cn(-c3ccc(F)cc3)c(-c3ccc(F)cc3)n2)CC1,6.59
ZINC000013491652,CCOc1ccccc1N1CCN(Cc2cn(-c3ccc(F)cc3)c(-c3ccc(F)cc3)n2)CC1,6.56
ZINC000013492076,Clc1ccc2c(c1)C(N1CCN(C3CCCCC3)CC1)=Nc1cccnc1N2,7.47
ZINC000013492077,Cc1ccc2c(c1)C(N1CCN(C3CCCCC3)CC1)=Nc1cccnc1N2,7.48
ZINC000013492080,Clc1ccc2c(c1)C(N1CCN(CCc3ccccc3)CC1)=Nc1cccnc1N2,6.99
ZINC000013492081,Cc1ccc2c(c1)C(N1CCN(CCc3ccccc3)CC1)=Nc1cccnc1N2,7.44
ZINC000013492082,CN1CCCN(C2=Nc3cccnc3Nc3ccc(Cl)cc32)CC1,6.79
ZINC000013492083,Cc1ccc2c(c1)C(N1CCCN(C)CC1)=Nc1cccnc1N2,6.52
ZINC000013492084,CN1CCN(C2=Nc3cccnc3Nc3ccc(Cl)cc32)CC1,7.46
ZINC000013492085,CN1CCC(NC2=Nc3cccnc3Nc3ccc(Cl)cc32)CC1,6.91
ZINC000013492086,Cc1ccc2c(c1)C(NC1CCN(C)CC1)=Nc1cccnc1N2,6.88
ZINC000013492087,Clc1ccc2c(c1)C(NC1CCN(Cc3ccccc3)CC1)=Nc1cccnc1N2,7.09
ZINC000013492088,Cc1ccc2c(c1)C(NC1CCN(Cc3ccccc3)CC1)=Nc1cccnc1N2,7.32
ZINC000013492090,Clc1ccc2c(c1)C(NC1C[C@@H]3CC[C@H](C1)N3Cc1ccccc1)=Nc1cccnc1N2,7.44
ZINC000013492092,Cc1ccc2c(c1)C(NC1C[C@@H]3CC[C@H](C1)N3Cc1ccccc1)=Nc1cccnc1N2,7.47
ZINC000013492093,Clc1ccc2c(c1)C(NCCN1CCCC1)=Nc1cccnc1N2,6.6
ZINC000013492094,Clc1ccc2c(c1)C(NCCN1CCCCC1)=Nc1cccnc1N2,6.45
ZINC000013492099,Cc1ccc2c(c1)C(NCCN(C)C)=Nc1cccnc1N2,6.82
ZINC000013492999,CCn1cc(-c2ccc3c(c2)c(C2CCN(CCN4CCNC4=O)CC2)cn3-c2ccc(F)cc2)nn1,7.22
ZINC000013493000,Cn1ncc(-c2ccc3c(c2)c(C2CCN(CCN4CCNC4=O)CC2)cn3-c2ccc(F)cc2)n1,7.37
ZINC000013493001,CCn1ncc(-c2ccc3c(c2)c(C2CCN(CCN4CCNC4=O)CC2)cn3-c2ccc(F)cc2)n1,7.68
ZINC000013493002,Cn1nnc(-c2ccc3c(c2)c(C2CCN(CCN4CCNC4=O)CC2)cn3-c2ccc(F)cc2)n1,7.22
ZINC000013493003,Cn1ccc(-c2ccc3c(c2)c(C2CCN(CCN4CCNC4=O)CC2)cn3-c2ccc(F)cc2)n1,6.85
ZINC000013493004,Cn1cc(-c2ccc3c(c2)c(C2CCN(CCN4CCNC4=O)CC2)cn3-c2ccc(F)cc2)cn1,6.89
ZINC000013493005,Cn1cnc(-c2ccc3c(c2)c(C2CCN(CCN4CCNC4=O)CC2)cn3-c2ccc(F)cc2)n1,6.85
ZINC000013493006,Cn1cnnc1-c1ccc2c(c1)c(C1CCN(CCN3CCNC3=O)CC1)cn2-c1ccc(F)cc1,6.8
ZINC000013493007,Cn1ncnc1-c1ccc2c(c1)c(C1CCN(CCN3CCNC3=O)CC1)cn2-c1ccc(F)cc1,8.05
ZINC000013493008,Cn1nccc1-c1ccc2c(c1)c(C1CCN(CCN3CCNC3=O)CC1)cn2-c1ccc(F)cc1,8.22
ZINC000013493009,Cn1ccnc1-c1ccc2c(c1)c(C1CCN(CCN3CCNC3=O)CC1)cn2-c1ccc(F)cc1,7.66
ZINC000013493010,Cn1nncc1-c1ccc2c(c1)c(C1CCN(CCN3CCNC3=O)CC1)cn2-c1ccc(F)cc1,7.92
ZINC000013493011,Cn1nnnc1-c1ccc2c(c1)c(C1CCN(CCN3CCNC3=O)CC1)cn2-c1ccc(F)cc1,7.96
ZINC000013493012,O=C1NCCN1CCN1CCC(c2cn(-c3ccc(F)cc3)c3ccc(-c4ncccn4)cc23)CC1,7.43
ZINC000013493013,O=C1NCCN1CCN1CCC(c2cn(-c3ccc(F)cc3)c3ccc(-c4cncnc4)cc23)CC1,7.26
ZINC000013493014,O=C1NCCN1CCN1CCC(c2cn(-c3ccc(F)cc3)c3ccc(-c4cccnc4)cc23)CC1,7.39
ZINC000013493015,O=C1NCCN1CCN1CCC(c2cn(-c3ccc(F)cc3)c3ccc(-c4nnn[nH]4)cc23)CC1,6.68
ZINC000013493016,O=C1NCCN1CCN1CCC(c2cn(-c3ccc(F)cc3)c3ccc(-c4c[nH]nn4)cc23)CC1,7.52
ZINC000013493017,Cn1nnc(-c2ccc3c(c2)c(C2CCN(CCN4CCOC4=O)CC2)cn3-c2ccc(F)cc2)n1,7.19
ZINC000013493018,Cn1cnc(-c2ccc3c(c2)c(C2CCN(CCN4CCOC4=O)CC2)cn3-c2ccc(F)cc2)n1,6.3
ZINC000013493019,CN1CC[C@@H](CCN2CCC(c3cn(-c4ccc(F)cc4)c4ccc(-c5ncn(C)n5)cc34)CC2)C1=O,6.49
ZINC000013493020,CN1CC[C@H](CCN2CCC(c3cn(-c4ccc(F)cc4)c4ccc(-c5ncn(C)n5)cc34)CC2)C1=O,6.49
ZINC000013493021,O=C1OCCN1CCN1CCC(c2cn(-c3ccc(F)cc3)c3ccc(-c4ncccn4)cc23)CC1,6.59
ZINC000013493022,N#CCCN1CCC(c2cn(-c3ccc(F)cc3)c3ccc(-c4ncccn4)cc23)CC1,6.3
ZINC000013493254,O=C(CCCCCN1CCN(c2noc3ccccc23)CC1)c1ccccc1O,8.1
ZINC000013493257,COc1ccccc1C(=O)CCCCCN1CCN(c2noc3ccccc23)CC1,8.04
ZINC000013525288,COc1ccc2c3c1[C@H](CN)CC[C@@H]3CO2,6.15
ZINC000013525292,COc1cc(Br)c2c3c1[C@H](CN)CC[C@@H]3CO2,8.06
ZINC000013525296,COc1ccc2c3c1[C@H](CN)CC[C@H]3CO2,6.51
ZINC000013525299,COc1cc(Br)c2c3c1[C@H](CN)CC[C@H]3CO2,8.03
ZINC000013525303,COc1ccc2occ3c2c1[C@H](CN)CC3,6.7
ZINC000013525306,COc1cc(Br)c2occ3c2c1[C@H](CN)CC3,8.59
ZINC000013526261,COc1ccccc1N1CCN(CCCCNC(=O)/C=C/c2ccc(F)cc2)CC1,6.48
ZINC000013526477,Cn1c2c(c3ccccc31)CN(CCC/C(=N/O)c1ccc(F)cc1)CC2,7.42
ZINC000013526480,Cn1c2c(c3ccccc31)CN(C/C=C\CCc1ccccc1)CC2,6.92
ZINC000013526483,Cn1c2c(c3ccccc31)CN(C/C=C/CCc1ccccc1)CC2,7.22
ZINC000013526491,Cn1c2c(c3ccccc31)CN(CCOc1ccc(F)cc1)CC2,6.76
ZINC000013526495,Cn1c2c(c3ccccc31)CN(CCCOCc1ccccc1)CC2,6.65
ZINC000013526498,Cn1c2c(c3ccccc31)CN(CCCOc1ccc([N+](=O)[O-])cc1)CC2,6.55
ZINC000013526501,Cn1c2c(c3ccccc31)CN(CCCOc1ccc(Cl)cc1)CC2,6.94
ZINC000013526503,Cn1c2c(c3ccccc31)CN(CCCOc1ccc(Cl)c(Cl)c1)CC2,6.71
ZINC000013526506,COc1ccc(OCCCN2CCc3c(c4ccccc4n3C)C2)cc1,7.0
ZINC000013526510,Cn1c2c(c3ccccc31)CN(CCCOc1ccc(N)cc1)CC2,6.55
ZINC000013526513,O=C(CCCN1CCc2c([nH]c3ccccc23)C1)c1ccccc1,7.8
ZINC000013526517,c1ccc(OCCCN2CCc3c([nH]c4ccccc34)C2)cc1,7.3
ZINC000013526519,Cn1c2c(c3ccccc31)CCN(CCCOc1ccccc1)C2,6.82
ZINC000013527315,C[C@H](N)Cc1cn(C)c2ccc3c(c12)CCCO3,9.7
ZINC000013530524,Fc1ccccc1O[C@@H](CCN1CCN(c2nsc3ccccc23)CC1)c1ccccc1,8.28
ZINC000013530527,Fc1ccccc1O[C@H](CCN1CCN(c2nsc3ccccc23)CC1)c1ccccc1,8.28
ZINC000013530530,Fc1ccccc1O[C@@H](CCN1CCN(c2noc3ccccc23)CC1)c1ccccc1,7.76
ZINC000013530533,Fc1ccccc1O[C@H](CCN1CCN(c2noc3ccccc23)CC1)c1ccccc1,7.76
ZINC000013530536,FC(F)(F)c1cccc(O[C@@H](CCN2CCN(c3nsc4ccccc34)CC2)c2ccccc2)c1,7.55
ZINC000013530540,FC(F)(F)c1cccc(O[C@H](CCN2CCN(c3nsc4ccccc34)CC2)c2ccccc2)c1,7.55
ZINC000013530543,COc1ccc(O[C@@H](CCN2CCN(c3nsc4ccccc34)CC2)c2ccccc2)cc1,7.99
ZINC000013530546,COc1ccc(O[C@H](CCN2CCN(c3nsc4ccccc34)CC2)c2ccccc2)cc1,7.99
ZINC000013530549,COc1ccc(O[C@@H](CCN2CCN(c3noc4ccccc34)CC2)c2ccccc2)cc1,7.72
ZINC000013530552,COc1ccc(O[C@H](CCN2CCN(c3noc4ccccc34)CC2)c2ccccc2)cc1,7.72
ZINC000013530555,O=[N+]([O-])c1ccc(O[C@@H](CCN2CCN(c3noc4ccccc34)CC2)c2ccccc2)cc1,7.27
ZINC000013530558,O=[N+]([O-])c1ccc(O[C@H](CCN2CCN(c3noc4ccccc34)CC2)c2ccccc2)cc1,7.27
ZINC000013530598,FC(F)(F)c1ccccc1O[C@@H](CCN1CCN(c2nsc3ccccc23)CC1)c1ccccc1,7.62
ZINC000013530601,FC(F)(F)c1ccccc1O[C@H](CCN1CCN(c2nsc3ccccc23)CC1)c1ccccc1,7.62
ZINC000013530604,FC(F)(F)c1ccc(O[C@@H](CCN2CCN(c3nsc4ccccc34)CC2)c2ccccc2)cc1,7.4
ZINC000013530607,FC(F)(F)c1ccc(O[C@H](CCN2CCN(c3nsc4ccccc34)CC2)c2ccccc2)cc1,7.4
ZINC000013530822,c1ccc(-c2ccccc2O[C@@H](c2ccccc2)C2CCNCC2)cc1,6.83
ZINC000013530825,c1ccc(-c2ccccc2O[C@H](c2ccccc2)C2CCNCC2)cc1,6.83
ZINC000013530921,Fc1ccc(O[C@H](c2cccc(F)c2)C2CCNCC2)cc1,6.44
ZINC000013530924,Fc1ccc(O[C@@H](c2cccc(F)c2)C2CCNCC2)cc1,6.44
ZINC000013530989,Fc1ccc(O[C@@H](CC2CCNCC2)c2ccccc2)cc1,6.85
ZINC000013530992,Fc1ccc(O[C@H](CC2CCNCC2)c2ccccc2)cc1,6.85
ZINC000013531000,Fc1ccc(O[C@@H](CC2CCNCC2)c2ccc(F)cc2)cc1,6.71
ZINC000013531003,Fc1ccc(O[C@H](CC2CCNCC2)c2ccc(F)cc2)cc1,6.71
ZINC000013531024,CN1CCC([C@@H](Oc2ccc(F)cc2)c2ccccc2)CC1,7.35
ZINC000013531026,CN1CCC([C@H](Oc2ccc(F)cc2)c2ccccc2)CC1,7.35
ZINC000013532216,CN1CCN(C2=Cn3cccc3Sc3ccc(Cl)cc32)CC1,9.47
ZINC000013532219,CN1CCN(C2=Cn3cccc3Sc3ccc(Br)cc32)CC1,9.08
ZINC000013532222,CN1CCN(C2=Cn3c(C=O)ccc3Sc3ccccc32)CC1,7.7
ZINC000013532225,CN1CCN(C2=C(C=O)n3c(C=O)ccc3Sc3ccccc32)CC1,5.64
ZINC000013532228,CN1CCN(C2=Cn3c(CO)ccc3Sc3ccccc32)CC1,7.72
ZINC000013532231,CC(C)OCc1ccc2n1C=C(N1CCN(C)CC1)c1ccccc1S2,6.66
ZINC000013532233,CN1CCN(C2=Cn3c(/C=N/O)ccc3Sc3ccccc32)CC1,5.7
ZINC000013532236,CN1CCCN(C2=Cn3cccc3Sc3ccc(Cl)cc32)CC1,8.37
ZINC000013532241,CN1CCN(C2=Nc3cc(Cl)ccc3Oc3ccccc32)CC1,7.96
ZINC000013532244,CN1CCN(C2=Cc3cc(Cl)ccc3Cc3ccccc32)CC1,8.52
ZINC000013532247,CN1CCN(C2=Cc3ccccc3Cc3ccc(Cl)cc32)CC1,8.7
ZINC000013535363,c1ccc2c(c1)C[C@H]1CCNCCN21,6.09
ZINC000013535367,c1ccc2c(c1)C[C@@H]1CCNCCN21,6.09
ZINC000013535418,CCOc1ccccc1-c1ccc2c(c1)N1CCNCC[C@H]1C2,5.8
ZINC000013535422,CCOc1ccccc1-c1ccc2c(c1)N1CCNCC[C@@H]1C2,5.8
ZINC000013535426,CCOc1ccccc1-c1cccc2c1N1CCNCC[C@H]1C2,6.36
ZINC000013535430,CCOc1ccccc1-c1cccc2c1N1CCNCC[C@@H]1C2,6.36
ZINC000013535437,CCOc1ccccc1-c1cc(Cl)cc2c1N1CCNCC[C@H]1C2,6.94
ZINC000013535441,CCOc1ccccc1-c1cc(Cl)cc2c1N1CCNCC[C@@H]1C2,6.94
ZINC000013535449,Clc1ccccc1-c1cccc2c1N1CCNCC[C@H]1C2,7.09
ZINC000013535453,Clc1ccccc1-c1cccc2c1N1CCNCC[C@@H]1C2,7.09
ZINC000013535458,Cc1ccccc1-c1cccc2c1N1CCNCC[C@H]1C2,6.87
ZINC000013535462,FC(F)(F)c1ccccc1-c1cccc2c1N1CCNCC[C@H]1C2,7.35
ZINC000013535466,FC(F)(F)c1ccccc1-c1cccc2c1N1CCNCC[C@@H]1C2,7.35
ZINC000013535471,CCOc1cccc(-c2cc(Cl)cc3c2N2CCNCC[C@H]2C3)c1,6.63
ZINC000013535474,CCOc1cccc(-c2cc(Cl)cc3c2N2CCNCC[C@@H]2C3)c1,6.63
ZINC000013535478,CCOc1ccc(-c2cc(Cl)cc3c2N2CCNCC[C@H]2C3)cc1,6.74
ZINC000013535483,CCOc1ccc(-c2cc(Cl)cc3c2N2CCNCC[C@@H]2C3)cc1,6.74
ZINC000013535488,Cc1ccccc1-c1cc(Cl)cc2c1N1CCNCC[C@H]1C2,7.06
ZINC000013535492,Cc1ccccc1-c1cc(Cl)cc2c1N1CCNCC[C@@H]1C2,7.06
ZINC000013535496,Clc1cc2c(c(-c3ccccc3Cl)c1)N1CCNCC[C@H]1C2,6.99
ZINC000013535500,Clc1cc2c(c(-c3ccccc3Cl)c1)N1CCNCC[C@@H]1C2,6.99
ZINC000013535504,Fc1ccccc1-c1cc(Cl)cc2c1N1CCNCC[C@H]1C2,6.85
ZINC000013535509,Fc1ccccc1-c1cc(Cl)cc2c1N1CCNCC[C@@H]1C2,6.85
ZINC000013535512,Fc1ccc(-c2cc(Cl)cc3c2N2CCNCC[C@H]2C3)cc1,6.84
ZINC000013535516,Fc1ccc(-c2cc(Cl)cc3c2N2CCNCC[C@@H]2C3)cc1,6.84
ZINC000013535520,Clc1ccc(-c2cc(Cl)cc3c2N2CCNCC[C@H]2C3)c(Cl)c1,6.37
ZINC000013535525,Clc1ccc(-c2cc(Cl)cc3c2N2CCNCC[C@@H]2C3)c(Cl)c1,6.37
ZINC000013535530,Clc1ccc(Cl)c(-c2cc(Cl)cc3c2N2CCNCC[C@H]2C3)c1,7.15
ZINC000013535533,Clc1ccc(Cl)c(-c2cc(Cl)cc3c2N2CCNCC[C@@H]2C3)c1,7.15
ZINC000013535537,COc1ccc(Cl)cc1-c1cc(Cl)cc2c1N1CCNCC[C@H]1C2,6.12
ZINC000013535542,COc1ccc(Cl)cc1-c1cc(Cl)cc2c1N1CCNCC[C@@H]1C2,6.12
ZINC000013536427,NC[C@@H]1c2ccccc2Cc2cc(Br)ccc21,8.89
ZINC000013536430,NC[C@H]1c2ccccc2Cc2cc(Br)ccc21,8.89
ZINC000013536434,NC[C@@H]1c2ccccc2Cc2cc(CCCc3ccccc3)ccc21,8.49
ZINC000013536436,NC[C@H]1c2ccccc2Cc2cc(CCCc3ccccc3)ccc21,8.49
ZINC000013536439,CCCCCCc1ccc2c(c1)Cc1ccccc1[C@@H]2CN,8.15
ZINC000013536442,CCCCCCc1ccc2c(c1)Cc1ccccc1[C@H]2CN,8.15
ZINC000013536445,COc1ccc2c(c1)Cc1ccccc1[C@@H]2CN,8.12
ZINC000013536448,COc1ccc2c(c1)Cc1ccccc1[C@H]2CN,8.12
ZINC000013536451,COc1cc(C[C@@H](C)N)c(OC)cc1CCCc1ccccc1,8.0
ZINC000013536453,COc1cc(C[C@H](C)N)c(OC)cc1CCCc1ccccc1,8.0
ZINC000013536457,CCCCCCc1cc(OC)c(C[C@@H](C)N)cc1OC,8.6
ZINC000013536460,CCCCCCc1cc(OC)c(C[C@H](C)N)cc1OC,8.6
ZINC000013536463,NC[C@@H]1c2ccccc2CCc2cc(Br)ccc21,7.43
ZINC000013536466,NC[C@H]1c2ccccc2CCc2cc(Br)ccc21,7.43
ZINC000013536468,NC[C@@H]1c2ccccc2CCc2cc(CCCc3ccccc3)ccc21,7.09
ZINC000013536471,NC[C@H]1c2ccccc2CCc2cc(CCCc3ccccc3)ccc21,7.09
ZINC000013536473,CCCCCCc1ccc2c(c1)CCc1ccccc1[C@@H]2CN,6.2
ZINC000013536476,CCCCCCc1ccc2c(c1)CCc1ccccc1[C@H]2CN,6.2
ZINC000013536479,COc1ccc2c(c1)CCc1ccccc1[C@@H]2CN,6.1
ZINC000013536482,COc1ccc2c(c1)CCc1ccccc1[C@H]2CN,6.1
ZINC000013553349,COc1ccc2c(c1)c(CCN(C)C)cn2S(=O)(=O)c1ccccc1,7.19
ZINC000013553351,CN(C)CCc1cn(S(=O)(=O)c2ccccc2)c2ccccc12,7.08
ZINC000013557317,CN(C)[C@@H]1Cc2ccccc2[C@@H](c2ccccc2Cl)C1,5.62
ZINC000013557319,Cc1ccccc1[C@H]1C[C@H](N(C)C)Cc2ccccc21,6.0
ZINC000013557321,CN(C)[C@@H]1Cc2ccccc2[C@@H](c2ccc(Cl)cc2)C1,6.6
ZINC000013557324,CN(C)[C@@H]1Cc2ccccc2[C@@H](c2ccc(F)cc2)C1,6.85
ZINC000013559958,NC[C@@H]1C[C@@H]1c1ccccc1,5.85
ZINC000013560942,Cn1c(=O)c2c(nc3nc(NCCN4CCN(c5ccccc5)CC4)ccn32)n(C)c1=O,6.49
ZINC000013560943,Cn1c(=O)c2c(nc3nc(NCCN4CCN(c5cccc(Cl)c5)CC4)ccn32)n(C)c1=O,6.63
ZINC000013560944,COc1ccccc1N1CCN(CCNc2ccn3c(n2)nc2c3c(=O)n(C)c(=O)n2C)CC1,6.61
ZINC000013560945,Cn1c(=O)c2c(nc3nc(NCCCN4CCN(c5ccccc5)CC4)ccn32)n(C)c1=O,7.14
ZINC000013560946,Cn1c(=O)c2c(nc3nc(NCCCN4CCN(c5cccc(Cl)c5)CC4)ccn32)n(C)c1=O,7.25
ZINC000013560947,COc1ccccc1N1CCN(CCCNc2ccn3c(n2)nc2c3c(=O)n(C)c(=O)n2C)CC1,6.08
ZINC000013560948,Cn1c(=O)c2c(nc3nc(NCCN4CCN(c5ccccc5)CC4)c(Br)cn32)n(C)c1=O,6.36
ZINC000013581251,CCCN(CCC)[C@H]1CCc2c(cccc2-c2c(OC)cccc2OC)C1,5.84
ZINC000013581255,COc1cccc(OC)c1-c1cccc2c1CC[C@H](N(C)C)C2,5.87
ZINC000013585266,COc1cc([C@@H]2CNCCO2)c(OC)cc1Br,7.69
ZINC000013585268,COc1cc([C@H]2CNCCO2)c(OC)cc1Br,7.69
ZINC000013585270,COc1cc([C@@H](O)CN)c(OC)cc1Br,8.68
ZINC000013585272,COc1cc([C@H](O)CN)c(OC)cc1Br,8.68
ZINC000013585274,COc1cc([C@H](CN)OC)c(OC)cc1Br,8.7
ZINC000013585276,COc1cc([C@@H](CN)OC)c(OC)cc1Br,8.7
ZINC000013585278,CC[C@@H](N)Cc1cc(OC)c(Br)cc1OC,8.12
ZINC000013585280,CC[C@H](N)Cc1cc(OC)c(Br)cc1OC,8.12
ZINC000013585282,CC[C@H](N)[C@H](O)c1cc(OC)c(Br)cc1OC,7.69
ZINC000013585284,COc1cc([C@H](O)[C@@H](C)N)c(OC)cc1Br,8.04
ZINC000013585286,COc1cc([C@@H](O)[C@H](C)N)c(OC)cc1Br,8.96
ZINC000013585288,COc1cc([C@H](O)[C@H](C)N)c(OC)cc1Br,8.0
ZINC000013585290,COc1cc([C@H](OC)[C@@H](C)N)c(OC)cc1Br,9.1
ZINC000013585292,COc1cc([C@@H](OC)[C@H](C)N)c(OC)cc1Br,7.76
ZINC000013585294,COc1cc([C@H](OC)[C@H](C)N)c(OC)cc1Br,8.22
ZINC000013586543,N#Cc1ccccc1N1CCN(CCCCCC(=O)N[C@@H]2CCCc3ccccc32)CC1,6.15
ZINC000013586544,N#Cc1ccccc1N1CCN(CCCCCC(=O)N[C@H]2CCCc3ccccc32)CC1,6.15
ZINC000013586547,COc1cc(Cl)ccc1N1CCN(CCCCCC(=O)N[C@@H]2CCCc3ccccc32)CC1,5.14
ZINC000013586548,COc1cc(Cl)ccc1N1CCN(CCCCCC(=O)N[C@H]2CCCc3ccccc32)CC1,5.14
ZINC000013586549,COc1ccc(OC)c(N2CCN(CCCCCC(=O)N[C@@H]3CCCc4ccccc43)CC2)c1,6.59
ZINC000013586550,COc1ccc(OC)c(N2CCN(CCCCCC(=O)N[C@H]3CCCc4ccccc43)CC2)c1,6.59
ZINC000013586551,COc1cccc(N2CCN(CCCCCC(=O)N[C@@H]3CCCc4ccccc43)CC2)c1,6.85
ZINC000013586552,COc1cccc(N2CCN(CCCCCC(=O)N[C@H]3CCCc4ccccc43)CC2)c1,6.85
ZINC000013586555,N#Cc1cccc(N2CCN(CCCCCC(=O)N[C@@H]3CCCc4ccccc43)CC2)c1,6.04
ZINC000013586556,N#Cc1cccc(N2CCN(CCCCCC(=O)N[C@H]3CCCc4ccccc43)CC2)c1,6.04
ZINC000013586559,CC(=O)c1cccc(N2CCN(CCCCCC(=O)N[C@@H]3CCCc4ccccc43)CC2)c1,5.95
ZINC000013586560,CC(=O)c1cccc(N2CCN(CCCCCC(=O)N[C@H]3CCCc4ccccc43)CC2)c1,5.95
ZINC000013586565,CSc1ccccc1N1CCN(CCCCCC(=O)N[C@@H]2CCCc3ccccc32)CC1,6.49
ZINC000013586566,CSc1ccccc1N1CCN(CCCCCC(=O)N[C@H]2CCCc3ccccc32)CC1,6.49
ZINC000013586569,O=C(CCCCCN1CCN(c2ccccc2O)CC1)N[C@@H]1CCCc2ccccc21,5.47
ZINC000013586570,O=C(CCCCCN1CCN(c2ccccc2O)CC1)N[C@H]1CCCc2ccccc21,5.47
ZINC000013586571,O=C(CCCCCN1CCN(c2ccccc2Cl)CC1)N[C@@H]1CCCc2ccccc21,6.52
ZINC000013586572,O=C(CCCCCN1CCN(c2ccccc2Cl)CC1)N[C@H]1CCCc2ccccc21,6.52
ZINC000013586573,O=C(CCCCCN1CCN(c2ccccc2[N+](=O)[O-])CC1)N[C@@H]1CCCc2ccccc21,6.55
ZINC000013586574,O=C(CCCCCN1CCN(c2ccccc2[N+](=O)[O-])CC1)N[C@H]1CCCc2ccccc21,6.55
ZINC000013586575,Cc1ccccc1N1CCN(CCCCCC(=O)N[C@@H]2CCCc3ccccc32)CC1,6.58
ZINC000013586576,Cc1ccccc1N1CCN(CCCCCC(=O)N[C@H]2CCCc3ccccc32)CC1,6.58
ZINC000013586577,O=C(CCCCCN1CCN(c2ccccc2)CC1)N[C@@H]1CCCc2ccccc21,7.11
ZINC000013586578,O=C(CCCCCN1CCN(c2ccccc2)CC1)N[C@H]1CCCc2ccccc21,7.11
ZINC000013587960,Brc1cccc2[nH]c3c(c12)CCN=C3,6.74
ZINC000013587961,Brc1ccc2c3c([nH]c2c1)C=NCC3,5.88
ZINC000013587962,Brc1cccc2c3c([nH]c12)C=NCC3,6.96
ZINC000013587963,COc1cccc2[nH]c3c(c12)CCN=C3,6.33
ZINC000013587964,COc1ccc2[nH]c3c(c2c1)CCN=C3,5.63
ZINC000013587965,Brc1cccc2[nH]c3c(c12)CCNC3,7.1
ZINC000013587966,Brc1ccc2[nH]c3c(c2c1)CCNC3,6.3
ZINC000013587967,Brc1ccc2c3c([nH]c2c1)CNCC3,6.62
ZINC000013587968,COc1ccc2c3c([nH]c2c1)CNCC3,5.66
ZINC000013611455,CN1CCN(C2=Cc3cc(Cl)ccc3Cn3cccc32)CC1,8.87
ZINC000013611457,Cc1ccc2n1Cc1ccccc1C=C2N1CCN(C)CC1,8.3
ZINC000013611462,CN(C)C[C@@H]1C[C@@H]2c3ccccc3Oc3ccc(Cl)cc3[C@H]2O1,7.66
ZINC000013611464,CN(C)C[C@H]1C[C@@H]2c3ccccc3Oc3ccc(Cl)cc3[C@H]2O1,8.22
ZINC000013611465,CN(C)C[C@@H]1C[C@@H]2c3ccccc3Oc3ccc(Br)cc3[C@H]2O1,7.42
ZINC000013611467,CN(C)C[C@H]1C[C@@H]2c3ccccc3Oc3ccc(Br)cc3[C@H]2O1,7.82
ZINC000013611468,CN(C)C[C@@H]1C[C@@H]2c3ccccc3Sc3ccc(F)cc3[C@H]2O1,7.89
ZINC000013641847,COc1cc(C(F)(F)F)c(OC)cc1C[C@@H](C)N,8.66
ZINC000013641850,COc1cc(C(F)(F)F)c(OC)cc1C[C@H](C)N,8.66
ZINC000013644253,CN1CCN(c2nc3ccccc3c3c2CCCC3)CC1,5.52
ZINC000013650158,O=C1CC2(CC[C@@H](O)C2)CC(=O)N1CCCCN1CCN(c2nsc3ccccc23)CC1,8.69
ZINC000013650159,O=C1CC2(CC[C@H](O)C2)CC(=O)N1CCCCN1CCN(c2nsc3ccccc23)CC1,8.69
ZINC000013650164,O=C1CCC2(C1)CC(=O)N(CCCCN1CCN(c3nsc4ccccc34)CC1)C(=O)C2,8.53
ZINC000013650170,O=C1CC2(CCCC2)[C@@H](C(=O)NCCCCN2CCN(c3nsc4ccccc34)CC2)O1,8.35
ZINC000013650171,O=C1CC2(CCCC2)[C@H](C(=O)NCCCCN2CCN(c3nsc4ccccc34)CC2)O1,8.35
ZINC000013650172,O=C1CC2(CCCC2)CC(=O)N1CC[C@H](O)CN1CCN(c2nsc3ccccc23)CC1,7.99
ZINC000013650173,O=C1CC2(CCCC2)CC(=O)N1CC[C@@H](O)CN1CCN(c2nsc3ccccc23)CC1,7.99
ZINC000013650176,O=C1CC2(CC[C@@H](O)C2)CC(=O)N1CC[C@H](O)CN1CCN(c2nsc3ccccc23)CC1,7.7
ZINC000013650177,O=C1CC2(CC[C@@H](O)C2)CC(=O)N1CC[C@@H](O)CN1CCN(c2nsc3ccccc23)CC1,7.7
ZINC000013650178,O=C1CC2(CC[C@H](O)C2)CC(=O)N1CC[C@H](O)CN1CCN(c2nsc3ccccc23)CC1,7.7
ZINC000013650179,O=C1CC2(CC[C@H](O)C2)CC(=O)N1CC[C@@H](O)CN1CCN(c2nsc3ccccc23)CC1,7.7
ZINC000013671937,Cc1cc(N(C)CCN(C)C)nc2ccc(NC(=O)/C=C/c3ccc(OC(F)(F)F)cc3)cc12,5.72
ZINC000013671987,Cc1cc(OCCN(C)C)nc2ccc(NC(=O)COc3ccc(Cl)cc3Cl)cc12,9.21
ZINC000013678541,O=C1CCC(=O)N1CCCCN1CCN(c2cccc(Cl)c2)CC1,6.92
ZINC000013678553,COc1ccccc1N1CCN(CCCCn2c(=O)ccn3c4c(=O)n(C)c(=O)n(C)c4nc23)CC1,5.97
ZINC000013679813,CN1CCc2ccccc2Cc2ccccc2CC1,8.7
ZINC000013679816,CN1CCc2ccccc2Cc2ccc(O)cc2CC1,9.19
ZINC000013684083,COc1ccc2c(c1)CCN(C)CCc1ccccc1C2,8.69
ZINC000013684087,CN1CCc2ccccc2Cc2ccc(O)c(Cl)c2CC1,9.05
ZINC000013728583,Fc1ccc(C2=CCN(CCCCc3c[nH]c4ccccc34)CC2)cc1,7.57
ZINC000013728601,c1ccc(C2CCN(CCCCc3c[nH]c4ccccc34)CC2)cc1,7.6
ZINC000013731504,CN1CCN(C(=O)c2ccccc2)CC1,5.0
ZINC000013733291,COc1ccc2c(c1)C(CCCN1CCN(c3ccccc3)CC1)=CCC2,6.92
ZINC000013733303,COc1cccc2c1CCC=C2CCCN1CCN(c2ccccc2)CC1,6.69
ZINC000013737041,CCCN(CCC)[C@@H]1COc2cccc(OC)c2C1,5.4
ZINC000013737043,CCCN(CCC)[C@H]1COc2cccc(OC)c2C1,5.4
ZINC000013737048,CCCN(CCCN1C(=O)c2ccccc2C1=O)[C@@H]1COc2cccc(OC)c2C1,5.1
ZINC000013737050,CCCN(CCCN1C(=O)c2ccccc2C1=O)[C@H]1COc2cccc(OC)c2C1,5.1
ZINC000013737056,CCCN(CCCCn1c(=O)oc2cccnc21)[C@@H]1COc2cccc(OC)c2C1,5.22
ZINC000013737058,CCCN(CCCCn1c(=O)oc2cccnc21)[C@H]1COc2cccc(OC)c2C1,5.22
ZINC000013737064,CCCN(CCCN1C(=O)CC2(CCCC2)CC1=O)[C@@H]1COc2cccc(OC)c2C1,6.1
ZINC000013737066,CCCN(CCCN1C(=O)CC2(CCCC2)CC1=O)[C@H]1COc2cccc(OC)c2C1,6.1
ZINC000013737069,CCCN(CCCCCN1C(=O)CC2(CCCC2)CC1=O)[C@@H]1COc2cccc(OC)c2C1,5.52
ZINC000013737071,CCCN(CCCCCN1C(=O)CC2(CCCC2)CC1=O)[C@H]1COc2cccc(OC)c2C1,5.52
ZINC000013737073,CCCN(CCCCN1C(=O)CC(C)(C)CC1=O)[C@@H]1COc2cccc(OC)c2C1,5.22
ZINC000013737076,CCCN(CCCCN1C(=O)CC(C)(C)CC1=O)[C@H]1COc2cccc(OC)c2C1,5.22
ZINC000013737078,CCCN(CCCCN1C(=O)c2ccccc2S1(=O)=O)[C@@H]1COc2cccc(OC)c2C1,5.0
ZINC000013737080,CCCN(CCCCN1C(=O)c2ccccc2S1(=O)=O)[C@H]1COc2cccc(OC)c2C1,5.0
ZINC000013737084,CCCN(CCCON1C(=O)CC2(CCCC2)CC1=O)[C@@H]1COc2cccc(OC)c2C1,5.4
ZINC000013737086,CCCN(CCCON1C(=O)CC2(CCCC2)CC1=O)[C@H]1COc2cccc(OC)c2C1,5.4
ZINC000013737087,CCCN(CCCCN1C(=O)CC2(CCCC2)CC1=O)[C@@H]1COc2ccccc2C1,5.7
ZINC000013737089,CCCN(CCCCN1C(=O)CC2(CCCC2)CC1=O)[C@H]1COc2ccccc2C1,5.7
ZINC000013737091,CCCN(CCCCN1C(=O)CC2(CCCC2)CC1=O)[C@@H]1COc2cccc(O)c2C1,5.4
ZINC000013737093,CCCN(CCCCN1C(=O)CC2(CCCC2)CC1=O)[C@H]1COc2cccc(O)c2C1,5.4
ZINC000013737103,CCCN(CCCNS(=O)(=O)c1ccc(C)cc1)[C@@H]1COc2cccc(OC)c2C1,5.22
ZINC000013737105,CCCN(CCCNS(=O)(=O)c1ccc(C)cc1)[C@H]1COc2cccc(OC)c2C1,5.22
ZINC000013737107,CCCN(CCCCNC(=O)c1ccc(F)cc1)[C@@H]1COc2cccc(OC)c2C1,5.52
ZINC000013737108,CCCN(CCCCNC(=O)c1ccc(F)cc1)[C@H]1COc2cccc(OC)c2C1,5.52
ZINC000013737110,CCCN(CCCCNC(=O)c1ccccc1OC)[C@@H]1COc2cccc(OC)c2C1,5.4
ZINC000013737113,CCCN(CCCCNC(=O)c1ccccc1OC)[C@H]1COc2cccc(OC)c2C1,5.4
ZINC000013737120,CCCN(CCCCN1CCOCC1)[C@@H]1COc2cccc(OC)c2C1,5.0
ZINC000013737122,CCCN(CCCCN1CCOCC1)[C@H]1COc2cccc(OC)c2C1,5.0
ZINC000013737128,CCCN(CCC)[C@@H]1COc2ccc3ccccc3c2C1,5.0
ZINC000013737130,CCCN(CCC)[C@H]1COc2ccc3ccccc3c2C1,5.0
ZINC000013737869,COc1ccccc1N1CCN(CCCCN(C)C(=O)c2nsc3ccccc23)CC1,6.9
ZINC000013737870,COc1ccccc1N1CCN(CCNC(=O)c2noc3ccccc23)CC1,6.41
ZINC000013737871,COc1ccccc1N1CCN(CCCN(C)C(=O)c2nsc3ccccc23)CC1,5.78
ZINC000013737872,CN(CCCCN1CCN(c2csc3cc(F)ccc23)CC1)C(=O)c1nsc2ccccc12,6.63
ZINC000013737873,O=C(NCCCN1CCC(c2noc3cc(Cl)ccc23)CC1)c1nsc2ccccc12,6.94
ZINC000013737874,O=C(NCCN1CCC(c2noc3cc(Cl)ccc23)CC1)c1nsc2ccccc12,6.67
ZINC000013737876,O=C(NCCN1CCN(c2cccc(Cl)c2)CC1)c1nsc2ccccc12,6.14
ZINC000013737878,CN(CCCCN1CCC(C(=O)c2ccc(F)cc2)CC1)C(=O)c1nsc2ccccc12,7.52
ZINC000013737879,CC(C)N(CCCN1CCC(C(=O)c2ccc(F)cc2)CC1)C(=O)c1noc2ccccc12,6.54
ZINC000013737880,CN(CCN1CCC(C(=O)c2ccc(F)cc2)CC1)C(=O)c1noc2ccccc12,7.57
ZINC000013737881,CN(CCCN1CCC(C(=O)c2ccc(F)cc2)CC1)C(=O)c1nsc2ccccc12,7.17
ZINC000013737882,CN(CCN1CCC(C(=O)c2ccc(F)cc2)CC1)C(=O)c1nsc2ccccc12,7.29
ZINC000013737883,CC(C)N(CCN1CCC(c2noc3cc(F)ccc23)CC1)C(=O)c1noc2ccccc12,7.53
ZINC000013737884,CN(CCN1CCC(c2noc3cc(F)ccc23)CC1)C(=O)c1nsc2ccccc12,7.48
ZINC000013737885,CN(CCN1CCC(c2noc3cc(F)ccc23)CC1)C(=O)c1noc2ccccc12,7.75
ZINC000013737886,CN(CCCCN1CCC(c2noc3cc(F)ccc23)CC1)C(=O)c1nsc2ccccc12,7.89
ZINC000013738214,CN1CCN(C2=Nc3cc(Cl)ccc3N(C)c3ccccc32)CC1,6.85
ZINC000013738215,CN1CCC(C2=Cc3cc(Cl)ccc3Cc3ccccc32)CC1,8.52
ZINC000013738217,C[C@@H]1c2ccccc2C=C(N2CCN(C)CC2)c2ccccc21,7.33
ZINC000013738218,C[C@H]1c2ccccc2C=C(N2CCN(C)CC2)c2ccccc21,7.33
ZINC000013738219,C=C1c2ccccc2C=C(N2CCN(C)CC2)c2ccccc21,7.96
ZINC000013738220,C/C=C1/c2ccccc2C=C(N2CCN(C)CC2)c2ccccc21,7.01
ZINC000013738221,CC(C)=C1c2ccc(Cl)cc2C=C(N2CCN(C)CC2)c2ccccc21,6.64
ZINC000013738222,CC(C)=C1c2ccccc2C=C(N2CCN(C)CC2)c2ccccc21,6.6
ZINC000013738223,CN1CCN(C2=Cc3cc(Cl)ccc3Oc3ccccc32)CC1,8.52
ZINC000013738224,C=C1c2ccccc2C=C(C2=CCN(C)CC2)c2ccccc21,7.52
ZINC000013738225,C[C@@H]1c2ccccc2C=C(C2=CCN(C)CC2)c2ccccc21,7.14
ZINC000013738226,C[C@H]1c2ccccc2C=C(C2=CCN(C)CC2)c2ccccc21,7.14
ZINC000013738227,CC(C)=C1c2ccccc2C=C(C2=CCN(C)CC2)c2ccccc21,6.08
ZINC000013738509,CN(C)CCc1c[nH]c2ccc(N3CCN(C)S3(=O)=O)cc12,5.0
ZINC000013738510,CN(C)CCc1c[nH]c2ccc(N3CCN(Cc4ccccc4)S3(=O)=O)cc12,5.3
ZINC000013738511,CN(C)CCc1c[nH]c2ccc(CN3CCNS3(=O)=O)cc12,5.0
ZINC000013738512,CC(C)N1CCN(Cc2ccc3[nH]cc(CCN(C)C)c3c2)S1(=O)=O,5.0
ZINC000013738513,CNCCc1c[nH]c2ccc(CN3CCN(C)S3(=O)=O)cc12,5.0
ZINC000013738514,CN(C)CCc1c[nH]c2ccc(CN3CCCN(C)S3(=O)=O)cc12,5.0
ZINC000013738515,CN(C)CCc1c[nH]c2ccc(CN3CC(C)(C)NS3(=O)=O)cc12,5.0
ZINC000013738516,CN(C)CCc1c[nH]c2ccc(CN3C(C)(C)CNS3(=O)=O)cc12,5.0
ZINC000013738517,CN(C)CCc1c[nH]c2ccc(CCN3CCNS3(=O)=O)cc12,5.3
ZINC000013738518,CCN1CCN(CCc2ccc3[nH]cc(CCN(C)C)c3c2)S1(=O)=O,5.7
ZINC000013738519,CN1CCN(Cc2ccc3scc(CCN)c3c2)S1(=O)=O,5.7
ZINC000013740496,CN1CC=C(C2=Cc3ccccc3Cc3ccccc32)CC1,8.22
ZINC000013740497,CC(C)=C1c2ccccc2C=C(C2=CCN(C)CC2)c2cc(Cl)ccc21,6.12
ZINC000013740498,CCN1CC=C(C2=Cc3ccccc3Cc3ccccc32)CC1,8.35
ZINC000013740499,C=CCN1CC=C(C2=Cc3ccccc3Cc3ccccc32)CC1,7.7
ZINC000013740500,CN1CC=C(C2=Cc3ccccc3Oc3ccccc32)CC1,8.22
ZINC000013740501,CCN1CC=C(C2=Cc3ccccc3Oc3ccccc32)CC1,8.22
ZINC000013740502,C=CCN1CC=C(C2=Cc3ccccc3Oc3ccccc32)CC1,7.66
ZINC000013740503,CN1CCC(C2=Cc3ccccc3Oc3ccccc32)CC1,8.52
ZINC000013740673,COc1ccccc1N1CCN(CCC[C@H]2CCCc3c(OC)cccc32)CC1,6.48
ZINC000013740674,COc1ccccc1N1CCN(CCC[C@@H]2CCCc3c(OC)cccc32)CC1,6.48
ZINC000013740693,COc1cccc2c1CCC[C@@H]2CCCN1CCN(c2ccccc2)CC1,6.64
ZINC000013740694,COc1cccc2c1CCC[C@H]2CCCN1CCN(c2ccccc2)CC1,6.64
ZINC000013740706,CCC[C@@H](C)NC(=O)[C@@H]1C=C2c3cccc4[nH]cc(c34)C[C@H]2N(C)C1,8.35
ZINC000013740707,CCC[C@H](C)NC(=O)[C@@H]1C=C2c3cccc4[nH]cc(c34)C[C@H]2N(C)C1,6.98
ZINC000013740708,CCC(CC)NC(=O)[C@@H]1C=C2c3cccc4[nH]cc(c34)C[C@H]2N(C)C1,8.1
ZINC000013740709,CCCC[C@@H](C)NC(=O)[C@@H]1C=C2c3cccc4[nH]cc(c34)C[C@H]2N(C)C1,7.8
ZINC000013740710,CCCC[C@H](C)NC(=O)[C@@H]1C=C2c3cccc4[nH]cc(c34)C[C@H]2N(C)C1,7.26
ZINC000013740711,CCCCC[C@@H](C)NC(=O)[C@@H]1C=C2c3cccc4[nH]cc(c34)C[C@H]2N(C)C1,7.1
ZINC000013740712,CCCCC[C@H](C)NC(=O)[C@@H]1C=C2c3cccc4[nH]cc(c34)C[C@H]2N(C)C1,6.45
ZINC000013740925,Fc1ccc(CC2CCN(CCc3ccccc3)CC2)cc1,7.74
ZINC000013740926,O[C@H](c1ccc(F)cc1)C1CCN(CCc2ccccc2)CC1,8.52
ZINC000013740927,O[C@@H](c1ccc(F)cc1)C1CCN(CCc2ccccc2)CC1,8.52
ZINC000013740928,O=C(c1ccccc1)C1CCN(CCCCc2ccccc2)CC1,8.0
ZINC000013740929,Fc1ccc(CC2CCN(CCCCc3ccccc3)CC2)cc1,7.4
ZINC000013740930,O[C@H](c1ccccc1)C1CCN(CCCCc2ccccc2)CC1,6.58
ZINC000013740931,O[C@@H](c1ccccc1)C1CCN(CCCCc2ccccc2)CC1,6.58
ZINC000013740932,O[C@H](c1ccc(F)cc1)C1CCN(CCCCc2ccccc2)CC1,6.9
ZINC000013740933,O[C@@H](c1ccc(F)cc1)C1CCN(CCCCc2ccccc2)CC1,6.9
ZINC000013740942,c1ccc(CCCCN2CCC(=C(c3ccccc3)c3ccccc3)CC2)cc1,7.7
ZINC000013740943,c1ccc(CCN2CCC(=C(c3ccccc3)c3ccccc3)CC2)cc1,8.16
ZINC000013740944,O=c1[nH]c2ccccc2c(=O)n1CCN1CCC(C(c2ccccc2)c2ccccc2)CC1,7.74
ZINC000013741358,CN(C)CCc1c[nH]c2ccc(Cn3ccnc3)cc12,5.5
ZINC000013741359,Cc1nccn1Cc1ccc2[nH]cc(CCN(C)C)c2c1,5.1
ZINC000013741360,CN(C)CCc1c[nH]c2ccc(Cn3ccnn3)cc12,5.2
ZINC000013741362,CN(C)CCc1c[nH]c2ccc(Cn3cnnn3)cc12,5.3
ZINC000013741363,CN(C)CCc1c[nH]c2ccc(Cn3ncnn3)cc12,5.7
ZINC000013741364,CN(C)CCc1c[nH]c2ccc(-n3cncn3)cc12,5.0
ZINC000013741367,CN(C)CCc1c[nH]c2ccc(Cc3ncnn3C)cc12,5.4
ZINC000013741372,CN(C)CCc1c[nH]c2ccc(Cc3nnn(C)n3)cc12,5.6
ZINC000013741373,CCn1nnc(Cc2ccc3[nH]cc(CCN(C)C)c3c2)n1,5.8
ZINC000013741504,COc1ccccc1N1CCN(CCCCc2c[nH]c3ccccc23)CC1,6.82
ZINC000013741505,COc1ccccc1C1CCN(CCCCc2c[nH]c3ccccc23)CC1,7.08
ZINC000013741506,Fc1ccc(N2CCN(CCCCc3c[nH]c4ccccc34)CC2)cc1,7.85
ZINC000013741507,Fc1ccc(C2CCN(CCCCc3c[nH]c4ccccc34)CC2)cc1,7.47
ZINC000013741508,Fc1ccc(N2CCN(CCCCc3cn(-c4ccc(F)cc4)c4ccccc34)CC2)cc1,6.6
ZINC000013742133,c1ccc2c(c1)nc(N1CCNCC1)c1oc3ccccc3c12,5.92
ZINC000013742134,CN1CCN(c2nc3ccccc3c3c2oc2ccccc23)CC1,6.35
ZINC000013742135,CCN1CCN(c2nc3ccccc3c3c2oc2ccccc23)CC1,6.28
ZINC000013742137,c1ccc2c(c1)OCc1c(N3CCNCC3)nc3ccccc3c1-2,5.55
ZINC000013742138,CN1CCN(c2nc3ccccc3c3c2COc2ccccc2-3)CC1,5.85
ZINC000013742139,CCN1CCN(c2nc3ccccc3c3c2COc2ccccc2-3)CC1,5.96
ZINC000013742140,CN(C)CCSc1nc2ccccc2c2c1COc1ccccc1-2,5.74
ZINC000013742141,c1ccc2c(c1)OCCc1c(N3CCNCC3)nc3ccccc3c1-2,5.49
ZINC000013742142,CN1CCN(c2nc3ccccc3c3c2CCOc2ccccc2-3)CC1,5.62
ZINC000013742143,CN(C)CCSc1nc2ccccc2c2c1CCOc1ccccc1-2,5.55
ZINC000013742144,c1ccc2c(c1)CCc1c(N3CCNCC3)nc3ccccc3c1-2,6.19
ZINC000013742145,CN1CCN(c2nc3ccccc3c3c2CCc2ccccc2-3)CC1,6.4
ZINC000013742146,CCN1CCN(c2nc3ccccc3c3c2CCc2ccccc2-3)CC1,6.22
ZINC000013742147,CN(C)CCSc1nc2ccccc2c2c1CCc1ccccc1-2,6.03
ZINC000013742148,c1ccc2c(c1)ccc1c(N3CCNCC3)nc3ccccc3c12,5.96
ZINC000013742149,CN1CCN(c2nc3ccccc3c3c2ccc2ccccc23)CC1,6.04
ZINC000013742150,CCN1CCN(c2nc3ccccc3c3c2ccc2ccccc23)CC1,6.19
ZINC000013742151,CN(C)CCSc1nc2ccccc2c2c1ccc1ccccc12,5.62
ZINC000013742152,COc1cc2c(N3CCNCC3)nc3ccccc3c2c2ccccc12,5.96
ZINC000013742153,COc1cc2c(N3CCN(C)CC3)nc3ccccc3c2c2ccccc12,6.62
ZINC000013742154,CCN1CCN(c2nc3ccccc3c3c2cc(OC)c2ccccc23)CC1,6.16
ZINC000013755924,CCCN1CCN(c2nc3ccsc3n3cccc23)CC1,5.97
ZINC000013755925,C=CCN1CCN(c2nc3ccsc3n3cccc23)CC1,6.07
ZINC000013755928,FC(F)(F)c1cccc(N2CCN(c3nc4ccsc4n4cccc34)CC2)c1,5.75
ZINC000013755933,Clc1ccc(CN2CCN(c3nc4ccsc4n4cccc34)CC2)c(Cl)c1,5.13
ZINC000013755942,FC(F)(F)c1ccccc1CCN1CCN(c2nc3ccsc3n3cccc23)CC1,5.29
ZINC000013755944,C(=C/c1ccccc1)\CN1CCN(c2nc3ccsc3n3cccc23)CC1,6.07
ZINC000013755946,c1cc2c(N3CCN(CC4CC4)CC3)nc3ccsc3n2c1,6.03
ZINC000013755958,CN1CCN(c2nc3sccc3n3cccc23)CC1,5.63
ZINC000013755960,C=CCN1CCN(c2nc3sccc3n3cccc23)CC1,5.63
ZINC000013755973,CN1CCN(c2nc3cc(-c4ccccc4)sc3n3cccc23)CC1,5.13
ZINC000013756927,COc1ccc(C[C@@H]2NCCc3c2[nH]c2cc(C)c(C)cc32)cc1OC,8.33
ZINC000013756928,COc1ccc(C[C@H]2NCCc3c2[nH]c2cc(C)c(C)cc32)cc1OC,8.33
ZINC000013756929,COc1ccc(C[C@@H]2NCCc3c2[nH]c2c(Br)c(C)ccc32)cc1OC,8.53
ZINC000013756931,COc1ccc(C[C@@H]2NCCc3c2[nH]c2ccc(C)cc32)c(Cl)c1OC,7.71
ZINC000013756932,COc1ccc(C[C@@H]2NCCc3c2[nH]c2ccc(C)cc32)c(Br)c1OC,7.78
ZINC000013756933,COc1ccc(C[C@H]2NCCc3c2[nH]c2ccc(C)cc32)c(Br)c1OC,7.78
ZINC000013757081,C[C@@H](N)Cc1c2c(cc3c1OCC3)OCC2,7.26
ZINC000013757082,C[C@H](N)Cc1c2c(cc3c1OCC3)OCC2,6.64
ZINC000013757085,C[C@H](N)Cc1c2c(c(Br)c3c1OCC3)OCC2,9.52
ZINC000013757086,NCCc1c2c(cc3c1OCC3)OCC2,5.64
ZINC000013757088,NCCc1c2c(c(Br)c3c1OCC3)OCC2,7.47
ZINC000013758586,CN(CCN1CCNC1=O)Cc1cn(-c2ccc(F)cc2)c2ccc(Cl)cc12,7.7
ZINC000013758588,CN(CCCCN1CCNC1=O)Cc1cn(-c2ccc(F)cc2)c2ccc(Cl)cc12,6.96
ZINC000013758589,CN(C)CCc1cn(-c2ccc(F)cc2)c2ccc(Cl)cc12,8.05
ZINC000013758591,CN(CCc1cn(-c2ccc(F)cc2)c2ccc(Cl)cc12)CCN1CCNC1=O,8.28
ZINC000013758594,CN(CCCN1CCNC1=O)CCc1cn(-c2ccc(F)cc2)c2ccc(Cl)cc12,9.0
ZINC000013758596,CN(C)CCc1cn(-c2ccc(F)cc2)c2cc(Cl)ccc12,8.26
ZINC000013758598,CN(CCc1cn(-c2ccc(F)cc2)c2cc(Cl)ccc12)CCN1CCNC1=O,9.02
ZINC000013758601,CC(C)N1CCN(CCN(C)CCc2cn(-c3ccc(F)cc3)c3cc(Cl)ccc23)C1=O,8.24
ZINC000013758602,CN(C)CCCc1cn(-c2ccc(F)cc2)c2ccc(Cl)cc12,7.72
ZINC000013758603,CN(CCCc1cn(-c2ccc(F)cc2)c2ccc(Cl)cc12)CCN1CCNC1=O,8.11
ZINC000013758605,CN(C)CCCCc1cn(-c2ccc(F)cc2)c2ccc(Cl)cc12,7.0
ZINC000013758606,CN(C)CCOc1cn(-c2ccc(F)cc2)c2ccc(Cl)cc12,8.38
ZINC000013758607,CCN(CCOc1cn(-c2ccc(F)cc2)c2ccc(Cl)cc12)CCN1CCNC1=O,7.74
ZINC000013758609,C#CCN(CCOc1cn(-c2ccc(F)cc2)c2ccc(Cl)cc12)CCN1CCNC1=O,6.66
ZINC000013758611,Fc1ccc(-n2cc(OCCN3CCCCC3)c3cc(Cl)ccc32)cc1,8.23
ZINC000013758613,Fc1ccc(-n2cc(OCCN3CCOCC3)c3cc(Cl)ccc32)cc1,7.32
ZINC000013758616,CN(C)CCOc1cn(-c2ccc(F)cc2)c2cc(Cl)ccc12,7.77
ZINC000013758617,CN(CCOc1cn(-c2ccc(F)cc2)c2cc(Cl)ccc12)CCN1CCNC1=O,8.7
ZINC000013758618,CC(C)N1CCN(CCN(C)CCOc2cn(-c3ccc(F)cc3)c3cc(Cl)ccc23)C1=O,8.2
ZINC000013758621,CN(C)CCSc1cn(-c2ccc(F)cc2)c2ccc(Cl)cc12,7.38
ZINC000013758624,CN(CCSc1cn(-c2ccc(F)cc2)c2ccc(Cl)cc12)CCN1CCNC1=O,7.07
ZINC000013758628,CN(C)CCCOc1cn(-c2ccc(F)cc2)c2ccc(Cl)cc12,7.57
ZINC000013760040,COc1ccccc1N1CCN(CN2C(=O)[C@@H]3CCCCN3C2=O)CC1,6.0
ZINC000013760529,COc1cccc2c1CCC[C@@H]2CCN1CCN(c2ccccc2)CC1,7.92
ZINC000013760530,COc1cccc2c1CCC[C@H]2CCN1CCN(c2ccccc2)CC1,7.92
ZINC000013760531,COc1ccc2c(c1)CCC[C@@H]2CCCN1CCN(c2ccccc2)CC1,6.8
ZINC000013760532,COc1ccc2c(c1)CCC[C@H]2CCCN1CCN(c2ccccc2)CC1,6.8
ZINC000013760533,COc1cccc2c1[C@H](CCCN1CCN(c3ccccc3)CC1)CCC2,6.21
ZINC000013760534,COc1cccc2c1[C@@H](CCCN1CCN(c3ccccc3)CC1)CCC2,6.21
ZINC000013760535,COc1cccc2c1CCC/C2=C\CCN1CCN(c2ccccc2)CC1,6.24
ZINC000013760536,COc1cccc2c1CCC[C@@H]2CCCCN1CCN(c2ccccc2)CC1,6.38
ZINC000013760537,COc1cccc2c1CCC[C@H]2CCCCN1CCN(c2ccccc2)CC1,6.38
ZINC000013760538,COc1cccc2c1CCC(CCN1CCN(c3ccccc3)CC1)=C2,6.62
ZINC000013760539,COc1ccc2c(c1)CCC(CCN1CCN(c3ccccc3)CC1)=C2,7.25
ZINC000013760540,COc1ccc2c(c1)C=C(CCN1CCN(c3ccccc3)CC1)CC2,6.97
ZINC000013760541,COc1cccc2c1CC[C@H](CCN1CCN(c3ccccc3)CC1)C2,6.8
ZINC000013760542,COc1cccc2c1CC[C@@H](CCN1CCN(c3ccccc3)CC1)C2,6.8
ZINC000013760543,COc1ccc2c(c1)CC[C@H](CCN1CCN(c3ccccc3)CC1)C2,7.07
ZINC000013760544,COc1ccc2c(c1)CC[C@@H](CCN1CCN(c3ccccc3)CC1)C2,7.07
ZINC000013760545,COc1ccc2c(c1)C[C@H](CCN1CCN(c3ccccc3)CC1)CC2,6.64
ZINC000013760546,COc1ccc2c(c1)C[C@@H](CCN1CCN(c3ccccc3)CC1)CC2,6.64
ZINC000013761033,COc1ccccc1N1CCN(CCCSc2nc3sc(C)c(C)c3c(=O)n2N)CC1,6.52
ZINC000013762478,c1ccc(CN2CCN(c3ncccc3-n3cccc3)CC2)cc1,5.13
ZINC000013762488,COc1ccc2c(c1)nc(N1CCN(CCCCn3cccn3)CC1)c1cccn12,5.79
ZINC000013763987,CN(C)c1ccc(C(=C2C=CC(=[N+](C)C)C=C2)c2ccc(N(C)C)cc2)cc1,6.12
ZINC000013764797,Cc1ccc2c(ccn2C[C@@H](C)N)c1,6.1
ZINC000013764799,Cc1ccc2c(ccn2C[C@H](C)N)c1,6.1
ZINC000013764802,C[C@@H](N)Cn1ccc2cc(F)ccc21,6.8
ZINC000013764805,C[C@H](N)Cn1ccc2cc(F)ccc21,6.8
ZINC000013764808,C[C@@H](N)Cn1ccc2cc(Cl)ccc21,6.7
ZINC000013764811,C[C@H](N)Cn1ccc2cc(Cl)ccc21,6.7
ZINC000013764814,C[C@@H](N)Cn1ccc2cc(Br)ccc21,6.8
ZINC000013764816,C[C@H](N)Cn1ccc2cc(Br)ccc21,6.8
ZINC000013764823,C[C@@H](N)Cn1ccc2ccc(F)cc21,6.6
ZINC000013764826,C[C@H](N)Cn1ccc2ccc(F)cc21,6.6
ZINC000013766145,CN1CCN(c2nc3ccccc3n3cccc23)CC1,7.37
ZINC000013766149,Fc1cccc2nc(N3CCNCC3)c3cccn3c12,6.12
ZINC000013766152,Fc1ccc2c(c1)nc(N1CCNCC1)c1cccn12,6.31
ZINC000013775872,COc1ccc2c(c1)C(N1CCN(C)CC1)=Nc1ccccc1N2,7.92
ZINC000013775874,CN1CCN(C2=Nc3ccccc3Nc3ccc(O)cc32)CC1,7.46
ZINC000013775875,CN1CCN(C2=Nc3cc(O)ccc3Nc3ccccc32)CC1,6.51
ZINC000013778662,CN1CCN(c2ccc3c(n2)-c2ccccc2C3)CC1,5.59
ZINC000013779679,O=c1[nH]c2ccc(CCN3CCN(c4ccccc4O)CC3)cc2s1,6.28
ZINC000013779680,Cn1c(=O)sc2cc(CCN3CCN(c4ccccc4)CC3)ccc21,7.15
ZINC000013779681,Cn1c(=O)sc2cc(CCN3CCN(c4ccccc4O)CC3)ccc21,5.96
ZINC000013779682,Cn1c(=O)sc2cc(CCN3CCN(c4ccc(F)cc4)CC3)ccc21,6.7
ZINC000013779683,COc1ccccc1N1CCN(CCc2ccc3c(c2)sc(=O)n3C)CC1,6.3
ZINC000013779684,Cn1c(=O)sc2cc(CCN3CCN(c4cccc(C(F)(F)F)c4)CC3)ccc21,6.22
ZINC000013779685,COc1ccccc1N1CCN(CCCc2ccc3c(c2)sc(=O)n3C)CC1,6.04
ZINC000013779686,O=c1[nH]c2ccc(CCCCN3CCN(c4cccc(C(F)(F)F)c4)CC3)cc2s1,6.24
ZINC000013779687,COc1ccccc1N1CCN(CCCCc2ccc3c(c2)sc(=O)n3C)CC1,6.0
ZINC000013779688,Cn1c(=O)sc2cc(CCCCN3CCN(c4cccc(C(F)(F)F)c4)CC3)ccc21,6.4
ZINC000013779689,COc1ccccc1N1CCN(CCc2ccc3c(c2)OCC(=O)N3C)CC1,6.22
ZINC000013779690,CN1C(=O)COc2cc(CCN3CCN(c4cccc(C(F)(F)F)c4)CC3)ccc21,6.21
ZINC000013779691,COc1ccccc1N1CCN(CCCCc2ccc3c(c2)OCC(=O)N3C)CC1,6.08
ZINC000013779692,CN1C(=O)COc2cc(CCCCN3CCN(c4cccc(C(F)(F)F)c4)CC3)ccc21,6.21
ZINC000013779776,COc1ccc2c3c1C[C@H](N(C)C)C[C@@H]3CO2,6.01
ZINC000013779777,CCCN(CCC)[C@H]1Cc2c(OC)ccc3c2[C@@H](CO3)C1,6.19
ZINC000013782222,COc1cccc2[nH]cc([C@@H]3C[C@@H]3N)c12,7.34
ZINC000013782223,COc1cccc2[nH]cc([C@H]3C[C@@H]3N)c12,7.34
ZINC000013782224,COc1cccc2[nH]cc([C@@H]3C[C@H]3N)c12,7.34
ZINC000013782225,COc1cccc2[nH]cc([C@H]3C[C@H]3N)c12,7.34
ZINC000013782226,COc1ccc2[nH]cc([C@@H]3C[C@@H]3N)c2c1,7.51
ZINC000013782227,COc1ccc2[nH]cc([C@H]3C[C@@H]3N)c2c1,7.51
ZINC000013782228,COc1ccc2[nH]cc([C@@H]3C[C@H]3N)c2c1,7.51
ZINC000013782229,COc1ccc2[nH]cc([C@H]3C[C@H]3N)c2c1,7.51
ZINC000013782230,N[C@@H]1C[C@@H]1c1c[nH]c2ccc(F)cc12,7.99
ZINC000013782231,N[C@H]1C[C@@H]1c1c[nH]c2ccc(F)cc12,7.99
ZINC000013782232,N[C@@H]1C[C@H]1c1c[nH]c2ccc(F)cc12,7.99
ZINC000013782233,N[C@H]1C[C@H]1c1c[nH]c2ccc(F)cc12,7.99
ZINC000013782234,N[C@@H]1C[C@@H]1c1c[nH]c2ccccc12,6.79
ZINC000013782235,N[C@H]1C[C@H]1c1c[nH]c2ccccc12,6.79
ZINC000013782359,CC(C)N1CNC(=O)C12CCN(CCCC(=O)c1ccc(F)cc1)CC2,7.42
ZINC000013782360,O=C(CCCN1CCC2(CC1)NCNC2=O)c1ccc(F)cc1,5.25
ZINC000013782361,CCN1CNC(=O)C12CCN(CCCC(=O)c1ccc(F)cc1)CC2,6.77
ZINC000013782362,CN1CN(C)C2(CCN(CCCC(=O)c3ccc(F)cc3)CC2)C1=O,7.35
ZINC000013782363,CCN1CN(C)C2(CCN(CCCC(=O)c3ccc(F)cc3)CC2)C1=O,7.68
ZINC000013782364,CCCN1CN(C)C2(CCN(CCCC(=O)c3ccc(F)cc3)CC2)C1=O,7.7
ZINC000013782365,CC(C)N1CN(C)C2(CCN(CCCC(=O)c3ccc(F)cc3)CC2)C1=O,8.15
ZINC000013782366,CCCCN1CN(C)C2(CCN(CCCC(=O)c3ccc(F)cc3)CC2)C1=O,7.72
ZINC000013782367,CN1CN(Cc2ccccc2)C(=O)C12CCN(CCCC(=O)c1ccc(F)cc1)CC2,7.66
ZINC000013782372,C[C@@H](N)Cc1c2ccoc2c(Br)c2ccoc12,10.4
ZINC000013782373,C[C@H](N)Cc1c2ccoc2c(Br)c2ccoc12,10.4
ZINC000013782778,C[C@@H](CN1CCN(c2cccc(Cl)c2)CC1)Cn1nc2ccccn2c1=O,7.03
ZINC000013782779,C[C@H](CN1CCN(c2cccc(Cl)c2)CC1)Cn1nc2ccccn2c1=O,7.03
ZINC000013782780,C[C@@H](CCn1nc2ccccn2c1=O)N1CCN(c2cccc(Cl)c2)CC1,7.77
ZINC000013782781,C[C@H](CCn1nc2ccccn2c1=O)N1CCN(c2cccc(Cl)c2)CC1,7.77
ZINC000013782782,C[C@@H]1CN(c2cccc(Cl)c2)CCN1CCCn1nc2ccccn2c1=O,7.51
ZINC000013782783,CC[C@@H]1CN(c2cccc(Cl)c2)CCN1CCCn1nc2ccccn2c1=O,6.77
ZINC000013782784,CC[C@H]1CN(c2cccc(Cl)c2)CCN1CCCn1nc2ccccn2c1=O,6.77
ZINC000013793923,CN1C[C@H](COC(=O)C2CC2)C=C2c3cccc4[nH]cc(c34)C[C@H]21,9.13
ZINC000013793926,CC(C)n1cc2c3c(cccc31)C1=C[C@@H](COC(=O)C3CC3)CN(C)[C@@H]1C2,8.74
ZINC000013793929,CN1C[C@H](COC(=O)C2CCC2)C=C2c3cccc4[nH]cc(c34)C[C@H]21,9.13
ZINC000013793932,CC(C)n1cc2c3c(cccc31)C1=C[C@@H](COC(=O)C3CCC3)CN(C)[C@@H]1C2,8.22
ZINC000013793935,CN1C[C@H](COC(=O)C2CCCC2)C=C2c3cccc4[nH]cc(c34)C[C@H]21,9.13
ZINC000013793938,CC(C)n1cc2c3c(cccc31)C1=C[C@@H](COC(=O)C3CCCC3)CN(C)[C@@H]1C2,8.25
ZINC000013793941,CN1C[C@H](COC(=O)C2CCCCC2)C=C2c3cccc4[nH]cc(c34)C[C@H]21,9.18
ZINC000013793944,CC(C)n1cc2c3c(cccc31)C1=C[C@@H](COC(=O)C3CCCCC3)CN(C)[C@@H]1C2,7.92
ZINC000013793947,CN1C[C@H](COC(=O)C2CCCCCC2)C=C2c3cccc4[nH]cc(c34)C[C@H]21,9.11
ZINC000013793950,CC(C)n1cc2c3c(cccc31)C1=C[C@@H](COC(=O)C3CCCCCC3)CN(C)[C@@H]1C2,7.75
ZINC000013793956,CC(C)n1cc2c3c(cccc31)[C@H]1C[C@@H](COC(=O)C3CC3)CN(C)[C@@H]1C2,8.22
ZINC000013793962,CC(C)n1cc2c3c(cccc31)[C@H]1C[C@@H](COC(=O)C3CCC3)CN(C)[C@@H]1C2,8.06
ZINC000013793968,CC(C)n1cc2c3c(cccc31)[C@H]1C[C@@H](COC(=O)C3CCCC3)CN(C)[C@@H]1C2,7.65
ZINC000013793974,CC(C)n1cc2c3c(cccc31)[C@H]1C[C@@H](COC(=O)C3CCCCC3)CN(C)[C@@H]1C2,7.14
ZINC000013793980,CC(C)n1cc2c3c(cccc31)[C@H]1C[C@@H](COC(=O)C3CCCCCC3)CN(C)[C@@H]1C2,7.05
ZINC000013793983,CN1CC(COC(=O)C2CCC2)=C[C@@H]2c3cccc4[nH]cc(c34)C[C@H]21,7.11
ZINC000013793986,CC(C)n1cc2c3c(cccc31)[C@H]1C=C(COC(=O)C3CCC3)CN(C)[C@@H]1C2,8.03
ZINC000013793989,CN1CC(COC(=O)C2CCCC2)=C[C@@H]2c3cccc4[nH]cc(c34)C[C@H]21,7.31
ZINC000013793992,CC(C)n1cc2c3c(cccc31)[C@H]1C=C(COC(=O)C3CCCC3)CN(C)[C@@H]1C2,8.05
ZINC000013793995,CN1CC(COC(=O)C2CCCCC2)=C[C@@H]2c3cccc4[nH]cc(c34)C[C@H]21,7.4
ZINC000013793998,CC(C)n1cc2c3c(cccc31)[C@H]1C=C(COC(=O)C3CCCCC3)CN(C)[C@@H]1C2,7.8
ZINC000013794001,COC1CCC(C(=O)OCC2=C[C@@H]3c4cccc5[nH]cc(c45)C[C@H]3N(C)C2)CC1,7.32
ZINC000013794004,COC1CCC(C(=O)OCC2=C[C@@H]3c4cccc5c4c(cn5C(C)C)C[C@H]3N(C)C2)CC1,7.94
ZINC000013794007,CN1CC(COC(=O)C2CCCCCC2)=C[C@@H]2c3cccc4[nH]cc(c34)C[C@H]21,7.97
ZINC000013794010,CC(C)n1cc2c3c(cccc31)[C@H]1C=C(COC(=O)C3CCCCCC3)CN(C)[C@@H]1C2,7.77
ZINC000013794013,CC(C)n1cc2c3c(cccc31)C1=C[C@@H](CO)CN(C)[C@@H]1C2,9.15
ZINC000013794016,CC(C)n1cc2c3c(cccc31)[C@H]1C[C@@H](CO)CN(C)[C@@H]1C2,8.5
ZINC000013794019,CC(C)n1cc2c3c(cccc31)[C@H]1C=C(CO)CN(C)[C@@H]1C2,9.14
ZINC000013794022,CC1=C[C@@H]2c3cccc4c3c(cn4C(C)C)C[C@H]2N(C)C1,8.84
ZINC000013794025,CC(C)n1cc2c3c(cccc31)[C@H]1C[C@@H](C)CN(C)[C@@H]1C2,8.5
ZINC000013797040,CN1CCN(c2nc3ccccc3c3c2CCc2sccc2-3)CC1,5.51
ZINC000013798269,CN1CCN(C2=Nc3cc(OS(C)(=O)=O)ccc3Nc3ccccc32)CC1,5.31
ZINC000013798272,CN1CCN(C2=Nc3ccccc3Oc3ccc(OS(C)(=O)=O)cc32)CC1,6.64
ZINC000013801318,COc1ccc2[nH]cc([C@@H]3CCN(C)C3)c2c1,5.89
ZINC000013801321,COc1ccc2[nH]cc([C@H]3CCN(C)C3)c2c1,5.89
ZINC000013801323,CN1CC[C@@H](c2c[nH]c3cccc(O)c23)C1,6.36
ZINC000013801326,CN1CC[C@H](c2c[nH]c3cccc(O)c23)C1,6.36
ZINC000013801474,Cc1cccc2nc(N3CCN(C)CC3)c3cccn3c12,6.3
ZINC000013805803,CCc1[nH]c2ccc(OC)cc2c1CCN(C)C,6.21
ZINC000013805807,COc1ccc2[nH]c(-c3ccccc3)c(CCN(C)C)c2c1,6.33
ZINC000013805866,CN(C)CCc1c[nH]c(CCC(c2ccccc2)c2ccccc2)n1,5.43
ZINC000013808359,CN1CCN(c2nccc(-c3cccs3)n2)CC1,6.68
ZINC000013808361,CN1CCN(c2nccc(-c3ccco3)n2)CC1,6.13
ZINC000013808363,CN1CCN(c2nccc(-c3ccoc3)n2)CC1,8.0
ZINC000013808365,CN1CCN(c2nccc(-n3ccnc3)n2)CC1,6.42
ZINC000013808367,Cc1cc(-c2ccoc2)nc(N2CCN(C)CC2)n1,7.3
ZINC000013808369,CN1CCN(c2nccc(-c3ccccc3)n2)CC1,5.68
ZINC000013808372,CN1CCN(c2nc(Cl)cc(-c3ccoc3)n2)CC1,7.39
ZINC000013808374,CN1CCN(c2nc(Cl)cc(-c3cccs3)n2)CC1,6.45
ZINC000013808376,Cc1ccc(-c2cc(Cl)nc(N3CCN(C)CC3)n2)cc1,6.24
ZINC000013808381,CN1CCN(c2cc(-c3cccs3)nc(Cl)n2)CC1,5.57
ZINC000013808383,CN1CCN(c2cc(-c3ccco3)nc(Cl)n2)CC1,5.22
ZINC000013808385,Cc1ccc(-c2cc(N3CCN(C)CC3)nc(Cl)n2)cc1,5.37
ZINC000013808393,CN1CCN(c2nc(-c3ccoc3)cc(-c3ccco3)n2)CC1,7.89
ZINC000013808403,CN1CCN(c2nc(-c3ccoc3)cc(-c3ccoc3)n2)CC1,8.1
ZINC000013808405,CN1CCN(c2nc(-c3ccoc3)cc(-c3cccs3)n2)CC1,8.0
ZINC000013808407,CN1CCN(c2nc(-c3ccccc3)cc(-c3ccoc3)n2)CC1,8.05
ZINC000013809595,COc1cc(CCc2ccccc2)c(OC)cc1CCN,7.43
ZINC000013809596,COc1cc(C[C@@H](C)N)c(OC)cc1CCc1ccccc1,7.02
ZINC000013809597,COc1cc(C[C@H](C)N)c(OC)cc1CCc1ccccc1,7.02
ZINC000013809598,COc1cc(CCCc2ccccc2)c(OC)cc1CCN,6.82
ZINC000013809599,COc1cc(CCCCc2ccccc2)c(OC)cc1CCN,6.94
ZINC000013809600,COc1cc(C[C@@H](C)N)c(OC)cc1CCCCc1ccccc1,8.1
ZINC000013809602,COc1cc(C[C@H](C)N)c(OC)cc1CCCCc1ccccc1,8.1
ZINC000013809603,COc1cc(C[C@@H](C)N)c(OC)cc1CCCc1ccc(Cl)cc1,7.92
ZINC000013809605,COc1cc(C[C@H](C)N)c(OC)cc1CCCc1ccc(Cl)cc1,7.92
ZINC000013809606,COc1ccc(CCCc2cc(OC)c(C[C@@H](C)N)cc2OC)cc1,7.55
ZINC000013809608,COc1ccc(CCCc2cc(OC)c(C[C@H](C)N)cc2OC)cc1,7.55
ZINC000013809609,COc1cc(CCCc2ccccc2)ccc1C[C@@H](C)N,8.1
ZINC000013809610,COc1cc(CCCc2ccccc2)ccc1C[C@H](C)N,8.1
ZINC000013809611,COc1cc(C[C@@H](C)N)ccc1CCCc1ccccc1,7.77
ZINC000013809612,COc1cc(C[C@H](C)N)ccc1CCCc1ccccc1,7.77
ZINC000013809613,COc1c(CCCc2ccccc2)ccc(C[C@@H](C)N)c1OC,8.4
ZINC000013809614,COc1c(CCCc2ccccc2)ccc(C[C@H](C)N)c1OC,8.4
ZINC000013809616,COc1cc(C[C@@H](C)N)cc(OC)c1CCCc1ccccc1,8.4
ZINC000013809617,COc1cc(C[C@H](C)N)cc(OC)c1CCCc1ccccc1,8.4
ZINC000013809619,COc1cc(CCCc2ccccc2)cc(OC)c1C[C@@H](C)N,8.52
ZINC000013809620,COc1cc(CCCc2ccccc2)cc(OC)c1C[C@H](C)N,8.52
ZINC000013809622,C[C@@H](N)Cc1ccc(CCCc2ccccc2)cc1,7.11
ZINC000013809623,C[C@H](N)Cc1ccc(CCCc2ccccc2)cc1,7.11
ZINC000013819840,CN(C)C[C@H]1C[C@@H]2c3ccccc3Cc3ccncc3N2O1,6.41
ZINC000013819842,CN(C)C[C@H]1C[C@@H]2c3cccnc3Cc3ccccc3N2O1,6.0
ZINC000013835550,CN(C)CCc1c[nH]c2cc(F)cc(O)c12,5.59
ZINC000013835551,CN(C)CCc1c[nH]c2c(F)ccc(O)c12,7.89
ZINC000013835552,COc1cc2c(CCN(C)C)c[nH]c2cc1F,7.48
ZINC000013835553,COc1ccc2[nH]cc(CCN(C)C)c2c1F,6.91
ZINC000013838860,NCCc1c2c(c(Br)c3c1OCCC3)OCCC2,8.35
ZINC000013838863,C[C@@H](N)Cc1c2c(c(Br)c3c1OCCC3)OCCC2,8.51
ZINC000013838866,C[C@H](N)Cc1c2c(c(Br)c3c1OCCC3)OCCC2,8.51
ZINC000013839364,O=c1c2ccccc2ncn1CCCN1CCN(c2cccc(Cl)c2)CC1,7.8
ZINC000013839367,O=c1c2ccccc2ncn1CCCCN1CCN(c2cccc(Cl)c2)CC1,7.17
ZINC000013839370,COc1ccccc1N1CCN(CCCn2cnc3ccccc3c2=O)CC1,6.34
ZINC000013839373,COc1ccccc1N1CCN(CCCCn2cnc3ccccc3c2=O)CC1,6.25
ZINC000013839376,O=c1c2ccccc2c(=O)n(-c2ccccc2)n1CCCN1CCN(c2cccc(Cl)c2)CC1,6.18
ZINC000013839379,O=c1c2ccccc2c(=O)n(-c2ccccc2)n1CCCCN1CCN(c2cccc(Cl)c2)CC1,6.24
ZINC000013839381,COc1ccccc1N1CCN(CCCn2c(=O)c3ccccc3c(=O)n2-c2ccccc2)CC1,6.52
ZINC000013839383,COc1ccccc1N1CCN(CCCCn2c(=O)c3ccccc3c(=O)n2-c2ccccc2)CC1,6.43
ZINC000013839385,O=c1ccc(=O)n(-c2ccccc2)n1CCCN1CCN(c2cccc(Cl)c2)CC1,6.57
ZINC000013839387,O=c1ccc(=O)n(-c2ccccc2)n1CCCCN1CCN(c2cccc(Cl)c2)CC1,5.74
ZINC000013839390,COc1ccccc1N1CCN(CCCn2c(=O)ccc(=O)n2-c2ccccc2)CC1,5.67
ZINC000013839393,COc1ccccc1N1CCN(CCCCn2c(=O)ccc(=O)n2-c2ccccc2)CC1,5.84
ZINC000013862362,C[C@@H](N)Cc1c2c(c(C(F)(F)F)c3c1OCC3)OCC2,9.15
ZINC000013862363,C[C@H](N)Cc1c2c(c(C(F)(F)F)c3c1OCC3)OCC2,8.7
ZINC000013862364,C[C@@H](N)Cc1c2ccoc2cc2ccoc12,8.82
ZINC000013862365,C[C@H](N)Cc1c2ccoc2cc2ccoc12,7.42
ZINC000013862366,C[C@@H](N)Cc1c2ccoc2c(C(F)(F)F)c2ccoc12,9.54
ZINC000013862367,C[C@H](N)Cc1c2ccoc2c(C(F)(F)F)c2ccoc12,9.49
ZINC000013862723,c1ccc(-c2[nH]c3ccccc3c2[C@H]2CCCNC2)cc1,9.0
ZINC000013862724,c1ccc(-c2[nH]c3ccccc3c2[C@@H]2CCCNC2)cc1,9.0
ZINC000013862725,CN1CCC[C@@H](c2c(-c3ccccc3)[nH]c3ccccc23)C1,8.33
ZINC000013862726,CN1CCC[C@H](c2c(-c3ccccc3)[nH]c3ccccc23)C1,8.33
ZINC000013862727,CN1CCCC[C@@H]1c1c(-c2ccccc2)[nH]c2ccccc12,7.85
ZINC000013862728,CN1CCCC[C@H]1c1c(-c2ccccc2)[nH]c2ccccc12,7.85
ZINC000013862729,c1ccc(CN2CCC[C@@H](c3c(-c4ccccc4)[nH]c4ccccc34)C2)cc1,7.7
ZINC000013862730,c1ccc(CN2CCC[C@H](c3c(-c4ccccc4)[nH]c4ccccc34)C2)cc1,7.7
ZINC000013862731,c1ccc(CCN2CCC[C@@H](c3c(-c4ccccc4)[nH]c4ccccc34)C2)cc1,7.23
ZINC000013862732,c1ccc(CCN2CCC[C@H](c3c(-c4ccccc4)[nH]c4ccccc34)C2)cc1,7.23
ZINC000013862733,O=C1NCCN1CCN1CCC[C@@H](c2c(-c3ccccc3)[nH]c3ccccc23)C1,7.59
ZINC000013862734,O=C1NCCN1CCN1CCC[C@H](c2c(-c3ccccc3)[nH]c3ccccc23)C1,7.59
ZINC000013862751,Fc1ccc(-c2[nH]c3cc(F)ccc3c2[C@@H]2CCCNC2)cc1,10.05
ZINC000013862752,Fc1ccc(-c2[nH]c3cc(F)ccc3c2[C@H]2CCCNC2)cc1,10.05
ZINC000013864182,COc1cc(Cc2ccccc2)ccc1CCN,7.64
ZINC000013864183,COc1cc(CCc2ccccc2)ccc1CCN,7.34
ZINC000013864184,COc1cc(CCCc2ccccc2)ccc1CCN,7.92
ZINC000013864185,COc1cc(CCCCc2ccccc2)ccc1CCN,7.38
ZINC000013864186,COc1cc(CCCCCc2ccccc2)ccc1CCN,7.74
ZINC000013864187,COc1cc(CCCC2CCCCC2)ccc1CCN,6.6
ZINC000013864188,COc1cc(OCCc2ccccc2)ccc1CCN,6.96
ZINC000013864189,COc1cc(C#CCCCc2ccccc2)ccc1CCN,6.62
ZINC000013864190,COc1cc(-c2ccccc2)ccc1CCN,5.31
ZINC000013864191,COc1ccc(O)cc1CCN,5.88
ZINC000013864192,COc1ccc(I)cc1CCN,6.68
ZINC000013864193,COc1ccc(OCc2ccccc2)cc1CCN,6.59
ZINC000013864194,COc1ccc(OCCc2ccccc2)cc1CCN,6.36
ZINC000013864196,COc1ccc(Cc2ccccc2)cc1CCN,6.75
ZINC000013864197,COc1ccc(CCc2ccccc2)cc1CCN,6.62
ZINC000013864198,COc1ccc(CCCc2ccccc2)cc1CCN,7.7
ZINC000013864199,COc1ccc(CCCc2ccccc2)cc1C[C@@H](C)N,7.89
ZINC000013864200,COc1ccc(CCCc2ccccc2)cc1C[C@H](C)N,7.89
ZINC000013864201,COc1ccc(CCCCc2ccccc2)cc1CCN,7.17
ZINC000013864202,COc1ccc(CCCCCc2ccccc2)cc1CCN,6.96
ZINC000013864203,COc1ccc(CCCC2CCCCC2)cc1CCN,6.42
ZINC000013864204,COc1ccc(C#CCCCc2ccccc2)cc1CCN,6.53
ZINC000013864205,COc1ccc(-c2ccccc2)cc1CCN,5.82
ZINC000013864326,N#Cc1ccc(CCOC(=O)N2CCN(CCCC(c3ccc(F)cc3)c3ccc(F)cc3)CC2)cc1,6.15
ZINC000013864327,O=C(OCCc1ccc(F)cc1)N1CCN(CCCC(c2ccc(F)cc2)c2ccc(F)cc2)CC1,5.97
ZINC000013864328,O=C(CCc1ccc(F)cc1)N1CCN(CCCC(c2ccc(F)cc2)c2ccc(F)cc2)CC1,5.99
ZINC000013864329,N#Cc1ccc(CCOC(=O)N2CCN(CCCc3ccccc3)CC2)cc1,6.07
ZINC000013864331,CCOc1ccc(CCOC(=O)N2CCN(CCCc3ccccc3)CC2)cc1,6.01
ZINC000013864332,CCOc1ccc(CCNC(=O)N2CCN(CCCC(c3ccc(F)cc3)c3ccc(F)cc3)CC2)cc1,6.64
ZINC000013864333,O=C(CCCc1ccccc1)N1CCN(CCCC(c2ccc(F)cc2)c2ccc(F)cc2)CC1,6.02
ZINC000013864334,N#Cc1ccc(CCOC(=O)NC2CCN(CCCC(c3ccc(F)cc3)c3ccc(F)cc3)CC2)cc1,6.17
ZINC000013864761,CN(C)CCc1cn(C(=O)c2ccccc2)c2ccc(O)cc12,6.7
ZINC000013864767,CCOC(=O)c1[nH]c2ccccc2c1CCN(C)C,6.89
ZINC000013864770,Cc1ccc(S(=O)(=O)n2cc3c4c(cccc42)[C@H](O)[C@@H](N(C)C)C3)cc1,6.49
ZINC000013890114,O=C(N[C@H](CCCN1CCN(c2ncc(F)cn2)CC1)c1ccc(F)cc1)c1ccc(F)cc1,6.33
ZINC000013890116,O=S(=O)(N[C@H](CCCN1CCN(c2ncc(F)cn2)CC1)c1ccc(F)cc1)c1ccc(F)cc1,5.47
ZINC000013890117,O[C@@H](CCCN1CCN(c2ncc(F)cn2)CC1)c1ccc(F)c2ccccc12,5.99
ZINC000013913408,O=C1c2ccccc2S(=O)(=O)N1CCCCN1CC[C@H](c2ccccc2)C1,7.47
ZINC000013918476,CC(C)n1nc(C(=O)NCC2CCN(CCc3ccccc3)CC2)c2ccccc21,7.5
ZINC000013976034,O=C1C[C@@H](c2ccccc2)c2cccc(CCN3CCN(c4nsc5ccccc45)CC3)c2N1,9.74
ZINC000013978817,C[C@H]1CNCCc2ccc(Cl)c(F)c21,6.08
ZINC000013978821,C[C@H]1CNCCc2ccc(Cl)c(Cl)c21,6.66
ZINC000014114286,CN1CCN(C2=Nc3cc(Cl)ccc3Nc3ccc(OS(=O)(=O)C(F)(F)F)cc32)CC1,7.64
ZINC000014195406,Clc1ccc(N2CCN(Cc3cn4ccccc4n3)CC2)cc1Cl,5.92
ZINC000014208605,C[C@H]1CNCCc2c(Cl)cc(Cl)cc21,6.77
ZINC000014299681,CN1CCN(C2=Nc3ccccc3Nc3ccc(OS(=O)(=O)C(F)(F)F)cc32)CC1,8.1
ZINC000014299682,CN1CCN(C2=Nc3ccccc3Oc3ccc(OS(=O)(=O)C(F)(F)F)cc32)CC1,7.32
ZINC000014299683,CN1CCN(C2=Nc3ccccc3Sc3ccc(OS(=O)(=O)C(F)(F)F)cc32)CC1,6.96
ZINC000014975951,CCc1ccccc1N1CCN(CCCCCC(=O)N[C@@H]2CCCc3ccccc32)CC1,5.47
ZINC000014975956,CCc1ccccc1N1CCN(CCCCCC(=O)N[C@H]2CCCc3ccccc32)CC1,5.47
ZINC000014975960,CCCc1ccccc1N1CCN(CCCCCC(=O)N[C@@H]2CCCc3ccccc32)CC1,5.5
ZINC000014975964,CCCc1ccccc1N1CCN(CCCCCC(=O)N[C@H]2CCCc3ccccc32)CC1,5.5
ZINC000014975974,CC(C)c1ccccc1N1CCN(CCCCCC(=O)N[C@@H]2CCCc3ccccc32)CC1,5.32
ZINC000014975978,CC(C)c1ccccc1N1CCN(CCCCCC(=O)N[C@H]2CCCc3ccccc32)CC1,5.32
ZINC000014975987,O=C(CCCCCN1CCN(c2ccccc2-c2ccccc2)CC1)N[C@@H]1CCCc2ccccc21,5.83
ZINC000014975990,O=C(CCCCCN1CCN(c2ccccc2-c2ccccc2)CC1)N[C@H]1CCCc2ccccc21,5.83
ZINC000014975993,CN(C)c1ccccc1N1CCN(CCCCCC(=O)N[C@@H]2CCCc3ccccc32)CC1,6.25
ZINC000014975996,CN(C)c1ccccc1N1CCN(CCCCCC(=O)N[C@H]2CCCc3ccccc32)CC1,6.25
ZINC000014976000,CNc1ccccc1N1CCN(CCCCCC(=O)N[C@@H]2CCCc3ccccc32)CC1,5.8
ZINC000014976004,CNc1ccccc1N1CCN(CCCCCC(=O)N[C@H]2CCCc3ccccc32)CC1,5.8
ZINC000014976014,CC(=O)Nc1ccccc1N1CCN(CCCCCC(=O)N[C@@H]2CCCc3ccccc32)CC1,5.45
ZINC000014976017,CC(=O)Nc1ccccc1N1CCN(CCCCCC(=O)N[C@H]2CCCc3ccccc32)CC1,5.45
ZINC000014976027,O=C(CCCCCN1CCN(c2ccccc2F)CC1)N[C@@H]1CCCc2ccccc21,6.71
ZINC000014976030,O=C(CCCCCN1CCN(c2ccccc2F)CC1)N[C@H]1CCCc2ccccc21,6.71
ZINC000014976033,O=C(CCCCCN1CCN(c2ccccn2)CC1)N[C@@H]1CCCc2ccccc21,6.27
ZINC000014976037,O=C(CCCCCN1CCN(c2ccccn2)CC1)N[C@H]1CCCc2ccccc21,6.27
ZINC000014982453,COc1cc(NC(=O)c2ccc(-c3ccc(Cl)cc3)o2)cc(OC)c1,5.52
ZINC000018847040,CCN(CC)CCC[C@@H](C)Nc1c2ccc(Cl)cc2nc2ccc(OC)cc12,6.12
ZINC000018847041,CCN(CC)CCC[C@H](C)Nc1c2ccc(Cl)cc2nc2ccc(OC)cc12,6.12
ZINC000018847046,COc1ccc2c(c1)[nH]c1c(C)nccc12,5.11
ZINC000019202437,COc1ccc2[nH]c3c(c2c1)CCNC3,5.85
ZINC000019364398,Cn1c(=O)sc2cc(CCCCN3CCN(Cc4ccccc4)CC3)ccc21,6.05
ZINC000019367755,O=C(CCCN1CCN(CC[C@H]2CCc3ccccc3C2=O)CC1)c1ccc(F)cc1,7.35
ZINC000019368911,CN1CCN([C@H]2Cc3ccccc3Sc3ccc(Cl)cc32)CC1,9.85
ZINC000019418965,c1ccc2c3c([nH]c2c1)CNCC3,5.52
ZINC000019674976,NC[C@@H](c1ccccc1)c1ccc(Br)cc1,6.59
ZINC000019674978,NC[C@H](c1ccccc1)c1ccc(Br)cc1,6.59
ZINC000021984468,NCC1c2ccccc2Oc2ccccc21,6.77
ZINC000022001974,CCN(CC)CCc1c[nH]c2cccc(O)c12,7.6
ZINC000022011749,C[C@@H]1CNCCc2ccc(Cl)cc21,6.59
ZINC000022032760,CN1CCN([C@@H]2Cc3ccccc3Sc3ccc(Cl)cc32)CC1,9.64
ZINC000022032888,O=C(CCCN1CCN(CC[C@@H]2CCc3sccc3C2=O)CC1)c1ccc(F)cc1,6.83
ZINC000022033040,O=C(CCCN1CCN(CC[C@@H]2CCc3ccccc3C2=O)CC1)c1ccc(F)cc1,7.35
ZINC000022033309,O=C(CCCN1CCN(CC[C@H]2Cc3ccccc3C2=O)CC1)c1ccc(F)cc1,7.3
ZINC000022033457,O=C(CCCN1CCN(CC[C@@H]2Cc3ccccc3C2=O)CC1)c1ccc(F)cc1,7.3
ZINC000022309494,CN1CCN(C2=Cc3ccccc3Oc3ccc(Cl)cc32)CC1,8.52
ZINC000022445761,Cn1c(=O)sc2cc(CCN3CCN(Cc4ccc(Cl)cc4Cl)CC3)ccc21,6.0
ZINC000022445766,Cn1c(=O)sc2cc(CCN3CCN(Cc4ccc(Cl)c(Cl)c4)CC3)ccc21,5.3
ZINC000022445857,O=C(CCCN1CCN(CC[C@H]2Cc3sccc3C2=O)CC1)c1ccc(F)cc1,7.63
ZINC000022446233,Fc1cccc(CCN2CCN(CCCc3c[nH]c4ccc(-n5cnnc5)cc34)CC2)c1,6.43
ZINC000022452134,CN1CCN([C@@H]2Cn3cccc3Sc3ccc(Cl)cc32)CC1,8.94
ZINC000022463651,O=C1NCCN1CCN1CCN([C@H]2Cn3cccc3Sc3ccc(Cl)cc32)CC1,7.13
ZINC000022463657,O=C1NCCN1CCN1CCN([C@@H]2Cn3cccc3Sc3ccc(Cl)cc32)CC1,7.13
ZINC000022574303,CN1CCN([C@H]2C[C@H](c3ccc(F)cc3)c3ccc(F)cc32)CC1(C)C,8.72
ZINC000022574309,CC1(C)CN([C@H]2C[C@H](c3ccc(F)cc3)c3ccc(Cl)cc32)CCN1,8.49
ZINC000022574314,CN1CCN([C@H]2C[C@H](c3ccccc3)c3ccc(Cl)cc32)CC1(C)C,8.49
ZINC000022574320,CC1(C)CN([C@H]2C[C@H](c3ccsc3)c3ccc(Cl)cc32)CCN1,9.0
ZINC000022574327,CN1CCN([C@H]2C[C@H](c3ccc(F)cc3)c3ccccc32)CC1(C)C,8.54
ZINC000022575580,O=C(CCCN1CCN(C[C@@H]2CC(=O)c3ccccc32)CC1)c1ccc(F)cc1,7.2
ZINC000022579013,CC1(C)CN([C@@H]2C[C@@H](c3ccsc3)c3ccc(Cl)cc32)CCN1,9.0
ZINC000022579019,CN1CCN([C@@H]2C[C@@H](c3ccc(F)cc3)c3ccccc32)CC1(C)C,8.54
ZINC000022774885,O=C(CCCN1CCN(CC[C@@H]2Cc3sccc3C2=O)CC1)c1ccc(F)cc1,7.63
ZINC000022778615,CN1CCCN([C@@H]2Cn3cccc3Sc3ccc(Cl)cc32)CC1,7.8
ZINC000022778664,CN1CCN([C@H]2Cn3cccc3Sc3ccccc32)CC1,7.6
ZINC000022778669,CN1CCN([C@@H]2Cn3cccc3Sc3ccccc32)CC1,7.76
ZINC000022793170,O=C(CCCN1CCN(C[C@H]2CC(=O)c3ccccc32)CC1)c1ccc(F)cc1,7.2
ZINC000022924342,CN1CCN(C[C@@H]2C[C@H]3c4ccccc4Cc4ccccc4N3O2)CC1,6.55
ZINC000022924347,CN1CCN(C[C@H]2C[C@H]3c4ccccc4Cc4ccccc4N3O2)CC1,6.55
ZINC000022924351,CN1CCN(C[C@@H]2C[C@@H]3c4ccccc4Cc4ccccc4N3O2)CC1,6.55
ZINC000022924356,CN1CCN(C[C@H]2C[C@@H]3c4ccccc4Cc4ccccc4N3O2)CC1,6.55
ZINC000022924636,Cn1c(=O)sc2cc(CCN3CCN(Cc4ccccc4)CC3)ccc21,5.52
ZINC000022924640,Cn1c(=O)sc2cc(CCCCN3CCN(Cc4ccc(Cl)cc4Cl)CC3)ccc21,6.05
ZINC000022924645,Cn1c(=O)sc2cc(CCCCN3CCN(Cc4ccc(Cl)c(Cl)c4)CC3)ccc21,5.0
ZINC000022925148,O=C(CCCN1CCN(C[C@@H]2CC(=O)c3ccccc3C2)CC1)c1ccc(F)cc1,7.27
ZINC000022925153,O=C(CCCN1CCN(C[C@H]2CC(=O)c3ccccc3C2)CC1)c1ccc(F)cc1,7.27
ZINC000022925178,O=C(CCCN1CCN(C[C@@H]2CC(=O)c3ccsc3C2)CC1)c1ccc(F)cc1,7.79
ZINC000022925183,O=C(CCCN1CCN(C[C@H]2CC(=O)c3ccsc3C2)CC1)c1ccc(F)cc1,7.79
ZINC000022925209,CN1CCN([C@H]2Cn3cccc3Sc3ccc(Cl)cc32)CC1,8.94
ZINC000022925214,CN1CCN([C@@H]2Cn3cccc3Sc3ccc(F)cc32)CC1,8.29
ZINC000022925219,CN1CCN([C@H]2Cn3cccc3Sc3ccc(F)cc32)CC1,8.46
ZINC000022925224,CCN1CCN([C@@H]2Cn3cccc3Sc3ccc(Cl)cc32)CC1,8.24
ZINC000022925229,CCN1CCN([C@H]2Cn3cccc3Sc3ccc(Cl)cc32)CC1,8.24
ZINC000022925233,OCCN1CCN([C@@H]2Cn3cccc3Sc3ccc(Cl)cc32)CC1,8.06
ZINC000022925238,OCCN1CCN([C@H]2Cn3cccc3Sc3ccc(Cl)cc32)CC1,8.06
ZINC000022925243,CCN1CCN([C@@H]2Cn3cccc3Sc3ccc(F)cc32)CC1,8.37
ZINC000022925248,CCN1CCN([C@H]2Cn3cccc3Sc3ccc(F)cc32)CC1,8.37
ZINC000022925253,OCCN1CCN([C@@H]2Cn3cccc3Sc3ccc(F)cc32)CC1,8.15
ZINC000022925258,OCCN1CCN([C@H]2Cn3cccc3Sc3ccc(F)cc32)CC1,8.15
ZINC000022925262,CN1CCN([C@@H]2Cn3cccc3Sc3ccc(Br)cc32)CC1,7.92
ZINC000022925267,CN1CCN([C@H]2Cn3cccc3Sc3ccc(Br)cc32)CC1,7.92
ZINC000022925271,CCN1CCN([C@@H]2Cn3cccc3Sc3ccc(Br)cc32)CC1,7.64
ZINC000022925275,CCN1CCN([C@H]2Cn3cccc3Sc3ccc(Br)cc32)CC1,7.64
ZINC000022925279,OCCN1CCN([C@@H]2Cn3cccc3Sc3ccc(Br)cc32)CC1,7.64
ZINC000022925283,OCCN1CCN([C@H]2Cn3cccc3Sc3ccc(Br)cc32)CC1,7.64
ZINC000022925894,c1ccc(CCCCN2CCN(Cc3ccccc3)CC2)cc1,6.62
ZINC000022927693,c1ccc(CN2CCN(Cc3cn(-c4ccccc4)c(-c4ccccc4)n3)CC2)cc1,5.66
ZINC000022930408,COCc1ccc2n1C[C@H](N1CCN(C)CC1)c1cc(Cl)ccc1S2,6.39
ZINC000022930411,COCc1ccc2n1C[C@@H](N1CCN(C)CC1)c1cc(Cl)ccc1S2,6.39
ZINC000022937550,O=c1[nH]c2ccccc2c(=O)n1CCN1CCN(C(c2ccccc2)c2ccccc2)CC1,7.21
ZINC000022937976,CN1CCN([C@@H]2C[C@@H](c3ccc(F)cc3)c3ccc(Cl)cc32)CC1(C)C,8.96
ZINC000022938017,CN1CCN([C@@H]2C[C@@H](c3ccccc3)c3ccccc32)CC1(C)C,7.68
ZINC000022938019,CN1CCN([C@@H]2C[C@@H](c3ccccc3)c3ccc(Cl)cc32)CC1(C)C,8.49
ZINC000022938023,CN1CCN([C@@H]2C[C@@H](c3ccc(F)cc3)c3ccc(F)cc32)CC1(C)C,8.72
ZINC000022938027,CC1(C)CN([C@@H]2C[C@@H](c3ccc(F)cc3)c3ccc(Cl)cc32)CCN1,8.49
ZINC000022938030,CC1(C)CN([C@H]2C[C@@H](c3ccc(F)cc3)c3ccc(Cl)cc32)CCN1,8.49
ZINC000022938033,CN1CCN([C@@H]2C[C@@H](c3ccc(F)cc3)c3ccc(Br)cc32)CC1(C)C,8.52
ZINC000022938037,CC1(C)CN([C@@H]2C[C@@H](c3ccc(F)cc3)c3ccc(C(F)(F)F)cc32)CCN1,8.12
ZINC000022938041,CC1(C)CN([C@H]2C[C@@H](c3ccc(F)cc3)c3ccc(C(F)(F)F)cc32)CCN1,8.12
ZINC000022938044,CN1CCN([C@@H]2C[C@@H](c3ccc(F)cc3)c3ccc(C(F)(F)F)cc32)CC1(C)C,8.35
ZINC000022938048,Cc1ccc2c(c1)[C@H](N1CCNC(C)(C)C1)C[C@@H]2c1ccc(F)cc1,8.82
ZINC000022938051,Cc1ccc2c(c1)[C@H](N1CCNC(C)(C)C1)C[C@H]2c1ccc(F)cc1,8.82
ZINC000022938055,Cc1ccc2c(c1)[C@@H](N1CCNC(C)(C)C1)C[C@@H]2c1ccc(F)cc1,8.82
ZINC000022938058,Cc1ccc2c(c1)[C@@H](N1CCNC(C)(C)C1)C[C@H]2c1ccc(F)cc1,8.82
ZINC000022938062,Cc1ccc2c(c1)[C@H](N1CCN(C)C(C)(C)C1)C[C@H]2c1ccc(F)cc1,8.47
ZINC000022938065,CN1CCN([C@@H]2C[C@@H](c3ccc(F)cc3)c3c(Cl)cccc32)CC1(C)C,7.54
ZINC000022938069,CN1CCN([C@@H]2C[C@@H](c3ccc(F)cc3)c3cc(Cl)ccc32)CC1(C)C,8.03
ZINC000022938073,CN1CCN([C@@H]2C[C@@H](c3ccc(F)cc3)c3cccc(Cl)c32)CC1(C)C,7.51
ZINC000022938076,CN1CCN([C@@H]2C[C@@H](c3ccc(F)cc3)c3cccc(F)c32)CC1(C)C,8.01
ZINC000022938080,CN1CCN([C@@H]2C[C@@H](c3ccccc3F)c3ccc(Cl)cc32)CC1(C)C,7.68
ZINC000022938083,CN1CCN([C@@H]2C[C@@H](c3cccc(F)c3)c3ccc(Cl)cc32)CC1(C)C,7.59
ZINC000022938087,CN1CCN([C@@H]2C[C@@H](c3ccc(Cl)cc3)c3ccc(Cl)cc32)CC1(C)C,7.49
ZINC000022938091,CC1(C)CN([C@H]2C[C@@H](c3ccsc3)c3ccc(Cl)cc32)CCN1,9.0
ZINC000022938093,CN1CCN([C@@H]2C[C@@H](c3ccsc3)c3ccc(Cl)cc32)CC1(C)C,8.77
ZINC000022938434,CN1CCN(CCOc2cn(-c3ccc(F)cc3)c3ccc(Cl)cc23)CC1,7.0
ZINC000022941785,CN1CCN(C)[C@@H](c2c(-c3ccccc3)[nH]c3ccccc23)C1,6.49
ZINC000023135911,CN1CCN(c2nc(Nc3ccc(F)cc3)c3cn[nH]c3n2)CC1,7.62
ZINC000023135912,COc1ccccc1N1CCN(c2nc(Nc3ccc(F)cc3)c3cn[nH]c3n2)CC1,5.86
ZINC000023135917,Fc1ccc(Nc2nc(N3CCOCC3)nc3[nH]ncc23)cc1,5.58
ZINC000024717778,COc1ccc(C[C@@H]2NCCc3c2[nH]c2ccccc32)cc1OC,7.18
ZINC000024717781,COc1ccc(C[C@H]2NCCc3c2[nH]c2ccccc32)cc1OC,7.18
ZINC000025422025,COc1cccc2c1CC[C@H]1CN(CCn3c(O)nc4c(sc5cccnc54)c3=O)C[C@@H]21,7.08
ZINC000025963555,COc1cccc2c3c([nH]c12)CNCC3,6.4
ZINC000025964310,COc1cccc2[nH]c3c(c12)CCNC3,7.12
ZINC000025965899,Brc1cccc2c3c([nH]c12)CNCC3,7.68
ZINC000025973757,CN1CCN(C2=Nc3ccccc3Nc3ccc(Cl)cc32)CC1,8.15
ZINC000026015477,CCCN(CCCCN1C(=O)CC2(CCCC2)CC1=O)C[C@@H]1COc2cccc(OC)c2C1,5.11
ZINC000026015484,CCCN(CCCCN1C(=O)CC2(CCCC2)CC1=O)C[C@H]1COc2cccc(OC)c2C1,5.11
ZINC000026017589,CCCN1CCN(CCC)[C@@]2(COc3cccc(OC)c3C2)C1,5.0
ZINC000026018213,O=C1CC2(CCCC2)CC(=O)N1CCCCNC[C@@H]1COc2ccccc2C1,7.25
ZINC000026018220,O=C1CC2(CCCC2)CC(=O)N1CCCCNC[C@H]1COc2ccccc2C1,7.25
ZINC000026018733,COc1cccc2c1C[C@H](CNCCCCN1C(=O)CC3(CCCC3)CC1=O)CO2,7.31
ZINC000026018741,COc1cccc2c1C[C@@H](CNCCCCN1C(=O)CC3(CCCC3)CC1=O)CO2,7.31
ZINC000026161406,COc1ccccc1N1CCN(CCN2C(=O)CC3(CCCCC3)C2=O)CC1,6.6
ZINC000026377519,CN1CCN(C2=Nc3ccccc3Nc3ccc(OS(C)(=O)=O)cc32)CC1,6.06
ZINC000026377671,CN1CCN(C2=Nc3ccccc3Nc3ccccc32)CC1,7.41
ZINC000026504305,c1ccc(CNC[C@@H]2CCN(CCc3c[nH]c4ccc(-n5cnnc5)cc34)C2)cc1,5.36
ZINC000026573916,COc1ccccc1N1CCN(CCCCc2ccc3c(c2)COC(=O)N3CCN2CCC(C(=O)c3ccc(F)cc3)CC2)CC1,7.85
ZINC000026575107,COc1ccccc1N1CCN(CCCc2ccc3c(c2)sc(=O)n3CCN2CCC(C(=O)c3ccc(F)cc3)CC2)CC1,8.7
ZINC000026575615,COc1ccccc1N1CCN(CCCCc2ccc3c(c2)oc(=O)n3CCN2CCC(=C(c3ccc(F)cc3)c3ccc(F)cc3)CC2)CC1,6.47
ZINC000026575960,O=C(c1ccc(F)cc1)C1CCN(CCN2C(=O)OCc3cc(CCCCN4CCOCC4)ccc32)CC1,8.22
ZINC000026575961,COc1ccccc1N1CCN(CCc2ccc3c(c2)sc(=O)n3CCN2CCC(C(=O)c3ccc(F)cc3)CC2)CC1,7.7
ZINC000026576187,COc1ccccc1N1CCN(CCCCc2ccc3c(c2)COC(=O)N3CCN2CCC(=C(c3ccc(F)cc3)c3ccc(F)cc3)CC2)CC1,6.92
ZINC000026577112,COc1ccccc1N1CCN(CCCCc2ccc3c(c2)sc(=O)n3CCN2CCC(=C(c3ccc(F)cc3)c3ccc(F)cc3)CC2)CC1,8.15
ZINC000026577113,COc1ccccc1N1CCN(CCCCc2ccc3c(c2)oc(=O)n3CCN2CCC(C(=O)c3ccc(F)cc3)CC2)CC1,7.8
ZINC000026648468,CN1CCN(C2=Cc3ccccc3Oc3ccccc32)CC1,8.4
ZINC000026658687,CN(C)C[C@@H]1C[C@@H]2c3ccccc3COc3ccccc3[C@H]2O1,5.97
ZINC000026658692,CN(C)C[C@H]1C[C@@H]2c3ccccc3COc3ccccc3[C@H]2O1,5.97
ZINC000026659792,CNC[C@@H]1C[C@@H]2c3ccccc3Cc3ccccc3[C@H]2O1,7.31
ZINC000026659797,CNC[C@H]1C[C@@H]2c3ccccc3Cc3ccccc3[C@H]2O1,7.31
ZINC000026660380,OCCN1CCN(C[C@@H]2C[C@@H]3c4ccccc4Cc4ccccc4[C@H]3O2)CC1,7.06
ZINC000026660386,OCCN1CCN(C[C@H]2C[C@@H]3c4ccccc4Cc4ccccc4[C@H]3O2)CC1,7.06
ZINC000026662248,CN(C)C[C@@H]1C[C@@H]2c3ccccc3OCc3ccccc3[C@H]2O1,7.04
ZINC000026662254,CN(C)C[C@H]1C[C@@H]2c3ccccc3OCc3ccccc3[C@H]2O1,7.04
ZINC000026662322,O=C(c1ccc(F)cc1)C1CCN(C[C@@H]2C[C@@H]3c4ccccc4Cc4ccccc4[C@H]3O2)CC1,6.36
ZINC000026662328,O=C(c1ccc(F)cc1)C1CCN(C[C@H]2C[C@@H]3c4ccccc4Cc4ccccc4[C@H]3O2)CC1,6.36
ZINC000026662718,CN1CCN(C[C@@H]2C[C@@H]3c4ccccc4Sc4ccccc4[C@H]3O2)CC1,7.76
ZINC000026662724,CN1CCN(C[C@H]2C[C@@H]3c4ccccc4Sc4ccccc4[C@H]3O2)CC1,7.76
ZINC000026662969,CN(C)C[C@@H]1C[C@@H]2c3ccccc3Sc3ccccc3[C@H]2O1,7.51
ZINC000026662974,CN(C)C[C@H]1C[C@@H]2c3ccccc3Sc3ccccc3[C@H]2O1,7.51
ZINC000026663131,c1ccc(C2CCN(C[C@@H]3C[C@@H]4c5ccccc5Sc5ccccc5[C@H]4O3)CC2)cc1,7.16
ZINC000026663137,c1ccc(C2CCN(C[C@H]3C[C@@H]4c5ccccc5Sc5ccccc5[C@H]4O3)CC2)cc1,7.16
ZINC000026663688,Clc1cccc(N2CCN(C[C@@H]3C[C@@H]4c5ccccc5Cc5ccccc5[C@H]4O3)CC2)c1,7.25
ZINC000026663693,Clc1cccc(N2CCN(C[C@H]3C[C@@H]4c5ccccc5Cc5ccccc5[C@H]4O3)CC2)c1,7.25
ZINC000026663818,CN(C)C[C@@H]1C[C@@H]2c3ccccc3N(C)c3ccccc3[C@H]2O1,7.09
ZINC000026663823,CN(C)C[C@H]1C[C@@H]2c3ccccc3N(C)c3ccccc3[C@H]2O1,7.09
ZINC000026663888,CN(C)C[C@@H]1C[C@H]2c3ccccc3Oc3ccccc3[C@H]2O1,7.8
ZINC000026663893,CN(C)C[C@H]1C[C@H]2c3ccccc3Oc3ccccc3[C@H]2O1,7.03
ZINC000026663897,CN(C)C[C@@H]1C[C@@H]2c3ccccc3Oc3ccccc3[C@H]2O1,7.8
ZINC000026663902,CN(C)C[C@H]1C[C@@H]2c3ccccc3Oc3ccccc3[C@H]2O1,7.43
ZINC000026665488,COc1ccc(C[C@@H]2NCCc3c2[nH]c2ccc(C)cc32)cc1OC,7.65
ZINC000026665491,COc1ccc(C[C@H]2NCCc3c2[nH]c2ccc(C)cc32)cc1OC,7.65
ZINC000026667678,c1ccc(C2CCN(C[C@@H]3C[C@@H]4c5ccccc5Cc5ccccc5[C@H]4O3)CC2)cc1,5.96
ZINC000026667683,c1ccc(C2CCN(C[C@H]3C[C@@H]4c5ccccc5Cc5ccccc5[C@H]4O3)CC2)cc1,5.96
ZINC000026668142,COc1ccc(C[C@@H]2NCCc3c2[nH]c2c(C)c(C)ccc32)cc1OC,8.06
ZINC000026668147,COc1ccc(C[C@H]2NCCc3c2[nH]c2c(C)c(C)ccc32)cc1OC,8.06
ZINC000026668345,CN1CCN(C[C@@H]2C[C@@H]3c4ccccc4Cc4ccccc4[C@H]3O2)CC1,6.36
ZINC000026668349,CN1CCN(C[C@H]2C[C@@H]3c4ccccc4Cc4ccccc4[C@H]3O2)CC1,6.36
ZINC000026669483,c1ccc2c(c1)Cc1ccccc1[C@H]1C[C@@H](CN3CCOCC3)O[C@H]21,6.36
ZINC000026669488,c1ccc2c(c1)Cc1ccccc1[C@H]1C[C@H](CN3CCOCC3)O[C@H]21,6.36
ZINC000026670190,CN(C)C[C@@H]1C[C@H]2c3ccccc3Cc3ccccc3[C@H]2O1,6.99
ZINC000026670194,CN(C)C[C@H]1C[C@H]2c3ccccc3Cc3ccccc3[C@H]2O1,6.99
ZINC000026670334,COc1ccc(C[C@H]2NCCc3c2[nH]c2c(Br)c(C)ccc32)cc1OC,8.53
ZINC000026672579,O=C(CCCN1CCN(CC[C@H]2CCc3sccc3C2=O)CC1)c1ccc(F)cc1,6.83
ZINC000026675191,COc1ccc(C[C@H]2NCCc3c2[nH]c2ccc(C)cc32)c(Cl)c1OC,7.71
ZINC000026721222,Cn1cnc(-c2ccc3c(c2)c(C2CCN(CCn4c(=O)[nH]c5ccccc5c4=O)CC2)cn3-c2ccc(F)cc2)n1,7.22
ZINC000026820423,CN(C)[C@H]1Cc2ccccc2[C@H](c2ccccc2Cl)C1,5.55
ZINC000026821395,CN(C)[C@H]1Cc2ccccc2[C@H](c2ccc(Cl)cc2)C1,7.3
ZINC000026821744,Cc1ccccc1[C@@H]1C[C@@H](N(C)C)Cc2ccccc21,6.15
ZINC000026822913,CCCN1CCO[C@H](c2cccc(O)c2)C1,6.01
ZINC000026827216,CN(C)[C@H]1Cc2ccccc2[C@H](c2ccc(F)cc2)C1,7.15
ZINC000026974374,COc1ccc(OCCc2ccc(Br)cc2)cc1CCN,7.46
ZINC000027104297,CN(C)C[C@@H]1C[C@H]2c3cccnc3Cc3ccccc3N2O1,6.0
ZINC000027104300,CN(C)C[C@H]1C[C@H]2c3cccnc3Cc3ccccc3N2O1,6.0
ZINC000027104304,CN(C)C[C@@H]1C[C@@H]2c3cccnc3Cc3ccccc3N2O1,6.0
ZINC000027182053,CN(C)C[C@@H]1C[C@H]2c3ccccc3Cc3ccncc3N2O1,6.41
ZINC000027182060,CN(C)C[C@H]1C[C@H]2c3ccccc3Cc3ccncc3N2O1,6.41
ZINC000027182066,CN(C)C[C@@H]1C[C@@H]2c3ccccc3Cc3ccncc3N2O1,6.41
ZINC000027418281,CN1CCC[C@@H]1Cc1c[nH]c2cc(O)ccc12,6.68
ZINC000027419380,CN1CCC[C@H]1Cc1c[nH]c2cc(O)ccc12,5.33
ZINC000027431636,C[C@H]1C[C@H](C)N1C(=O)[C@@H]1C=C2c3cccc4[nH]cc(c34)C[C@@H]2N(C)C1,8.08
ZINC000027431914,C[C@H]1C[C@@H](C)N1C(=O)[C@@H]1C=C2c3cccc4[nH]cc(c34)C[C@@H]2N(C)C1,8.1
ZINC000027442206,C[C@H]1N(C)CCc2cc(Cl)c(O)cc2[C@@]1(C)c1ccccc1,7.85
ZINC000027442436,C[C@@H]1C[C@@H](C)N1C(=O)[C@@H]1C=C2c3cccc4[nH]cc(c34)C[C@@H]2N(C)C1,7.68
ZINC000027517332,CC1=NCCc2c1[nH]c1cccc(OC(C)C)c21,6.33
ZINC000027518243,CC(C)Oc1cccc2[nH]c3c(c12)CCN=C3,5.85
ZINC000027518525,C1=NCCc2c1[nH]c1cccc(OCc3ccccc3)c21,6.91
ZINC000027556965,NC(=O)C1(NC2CCCCC2)CCN(CCCC(=O)c2ccc(F)cc2)CC1,8.22
ZINC000027558640,C[C@@H](CN)c1c[nH]c2ccccc12,7.39
ZINC000027558642,C[C@H](CN)c1c[nH]c2ccccc12,7.39
ZINC000027558745,NC(=O)C1(N)CCN(CCCC(=O)c2ccc(F)cc2)CC1,6.38
ZINC000027559471,CCCN1CN(C)C2(CCN(CCCOc3ccc(F)cc3)CC2)C1=O,7.72
ZINC000027560709,CN1CCN(C2=Nc3cc(Cl)ccc3Oc3ncccc32)CC1,6.69
ZINC000027561269,CN1CNC(=O)C12CCN(CCCOc1ccc(F)cc1)CC2,7.46
ZINC000027561271,CNC1(C(N)=O)CCN(CCCC(=O)c2ccc(F)cc2)CC1,6.89
ZINC000027561273,CC(C)NC1(C(N)=O)CCN(CCCC(=O)c2ccc(F)cc2)CC1,7.85
ZINC000027628459,Nc1ccc(O[C@@H](CCC(=O)C2CCN(c3ccc(F)cc3)CC2)c2ccccc2)cc1,7.79
ZINC000027628465,Nc1ccc(O[C@H](CCC(=O)C2CCN(c3ccc(F)cc3)CC2)c2ccccc2)cc1,7.79
ZINC000027629236,Nc1ccc(O[C@@H](CCC(=O)C2CCN(c3ccc(F)cc3)CC2)c2ccc(F)cc2)cc1,7.84
ZINC000027629242,Nc1ccc(O[C@H](CCC(=O)C2CCN(c3ccc(F)cc3)CC2)c2ccc(F)cc2)cc1,7.84
ZINC000027629505,O=C(CC[C@@H](Oc1ccccc1F)c1ccccc1)C1CCN(c2ccc(F)cc2)CC1,8.1
ZINC000027629511,O=C(CC[C@H](Oc1ccccc1F)c1ccccc1)C1CCN(c2ccc(F)cc2)CC1,8.1
ZINC000027629788,COc1ccc(O[C@@H](CCC(=O)C2CCN(c3ccc(F)cc3)CC2)c2ccccc2)cc1,7.27
ZINC000027629794,COc1ccc(O[C@H](CCC(=O)C2CCN(c3ccc(F)cc3)CC2)c2ccccc2)cc1,7.27
ZINC000027630473,O=C(CC[C@@H](Oc1ccc([N+](=O)[O-])cc1)c1ccc(F)cc1)C1CCN(c2ccc(F)cc2)CC1,7.26
ZINC000027630479,O=C(CC[C@H](Oc1ccc([N+](=O)[O-])cc1)c1ccc(F)cc1)C1CCN(c2ccc(F)cc2)CC1,7.26
ZINC000027635410,O=C(CC[C@@H](Oc1ccc([N+](=O)[O-])cc1)c1ccccc1)C1CCN(c2ccc(F)cc2)CC1,7.64
ZINC000027635417,O=C(CC[C@H](Oc1ccc([N+](=O)[O-])cc1)c1ccccc1)C1CCN(c2ccc(F)cc2)CC1,7.64
ZINC000027636706,CN1CCC(=C2c3ccccc3Oc3ccccc32)CC1,8.4
ZINC000027640223,CN1CCC(=C2c3ccccc3Cc3ccccc32)CC1,9.15
ZINC000027640883,CC(=C1CCN(C)CC1)c1ccccc1,6.45
ZINC000027640889,CN1CCC(=C2c3ccccc3-c3ccccc32)CC1,6.7
ZINC000027651441,COc1ccccc1C1CCN(CCCSc2nc3sc(C)c(C)c3c(=O)n2N)CC1,6.52
ZINC000027735166,Cn1c2c(c3ccccc31)C(=O)[C@H](CN1CC=C(c3c[nH]c4ccccc34)CC1)CC2,8.2
ZINC000027735171,Cn1c2c(c3ccccc31)C(=O)[C@@H](CN1CC=C(c3c[nH]c4ccccc34)CC1)CC2,8.2
ZINC000027739134,Cn1c2c(c3ccccc31)C(=O)[C@H](CN1CCC(C(=O)c3ccccc3)CC1)CC2,8.34
ZINC000027739142,Cn1c2c(c3ccccc31)C(=O)[C@@H](CN1CCC(C(=O)c3ccccc3)CC1)CC2,8.34
ZINC000027741198,Cn1c2c(c3ccccc31)C(=O)[C@H](CN1CCC(C(=O)c3ccc(F)cc3)CC1)CC2,9.36
ZINC000027741207,Cn1c2c(c3ccccc31)C(=O)[C@@H](CN1CCC(C(=O)c3ccc(F)cc3)CC1)CC2,9.36
ZINC000027746385,Cn1c2c(c3ccccc31)C(=O)[C@H](CN1CCN(c3ccc(F)cc3)CC1)CC2,8.6
ZINC000027746396,Cn1c2c(c3ccccc31)C(=O)[C@@H](CN1CCN(c3ccc(F)cc3)CC1)CC2,8.6
ZINC000027761013,C[C@H](NC[C@@H]1CCN(CCc2c[nH]c3ccc(C[C@H]4COC(=O)N4)cc23)C1)c1ccccc1,5.66
ZINC000027761021,O=C1N[C@@H](Cc2ccc3[nH]cc(CCN4CC[C@@H](CNCc5ccccc5)C4)c3c2)CO1,5.52
ZINC000027877820,COc1ccc2[nH]cc(CCN3CCCC3)c2c1F,6.89
ZINC000027938740,O=C(NC1CCN(CCc2ccccc2)CC1)c1cccc2ccccc12,6.27
ZINC000027939121,O=C(NC1CCN(CCc2ccccc2)CC1)c1ccc2ccccc2c1,7.38
ZINC000028005216,CNCCc1cn2c3c(cc(F)cc13)CC[C@@H]2C,5.96
ZINC000028005221,CNCCc1cn2c3c(cc(F)cc13)CC[C@H]2C,5.96
ZINC000028007872,Cc1c(CCN)c2cc(F)cc3c2n1[C@H](C)CC3,6.02
ZINC000028007876,Cc1c(CCN)c2cc(F)cc3c2n1[C@@H](C)CC3,6.02
ZINC000028021649,CN1CCN(C2=Cn3cccc3Sc3ccc(F)cc32)CC1,9.46
ZINC000028081240,O=C1CCC(=O)N1CCN1CCN(c2cccc(Cl)c2)CC1,5.67
ZINC000028108687,Cc1ccc2n1C=C(N1CCN(C)CC1)c1ccccc1S2,8.96
ZINC000028119121,C[C@@H]1CNCCc2cc(OCc3ccccc3)c(Br)cc21,7.66
ZINC000028119129,C[C@H]1CNCCc2cc(OCc3ccccc3)c(Br)cc21,7.66
ZINC000028119135,COc1cc2c(cc1Br)CCNCC2,7.0
ZINC000028119623,COc1cc2c(cc1I)[C@H](C)CNCC2,7.21
ZINC000028119629,COc1cc2c(cc1I)[C@@H](C)CNCC2,7.21
ZINC000028119634,COc1cc2c(cc1C(F)(F)F)[C@H](C)CNCC2,7.38
ZINC000028119641,COc1cc2c(cc1C(F)(F)F)[C@@H](C)CNCC2,7.38
ZINC000028124075,C[C@@H]1CNCCc2ccc(Br)cc21,6.29
ZINC000028124081,C[C@H]1CNCCc2ccc(Br)cc21,6.29
ZINC000028127765,C[C@@H]1CNCCc2ccc(C(F)(F)F)cc21,7.0
ZINC000028127770,C[C@H]1CNCCc2ccc(C(F)(F)F)cc21,7.0
ZINC000028128226,C[C@@H]1CNCCc2ccc(F)cc21,5.8
ZINC000028128232,C[C@H]1CNCCc2ccc(F)cc21,5.8
ZINC000028128482,C[C@@H]1CNCCc2cc(O)c(Br)cc21,7.2
ZINC000028128489,C[C@H]1CNCCc2cc(O)c(Br)cc21,7.2
ZINC000028128496,CCOc1cc2c(cc1Br)[C@H](C)CNCC2,6.96
ZINC000028128502,CCOc1cc2c(cc1Br)[C@@H](C)CNCC2,6.96
ZINC000028128508,CC(C)Oc1cc2c(cc1Br)[C@H](C)CNCC2,7.01
ZINC000028128516,CC(C)Oc1cc2c(cc1Br)[C@@H](C)CNCC2,7.01
ZINC000028128561,CC[C@@H]1CNCCc2cc(OC)c(Br)cc21,7.0
ZINC000028128567,CC[C@H]1CNCCc2cc(OC)c(Br)cc21,7.0
ZINC000028130743,C[C@@H]1CNCCc2cc(F)c(Cl)cc21,7.14
ZINC000028130749,C[C@H]1CNCCc2cc(F)c(Cl)cc21,7.14
ZINC000028131104,COc1ccc2c(c1)[C@H](C)CNCC2,6.03
ZINC000028131111,COc1ccc2c(c1)[C@@H](C)CNCC2,6.03
ZINC000028131777,C[C@@H]1CNCCc2ccccc21,5.8
ZINC000028131782,C[C@H]1CNCCc2ccccc21,5.8
ZINC000028132105,C[C@@H]1CNCCc2cc(Cl)c(Cl)cc21,7.8
ZINC000028132112,C[C@H]1CNCCc2cc(Cl)c(Cl)cc21,7.8
ZINC000028132887,COc1cc2c(cc1Br)[C@H](C)CNCC2,7.52
ZINC000028132893,COc1cc2c(cc1Br)[C@@H](C)CNCC2,7.1
ZINC000028135147,C[C@@H]1CNCCc2cc(Cl)ccc21,6.82
ZINC000028135154,C[C@H]1CNCCc2cc(Cl)ccc21,6.82
ZINC000028136027,COc1cc2c(cc1Cl)[C@@H](C)CNCC2,7.1
ZINC000028136570,Clc1ccc2c(c1)CCNCC2,7.05
ZINC000028222118,C(=C(/c1ccccc1)C1CCN(CCc2ccccc2)CC1)\c1ccccc1,7.72
ZINC000028222122,C(=C(\c1ccccc1)N1CCN(CCCCc2ccccc2)CC1)\c1ccccc1,6.85
ZINC000028222369,CN(C)CCc1coc2ccc(C(N)=O)cc12,5.47
ZINC000028222507,CN1CCN(/C(=C/c2ccccc2)c2ccccc2)CC1,6.48
ZINC000028223049,C(\Cc1ccccc1)=C(/c1ccccc1)C1CCN(CCCCc2ccccc2)CC1,7.0
ZINC000028223756,NCC[C@@H]1COc2ccc(C(N)=O)cc21,5.0
ZINC000028223761,NCC[C@H]1COc2ccc(C(N)=O)cc21,5.0
ZINC000028224213,NCCc1coc2ccc(C(N)=O)cc12,5.77
ZINC000028224794,C(\CCc1ccccc1)=C(/c1ccccc1)C1CCN(CCCCc2ccccc2)CC1,7.28
ZINC000028224797,C(=C(\c1ccccc1)C1CCN(CCCCc2ccccc2)CC1)\c1ccccc1,7.01
ZINC000028224800,CN1CCC(/C(=C/c2ccccc2)c2ccccc2)CC1,6.89
ZINC000028232645,O=C1/C(=C\c2ccc(Cl)cc2)c2ccccc2N1CCCN1CCN(c2cccc(Cl)c2)CC1,6.44
ZINC000028233043,O=C1/C(=C\c2cccnc2)c2ccccc2N1CCCN1CCN(c2cccc(Cl)c2)CC1,7.7
ZINC000028233136,O=C1/C(=C/c2cccs2)c2ccccc2N1CCCN1CCN(c2cccc(Cl)c2)CC1,7.19
ZINC000028234031,O=C1/C(=C\c2ccccc2)c2ccccc2N1CCCN1CCN(c2cccc(Cl)c2)CC1,7.25
ZINC000028234560,COc1ccc(/C=C2/C(=O)N(CCCN3CCN(c4cccc(Cl)c4)CC3)c3ccccc32)cc1,7.7
ZINC000028234662,O=C1/C(=C/c2cccnc2)c2ccccc2N1CCCN1CCN(c2cccc(Cl)c2)CC1,8.15
ZINC000028235644,O=C1Cc2ccccc2N1CCCN1CCN(c2cccc(Cl)c2)CC1,7.6
ZINC000028236033,O=C1/C(=C/c2ccc(Cl)cc2)c2ccccc2N1CCCN1CCN(c2cccc(Cl)c2)CC1,7.49
ZINC000028239233,COc1ccc(/C=C2\C(=O)N(CCCN3CCN(c4cccc(Cl)c4)CC3)c3ccccc32)cc1,7.44
ZINC000028239241,O=C1/C(=C\c2cccs2)c2ccccc2N1CCCN1CCN(c2cccc(Cl)c2)CC1,6.86
ZINC000028239248,O=C1/C(=C/c2ccccc2)c2ccccc2N1CCCN1CCN(c2cccc(Cl)c2)CC1,7.42
ZINC000028336646,CCN(C(=O)Cc1ccc(S(=O)(=O)N(C)C)cc1)C1CCN(CCC(c2ccccc2)c2ccccc2)CC1,6.1
ZINC000028368232,c1ccc(-c2nc3ccc(CCN4CCN(c5ccccc5)CC4)cc3[nH]2)cc1,6.12
ZINC000028380898,Cc1cc(N2CCN(C)CC2)nc2ccc(NC(=O)COc3ccc(Cl)cc3)cc12,5.66
ZINC000028475410,O=C1[C@@H]2CCCN2C(=O)CN1CN1CCN(c2cccc3ccccc23)CC1,7.87
ZINC000028521309,Cn1c(=O)c2c(nc3nc(NCCCN4CCN(c5cccc(Cl)c5)CC4)c(Br)cn32)n(C)c1=O,7.07
ZINC000028523621,CN(C)C[C@H]1C[C@H]2c3ccccc3Sc3ccc(F)cc3[C@H]2O1,9.62
ZINC000028523813,CN(C)C[C@@H]1C[C@H]2c3ccccc3Sc3ccc(F)cc3[C@H]2O1,7.89
ZINC000028524177,COc1ccccc1N1CCN(CCCNc2nc3nc4c(c(=O)n(C)c(=O)n4C)n3cc2Br)CC1,6.06
ZINC000028525924,C[C@@H]1CC(=O)Nc2c(CCN3CCN(c4noc5ccccc45)CC3)cc(F)cc21,9.55
ZINC000028525925,C[C@H]1CC(=O)Nc2c(CCN3CCN(c4noc5ccccc45)CC3)cc(F)cc21,9.55
ZINC000028526174,C1=C(c2c(-c3ccccc3)[nH]c3ccccc23)CCNC1,7.3
ZINC000028526233,C[C@@H](Cc1c[nH]c2cccc(O)c12)N(C)C,6.01
ZINC000028526234,C[C@H](Cc1c[nH]c2cccc(O)c12)N(C)C,6.01
ZINC000028526236,C[C@@H]1CCN(C(=O)c2ccccc2)c2c(CCN3CCN(c4nsc5ccccc45)CC3)cccc21,9.21
ZINC000028526237,C[C@H]1CCN(C(=O)c2ccccc2)c2c(CCN3CCN(c4nsc5ccccc45)CC3)cccc21,9.21
ZINC000028527190,Cc1cc(CCN2CCN(c3noc4ccccc34)CC2)c2c(c1)[C@H](C)CC(=O)N2,9.55
ZINC000028527192,Cc1cc(CCN2CCN(c3noc4ccccc34)CC2)c2c(c1)[C@@H](C)CC(=O)N2,9.55
ZINC000028527238,C[C@@H]1CC(=O)Nc2c(CCN3CCN(c4nsc5ccccc45)CC3)cccc21,9.66
ZINC000028527240,C[C@H]1CC(=O)Nc2c(CCN3CCN(c4nsc5ccccc45)CC3)cccc21,9.66
ZINC000028527243,C[C@@H]1Cc2cccc(CCN3CCN(c4nsc5ccccc45)CC3)c2NC1=O,8.97
ZINC000028527245,C[C@H]1Cc2cccc(CCN3CCN(c4nsc5ccccc45)CC3)c2NC1=O,8.97
ZINC000028527282,CC(=O)N1CC[C@@H](c2ccccc2)c2cccc(CCN3CCN(c4nsc5ccccc45)CC3)c21,8.67
ZINC000028527284,CC(=O)N1CC[C@H](c2ccccc2)c2cccc(CCN3CCN(c4nsc5ccccc45)CC3)c21,8.67
ZINC000028527332,Cc1ccc(CCN2CCN(c3nsc4ccccc34)CC2)c2c1[C@H](C)CC(=O)N2,9.89
ZINC000028527334,Cc1ccc(CCN2CCN(c3nsc4ccccc34)CC2)c2c1[C@@H](C)CC(=O)N2,9.89
ZINC000028527344,C[C@@H]1CC(=O)Nc2c(CCN3CCN(c4nsc5ccccc45)CC3)cc(Cl)cc21,10.3
ZINC000028527346,C[C@H]1CC(=O)Nc2c(CCN3CCN(c4nsc5ccccc45)CC3)cc(Cl)cc21,10.3
ZINC000028527650,CC(=O)N1CC[C@@H](C)c2cccc(CCN3CCN(c4nsc5ccccc45)CC3)c21,9.52
ZINC000028527652,CC(=O)N1CC[C@H](C)c2cccc(CCN3CCN(c4nsc5ccccc45)CC3)c21,9.52
ZINC000028527654,COc1cccc(OC)c1CC(=O)N1CC[C@@H](C)c2cccc(CCN3CCN(c4nsc5ccccc45)CC3)c21,8.91
ZINC000028527655,COc1cccc(OC)c1CC(=O)N1CC[C@H](C)c2cccc(CCN3CCN(c4nsc5ccccc45)CC3)c21,8.91
ZINC000028528075,CC(=O)N1CC[C@@H](C)c2c(C)ccc(CCN3CCN(c4noc5ccccc45)CC3)c21,9.49
ZINC000028528076,CC(=O)N1CC[C@H](C)c2c(C)ccc(CCN3CCN(c4noc5ccccc45)CC3)c21,9.49
ZINC000028528139,C[C@@H]1CC(=O)Nc2c(CCN3CCN(c4nsc5ccccc45)CC3)cc(F)cc21,9.77
ZINC000028528140,C[C@H]1CC(=O)Nc2c(CCN3CCN(c4nsc5ccccc45)CC3)cc(F)cc21,9.77
ZINC000028528156,CC(=O)N1CC[C@@H](C)c2cc(F)cc(CCN3CCN(c4noc5ccccc45)CC3)c21,9.54
ZINC000028528157,CC(=O)N1CC[C@H](C)c2cc(F)cc(CCN3CCN(c4noc5ccccc45)CC3)c21,9.54
ZINC000028528237,C[C@@H]1CC(=O)N(C)c2c(CCN3CCN(c4nsc5ccccc45)CC3)cccc21,9.77
ZINC000028528238,C[C@H]1CC(=O)N(C)c2c(CCN3CCN(c4nsc5ccccc45)CC3)cccc21,9.77
ZINC000028528256,CC(=O)N1CC[C@@H](C)c2c(C)ccc(CCN3CCN(c4nsc5ccccc45)CC3)c21,9.12
ZINC000028528257,CC(=O)N1CC[C@H](C)c2c(C)ccc(CCN3CCN(c4nsc5ccccc45)CC3)c21,9.12
ZINC000028528460,COc1cccc(CC(=O)N2CC[C@@H](C)c3cccc(CCN4CCN(c5nsc6ccccc56)CC4)c32)c1,8.97
ZINC000028528461,COc1cccc(CC(=O)N2CC[C@H](C)c3cccc(CCN4CCN(c5nsc6ccccc56)CC4)c32)c1,8.97
ZINC000028528799,C[C@@H]1CC(=O)Nc2c(CCN3CCN(c4noc5ccccc45)CC3)cccc21,6.72
ZINC000028528800,C[C@H]1CC(=O)Nc2c(CCN3CCN(c4noc5ccccc45)CC3)cccc21,6.72
ZINC000028528902,C[C@@H]1CCN(C(=O)C2CCCCC2)c2c(CCN3CCN(c4nsc5ccccc45)CC3)cccc21,9.23
ZINC000028528903,C[C@H]1CCN(C(=O)C2CCCCC2)c2c(CCN3CCN(c4nsc5ccccc45)CC3)cccc21,9.23
ZINC000028528904,CC(=O)N1CC[C@@H](C)c2cc(F)cc(CCN3CCN(c4nsc5ccccc45)CC3)c21,9.36
ZINC000028528905,CC(=O)N1CC[C@H](C)c2cc(F)cc(CCN3CCN(c4nsc5ccccc45)CC3)c21,9.36
ZINC000028528935,Oc1cccc2[nH]cc(CCN3CCCc4ccccc43)c12,5.08
ZINC000028528987,CC(=O)N1CC[C@@H](C)c2cc(Cl)cc(CCN3CCN(c4nsc5ccccc45)CC3)c21,9.51
ZINC000028528989,CC(=O)N1CC[C@H](C)c2cc(Cl)cc(CCN3CCN(c4nsc5ccccc45)CC3)c21,9.51
ZINC000028571703,O=S(=O)(c1ccccc1)C1(CCCN2CCc3ccccc3C2)CCC1,7.19
ZINC000028572307,Clc1ccc2c(n1)N1CCNC[C@H]1C2,6.66
ZINC000028572308,Clc1ccc2c(n1)N1CCNC[C@@H]1C2,6.66
ZINC000028604329,O=C1c2c(Cl)cccc2[C@@H]2CNCCN12,6.23
ZINC000028635556,COC(=O)[C@@]1(c2ccc(C)cc2)C[C@@H]1CN1CCC(O)(c2ccccc2)CC1,5.5
ZINC000028635558,COC(=O)[C@]1(c2ccc(C)cc2)C[C@@H]1CN1CCC(O)(c2ccccc2)CC1,5.5
ZINC000028635561,COC(=O)[C@@]1(c2ccc(C)cc2)C[C@H]1CN1CCC(O)(c2ccccc2)CC1,5.5
ZINC000028635563,COC(=O)[C@]1(c2ccc(C)cc2)C[C@H]1CN1CCC(O)(c2ccccc2)CC1,5.5
ZINC000028652662,CCOc1nc2c(c(=O)n(C)c(=O)n2C)n1CCCN1CCN(c2ccccc2)CC1,6.75
ZINC000028652670,CCOc1nc2c(c(=O)n(C)c(=O)n2C)n1CCCN1CCN(c2ccccc2OC)CC1,6.01
ZINC000028652678,CCOc1nc2c(c(=O)n(C)c(=O)n2C)n1CCCN1CCN(c2cccc(Cl)c2)CC1,7.64
ZINC000028652682,CCCOc1nc2c(c(=O)n(C)c(=O)n2C)n1CCCN1CCN(c2ccccc2)CC1,7.29
ZINC000028652686,CCCOc1nc2c(c(=O)n(C)c(=O)n2C)n1CCCN1CCN(c2ccccc2OC)CC1,6.27
ZINC000028652694,CCCOc1nc2c(c(=O)n(C)c(=O)n2C)n1CCCN1CCN(c2cccc(Cl)c2)CC1,7.6
ZINC000028652698,CCOc1nc2c(c(=O)n(C)c(=O)n2C)n1CCCCN1CCN(c2ccccc2)CC1,6.88
ZINC000028652702,CCOc1nc2c(c(=O)n(C)c(=O)n2C)n1CCCCN1CCN(c2ccccc2OC)CC1,6.6
ZINC000028652706,CCOc1nc2c(c(=O)n(C)c(=O)n2C)n1CCCCN1CCN(c2cccc(Cl)c2)CC1,7.82
ZINC000028652736,CCCOc1nc2c(c(=O)n(C)c(=O)n2C)n1CCCCN1CCN(c2ccccc2)CC1,7.24
ZINC000028652744,CCCOc1nc2c(c(=O)n(C)c(=O)n2C)n1CCCCN1CCN(c2ccccc2OC)CC1,6.82
ZINC000028652748,CCCOc1nc2c(c(=O)n(C)c(=O)n2C)n1CCCCN1CCN(c2cccc(Cl)c2)CC1,7.55
ZINC000028652760,CCOc1nc2c(c(=O)n(C)c(=O)n2C)n1CCCN1CCc2ccccc2C1,6.23
ZINC000028652764,CCCOc1nc2c(c(=O)n(C)c(=O)n2C)n1CCCN1CCc2ccccc2C1,5.58
ZINC000028652768,CCOc1nc2c(c(=O)n(C)c(=O)n2C)n1CCCCN1CCc2ccccc2C1,5.71
ZINC000028652773,CCCOc1nc2c(c(=O)n(C)c(=O)n2C)n1CCCCN1CCc2ccccc2C1,6.04
ZINC000028652778,Cn1c(=O)c2c(nc(O)n2CCCN2CCN(c3ccccc3)CC2)n(C)c1=O,6.64
ZINC000028652782,Cn1c(=O)c2c(nc(O)n2CCCN2CCN(c3cccc(Cl)c3)CC2)n(C)c1=O,7.24
ZINC000028652785,Cn1c(=O)c2c(nc(O)n2CCCCN2CCN(c3ccccc3)CC2)n(C)c1=O,6.25
ZINC000028652789,Cn1c(=O)c2c(nc(O)n2CCCCN2CCN(c3cccc(Cl)c3)CC2)n(C)c1=O,7.22
ZINC000028707231,C[C@H](c1ccccc1)N1CCC(NC(=O)c2cccc3ccccc23)CC1,6.61
ZINC000028707233,C[C@@H](c1ccccc1)N1CCC(NC(=O)c2cccc3ccccc23)CC1,6.61
ZINC000028707236,O=C(NC1CCN(CCCc2ccccc2)CC1)c1cccc2ccccc12,6.64
ZINC000028707238,CC[C@](O)(c1ccccc1)N1CCC(NC(=O)c2cccc3ccccc23)CC1,6.41
ZINC000028707246,O=C(NC1CCN(CCCCc2ccccc2)CC1)c1cccc2ccccc12,6.31
ZINC000028707252,O=C(c1cccc2ccccc12)N1CCC(NCCc2ccccc2)CC1,6.68
ZINC000028707264,C[C@H](c1ccccc1)N1CCC(NC(=O)c2ccc3ccccc3c2)CC1,6.96
ZINC000028707267,C[C@@H](c1ccccc1)N1CCC(NC(=O)c2ccc3ccccc3c2)CC1,6.96
ZINC000028707269,O=C(NC1CCN(CCCc2ccccc2)CC1)c1ccc2ccccc2c1,7.3
ZINC000028707272,O=C(NC1CCN(CCCCc2ccccc2)CC1)c1ccc2ccccc2c1,6.67
ZINC000028711326,O=C(NCC[C@H](O)CN1CCN(c2cccc(Cl)c2Cl)CC1)c1ccc(-c2ccccn2)cc1,7.37
ZINC000028711327,O=C(NCC[C@@H](O)CN1CCN(c2cccc(Cl)c2Cl)CC1)c1ccc(-c2ccccn2)cc1,7.37
ZINC000028711329,O=C(NCC[C@H](O)CN1CCN(c2cccc(Cl)c2Cl)CC1)c1ccc2c(c1)Cc1ccccc1-2,6.26
ZINC000028711330,O=C(NCC[C@@H](O)CN1CCN(c2cccc(Cl)c2Cl)CC1)c1ccc2c(c1)Cc1ccccc1-2,6.26
ZINC000028711332,COc1ccccc1N1CCN(C[C@@H](O)CCNC(=O)c2ccc(-c3ccccn3)cc2)CC1,6.16
ZINC000028711333,COc1ccccc1N1CCN(C[C@H](O)CCNC(=O)c2ccc(-c3ccccn3)cc2)CC1,6.16
ZINC000028711339,CC(=O)O[C@@H](CCNC(=O)c1ccc(-c2ccccn2)cc1)CN1CCN(c2cccc(Cl)c2Cl)CC1,7.05
ZINC000028711340,CC(=O)O[C@H](CCNC(=O)c1ccc(-c2ccccn2)cc1)CN1CCN(c2cccc(Cl)c2Cl)CC1,7.05
ZINC000028711341,O=C(NC[C@@H](O)CCN1CCN(c2cccc(Cl)c2Cl)CC1)c1ccc(-c2ccccn2)cc1,7.81
ZINC000028711342,O=C(NC[C@H](O)CCN1CCN(c2cccc(Cl)c2Cl)CC1)c1ccc(-c2ccccn2)cc1,7.81
ZINC000028711627,COc1ccc2c(c1)CCCN(C)CCc1ccccc1C2,8.24
ZINC000028711629,CN1CCCc2ccccc2Cc2ccc(O)cc2CC1,8.67
ZINC000028711630,COc1ccc2c(c1)CCN(C)CCCc1ccccc1C2,8.47
ZINC000028763803,CCCN(CCNS(=O)(=O)c1ccc(C)cc1)[C@@H]1COc2cccc(OC)c2C1,6.0
ZINC000028763805,CCCN(CCNS(=O)(=O)c1ccc(C)cc1)[C@H]1COc2cccc(OC)c2C1,6.0
ZINC000028769816,O=C1c2ccccc2CN1CCCCN1CC[C@@H](c2ccccc2)C1,7.34
ZINC000028769818,O=C1c2ccccc2CN1CCCCN1CC[C@H](c2ccccc2)C1,7.34
ZINC000028769952,O=C(c1cccc(CN2CC[C@@H](c3ccc(Cl)cc3)C2)c1)N1CCCCC1,7.34
ZINC000028769954,O=C(c1cccc(CN2CC[C@H](c3ccc(Cl)cc3)C2)c1)N1CCCCC1,7.34
ZINC000028769956,O=C(c1cccc(CN2CC[C@@H](c3ccccc3)C2)c1)N1CCCCC1,6.49
ZINC000028769958,O=C(c1cccc(CN2CC[C@H](c3ccccc3)C2)c1)N1CCCCC1,6.49
ZINC000028770169,O=C1c2ccccc2S(=O)(=O)N1CCCCN1CC[C@@H](c2ccc(Cl)cc2)C1,6.63
ZINC000028770171,O=C1c2ccccc2S(=O)(=O)N1CCCCN1CC[C@H](c2ccc(Cl)cc2)C1,6.63
ZINC000028770227,O=C1c2ccccc2CN1CCCCN1CC[C@@H](c2ccc(Cl)cc2)C1,6.74
ZINC000028770228,O=C1c2ccccc2CN1CCCCN1CC[C@H](c2ccc(Cl)cc2)C1,6.74
ZINC000028819938,O=C(N[C@H]1CC(=O)N(CCCCN2CCN(c3cccc(Cl)c3)CC2)C1=O)C1CCCC1,7.33
ZINC000028819974,O=C(N[C@H]1CC(=O)N(CCCCN2CCN(c3cccc(Cl)c3)CC2)C1=O)C1CCCCC1,8.19
ZINC000028819992,O=C1C[C@H](NC(=O)C23CC4CC(CC(C4)C2)C3)C(=O)N1CCCCN1CCN(c2cccc(Cl)c2)CC1,7.6
ZINC000028819994,COc1ccccc1N1CCN(CCCC[C@@H]2CCCN2C(=O)C2CCCCC2)CC1,6.0
ZINC000028820018,COc1ccccc1N1CCN(CCCC[C@@H]2CCCN2C(=O)C23CC4CC(CC(C4)C2)C3)CC1,6.3
ZINC000028820021,O=C(C1CCCCC1)N1CCC[C@H]1CCCCN1CCN(c2cccc(Cl)c2)CC1,7.16
ZINC000028820036,O=C(N1CCC[C@H]1CCCCN1CCN(c2cccc(Cl)c2)CC1)C12CC3CC(CC(C3)C1)C2,6.85
ZINC000028821346,O=C(NC1CCN(Cc2cccc(Br)c2)CC1)c1cccc2ccccc12,6.34
ZINC000028821356,O=C(NC1CCN(Cc2c(F)c(F)c(F)c(F)c2F)CC1)c1cccc2ccccc12,6.64
ZINC000028821375,O=C(NC1CCN(Cc2ccccc2Cl)CC1)c1ccc2ccccc2c1,6.88
ZINC000028821376,O=C(NC1CCN(Cc2cccc(Cl)c2)CC1)c1ccc2ccccc2c1,6.88
ZINC000028821377,O=C(NC1CCN(Cc2ccc(Cl)cc2)CC1)c1ccc2ccccc2c1,6.62
ZINC000028821379,O=C(NC1CCN(Cc2cccc(Br)c2)CC1)c1ccc2ccccc2c1,7.28
ZINC000028821380,O=C(NC1CCN(Cc2ccc(Br)cc2)CC1)c1ccc2ccccc2c1,6.65
ZINC000028821384,O=C(NC1CCN(Cc2ccc([N+](=O)[O-])cc2)CC1)c1ccc2ccccc2c1,6.56
ZINC000028821385,COc1cccc(CN2CCC(NC(=O)c3ccc4ccccc4c3)CC2)c1,6.8
ZINC000028821386,COc1ccc(CN2CCC(NC(=O)c3ccc4ccccc4c3)CC2)cc1,6.82
ZINC000028821387,Cc1ccccc1CN1CCC(NC(=O)c2ccc3ccccc3c2)CC1,6.76
ZINC000028821388,Cc1cccc(CN2CCC(NC(=O)c3ccc4ccccc4c3)CC2)c1,7.06
ZINC000028821389,Cc1ccc(CN2CCC(NC(=O)c3ccc4ccccc4c3)CC2)cc1,6.65
ZINC000028821392,O=C(NC1CCN(Cc2ccccn2)CC1)c1ccc2ccccc2c1,6.26
ZINC000028821395,O=C(NC1CCN(Cc2cccnc2)CC1)c1ccc2ccccc2c1,6.28
ZINC000028821396,O=C(NC1CCN(Cc2ccncc2)CC1)c1ccc2ccccc2c1,6.16
ZINC000028821717,C[C@@H](N)Cc1c2c(c(CO)c3c1OCC3)OCC2,9.0
ZINC000028821718,COCc1c2c(c(C[C@@H](C)N)c3c1OCC3)OCC2,9.55
ZINC000028821719,COCCOCc1c2c(c(C[C@@H](C)N)c3c1OCC3)OCC2,9.06
ZINC000028821720,COC(=O)c1c2c(c(C[C@@H](C)N)c3c1OCC3)OCC2,7.85
ZINC000028821721,C[C@@H](N)Cc1c2c(c(COCC(=O)Oc3ccccc3)c3c1OCC3)OCC2,9.54
ZINC000028821722,COC(=O)CCc1c2c(c(C[C@@H](C)N)c3c1OCC3)OCC2,9.07
ZINC000028821723,C[C@@H](N)Cc1c2c(c(CC(=O)O)c3c1OCC3)OCC2,6.98
ZINC000028821726,C[C@@H](N)Cc1c2c(c(CCC(=O)O)c3c1OCC3)OCC2,5.33
ZINC000028821727,Cc1noc(-c2c3c(c(C[C@@H](C)N)c4c2OCC4)OCC3)n1,6.04
ZINC000028821728,Cc1noc(Cc2c3c(c(C[C@@H](C)N)c4c2OCC4)OCC3)n1,8.8
ZINC000028821729,Cc1noc(CCc2c3c(c(C[C@@H](C)N)c4c2OCC4)OCC3)n1,9.0
ZINC000028821730,Cc1noc(Cc2c3ccoc3c(C[C@@H](C)N)c3ccoc23)n1,9.42
ZINC000028821731,C[C@@H](N)Cc1c2ccoc2c(CO)c2ccoc12,9.51
ZINC000028821732,COCc1c2ccoc2c(C[C@@H](C)N)c2ccoc12,9.96
ZINC000028821733,C[C@@H](N)[C@@H](O)c1c2c(c(Br)c3c1OCC3)OCC2,8.59
ZINC000028821734,C[C@@H](N)[C@H](O)c1c2c(c(Br)c3c1OCC3)OCC2,9.15
ZINC000028823246,COc1cc2c3c(c1)-c1c(ccc(C)c1O)C[C@H]3N(C)CC2,6.57
ZINC000028823248,CN1CCc2cccc3c2[C@H]1Cc1ccc(CO)c(O)c1-3,6.86
ZINC000028826835,C[C@@H](C(=O)N1c2ccccc2Sc2ccccc21)c1ccccc1,6.74
ZINC000028826836,C[C@H](C(=O)N1c2ccccc2Sc2ccccc21)c1ccccc1,6.74
ZINC000028886884,CC(=O)Nc1ccc(SCCCN2CCN(c3cccc(C)c3)CC2)cc1,8.22
ZINC000028886902,Cc1cccc(N2CCN(CCCSc3ccccc3)CC2)c1,7.87
ZINC000028886914,CC(=O)Nc1ccc(SCCCN2CCN(c3ccccc3C)CC2)cc1,7.68
ZINC000028886924,Cc1cccc(N2CCN(CCCSc3ccc([N+](=O)[O-])cc3)CC2)c1,7.68
ZINC000028889342,O=[S@](c1ccc(/C=C/c2ccc(F)cc2)nc1)c1ccccc1F,8.34
ZINC000028889347,O=[S@@](c1ccc(/C=C/c2ccc(F)cc2)nc1)c1ccccc1F,8.34
ZINC000028889348,O=[S@](c1ccc(/C=C/c2ccc(F)cc2F)nc1)c1ccccc1F,8.46
ZINC000028889353,O=[S@@](c1ccc(/C=C/c2ccc(F)cc2F)nc1)c1ccccc1F,8.46
ZINC000028889359,O=[S@@](c1ccccc1)c1ccc(/C=C/c2ccc(F)cc2)nc1,8.11
ZINC000028889366,O=[S@](c1ccccc1)c1ccc(/C=C/c2ccc(F)cc2)nc1,8.11
ZINC000028889368,O=[S@@](c1ccccc1)c1ccc(/C=C/c2ccc(F)cc2F)nc1,9.15
ZINC000028889373,O=[S@](c1ccccc1)c1ccc(/C=C/c2ccc(F)cc2F)nc1,9.15
ZINC000028948400,O=C1C[C@@H](CN2CCC(C(=O)c3ccc(F)cc3)CC2)Cc2n[nH]cc21,7.37
ZINC000028948402,O=C1C[C@H](CN2CCC(C(=O)c3ccc(F)cc3)CC2)Cc2n[nH]cc21,7.37
ZINC000028948404,O=C1C[C@@H](CN2CCC(c3noc4cc(F)ccc34)CC2)Cc2n[nH]cc21,8.67
ZINC000028948406,O=C1C[C@H](CN2CCC(c3noc4cc(F)ccc34)CC2)Cc2n[nH]cc21,8.67
ZINC000028948408,Cn1ncc2c1C[C@H](CN1CCC(C(=O)c3ccc(F)cc3)CC1)CC2=O,7.52
ZINC000028948410,Cn1ncc2c1C[C@@H](CN1CCC(C(=O)c3ccc(F)cc3)CC1)CC2=O,7.52
ZINC000028948412,Cn1ncc2c1C[C@H](CN1CCC(c3noc4cc(F)ccc34)CC1)CC2=O,7.76
ZINC000028948413,Cn1ncc2c1C[C@@H](CN1CCC(c3noc4cc(F)ccc34)CC1)CC2=O,7.76
ZINC000028948419,Cc1noc2c1C(=O)C[C@H](CN1CCC(C(=O)c3ccc(F)cc3)CC1)C2,7.39
ZINC000028948422,Cc1noc2c1C(=O)C[C@@H](CN1CCC(C(=O)c3ccc(F)cc3)CC1)C2,7.39
ZINC000028948427,Cc1noc2c1C(=O)C[C@H](CN1CCC(c3noc4cc(F)ccc34)CC1)C2,7.76
ZINC000028948429,Cc1noc2c1C(=O)C[C@@H](CN1CCC(c3noc4cc(F)ccc34)CC1)C2,7.76
ZINC000028975388,CC(=O)c1sc(NC(=O)N[C@@H]2CN(C(C)=O)CC[C@H]2CN2CCC[C@@H](Cc3ccc(F)cc3)C2)nc1C,5.28
ZINC000028978554,C[C@@]1(c2cccc(OCc3ccccc3)c2)C(=O)Nc2cc(Cl)cc(Cl)c2C1=O,6.14
ZINC000028978558,C[C@]1(c2cccc(OCc3ccccc3)c2)C(=O)Nc2cc(Cl)cc(Cl)c2C1=O,6.14
ZINC000029038586,N[C@@H]1CCc2ccc(CCN3CCN(c4nsc5ccccc45)CC3)cc21,10.05
ZINC000029038588,N[C@H]1CCc2ccc(CCN3CCN(c4nsc5ccccc45)CC3)cc21,10.05
ZINC000029038589,CC(=O)N[C@@H]1CCc2ccc(CCN3CCN(c4nsc5ccccc45)CC3)cc21,11.0
ZINC000029038591,CC(=O)N[C@H]1CCc2ccc(CCN3CCN(c4nsc5ccccc45)CC3)cc21,11.0
ZINC000029038592,CCC(=O)N[C@@H]1CCc2ccc(CCN3CCN(c4nsc5ccccc45)CC3)cc21,11.0
ZINC000029038594,CCC(=O)N[C@H]1CCc2ccc(CCN3CCN(c4nsc5ccccc45)CC3)cc21,11.0
ZINC000029038596,CCCC(=O)N[C@@H]1CCc2ccc(CCN3CCN(c4nsc5ccccc45)CC3)cc21,9.35
ZINC000029038598,CCCC(=O)N[C@H]1CCc2ccc(CCN3CCN(c4nsc5ccccc45)CC3)cc21,9.35
ZINC000029038602,O=C(N[C@@H]1CCc2ccc(CCN3CCN(c4nsc5ccccc45)CC3)cc21)C1CC1,9.52
ZINC000029038604,O=C(N[C@H]1CCc2ccc(CCN3CCN(c4nsc5ccccc45)CC3)cc21)C1CC1,9.52
ZINC000029038607,CC(C)C(=O)N[C@@H]1CCc2ccc(CCN3CCN(c4nsc5ccccc45)CC3)cc21,9.12
ZINC000029038609,CC(C)C(=O)N[C@H]1CCc2ccc(CCN3CCN(c4nsc5ccccc45)CC3)cc21,9.12
ZINC000029038611,O=C(N[C@@H]1CCc2ccc(CCN3CCN(c4nsc5ccccc45)CC3)cc21)c1ccccc1,8.32
ZINC000029038613,O=C(N[C@H]1CCc2ccc(CCN3CCN(c4nsc5ccccc45)CC3)cc21)c1ccccc1,8.32
ZINC000029038617,Cc1ccc(C(=O)N[C@@H]2CCc3ccc(CCN4CCN(c5nsc6ccccc56)CC4)cc32)cc1,8.52
ZINC000029038619,Cc1ccc(C(=O)N[C@H]2CCc3ccc(CCN4CCN(c5nsc6ccccc56)CC4)cc32)cc1,8.52
ZINC000029038623,O=C(N[C@@H]1CCc2ccc(CCN3CCN(c4nsc5ccccc45)CC3)cc21)c1ccc(Cl)cc1,10.0
ZINC000029038625,O=C(N[C@H]1CCc2ccc(CCN3CCN(c4nsc5ccccc45)CC3)cc21)c1ccc(Cl)cc1,10.0
ZINC000029038627,O=C(N[C@@H]1CCc2ccc(CCN3CCN(c4nsc5ccccc45)CC3)cc21)c1ccc(F)cc1,8.61
ZINC000029038630,O=C(N[C@H]1CCc2ccc(CCN3CCN(c4nsc5ccccc45)CC3)cc21)c1ccc(F)cc1,8.61
ZINC000029038634,O=C(N[C@@H]1CCc2ccc(CCN3CCN(c4nsc5ccccc45)CC3)cc21)c1cccnc1,9.02
ZINC000029038636,O=C(N[C@H]1CCc2ccc(CCN3CCN(c4nsc5ccccc45)CC3)cc21)c1cccnc1,9.02
ZINC000029038642,O=C(Cc1ccccc1)N[C@@H]1CCc2ccc(CCN3CCN(c4nsc5ccccc45)CC3)cc21,10.4
ZINC000029038644,O=C(Cc1ccccc1)N[C@H]1CCc2ccc(CCN3CCN(c4nsc5ccccc45)CC3)cc21,10.4
ZINC000029038665,O=C(CCc1ccccc1)N[C@@H]1CCc2ccc(CCN3CCN(c4nsc5ccccc45)CC3)cc21,9.02
ZINC000029038667,O=C(CCc1ccccc1)N[C@H]1CCc2ccc(CCN3CCN(c4nsc5ccccc45)CC3)cc21,9.02
ZINC000029038685,O=C(N[C@@H]1CCc2ccc(CCN3CCN(c4nsc5ccccc45)CC3)cc21)c1ccco1,9.26
ZINC000029038686,O=C(N[C@H]1CCc2ccc(CCN3CCN(c4nsc5ccccc45)CC3)cc21)c1ccco1,9.26
ZINC000029038714,O=C(N[C@@H]1CCc2ccc(CCN3CCN(c4nsc5ccccc45)CC3)cc21)c1ccno1,10.1
ZINC000029038716,O=C(N[C@H]1CCc2ccc(CCN3CCN(c4nsc5ccccc45)CC3)cc21)c1ccno1,10.1
ZINC000029038720,O=C(N[C@@H]1CCc2cc(CCN3CCN(c4nsc5ccccc45)CC3)ccc21)C(F)(F)F,9.82
ZINC000029038722,O=C(N[C@H]1CCc2cc(CCN3CCN(c4nsc5ccccc45)CC3)ccc21)C(F)(F)F,9.82
ZINC000029038725,CC(=O)N[C@@H]1CCc2cc(CCN3CCN(c4nsc5ccccc45)CC3)ccc21,9.48
ZINC000029038727,CC(=O)N[C@H]1CCc2cc(CCN3CCN(c4nsc5ccccc45)CC3)ccc21,9.48
ZINC000029038729,CCC(=O)N[C@@H]1CCc2cc(CCN3CCN(c4nsc5ccccc45)CC3)ccc21,9.6
ZINC000029038731,CCC(=O)N[C@H]1CCc2cc(CCN3CCN(c4nsc5ccccc45)CC3)ccc21,9.6
ZINC000029038735,CCCC(=O)N[C@@H]1CCc2cc(CCN3CCN(c4nsc5ccccc45)CC3)ccc21,9.3
ZINC000029038737,CCCC(=O)N[C@H]1CCc2cc(CCN3CCN(c4nsc5ccccc45)CC3)ccc21,9.3
ZINC000029038740,O=C(N[C@@H]1CCc2cc(CCN3CCN(c4nsc5ccccc45)CC3)ccc21)C1CC1,9.35
ZINC000029038742,O=C(N[C@H]1CCc2cc(CCN3CCN(c4nsc5ccccc45)CC3)ccc21)C1CC1,9.35
ZINC000029038744,CC(C)C(=O)N[C@@H]1CCc2cc(CCN3CCN(c4nsc5ccccc45)CC3)ccc21,9.19
ZINC000029038746,CC(C)C(=O)N[C@H]1CCc2cc(CCN3CCN(c4nsc5ccccc45)CC3)ccc21,9.19
ZINC000029038750,O=C(N[C@@H]1CCc2cc(CCN3CCN(c4nsc5ccccc45)CC3)ccc21)c1ccc(F)cc1,8.78
ZINC000029038752,O=C(N[C@H]1CCc2cc(CCN3CCN(c4nsc5ccccc45)CC3)ccc21)c1ccc(F)cc1,8.78
ZINC000029038756,O=C(N[C@@H]1CCc2cc(CCN3CCN(c4nsc5ccccc45)CC3)ccc21)c1cccnc1,9.17
ZINC000029038758,O=C(N[C@H]1CCc2cc(CCN3CCN(c4nsc5ccccc45)CC3)ccc21)c1cccnc1,9.17
ZINC000029055364,CC[C@@]1(CCCCN2CCN(c3ccc(Cl)cc3)CC2)C(=O)Nc2cc(F)ccc21,7.71
ZINC000029055368,CC[C@]1(CCCCN2CCN(c3ccc(Cl)cc3)CC2)C(=O)Nc2cc(F)ccc21,7.71
ZINC000029055372,O=C1Nc2ccccc2[C@@H]1CCCCN1CCN(c2ccc(Cl)cc2)CC1,7.76
ZINC000029055379,O=C1Nc2ccc(F)cc2[C@H]1CCCCN1CCN(c2ccccc2)CC1,7.26
ZINC000029123118,CCOc1ccccc1N1CCN(CCCC(=O)NCc2nc3ccc(F)cc3c(=O)n2-c2ccc(OC)cc2)CC1,5.1
ZINC000029123120,Cc1cccc(N2CCN(CCCC(=O)NCc3nc4ccc(F)cc4c(=O)n3-c3ccccc3)CC2)c1C,6.38
ZINC000029123154,CCOc1ccccc1N1CCN(CCCC(=O)NCc2nc3cc(F)ccc3c(=O)n2-c2ccc(OC)cc2)CC1,5.68
ZINC000029123304,O=C(CCCN1CCN(c2cccc(C(F)(F)F)c2)CC1)NCc1nc2cc(F)ccc2c(=O)n1-c1ccccc1,6.21
ZINC000029123434,Cc1cccc(N2CCN(CCCC(=O)NCc3nc4ccccc4c(=O)n3-c3ccccc3)CC2)c1C,5.96
ZINC000029123670,Cc1cccc(N2CCN(CCCC(=O)NCc3nc4cc(F)ccc4c(=O)n3-c3ccccc3)CC2)c1C,5.77
ZINC000029126503,CC[C@@H](C)c1nc2c(c(-c3ccc(F)cc3)n1)CNCC2,7.96
ZINC000029126504,CC[C@H](C)c1nc2c(c(-c3ccc(F)cc3)n1)CNCC2,7.96
ZINC000029127739,COc1cc(CN2CCN(c3ccc(Cl)cc3)CC2)c(OCCF)cc1OC,7.0
ZINC000029127877,FCCOc1cccc(CN2CCN(c3ccc(Cl)cc3)CC2)c1,6.01
ZINC000029127926,FCCOc1ccc(CN2CCN(c3ccc(Cl)cc3)CC2)cc1,5.74
ZINC000029127928,COc1cc(CN2CCN(c3ccccc3OC)CC2)c(OCCF)cc1OC,6.55
ZINC000029127929,COc1cc(CN2CCN(c3ccc(Cl)cc3)CC2)ccc1OCCF,6.07
ZINC000029127931,COc1ccccc1N1CCN(Cc2cccc(OCCF)c2)CC1,5.72
ZINC000029127973,COc1ccccc1N1CCN(Cc2ccc(OCCF)cc2)CC1,5.27
ZINC000029127975,COc1cc(CN2CCN(c3ccccc3OC)CC2)ccc1OCCF,5.68
ZINC000029128986,COc1c(OCCF)cccc1[C@@H](O)C1CCN(CCc2ccc(F)cc2)CC1,8.05
ZINC000029128987,COc1c(OCCF)cccc1[C@H](O)C1CCN(CCc2ccc(F)cc2)CC1,9.14
ZINC000029129912,CN(C)Cc1ccccc1Oc1ccc(Cl)cc1,5.7
ZINC000029130869,N=C1NCc2c(ccc(Cl)c2Cl)N1,6.36
ZINC000029131439,N=C1NCc2cc(Cl)ccc2N1,5.88
ZINC000029133960,FCCOc1ccc(N2CCN(Cc3cc4ccccn4n3)CC2)cc1,5.26
ZINC000029134163,FCCOc1ccccc1N1CCN(Cc2cnn3ccccc23)CC1,5.54
ZINC000029134168,Fc1cccc(N2CCN(Cc3cnn4ccccc34)CC2)n1,5.27
ZINC000029134170,Fc1cccc(N2CCN(Cc3cc4ccccn4n3)CC2)n1,5.01
ZINC000029134262,Oc1ccccc1N1CCN(Cc2cnn3ccccc23)CC1,5.82
ZINC000029134352,Brc1cccc(N2CCN(Cc3cnn4ccccc34)CC2)n1,5.92
ZINC000029134354,Brc1cccc(N2CCN(Cc3cc4ccccn4n3)CC2)n1,5.36
ZINC000029210629,COc1cc(N)c(Cl)cc1C(=O)N[C@@H]1CCN(CCCOc2ccc(F)cc2)C[C@H]1OC,8.96
ZINC000029330705,C[C@@H](N)Cn1ccc2ccc3ccccc3c21,7.42
ZINC000029330710,C[C@H](N)Cn1ccc2ccc3ccccc3c21,7.42
ZINC000029339452,C[C@@H](CN)n1ccc2ccc3ccccc3c21,5.37
ZINC000029339455,C[C@H](CN)n1ccc2ccc3ccccc3c21,5.37
ZINC000029346197,C[C@@H](N)Cc1c[nH]c2ccc3ccccc3c12,8.52
ZINC000029346201,C[C@H](N)Cc1c[nH]c2ccc3ccccc3c12,8.52
ZINC000029390189,COc1cccc(NC(=O)NCCCN2CCC[C@@H](CCc3ccccc3)C2)c1,6.1
ZINC000029390192,COc1cccc(NC(=O)NCCCN2CCC[C@H](CCc3ccccc3)C2)c1,6.1
ZINC000029393754,N#Cc1cccc(NC(=O)NCCCN2CCC[C@@H](Cc3ccc(F)cc3F)C2)c1,5.63
ZINC000029393757,N#Cc1cccc(NC(=O)NCCCN2CCC[C@H](Cc3ccc(F)cc3F)C2)c1,5.63
ZINC000029394221,N#Cc1cccc(NC(=O)NCCCN2CCC[C@@H](Cc3ccc(F)cc3)C2)c1,5.64
ZINC000029394224,N#Cc1cccc(NC(=O)NCCCN2CCC[C@H](Cc3ccc(F)cc3)C2)c1,5.64
ZINC000029394230,N#Cc1cccc(NC(=O)NCCCN2CCC[C@@H](Cc3ccccc3F)C2)c1,5.65
ZINC000029394233,N#Cc1cccc(NC(=O)NCCCN2CCC[C@H](Cc3ccccc3F)C2)c1,5.65
ZINC000029394732,N#Cc1cccc(NC(=O)NCCCN2CC[C@@H](Cc3ccc(F)cc3)C2)c1,6.75
ZINC000029394735,N#Cc1cccc(NC(=O)NCCCN2CC[C@H](Cc3ccc(F)cc3)C2)c1,6.75
ZINC000029395613,N#Cc1cccc(NC(=O)NCCCN2CCC[C@@H](Cc3ccccc3)C2)c1,5.53
ZINC000029395617,N#Cc1cccc(NC(=O)NCCCN2CCC[C@H](Cc3ccccc3)C2)c1,5.53
ZINC000029402567,COc1cccc(NC(=O)NCCCN2CCC[C@@H](Cc3ccccc3)C2)c1,6.04
ZINC000029402571,COc1cccc(NC(=O)NCCCN2CCC[C@H](Cc3ccccc3)C2)c1,6.04
ZINC000029403018,COc1ccccc1N1CCN(CN2C(=O)[C@H]3CCCCN3C2=O)CC1,6.0
ZINC000029480843,NC[C@H]1C[C@@H]1c1ccccc1,5.86
ZINC000029480846,NC[C@@H]1C[C@H]1c1ccccc1,5.85
ZINC000029480849,NC[C@H]1C[C@H]1c1ccccc1,5.85
ZINC000029483502,COc1cccc2c1C[C@H](NCCCCN1C(=O)CC3(CCCC3)CC1=O)CO2,6.0
ZINC000029483505,COc1cccc2c1C[C@@H](NCCCCN1C(=O)CC3(CCCC3)CC1=O)CO2,6.0
ZINC000029560975,Fc1ccc(OCCCN2CCN(c3ncc(F)cn3)CC2)cc1,6.85
ZINC000029563677,Fc1ccc(CCCCN2CCN(c3ncc(F)cn3)CC2)cc1,6.67
ZINC000029566034,Fc1cnc(N2CCN(CCCCc3ccc(F)c4ccccc34)CC2)nc1,6.23
ZINC000029566672,O[C@](CCCN1CCN(c2ncc(F)cn2)CC1)(c1ccc(F)cc1)C1CCCCC1,6.47
ZINC000029566676,O[C@@](CCCN1CCN(c2ncc(F)cn2)CC1)(c1ccc(F)cc1)C1CCCCC1,6.47
ZINC000029567153,CC(=O)O[C@@H](CCCN1CCN(c2ncc(F)cn2)CC1)c1ccc(F)cc1,6.3
ZINC000029567157,CC(=O)O[C@H](CCCN1CCN(c2ncc(F)cn2)CC1)c1ccc(F)cc1,6.3
ZINC000029569575,O=S(=O)(N[C@@H](CCCN1CCN(c2ncc(F)cn2)CC1)C1CCCCC1)c1ccc(F)cc1,6.12
ZINC000029569578,O=S(=O)(N[C@H](CCCN1CCN(c2ncc(F)cn2)CC1)C1CCCCC1)c1ccc(F)cc1,6.12
ZINC000029569581,O=C(N[C@@H](CCCN1CCN(c2ncc(F)cn2)CC1)C1CCCCC1)c1ccc(F)cc1,6.12
ZINC000029569584,O=C(N[C@H](CCCN1CCN(c2ncc(F)cn2)CC1)C1CCCCC1)c1ccc(F)cc1,6.12
ZINC000029570933,c1ccc2c(c1)COC21CCN(CCCCc2c[nH]c3ccccc23)CC1,6.44
ZINC000033560641,CN1CCC(N(C)S(=O)(=O)c2ccc(OC(F)(F)F)cc2)CC1,5.61
ZINC000033924463,CCCc1ccc(S(=O)(=O)N(C)C2CCN(C)CC2)cc1,6.48
ZINC000033964003,Fc1ccc(CN2CCN(c3ccc4c(c3)OCCO4)CC2)cc1,5.15
ZINC000033976241,CN[C@@H](C)c1ccccc1Oc1ccc(Cl)cc1,6.75
ZINC000033976242,CN[C@H](C)c1ccccc1Oc1ccc(Cl)cc1,6.75
ZINC000033976798,CNCc1cc(F)ccc1Oc1ccc(F)c(Cl)c1,6.24
ZINC000033977883,CNCc1cc(OC)ccc1Oc1ccc(Cl)c(Cl)c1,5.84
ZINC000033977992,CN[C@H](C)c1cc(F)ccc1Oc1ccc(Cl)c(Cl)c1,6.52
ZINC000033977993,CN[C@@H](C)c1cc(F)ccc1Oc1ccc(Cl)c(Cl)c1,6.52
ZINC000033980845,c1ccc(-c2[nH]c3ccccc3c2C2C[C@@H]3CC[C@H](C2)N3)cc1,8.74
ZINC000033995966,CNCc1cc(F)ccc1Oc1ccc(Cl)c(Cl)c1,6.69
ZINC000034002819,CCOc1ccccc1C/N=C(\N)NC(=O)NC,6.4
ZINC000034004668,CNCc1ccc(OC)cc1Oc1ccc(Cl)c(Cl)c1,6.98
ZINC000034004914,CNCc1ccc(Cl)cc1Oc1ccc(Cl)c(Cl)c1,7.05
ZINC000034018241,CSc1ccc(Oc2ccccc2CN(C)C)cc1,6.34
ZINC000034030604,CNCc1ccc(Br)cc1Oc1ccc(Cl)c(Cl)c1,7.18
ZINC000034040629,CN[C@@H](C)c1ccccc1Oc1ccc(Cl)c(Cl)c1,6.42
ZINC000034040630,CN[C@H](C)c1ccccc1Oc1ccc(Cl)c(Cl)c1,6.42
ZINC000034043497,CNCc1ccc(C(F)(F)F)cc1Oc1ccc(Cl)c(Cl)c1,6.44
ZINC000034044260,CNCc1cc(Br)ccc1Oc1ccc(Cl)c(Cl)c1,6.1
ZINC000034044455,CN(C)Cc1ccc(C(F)(F)F)cc1Oc1ccc(Cl)c(Cl)c1,7.38
ZINC000034051295,CNCc1cc(F)ccc1Oc1ccc(Cl)c(F)c1,5.7
ZINC000034051848,Cc1ccc(Sc2ccccc2N2CCNCC2)c(C)c1,6.74
ZINC000034052171,CNCc1cc(C#N)ccc1Oc1ccc(Cl)c(Cl)c1,5.5
ZINC000034052172,CNCc1ccc(C#N)cc1Oc1ccc(Cl)c(Cl)c1,6.5
ZINC000034052327,Cc1ccc(Oc2ccc(Cl)c(Cl)c2)c(CN(C)C)c1,6.42
ZINC000034052328,CNCc1cc(C)c(C)cc1Oc1ccc(Cl)c(Cl)c1,7.1
ZINC000034136407,CC1(C)CN([C@@H]2C[C@H](c3ccc(F)cc3)c3ccc(Cl)cc32)CCN1,8.49
ZINC000034279959,CNCc1cc(F)c(OC)cc1Oc1ccc(Cl)c(Cl)c1,7.13
ZINC000034280662,CNCc1cc(OC)c(OC)cc1Oc1ccc(Cl)c(Cl)c1,6.6
ZINC000034281160,CNCc1cc(C(F)(F)F)ccc1Oc1ccc(Cl)c(Cl)c1,5.74
ZINC000034410244,O[C@H](CCN1CCN(c2ccccc2)CC1)c1ccccc1,6.34
ZINC000034410245,O[C@@H](CCN1CCN(c2ccccc2)CC1)c1ccccc1,6.54
ZINC000034428892,O=C1c2c(O)cccc2[C@H]2CNCCN12,5.78
ZINC000034428893,O=C1c2c(O)cccc2[C@@H]2CNCCN12,5.78
ZINC000034509629,O=C(N[C@H]1CC(=O)N(CCCN2CCN(c3cccc(Cl)c3)CC2)C1=O)C1CCCCC1,7.04
ZINC000034535385,CSc1cccc2c1C(=O)N1CCNC[C@@H]21,6.95
ZINC000034563575,O=C1c2c(OC(F)(F)F)cccc2[C@H]2CNCCN12,7.17
ZINC000034563577,O=C1c2c(OC(F)(F)F)cccc2[C@@H]2CNCCN12,7.17
ZINC000034605038,Cc1cccc2c1C(=O)N[C@H]1CNC[C@H]21,7.25
ZINC000034631347,c1ccc(N2CCN(CCCCCCN3CCN(c4ccnc5ccccc45)CC3)CC2)cc1,7.47
ZINC000034637497,O=C1c2cc3ccccc3n2CCN1CCCCN1CCN(c2cccc(Cl)c2Cl)CC1,7.08
ZINC000034638976,Cc1cccc2c1C(=O)N[C@@H]1CCNCCN21,7.15
ZINC000034639577,CCc1cc(Cl)c2c(c1)[C@H]1CNC[C@@H]1NC2=O,5.83
ZINC000034657159,O=C1N[C@H]2CNCCN2c2cccc(C(F)(F)F)c21,6.74
ZINC000034664554,CNCc1ccccc1Oc1ccc(C)c(C)c1,7.18
ZINC000034665477,CN[C@H](C)c1ccccc1Oc1ccc(C)cc1,7.26
ZINC000034665478,CN[C@@H](C)c1ccccc1Oc1ccc(C)cc1,7.26
ZINC000034665863,CN[C@@H](C)c1cc(F)ccc1Oc1ccc(Cl)cc1,6.69
ZINC000034665864,CN[C@H](C)c1cc(F)ccc1Oc1ccc(Cl)cc1,6.69
ZINC000034800996,CN1CCN([C@@H]2C[C@H](c3ccccc3)c3ccc(Cl)cc32)CC1(C)C,8.49
ZINC000034800997,CN1CCN([C@@H]2C[C@H](c3ccc(F)cc3)c3cc(Cl)ccc32)CC1(C)C,8.03
ZINC000034800998,CC1(C)CN([C@@H]2C[C@H](c3ccsc3)c3ccc(Cl)cc32)CCN1,9.0
ZINC000034800999,CN1CCN([C@@H]2C[C@H](c3ccc(F)cc3)c3ccc(Cl)cc32)CC1(C)C,8.96
ZINC000034801000,CN1CCN([C@@H]2C[C@H](c3ccsc3)c3ccc(Cl)cc32)CC1(C)C,8.77
ZINC000034833761,CNCc1ccccc1Oc1ccc(Cl)cc1,5.98
ZINC000034837617,CCN(CC)C(=O)[C@@H]1C=C2c3cccc4[nH]cc(c34)C[C@H]2N(C(=O)Nc2ccccc2)C1,6.12
ZINC000034867370,COc1ccccc1N1CCN(CCCCNC(=O)[C@@H]2CCCN2C(=O)C23CC4CC(CC(C4)C2)C3)CC1,6.3
ZINC000034893375,NC[C@H]1C[C@@H]1c1cccc(Br)c1,5.77
ZINC000034893379,NC[C@H]1C[C@@H]1c1ccc(F)cc1,6.29
ZINC000034893489,NC[C@H]1C[C@H]1c1ccccc1Br,7.03
ZINC000034893490,NC[C@H]1C[C@@H]1c1ccccc1Br,7.17
ZINC000034893491,NC[C@@H]1C[C@H]1c1ccccc1Br,7.03
ZINC000034893492,NC[C@@H]1C[C@@H]1c1ccccc1Br,7.03
ZINC000035049931,COc1cc(Br)c(OC)c2c1[C@H](CN)CC2,7.33
ZINC000035049932,COc1cc(Br)c(OC)c2c1[C@@H](CN)CC2,7.33
ZINC000035065224,CN1CCCc2c([nH]c3ccccc23)Cc2ccccc2CC1,8.42
ZINC000035270812,O=C1c2c(cccc2C(F)(F)F)[C@H]2CNCCN12,6.96
ZINC000035270825,COc1cccc2c1C(=O)N1CCNC[C@H]21,5.48
ZINC000035270829,COc1cccc2c1C(=O)N1CCNC[C@@H]21,5.48
ZINC000035569548,COc1cc2c(c(OC)c1OC)CC[C@@H]2CN,6.89
ZINC000035569551,COc1cc2c(c(OC)c1OC)CC[C@H]2CN,7.16
ZINC000035803648,Cc1ccc2c(c1)C(=O)N[C@@H]1CNCCN21,5.91
ZINC000035826839,c1ccc(N2CCN(CCCCCCN3CCN(c4ccccc4)CC3)CC2)cc1,7.51
ZINC000035833901,COc1cccc(N2CCN(CCCCCCN3CCN(c4cccc(OC)c4)CC3)CC2)c1,7.55
ZINC000035856082,CCc1cc(C)c2c(c1)[C@H]1CNC[C@@H]1NC2=O,6.15
ZINC000035875416,O=C1N[C@H]2CNC[C@H]2c2cccc(C(F)(F)F)c21,5.73
ZINC000035878410,COc1ccc(CCN2CCC([C@H](O)c3cccc(OC)c3OC)CC2)cc1,7.26
ZINC000035878411,COc1ccc(CCN2CCC([C@@H](O)c3cccc(OC)c3OC)CC2)cc1,7.26
ZINC000035899859,CCc1cc2c(c(C(F)(F)F)c1)C(=O)N(C)[C@H]1CNC[C@H]21,6.48
ZINC000035900401,COc1ccccc1OCCNCCCCN1C(=O)[C@@H]2CCCN2C1=O,6.57
ZINC000035900403,COc1ccccc1OCCNCCCCN1C(=O)[C@H]2CCCN2C1=O,6.57
ZINC000035904801,Cc1ccc2c(c1)N1CCNC[C@H]1NC2=O,6.22
ZINC000035905759,CN1C(=O)c2c(cccc2C(F)(F)F)[C@H]2CNC[C@@H]21,7.1
ZINC000035923955,O=C1N[C@H]2CNCCN2c2cccc(Cl)c21,6.48
ZINC000035929028,O=C1N[C@H]2CNC[C@@H]2c2ccc(Cl)c(Cl)c21,7.14
ZINC000035940245,Cc1cccc2c1C(=O)N[C@H]1CNCCN21,6.64
ZINC000035940246,Cc1cccc2c1C(=O)N[C@@H]1CNCCN21,6.64
ZINC000035940559,O=C1N[C@H]2CCNCCN2c2cccc(Cl)c21,6.89
ZINC000035963987,CCc1ccc(Cl)c2c1[C@H]1CNC[C@@H]1NC2=O,6.44
ZINC000035984164,Cc1cccc(N2CCN(CCCCCCN3CCN(c4ccccc4)CC3)CC2)c1,8.0
ZINC000035985316,Clc1cccc(N2CCN(CCCCCCN3CCN(c4cccc(Cl)c4)CC3)CC2)c1,7.01
ZINC000035993959,O=C1N[C@H]2CNCCN2c2ccccc21,5.7
ZINC000035994213,O=C1N[C@H]2CNCCN2c2ccc(Cl)cc21,6.4
ZINC000035994701,Cc1cc(C(C)C)cc2c1C(=O)N[C@H]1CNC[C@H]21,5.48
ZINC000035998779,COc1cccc(N2CCN(CCCCCCN3CCN(c4cccc(Cl)c4)CC3)CC2)c1,8.15
ZINC000036187779,CCCN(CCCCN1C[C@@H]2CCC[C@@H]2C1=O)[C@H]1COc2cccc(OC)c2C1,5.7
ZINC000036187826,COc1ccccc1N1CCN(CCCCN2C(=O)C[C@H](NC(=O)C3CCCC3)C2=O)CC1,5.82
ZINC000036215309,COc1ccccc1N1CCN(CCCCNC(=O)c2cc3ccc2CCc2ccc(cc2)CC3)CC1,5.66
ZINC000036215313,Clc1ccc2nc(CN3CCN(c4ccc(Cl)c(Cl)c4)CC3)cn2n1,5.92
ZINC000036216619,Clc1ccc(N2CCN(Cc3cnn(-c4ccccc4)c3)CC2)cc1,6.04
ZINC000036237970,CN1CCN([C@@H]2C[C@H](c3ccc(F)cc3)c3cccc(F)c32)CC1(C)C,8.01
ZINC000036237972,CN1CCN([C@@H]2C[C@H](c3ccc(F)cc3)c3ccccc32)CC1(C)C,8.54
ZINC000036237974,CN1CCN([C@@H]2C[C@H](c3ccc(F)cc3)c3ccc(F)cc32)CC1(C)C,8.72
ZINC000036237984,CN1CCN2c3c(cccc3OS(=O)(=O)C(F)(F)F)Cc3ccccc3[C@@H]2C1,6.56
ZINC000036238006,CN1CCc2cc(Cl)c(O)cc2[C@H](c2ccccc2Br)C1,7.66
ZINC000036238007,CN1CCc2cc(Cl)c(O)cc2[C@@H](c2ccccc2Br)C1,7.66
ZINC000036238008,CN1CCc2cc(Cl)c(O)cc2[C@H](c2cccc(Br)c2)C1,8.07
ZINC000036238010,CN1CCc2cc(Cl)c(O)cc2[C@@H](c2cccc(Br)c2)C1,8.07
ZINC000036238019,CN1CCN(C2=Nc3cc(OS(=O)(=O)C(F)(F)F)ccc3Nc3ccccc32)CC1,6.26
ZINC000036238021,CN1CCN([C@@H]2C[C@H](c3ccccc3)c3ccccc32)CC1(C)C,7.68
ZINC000036238023,CN1CCN([C@@H]2C[C@H](c3ccc(F)cc3)c3ccc(Br)cc32)CC1(C)C,8.52
ZINC000036238025,CN1CCN([C@@H]2C[C@H](c3ccccc3F)c3ccc(Cl)cc32)CC1(C)C,7.68
ZINC000036238027,CN1CCN([C@@H]2C[C@H](c3ccc(F)cc3)c3cccc(Cl)c32)CC1(C)C,7.51
ZINC000036238029,CN1CCN([C@@H]2C[C@H](c3cccc(F)c3)c3ccc(Cl)cc32)CC1(C)C,7.59
ZINC000036238031,CC1(C)CN([C@@H]2C[C@H](c3ccc(F)cc3)c3ccc(C(F)(F)F)cc32)CCN1,8.12
ZINC000036238033,CC1(C)CN([C@H]2C[C@H](c3ccc(F)cc3)c3ccc(C(F)(F)F)cc32)CCN1,8.12
ZINC000036238035,CN1CCN([C@@H]2C[C@H](c3ccc(F)cc3)c3c(Cl)cccc32)CC1(C)C,7.54
ZINC000036238037,Cc1ccc2c(c1)[C@H](N1CCN(C)C(C)(C)C1)C[C@@H]2c1ccc(F)cc1,8.47
ZINC000036238039,Cc1ccc2c(c1)[C@@H](N1CCN(C)C(C)(C)C1)C[C@@H]2c1ccc(F)cc1,8.47
ZINC000036238041,Cc1ccc2c(c1)[C@@H](N1CCN(C)C(C)(C)C1)C[C@H]2c1ccc(F)cc1,8.47
ZINC000036238044,CN1CCN([C@@H]2C[C@H](c3ccc(F)cc3)c3ccc(C(F)(F)F)cc32)CC1(C)C,8.35
ZINC000036238046,CN1CCN([C@@H]2C[C@H](c3ccc(Cl)cc3)c3ccc(Cl)cc32)CC1(C)C,7.49
ZINC000036238048,CN1CNC(=O)C12CCN(CCCC(=O)c1ccc(F)cc1)CC2,7.64
ZINC000036248222,COc1ccccc1N1CCN(CCCCNC(=O)[C@@H]2CCCN2C(=O)C2CCCCC2)CC1,6.0
ZINC000036270431,CN1CCN(C)[C@H](c2c(-c3ccccc3)[nH]c3ccccc23)C1,6.49
ZINC000036270492,CC(C)Oc1cccc2c1C(=O)N1CCNC[C@H]21,6.6
ZINC000036270494,CC(C)Oc1cccc2c1C(=O)N1CCNC[C@@H]21,6.6
ZINC000036270498,O=C1c2ccccc2[C@@H]2CNCCN12,5.07
ZINC000036270500,O=C1c2ccccc2[C@H]2CNCCN12,5.07
ZINC000036270502,O=C1c2c(Cl)cccc2[C@H]2CNCCN12,6.23
ZINC000036270509,CSc1cccc2c1C(=O)N1CCNC[C@H]21,6.95
ZINC000036435477,O=C(NCCCCN1CCN(c2cccc(Cl)c2)CC1)[C@@H]1CCCN1C(=O)c1ccccc1,6.89
ZINC000036520297,C[C@@H]1CNCCN1c1ccc2c(n1)[C@@H](OCc1cc(F)ccc1F)CC2,7.8
ZINC000036520305,Cc1ccc(F)cc1CO[C@H]1CCc2ccc(N3CCNC[C@H]3C)nc21,8.36
ZINC000036520309,Clc1ccccc1O[C@H]1CCc2ccc(N3CCNCC3)nc21,9.0
ZINC000037237706,CNCc1cc(F)ccc1Oc1ccc(C)c(C)c1,7.28
ZINC000037238447,CCc1cc(Oc2ccc(F)cc2CNC)ccc1Cl,6.56
ZINC000037627723,CSc1cc(C[C@@H](C)N)c(SC)cc1C,6.75
ZINC000037627725,CSc1cc(C[C@H](C)N)c(SC)cc1C,6.75
ZINC000038001535,CNCc1ccccc1Oc1ccc(Cl)c(Cl)c1,6.14
ZINC000038157683,FC(F)(F)c1cccc([C@H]2CC[C@H]3CNC[C@@H]23)c1,5.97
ZINC000038157684,Fc1cccc(N2CC[C@H]3CNC[C@H]32)c1,5.95
ZINC000038157685,Clc1cccc(N2CC[C@H]3CNC[C@H]32)c1,6.38
ZINC000038157686,FC(F)(F)c1cccc(N2CC[C@H]3CNC[C@H]32)c1,6.77
ZINC000038157687,C[C@H]1C[C@H]2CNC[C@H]2N1c1nccc(C(F)(F)F)n1,7.4
ZINC000038157688,C[C@@H]1C[C@H]2CNC[C@H]2N1c1nccc(C(F)(F)F)n1,7.6
ZINC000038157689,FC(F)(F)c1ccnc(N2CC[C@@H]3CNC[C@@H]32)n1,6.66
ZINC000038157690,FC(F)(F)c1ccnc(N2CC[C@H]3CNC[C@H]32)n1,6.94
ZINC000038157691,FC(F)(F)c1ccnc(N2CC[C@H]3CNC[C@@H]32)n1,6.66
ZINC000038209297,O=C1[C@@H]2CCCN2C(=O)N1CCCCNCCOc1cccc2c1CCCC2,7.31
ZINC000038209298,O=C1[C@H]2CCCN2C(=O)N1CCCCNCCOc1cccc2c1CCCC2,7.31
ZINC000038210083,Cc1cccc(N2CCN(CCCCCCN3CCN(c4ccccn4)CC3)CC2)c1,8.0
ZINC000038212827,O=C1N[C@@H]2CCNCCN2c2ccccc21,6.61
ZINC000038212935,Cc1ccc2c(c1)N1CCNCC[C@H]1NC2=O,6.44
ZINC000038213382,Cc1cc(Cl)c2c(c1)[C@H]1CNC[C@@H]1NC2=O,6.66
ZINC000038214789,CCc1ccccc1OCCNCCCCN1C(=O)[C@@H]2CCCN2C1=O,6.44
ZINC000038214790,CCc1ccccc1OCCNCCCCN1C(=O)[C@H]2CCCN2C1=O,6.44
ZINC000038216590,Cc1cccc(N2CCN(CCCCCCN3CCN(c4cccc(C)c4)CC3)CC2)c1,7.7
ZINC000038219545,O=C1N[C@H]2CNC[C@@H]2c2cccc(C(F)(F)F)c21,8.0
ZINC000038219547,O=C1N[C@@H]2CNC[C@H]2c2cccc(C(F)(F)F)c21,5.75
ZINC000038219644,CCCc1cc(Cl)c2c(c1)[C@H]1CNC[C@@H]1NC2=O,5.35
ZINC000038226296,COc1cccc2cc3n(c12)CCN(CCCCN1CCn2c(cc4ccccc42)C1=O)C3,6.7
ZINC000038268498,O=C1[C@@H]2CCCN2C(=O)N1CCCCNCCOc1cccc(Br)c1,6.29
ZINC000038268499,O=C1[C@H]2CCCN2C(=O)N1CCCCNCCOc1cccc(Br)c1,6.29
ZINC000038276567,Cc1ccc2c(c1)N1CCNC[C@@H]1NC2=O,6.22
ZINC000038279943,c1ccc(N2CCN(CCCCCCN3CCN(c4ccccn4)CC3)CC2)cc1,7.41
ZINC000038352832,CN(C)C[C@@H]1C[C@@H]2c3ccccc3Oc3ccccc3[C@@H]2O1,7.8
ZINC000038424857,c1ccc2c(N3CCN(CCc4ccc5nc[nH]c5c4)CC3)cccc2c1,7.82
ZINC000038441544,COc1ccc(CN(C)C)c(Oc2ccc(Cl)c(Cl)c2)c1,7.43
ZINC000038542752,CN(C)CCn1cc(S(=O)(=O)c2cccc(F)c2)c2cccnc21,6.45
ZINC000038603510,N=C1N=C(O)/C(=C\c2c[nH]c3ccc(Br)cc23)N1,7.24
ZINC000038660869,CCO[C@@]12CC[C@@H](C(=O)C1)[C@H]1C(=O)N(CCCCN3CCN(c4ccccc4OC)CC3)C(=O)[C@H]12,5.55
ZINC000038813133,N=C1N=C(O)/C(=C\c2c[nH]c3ccccc23)N1,5.93
ZINC000038881558,NCCc1c[nH]c(CCC(c2ccccc2)c2ccccc2)n1,5.19
ZINC000038928649,NCCn1cc(S(=O)(=O)c2cccc(Cl)c2)c2cccnc21,7.96
ZINC000040379371,Cc1ccc(Cl)c([C@H]2C[C@@H]2CN)c1F,6.48
ZINC000040379629,CN(C)Cc1cc(CC(N)=O)ccc1Oc1ccc(Cl)c(Cl)c1,5.65
ZINC000040379822,CNCc1ccc(Cl)cc1Oc1ccc(F)c(C)c1,7.48
ZINC000040379958,CNCc1cc(C(N)=O)ccc1Oc1ccc(Cl)c(Cl)c1,5.81
ZINC000040380176,CCN1CCc2ccccc2Cc2ccc(O)cc2CC1,8.4
ZINC000040380195,CNCc1cc(F)c(Cl)cc1Oc1ccc(Cl)c(Cl)c1,6.64
ZINC000040380450,CNCc1ccc(Cl)cc1Oc1ccc(F)c(Cl)c1,7.22
ZINC000040391284,CNCc1ccc(Cl)cc1Oc1ccc(Cl)cc1,8.18
ZINC000040391678,O=C1C[C@@H](CN2CCC(c3noc4cc(F)ccc34)CC2)Cc2oc(-c3ccccc3)cc21,8.16
ZINC000040391681,O=C1C[C@H](CN2CCC(c3noc4cc(F)ccc34)CC2)Cc2oc(-c3ccccc3)cc21,8.16
ZINC000040392857,CNCc1cc(Cl)ccc1Oc1ccc(C)c(C)c1,7.29
ZINC000040393501,O=C(NCCCCN1CCN(c2cccc(Cl)c2)CC1)c1cc2ccccc2cn1,7.63
ZINC000040393797,Oc1ccc2c(c1)CCNCCc1ccccc1C2,7.21
ZINC000040394946,COc1cc2c3c(c1OCc1ccccc1)-c1cc4c(cc1C[C@@H]3N(C)CC2)OCO4,5.34
ZINC000040394947,COc1cc2c3c(c1OCc1ccccc1)-c1cc4c(cc1C[C@H]3N(C)CC2)OCO4,5.34
ZINC000040401805,N[C@@H](CN1CCN(c2nc3cc(F)ccc3n3cccc23)CC1)C(=O)O,5.24
ZINC000040402848,COc1c(OCCF)cccc1[C@@H](O)C1CCN(CCc2ccc(C)cc2)CC1,8.74
ZINC000040402851,COc1c(OCCF)cccc1[C@H](O)C1CCN(CCc2ccc(C)cc2)CC1,8.74
ZINC000040403185,COc1ccccc1N1CCN(CCCCN2CCCc3ccccc3C2=O)CC1,5.96
ZINC000040404001,O=C(NCCN1CCN(c2cccc(Cl)c2)CC1)[C@@H]1CCCN1C(=O)c1ccccc1,5.89
ZINC000040404656,CC(=O)O[C@@]12C=C(C)[C@@H]([C@H](C)C1)[C@H]1C(=O)N(CCCN3CCN(c4ccccc4)CC3)C(=O)[C@@H]12,6.24
ZINC000040405927,CCO[C@@]12CC[C@@H](C(=O)C1)[C@H]1C(=O)N(CCCCN3CCN(c4ccccc4OC)CC3)C(=O)[C@@H]12,5.55
ZINC000040406156,O=C1CC2(CCCCC2)C(=O)N1CCN1CCN(c2cccc(Cl)c2)CC1,7.82
ZINC000040406168,O=C(NCCCN1CCN(c2cccc(Cl)c2)CC1)[C@@H]1CCC(=O)N1C(=O)C1CCCCC1,6.1
ZINC000040407663,COc1ccccc1N1CCN(CCN2C(=O)C[C@H](NC(=O)C3CCCCC3)C2=O)CC1,5.13
ZINC000040407775,c1ccc(N2CCN(CCCSc3nc4ccccc4s3)CC2)nc1,7.1
ZINC000040407969,CC(=O)O[C@@]12C=C(C)[C@@H]([C@H](C)C1)[C@H]1C(=O)N(OCCCN3CCN(c4ccccc4)CC3)C(=O)[C@@H]12,6.43
ZINC000040409465,C[C@H](N)Cc1c2c(c(Br)c3ccoc13)OCCC2,9.0
ZINC000040409469,C[C@@H](N)Cc1c2c(c(Br)c3ccoc13)OCCC2,9.0
ZINC000040421106,C[C@H](N)Cc1c2c(c(Br)c3c1OCC3)OCCC2,8.44
ZINC000040421108,C[C@@H](N)Cc1c2c(c(Br)c3c1OCC3)OCCC2,8.44
ZINC000040421913,COc1cccc([C@H](O)C2CCN(CCc3ccc([N+](=O)[O-])cc3)CC2)c1OC,7.05
ZINC000040421915,COc1cccc([C@@H](O)C2CCN(CCc3ccc([N+](=O)[O-])cc3)CC2)c1OC,7.05
ZINC000040422912,COc1c(OCCF)cccc1C(=O)C1CCN(CCc2ccc([N+](=O)[O-])cc2)CC1,6.93
ZINC000040423294,COc1c(OCCF)cccc1[C@H](O)C1CCN(C(=O)Cc2ccccc2)CC1,5.7
ZINC000040423295,COc1c(OCCF)cccc1[C@@H](O)C1CCN(C(=O)Cc2ccccc2)CC1,5.7
ZINC000040423861,COc1c(OCCF)cccc1[C@H](O)C1CCN(CCc2ccc(N)cc2)CC1,8.69
ZINC000040423862,COc1c(OCCF)cccc1[C@@H](O)C1CCN(CCc2ccc(N)cc2)CC1,8.69
ZINC000040424285,NC[C@H]1C[C@@H]1c1ccc(Cl)cc1F,6.11
ZINC000040424552,COc1cccc2c1[C@H](CN)c1ccccc1C2,5.94
ZINC000040424554,COc1cccc2c1[C@@H](CN)c1ccccc1C2,5.94
ZINC000040429977,O=S(=O)(NCCCN1CCN(c2cccc(C(F)(F)F)c2)CC1)c1ccc2ccccc2c1,7.02
ZINC000040430932,CCOC(=O)c1oc2c(c1C)C(=O)C[C@@H](CN1CCC(C(=O)c3ccc(F)cc3)CC1)C2,7.66
ZINC000040430934,CCOC(=O)c1oc2c(c1C)C(=O)C[C@H](CN1CCC(C(=O)c3ccc(F)cc3)CC1)C2,7.66
ZINC000040431320,COc1ccc(S(=O)(=O)N[C@@H](C)CCN2CCN(c3cccc(C(F)(F)F)c3)CC2)cc1,5.74
ZINC000040431323,COc1ccc(S(=O)(=O)N[C@H](C)CCN2CCN(c3cccc(C(F)(F)F)c3)CC2)cc1,5.74
ZINC000040460545,Cc1ccc2c(c1)[C@@H]1CCN[C@H](Cc3cccc4ccccc34)[C@@H]1N2,8.45
ZINC000040460546,Cc1ccc2c(c1)[C@@H]1CCN[C@@H](Cc3cccc4ccccc34)[C@@H]1N2,8.45
ZINC000040461369,Cc1ccc2c(c1F)[C@@H]1CCN[C@H](Cc3cccc4ccccc34)[C@@H]1N2,8.57
ZINC000040461370,Cc1ccc2c(c1F)[C@@H]1CCN[C@@H](Cc3cccc4ccccc34)[C@@H]1N2,8.57
ZINC000040689073,COc1ccc2c(c1)[C@@H]1C[C@@H](CN(C)C)ON1c1ccccc1C2,6.52
ZINC000040689074,COc1ccc2c(c1)[C@@H]1C[C@H](CN(C)C)ON1c1ccccc1C2,6.52
ZINC000040828409,CN(C)Cc1ccccc1Oc1ccc(Cl)c(Cl)c1,6.84
ZINC000040829211,CNCc1ccc(Cl)cc1Oc1cccc(Cl)c1,7.31
ZINC000040829386,CCCCCCc1ccc([C@@H](CN)c2ccccc2)cc1,6.7
ZINC000040829388,CCCCCCc1ccc([C@H](CN)c2ccccc2)cc1,6.7
ZINC000040829566,Cc1cccc([C@H]2C[C@@H]2CN)c1,6.23
ZINC000040833600,CNCc1ccc(Cl)cc1Oc1ccc(Cl)c(F)c1,7.24
ZINC000040834225,CSc1c2c(c(C[C@H](C)N)c3c1OCC3)CCO2,6.32
ZINC000040834227,CSc1c2c(c(C[C@@H](C)N)c3c1OCC3)CCO2,6.32
ZINC000040834231,CNCc1cc(Cl)ccc1Oc1ccc(Cl)c(Cl)c1,6.37
ZINC000040834292,CNCc1ccc(Cl)cc1Oc1ccc(C)cc1,8.93
ZINC000040834967,CN(C)Cc1ccccc1Oc1ccc(F)c(F)c1,6.0
ZINC000040836023,CNCc1ccc(Cl)cc1Oc1ccc(Cl)c(C)c1,8.04
ZINC000040836371,NC[C@H]1C[C@@H]1c1ccc(F)cc1Cl,7.04
ZINC000040845066,Cc1ccccc1[C@H]1C[C@@H]1CN,5.79
ZINC000040845108,NC[C@H]1C[C@@H]1c1ccc(Cl)cc1Cl,7.29
ZINC000040845428,CNCc1ccc(Cl)cc1Oc1ccc(F)c(C(F)(F)F)c1,7.31
ZINC000040845485,CNCc1ccc(Cl)cc1Oc1ccc(C)c(Cl)c1,8.04
ZINC000040846011,CN[C@@H](C)c1cc(C(F)(F)F)ccc1Oc1ccc(Cl)c(Cl)c1,6.54
ZINC000040846013,CN[C@H](C)c1cc(C(F)(F)F)ccc1Oc1ccc(Cl)c(Cl)c1,6.54
ZINC000040846015,CN[C@H](C)c1cc(C)ccc1Oc1ccc(Cl)c(Cl)c1,6.76
ZINC000040846017,CN[C@@H](C)c1cc(C)ccc1Oc1ccc(Cl)c(Cl)c1,6.76
ZINC000040847458,CNCc1cc(F)ccc1Oc1ccc(-c2ccccc2)cc1,6.42
ZINC000040848193,NC[C@H]1C[C@@H]1c1cccc(O)c1,6.61
ZINC000040848231,CNCc1cc(S(=O)(=O)NC)ccc1Oc1ccc(Cl)c(Cl)c1,5.25
ZINC000040848325,Cc1ccc(Oc2ccccc2CN(C)C)cc1,7.13
ZINC000040848347,C[C@H](N)Cc1cc(F)c(Br)cc1F,5.6
ZINC000040848348,C[C@@H](N)Cc1cc(F)c(Br)cc1F,5.6
ZINC000040849099,COc1cccc2c1Cc1ccccc1[C@@H]2CN,6.91
ZINC000040849101,COc1cccc2c1Cc1ccccc1[C@H]2CN,6.91
ZINC000040862132,CCOC(=O)c1oc2c(c1C)C(=O)C[C@@H](CN1CCC(c3noc4cc(F)ccc34)CC1)C2,8.08
ZINC000040862134,CCOC(=O)c1oc2c(c1C)C(=O)C[C@H](CN1CCC(c3noc4cc(F)ccc34)CC1)C2,8.08
ZINC000040862136,O=C1C[C@H](CN2CCN(C(=O)c3ccc(F)cc3)CC2)Cc2occc21,5.88
ZINC000040862138,O=C1C[C@@H](CN2CCN(C(=O)c3ccc(F)cc3)CC2)Cc2occc21,5.88
ZINC000040865706,COc1cccc2cc3n(c12)CCN(CCCCNC(=O)C1=Cc2ccccc2CN1)C3,6.79
ZINC000040866587,CN[C@H](C)c1ccc(Cl)cc1Oc1ccc(C)cc1,8.45
ZINC000040866589,CN[C@@H](C)c1ccc(Cl)cc1Oc1ccc(C)cc1,8.45
ZINC000040866996,COC(=O)c1coc2c1C(=O)C[C@H](CN1CCC(c3noc4cc(F)ccc34)CC1)C2,8.81
ZINC000040866998,COC(=O)c1coc2c1C(=O)C[C@@H](CN1CCC(c3noc4cc(F)ccc34)CC1)C2,8.81
ZINC000040867062,CN[C@H](C)c1ccc(Cl)cc1Oc1ccc(C)c(C)c1,8.17
ZINC000040867063,CN[C@@H](C)c1ccc(Cl)cc1Oc1ccc(C)c(C)c1,8.17
ZINC000040867065,CNCc1cc(Cl)ccc1Oc1ccc(Cl)cc1,7.04
ZINC000040867283,O=C(NCCCCN1CCN(c2cccc(Cl)c2Cl)CC1)c1cc2ccccc2cn1,7.39
ZINC000040880153,C[C@H](N)Cc1c2ccccc2c(Br)c2ccccc12,6.5
ZINC000040880157,C[C@@H](N)Cc1c2ccccc2c(Br)c2ccccc12,6.5
ZINC000040897536,CC(=O)O[C@@]12C=C(C)[C@@H]([C@H](C)C1)[C@H]1C(=O)N(CCCCN3CCN(c4ccccn4)CC3)C(=O)[C@@H]12,6.02
ZINC000040898016,Cc1cc([C@H]2C[C@@H]2CN)ccc1F,6.63
ZINC000040898170,NC[C@H]1C[C@@H]1c1cccc(Cl)c1Cl,6.46
ZINC000040898477,CC(=O)O[C@@]12C=C(C)[C@@H]([C@H](C)C1)[C@H]1C(=O)N(CCCCN3CCN(c4ncccn4)CC3)C(=O)[C@@H]12,5.22
ZINC000040899148,Cc1cccc(Cl)c1[C@H]1C[C@@H]1CN,6.14
ZINC000040900086,CC(=O)O[C@@]12C=C(C)[C@@H]([C@H](C)C1)[C@H]1C(=O)N(OCCCN3CCN(c4ccccn4)CC3)C(=O)[C@@H]12,5.74
ZINC000040900360,CC(=O)O[C@@]12C=C(C)[C@@H]([C@H](C)C1)[C@H]1C(=O)N(CCCCN3CCN(Cc4ccccc4)CC3)C(=O)[C@@H]12,5.01
ZINC000040901331,CNCc1cc(C(F)(F)F)ccc1Oc1ccc(C)cc1,7.46
ZINC000040913984,CNCc1ccc(Cl)cc1Oc1ccc(C)c(C)c1,8.47
ZINC000040914154,CC(=O)O[C@@]12C=C(C)[C@@H]([C@H](C)C1)[C@H]1C(=O)N(CCCCN3CCN(c4ccccc4)CC3)C(=O)[C@@H]12,6.54
ZINC000040914461,CC(=O)O[C@@]12C=C(C)[C@@H]([C@H](C)C1)[C@H]1C(=O)N(CCCCN3CCN(c4ccc(F)cc4)CC3)C(=O)[C@@H]12,6.77
ZINC000040914792,CC(=O)O[C@@]12C=C(C)[C@@H]([C@H](C)C1)[C@H]1C(=O)N(OCCCN3CCN(c4ccccc4F)CC3)C(=O)[C@@H]12,5.97
ZINC000040914796,CC(=O)O[C@@]12C=C(C)[C@@H]([C@H](C)C1)[C@H]1C(=O)N(OCCCN3CCN(c4cccc(Cl)c4)CC3)C(=O)[C@@H]12,6.42
ZINC000040915769,COc1ccccc1N1CCN(CCCCSc2nc3ccccc3s2)CC1,6.97
ZINC000040915771,COc1ccccc1N1CCN(CCCCSc2nc3ccccc3o2)CC1,6.53
ZINC000040915787,O=C1C[C@@H](C2CCCCC2)C(=O)N1CCN1CCN(c2cccc(Cl)c2)CC1,6.86
ZINC000040916077,COc1ccccc1N1CCN(CCNC(=O)[C@@H]2CCCN2C(C)=O)CC1,5.07
ZINC000040916079,COc1ccccc1N1CCN(CCNC(=O)[C@@H]2CCCN2C(=O)C2CCCCC2)CC1,5.63
ZINC000040916161,O=C(NCCN1CCN(c2cccc(Cl)c2)CC1)[C@@H]1CCCN1C(=O)C1CCCC1,6.45
ZINC000040916601,COc1ccccc1N1CCN(CCN2C(=O)C[C@@H](C3CCCCC3)C2=O)CC1,6.06
ZINC000040916606,c1ccc(N2CCN(CCCSc3nc4ccccc4o3)CC2)nc1,6.76
ZINC000040916612,COc1ccccc1N1CCN(CCCNC(=O)[C@@H]2CCCN2C(C)=O)CC1,5.5
ZINC000040916614,O=C(N[C@H]1CC(=O)N(CCCCN2CCN(c3cccc(Cl)c3)CC2)C1=O)c1ccccc1,7.12
ZINC000040917007,O=C(N[C@H]1CC(=O)N(CCN2CCN(c3cccc(Cl)c3)CC2)C1=O)C1CCCCC1,5.85
ZINC000040917128,Cc1ccc([C@H]2C[C@@H]2CN)c(Br)c1,6.33
ZINC000040917130,Cc1cccc([C@H]2C[C@@H]2CN)c1C,6.44
ZINC000040917131,Cc1ccc([C@H]2C[C@@H]2CN)cc1C,5.62
ZINC000040917240,COc1ccccc1N1CCN(CCCCCCSc2nc3ccccc3o2)CC1,6.68
ZINC000040917362,c1cnc(N2CCN(CCCSc3nc4ccccc4s3)CC2)nc1,6.74
ZINC000040917473,COc1c(OCCF)cccc1[C@H](O)C1CCN(CCc2ccc([N+](=O)[O-])cc2)CC1,7.59
ZINC000040917475,COc1c(OCCF)cccc1[C@@H](O)C1CCN(CCc2ccc([N+](=O)[O-])cc2)CC1,7.59
ZINC000040917569,O=C(NCCCCN1CCN(c2cccc(Cl)c2)CC1)[C@@H]1CCC(=O)N1C(=O)C1CCCCC1,6.79
ZINC000040917683,COc1ccccc1N1CCN(CCN2C(=O)C[C@H](NC(=O)C34CC5CC(CC(C5)C3)C4)C2=O)CC1,5.32
ZINC000040917833,O=C(NCCN1CCN(c2cccc(Cl)c2)CC1)[C@@H]1CCC(=O)N1C(=O)C1CCCCC1,5.49
ZINC000040918122,COc1c(OCCF)cccc1C(=O)C1CCN(CCc2ccc(F)cc2)CC1,8.49
ZINC000040918318,COc1ccccc1N1CCN(CCNC(=O)[C@@H]2CCCN2C(=O)C23CC4CC(CC(C4)C2)C3)CC1,5.72
ZINC000040918653,COc1ccccc1N1CCN(CCNC(=O)[C@@H]2CCC(=O)N2C(=O)c2ccccc2)CC1,5.06
ZINC000040918740,O=C(N[C@H]1CC(=O)N(CCN2CCN(c3cccc(Cl)c3)CC2)C1=O)c1ccccc1,5.76
ZINC000040918741,COc1ccccc1N1CCN(CCN2C(=O)C[C@@H](NC(C)=O)C2=O)CC1,5.25
ZINC000040918920,COc1ccccc1N1CCN(CCCSc2nc3ccccc3s2)CC1,7.02
ZINC000040918922,COc1ccccc1N1CCN(CCCCN2CCc3ccccc3C2=O)CC1,6.0
ZINC000040937033,Cc1cccc(-c2c(O)c(O)cc3c2CCN(C)C[C@H]3c2cccc(C)c2)c1,6.92
ZINC000040937035,Cc1cccc(-c2c(O)c(O)cc3c2CCN(C)C[C@@H]3c2cccc(C)c2)c1,6.92
ZINC000040937344,NC[C@@H]1c2ccccc2Cc2cc(O)ccc21,6.97
ZINC000040937346,NC[C@H]1c2ccccc2Cc2cc(O)ccc21,6.97
ZINC000040937716,CCCCCCc1ccc2c(c1)Cc1cc(OC)ccc1[C@@H]2CN,7.37
ZINC000040937717,CCCCCCc1ccc2c(c1)Cc1cc(OC)ccc1[C@H]2CN,7.37
ZINC000040938207,CCCCCOc1ccc2c(c1)Cc1ccccc1[C@@H]2CN,7.64
ZINC000040938209,CCCCCOc1ccc2c(c1)Cc1ccccc1[C@H]2CN,7.64
ZINC000040938867,NCCc1c2c(c(Br)c3c1OCC3)OCCC2,8.03
ZINC000040938869,NCCc1c2c(c(Br)c3c1OCCC3)OCC2,8.08
ZINC000040943041,Oc1cc2c(c(-c3ccc4ccccc4c3)c1O)CCNC[C@H]2c1ccccc1,6.43
ZINC000040943043,Oc1cc2c(c(-c3ccc4ccccc4c3)c1O)CCNC[C@@H]2c1ccccc1,6.43
ZINC000040943211,Cc1cccc([C@@H]2CN(C)CCc3c2cc(O)c(O)c3-c2ccc3ccccc3c2)c1,7.37
ZINC000040943213,Cc1cccc([C@H]2CN(C)CCc3c2cc(O)c(O)c3-c2ccc3ccccc3c2)c1,7.37
ZINC000040949673,COc1cccc([C@@H](O)C2CCN(CCc3ccc(C)cc3)CC2)c1OC,9.51
ZINC000040949675,COc1cccc([C@H](O)C2CCN(CCc3ccc(C)cc3)CC2)c1OC,9.51
ZINC000040949865,COc1c(OCCF)cccc1[C@H](O)C1CCN(CCc2ccccc2)CC1,8.79
ZINC000040949867,COc1c(OCCF)cccc1[C@@H](O)C1CCN(CCc2ccccc2)CC1,8.79
ZINC000040950248,NC[C@H]1C[C@@H]1c1ccc(Cl)cc1,5.35
ZINC000040950365,COc1c(OCCF)cccc1C(=O)C1CCN(CCc2ccc(C)cc2)CC1,8.34
ZINC000040950367,COc1ccc(CCN2CCC([C@H](O)c3cccc(OCCF)c3OC)CC2)cc1,7.23
ZINC000040950369,COc1ccc(CCN2CCC([C@@H](O)c3cccc(OCCF)c3OC)CC2)cc1,7.23
ZINC000040951260,O=S(=O)(c1ccc2c(c1)CCNCC2)N1CCC(Oc2ccccc2Cl)CC1,7.49
ZINC000040951681,NC[C@H]1C[C@@H]1c1ccc(F)cc1F,6.26
ZINC000040951683,NC[C@H]1C[C@@H]1c1ccc(F)c(F)c1,6.24
ZINC000040952715,O=S(=O)(NCCCN1CCN(c2ccc(Cl)c(Cl)c2)CC1)c1ccc2ccccc2c1,7.72
ZINC000040953743,NC[C@H]1C[C@@H]1c1cccc(F)c1,6.36
ZINC000040954905,O=C1C[C@@H](CN2CCC(C(=O)c3ccc(F)cc3)CC2)Cc2oc(-c3ccccc3)cc21,7.76
ZINC000040954907,O=C1C[C@H](CN2CCC(C(=O)c3ccc(F)cc3)CC2)Cc2oc(-c3ccccc3)cc21,7.76
ZINC000040954917,Cc1ccc([C@H]2C[C@@H]2CN)cc1,5.71
ZINC000040955299,Clc1cccc(N2CCN(CCCCCOc3cc4ccccc4cn3)CC2)c1Cl,7.24
ZINC000040955759,Clc1cccc(N2CCN(CCCCOc3cc4ccccc4cn3)CC2)c1Cl,6.91
ZINC000040956877,NC[C@H]1C[C@@H]1c1cccc(C(F)(F)F)c1,5.83
ZINC000040956995,NC[C@H]1C[C@@H]1c1cccc(Cl)c1,5.72
ZINC000040957817,COC(=O)c1coc2c1C(=O)C[C@H](CN1CCC(C(=O)c3ccc(F)cc3)CC1)C2,7.59
ZINC000040957820,COC(=O)c1coc2c1C(=O)C[C@@H](CN1CCC(C(=O)c3ccc(F)cc3)CC1)C2,7.59
ZINC000040957826,COc1cccc([C@H]2C[C@@H]2CN)c1,6.21
ZINC000040957874,COc1ccc(S(=O)(=O)NCCCN2CCN(c3cccc(C(F)(F)F)c3)CC2)cc1,6.45
ZINC000040973903,Clc1cccc(N2CCN(CCCCOc3ccc4cccnc4c3)CC2)c1Cl,6.9
ZINC000040975180,N#Cc1cccc(N2CCN(CCCCN3CCn4c(cc5ccccc54)C3=O)CC2)c1,6.41
ZINC000040975182,O=C1c2cc3ccccc3n2CCN1CCCCN1CCN(c2ccc(Cl)cc2Cl)CC1,6.52
ZINC000040976766,COc1ccc2c(c1)[C@H](CN)c1ccccc1C2,5.86
ZINC000040976768,COc1ccc2c(c1)[C@@H](CN)c1ccccc1C2,5.86
ZINC000040979285,NC[C@H]1C[C@@H]1c1ccccc1O,6.29
ZINC000040979387,CN[C@@H](C)c1ccc(OC)cc1Oc1ccc(Cl)c(Cl)c1,7.06
ZINC000040979389,CN[C@H](C)c1ccc(OC)cc1Oc1ccc(Cl)c(Cl)c1,7.06
ZINC000040979743,NC[C@H]1C[C@@H]1c1ccccc1Cl,6.77
ZINC000040980496,CNCc1ccc(C(F)(F)F)cc1Oc1ccc(Cl)cc1,6.49
ZINC000040980552,COc1ccccc1[C@H]1C[C@@H]1CN,5.66
ZINC000040980650,CCc1cc(Oc2cc(Cl)ccc2CNC)ccc1Cl,7.33
ZINC000040980670,COc1cc2c(cc1Br)OCC[C@H](N)C2,6.37
ZINC000040980672,COc1cc2c(cc1Br)OCC[C@@H](N)C2,6.37
ZINC000041205272,CCOc1ccccc1[C@H]1C[C@@H]1CN,5.52
ZINC000042888029,C[C@H](N)Cc1c2c(c(Br)c3c1OCCC3)OCC2,8.28
ZINC000042888032,C[C@@H](N)Cc1c2c(c(Br)c3c1OCCC3)OCC2,8.28
ZINC000042966761,Cc1cccc(S(=O)(=O)NCCNC(=N)N2CCC(c3ccccc3)CC2)c1,6.8
ZINC000043016107,COc1ccccc1N1CCN(/C(N)=N/CCNS(=O)(=O)c2cccc(C)c2)CC1,5.94
ZINC000043019876,COc1ccccc1N1CCN(C(=N)NCCCCNS(=O)(=O)c2ccc(C)cc2)CC1,6.47
ZINC000043020865,Cc1cccc(S(=O)(=O)NCCNC(=N)N2CCC(C)CC2)c1,6.83
ZINC000043023532,Cc1cccc(S(=O)(=O)NCCCCNC(=N)N2CCC(c3ccccc3)CC2)c1,6.11
ZINC000043023679,COc1ccccc1N1CCN(C(=N)NCCCNS(=O)(=O)c2cccc3ccccc23)CC1,6.03
ZINC000043065853,COc1ccccc1N1CCN(C(=O)/N=C(\N)NCc2cccc3ccccc23)CC1,6.82
ZINC000043069367,Cc1cccc(S(=O)(=O)NCCCNC(=N)N2CCC(c3ccccc3)CC2)c1,5.9
ZINC000043076608,N=C(NCCCCNS(=O)(=O)c1cccc2ccccc12)N1CCc2ccccc2C1,6.71
ZINC000043172197,Nn1c(CCCCN2CCN(c3ccc4ccccc4n3)CC2)nc2c(c1=O)CCCC2,7.0
ZINC000043198175,CNc1nc(Cc2ccccc2)nc2c1CCNC[C@@H]2C,6.44
ZINC000043202519,CN(C)[C@@H]1CC[C@]2(Cc3ccccc3Cc3ccccc32)C1,7.9
ZINC000043202520,CN(C)[C@H]1CC[C@]2(Cc3ccccc3Cc3ccccc32)C1,7.9
ZINC000043202654,O=C(O)CCN[C@H]1CC[C@@]2(Cc3ccccc3Cc3ccccc32)C1,5.7
ZINC000043202655,O=C(O)CCN[C@H]1CC[C@]2(Cc3ccccc3Cc3ccccc32)C1,6.8
ZINC000043202656,O=C(O)CCN[C@@H]1CC[C@@]2(Cc3ccccc3Cc3ccccc32)C1,5.7
ZINC000043202657,O=C(O)CCN[C@@H]1CC[C@]2(Cc3ccccc3Cc3ccccc32)C1,6.8
ZINC000043202659,O=C(O)[C@]12C[C@H]1CN([C@H]1CC[C@]3(Cc4ccccc4Cc4ccccc43)C1)C2,7.5
ZINC000043202661,O=C(O)[C@]12C[C@H]1CN([C@@H]1CC[C@]3(Cc4ccccc4Cc4ccccc43)C1)C2,7.5
ZINC000043202663,O=C(O)[C@@H]1CN([C@H]2CC[C@]3(Cc4ccccc4Cc4ccccc43)C2)CCO1,7.0
ZINC000043202665,O=C(O)[C@@H]1CN([C@@H]2CC[C@]3(Cc4ccccc4Cc4ccccc43)C2)CCO1,7.0
ZINC000043202666,O=C(O)C1=CCN([C@H]2CC[C@@]3(Cc4ccccc4Cc4ccccc43)C2)CC1,7.1
ZINC000043202667,O=C(O)C1=CCN([C@H]2CC[C@]3(Cc4ccccc4Cc4ccccc43)C2)CC1,7.1
ZINC000043202668,O=C(O)C1=CCN([C@@H]2CC[C@@]3(Cc4ccccc4Cc4ccccc43)C2)CC1,7.1
ZINC000043202669,O=C(O)C1=CCN([C@@H]2CC[C@]3(Cc4ccccc4Cc4ccccc43)C2)CC1,7.1
ZINC000044400567,CC[C@H](N)Cc1c[nH]c2ccc(Cl)cc12,6.6
ZINC000044400569,CC[C@@H](N)Cc1c[nH]c2ccc(Cl)cc12,6.6
ZINC000044405019,CC[C@H](N)Cc1c[nH]c2ccc(F)cc12,6.61
ZINC000044405023,CC[C@@H](N)Cc1c[nH]c2ccc(F)cc12,6.61
ZINC000045244903,Cn1c(=O)c2c(nc3n(CCCN4CCN(c5cccc(Cl)c5)CC4)ccn23)n(C)c1=O,7.04
ZINC000045244946,CCOC(=O)c1cc2cc(OCCCN3CCN(c4ccc(OC)cc4)CC3)ccc2[nH]1,5.0
ZINC000045245230,CSc1ncc2c(n1)C[C@H](CN1CCC(c3noc4cc(F)ccc34)CC1)CC2=O,8.34
ZINC000045245231,CSc1ncc2c(n1)C[C@@H](CN1CCC(c3noc4cc(F)ccc34)CC1)CC2=O,8.34
ZINC000045245344,O=c1[nH]c2cccc(N3C[C@H]4C[C@@H]3CN4C[C@@H]3CCc4[nH]c5ccc(F)cc5c4C3)c2o1,5.74
ZINC000045245993,CCOC(=O)c1cc2cc(OCCCN3CCN(c4ccccn4)CC3)ccc2[nH]1,6.46
ZINC000045253083,O=C1Cc2c(ccc3c2OC[C@H](CNCCC[C@@H]2CCc4c([nH]c5ccc(F)cc45)C2)O3)N1,8.22
ZINC000045253085,O=C1Cc2c(ccc3c2OC[C@H](CNCCC[C@H]2CCc4c([nH]c5ccc(F)cc45)C2)O3)N1,8.22
ZINC000045253106,CCOC(=O)c1cc2cc(OCCCN3CCN(c4cccc(Cl)c4)CC3)ccc2[nH]1,5.0
ZINC000045253294,CCOC(=O)c1cc2cc(OCCCN3CCN(c4cccc(C(F)(F)F)c4)CC3)ccc2[nH]1,5.44
ZINC000045253679,CCOC(=O)c1cc2cc(OCCCN3CCN(c4ccc([N+](=O)[O-])cc4)CC3)ccc2[nH]1,5.0
ZINC000045253989,Cn1c(=O)c2c(nc3n(CCCN4CCN(c5ccccc5)CC4)c(-c4ccccc4)cn23)n(C)c1=O,6.09
ZINC000045254146,Cc1nc2c3c(nc(Cc4ccccc4)n2n1)CCNCC3,5.74
ZINC000045255093,O=c1[nH]c2cccc(N3CCN(C[C@@H]4CCc5[nH]c6ccc(F)cc6c5C4)CC3)c2o1,6.89
ZINC000045255095,O=c1[nH]c2cccc(N3CCN(C[C@H]4CCc5[nH]c6ccc(F)cc6c5C4)CC3)c2o1,6.89
ZINC000045255176,C[C@@H]1CNCCN1c1ccc(=O)n(CCOc2ccccc2C(F)(F)F)n1,7.39
ZINC000045255504,O=c1ccc(N2CCNCC2)nn1CCOc1ccccc1C(F)(F)F,5.96
ZINC000045256484,CCOC(=O)c1cc2cc(OCCCN3CCN(c4ccc(Cl)cc4)CC3)ccc2[nH]1,5.0
ZINC000045257599,O=c1ccc(N2CCNCC2)nn1CCOc1ccccc1Cl,6.6
ZINC000045257969,O=C1Cc2c(ccc3c2OC[C@H](CNC[C@H]2CCc4[nH]c5ccc(F)cc5c4C2)O3)N1,8.7
ZINC000045257974,O=C1Cc2c(ccc3c2OC[C@H](CNC[C@@H]2CCc4[nH]c5ccc(F)cc5c4C2)O3)N1,8.7
ZINC000045259120,C[C@@H]1CCCCN1CCOc1ccc(NC(=O)Nc2ccc(Cl)cc2)cc1-c1ccnn1C,9.08
ZINC000045259124,C[C@H]1CCCCN1CCOc1ccc(NC(=O)Nc2ccc(Cl)cc2)cc1-c1ccnn1C,9.08
ZINC000045260939,C[C@@H]1CNCCN1c1ccc(=O)n(CCOc2ccccc2Cl)n1,6.94
ZINC000045284032,CSc1ncc2c(n1)C[C@H](CN1CCC(C(=O)c3ccc(F)cc3)CC1)CC2=O,6.99
ZINC000045284034,CSc1ncc2c(n1)C[C@@H](CN1CCC(C(=O)c3ccc(F)cc3)CC1)CC2=O,6.99
ZINC000045284986,Clc1ccccc1CCOc1cncc(N2CCNCC2)n1,6.51
ZINC000045287381,O=C1C[C@@H](CN2CCC(C(=O)c3ccc(F)cc3)CC2)Cc2nc(-c3ccccc3)ncc21,6.2
ZINC000045287384,O=C1C[C@H](CN2CCC(C(=O)c3ccc(F)cc3)CC2)Cc2nc(-c3ccccc3)ncc21,6.2
ZINC000045288125,C[C@@H](COc1ccccc1Cl)n1nc(N2CCNCC2)ccc1=O,7.19
ZINC000045288640,O=C1C[C@H](CN2CCC(c3noc4cc(F)ccc34)CC2)Cc2ncncc21,7.63
ZINC000045288643,O=C1C[C@@H](CN2CCC(c3noc4cc(F)ccc34)CC2)Cc2ncncc21,7.63
ZINC000045291246,O=C1C[C@@H](CN2CCC(c3noc4cc(F)ccc34)CC2)Cc2nc(-c3ccccc3)ncc21,6.9
ZINC000045291249,O=C1C[C@H](CN2CCC(c3noc4cc(F)ccc34)CC2)Cc2nc(-c3ccccc3)ncc21,6.9
ZINC000045291337,Cc1nnc2c3c(nc(Cc4ccccc4)n12)CCNCC3,5.8
ZINC000045299761,CNc1ncc2c(n1)C[C@H](CN1CCC(c3noc4cc(F)ccc34)CC1)CC2=O,8.62
ZINC000045299763,CNc1ncc2c(n1)C[C@@H](CN1CCC(c3noc4cc(F)ccc34)CC1)CC2=O,8.62
ZINC000045299987,O=C1C[C@H](CN2CCC(C(=O)c3ccc(F)cc3)CC2)Cc2ncncc21,6.51
ZINC000045299989,O=C1C[C@@H](CN2CCC(C(=O)c3ccc(F)cc3)CC2)Cc2ncncc21,6.51
ZINC000045318243,CCOC(=O)c1cc2cc(OCCCN3CCN(C(=O)c4ccco4)CC3)ccc2[nH]1,6.34
ZINC000045318422,CCOC(=O)c1cc2cc(OCCCN3CCN(Cc4ccc5c(c4)OCO5)CC3)ccc2[nH]1,7.58
ZINC000045319362,Cc1cccc2nc(N3CCN(Cc4cnc[nH]4)CC3)c3cccn3c12,5.01
ZINC000045321271,CNc1ncc2c(n1)C[C@H](CN1CCC(C(=O)c3ccc(F)cc3)CC1)CC2=O,8.19
ZINC000045321275,CNc1ncc2c(n1)C[C@@H](CN1CCC(C(=O)c3ccc(F)cc3)CC1)CC2=O,8.19
ZINC000045334419,CCOC(=O)c1cc2cc(OCCCN3CCN(c4ccccc4Cl)CC3)ccc2[nH]1,6.27
ZINC000045336371,O=C1N[C@@H]2CNCCN2c2ccc(Cl)cc21,6.4
ZINC000045336668,O=C1N[C@@H]2CCNCCN2c2cccc(Cl)c21,6.89
ZINC000045337614,Cn1ncc(Br)c1-c1cccc(NC(=O)Nc2ccc(OC(F)(F)F)cc2)c1,6.92
ZINC000045337990,O=C1N[C@H]2CCNCCN2c2ccccc21,6.61
ZINC000045338195,O=C1N[C@@H]2CNCCN2c2ccccc21,5.7
ZINC000045338209,O=C1N[C@@H]2CNCCN2c2cccc(C(F)(F)F)c21,6.74
ZINC000045338747,Cc1cccc2c1C(=O)N[C@H]1CCNCCN21,7.15
ZINC000045338915,Cc1ccc2c(c1)C(=O)N[C@H]1CNCCN21,5.91
ZINC000045339406,Cc1ccc2c(c1)N1CCNCC[C@@H]1NC2=O,6.44
ZINC000045339991,Clc1ccccc1O[C@H]1CCCc2ccc(N3CCNCC3)nc21,9.15
ZINC000045339993,Clc1ccccc1O[C@@H]1CCc2ccc(N3CCNCC3)nc21,8.42
ZINC000045353570,Fc1ccc(F)c(CO[C@H]2CCc3ccc(N4CCNCC4)nc32)c1,7.82
ZINC000045354596,Clc1ccccc1O[C@@H]1CCCc2ccc(N3CCNCC3)nc21,8.7
ZINC000045354604,c1cc2c(nc1N1CCNCC1)CCCC2,7.68
ZINC000045354910,Fc1ccc(-n2cc(CN3CCN(c4ccccc4)CC3)nn2)cc1,5.25
ZINC000045355531,Cn1ncc(Br)c1-c1cccc(NC(=O)Nc2ccc(Cl)cc2)c1,7.72
ZINC000045355741,Clc1ccc(N2CCN(Cc3cn(-c4ccc(Cl)cc4)nn3)CC2)cc1,5.49
ZINC000045356774,Cc1nc2ccccn2c1CN1CCN(c2ccc(Cl)cc2)CC1,5.31
ZINC000045358767,Fc1ccc(N2CCN(Cc3cnn(-c4ccc(F)cc4)c3)CC2)cc1,6.28
ZINC000045364078,COc1ccc2c3c(ccc2c1)Cc1ccccc1[C@H]3CN,7.68
ZINC000045364082,COc1ccc2c3c(ccc2c1)Cc1ccccc1[C@@H]3CN,7.68
ZINC000045365831,Fc1ccc(N2CCN(Cc3cn(-c4ccccc4)nn3)CC2)cc1,5.48
ZINC000045366195,Clc1ccc(N2CCN(Cc3cn(-c4ccccc4)nn3)CC2)cc1,5.69
ZINC000045367632,O=S(=O)(c1cccc2ccccc12)N(CCCN1CCN(c2ccccc2)CC1)CC1CC1,6.77
ZINC000045367635,O=S(=O)(c1ccc(C(F)(F)F)cc1)N(CCCN1CCN(c2ccccc2)CC1)CC1CC1,7.15
ZINC000045367660,COc1ccc(S(=O)(=O)N(CCCN2CCN(c3cccc(C(F)(F)F)c3)CC2)CC2CC2)cc1,6.14
ZINC000045367719,O=S(=O)(c1ccc2ccccc2c1)N(CCCN1CCN(c2ccccc2)CC1)CC1CC1,7.44
ZINC000045367848,COc1ccccc1N1CCN(CCCN(CC2CCCCC2)S(=O)(=O)c2ccc3ccccc3c2)CC1,7.94
ZINC000045367993,COc1ccc(S(=O)(=O)N(CCCN2CCN(c3ccc(F)cc3)CC2)CC2CC2)cc1,7.14
ZINC000045368533,O=S(=O)(c1ccc2ccccc2c1)N(CCCN1CCN(c2ccc(F)cc2)CC1)CC1CC1,7.29
ZINC000045368535,O=S(=O)(c1cccc2cccnc12)N(CCCN1CCN(c2ccccc2)CC1)CC1CC1,6.53
ZINC000045369014,COc1ccc(S(=O)(=O)N(CCCN2CCN(c3ccccc3OC)CC2)CC2CCCCC2)cc1,7.79
ZINC000045369100,COc1ccc(S(=O)(=O)N(CCCN2CCN(c3ccccc3)CC2)CC2CC2)cc1,6.87
ZINC000045369104,COc1ccc(S(=O)(=O)N(CCCN2CCN(c3ccccc3OC)CC2)CC2CC2)cc1,5.66
ZINC000045369425,O=S(=O)(c1ccc2ccccc2c1)N(CCCN1CCN(c2ccccc2)CC1)CC1CCCCC1,9.15
ZINC000045369706,COc1ccc(S(=O)(=O)N(CCCN2CCN(c3ccccc3)CC2)CC2CCCCC2)cc1,8.03
ZINC000045370151,O=[N+]([O-])c1ccc(S(=O)(=O)N(CCCN2CCN(c3ccccc3)CC2)CC2CC2)cc1,6.74
ZINC000045370326,O=S(=O)(c1ccc(C(F)(F)F)cc1)N(CCCN1CCN(c2ccccc2)CC1)CC1CCCCC1,8.15
ZINC000045370413,Fc1ccc(-n2cc(CN3CCN(c4ccccc4)CC3)cn2)cc1,6.04
ZINC000045371167,O=S(=O)(c1ccc(F)cc1)N(CCCN1CCN(c2ccccc2)CC1)CC1CCCCC1,7.88
ZINC000045371278,C[C@@H](CCN1CCN(c2ccc(F)cc2)CC1)NS(=O)(=O)c1ccc2ccccc2c1,8.21
ZINC000045371283,C[C@H](CCN1CCN(c2ccc(F)cc2)CC1)NS(=O)(=O)c1ccc2ccccc2c1,8.21
ZINC000045371750,COc1ccccc1N1CCN(CCCN(CC2CCCCC2)S(=O)(=O)c2cccc3cccnc23)CC1,7.22
ZINC000045372100,O=S(=O)(c1ccc2ccccc2c1)N(CCCN1CCN(c2cccc(C(F)(F)F)c2)CC1)CC1CC1,6.66
ZINC000045372219,O=S(=O)(c1cccc2cccnc12)N(CCCN1CCN(c2ccc(F)cc2)CC1)CC1CCCCC1,8.29
ZINC000045372252,O=S(=O)(c1ccc2ccccc2c1)N(CCCN1CCN(c2ccc(F)cc2)CC1)CC1CCCCC1,9.3
ZINC000045372257,O=S(=O)(c1cccc2cccnc12)N(CCCN1CCN(c2ccccc2)CC1)CC1CCCCC1,7.46
ZINC000045373098,O=S(=O)(c1ccc(F)cc1)N(CCCN1CCN(c2ccccc2)CC1)CC1CC1,6.85
ZINC000045374536,COc1ccccc1N1CCN(CCCN(CC2CC2)S(=O)(=O)c2cccc3cccnc23)CC1,6.25
ZINC000045384164,O=C1N[C@@H]2CNCCN2c2cccc(Cl)c21,6.48
ZINC000045384219,COc1ccc(S(=O)(=O)N(CCCN2CCN(c3ccc(F)cc3)CC2)CC2CCCCC2)cc1,8.47
ZINC000045385734,C[C@@H](CCN1CCN(c2ccccc2)CC1)NS(=O)(=O)c1ccc2ccccc2c1,7.9
ZINC000045385736,C[C@H](CCN1CCN(c2ccccc2)CC1)NS(=O)(=O)c1ccc2ccccc2c1,7.9
ZINC000045386310,C[C@@H](CCN1CCN(c2cccc(C(F)(F)F)c2)CC1)NS(=O)(=O)c1ccc2ccccc2c1,6.74
ZINC000045386315,C[C@H](CCN1CCN(c2cccc(C(F)(F)F)c2)CC1)NS(=O)(=O)c1ccc2ccccc2c1,6.74
ZINC000045386809,O=S(=O)(c1cccc2ccccc12)N(CCCN1CCN(c2ccccc2)CC1)CC1CCCCC1,8.59
ZINC000045386894,COc1ccccc1N1CCN(CC[C@H](C)NS(=O)(=O)c2ccc3ccccc3c2)CC1,6.18
ZINC000045386897,COc1ccccc1N1CCN(CC[C@@H](C)NS(=O)(=O)c2ccc3ccccc3c2)CC1,6.18
ZINC000045387915,O=S(=O)(c1cccc2cccnc12)N(CCCN1CCN(c2ccc(F)cc2)CC1)CC1CC1,8.08
ZINC000045388534,COc1ccccc1N1CCN(CCCN(CC2CC2)S(=O)(=O)c2ccc3ccccc3c2)CC1,7.07
ZINC000045389109,C[C@@H]1CCCCN1CCc1cccc2[nH]cc(S(=O)(=O)c3ccccc3)c12,7.05
ZINC000045389111,C[C@H]1CCCCN1CCc1cccc2[nH]cc(S(=O)(=O)c3ccccc3)c12,7.05
ZINC000045389323,C[C@@H]1CCCN(CCc2cccc3[nH]cc(S(=O)(=O)c4ccccc4)c23)C1,7.34
ZINC000045389328,C[C@H]1CCCN(CCc2cccc3[nH]cc(S(=O)(=O)c4ccccc4)c23)C1,7.34
ZINC000045389878,Fc1ccc(N2CCN(Cc3cn(-c4ccc(F)cc4)nn3)CC2)cc1,5.33
ZINC000045389951,O=[N+]([O-])c1ccc(S(=O)(=O)N(CCCN2CCN(c3ccccc3)CC2)CC2CCCCC2)cc1,8.38
ZINC000045495384,CN(C)Cc1cc(N)ccc1Oc1ccc(Cl)c(Cl)c1,6.14
ZINC000045496204,COc1ccc(CCN2CCC(C(=O)c3cccc(OCCF)c3OC)CC2)cc1,6.82
ZINC000045496607,C[C@@H](c1ccccc1Oc1ccc(Cl)c(Cl)c1)N(C)C,7.06
ZINC000045496609,C[C@H](c1ccccc1Oc1ccc(Cl)c(Cl)c1)N(C)C,7.06
ZINC000045498138,CNCc1ccc(F)cc1Oc1ccc(Cl)c(Cl)c1,6.19
ZINC000045498312,COc1c(O)cccc1C(=O)C1CCN(CCc2ccc(F)cc2)CC1,8.87
ZINC000049032982,Cc1cccc(N2CCN(CCCCNC(=O)c3cc(-c4ccccc4)n(C)c3C)CC2)c1C,7.21
ZINC000049032984,CCCn1c(-c2ccccc2)cc(C(=O)NCCCCN2CCN(c3cccc(C)c3C)CC2)c1C,6.1
ZINC000049032998,Cc1c(C(=O)NCCCN2CCN(c3cccc(Cl)c3)CC2)cc(-c2ccccc2)n1N1CCCCC1,6.36
ZINC000049033000,Cc1c(C(=O)NCCCN2CCN(c3cccc(Cl)c3)CC2)cc(-c2ccccc2)n1-c1ccc(F)cc1,7.64
ZINC000049033663,Cc1[nH]c(-c2ccccc2)cc1C(=O)NCCN1CCN(c2cccc(Cl)c2Cl)CC1,7.4
ZINC000049033756,CCCn1c(-c2ccccc2)cc(C(=O)NCCCCN2CCN(c3cccc(Cl)c3Cl)CC2)c1C,6.98
ZINC000049033758,Cc1cccc(N2CCN(CCCCNC(=O)c3cc(-c4ccccc4)[nH]c3C)CC2)c1C,8.0
ZINC000049033785,Cc1c(C(=O)NCCCCN2CCN(c3cccc(Cl)c3Cl)CC2)cc(-c2ccccc2)n1C,7.55
ZINC000049033913,Cc1c(C(=O)NCCCN2CCN(c3cccc(Cl)c3)CC2)cc(-c2ccccc2)n1Cc1ccccc1,6.75
ZINC000049034230,Cc1c(C(=O)NCCCN2CCN(c3cccc(Cl)c3)CC2)cc(-c2ccccc2)n1C,7.04
ZINC000049034232,CCCn1c(-c2ccccc2)cc(C(=O)NCCCN2CCN(c3cccc(Cl)c3)CC2)c1C,6.72
ZINC000049034703,c1ccc(N2CCN(C[C@@H]3CCCCN3)C2)cc1,5.6
ZINC000049036014,Cc1cccc(N2CCN(CCCNC(=O)c3cc(-c4ccccc4)n(C)c3C)CC2)c1C,7.24
ZINC000049036291,Cc1cccc(N2CCN(CCCNC(=O)c3cc(-c4ccccc4)[nH]c3C)CC2)c1C,6.52
ZINC000049037168,C[C@@H](O)c1ccccc1S(=O)(=O)c1ccc(/C=C/c2ccc(F)cc2)cc1,10.15
ZINC000049050789,N#C/N=C(\NCCCN1CCN(c2cccc(C(F)(F)F)c2)CC1)c1ccncc1,7.49
ZINC000049052289,CCn1c(-c2ccccc2)cc(C(=O)NCCCN2CCN(c3cccc(Cl)c3Cl)CC2)c1C,6.42
ZINC000049052293,CCCn1c(-c2ccccc2)cc(C(=O)NCCCN2CCN(c3cccc(Cl)c3Cl)CC2)c1C,6.49
ZINC000049052353,CCOc1ccccc1N1CCN(CCCN/C(=N\C#N)c2ccncc2)CC1,5.72
ZINC000049052779,CCn1c(-c2ccccc2)cc(C(=O)NCCCN2CCN(c3cccc(C)c3C)CC2)c1C,7.12
ZINC000049053823,Cc1cccc(N2CCN(CCCNC(=O)c3cc(-c4ccccc4)n(CC4CCCCC4)c3C)CC2)c1C,5.91
ZINC000049053982,Cc1[nH]c(-c2ccccc2)cc1C(=O)NCCCN1CCN(c2cccc(Cl)c2Cl)CC1,6.52
ZINC000049054304,CCCn1c(-c2ccccc2)cc(C(=O)NCCCN2CCN(c3cccc(C)c3C)CC2)c1C,6.89
ZINC000049054307,Cc1cccc(N2CCN(CCCNC(=O)c3cc(-c4ccccc4)n(CC(C)C)c3C)CC2)c1C,6.05
ZINC000049054310,Cc1cccc(N2CCN(CCCNC(=O)c3cc(-c4ccccc4)n(N4CCCCC4)c3C)CC2)c1C,6.88
ZINC000049054316,O=C1N(C[C@@H]2CCCCN2)CCN1c1cccc(Cl)c1,5.8
ZINC000049054319,O=C1N(C[C@H]2CCCCN2)CCN1c1cccc(Cl)c1,5.8
ZINC000049055027,Cc1cccc(N2CCN(CCCNC(=O)c3cc(-c4ccccc4)n(-c4ccc(F)cc4)c3C)CC2)c1C,8.16
ZINC000049066729,Cc1c(C(=O)NCCCN2CCN(c3cccc(Cl)c3Cl)CC2)cc(-c2ccccc2)n1CC(C)C,6.39
ZINC000049088026,C[C@@]1(c2ccccc2)NC(=O)N(CCCN2CCN(c3ccccc3)CC2)C1=O,7.16
ZINC000049088027,C[C@]1(c2ccccc2)NC(=O)N(CCCN2CCN(c3ccccc3)CC2)C1=O,7.16
ZINC000049088055,COc1ccccc1N1CCN(CCCN2C(=O)N[C@]3(CCCc4ccccc43)C2=O)CC1,6.55
ZINC000049088056,COc1ccccc1N1CCN(CCCN2C(=O)N[C@@]3(CCCc4ccccc43)C2=O)CC1,6.55
ZINC000049088082,O=C1N[C@@](c2ccccc2)(C2CC2)C(=O)N1CCCN1CCN(c2ccccc2)CC1,7.0
ZINC000049088083,O=C1N[C@](c2ccccc2)(C2CC2)C(=O)N1CCCN1CCN(c2ccccc2)CC1,7.0
ZINC000049088084,COc1ccccc1N1CCN(CCCN2C(=O)N[C@](c3ccccc3)(C3CC3)C2=O)CC1,6.15
ZINC000049088085,COc1ccccc1N1CCN(CCCN2C(=O)N[C@@](c3ccccc3)(C3CC3)C2=O)CC1,6.15
ZINC000049088461,O=C1N[C@]2(CCCc3ccccc32)C(=O)N1CCCN1CCN(c2ccccc2)CC1,7.6
ZINC000049088462,O=C1N[C@@]2(CCCc3ccccc32)C(=O)N1CCCN1CCN(c2ccccc2)CC1,7.6
ZINC000049089019,O=C1N[C@]2(CCc3ccccc32)C(=O)N1CCCN1CCN(c2cccc(Cl)c2)CC1,7.28
ZINC000049089020,O=C1N[C@@]2(CCc3ccccc32)C(=O)N1CCCN1CCN(c2cccc(Cl)c2)CC1,7.28
ZINC000049089052,O=C1N[C@]2(CCc3ccccc32)C(=O)N1CCCN1CCN(c2ccccc2)CC1,7.52
ZINC000049089053,O=C1N[C@@]2(CCc3ccccc32)C(=O)N1CCCN1CCN(c2ccccc2)CC1,7.52
ZINC000049089077,O=C1N[C@@](c2ccccc2)(C2CC2)C(=O)N1CCCN1CCN(c2cccc(Cl)c2)CC1,7.11
ZINC000049089078,O=C1N[C@](c2ccccc2)(C2CC2)C(=O)N1CCCN1CCN(c2cccc(Cl)c2)CC1,7.11
ZINC000049089180,CCn1c(-c2ccccc2)cc(C(=O)NCCCN2CCN(c3cccc(Cl)c3)CC2)c1C,7.04
ZINC000049089183,Cc1[nH]c(-c2ccccc2)cc1C(=O)NCCCN1CCN(c2cccc(Cl)c2)CC1,6.61
ZINC000049089224,Cc1c(C(=O)NCCCN2CCN(c3cccc(Cl)c3)CC2)cc(-c2ccccc2)n1CC1CCCCC1,5.97
ZINC000049089254,Cc1c(C(=O)NCCCN2CCN(c3cccc(Cl)c3Cl)CC2)cc(-c2ccccc2)n1C,7.34
ZINC000049089292,Cc1c(C(=O)NCCCN2CCN(c3cccc(Cl)c3)CC2)cc(-c2ccccc2)n1CC(C)C,6.48
ZINC000049112278,Cc1cccc(N2CCN(CCCNC(=O)c3cc(-c4ccccc4)n(Cc4ccccc4)c3C)CC2)c1C,6.65
ZINC000049112520,COc1ccccc1N1CCN(CCCN2C(=O)N[C@@](C)(c3ccccc3)C2=O)CC1,6.14
ZINC000049112521,COc1ccccc1N1CCN(CCCN2C(=O)N[C@](C)(c3ccccc3)C2=O)CC1,6.14
ZINC000049112710,COc1cc(OCC2CCCCC2)c(F)cc1CNC(=O)[C@@H]1CCCN1,6.3
ZINC000049114249,O=C1N[C@]2(CCCc3ccccc32)C(=O)N1CCCN1CCN(c2cccc(Cl)c2)CC1,7.46
ZINC000049114252,O=C1N[C@@]2(CCCc3ccccc32)C(=O)N1CCCN1CCN(c2cccc(Cl)c2)CC1,7.46
ZINC000049116144,C[C@@]1(c2ccccc2)NC(=O)N(CCCN2CCN(c3cccc(Cl)c3)CC2)C1=O,6.51
ZINC000049116148,C[C@]1(c2ccccc2)NC(=O)N(CCCN2CCN(c3cccc(Cl)c3)CC2)C1=O,6.51
ZINC000049125221,COc1ccccc1N1CCN(CCCN2C(=O)N[C@]3(CCc4ccccc43)C2=O)CC1,6.19
ZINC000049125225,COc1ccccc1N1CCN(CCCN2C(=O)N[C@@]3(CCc4ccccc43)C2=O)CC1,6.19
ZINC000049763102,COc1ccc(S(=O)(=O)N(CCCN2CCN(c3cccc(C(F)(F)F)c3)CC2)CC2CCCCC2)cc1,7.71
ZINC000049766391,O=S(=O)(c1cccc2cccnc12)N(CCCN1CCN(c2cccc(C(F)(F)F)c2)CC1)CC1CCCCC1,7.54
ZINC000049766688,O=S(=O)(c1cccc2cccnc12)N(CCCN1CCN(c2cccc(C(F)(F)F)c2)CC1)CC1CC1,7.12
ZINC000049766844,O=S(=O)(c1ccc2ccccc2c1)N(CCCN1CCN(c2cccc(C(F)(F)F)c2)CC1)CC1CCCCC1,7.88
ZINC000049767267,O=S(=O)(c1cccc2cccnc12)N(CCCN1CCN(c2ccc(Cl)c(Cl)c2)CC1)CC1CCCCC1,8.11
ZINC000049775022,Cc1c(C(=O)NCCCN2CCN(c3cccc(Cl)c3Cl)CC2)cc(-c2ccccc2)n1CC1CCCCC1,5.36
ZINC000049780323,Cc1c(C(=O)NCCCN2CCN(c3cccc(Cl)c3Cl)CC2)cc(-c2ccccc2)n1N1CCCCC1,7.17
ZINC000049785715,Cc1c(C(=O)NCCCN2CCN(c3cccc(Cl)c3Cl)CC2)cc(-c2ccccc2)n1Cc1ccccc1,6.45
ZINC000049793471,Cc1c(C(=O)NCCCN2CCN(c3cccc(Cl)c3Cl)CC2)cc(-c2ccccc2)n1-c1ccc(F)cc1,8.39
ZINC000052541476,Clc1ccc(N2CCN(Cc3cc4ccccn4n3)CC2)cc1,6.05
ZINC000052968850,c1ccc(CN2CCN(c3nc4ccsc4n4cccc34)CC2)cc1,5.36
ZINC000053127457,COc1ccccc1N1CCN(CCNC(=O)c2nsc3ccccc23)CC1,6.26
ZINC000053150568,COc1ccc2c(c1)N=C(N1CCN(C)CC1)c1ccccc1N2,6.8
ZINC000053151333,Cc1ccc2c(c1)C(N1CCN(C)CC1)=Nc1cccnc1N2,7.43
ZINC000053165105,C[C@H](CN1CCN(c2cc(F)c(F)cc2F)CC1)N1C(=O)CC2(CCCC2)CC1=O,6.92
ZINC000053184753,Clc1ccc(-n2cc(CN3CCN(c4ccccc4)CC3)cn2)cc1,5.63
ZINC000053204472,COc1ccccc1N1CCN(CCC(=O)c2csc3ccccc23)CC1,5.3
ZINC000053213935,Clc1ccc(-n2cc(CN3CCN(c4ccccc4)CC3)nn2)cc1,7.96
ZINC000053274820,c1ccc(N2CCN(Cc3cnn(-c4ccccc4)c3)CC2)cc1,5.76
ZINC000053274848,c1ccc(N2CCN(Cc3cn(-c4ccccc4)nn3)CC2)cc1,5.25
ZINC000053275074,Fc1ccc(N2CCN(Cc3cnn(-c4ccccc4)c3)CC2)cc1,5.98
ZINC000053298110,c1ccc(N2CCN(CCCCCCN3CCN(c4ccccn4)CC3)CC2)nc1,7.35
ZINC000053314426,Cc1cccc(N2CCN(CCCCCCN3CCN(c4cccc(C)n4)CC3)CC2)c1,8.22
ZINC000054960009,COc1ccccc1N1CCN(Cc2ccc3cccccc2-3)CC1,7.04
ZINC000058492651,CN1CCCN([C@H]2Cn3cccc3Sc3ccc(Cl)cc32)CC1,7.8
ZINC000058502046,Cc1c(C(=O)NCCCN2CCN(c3ccncc3)CC2)cc(-c2ccccc2)n1C,5.34
ZINC000058504658,CN1CCN([C@H]2C[C@H](c3ccc(F)cc3)c3ccc(Cl)cc32)CC1(C)C,8.96
ZINC000058504722,CN1CCN([C@H]2C[C@H](c3ccc(F)cc3)c3cc(Cl)ccc32)CC1(C)C,8.03
ZINC000058504734,CN1CCN([C@H]2C[C@H](c3ccc(F)cc3)c3ccc(Br)cc32)CC1(C)C,8.52
ZINC000058504794,CN1CCN([C@H]2C[C@@H](c3ccccc3)c3ccc(Cl)cc32)CC1(C)C,8.49
ZINC000058504798,CN1CCN([C@H]2C[C@@H](c3ccccc3F)c3ccc(Cl)cc32)CC1(C)C,7.68
ZINC000058508438,CN1CCN([C@H]2C[C@H](c3ccc(Cl)cc3)c3ccc(Cl)cc32)CC1(C)C,7.49
ZINC000058508524,CN1CCN([C@H]2C[C@@H](c3ccc(F)cc3)c3c(Cl)cccc32)CC1(C)C,7.54
ZINC000058510067,O=C(CCN1CCN(c2ccccc2)CC1)c1ccccc1,5.97
ZINC000058538017,CC(=O)O[C@@]12C=C(C)[C@@H]([C@H](C)C1)[C@H]1C(=O)N(CCCCN3CCN(c4ncccn4)CC3)C(=O)[C@H]12,5.22
ZINC000058538117,CCCn1c(-c2ccccc2)cc(C(=O)NCCCN2CCN(c3cc(F)ccc3F)CC2)c1C,6.87
ZINC000058538170,CCCn1c(-c2ccccc2)cc(C(=O)N(C)CCCN2CCN(c3cccc(Cl)c3Cl)CC2)c1C,7.48
ZINC000058538241,CCCn1c(-c2ccccc2)cc(C(=O)NCCCN2CCN(c3cccc(Br)c3)CC2)c1C,6.66
ZINC000058538422,CCCn1c(-c2ccccc2)cc(C(=O)NCCCN2CCN(c3ccccc3OC)CC2)c1C,6.02
ZINC000058538465,Cc1c(C(=O)N(C)CCCN2CCN(c3cccc(Cl)c3Cl)CC2)cc(-c2ccccc2)n1C,7.41
ZINC000058538570,CC(=O)O[C@@]12C=C(C)[C@@H]([C@H](C)C1)[C@H]1C(=O)N(CCCCN3CCN(Cc4ccccc4)CC3)C(=O)[C@H]12,5.01
ZINC000058538576,CC(=O)O[C@]12C=C(C)[C@H]([C@@H]3C(=O)N(OCCCN4CCN(c5ccccc5F)CC4)C(=O)[C@@H]31)[C@H](C)C2,5.97
ZINC000058538577,CC(=O)O[C@]12C=C(C)[C@H]([C@@H]3C(=O)N(OCCCN4CCN(c5cccc(Cl)c5)CC4)C(=O)[C@@H]31)[C@H](C)C2,6.42
ZINC000058538586,CC(=O)O[C@]12C=C(C)[C@H]([C@@H]3C(=O)N(CCCCN4CCN(c5ccccc5)CC4)C(=O)[C@@H]31)[C@H](C)C2,6.54
ZINC000058538600,CC(=O)O[C@]12C=C(C)[C@H]([C@@H]3C(=O)N(CCCCN4CCN(c5ccccn5)CC4)C(=O)[C@@H]31)[C@H](C)C2,6.02
ZINC000058538616,CC(=O)O[C@]12C=C(C)[C@H]([C@@H]3C(=O)N(OCCCN4CCN(c5ccccn5)CC4)C(=O)[C@@H]31)[C@H](C)C2,5.74
ZINC000058539325,CC(=O)O[C@]12C=C(C)[C@H]([C@@H]3C(=O)N(OCCCN4CCN(c5ccccc5)CC4)C(=O)[C@@H]31)[C@H](C)C2,6.43
ZINC000058539333,CC(=O)O[C@@]12C=C(C)[C@@H]([C@H](C)C1)[C@H]1C(=O)N(CCCN3CCN(c4ccccc4)CC3)C(=O)[C@H]12,6.24
ZINC000058540767,Cc1[nH]c(-c2ccccn2)cc1C(=O)NCCCN1CCN(c2cccc(Cl)c2Cl)CC1,7.68
ZINC000058540822,CCCn1c(-c2ccccc2)cc(C(=O)NCCCN2CCN(c3ccc(Cl)c(Cl)c3)CC2)c1C,7.27
ZINC000058540833,Cc1cccc(N2CCN(CCCNC(=O)c3cc(-c4ccc(Cl)cc4)n(C)c3C)CC2)c1C,6.67
ZINC000058540856,CCCn1c(-c2ccc(Cl)cc2)cc(C(=O)NCCCN2CCN(c3cccc(Cl)c3Cl)CC2)c1C,6.48
ZINC000058540911,CCCn1c(-c2ccccc2)cc(C(=O)NCCCN2CCN(c3cccc(OC)c3OC)CC2)c1C,6.06
ZINC000058541034,Cc1ccc2cccc(N3CCN(CCCNC(=O)c4cc(-c5ccccc5)n(C)c4C)CC3)c2n1,6.08
ZINC000058541102,CCCn1c(-c2ccc(Cl)cc2)cc(C(=O)NCCCN2CCN(c3cccc(C)c3C)CC2)c1C,6.72
ZINC000058541157,CCCn1c(-c2ccccc2)cc(C(=O)NCCCN2CCN(c3cccc(OC)c3)CC2)c1C,6.82
ZINC000058541301,Cc1c(C(=O)NCCCN2CCN(c3cccc(Cl)c3Cl)CC2)cc(-c2ccc(Cl)cc2)n1C,6.63
ZINC000058541330,CCn1c(-c2ccc(Cl)cc2)cc(C(=O)NCCCN2CCN(c3cccc(Cl)c3Cl)CC2)c1C,6.82
ZINC000058541346,Cc1c(C(=O)NCCCN2CCN(c3cccc(Cl)c3Cl)CC2)cc(-c2cccnc2)n1C,6.68
ZINC000058541388,CCCn1c(-c2ccccc2)cc(C(=O)NCCCN2CCN(c3cccc(C(F)(F)F)c3)CC2)c1C,6.39
ZINC000058541408,CCCn1c(-c2ccccn2)cc(C(=O)NCCCN2CCN(c3cccc(Cl)c3Cl)CC2)c1C,7.24
ZINC000058541484,Cc1c(C(=O)NCCCN2CCN(c3cccc(Cl)c3Cl)CC2)cc(-c2ccncc2)n1C,7.41
ZINC000058541506,Cc1cccc(N2CCN(CCCNC(=O)c3cc(-c4ccc(Cl)cc4)[nH]c3C)CC2)c1C,7.04
ZINC000058541521,CCn1c(-c2ccc(Cl)cc2)cc(C(=O)NCCCN2CCN(c3cccc(C)c3C)CC2)c1C,6.82
ZINC000058541555,Cc1c(C(=O)NCCCN2CCN(c3cccc(Cl)c3Cl)CC2)cc(-c2ccccn2)n1C,7.37
ZINC000058559582,CC(=O)O[C@@]12C=C(C)[C@@H]([C@H](C)C1)[C@H]1C(=O)N(CCCCN3CCN(c4ccc(F)cc4)CC3)C(=O)[C@H]12,6.77
ZINC000058563519,Cc1[nH]c(-c2ccccc2)c(C)c1C(=O)NCCN1CCN(c2cccc(Cl)c2Cl)CC1,7.43
ZINC000058563657,CCCn1c(C)c(C(=O)NCCN2CCN(c3cccc(Cl)c3Cl)CC2)c(C)c1-c1ccccc1,7.6
ZINC000058563777,Cc1c(C(=O)NCCN2CCN(c3cccc(Cl)c3Cl)CC2)cc(C(C)(C)C)n1C,7.3
ZINC000058563882,Cc1c(C(=O)NCCN2CCN(c3cccc(Cl)c3Cl)CC2)c(C)n(C)c1-c1ccccc1,7.48
ZINC000058563905,Cc1[nH]c(-c2ccccc2)c(C)c1C(=O)NCCCN1CCN(c2cccc(Cl)c2Cl)CC1,7.41
ZINC000058563911,Cc1c(C(=O)NCCCN2CCN(c3ccccc3Br)CC2)cc(-c2ccccc2)n1C,6.66
ZINC000058564010,Cc1c(C(=O)NCCCN2CCN(c3ccc(F)cc3)CC2)cc(-c2ccccc2)n1C,7.66
ZINC000058564022,COc1cccc(N2CCN(CCCNC(=O)c3cc(-c4ccccc4)n(C)c3C)CC2)c1OC,6.18
ZINC000058568362,Cc1c(C(=O)NCCCN2CCN(c3ccc(Cl)cc3Cl)CC2)cc(-c2ccccc2)n1C,6.67
ZINC000058568468,Cc1c(C(=O)NCCCN2CCN(c3cccc4cccnc34)CC2)cc(-c2ccccc2)n1C,6.45
ZINC000058568469,Cc1[nH]c(C(C)(C)C)cc1C(=O)NCCCN1CCN(c2cccc(Cl)c2Cl)CC1,6.97
ZINC000058569116,CCCn1c(-c2ccncc2)cc(C(=O)NCCCN2CCN(c3cccc(Cl)c3Cl)CC2)c1C,7.47
ZINC000058569373,Cc1cccc(N2CCN(CCNC(=O)c3cc(C(C)(C)C)n(C)c3C)CC2)c1C,7.44
ZINC000058569556,Cc1c(Cl)cccc1N1CCN(CCNC(=O)c2cc(C(C)(C)C)n(C)c2C)CC1,6.63
ZINC000058574734,CCCn1c(-c2ccccc2)cc(C(=O)NCCCN2CCN(c3cccc4cccnc34)CC2)c1C,6.68
ZINC000058575226,Cc1c(C(=O)NCCCN2CCN(c3cccc(Cl)c3Cl)CC2)cc(C(C)(C)C)n1C,6.79
ZINC000058575694,Cc1[nH]c(-c2ccc(Cl)cc2)cc1C(=O)NCCCN1CCN(c2cccc(Cl)c2Cl)CC1,6.98
ZINC000058575984,Cc1cccc(N2CCN(CCCNC(=O)c3cc(C(C)(C)C)n(C)c3C)CC2)c1C,6.41
ZINC000058576549,CC(C)N(c1cccc(N2CCN(C)CC2)c1)S(=O)(=O)c1cccc2ccccc12,6.91
ZINC000058580923,Cn1cc(Br)c(C(=O)N2CCN(C[C@H](O)c3ccc(F)cc3)CC2)n1,6.43
ZINC000058581160,CN1CCN(c2cccc(N(C)S(=O)(=O)c3ccc4ccccc4c3)c2)CC1,5.85
ZINC000058581504,CCCN(c1cccc(N2CCN(C)CC2)c1)S(=O)(=O)c1ccc2ccccc2c1,6.41
ZINC000058581779,CCN(c1cccc(N2CCN(C)CC2)c1)S(=O)(=O)c1ccc2ccccc2c1,6.66
ZINC000058582058,C[C@H]1CN(C2=Cc3ccccc3Cn3ccnc32)C[C@H](C)N1CCC(=O)O,7.4
ZINC000058582410,CC(C)N(c1cccc(N2CCN(C)CC2)c1)S(=O)(=O)c1ccccc1,6.76
ZINC000058583354,CN1CCN(c2cccc(N(Cc3ccccc3)S(=O)(=O)c3ccc4ccccc4c3)c2)CC1,7.3
ZINC000058583642,CN1CCN(c2cccc(N(CC3CC3)S(=O)(=O)c3ccc4ccccc4c3)c2)CC1,7.06
ZINC000058583702,CCCn1c(-c2cccnc2)cc(C(=O)NCCCN2CCN(c3cccc(Cl)c3Cl)CC2)c1C,7.34
ZINC000058590537,CC(C)N(c1cccc(N2CCN(C)CC2)c1)S(=O)(=O)c1ccc2ccccc2c1,6.93
ZINC000058590812,CN1CCN(c2cccc(NS(=O)(=O)c3ccc4ccccc4c3)c2)CC1,5.79
ZINC000058592730,Cc1c(Cl)cccc1N1CCN(CCNC(=O)c2cc(-c3ccccc3)n(C)c2C)CC1,6.82
ZINC000058615824,CN1CCN2c3c(O)cccc3Cc3ccccc3[C@H]2C1,7.92
ZINC000058627755,CN1CCN([C@H]2C[C@H](c3ccc(F)cc3)c3ccc(C(F)(F)F)cc32)CC1(C)C,8.35
ZINC000058631793,CCCn1c(-c2ccccc2)cc(C(=O)N(C)CCCN2CCN(c3cccc(C)c3C)CC2)c1C,7.77
ZINC000058650261,CCCN1CCN(CCC)[C@]2(COc3cccc(OC)c3C2)C1,5.0
ZINC000059940970,CN1CCN([C@H]2C[C@H](c3ccccc3)c3ccccc32)CC1(C)C,7.68
ZINC000059940971,CN1CCN([C@H]2C[C@H](c3ccc(F)cc3)c3c(Cl)cccc32)CC1(C)C,7.54
ZINC000059940973,CN1CCN([C@H]2C[C@H](c3ccccc3F)c3ccc(Cl)cc32)CC1(C)C,7.68
ZINC000059940974,CN1CCN([C@H]2C[C@H](c3cccc(F)c3)c3ccc(Cl)cc32)CC1(C)C,7.59
ZINC000059940975,CN1CCN([C@H]2C[C@H](c3ccsc3)c3ccc(Cl)cc32)CC1(C)C,8.77
ZINC000059940985,CN1CCN([C@H]2C[C@H](c3ccc(F)cc3)c3cccc(Cl)c32)CC1(C)C,7.51
ZINC000059940986,CN1CCN([C@H]2C[C@H](c3ccc(F)cc3)c3cccc(F)c32)CC1(C)C,8.01
ZINC000062224872,Cn1cc(Br)c(C(=O)N2CCN(C[C@@H](O)c3ccc(F)cc3)CC2)n1,6.43
ZINC000064373493,C[C@H]1CN(C2=Cc3ccccc3Cn3ccnc32)C[C@@H](C)N1CCC(=O)O,7.4
ZINC000064373494,C[C@@H]1CN(C2=Cc3ccccc3Cn3ccnc32)C[C@@H](C)N1CCC(=O)O,7.4
ZINC000064390542,O=C(O)C1CCN([C@H]2CC[C@@]3(C2)C(=O)c2cc(Cl)ccc2Oc2ccccc23)CC1,6.4
ZINC000064390546,O=C(O)C1CCN([C@H]2CC[C@]3(C2)C(=O)c2cc(Cl)ccc2Oc2ccccc23)CC1,6.4
ZINC000064390549,O=C(O)C1CCN([C@@H]2CC[C@@]3(C2)C(=O)c2cc(Cl)ccc2Oc2ccccc23)CC1,6.4
ZINC000064390552,O=C(O)C1CCN([C@@H]2CC[C@]3(C2)C(=O)c2cc(Cl)ccc2Oc2ccccc23)CC1,6.4
ZINC000064393137,O=C(O)C1=CCCN([C@H]2CC[C@@]3(Cc4ccccc4Cc4ccccc43)C2)C1,5.4
ZINC000064393138,O=C(O)C1=CCCN([C@@H]2CC[C@@]3(Cc4ccccc4Cc4ccccc43)C2)C1,5.4
ZINC000064436490,O=C(O)CC1CN([C@H]2CC[C@@]3(Cc4ccccc4Cc4ccccc43)C2)C1,7.3
ZINC000064436492,O=C(O)CC1CN([C@H]2CC[C@]3(Cc4ccccc4Cc4ccccc43)C2)C1,7.3
ZINC000064436494,O=C(O)CC1CN([C@@H]2CC[C@@]3(Cc4ccccc4Cc4ccccc43)C2)C1,7.3
ZINC000064436496,O=C(O)CC1CN([C@@H]2CC[C@]3(Cc4ccccc4Cc4ccccc43)C2)C1,7.3
ZINC000064436498,O=C(O)C=C1CN([C@H]2CC[C@@]3(Cc4ccccc4Cc4ccccc43)C2)C1,7.3
ZINC000064436500,O=C(O)C=C1CN([C@H]2CC[C@]3(Cc4ccccc4Cc4ccccc43)C2)C1,7.3
ZINC000064436501,O=C(O)C=C1CN([C@@H]2CC[C@@]3(Cc4ccccc4Cc4ccccc43)C2)C1,7.3
ZINC000064436503,O=C(O)C=C1CN([C@@H]2CC[C@]3(Cc4ccccc4Cc4ccccc43)C2)C1,7.3
ZINC000064436534,O=C(O)C[C@H]1CCN([C@H]2CC[C@]3(Cc4ccccc4Cc4ccccc43)C2)C1,7.7
ZINC000064436536,O=C(O)C[C@H]1CCN([C@@H]2CC[C@]3(Cc4ccccc4Cc4ccccc43)C2)C1,7.7
ZINC000064446477,O=C(O)C1CN([C@H]2CC[C@]3(Cc4ccccc4Cc4ccccc43)C2)C1,7.8
ZINC000064446479,O=C(O)C1CN([C@@H]2CC[C@]3(Cc4ccccc4Cc4ccccc43)C2)C1,7.8
ZINC000064446633,O=C(O)C1CCN([C@H]2CC[C@@]3(Cc4ccccc4Oc4ccccc43)C2)CC1,6.5
ZINC000064446634,O=C(O)C1CCN([C@H]2CC[C@]3(Cc4ccccc4Oc4ccccc43)C2)CC1,6.5
ZINC000064446637,O=C(O)C1CCN([C@@H]2CC[C@@]3(Cc4ccccc4Oc4ccccc43)C2)CC1,6.5
ZINC000064446638,O=C(O)C1CCN([C@@H]2CC[C@]3(Cc4ccccc4Oc4ccccc43)C2)CC1,6.5
ZINC000064446640,O=C(O)C1(F)CCN([C@H]2CC[C@@]3(Cc4ccccc4Oc4ccccc43)C2)CC1,6.4
ZINC000064446642,O=C(O)C1(F)CCN([C@H]2CC[C@]3(Cc4ccccc4Oc4ccccc43)C2)CC1,6.4
ZINC000064446644,O=C(O)C1(F)CCN([C@@H]2CC[C@@]3(Cc4ccccc4Oc4ccccc43)C2)CC1,6.4
ZINC000064446646,O=C(O)C1(F)CCN([C@@H]2CC[C@]3(Cc4ccccc4Oc4ccccc43)C2)CC1,6.4
ZINC000064446714,O=C(O)C1CCN([C@H]2CC[C@@]3(C2)C(=O)c2cc(F)ccc2Sc2ccccc23)CC1,6.9
ZINC000064446716,O=C(O)C1CCN([C@H]2CC[C@]3(C2)C(=O)c2cc(F)ccc2Sc2ccccc23)CC1,6.9
ZINC000064446718,O=C(O)C1CCN([C@@H]2CC[C@@]3(C2)C(=O)c2cc(F)ccc2Sc2ccccc23)CC1,6.9
ZINC000064446720,O=C(O)C1CCN([C@@H]2CC[C@]3(C2)C(=O)c2cc(F)ccc2Sc2ccccc23)CC1,6.9
ZINC000064447025,O=C(O)[C@H]1CCN([C@H]2CC[C@]3(Cc4ccccc4Cc4ccccc43)C2)C1,7.7
ZINC000064447026,O=C(O)[C@H]1CCN([C@@H]2CC[C@]3(Cc4ccccc4Cc4ccccc43)C2)C1,7.7
ZINC000064447275,O=C(O)[C@@H]1CN([C@H]2CC[C@]3(Cc4ccccc4Cc4ccccc43)C2)CCN1,6.5
ZINC000064447276,O=C(O)[C@@H]1CN([C@@H]2CC[C@]3(Cc4ccccc4Cc4ccccc43)C2)CCN1,6.5
ZINC000064448043,O=C(O)C1=CCCN([C@H]2CC[C@@]3(Cc4ccccc4Oc4ccccc43)C2)C1,6.4
ZINC000064448044,O=C(O)C1=CCCN([C@H]2CC[C@]3(Cc4ccccc4Oc4ccccc43)C2)C1,6.4
ZINC000064448045,O=C(O)C1=CCCN([C@@H]2CC[C@@]3(Cc4ccccc4Oc4ccccc43)C2)C1,6.4
ZINC000064448047,O=C(O)C1=CCCN([C@@H]2CC[C@]3(Cc4ccccc4Oc4ccccc43)C2)C1,6.4
ZINC000064448136,O=C(O)C1(F)CCN([C@H]2CC[C@]3(Cc4ccccc4Cc4ccccc43)C2)CC1,7.3
ZINC000064448138,O=C(O)C1(F)CCN([C@@H]2CC[C@]3(Cc4ccccc4Cc4ccccc43)C2)CC1,7.3
ZINC000064448139,O=C(O)C1(O)CCN([C@H]2CC[C@@]3(Cc4ccccc4Cc4ccccc43)C2)CC1,7.0
ZINC000064448141,O=C(O)C1(O)CCN([C@H]2CC[C@]3(Cc4ccccc4Cc4ccccc43)C2)CC1,7.0
ZINC000064448142,O=C(O)C1(O)CCN([C@@H]2CC[C@@]3(Cc4ccccc4Cc4ccccc43)C2)CC1,7.0
ZINC000064448144,O=C(O)C1(O)CCN([C@@H]2CC[C@]3(Cc4ccccc4Cc4ccccc43)C2)CC1,7.0
ZINC000064448301,O=C(O)C1=CCN([C@H]2CC[C@@]3(Cc4ccccc4Oc4ccccc43)C2)CC1,7.6
ZINC000064448302,O=C(O)C1=CCN([C@H]2CC[C@]3(Cc4ccccc4Oc4ccccc43)C2)CC1,7.6
ZINC000064448304,O=C(O)C1=CCN([C@@H]2CC[C@@]3(Cc4ccccc4Oc4ccccc43)C2)CC1,7.6
ZINC000064448309,O=C(O)C1=CCN([C@@H]2CC[C@]3(Cc4ccccc4Oc4ccccc43)C2)CC1,7.6
ZINC000064448806,O=C(O)[C@@H]1CCCN([C@H]2CC[C@@]3(Cc4ccccc4Oc4ccccc43)C2)C1,7.0
ZINC000064448811,O=C(O)[C@@H]1CCCN([C@H]2CC[C@]3(Cc4ccccc4Oc4ccccc43)C2)C1,7.0
ZINC000064448813,O=C(O)[C@@H]1CCCN([C@@H]2CC[C@@]3(Cc4ccccc4Oc4ccccc43)C2)C1,7.0
ZINC000064448816,O=C(O)[C@@H]1CCCN([C@@H]2CC[C@]3(Cc4ccccc4Oc4ccccc43)C2)C1,7.0
ZINC000064448818,O=C(O)C1CN([C@H]2CC[C@@]3(Cc4ccccc4Oc4ccccc43)C2)C1,7.5
ZINC000064448819,O=C(O)C1CN([C@H]2CC[C@]3(Cc4ccccc4Oc4ccccc43)C2)C1,7.5
ZINC000064448820,O=C(O)C1CN([C@@H]2CC[C@@]3(Cc4ccccc4Oc4ccccc43)C2)C1,7.5
ZINC000064448821,O=C(O)C1CN([C@@H]2CC[C@]3(Cc4ccccc4Oc4ccccc43)C2)C1,7.5
ZINC000064448825,O=C(O)[C@@H]1CCCN([C@H]2CC[C@]3(Cc4ccccc4Cc4ccccc43)C2)C1,7.2
ZINC000064448826,O=C(O)[C@@H]1CCCN([C@@H]2CC[C@]3(Cc4ccccc4Cc4ccccc43)C2)C1,7.2
ZINC000064448979,C[C@]1(C(=O)O)CCN([C@@H]2CC[C@]3(Cc4ccccc4Cc4ccccc43)C2)C1,7.9
ZINC000064448981,C[C@@]1(C(=O)O)CCN([C@@H]2CC[C@]3(Cc4ccccc4Cc4ccccc43)C2)C1,7.9
ZINC000064454008,CC1(C(=O)O)CCN([C@@H]2CC[C@]3(Cc4ccccc4Cc4ccccc43)C2)CC1,7.4
ZINC000064454009,CC1(C(=O)O)CCN([C@H]2CC[C@]3(Cc4ccccc4Cc4ccccc43)C2)CC1,7.4
ZINC000064454011,CC1(C(=O)O)CCN([C@@H]2CC[C@@]3(Cc4ccccc4Cc4ccccc43)C2)CC1,7.4
ZINC000064454012,CC1(C(=O)O)CCN([C@H]2CC[C@@]3(Cc4ccccc4Cc4ccccc43)C2)CC1,7.4
ZINC000064454014,O=C(O)C1CCN([C@H]2CC[C@]3(Cc4ccccc4Cc4ccccc43)C2)CC1,7.47
ZINC000064454016,O=C(O)C1CCN([C@@H]2CC[C@]3(Cc4ccccc4Cc4ccccc43)C2)CC1,7.47
ZINC000064454020,O=C(O)CC1CCN([C@H]2CC[C@@]3(Cc4ccccc4Cc4ccccc43)C2)CC1,6.2
ZINC000064454022,O=C(O)CC1CCN([C@H]2CC[C@]3(Cc4ccccc4Cc4ccccc43)C2)CC1,6.2
ZINC000064454024,O=C(O)CC1CCN([C@@H]2CC[C@@]3(Cc4ccccc4Cc4ccccc43)C2)CC1,6.2
ZINC000064454027,O=C(O)CC1CCN([C@@H]2CC[C@]3(Cc4ccccc4Cc4ccccc43)C2)CC1,6.2
ZINC000064454114,O=C(O)[C@@]1(F)CCCN([C@H]2CC[C@]3(Cc4ccccc4Cc4ccccc43)C2)C1,7.1
ZINC000064454115,O=C(O)[C@@]1(F)CCCN([C@@H]2CC[C@]3(Cc4ccccc4Cc4ccccc43)C2)C1,7.1
ZINC000064454117,COC(=O)C1=CCCN([C@@H]2CC[C@]3(Cc4ccccc4Cc4ccccc43)C2)C1,6.4
ZINC000064454118,COC(=O)C1=CCCN([C@H]2CC[C@]3(Cc4ccccc4Cc4ccccc43)C2)C1,6.4
ZINC000064454249,O=C(O)C1=CCCN([C@H]2CC[C@]3(Cc4ccccc4Cc4ccccc43)C2)C1,6.93
ZINC000064454250,O=C(O)C1=CCCN([C@@H]2CC[C@]3(Cc4ccccc4Cc4ccccc43)C2)C1,6.93
ZINC000064512371,CSc1nc(C)cc(C(=O)NCCCN2CCN(c3cccc(C)c3C)CC2)n1,7.27
ZINC000064512373,CSc1nc(C)cc(C(=O)NCCN2CCN(c3cccc(C)c3C)CC2)n1,7.33
ZINC000064512709,Cc1cc(C(=O)NCCCN2CCN(c3cccc(C)c3C)CC2)nc(C(C)(C)C)n1,6.56
ZINC000064513105,Cc1nc(C(=O)NCCCN2CCN(c3cccc(C)c3C)CC2)cc(C(C)C)n1,6.31
ZINC000064514004,O=C(CCCN1CCC(O)(c2cc3ccc2CCc2ccc(cc2)CC3)CC1)c1cc2ccc1CCc1ccc(cc1)CC2,5.92
ZINC000064514006,O=C(CCCN1CCC(c2cc3ccc2CCc2ccc(cc2)CC3)CC1)c1cc2ccc1CCc1ccc(cc1)CC2,6.51
ZINC000064514008,O=C(NCCCCN1CCN(c2cc3ccc2CCc2ccc(cc2)CC3)CC1)c1cc2ccc1CCc1ccc(cc1)CC2,5.09
ZINC000064527090,COc1c(C)nc(C)nc1C(=O)NCCN1CCN(c2cccc(Cl)c2Cl)CC1,6.58
ZINC000064527259,COc1c(C)nc(C)nc1C(=O)NCCN1CCN(c2cccc(C)c2C)CC1,6.07
ZINC000064527440,COc1c(C)nc(C)nc1C(=O)NCCCN1CCN(c2cccc(C)c2C)CC1,6.13
ZINC000064527452,Cc1cc(C(=O)NCCCN2CCN(c3cccc(C)c3C)CC2)nc(C2CC2)n1,6.59
ZINC000064527595,CSc1nc(C)cc(C(=O)NCCN2CCN(c3cccc(Cl)c3Cl)CC2)n1,7.26
ZINC000064528249,Cc1nc(C(=O)NCCCN2CCN(c3cccc(C)c3C)CC2)cc(C(C)(C)C)n1,6.34
ZINC000064528481,Cc1nc(C(=O)NCCCN2CCN(c3cccc(Cl)c3Cl)CC2)cc(C(C)C)n1,6.95
ZINC000064528482,Cc1nc(C(=O)NCCCN2CCN(c3cccc(Cl)c3Cl)CC2)cc(-c2ccccc2)n1,7.46
ZINC000064528495,Cc1cc(C(=O)NCCCN2CCN(c3cccc(Cl)c3Cl)CC2)nc(C)n1,6.78
ZINC000064539308,Cc1cc(C(=O)NCCN2CCN(c3cccc(C)c3C)CC2)nc(C(C)(C)C)n1,7.16
ZINC000064539998,Cc1ccc(C)c(C(=O)CCCN2CCC(O)(c3cc(C)ccc3C)CC2)c1,5.77
ZINC000064540486,O=C(CCCN1CCN(c2ccc(Cl)cc2)CC1)c1cc2ccc1CCc1ccc(cc1)CC2,5.77
ZINC000064540488,Cc1ccc(C)c(C(=O)CCCN2CCC(c3ccc(Cl)cc3)CC2)c1,6.74
ZINC000064540543,O=C(CCCN1CCN(c2cc3ccc2CCc2ccc(cc2)CC3)CC1)c1ccc(F)cc1,6.35
ZINC000064540545,Cc1ccc(C)c(N2CCN(CCCC(=O)c3ccc(F)cc3)CC2)c1,6.07
ZINC000064540831,O=C(CCCN1CCC(O)(c2cc3ccc2CCc2ccc(cc2)CC3)CC1)c1ccc(F)cc1,7.72
ZINC000064540833,Cc1ccc(C)c(C2(O)CCN(CCCC(=O)c3ccc(F)cc3)CC2)c1,6.96
ZINC000064540857,O=C(CCCN1CCC(O)(c2ccc(Cl)cc2)CC1)c1cc2ccc1CCc1ccc(cc1)CC2,5.62
ZINC000064540859,Cc1ccc(C)c(C(=O)CCCN2CCC(O)(c3ccc(Cl)cc3)CC2)c1,6.16
ZINC000064549156,Cc1ccc(C)c(C(=O)CCCN2CCC(c3cc(C)ccc3C)CC2)c1,5.24
ZINC000064549275,COc1ccccc1N1CCN(CCCCNC(=O)c2cc(C)ccc2C)CC1,5.82
ZINC000064549276,Cc1ccc(C)c(C(=O)NCCCCN2CCN(c3cc(C)ccc3C)CC2)c1,5.44
ZINC000064549304,Cc1ccc(C)c(N2CCN(CCCCNC(=O)c3cc4ccccc4s3)CC2)c1,5.82
ZINC000064549482,O=C(NCCCCN1CCN(c2cc3ccc2CCc2ccc(cc2)CC3)CC1)c1cc2ccccc2s1,6.0
ZINC000065011438,CN(C)C[C@@H]1C[C@H]2c3ccccc3Oc3ccccc3[C@@H]2O1,7.8
ZINC000066073967,CCCN1CCc2cccc3c2[C@H]1Cc1cccc(OCc2cn(CCCCN4CCN(c5ccccc5OC)CC4)nn2)c1-3,6.76
ZINC000066073968,CCCN1CCc2cccc3c2[C@@H]1Cc1cccc(OCCCn2cc(CCN4CCN(c5ccccc5OC)CC4)nn2)c1-3,6.61
ZINC000066073969,CCCN1CCc2cccc3c2[C@H]1Cc1cccc(OCCCn2cc(CCN4CCN(c5ccccc5OC)CC4)nn2)c1-3,6.61
ZINC000066077237,CCCN1CCc2cccc3c2[C@@H]1Cc1cccc(OCc2cn(CCCCN4CCN(c5ccccc5OC)CC4)nn2)c1-3,6.76
ZINC000066099585,c1ccc(OC2CN(c3c4c(nc5ccnn35)CCNCC4)C2)nc1,5.29
ZINC000066099586,c1cncc(OC2CN(c3c4c(nc5ccnn35)CCNCC4)C2)c1,7.2
ZINC000066099588,c1cc(OC2CN(c3c4c(nc5ccnn35)CCNCC4)C2)ccn1,5.91
ZINC000066099590,CC(=O)N(C)c1ccc(OC2CN(c3c4c(nc5ccnn35)CCNCC4)C2)cc1,5.69
ZINC000066099592,O=C1Cc2cc(OC3CN(c4c5c(nc6ccnn46)CCNCC5)C3)ccc2N1,6.12
ZINC000066100492,COc1cccc(OC2CN(c3c4c(nc5ccnn35)CCNCC4)C2)c1,7.4
ZINC000066100496,COc1ccc(OC2CN(c3c4c(nc5ccnn35)CCNCC4)C2)cc1,5.58
ZINC000066100973,c1cc2nc3c(c(N4CCC4)n2n1)CCNCC3,5.63
ZINC000066111713,c1cc2nc3c(c(N4CCCC4)n2n1)CCNCC3,5.64
ZINC000066111715,CCNc1c2c(nc3ccnn13)CCNCC2,6.86
ZINC000066111716,c1ccc(OC2CN(c3c4c(nc5ccnn35)CCNCC4)C2)cc1,5.11
ZINC000066111717,Fc1ccccc1OC1CN(c2c3c(nc4ccnn24)CCNCC3)C1,6.19
ZINC000066112015,Fc1cccc(OC2CN(c3c4c(nc5ccnn35)CCNCC4)C2)c1,7.49
ZINC000066112016,Fc1ccc(OC2CN(c3c4c(nc5ccnn35)CCNCC4)C2)cc1,8.52
ZINC000066156756,C[C@H]1CC(=O)c2ccc(N3CCN(C)CC3)cc2N1S(=O)(=O)c1ccc2ccccc2c1,5.84
ZINC000066251264,c1cc2nc3c(c(N4CCCCC4)n2n1)CCNCC3,6.23
ZINC000066259027,CN1CCN(c2ccc3c(c2)N(S(=O)(=O)c2ccc4ccccc4c2)CCC3=O)CC1,6.44
ZINC000066259028,CN1CCN(c2cccc3c2C(=O)CCN3S(=O)(=O)c2ccc3ccccc3c2)CC1,6.12
ZINC000066259848,C[C@@H]1CC(=O)c2ccc(N3CCN(C)CC3)cc2N1S(=O)(=O)c1ccc2ccccc2c1,5.84
ZINC000066262561,CC[C@@H]1CC(=O)c2c(N3CCN(C)CC3)cccc2N1S(=O)(=O)c1ccc2ccccc2c1,6.34
ZINC000066262564,CC[C@H]1CC(=O)c2c(N3CCN(C)CC3)cccc2N1S(=O)(=O)c1ccc2ccccc2c1,6.34
ZINC000066262572,Cc1cc(N2CCN(C)CC2)c2c(c1)N(S(=O)(=O)c1ccc3ccccc3c1)[C@H](C)CC2=O,6.15
ZINC000066262575,Cc1cc(N2CCN(C)CC2)c2c(c1)N(S(=O)(=O)c1ccc3ccccc3c1)[C@@H](C)CC2=O,6.15
ZINC000066263531,C[C@@H]1CC(=O)c2c(N3CCN(C)CC3)cccc2N1S(=O)(=O)c1ccc2ccccc2c1,7.32
ZINC000066263534,C[C@H]1CC(=O)c2c(N3CCN(C)CC3)cccc2N1S(=O)(=O)c1ccc2ccccc2c1,7.32
ZINC000066263587,COc1ccccc1OC1CN(c2c3c(nc4ccnn24)CCNCC3)C1,5.57
ZINC000068037387,CN1CCC(N(C)S(=O)(=O)c2ccccc2)CC1,5.99
ZINC000068037393,CN1CCC(N(C)S(=O)(=O)c2cccc(F)c2)CC1,5.73
ZINC000068037406,Cc1cccc(S(=O)(=O)N(C)C2CCN(C)CC2)c1,5.46
ZINC000068037413,CN1CCC(N(C)S(=O)(=O)c2cccc(Cl)c2)CC1,6.01
ZINC000068037417,Cc1ccc(S(=O)(=O)N(C)C2CCN(C)CC2)cc1C,5.22
ZINC000068037436,CC(C)c1ccc(S(=O)(=O)N(C)C2CCN(C)CC2)cc1,6.79
ZINC000068037452,CN1CCC(N(C)S(=O)(=O)c2ccccc2Cl)CC1,5.5
ZINC000068037470,CN1CCC(N(C)S(=O)(=O)c2ccc(C(F)(F)F)cc2)CC1,5.77
ZINC000068150324,c1ccc(Cc2ncc3c(n2)CCNCC3)cc1,7.17
ZINC000068199258,Cn1cc2c(OCC3CCN(CCc4ccc(N)cc4)CC3)nc3ccccc3c2c1,6.6
ZINC000068249174,Cc1nc(C(=O)NCCN2CCN(c3cccc(Cl)c3Cl)CC2)c(C)n1-c1ccccc1,7.51
ZINC000068249175,Cc1nc(C(=O)NCCCN2CCN(c3cccc(Cl)c3Cl)CC2)c(C)n1-c1ccccc1,7.73
ZINC000071282388,O=c1c2ccccc2nnn1OCCCN1CCN(c2cccc3ccccc23)CC1,6.14
ZINC000071295540,N#C/N=C(\NCCCN1CCN(c2cccc3ccccc23)CC1)c1ccncc1,6.76
ZINC000071295555,O=c1c2ccccc2nnn1CCN1CCN(c2cccc3ccccc23)CC1,8.28
ZINC000071295800,O=c1c2ccccc2nnn1OCCN1CCN(c2cccc3ccccc23)CC1,5.88
ZINC000071296118,N#C/N=C(\NCCCN1CCN(c2cccc3ccccc23)CC1)c1ccccn1,6.65
ZINC000071296175,O=c1c2ccccc2nnn1CCCN1CCN(c2cccc3ccccc23)CC1,6.9
ZINC000071296240,O=C(NCC[C@H](F)CN1CCN(c2cccc(Cl)c2Cl)CC1)c1ccc2ccccc2c1,5.72
ZINC000071296241,O=C(NCC[C@@H](F)CN1CCN(c2cccc(Cl)c2Cl)CC1)c1ccc2ccccc2c1,5.72
ZINC000071296675,O=C(NCC[C@H](F)CN1CCN(c2cccc(Cl)c2Cl)CC1)c1cc2ccccc2s1,5.48
ZINC000071296676,O=C(NCC[C@@H](F)CN1CCN(c2cccc(Cl)c2Cl)CC1)c1cc2ccccc2s1,5.48
ZINC000071316456,COc1ccc2[nH]c(C(=O)NCC[C@H](F)CN3CCN(c4cccc(Cl)c4Cl)CC3)cc2c1,6.57
ZINC000071316457,COc1ccc2[nH]c(C(=O)NCC[C@@H](F)CN3CCN(c4cccc(Cl)c4Cl)CC3)cc2c1,6.57
ZINC000071317178,COc1ccccc1N1CCN(C[C@H](F)CCNC(=O)c2cc3ccccc3s2)CC1,5.52
ZINC000071317179,COc1ccccc1N1CCN(C[C@@H](F)CCNC(=O)c2cc3ccccc3s2)CC1,5.52
ZINC000071317894,COc1ccc2[nH]c(C(=O)NCC[C@H](F)CN3CCN(c4ccccc4OC)CC3)cc2c1,5.45
ZINC000071317895,COc1ccc2[nH]c(C(=O)NCC[C@@H](F)CN3CCN(c4ccccc4OC)CC3)cc2c1,5.45
ZINC000071317969,COc1ccccc1N1CCN(C[C@H](F)CCNC(=O)c2ccc(-c3ccccn3)cc2)CC1,5.69
ZINC000071317970,COc1ccccc1N1CCN(C[C@@H](F)CCNC(=O)c2ccc(-c3ccccn3)cc2)CC1,5.69
ZINC000071318299,COc1ccccc1N1CCN(C[C@H](F)CCNC(=O)c2cc3ccccc3[nH]2)CC1,5.49
ZINC000071318300,COc1ccccc1N1CCN(C[C@@H](F)CCNC(=O)c2cc3ccccc3[nH]2)CC1,5.49
ZINC000071318349,O=C(NCC[C@H](F)CN1CCN(c2cccc(Cl)c2Cl)CC1)c1ccc(-c2ccccn2)cc1,7.01
ZINC000071318350,O=C(NCC[C@@H](F)CN1CCN(c2cccc(Cl)c2Cl)CC1)c1ccc(-c2ccccn2)cc1,7.01
ZINC000071318633,COc1ccc2oc(C(=O)NCC[C@H](F)CN3CCN(c4cccc(Cl)c4Cl)CC3)cc2c1,6.56
ZINC000071318634,COc1ccc2oc(C(=O)NCC[C@@H](F)CN3CCN(c4cccc(Cl)c4Cl)CC3)cc2c1,6.56
ZINC000071318637,COc1ccccc1N1CCN(C[C@H](F)CCNC(=O)c2cc3ccccc3o2)CC1,5.32
ZINC000071318638,COc1ccccc1N1CCN(C[C@@H](F)CCNC(=O)c2cc3ccccc3o2)CC1,5.32
ZINC000071318662,O=C(NCC[C@H](F)CN1CCN(c2cccc(Cl)c2Cl)CC1)c1cc2ccccc2[nH]1,6.67
ZINC000071318663,O=C(NCC[C@@H](F)CN1CCN(c2cccc(Cl)c2Cl)CC1)c1cc2ccccc2[nH]1,6.67
ZINC000071329781,O=C(NCC[C@H](F)CN1CCN(c2cccc(Cl)c2Cl)CC1)c1ccc2c(c1)Cc1ccccc1-2,5.32
ZINC000071329782,O=C(NCC[C@@H](F)CN1CCN(c2cccc(Cl)c2Cl)CC1)c1ccc2c(c1)Cc1ccccc1-2,5.32
ZINC000071330137,CN(CC[C@H](F)CN1CCN(c2cccc(Cl)c2Cl)CC1)Cc1ccc2c(c1)Cc1ccccc1-2,5.59
ZINC000071330138,CN(CC[C@@H](F)CN1CCN(c2cccc(Cl)c2Cl)CC1)Cc1ccc2c(c1)Cc1ccccc1-2,5.59
ZINC000071330200,COc1ccc2oc(C(=O)NCC[C@H](F)CN3CCN(c4ccccc4OC)CC3)cc2c1,5.52
ZINC000071330202,COc1ccc2oc(C(=O)NCC[C@@H](F)CN3CCN(c4ccccc4OC)CC3)cc2c1,5.52
ZINC000071333072,COc1ccccc1N1CCN(CCCCN2CCc3cc(-c4ccncc4)ccc3C2=O)CC1,6.8
ZINC000071333806,COc1ccccc1N1CCN(CCCCN2CCc3cc(-c4cccs4)ccc3C2=O)CC1,6.72
ZINC000071333828,C#Cc1ccc2c(c1)CCN(CCCCN1CCN(c3ccccc3OC)CC1)C2=O,6.04
ZINC000071340445,COc1ccccc1N1CCN(CCCCN2CCc3cc(C#N)ccc3C2=O)CC1,6.37
ZINC000071340711,COc1ccccc1N1CCN(CCCCN2CCc3cc(F)ccc3C2=O)CC1,6.08
ZINC000071340738,COc1ccccc1N1CCN(CCCCN2CCc3cc(-c4ccco4)ccc3C2=O)CC1,6.48
ZINC000071341278,COc1ccccc1N1CCN(CCCCN2CCc3cc(-c4ccccc4)ccc3C2=O)CC1,6.48
ZINC000071341479,COc1ccccc1N1CCN(CCCCN2CCc3c(cccc3-c3ccccc3)C2=O)CC1,6.64
ZINC000071342098,COc1ccccc1N1CCN(CCCCN2CCCc3cc(-c4cccs4)ccc3C2=O)CC1,6.28
ZINC000071405075,COc1ccc2c(c1)CCCN(CCCCN1CCN(c3ccccc3OC)CC1)C2=O,6.09
ZINC000072104607,CCCc1nc(C(=O)NC[C@H](O)CN2CCN(c3cccc(C)c3C)CC2)c(C)n1-c1ccc2c(c1)OCCO2,6.53
ZINC000072104608,CCCc1nc(C(=O)NC[C@@H](O)CN2CCN(c3cccc(C)c3C)CC2)c(C)n1-c1ccc2c(c1)OCCO2,6.53
ZINC000072104630,Cc1cccc(N2CCN(CCCNC(=O)c3nc(C)n(-c4ccc(F)cc4)c3C)CC2)c1C,6.93
ZINC000072104631,Cc1cccc(N2CCN(CCCNC(=O)c3nc(-c4ccccc4)n(-c4ccccc4)c3C)CC2)c1C,7.53
ZINC000072104650,COc1ccc(-n2c(-c3ccccc3)nc(C(=O)NCCCN3CCN(c4cccc(Cl)c4Cl)CC3)c2C)cc1,7.89
ZINC000072104651,Cc1c(Cl)cccc1N1CCN(C[C@H](O)CNC(=O)c2nc(-c3ccccc3)n(-c3ccc(F)cc3)c2C)CC1,7.57
ZINC000072104652,Cc1c(Cl)cccc1N1CCN(C[C@@H](O)CNC(=O)c2nc(-c3ccccc3)n(-c3ccc(F)cc3)c2C)CC1,7.7
ZINC000072104653,CCCc1nc(C(=O)NC[C@H](O)CN2CCN(c3cccc(C)c3C)CC2)c(C)n1-c1ccc(OC)cc1,6.9
ZINC000072104654,CCCc1nc(C(=O)NC[C@@H](O)CN2CCN(c3cccc(C)c3C)CC2)c(C)n1-c1ccc(OC)cc1,6.9
ZINC000072104655,COc1ccc(-n2c(-c3ccccc3)nc(C(=O)NC[C@@H](O)CN3CCN(c4cccc(Cl)c4C)CC3)c2C)cc1,6.77
ZINC000072104656,COc1ccc(-n2c(-c3ccccc3)nc(C(=O)NC[C@H](O)CN3CCN(c4cccc(Cl)c4C)CC3)c2C)cc1,6.77
ZINC000072104678,CCCc1nc(C(=O)NC[C@H](O)CN2CCN(c3cccc(Cl)c3C)CC2)cn1-c1ccc(Cl)cc1,6.97
ZINC000072104679,CCCc1nc(C(=O)NC[C@@H](O)CN2CCN(c3cccc(Cl)c3C)CC2)cn1-c1ccc(Cl)cc1,6.97
ZINC000072104682,Cc1cccc(N2CCN(CCCNC(=O)c3nc(C(C)C)n(-c4ccccc4)c3C)CC2)c1C,6.98
ZINC000072104696,CCCc1nc(C(=O)NCCCN2CCN(c3cccc(Cl)c3C)CC2)cn1-c1ccc(Cl)cc1,7.7
ZINC000072104697,CCCc1nc(C(=O)NCCCN2CCN(c3cccc(C)c3C)CC2)cn1-c1ccc(Cl)cc1,7.49
ZINC000072104700,CCCc1nc(C(=O)NCCCN2CCN(c3cccc(C)c3C)CC2)c(C)n1-c1ccc2c(c1)OCCO2,6.62
ZINC000072104701,Cc1cccc(N2CCN(CCCNC(=O)c3nc(-c4ccccc4)n(-c4ccc5c(c4)OCCO5)c3C)CC2)c1C,7.72
ZINC000072104722,CCCc1nc(C(=O)NC[C@H](O)CN2CCN(c3cccc(Cl)c3C)CC2)c(C)n1-c1ccc2c(c1)OCCO2,6.63
ZINC000072104723,CCCc1nc(C(=O)NC[C@@H](O)CN2CCN(c3cccc(Cl)c3C)CC2)c(C)n1-c1ccc2c(c1)OCCO2,6.63
ZINC000072104731,CCc1nc(C(=O)NCCCN2CCN(c3cccc(Cl)c3Cl)CC2)c(C)n1-c1ccccc1,7.32
ZINC000072104732,COc1ccc(-n2c(-c3ccccc3)nc(C(=O)NCCCN3CCN(c4cccc(Cl)c4C)CC3)c2C)cc1,7.68
ZINC000072104735,COc1ccc(-n2c(C)nc(C(=O)NCCCN3CCN(c4cccc(C)c4C)CC3)c2C)cc1,7.2
ZINC000072104736,Cc1nc(C(=O)NCCCN2CCN(c3cccc(Cl)c3Cl)CC2)c(C)n1C1CCCC1,7.26
ZINC000072104738,COc1ccc(-n2c(-c3ccccc3)nc(C(=O)NCCCN3CCN(c4cccc(C)c4C)CC3)c2C)cc1,7.62
ZINC000072104740,COc1ccccc1-n1c(C)nc(C(=O)NCCCN2CCN(c3cccc(Cl)c3Cl)CC2)c1C,7.99
ZINC000072104741,CCCc1nc(C(=O)NCCCN2CCN(c3cccc(Cl)c3Cl)CC2)c(C)n1-c1ccccc1F,7.68
ZINC000072104763,Cc1cccc(N2CCN(CCCNC(=O)c3nc(C)n(-c4ccccc4Cl)c3C)CC2)c1C,7.1
ZINC000072104785,Cc1nc(C(=O)NC[C@H](O)CN2CCN(c3cccc(Cl)c3Cl)CC2)c(C)n1-c1ccccc1F,6.98
ZINC000072104786,Cc1nc(C(=O)NC[C@@H](O)CN2CCN(c3cccc(Cl)c3Cl)CC2)c(C)n1-c1ccccc1F,6.98
ZINC000072104792,CCCc1nc(C(=O)NCCCN2CCN(c3cccc(C)c3C)CC2)cn1-c1ccccc1,6.88
ZINC000072104795,Cc1c(Cl)cccc1N1CCN(CCCNC(=O)c2nc(C)n(-c3ccc(F)cc3)c2C)CC1,7.42
ZINC000072104801,Cc1cccc(N2CCN(C[C@H](O)CNC(=O)c3nc(C)n(-c4ccc5c(c4)OCCO5)c3C)CC2)c1C,6.64
ZINC000072104802,Cc1cccc(N2CCN(C[C@@H](O)CNC(=O)c3nc(C)n(-c4ccc5c(c4)OCCO5)c3C)CC2)c1C,6.64
ZINC000072104822,Cc1cccc(N2CCN(C[C@H](O)CNC(=O)c3nc(C)n(-c4ccccc4)c3C)CC2)c1C,7.14
ZINC000072104823,Cc1cccc(N2CCN(C[C@@H](O)CNC(=O)c3nc(C)n(-c4ccccc4)c3C)CC2)c1C,6.61
ZINC000072104824,Cc1c(Cl)cccc1N1CCN(CCCNC(=O)c2nc(C)n(-c3ccccc3Cl)c2C)CC1,7.54
ZINC000072104826,CCCn1c(C)nc(C(=O)NC[C@H](O)CN2CCN(c3cccc(C)c3C)CC2)c1C,6.08
ZINC000072104827,CCCn1c(C)nc(C(=O)NC[C@@H](O)CN2CCN(c3cccc(C)c3C)CC2)c1C,6.08
ZINC000072104830,COc1ccc(-n2c(C)nc(C(=O)NCCCN3CCN(c4cccc(Cl)c4Cl)CC3)c2C)cc1,7.7
ZINC000072104844,Cc1cccc(N2CCN(C[C@H](O)CNC(=O)c3nc(C)n(-c4ccccc4F)c3C)CC2)c1C,6.57
ZINC000072104845,Cc1cccc(N2CCN(C[C@@H](O)CNC(=O)c3nc(C)n(-c4ccccc4F)c3C)CC2)c1C,6.61
ZINC000072104846,CCCc1nc(C(=O)NCCCN2CCN(c3cccc(C)c3C)CC2)c(C)n1-c1ccc(F)cc1,7.51
ZINC000072104848,CCCc1nc(C(=O)NCCCN2CCN(c3cccc(C)c3C)CC2)c(C)n1-c1ccccc1,7.12
ZINC000072104849,CCCc1nc(C(=O)NCCCN2CCN(c3cccc(Cl)c3Cl)CC2)c(C)n1-c1ccccc1OC,6.86
ZINC000072104857,Cc1cccc(N2CCN(C[C@H](O)CNC(=O)c3nc(-c4ccccc4)n(-c4ccccc4)c3C)CC2)c1C,7.23
ZINC000072104858,Cc1cccc(N2CCN(C[C@@H](O)CNC(=O)c3nc(-c4ccccc4)n(-c4ccccc4)c3C)CC2)c1C,7.23
ZINC000072104859,CCCn1c(C)nc(C(=O)NCCCN2CCN(c3cccc(Cl)c3Cl)CC2)c1C,7.59
ZINC000072104860,CCCc1nc(C(=O)NCCCN2CCN(c3cccc(C)c3C)CC2)cn1-c1ccc(F)cc1,6.85
ZINC000072105036,Cc1c(Cl)cccc1N1CCN(CCCNC(=O)c2nc(-c3ccccc3)n(-c3ccccc3)c2Cn2cncn2)CC1,7.91
ZINC000072105038,Cc1c(Cl)cccc1N1CCN(CCCNC(=O)c2nc(C)n(CC(C)C)c2C)CC1,7.34
ZINC000072105059,Cc1cccc(N2CCN(CCCNC(=O)c3nc(C)n(-c4ccc(Cl)cc4)c3C)CC2)c1C,7.17
ZINC000072105068,CCCc1nc(C(=O)NCCCN2CCN(c3cccc(Cl)c3C)CC2)c(C)n1-c1ccc(F)cc1,7.27
ZINC000072105078,Cc1c(Cl)cccc1N1CCN(CCCNC(=O)c2nc(C)n(-c3ccccc3F)c2C)CC1,7.4
ZINC000072105079,Cc1c(Cl)cccc1N1CCN(CCCNC(=O)c2nc(-c3ccccc3)n(-c3ccc(F)cc3)c2C)CC1,7.91
ZINC000072105114,COc1ccc(-n2c(C)nc(C(=O)NCCCN3CCN(c4cccc(Cl)c4C)CC3)c2C)cc1,7.64
ZINC000072105141,Cc1cccc(N2CCN(CCCNC(=O)c3nc(C)n(-c4cccc(Cl)c4)c3C)CC2)c1C,7.01
ZINC000072105167,COc1ccc(-n2c(-c3ccccc3)nc(C(=O)NC[C@@H](O)CN3CCN(c4cccc(C)c4C)CC3)c2C)cc1,6.73
ZINC000072105168,COc1ccc(-n2c(-c3ccccc3)nc(C(=O)NC[C@H](O)CN3CCN(c4cccc(C)c4C)CC3)c2C)cc1,6.73
ZINC000072105169,Cc1nc(C(=O)NCCCN2CCN(c3cccc(Cl)c3Cl)CC2)c(C)n1-c1ccccc1C(F)(F)F,7.24
ZINC000072105173,Cc1c(C(=O)NC[C@H](O)CN2CCN(c3cccc(Cl)c3Cl)CC2)nc(-c2ccccc2)n1-c1ccc(F)cc1,7.03
ZINC000072105174,Cc1c(C(=O)NC[C@@H](O)CN2CCN(c3cccc(Cl)c3Cl)CC2)nc(-c2ccccc2)n1-c1ccc(F)cc1,7.03
ZINC000072105210,CCCc1nc(C(=O)NC[C@H](O)CN2CCN(c3cccc(Cl)c3Cl)CC2)cn1-c1ccc(Cl)cc1,6.75
ZINC000072105211,CCCc1nc(C(=O)NC[C@@H](O)CN2CCN(c3cccc(Cl)c3Cl)CC2)cn1-c1ccc(Cl)cc1,6.75
ZINC000072105213,Cc1nc(C(=O)NCCCN2CCN(c3cccc(Cl)c3Cl)CC2)c(C)n1-c1ccc2c(c1)OCCO2,8.06
ZINC000072105230,CCc1nc(C(=O)NCCN2CCN(c3cccc(Cl)c3Cl)CC2)c(C)n1-c1ccccc1,7.57
ZINC000072105247,Cc1cccc(N2CCN(CCCNC(=O)c3nc(C)n(-c4ccccc4)c3C)CC2)c1C,7.04
ZINC000072105261,Cc1c(C(=O)NCCCN2CCN(c3cccc(Cl)c3Cl)CC2)nc(-c2ccccc2)n1-c1ccccc1F,7.71
ZINC000072105262,CCCc1nc(C(=O)NCCCN2CCN(c3cccc(Cl)c3C)CC2)c(C)n1-c1ccccc1OC,6.77
ZINC000072105267,CCCc1nc(C(=O)NCCCN2CCN(c3cccc(Cl)c3Cl)CC2)cn1-c1ccc(Cl)cc1,7.15
ZINC000072105296,COc1ccccc1-n1c(C)nc(C(=O)NCCCN2CCN(c3cccc(Cl)c3C)CC2)c1C,7.89
ZINC000072105297,Cc1cccc(N2CCN(C[C@H](O)CNC(=O)c3nc(C)n(CC(C)C)c3C)CC2)c1C,6.0
ZINC000072105298,Cc1cccc(N2CCN(C[C@@H](O)CNC(=O)c3nc(C)n(CC(C)C)c3C)CC2)c1C,6.0
ZINC000072105367,Cc1cccc(N2CCN(CCCNC(=O)c3nc(C)n(CC(C)C)c3C)CC2)c1C,6.66
ZINC000072105372,Cc1cccc(N2CCN(CCCNC(=O)c3nc(C)n(-c4ccccc4F)c3C)CC2)c1C,7.19
ZINC000072105449,Cc1cccc(N2CCN(CCCNC(=O)c3nc(-c4ccccc4)n(-c4ccc(F)cc4)c3C)CC2)c1C,7.56
ZINC000072105528,Cc1nc(C(=O)NCCCN2CCN(c3cccc(Cl)c3Cl)CC2)c(C)n1-c1ccccc1Cl,7.52
ZINC000072105893,Cc1c(Cl)cccc1N1CCN(C[C@H](O)CNC(=O)c2nc(C)n(-c3cccc(Cl)c3)c2C)CC1,6.74
ZINC000072105894,Cc1c(Cl)cccc1N1CCN(C[C@@H](O)CNC(=O)c2nc(C)n(-c3cccc(Cl)c3)c2C)CC1,6.74
ZINC000072105913,CCCc1nc(C(=O)NC[C@H](O)CN2CCN(c3cccc(C)c3C)CC2)c(C)n1-c1ccc(Cl)cc1,6.83
ZINC000072105914,CCCc1nc(C(=O)NC[C@@H](O)CN2CCN(c3cccc(C)c3C)CC2)c(C)n1-c1ccc(Cl)cc1,6.83
ZINC000072105992,Cc1c(C(=O)NCCCN2CCN(c3cccc(Cl)c3Cl)CC2)nc(-c2ccccc2)n1-c1ccccc1,7.85
ZINC000072105997,COc1ccc(-n2c(C)nc(C(=O)NC[C@@H](O)CN3CCN(c4cccc(C)c4C)CC3)c2C)cc1,6.76
ZINC000072105998,COc1ccc(-n2c(C)nc(C(=O)NC[C@H](O)CN3CCN(c4cccc(C)c4C)CC3)c2C)cc1,6.76
ZINC000072106081,Cc1c(Cl)cccc1N1CCN(C[C@H](O)CNC(=O)c2nc(C)n(C3CCCC3)c2C)CC1,7.01
ZINC000072106082,Cc1c(Cl)cccc1N1CCN(C[C@@H](O)CNC(=O)c2nc(C)n(C3CCCC3)c2C)CC1,7.01
ZINC000072106083,Cc1cccc(N2CCN(CCCNC(=O)c3nc(C)n(-c4ccc5c(c4)OCCO5)c3C)CC2)c1C,7.39
ZINC000072106084,Cc1c(Cl)cccc1N1CCN(CCCNC(=O)c2nc(C)n(C3CCCC3)c2C)CC1,7.09
ZINC000072106085,CCCc1nc(C(=O)NCCCN2CCN(c3cccc(C)c3C)CC2)c(C)n1-c1ccc(OC)cc1,7.15
ZINC000072106086,COc1ccccc1-n1c(C)nc(C(=O)NCCCN2CCN(c3cccc(C)c3C)CC2)c1C,6.84
ZINC000072106087,CCCc1nc(C(=O)NC[C@H](O)CN2CCN(c3cccc(Cl)c3C)CC2)c(C)n1-c1ccccc1,6.7
ZINC000072106088,CCCc1nc(C(=O)NC[C@@H](O)CN2CCN(c3cccc(Cl)c3C)CC2)c(C)n1-c1ccccc1,6.7
ZINC000072106089,CCCc1nc(C(=O)NC[C@H](O)CN2CCN(c3cccc(Cl)c3Cl)CC2)c(C)n1-c1ccc(F)cc1,6.71
ZINC000072106090,CCCc1nc(C(=O)NC[C@@H](O)CN2CCN(c3cccc(Cl)c3Cl)CC2)c(C)n1-c1ccc(F)cc1,6.71
ZINC000072106091,Cc1c(Cl)cccc1N1CCN(CCCNC(=O)c2nc(C)n(-c3ccc4c(c3)OCCO4)c2C)CC1,7.55
ZINC000072106152,COc1ccc(-n2cc(C(=O)NCCCN3CCN(c4cccc(C)c4C)CC3)nc2-c2ccccc2)cc1,7.72
ZINC000072106231,COc1ccc(-n2c(C)nc(C(=O)NC[C@@H](O)CN3CCN(c4cccc(C)c4C)CC3)c2C)cc1OC,6.69
ZINC000072106232,COc1ccc(-n2c(C)nc(C(=O)NC[C@H](O)CN3CCN(c4cccc(C)c4C)CC3)c2C)cc1OC,6.69
ZINC000072106235,COc1ccccc1-n1c(C)nc(C(=O)NC[C@@H](O)CN2CCN(c3cccc(Cl)c3C)CC2)c1C,6.43
ZINC000072106236,COc1ccccc1-n1c(C)nc(C(=O)NC[C@H](O)CN2CCN(c3cccc(Cl)c3C)CC2)c1C,6.43
ZINC000072106237,Cc1cccc(N2CCN(CCCNC(=O)c3cn(-c4ccccc4)c(-c4ccccc4)n3)CC2)c1C,7.88
ZINC000072106248,CCCc1nc(C(=O)NCCN2CCN(c3cccc(Cl)c3Cl)CC2)c(C)n1-c1ccccc1,7.41
ZINC000072106304,CCCc1nc(C(=O)NCCCN2CCN(c3cccc(Cl)c3C)CC2)c(C)n1-c1ccccc1,6.81
ZINC000072106308,Cc1cccc(N2CCN(C[C@H](O)CNC(=O)c3nc(C)n(-c4ccccc4Cl)c3C)CC2)c1C,6.5
ZINC000072106309,Cc1cccc(N2CCN(C[C@@H](O)CNC(=O)c3nc(C)n(-c4ccccc4Cl)c3C)CC2)c1C,6.5
ZINC000072106310,Cc1cccc(N2CCN(C[C@H](O)CNC(=O)c3nc(-c4ccccc4)n(-c4ccc(F)cc4)c3C)CC2)c1C,7.15
ZINC000072106311,Cc1cccc(N2CCN(C[C@@H](O)CNC(=O)c3nc(-c4ccccc4)n(-c4ccc(F)cc4)c3C)CC2)c1C,7.15
ZINC000072106312,Cc1c(Cl)cccc1N1CCN(C[C@H](O)CNC(=O)c2nc(C)n(-c3ccc(F)cc3)c2C)CC1,6.6
ZINC000072106313,Cc1c(Cl)cccc1N1CCN(C[C@@H](O)CNC(=O)c2nc(C)n(-c3ccc(F)cc3)c2C)CC1,6.6
ZINC000072106314,CCCc1nc(C(=O)NCCCN2CCN(c3cccc(Cl)c3Cl)CC2)c(C)n1-c1ccccc1,7.68
ZINC000072106402,CCCc1nc(C(=O)NCCCN2CCN(c3cccc(Cl)c3Cl)CC2)c(C)n1-c1ccc(OC)cc1,8.29
ZINC000072106403,COc1ccccc1-n1c(C)nc(C(=O)NC[C@H](O)CN2CCN(c3cccc(Cl)c3Cl)CC2)c1C,7.28
ZINC000072106404,COc1ccccc1-n1c(C)nc(C(=O)NC[C@@H](O)CN2CCN(c3cccc(Cl)c3Cl)CC2)c1C,7.28
ZINC000072106405,Cc1c(Cl)cccc1N1CCN(C[C@H](O)CNC(=O)c2nc(-c3ccccc3)n(-c3ccccc3)c2C)CC1,7.24
ZINC000072106406,Cc1c(Cl)cccc1N1CCN(C[C@@H](O)CNC(=O)c2nc(-c3ccccc3)n(-c3ccccc3)c2C)CC1,7.24
ZINC000072106407,CCCc1nc(C(=O)NCCCN2CCN(c3cccc(Cl)c3Cl)CC2)c(C)n1-c1ccc2c(c1)OCCO2,6.97
ZINC000072106408,Cc1c(Cl)cccc1N1CCN(CCCNC(=O)c2nc(-c3ccccc3)n(-c3ccccc3)c2C)CC1,7.86
ZINC000072106420,CCCc1nc(C(=O)NCCCN2CCN(c3cccc(C)c3C)CC2)c(C)n1-c1ccccc1OC,6.6
ZINC000072106425,Cc1cccc(N2CCN(C[C@H](O)CNC(=O)c3nc(C)n(-c4cccc(Cl)c4)c3C)CC2)c1C,6.56
ZINC000072106426,Cc1cccc(N2CCN(C[C@@H](O)CNC(=O)c3nc(C)n(-c4cccc(Cl)c4)c3C)CC2)c1C,6.56
ZINC000072106486,Cc1nc(C(=O)NC[C@H](O)CN2CCN(c3cccc(Cl)c3Cl)CC2)c(C)n1-c1ccc2c(c1)OCCO2,8.01
ZINC000072106487,Cc1nc(C(=O)NC[C@@H](O)CN2CCN(c3cccc(Cl)c3Cl)CC2)c(C)n1-c1ccc2c(c1)OCCO2,8.01
ZINC000072106488,Cc1nc(C(=O)NCCCN2CCN(c3cccc(Cl)c3Cl)CC2)c(C)n1-c1ccccc1F,7.77
ZINC000072106496,Cc1cccc(N2CCN(C[C@H](O)CNC(=O)c3nc(C)n(-c4ccc(F)cc4)c3C)CC2)c1C,7.11
ZINC000072106497,Cc1cccc(N2CCN(C[C@@H](O)CNC(=O)c3nc(C)n(-c4ccc(F)cc4)c3C)CC2)c1C,7.11
ZINC000072106557,CCCc1nc(C(=O)NCCCN2CCN(c3cccc(Cl)c3C)CC2)c(C)n1-c1ccc(OC)cc1,7.82
ZINC000072106640,CCCc1nc(C(=O)NC[C@H](O)CN2CCN(c3cccc(Cl)c3C)CC2)c(C)n1-c1ccc(OC)cc1,6.24
ZINC000072106641,CCCc1nc(C(=O)NC[C@@H](O)CN2CCN(c3cccc(Cl)c3C)CC2)c(C)n1-c1ccc(OC)cc1,6.24
ZINC000072106701,Cc1c(Cl)cccc1N1CCN(C[C@H](O)CNC(=O)c2nc(C)n(-c3ccccc3F)c2C)CC1,6.71
ZINC000072106702,Cc1c(Cl)cccc1N1CCN(C[C@@H](O)CNC(=O)c2nc(C)n(-c3ccccc3F)c2C)CC1,6.71
ZINC000072106703,COc1ccc(-n2c(C)nc(C(=O)NC[C@@H](O)CN3CCN(c4cccc(Cl)c4C)CC3)c2C)cc1,7.25
ZINC000072106704,COc1ccc(-n2c(C)nc(C(=O)NC[C@H](O)CN3CCN(c4cccc(Cl)c4C)CC3)c2C)cc1,7.25
ZINC000072106720,Cc1c(Cl)cccc1N1CCN(C[C@H](O)CNC(=O)c2nc(C)n(-c3ccc4c(c3)OCCO4)c2C)CC1,6.9
ZINC000072106721,Cc1c(Cl)cccc1N1CCN(C[C@@H](O)CNC(=O)c2nc(C)n(-c3ccc4c(c3)OCCO4)c2C)CC1,6.9
ZINC000072106726,COc1cc(OC)cc(-n2c(C)nc(C(=O)NCCCN3CCN(c4cccc(C)c4C)CC3)c2C)c1,7.49
ZINC000072106802,CCCc1nc(C(=O)NCCCN2CCN(c3cccc(C)c3C)CC2)c(C)n1-c1ccccc1Cl,7.05
ZINC000072106803,CCCc1nc(C(=O)NC[C@H](O)CN2CCN(c3cccc(Cl)c3Cl)CC2)c(C)n1-c1ccc(OC)cc1,7.2
ZINC000072106804,CCCc1nc(C(=O)NC[C@@H](O)CN2CCN(c3cccc(Cl)c3Cl)CC2)c(C)n1-c1ccc(OC)cc1,7.2
ZINC000072106808,Cc1c(C(=O)NC[C@H](O)CN2CCN(c3cccc(Cl)c3Cl)CC2)nc(-c2ccccc2)n1-c1ccccc1,7.62
ZINC000072106809,Cc1c(C(=O)NC[C@@H](O)CN2CCN(c3cccc(Cl)c3Cl)CC2)nc(-c2ccccc2)n1-c1ccccc1,7.62
ZINC000072141200,CCCc1nc(C(=O)NCCCN2CCN(c3cccc(Cl)c3C)CC2)c(C)n1-c1ccc2c(c1)OCCO2,7.33
ZINC000072176085,CCCN1CCc2cccc3c2[C@H]1Cc1cccc(OC(=O)NCc2ccccc2)c1-3,5.7
ZINC000072176149,CCCN1CCc2cccc3c2[C@@H]1Cc1cccc(OC(=O)NCc2ccccc2)c1-3,5.7
ZINC000072179905,CCCc1nc(C(=O)NC[C@H](O)CN2CCN(c3cccc(C)c3C)CC2)c(C)n1-c1ccc(F)cc1,6.49
ZINC000072179906,CCCc1nc(C(=O)NC[C@@H](O)CN2CCN(c3cccc(C)c3C)CC2)c(C)n1-c1ccc(F)cc1,6.49
ZINC000072316172,NC[C@H]1C[C@@H]1c1cc(F)ccc1OCC1CC1,6.05
ZINC000073141878,COc1cc(CN2CCN(c3ccc4c(c3)OCCO4)CC2)ccc1F,5.38
ZINC000073157672,O=S(=O)(NCCCCN1CCc2ccccc2C1)c1ccc2ncccc2c1,5.08
ZINC000073158005,Oc1cc(CN2CCN(c3ccc4c(c3)OCCO4)CC2)ccc1F,5.64
ZINC000073158007,Fc1ccc(CN2CCN(c3ccc4c(c3)OCCO4)CC2)cn1,5.24
ZINC000073162233,O=S(=O)(NCCCCN1CCc2ccccc2C1)c1cccc2cccnc12,5.84
ZINC000073163482,COc1ccccc1N1CCN(CCCNS(=O)(=O)c2ccc3ncccc3c2)CC1,5.55
ZINC000073163488,COc1ccccc1N1CCN(CCCNS(=O)(=O)c2cccc3cccnc23)CC1,5.79
ZINC000073165004,O=S(=O)(NCCCCN1CCc2ccccc2C1)c1cnc2ccccc2c1,5.06
ZINC000073169517,CCN(CCCCN1CC[C@@H]2CCCC[C@@H]2C1)S(=O)(=O)c1cnc2ccccc2c1,5.29
ZINC000073169865,CCN(CCCN1CCN(c2ccccc2OC)CC1)S(=O)(=O)c1ccc2ncccc2c1,5.88
ZINC000073170188,CCN(CCCCN1CC[C@@H]2CCCC[C@@H]2C1)S(=O)(=O)c1cccc2cccnc12,5.2
ZINC000073170189,CCN(CCCCCN1CC[C@@H]2CCCC[C@@H]2C1)S(=O)(=O)c1cccc2cccnc12,5.75
ZINC000073197515,COc1cc(OC(C)C)cc(S(=O)(=O)c2ccc3c(c2)O[C@H]2CNCC[C@@H]32)c1,5.43
ZINC000073197810,O=S(=O)(NCCCCN1CCN(c2cccc(Cl)c2)CC1)c1cnc2ccc(Cl)cc2c1,7.25
ZINC000073199172,O=C1c2ccc(F)cc2C[C@H]1CCN1CCCN(c2ccc(Cl)cc2)CC1,6.39
ZINC000073199950,O=S(=O)(c1cnc2ccccc2c1)N1CCC(CCN2CCN(c3ccc(Cl)cc3)CC2)CC1,7.51
ZINC000073224196,CN1CCC(N(C)S(=O)(=O)c2ccc(I)cc2)CC1,6.8
ZINC000073224897,CN1CCC(N(C)S(=O)(=O)c2cccc3ccccc23)CC1,6.3
ZINC000073225061,Cc1ccccc1S(=O)(=O)N(C)C1CCN(C)CC1,5.81
ZINC000073239720,O=[S@](CCCN1CCC(c2ccc(Cl)cc2)CC1)c1ccc(F)cc1,6.65
ZINC000073239722,O=[S@@](CCCN1CCC(c2ccc(Cl)cc2)CC1)c1ccc(F)cc1,6.65
ZINC000073241813,O=S(=O)(NCCCCN1CCN(c2ccc(Cl)cc2)CC1)c1ccc2cccnc2c1,7.2
ZINC000073258613,O=C1[C@@H]2CCCN2C(=O)N1CCCCNCCc1ccc2ccccc2c1,6.8
ZINC000073258615,O=C1[C@H]2CCCN2C(=O)N1CCCCNCCc1ccc2ccccc2c1,6.8
ZINC000073274263,O=S(=O)(c1cnc2ccccc2c1)N1CCC(CN2CCN(c3ccc(Cl)cc3)CC2)CC1,5.22
ZINC000073274645,O=S(=O)(NCCCCN1CCN(c2ccc(Cl)cc2)CC1)c1ccc2ncccc2c1,7.36
ZINC000073274649,O=S(=O)(NCCCCN1CCN(c2cccc(Cl)c2)CC1)c1ccc2ccccc2c1,7.66
ZINC000073274654,O=S(=O)(NCCCN1CCN(c2cccc(Cl)c2)CC1)c1cnc2ccccc2c1,6.69
ZINC000073274863,O=S(=O)(NCCCCN1CCN(c2cccc(Cl)c2)CC1)c1cnc2ccccc2c1,7.66
ZINC000073278068,O=S(=O)(NCCCCN1CCN(c2cccc(Cl)c2)CC1)c1ccc2ncccc2c1,7.38
ZINC000073278070,O=S(=O)(NCCCCN1CCN(c2cccc(Cl)c2)CC1)c1cccc2cccnc12,6.82
ZINC000073278774,O=S(=O)(NCCCCN1CCN(c2ccc(Cl)cc2)CC1)c1cnc2ccccc2c1,7.25
ZINC000073278780,O=S(=O)(c1ccc2cccnc2c1)N1CCC(CN2CCN(c3ccc(Cl)cc3)CC2)CC1,6.12
ZINC000073280996,O=S(=O)(NCCCCN1CCN(c2ccc(Cl)cc2)CC1)c1cncc2ccccc12,6.68
ZINC000073280998,O=S(=O)(NCCCCCN1CCN(c2ccc(Cl)cc2)CC1)c1cnc2ccccc2c1,6.94
ZINC000073281000,O=S(=O)(NCCCCN1CCN(c2cccc(Cl)c2)CC1)c1cccc2ccccc12,6.57
ZINC000073281002,O=S(=O)(c1cncc2ccccc12)N1CCC(CCN2CCN(c3ccc(Cl)cc3)CC2)CC1,7.23
ZINC000082153412,CCCCOc1ccc(S(=O)(=O)N(C)C2CCN(C)CC2)cc1,7.11
ZINC000082154952,CCOc1ccccc1N1CCN(CCCN/C(=N\C#N)c2ccccn2)CC1,5.56
ZINC000082154953,N#C/N=C(\NCCCN1CCN(c2ccccc2C#N)CC1)c1ccccn1,6.04
ZINC000082154957,Cc1cccc(N2CCN(CCCN/C(=N\C#N)c3ccccn3)CC2)c1C,9.06
ZINC000082154958,N#C/N=C(\NCCCN1CCN(c2ccccc2Cl)CC1)c1ccccn1,7.57
ZINC000082156560,N#C/N=C(\NCCCN1CCN(c2ncccn2)CC1)c1ccccn1,10.79
ZINC000082156563,N#C/N=C(\NCCCN1CCN(c2ccccn2)CC1)c1ccccn1,8.95
ZINC000082156564,N#C/N=C(\NCCCN1CCN(Cc2ccc3c(c2)OCO3)CC1)c1ccccn1,7.29
ZINC000082156565,N#C/N=C(\NCCCN1CCN(C(=O)c2ccco2)CC1)c1ccccn1,7.67
ZINC000082158077,CCc1ccc(S(=O)(=O)N(C)C2CCN(C)CC2)cc1,6.34
ZINC000082158078,CN1CCC(N(C)S(=O)(=O)c2ccc(-c3ccccc3)cc2)CC1,6.55
ZINC000084298917,Cc1[nH]c2ccc(F)cc2c1C1=CCNCC1,6.02
ZINC000084466024,CCCn1c(-c2ccccc2)cc(C(=O)NCCN2CCN(c3cccc(Cl)c3Cl)CC2)c1C,6.39
ZINC000084616989,CN1CCC(/N=C2\Nc3cc(Cl)ccc3Oc3ncccc32)CC1,6.45
ZINC000084616991,Clc1ccc2c(c1)N/C(=N\C1CCN(Cc3ccccc3)CC1)c1cccnc1O2,6.55
ZINC000084687568,CN1C(=N)N=C(O)/C1=C\c1c[nH]c2cccc(Br)c12,5.85
ZINC000084689918,CNC1=NC(=O)/C(=C\c2c[nH]c3cccc(Br)c23)N1C,6.18
ZINC000084708735,CNC1=NC(=O)/C(=C/c2c[nH]c3c(Br)cccc23)N1,5.44
ZINC000084709545,CNC1=NC(=O)/C(=C/c2c[nH]c3cccc(Br)c23)N1,6.33
ZINC000084712274,CNC1=NC(=O)/C(=C/c2c[nH]c3ccc(Br)cc23)N1,6.17
ZINC000084723966,CNC1=NC(=O)/C(=C\c2c[nH]c3c(Br)cccc23)N1C,5.1
ZINC000087666871,Cn1c(=O)c2c(nc(O)n2CCCN2CCc3ccccc3C2)n(C)c1=O,5.1
ZINC000087690221,Cc1c(C(=O)NCCN2CCN(c3cccc(Cl)c3Cl)CC2)cc(-c2ccccc2)n1C,6.76
ZINC000089774817,COc1ccccc1N1CCN(Cc2cn3nc(Cl)ccc3n2)CC1,5.47
ZINC000089774822,Clc1ccc(N2CCN(Cc3cn4nc(Cl)ccc4n3)CC2)cc1,6.04
ZINC000095541575,O=C1Nc2ccccc2[C@H]1CCCCN1CCN(c2ccc(Cl)cc2)CC1,7.76
ZINC000095541862,O=C(NCCN1CCN(c2csc3cc(F)ccc23)CC1)c1noc2ccccc12,6.51
ZINC000095558121,COc1ccccc1N1CCN(Cc2cc(CN3CCCCC3)c3cccccc2-3)CC1,5.89
ZINC000095558147,COc1ccccc1N1CCN(Cc2cc(C#Cc3ccccc3)c3cccccc2-3)CC1,6.0
ZINC000095558448,C#Cc1cc(CN2CCN(c3ccccc3OC)CC2)c2cccccc1-2,5.68
ZINC000095558613,COc1ccccc1N1CCN(Cc2cc(CO)c3cccccc2-3)CC1,6.0
ZINC000095559491,COc1ccccc1N1CCN(Cc2cc(CN(C)C)c3cccccc2-3)CC1,5.74
ZINC000095560318,COc1ccccc1N1CCN(Cc2cc(CN3CCN(c4ccccc4OC)CC3)c3cccccc2-3)CC1,6.25
ZINC000095560964,COc1ccccc1N1CCN(Cc2cc(CN3CCN(C)CC3)c3cccccc2-3)CC1,5.68
ZINC000095561334,COc1ccccc1N1CCN(Cc2cc(C#N)c3cccccc2-3)CC1,6.42
ZINC000095561403,COc1ccccc1N1CCN(Cc2cc(CN3CCN(c4ccc(Cl)cc4)CC3)c3cccccc2-3)CC1,5.8
ZINC000095561506,COc1ccccc1N1CCN(Cc2cc(CN3CCOCC3)c3cccccc2-3)CC1,6.0
ZINC000095561958,CCCC#Cc1cc(CN2CCN(c3ccccc3OC)CC2)c2cccccc1-2,5.89
ZINC000095564934,CC(C)n1nc(C(=O)NCC2CCN(CCc3ccc(O)cc3)CC2)c2ccccc21,8.0
ZINC000095565803,CC(C)n1cc2c(OCC3CCN(CCc4ccccc4)CC3)nc3ccccc3c2c1,7.0
ZINC000095572050,NC(=O)O[C@H](CCN1CCN(c2ccccc2)CC1)c1ccccc1,7.21
ZINC000095572051,NC(=O)O[C@@H](CCN1CCN(c2ccccc2)CC1)c1ccccc1,6.86
ZINC000095572066,NC(=O)O[C@H](CCN1CCN(c2ccc(Cl)cc2)CC1)c1ccccc1,6.58
ZINC000095572067,NC(=O)O[C@@H](CCN1CCN(c2ccc(Cl)cc2)CC1)c1ccccc1,6.58
ZINC000095573118,COc1ccccc1N1CCN(CC[C@H](OC(N)=O)c2ccccc2)CC1,6.79
ZINC000095573119,COc1ccccc1N1CCN(CC[C@@H](OC(N)=O)c2ccccc2)CC1,6.79
ZINC000095573789,NC(=O)O[C@H](CCN1CCN(c2cccc(Cl)c2)CC1)c1ccccc1,7.21
ZINC000095573790,NC(=O)O[C@@H](CCN1CCN(c2cccc(Cl)c2)CC1)c1ccccc1,7.21
ZINC000095574894,NC(=O)O[C@H](CCN1CCN(c2ccccc2F)CC1)c1ccccc1,6.96
ZINC000095574895,NC(=O)O[C@@H](CCN1CCN(c2ccccc2F)CC1)c1ccccc1,6.96
ZINC000095576148,COc1ccc(N2CCN(CC[C@H](OC(N)=O)c3ccccc3)CC2)cc1,5.23
ZINC000095576192,Cc1ccc(N2CCN(CC[C@H](OC(N)=O)c3ccccc3)CC2)cc1,6.43
ZINC000095576193,Cc1ccc(N2CCN(CC[C@@H](OC(N)=O)c3ccccc3)CC2)cc1,6.43
ZINC000095576780,NC(=O)O[C@H](CCN1CCN(c2cccc(C(F)(F)F)c2)CC1)c1ccccc1,6.18
ZINC000095576781,NC(=O)O[C@@H](CCN1CCN(c2cccc(C(F)(F)F)c2)CC1)c1ccccc1,6.18
ZINC000095576807,NC(=O)O[C@H](CCN1CCN(c2ccc(C(F)(F)F)cc2)CC1)c1ccccc1,5.68
ZINC000095576808,NC(=O)O[C@@H](CCN1CCN(c2ccc(C(F)(F)F)cc2)CC1)c1ccccc1,5.68
ZINC000095578371,Cc1ccccc1N1CCN(CC[C@H](OC(N)=O)c2ccccc2)CC1,7.11
ZINC000095578372,Cc1ccccc1N1CCN(CC[C@@H](OC(N)=O)c2ccccc2)CC1,7.11
ZINC000095578385,COc1cccc(N2CCN(CC[C@H](OC(N)=O)c3ccccc3)CC2)c1,6.3
ZINC000095578386,COc1cccc(N2CCN(CC[C@@H](OC(N)=O)c3ccccc3)CC2)c1,6.3
ZINC000095578428,COc1ccc(N2CCN(CC[C@@H](OC(N)=O)c3ccccc3)CC2)cc1,5.24
ZINC000095579039,NC(=O)O[C@H](CCN1CCN(c2ccc(F)cc2)CC1)c1ccccc1,7.19
ZINC000095579040,NC(=O)O[C@@H](CCN1CCN(c2ccc(F)cc2)CC1)c1ccccc1,7.19
ZINC000095580604,Cc1cccc(N2CCN(CC[C@H](OC(N)=O)c3ccccc3)CC2)c1,7.03
ZINC000095580605,Cc1cccc(N2CCN(CC[C@@H](OC(N)=O)c3ccccc3)CC2)c1,7.03
ZINC000095580636,NC(=O)O[C@H](CCN1CCN(c2ccc([N+](=O)[O-])cc2)CC1)c1ccccc1,5.69
ZINC000095580637,NC(=O)O[C@@H](CCN1CCN(c2ccc([N+](=O)[O-])cc2)CC1)c1ccccc1,5.69
ZINC000095585360,COCCCOc1cc(C(=O)N(C[C@@H]2CNC[C@H]2Cc2ccccc2)C(C)C)ccc1OC,6.0
ZINC000095586109,Cc1ccc2c(c1Cl)C(=O)N[C@H]1CNC[C@H]21,7.89
ZINC000095587208,O=C1N[C@H]2CNC[C@@H]2c2cccc(Cl)c21,6.91
ZINC000095587306,CCc1cc2c(c(C(F)(F)F)c1)C(=O)N[C@H]1CNC[C@H]21,6.8
ZINC000095587396,CCc1cc(Cl)c2c(c1)[C@H]1CNC[C@@H]1N(C)C2=O,5.19
ZINC000095590765,O=C1N[C@H]2CNC[C@@H]2c2ccccc21,5.1
ZINC000095592057,Oc1ccc(N2CCN(Cc3cnn(-c4ccc(Cl)cc4)c3)CC2)cc1,5.09
ZINC000095592457,Cc1cc(C)c2c(c1)[C@H]1CNC[C@@H]1NC2=O,6.52
ZINC000095592518,Cc1cc(C2CC2)cc2c1C(=O)N[C@H]1CNC[C@H]21,5.5
ZINC000095607296,Cn1c(=O)c2c(nc3nc(NCCN4CCN(c5cccc(Cl)c5)CC4)c(Br)cn32)n(C)c1=O,7.19
ZINC000095607297,COc1ccccc1N1CCN(CCNc2nc3nc4c(c(=O)n(C)c(=O)n4C)n3cc2Br)CC1,7.07
ZINC000095616601,COc1cc2nc(N3CCN(C(=O)c4ccco4)CC3)nc(N)c2cc1OC,5.82
ZINC000095626336,O=c1[nH]c2cccc(N3C[C@H]4C[C@@H]3CN4C[C@H]3CCc4[nH]c5ccc(F)cc5c4C3)c2o1,5.74
ZINC000096258472,O=C1C[C@H](c2c[nH]c3ccccc23)C(=O)N1CCN1CCC(c2c[nH]c3ccc(F)cc23)CC1,6.42
ZINC000096258479,COc1ccc2[nH]cc(C3CCN(CCCCN4C(=O)C[C@@H](c5c[nH]c6ccccc56)C4=O)CC3)c2c1,6.3
ZINC000096258483,O=C1C[C@H](c2c[nH]c3ccccc23)C(=O)N1CCCCN1CCC(c2c[nH]c3ccc(F)cc23)CC1,7.15
ZINC000096270829,Cc1c(C)c2ccc(OCCCCN3CCC(c4noc5cc(F)ccc45)CC3)cc2oc1=O,9.52
ZINC000096270830,Cc1cc(=O)oc2c(Cl)c(OCCCCN3CCC(c4noc5cc(F)ccc45)CC3)ccc12,9.52
ZINC000096270831,Cc1cc(=O)oc2c(C)c(OCCCCN3CCC(c4noc5cc(F)ccc45)CC3)ccc12,9.05
ZINC000096270832,O=c1cc(-c2ccccc2)c2ccc(OCCCCN3CCC(c4noc5cc(F)ccc45)CC3)cc2o1,8.04
ZINC000096270833,COc1ccccc1N1CCN(CCCCOc2ccc3c(C)cc(=O)oc3c2)CC1,8.1
ZINC000096270834,Cc1cc(=O)oc2cc(OCCCCN3CCC(c4noc5cc(F)ccc45)CC3)ccc12,8.08
ZINC000096271307,Fc1cccc(Nc2nc(Cc3ccccc3)nc3c2CCNCC3)c1,8.31
ZINC000096271308,COc1cccc(Nc2nc(Cc3ccccc3)nc3c2CCNCC3)c1,7.11
ZINC000096271309,c1ccc(Cc2nc3c(c(Nc4ccccc4)n2)CCNCC3)cc1,8.57
ZINC000096271310,Clc1cccc(Nc2nc(Cc3ccccc3)nc3c2CCNCC3)c1,8.52
ZINC000096900527,Cc1cccc(N2CCN(CCCCCCN3CCN(c4ccccc4)CC3)CC2)n1,7.6
ZINC000096910224,Cc1[nH]c2ccc(Br)cc2c1C1=CCNCC1,6.4
ZINC000096910228,Cc1[nH]c2ccc([N+](=O)[O-])cc2c1C1=CCNCC1,6.0
ZINC000096916114,Clc1ccc(-n2cc(COCCN3CCN(c4ccccc4)CC3)cn2)cc1,5.6
ZINC000096916116,Clc1ccc(-n2cc(COCCCN3CCN(c4ccccc4)CC3)cn2)cc1,6.19
ZINC000096916118,Clc1ccc(-n2cc(CCCN3CCN(c4ccccc4)CC3)cn2)cc1,6.22
ZINC000096916120,Clc1ccc(-n2cc(CCCCN3CCN(c4ccccc4)CC3)cn2)cc1,6.19
ZINC000096916122,Clc1ccc(-n2cc(CCCCCN3CCN(c4ccccc4)CC3)cn2)cc1,6.02
ZINC000096928116,CNc1nc(N2CCN(C)CC2)nc2c1CCNCC2,5.92
ZINC000096928119,CCN(CC)c1nc(N2CCN(C)CC2)nc2c1CCNCC2,5.54
ZINC000096928121,CN1CCN(c2nc3c(c(N4CCSCC4)n2)CCNCC3)CC1,6.16
ZINC000096928123,CN1CCN(c2nc3c(c(OCc4ccco4)n2)CCNCC3)CC1,5.58
ZINC000096928125,CN1CCN(c2nc3c(c(Nc4ccc(F)cc4)n2)CCNCC3)CC1,6.82
ZINC000096928126,CN1CCc2nc(N3CCN(C)CC3)nc(Nc3ccc(F)cc3)c2CC1,6.16
ZINC000096928127,c1ccc(Cc2nc3c(c(N4CCSCC4)n2)CCNCC3)cc1,7.02
ZINC000096928128,Fc1ccc(Nc2nc(Cc3ccccc3)nc3c2CCNCC3)cc1,8.71
ZINC000096928129,COc1ccc(Nc2nc(Cc3ccccc3)nc3c2CCNCC3)cc1,7.24
ZINC000096928132,CN1CCN(c2nc(Nc3ccccc3)c3cn[nH]c3n2)CC1,7.6
ZINC000096928133,CCN(CC)c1nc(Nc2ccc(C)c(C)c2)c2cn[nH]c2n1,5.56
ZINC000096928134,CCN(CC)c1nc(Nc2ccc(Cl)cc2)c2cn[nH]c2n1,5.72
ZINC000096928135,CN1CCN(c2nc(Nc3ccc(Cl)cc3)c3cn[nH]c3n2)CC1,7.54
ZINC000096928136,CCN(CC)c1nc(Nc2ccccc2C)c2cn[nH]c2n1,5.34
ZINC000096928141,COCCCNc1nc(Nc2ccc(F)cc2)c2cn[nH]c2n1,5.28
ZINC000096928142,C=CCNc1nc(Nc2ccc(F)cc2)c2cn[nH]c2n1,5.18
ZINC000096928143,Fc1ccc(Nc2nc(NC3CCCCC3)nc3[nH]ncc23)cc1,5.44
ZINC000096928144,Fc1ccc(Nc2nc(NC3CCCC3)nc3[nH]ncc23)cc1,5.35
ZINC000096928443,Fc1ccc(Nc2nc(NCc3ccccc3)nc3[nH]ncc23)cc1,5.9
ZINC000096928444,Cc1ccc(CNc2nc(Nc3ccc(F)cc3)c3cn[nH]c3n2)cc1,6.02
ZINC000096928445,Fc1ccc(Nc2nc(NCCN3CCOCC3)nc3[nH]ncc23)cc1,5.01
ZINC000096928446,CN(C)c1nc(Nc2ccc(F)cc2)c2cn[nH]c2n1,5.31
ZINC000096928447,CCN(CC)c1nc(Nc2ccc(F)cc2)c2cn[nH]c2n1,5.34
ZINC000096928448,Fc1ccc(Nc2nc(N3CCCCC3)nc3[nH]ncc23)cc1,5.66
ZINC000096928449,C[C@H]1C[C@@H](C)CN(c2nc(Nc3ccc(F)cc3)c3cn[nH]c3n2)C1,5.23
ZINC000096928450,C[C@H]1C[C@H](C)CN(c2nc(Nc3ccc(F)cc3)c3cn[nH]c3n2)C1,5.23
ZINC000096928451,C[C@@H]1C[C@@H](C)CN(c2nc(Nc3ccc(F)cc3)c3cn[nH]c3n2)C1,5.23
ZINC000096928452,CC1CCN(c2nc(Nc3ccc(F)cc3)c3cn[nH]c3n2)CC1,5.43
ZINC000096928453,OCCN1CCN(c2nc(Nc3ccc(F)cc3)c3cn[nH]c3n2)CC1,6.79
ZINC000096928454,Fc1ccc(Nc2nc(N3CCN(Cc4ccccc4)CC3)nc3[nH]ncc23)cc1,7.28
ZINC000096928455,Fc1ccc(Nc2nc(N3CCN(c4ccccc4)CC3)nc3[nH]ncc23)cc1,7.57
ZINC000096928456,Fc1ccc(Nc2nc(N3CCN(c4ccc(F)cc4)CC3)nc3[nH]ncc23)cc1,7.75
ZINC000096928457,CCN(CC)c1nc(Nc2cccc(OC)c2)c2cn[nH]c2n1,5.68
ZINC000096928809,COc1cccc(Nc2nc(N3CCN(C)CC3)nc3[nH]ncc23)c1,8.04
ZINC000096928810,COc1cccc(Nc2nc(N3CCN(c4ccc(F)cc4)CC3)nc3[nH]ncc23)c1,6.46
ZINC000096928811,COc1ccc(Nc2nc(N3CCN(c4ccc(F)cc4)CC3)nc3[nH]ncc23)cc1,6.16
ZINC000096929470,COc1ccccc1N1CCN(CCCCOc2ccc3c(C)c(C)c(=O)oc3c2)CC1,7.23
ZINC000096929471,COc1ccccc1N1CCN(CCCCOc2ccc3c(C)cc(=O)oc3c2Cl)CC1,6.23
ZINC000096929472,COc1ccccc1N1CCN(CCCCOc2ccc3c(C)cc(=O)oc3c2C)CC1,6.03
ZINC000096929473,Cc1cc(=O)oc2cc(OCCCCN3CCC(c4noc5cc(F)ccc45)CC3)c(Cl)cc12,7.97
ZINC000096929474,Cc1cc(OCCCCN2CCC(c3noc4cc(F)ccc34)CC2)cc2oc(=O)cc(C)c12,6.26
ZINC000096929475,Cc1c(C)c2ccc(OCCCCN3CCC(c4noc5cc(F)ccc45)CC3)c(C)c2oc1=O,6.22
ZINC000096929479,Cc1cc(=O)oc2cc(OCCCN3CCC(c4noc5cc(F)ccc45)CC3)ccc12,6.85
ZINC000096929480,Cc1cc(=O)oc2cc(OCCCCCN3CCC(c4noc5cc(F)ccc45)CC3)ccc12,6.51
ZINC000096929481,Cc1cc(=O)oc2cc(OC/C=C/CN3CCC(c4noc5cc(F)ccc45)CC3)ccc12,9.3
ZINC000096929482,Cc1cc(=O)oc2cc(OC[C@H](O)CN3CCC(c4noc5cc(F)ccc45)CC3)ccc12,6.34
ZINC000096929483,Cc1cc(=O)oc2cc(OC[C@@H](O)CN3CCC(c4noc5cc(F)ccc45)CC3)ccc12,6.34
ZINC000096929484,O=c1cc(-c2ccccc2)c2ccc(OC[C@H](O)CN3CCC(c4noc5cc(F)ccc45)CC3)cc2o1,5.8
ZINC000096929485,O=c1cc(-c2ccccc2)c2ccc(OC[C@@H](O)CN3CCC(c4noc5cc(F)ccc45)CC3)cc2o1,5.8
ZINC000096929486,O=C1C[C@@H](c2ccccc2)c2ccc(OCCCCN3CCC(c4noc5cc(F)ccc45)CC3)cc2O1,6.25
ZINC000096929487,O=C1C[C@H](c2ccccc2)c2ccc(OCCCCN3CCC(c4noc5cc(F)ccc45)CC3)cc2O1,6.25
ZINC000096929488,COc1ccccc1N1CCN(CCCCOc2ccc3c(C(F)(F)F)cc(=O)oc3c2)CC1,6.09
ZINC000096929489,CCc1cc(=O)oc2cc(OCCCCN3CCC(c4noc5cc(F)ccc45)CC3)ccc12,7.29
ZINC000096929490,CCCc1cc(=O)oc2cc(OCCCCN3CCC(c4noc5cc(F)ccc45)CC3)ccc12,7.51
ZINC000096929493,Cc1cc(=O)oc2cc(OCCCCN3CCN(c4ccccn4)CC3)ccc12,6.05
ZINC000096929494,O=c1ccc2ccc(OCCCCN3CCC(c4noc5cc(F)ccc45)CC3)cc2o1,5.84
ZINC000096929495,COc1ccccc1N1CCN(CCCCOc2ccc3ccc(=O)oc3c2)CC1,5.77
ZINC000096929496,Cc1cc(=O)oc2cc(OCCCCN3CCC(C(=O)c4ccc(F)cc4)CC3)ccc12,6.59
ZINC000096929498,COc1cccc(N2CCN(CCCCOc3ccc4c(C)cc(=O)oc4c3)CC2)c1,6.33
ZINC000096929499,COc1ccc(N2CCN(CCCCOc3ccc4c(C)cc(=O)oc4c3)CC2)cc1,5.99
ZINC000096929500,Cc1cc(=O)oc2cc(OCCCCN3CCN(c4cccc(C(F)(F)F)c4)CC3)ccc12,6.8
ZINC000096929501,Cc1cccc(N2CCN(CCCCOc3ccc4c(C)cc(=O)oc4c3)CC2)c1C,6.59
ZINC000096929502,Cc1cc(=O)oc2cc(OCCCCN3CCN(c4cccc(Cl)c4Cl)CC3)ccc12,7.0
ZINC000096929503,Cc1cc(=O)oc2cc(OCCCCN3CCN(c4nsc5ccccc45)CC3)ccc12,6.98
ZINC000096929504,Cc1cc(=O)oc2cc(OCCCCN3CCC(c4nc5ccccc5o4)CC3)ccc12,5.81
ZINC000096929505,Cc1cc(=O)oc2cc(OCCCCN3CCC(c4nc5ccccc5s4)CC3)ccc12,6.67
ZINC000096929509,O=c1cc(C(F)(F)F)c2ccc(OCCCCN3CCC(c4noc5cc(F)ccc45)CC3)cc2o1,6.64
ZINC000096933066,Cc1cccc(OCCNCCCCN2C(=O)[C@@H]3CCCN3C2=O)c1C,6.51
ZINC000096933067,Cc1cccc(OCCNCCCCN2C(=O)[C@H]3CCCN3C2=O)c1C,6.51
ZINC000096933068,O=C1[C@@H]2CCCN2C(=O)N1CCCCNCCOc1cccc2ccccc12,7.39
ZINC000096933069,O=C1[C@H]2CCCN2C(=O)N1CCCCNCCOc1cccc2ccccc12,7.39
ZINC000096933070,O=C1[C@@H]2CCCN2C(=O)N1CCCCNCCOc1ccc2ccccc2c1,6.37
ZINC000096933071,O=C1[C@H]2CCCN2C(=O)N1CCCCNCCOc1ccc2ccccc2c1,6.37
ZINC000096933078,CC(C)c1ccccc1OCCNCCCCN1C(=O)[C@@H]2CCCN2C1=O,6.59
ZINC000096933079,CC(C)c1ccccc1OCCNCCCCN1C(=O)[C@H]2CCCN2C1=O,6.59
ZINC000096937895,N=C1N=C(O)/C(=C\c2c[nH]c3cccc(Br)c23)N1,5.34
ZINC000096937896,N=C1N=C(O)/C(=C\c2c[nH]c3cc(Br)ccc23)N1,5.5
ZINC000096937897,N=C1N=C(O)/C(=C\c2c[nH]c3c(Br)cccc23)N1,5.67
ZINC000096937898,CN1C(=N)N/C(=C/c2c[nH]c3cccc(Br)c23)C1=O,5.06
ZINC000096937899,CN1C(=N)N/C(=C/c2c[nH]c3ccc(Br)cc23)C1=O,6.55
ZINC000100039598,COc1ccc2[nH]c3c(c2c1)CCN=C3C,5.25
ZINC000100058995,O=C1[C@H]2[C@H]3C=C[C@@H](C3)[C@H]2C(=O)N1OCCN1CCN(c2ccccn2)CC1,5.45
ZINC000100058997,O=C1[C@@H]2[C@@H](C(=O)N1OCCN1CCN(c3ccccn3)CC1)[C@H]1C=C[C@H]2C1,5.45
ZINC000100374472,CC(C)n1c(=O)c(C(=O)N[C@@H]2C[C@@H]3CC[C@H](C2)N3C[C@@H](O)CN(C)S(C)(=O)=O)cc2ccccc21,7.0
ZINC000100602753,O=C1[C@H]2[C@H]3C=C[C@@H](C3)[C@H]2C(=O)N1OC[C@@H](O)CN1CCN(c2ccccc2)CC1,6.47
ZINC000100602757,O=C1[C@H]2[C@H]3C=C[C@@H](C3)[C@H]2C(=O)N1OC[C@H](O)CN1CCN(c2ccccc2)CC1,6.47
ZINC000100799598,O=C(CCCN1[C@H]2CC[C@H]1CC(c1ccccc1)C2)c1ccc(F)cc1,6.97
ZINC000100802965,CN1CCN(c2nc3ccccc3c3c2C[C@H]2CC[C@H]3C2)CC1,5.43
ZINC000100870425,c1ccc(CCN2[C@H]3CC[C@H]2CC(N2CCC(c4c(-c5ccccc5)[nH]c5ccccc45)CC2)C3)cc1,8.92
ZINC000100907004,CN(C)C(=O)N[C@@H]1CC[C@H](CCN2CCN(c3cccc(Cl)c3Cl)CC2)CC1,7.66
ZINC000101021546,O=C1[C@H]2[C@H]3C=C[C@@H](C3)[C@H]2C(=O)N1OCCCN1CCN(c2cccc(Cl)c2)CC1,6.26
ZINC000101021547,O=C1[C@@H]2[C@@H](C(=O)N1OCCCN1CCN(c3cccc(Cl)c3)CC1)[C@H]1C=C[C@H]2C1,6.26
ZINC000101023300,O=C(CCCN1[C@H]2CC[C@H]1CC(O)(c1ccccc1)C2)c1ccc(F)cc1,7.91
ZINC000101023321,O=C(CCCN1[C@H]2CC[C@H]1CC(O)(c1ccc(Cl)cc1)C2)c1ccc(F)cc1,7.51
ZINC000101023864,O=C1[C@H]2[C@H]3C=C[C@@H](C3)[C@H]2C(=O)N1OCCCN1CCN(c2cccc(C(F)(F)F)c2)CC1,5.59
ZINC000101023865,O=C1[C@@H]2[C@@H](C(=O)N1OCCCN1CCN(c3cccc(C(F)(F)F)c3)CC1)[C@H]1C=C[C@H]2C1,5.59
ZINC000101026163,O=C1[C@H]2[C@H]3C=C[C@@H](C3)[C@H]2C(=O)N1OCCCN1CCN(c2ccccc2Cl)CC1,5.41
ZINC000101026164,O=C1[C@@H]2[C@@H](C(=O)N1OCCCN1CCN(c3ccccc3Cl)CC1)[C@H]1C=C[C@H]2C1,5.41
ZINC000101027268,O=C1[C@H]2[C@H]3C=C[C@@H](C3)[C@H]2C(=O)N1OCCCN1CCN(c2ncccn2)CC1,6.93
ZINC000101027271,O=C1[C@@H]2[C@@H](C(=O)N1OCCCN1CCN(c3ncccn3)CC1)[C@H]1C=C[C@H]2C1,6.93
ZINC000101047318,COc1ccccc1N1CCN(CCCCN2C(=O)C[C@H](NC(=O)C34CC5CC(CC(C5)C3)C4)C2=O)CC1,6.76
ZINC000101050077,O=C1[C@H]2[C@H]3C=C[C@@H](C3)[C@H]2C(=O)N1OCCN1CCN(c2cccc(C(F)(F)F)c2)CC1,5.4
ZINC000101050080,O=C1[C@@H]2[C@@H](C(=O)N1OCCN1CCN(c3cccc(C(F)(F)F)c3)CC1)[C@H]1C=C[C@H]2C1,5.4
ZINC000101050168,O=C1[C@H]2[C@H]3C=C[C@@H](C3)[C@H]2C(=O)N1OCCN1CCN(c2cccc(Cl)c2)CC1,5.57
ZINC000101050172,O=C1[C@@H]2[C@@H](C(=O)N1OCCN1CCN(c3cccc(Cl)c3)CC1)[C@H]1C=C[C@H]2C1,5.57
ZINC000101065150,CC1(NC2=NCCNC(c3ccc(F)cc3)=C2)CCCCC1,8.8
ZINC000101065528,CC(C)(C)NC1=NCCNC(c2cccc(C(F)(F)F)c2)=C1,6.29
ZINC000101065566,Cc1ccc(C2=CC(NC(C)(C)C)=NCCN2)c(C)c1,7.15
ZINC000101067102,CCC(CC)(CC)NC1=NCCNC(c2ccc(F)cc2F)=C1,8.43
ZINC000101068716,CCC(C)(CC)NC1=NCCNC(c2ccc(F)cc2)=C1,8.82
ZINC000101068719,Cc1ccc(C2=CC(NC(C)(C)C)=NCCN2)c(F)c1,7.85
ZINC000101069721,Cc1ccc(C2=CC(NC(C)(C)Cc3ccccc3)=NCCN2)cc1,8.62
ZINC000101069859,CCC(C)(CC)NC1=NCCNC(c2ccccc2F)=C1,7.84
ZINC000101069912,CC(C)(C)NC1=NCCNC(c2ccc(F)cc2)=C1,7.68
ZINC000101073863,CC(C)(C)NC1=NCCNC(c2ccccc2F)=C1,7.74
ZINC000101074651,CC(C)(C)NC1=NCCNC(c2ccc(F)cc2F)=C1,7.96
ZINC000101074666,CCC(C)(CC)NC1=NCCNC(c2ccc(C)cc2)=C1,7.83
ZINC000101074826,CCC1(NC2=NCCNC(c3ccc(F)cc3)=C2)CCCC1,9.1
ZINC000101086019,COc1ccccc1N1CCN(CCCCN2C(=O)C[C@H](NC(=O)C3CCCCC3)C2=O)CC1,6.74
ZINC000101099148,CCC1(NC2=NCCNC(c3ccc(F)cc3F)=C2)CCCC1,8.96
ZINC000101099158,Cc1ccc(C2=CC(NC(C)(C)C)=NCCN2)cc1,7.96
ZINC000101099162,CC(C)(C)NC1=NCCNC(c2ccc(C#N)cc2)=C1,5.55
ZINC000101099166,CC(C)(NC1=NCCNC(c2ccc(F)cc2F)=C1)C1CCC1,8.85
ZINC000101099173,CC(C)(C)CNC1=NCCNC(c2ccccc2F)=C1,5.82
ZINC000101099176,CCC1(NC2=NCCNC(c3ccccc3F)=C2)CCCC1,8.44
ZINC000101099180,CC(C)(C)NC1=NCCNC(c2ccccc2Cl)=C1,7.12
ZINC000101099187,Cc1ccccc1C1=CC(NC(C)(C)C)=NCCN1,6.95
ZINC000101099190,COc1ccc(C2=CC(NC(C)(C)C)=NCCN2)cc1,6.27
ZINC000101099196,CC(C)(Cc1ccccc1)NC1=NCCNC(c2ccccc2F)=C1,8.42
ZINC000101177456,COc1ccccc1N1CCN(CCCCN2C(=O)[C@H]3[C@H](C2=O)[C@H]2C(=O)C[C@@]3(OC(C)=O)CC2(C)C)CC1,6.11
ZINC000101177463,COc1ccccc1N1CCN(CCCON2C(=O)[C@@H]3[C@H]4C=C[C@@](OC)(CC4)[C@@H]3C2=O)CC1,5.86
ZINC000101177468,COc1ccccc1N1CCN(CCCON2C(=O)[C@H]3[C@H]4C=C[C@@](OC)(CC4)[C@@H]3C2=O)CC1,5.86
ZINC000101177481,COc1ccccc1N1CCN(CCCCN2C(=O)[C@H]3[C@H](C2=O)[C@H]2C(C)=C[C@@]3(OC(C)=O)C[C@H]2C)CC1,6.13
ZINC000101177483,COc1ccccc1N1CCN(CCCCN2C(=O)[C@H]3[C@H](C2=O)[C@H]2C(C)=C[C@@]3(OC(C)=O)C[C@@H]2C)CC1,6.13
ZINC000101177615,COc1ccccc1N1CCN(CCCCN2C(=O)[C@H]3[C@H](C2=O)[C@H]2C(=O)C[C@@]3(C)C[C@H]2C)CC1,6.28
ZINC000101177618,COc1ccccc1N1CCN(CCCCN2C(=O)[C@H]3[C@H](C2=O)[C@H]2C(=O)C[C@@]3(C)C[C@@H]2C)CC1,6.28
ZINC000101177704,COc1ccccc1N1CCN(CCCN2C(=O)[C@H]3[C@H](C2=O)[C@H]2C(C)=C[C@@]3(OC(C)=O)C[C@H]2C)CC1,5.99
ZINC000101177707,COc1ccccc1N1CCN(CCCN2C(=O)[C@H]3[C@H](C2=O)[C@H]2C(C)=C[C@@]3(OC(C)=O)C[C@@H]2C)CC1,5.99
ZINC000101177734,COc1ccccc1N1CCN(CCCN2C(=O)[C@H]3[C@H](C2=O)[C@H]2C(=O)C[C@@]3(C)C[C@H]2C)CC1,6.37
ZINC000101177736,COc1ccccc1N1CCN(CCCN2C(=O)[C@H]3[C@H](C2=O)[C@H]2C(=O)C[C@@]3(C)C[C@@H]2C)CC1,6.37
ZINC000101177760,COc1ccccc1N1CCN(CCCON2C(=O)[C@H]3[C@H](C2=O)[C@H]2C(C)=C[C@@]3(OC(C)=O)C[C@H]2C)CC1,6.17
ZINC000101177762,COc1ccccc1N1CCN(CCCON2C(=O)[C@H]3[C@H](C2=O)[C@H]2C(C)=C[C@@]3(OC(C)=O)C[C@@H]2C)CC1,6.17
ZINC000101177852,COc1ccccc1N1CCN(CCCON2C(=O)[C@H]3[C@H](C2=O)[C@H]2C(=O)C[C@@]3(C)C[C@H]2C)CC1,6.2
ZINC000101177853,COc1ccccc1N1CCN(CCCON2C(=O)[C@H]3[C@H](C2=O)[C@H]2C(=O)C[C@@]3(C)C[C@@H]2C)CC1,6.2
ZINC000101210215,COc1cccc2c1[C@@H]1CCN(CCCCNC(=O)C3=Cc4ccccc4CN3)CC1=N2,6.83
ZINC000101210216,COc1cccc2c1[C@H]1CCN(CCCCNC(=O)C3=Cc4ccccc4CN3)CC1=N2,6.83
ZINC000101211176,COc1ccccc1N1CCN(CCN2C(=O)C[C@H](C3CCCCC3)C2=O)CC1,6.06
ZINC000101211208,O=C1C[C@H](C2CCCCC2)C(=O)N1CCN1CCN(c2cccc(Cl)c2)CC1,6.86
ZINC000101211403,COc1ccccc1N1CCN(CCN2C(=O)C[C@H](NC(C)=O)C2=O)CC1,5.25
ZINC000101422232,O=C1[C@H]2[C@H]3C=C[C@@H](C3)[C@H]2C(=O)N1OCCCN1CCN(c2cccc3ccccc23)CC1,7.04
ZINC000101422234,O=C1[C@@H]2[C@@H](C(=O)N1OCCCN1CCN(c3cccc4ccccc34)CC1)[C@H]1C=C[C@H]2C1,7.04
ZINC000101422255,O=C1[C@H]2[C@H]3C=C[C@@H](C3)[C@H]2C(=O)N1OCCN1CCN(c2cccc3ccccc23)CC1,6.95
ZINC000101422259,O=C1[C@@H]2[C@@H](C(=O)N1OCCN1CCN(c3cccc4ccccc34)CC1)[C@H]1C=C[C@H]2C1,6.95
ZINC000101446233,O=C1Nc2ccc(F)cc2[C@@H]1CCCCN1CCN(c2ccccc2)CC1,7.26
ZINC000101514829,CC(=O)N1CCN(CCN2[C@H]3CC[C@@H]2C[C@H](NC(=O)c2nn(C(C)C)c4ccccc24)C3)CC1,7.0
ZINC000101639426,O=C(O)[C@@H]1[C@H]2CN([C@H]3CC[C@@]4(Cc5ccccc5Cc5ccccc54)C3)C[C@H]21,6.2
ZINC000101639432,O=C(O)[C@@H]1[C@H]2CN([C@H]3CC[C@]4(Cc5ccccc5Cc5ccccc54)C3)C[C@H]21,6.2
ZINC000101639438,O=C(O)[C@@H]1[C@H]2CN([C@@H]3CC[C@@]4(Cc5ccccc5Cc5ccccc54)C3)C[C@H]21,6.2
ZINC000101639441,O=C(O)[C@@H]1[C@H]2CN([C@@H]3CC[C@]4(Cc5ccccc5Cc5ccccc54)C3)C[C@H]21,6.2
ZINC000101675456,O=C1C[C@@H](c2c[nH]c3ccccc23)C(=O)N1CCN1CCC(c2c[nH]c3ccc(F)cc23)CC1,6.42
ZINC000101675474,COc1ccc2[nH]cc(C3CCN(CCCCN4C(=O)C[C@H](c5c[nH]c6ccccc56)C4=O)CC3)c2c1,6.3
ZINC000101675482,O=C1C[C@@H](c2c[nH]c3ccccc23)C(=O)N1CCCCN1CCC(c2c[nH]c3ccc(F)cc23)CC1,7.15
ZINC000103206689,Cn1c(=O)c2c(nc(NCCCN3CCN(c4cccc(Cl)c4)CC3)n2CCc2ccccc2)n(C)c1=O,6.92
ZINC000103207963,C[C@@H](c1ccccc1)n1c(NCCCN2CCN(c3ccccc3)CC2)nc2c1c(=O)n(C)c(=O)n2C,6.94
ZINC000103207965,C[C@H](c1ccccc1)n1c(NCCCN2CCN(c3ccccc3)CC2)nc2c1c(=O)n(C)c(=O)n2C,6.94
ZINC000103207967,Cn1c(=O)c2c(nc(NCCCN3CCN(c4ccccc4)CC3)n2CCCc2ccccc2)n(C)c1=O,6.35
ZINC000103208001,Cn1c(=O)c2c(nc(NCCCN3CCN(c4cccc(Cl)c4)CC3)n2CCCc2ccccc2)n(C)c1=O,6.46
ZINC000103208003,Cn1c(=O)c2c(nc3n(CCCCN4CCN(c5ccccc5)CC4)c(=O)ccn23)n(C)c1=O,5.7
ZINC000103208007,Cn1c(=O)c2c(nc3n(CCCCN4CCN(c5cccc(Cl)c5)CC4)c(=O)ccn23)n(C)c1=O,6.81
ZINC000103209291,COc1ccccc1N1CCN(CCCNc2nc3c(c(=O)n(C)c(=O)n3C)n2Cc2ccccc2)CC1,6.26
ZINC000103209294,COc1ccccc1N1CCN(CCCNc2nc3c(c(=O)n(C)c(=O)n3C)n2CCCc2ccccc2)CC1,6.52
ZINC000103231770,Nc1ccc2c(c1)C(=O)[C@H](CCN1CCC(C(=O)c3ccc(F)cc3O)CC1)CC2,7.63
ZINC000103231772,Nc1ccc2c(c1)C(=O)[C@@H](CCN1CCC(C(=O)c3ccc(F)cc3O)CC1)CC2,7.63
ZINC000103231773,CC(=O)c1ccc2c(c1)C[C@H](CN1CCC(c3noc4cc(F)ccc34)CC1)CC2=O,7.5
ZINC000103231775,CC(=O)c1ccc2c(c1)C[C@@H](CN1CCC(c3noc4cc(F)ccc34)CC1)CC2=O,7.5
ZINC000103231777,O=C1C[C@@H](CN2CCC(c3noc4cc(F)ccc34)CC2)Cc2cc(-c3ccccc3)ccc21,7.8
ZINC000103231779,O=C1C[C@H](CN2CCC(c3noc4cc(F)ccc34)CC2)Cc2cc(-c3ccccc3)ccc21,7.8
ZINC000103231782,O=C1C[C@@H](CN2CCC(C(=O)c3ccc(F)cc3)CC2)Cc2cc(-c3ccccc3)ccc21,6.2
ZINC000103231785,O=C1C[C@H](CN2CCC(C(=O)c3ccc(F)cc3)CC2)Cc2cc(-c3ccccc3)ccc21,6.2
ZINC000103232395,O=[N+]([O-])c1ccc2c(c1)[C@H](O)[C@H](CCN1CCC(c3noc4cc(F)ccc34)CC1)CC2,7.96
ZINC000103232397,O=[N+]([O-])c1ccc2c(c1)[C@@H](O)[C@H](CCN1CCC(c3noc4cc(F)ccc34)CC1)CC2,7.96
ZINC000103232400,O=[N+]([O-])c1ccc2c(c1)[C@H](O)[C@@H](CCN1CCC(c3noc4cc(F)ccc34)CC1)CC2,7.96
ZINC000103232403,O=[N+]([O-])c1ccc2c(c1)[C@@H](O)[C@@H](CCN1CCC(c3noc4cc(F)ccc34)CC1)CC2,7.96
ZINC000103232405,COc1ccccc1N1CCN(CC[C@@H]2CCc3ccc([N+](=O)[O-])cc3[C@@H]2O)CC1,6.29
ZINC000103232407,COc1ccccc1N1CCN(CC[C@H]2CCc3ccc([N+](=O)[O-])cc3[C@@H]2O)CC1,6.29
ZINC000103232408,COc1ccccc1N1CCN(CC[C@@H]2CCc3ccc([N+](=O)[O-])cc3[C@H]2O)CC1,6.29
ZINC000103232410,COc1ccccc1N1CCN(CC[C@H]2CCc3ccc([N+](=O)[O-])cc3[C@H]2O)CC1,6.29
ZINC000103232412,COc1ccccc1N1CCN(CC[C@@H]2CCc3ccc(N)cc3[C@@H]2O)CC1,6.8
ZINC000103232414,COc1ccccc1N1CCN(CC[C@H]2CCc3ccc(N)cc3[C@@H]2O)CC1,6.8
ZINC000103232415,COc1ccccc1N1CCN(CC[C@@H]2CCc3ccc(N)cc3[C@H]2O)CC1,6.8
ZINC000103232417,COc1ccccc1N1CCN(CC[C@H]2CCc3ccc(N)cc3[C@H]2O)CC1,6.8
ZINC000103232419,Nc1ccc2c(c1)[C@H](O)[C@H](CCN1CCC(c3noc4cc(F)ccc34)CC1)CC2,8.18
ZINC000103232421,Nc1ccc2c(c1)[C@@H](O)[C@H](CCN1CCC(c3noc4cc(F)ccc34)CC1)CC2,8.18
ZINC000103232423,Nc1ccc2c(c1)[C@H](O)[C@@H](CCN1CCC(c3noc4cc(F)ccc34)CC1)CC2,8.18
ZINC000103232427,Nc1ccc2c(c1)[C@@H](O)[C@@H](CCN1CCC(c3noc4cc(F)ccc34)CC1)CC2,8.18
ZINC000103232429,Nc1ccc2c(c1)[C@H](O)[C@H](CCN1CCC(C(=O)c3ccc(F)cc3O)CC1)CC2,8.35
ZINC000103232431,Nc1ccc2c(c1)[C@@H](O)[C@H](CCN1CCC(C(=O)c3ccc(F)cc3O)CC1)CC2,8.35
ZINC000103232433,Nc1ccc2c(c1)[C@H](O)[C@@H](CCN1CCC(C(=O)c3ccc(F)cc3O)CC1)CC2,8.35
ZINC000103232434,Nc1ccc2c(c1)[C@@H](O)[C@@H](CCN1CCC(C(=O)c3ccc(F)cc3O)CC1)CC2,8.35
ZINC000103232436,O=C1c2cc([N+](=O)[O-])ccc2CC[C@H]1CCN1CCC(c2noc3cc(F)ccc23)CC1,7.72
ZINC000103232438,O=C1c2cc([N+](=O)[O-])ccc2CC[C@@H]1CCN1CCC(c2noc3cc(F)ccc23)CC1,7.72
ZINC000103233596,COc1ccccc1N1CCN(CC[C@@H]2CCc3ccc([N+](=O)[O-])cc3C2=O)CC1,6.1
ZINC000103233598,COc1ccccc1N1CCN(CC[C@H]2CCc3ccc([N+](=O)[O-])cc3C2=O)CC1,6.1
ZINC000103233600,Nc1ccc2c(c1)C(=O)[C@H](CCN1CCC(c3noc4cc(F)ccc34)CC1)CC2,8.3
ZINC000103233603,Nc1ccc2c(c1)C(=O)[C@@H](CCN1CCC(c3noc4cc(F)ccc34)CC1)CC2,8.3
ZINC000103234128,COc1ccccc1N1CCN(CC[C@@H]2CCc3ccc(N)cc3C2=O)CC1,7.37
ZINC000103234130,COc1ccccc1N1CCN(CC[C@H]2CCc3ccc(N)cc3C2=O)CC1,7.37
ZINC000103236625,COc1ccccc1C(=O)N[C@H]1C[C@@H]2CC[C@H](C1)N2Cc1ccco1,5.22
ZINC000103236628,COc1cccc(C(=O)N[C@@H]2C[C@@H]3CC[C@H](C2)N3Cc2ccco2)c1OC,6.13
ZINC000103236630,COc1ccc(C(=O)N[C@H]2C[C@@H]3CC[C@H](C2)N3Cc2ccco2)c(OC)c1,5.89
ZINC000103236633,COc1ccc(OC)c(C(=O)N[C@H]2C[C@@H]3CC[C@H](C2)N3Cc2ccco2)c1,5.96
ZINC000103236635,COc1ccc(C(=O)N[C@H]2C[C@@H]3CC[C@H](C2)N3Cc2ccco2)cc1OC,5.1
ZINC000103237513,COc1cc(OC)cc(C(=O)N[C@H]2C[C@@H]3CC[C@H](C2)N3Cc2ccco2)c1,6.03
ZINC000103237516,COc1cc(C(=O)N[C@H]2C[C@@H]3CC[C@H](C2)N3Cc2ccco2)cc(OC)c1OC,5.96
ZINC000103237518,COc1ccc(F)cc1C(=O)N[C@@H]1C[C@@H]2CC[C@H](C1)N2Cc1ccco1,6.76
ZINC000103237520,COc1ccc(F)cc1C(=O)N[C@H]1C[C@@H]2CC[C@H](C1)N2Cc1ccco1,5.85
ZINC000103238190,CC(=O)c1ccc2c(c1)C[C@H](CN1CCC(C(=O)c3ccc(F)cc3)CC1)CC2=O,7.2
ZINC000103238193,CC(=O)c1ccc2c(c1)C[C@@H](CN1CCC(C(=O)c3ccc(F)cc3)CC1)CC2=O,7.2
ZINC000103261193,O=c1oc2cc(OCCCCN3CCC(c4nc5ccccc5o4)CC3)ccc2c2c1CCC2,7.79
ZINC000103268589,O=c1oc2cc(OCCCCN3CCN(c4cccc(Cl)c4Cl)CC3)ccc2c2c1CCC2,7.1
ZINC000103268592,O=c1oc2cc(OCCCCN3CCN(c4ccc(F)cc4)CC3)ccc2c2c1CCC2,7.78
ZINC000103268594,Cc1cccc(N2CCN(CCCCOc3ccc4c5c(c(=O)oc4c3)CCC5)CC2)c1C,7.93
ZINC000103268596,O=c1oc2cc(OCCCCN3CCN(c4cccc(C(F)(F)F)c4)CC3)ccc2c2c1CCC2,6.76
ZINC000103268600,COc1ccccc1N1CCN(CCCCOc2ccc3c4c(c(=O)oc3c2)CCC4)CC1,8.41
ZINC000103268602,COc1cccc(N2CCN(CCCCOc3ccc4c5c(c(=O)oc4c3)CCC5)CC2)c1,6.05
ZINC000103268606,O=c1oc2cc(OCCCCN3CCN(c4ccccn4)CC3)ccc2c2c1CCC2,5.85
ZINC000103268608,O=c1oc2cc(OCCCCN3CCN(c4nsc5ccccc45)CC3)ccc2c2c1CCC2,6.19
ZINC000103268610,O=c1oc2cc(OCCCCN3CCC(c4nc5ccccc5s4)CC3)ccc2c2c1CCC2,5.73
ZINC000103268612,O=c1oc2cc(OCCCCN3CCC(c4noc5cc(F)ccc45)CC3)ccc2c2c1CCC2,7.88
ZINC000103268614,COc1ccccc1N1CCN(CCCOc2ccc3c4c(c(=O)oc3c2)CCC4)CC1,6.21
ZINC000103268616,COc1ccccc1N1CCN(CCCCOc2ccc3c4c(c(=O)oc3c2C)CCC4)CC1,6.76
ZINC000103268618,COc1ccccc1N1CCN(CCCCOc2ccc3c4c(c(=O)oc3c2Cl)CCC4)CC1,6.98
ZINC000103268621,COc1ccccc1N1CCN(CCCCOc2cc3oc(=O)c4c(c3cc2Cl)CCC4)CC1,7.44
ZINC000103268623,COc1ccccc1N1CCN(CCCCOc2ccc3c4c(c(=O)oc3c2)CCCC4)CC1,5.99
ZINC000103268624,O=c1oc2cc(OCCCN3CCC(c4noc5cc(F)ccc45)CC3)ccc2c2c1CCC2,6.73
ZINC000103268627,O=c1oc2cc(OCCCCCN3CCC(c4noc5cc(F)ccc45)CC3)ccc2c2c1CCC2,6.37
ZINC000103268630,Cc1c(OCCCCN2CCC(c3noc4cc(F)ccc34)CC2)ccc2c3c(c(=O)oc12)CCC3,8.66
ZINC000103268633,O=c1oc2c(Cl)c(OCCCCN3CCC(c4noc5cc(F)ccc45)CC3)ccc2c2c1CCC2,8.28
ZINC000103268635,O=c1oc2cc(OCCCCN3CCC(c4noc5cc(F)ccc45)CC3)c(Cl)cc2c2c1CCC2,6.6
ZINC000103268637,O=c1oc2cc(OCCCCN3CCC(c4noc5cc(F)ccc45)CC3)ccc2c2c1CCCC2,6.9
ZINC000103268646,O=c1oc2cc(OCCCCN3CCN(c4ccccc4)CC3)ccc2c2c1CCC2,7.23
ZINC000113502184,CN(C)[C@H]1Cc2ccccc2[C@H](C2CCCCC2)C1,7.1
ZINC000113502190,CN(C)[C@@H]1Cc2ccccc2[C@@H](C2CCCCC2)C1,7.7
ZINC000116262036,CN1CCN2c3c(cccc31)[C@@H]1CN(CCCC(=O)c3ccc(F)cc3)CC[C@@H]12,9.27
ZINC000116695499,CNc1nc(C(F)(F)c2ccccc2)nc2c1CCNCC2,6.92
ZINC000138755154,CN(C)[C@H]1Cc2ccccc2[C@H](c2cccc(F)c2)C1,6.49
ZINC000138755258,CN(C)[C@@H]1Cc2ccccc2[C@@H](c2cccc(F)c2)C1,6.96
ZINC000138755589,CN(C)[C@H]1Cc2ccccc2[C@H](c2cccc(Cl)c2)C1,6.89
ZINC000138755708,CN(C)[C@@H]1Cc2ccccc2[C@@H](c2cccc(Cl)c2)C1,7.4
ZINC000138756071,CN(C)[C@H]1Cc2ccccc2[C@H](c2cccc(Br)c2)C1,6.59
ZINC000138756181,CN(C)[C@@H]1Cc2ccccc2[C@@H](c2cccc(Br)c2)C1,7.7
ZINC000139088621,CN[C@@H](Cc1ccc2c(c1)OCO2)c1ccccc1,5.91
ZINC000139088730,CN[C@H](Cc1ccc2c(c1)OCO2)c1ccccc1,5.91
ZINC000139255735,C[C@@H]1CN(C)c2cccc3c2N1[C@H]1CCN(CCCC(=O)c2ccc(F)cc2)C[C@@H]31,8.24
ZINC000139255834,C[C@H]1CN(C)c2cccc3c2N1[C@H]1CCN(CCCC(=O)c2ccc(F)cc2)C[C@@H]31,8.24
ZINC000139456693,CN(C)[C@H]1Cc2ccccc2[C@H](c2cccc(-c3ccccc3)c2)C1,6.19
ZINC000139456805,CN(C)[C@@H]1Cc2ccccc2[C@@H](c2cccc(-c3ccccc3)c2)C1,7.36
ZINC000139457226,CN(C)[C@H]1Cc2ccccc2[C@H](c2cccc([N+](=O)[O-])c2)C1,6.3
ZINC000139457349,CN(C)[C@@H]1Cc2ccccc2[C@@H](c2cccc([N+](=O)[O-])c2)C1,7.13
ZINC000140510647,CN1CC[C@H]2[C@@H](C1)c1cccc3c1N2c1ccccc1CS3,8.7
ZINC000140512435,CN1CC[C@@H]2[C@@H](C1)c1cccc3c1N2c1ccccc1CS3,8.7
ZINC000140740624,O=C(O)[C@]1(F)CCCN([C@@H]2CC[C@]3(Cc4ccccc4Cc4ccccc43)C2)C1,7.1
ZINC000140968528,O=C(O)C[C@@H]1CCN([C@@H]2CC[C@]3(Cc4ccccc4Cc4ccccc43)C2)C1,7.7
ZINC000141308199,O=C(O)[C@H]1CN([C@@H]2CC[C@]3(Cc4ccccc4Cc4ccccc43)C2)CCO1,7.0
ZINC000144146518,COc1ccccc1N1CCN(CCCCn2cnc3c2c(=O)n(C)c(=O)n3C)CC1,5.98
ZINC000169309781,CN1CCN2c3c(cccc31)[C@@H]1CN(C[C@@H]3CC(c4ccc(F)cc4)=NO3)CC[C@@H]12,7.3
ZINC000169309783,CN1CCN2c3c(cccc31)[C@@H]1CN(C[C@H]3CC(c4ccc(F)cc4)=NO3)CC[C@@H]12,7.3
ZINC000169312189,O=C(NCCN1CCC(c2nc3ccccc3o2)CC1)[C@@H]1COc2ccccc2O1,7.06
ZINC000169312191,O=C(NCCN1CCC(c2nc3ccccc3o2)CC1)[C@H]1COc2ccccc2O1,7.06
ZINC000169312193,O=C(NCCN1CCC(c2nc3ccccc3s2)CC1)[C@@H]1COc2ccccc2O1,6.95
ZINC000169312194,O=C(NCCN1CCC(c2nc3ccccc3s2)CC1)[C@H]1COc2ccccc2O1,6.95
ZINC000169312196,O=C(NCCCN1CCC(c2nc3ccccc3o2)CC1)[C@@H]1COc2ccccc2O1,7.06
ZINC000169312198,O=C(NCCCN1CCC(c2nc3ccccc3o2)CC1)[C@H]1COc2ccccc2O1,7.06
ZINC000169312202,O=C(NCCCN1CCC(c2nc3ccccc3s2)CC1)[C@@H]1COc2ccccc2O1,7.05
ZINC000169312205,O=C(NCCCN1CCC(c2nc3ccccc3s2)CC1)[C@H]1COc2ccccc2O1,7.05
ZINC000169312206,c1ccc2c(c1)OC[C@@H](COCCCN1CCC(c3nc4ccccc4o3)CC1)O2,7.52
ZINC000169312207,c1ccc2c(c1)OC[C@H](COCCCN1CCC(c3nc4ccccc4o3)CC1)O2,7.52
ZINC000169312209,c1ccc2c(c1)OC[C@@H](COCCCN1CCC(c3nc4ccccc4s3)CC1)O2,7.55
ZINC000169312211,c1ccc2c(c1)OC[C@H](COCCCN1CCC(c3nc4ccccc4s3)CC1)O2,7.55
ZINC000169312212,C[C@@H]1Oc2ccccc2O[C@@H]1COCCCN1CCC(c2nc3ccccc3o2)CC1,8.09
ZINC000169312214,C[C@H]1Oc2ccccc2O[C@@H]1COCCCN1CCC(c2nc3ccccc3o2)CC1,8.09
ZINC000169312216,C[C@@H]1Oc2ccccc2O[C@H]1COCCCN1CCC(c2nc3ccccc3o2)CC1,8.09
ZINC000169312217,C[C@H]1Oc2ccccc2O[C@H]1COCCCN1CCC(c2nc3ccccc3o2)CC1,8.09
ZINC000169312218,C[C@@H]1Oc2ccccc2O[C@@H]1COCCCN1CCC(c2nc3ccccc3s2)CC1,6.88
ZINC000169312219,C[C@H]1Oc2ccccc2O[C@@H]1COCCCN1CCC(c2nc3ccccc3s2)CC1,6.88
ZINC000169312220,C[C@@H]1Oc2ccccc2O[C@H]1COCCCN1CCC(c2nc3ccccc3s2)CC1,6.88
ZINC000169312221,C[C@H]1Oc2ccccc2O[C@H]1COCCCN1CCC(c2nc3ccccc3s2)CC1,6.88
ZINC000169312222,c1ccc([C@@H]2Oc3ccccc3O[C@@H]2COCCCN2CCC(c3nc4ccccc4o3)CC2)cc1,8.39
ZINC000169312223,c1ccc([C@H]2Oc3ccccc3O[C@@H]2COCCCN2CCC(c3nc4ccccc4o3)CC2)cc1,8.39
ZINC000169312224,c1ccc([C@@H]2Oc3ccccc3O[C@H]2COCCCN2CCC(c3nc4ccccc4o3)CC2)cc1,8.39
ZINC000169312225,c1ccc([C@H]2Oc3ccccc3O[C@H]2COCCCN2CCC(c3nc4ccccc4o3)CC2)cc1,8.39
ZINC000169312227,c1ccc([C@@H]2Oc3ccccc3O[C@@H]2COCCCN2CCC(c3nc4ccccc4s3)CC2)cc1,7.72
ZINC000169312229,c1ccc([C@H]2Oc3ccccc3O[C@@H]2COCCCN2CCC(c3nc4ccccc4s3)CC2)cc1,7.72
ZINC000169312230,c1ccc([C@@H]2Oc3ccccc3O[C@H]2COCCCN2CCC(c3nc4ccccc4s3)CC2)cc1,7.72
ZINC000169312231,c1ccc([C@H]2Oc3ccccc3O[C@H]2COCCCN2CCC(c3nc4ccccc4s3)CC2)cc1,7.72
ZINC000169312232,c1ccc([C@@H]2Oc3ccccc3O[C@@H]2COCCCCN2CCC(c3nc4ccccc4o3)CC2)cc1,9.15
ZINC000169312233,c1ccc([C@H]2Oc3ccccc3O[C@@H]2COCCCCN2CCC(c3nc4ccccc4o3)CC2)cc1,9.15
ZINC000169312234,c1ccc([C@@H]2Oc3ccccc3O[C@H]2COCCCCN2CCC(c3nc4ccccc4o3)CC2)cc1,9.15
ZINC000169312235,c1ccc([C@H]2Oc3ccccc3O[C@H]2COCCCCN2CCC(c3nc4ccccc4o3)CC2)cc1,9.15
ZINC000169312236,c1ccc([C@@H]2Oc3ccccc3O[C@@H]2COCCCCN2CCC(c3nc4ccccc4s3)CC2)cc1,7.62
ZINC000169312237,c1ccc([C@H]2Oc3ccccc3O[C@@H]2COCCCCN2CCC(c3nc4ccccc4s3)CC2)cc1,7.62
ZINC000169312238,c1ccc([C@@H]2Oc3ccccc3O[C@H]2COCCCCN2CCC(c3nc4ccccc4s3)CC2)cc1,7.62
ZINC000169312239,c1ccc([C@H]2Oc3ccccc3O[C@H]2COCCCCN2CCC(c3nc4ccccc4s3)CC2)cc1,7.62
ZINC000169312240,c1ccc([C@@H]2Oc3ccccc3O[C@@H]2COCCCCCN2CCC(c3nc4ccccc4o3)CC2)cc1,9.13
ZINC000169312241,c1ccc([C@H]2Oc3ccccc3O[C@@H]2COCCCCCN2CCC(c3nc4ccccc4o3)CC2)cc1,9.13
ZINC000169312242,c1ccc([C@@H]2Oc3ccccc3O[C@H]2COCCCCCN2CCC(c3nc4ccccc4o3)CC2)cc1,9.13
ZINC000169312243,c1ccc([C@H]2Oc3ccccc3O[C@H]2COCCCCCN2CCC(c3nc4ccccc4o3)CC2)cc1,9.13
ZINC000169312244,c1ccc([C@@H]2Oc3ccccc3O[C@@H]2COCCCCCN2CCC(c3nc4ccccc4s3)CC2)cc1,6.83
ZINC000169312245,c1ccc([C@H]2Oc3ccccc3O[C@@H]2COCCCCCN2CCC(c3nc4ccccc4s3)CC2)cc1,6.83
ZINC000169312246,c1ccc([C@@H]2Oc3ccccc3O[C@H]2COCCCCCN2CCC(c3nc4ccccc4s3)CC2)cc1,6.83
ZINC000169312247,c1ccc([C@H]2Oc3ccccc3O[C@H]2COCCCCCN2CCC(c3nc4ccccc4s3)CC2)cc1,6.83
ZINC000169322307,Cc1noc2c1C(=O)C[C@@H](CN1CCC(c3c[nH]c4cc(F)ccc34)CC1)C2,8.0
ZINC000169322309,Cc1noc2c1C(=O)C[C@H](CN1CCC(c3c[nH]c4cc(F)ccc34)CC1)C2,8.0
ZINC000169322310,Cc1nc2c(o1)C[C@@H](CN1CCC(C(=O)c3ccc(F)cc3)CC1)CC2=O,6.9
ZINC000169322311,Cc1nc2c(o1)C[C@H](CN1CCC(C(=O)c3ccc(F)cc3)CC1)CC2=O,6.9
ZINC000169322313,Cc1nc2c(o1)C[C@@H](CN1CCC(c3noc4cc(F)ccc34)CC1)CC2=O,7.7
ZINC000169322314,Cc1nc2c(o1)C[C@H](CN1CCC(c3noc4cc(F)ccc34)CC1)CC2=O,7.7
ZINC000169322316,Cc1nc2c(o1)C[C@@H](CN1CCC(c3c[nH]c4cc(F)ccc34)CC1)CC2=O,8.3
ZINC000169322319,Cc1nc2c(o1)C[C@H](CN1CCC(c3c[nH]c4cc(F)ccc34)CC1)CC2=O,8.3
ZINC000169322321,Cc1nc2c(o1)C[C@@H](CN1CC=C(c3c[nH]c4cc(F)ccc34)CC1)CC2=O,7.1
ZINC000169322323,Cc1nc2c(o1)C[C@H](CN1CC=C(c3c[nH]c4cc(F)ccc34)CC1)CC2=O,7.1
ZINC000169322324,O=C1C[C@H](CN2CCC(C(=O)c3ccc(F)cc3)CC2)Cc2nc(N3CCCC3)sc21,6.55
ZINC000169322326,O=C1C[C@@H](CN2CCC(C(=O)c3ccc(F)cc3)CC2)Cc2nc(N3CCCC3)sc21,6.55
ZINC000169322328,O=C1C[C@@H](CN2CCC(c3noc4cc(F)ccc34)CC2)Cc2nc(N3CCCC3)sc21,7.7
ZINC000169322329,O=C1C[C@H](CN2CCC(c3noc4cc(F)ccc34)CC2)Cc2nc(N3CCCC3)sc21,7.7
ZINC000169322331,O=C1C[C@@H](CN2CCC(c3c[nH]c4cc(F)ccc34)CC2)Cc2nc(N3CCCC3)sc21,8.1
ZINC000169322333,O=C1C[C@H](CN2CCC(c3c[nH]c4cc(F)ccc34)CC2)Cc2nc(N3CCCC3)sc21,8.1
ZINC000169322335,O=C1C[C@@H](CN2CC=C(c3c[nH]c4cc(F)ccc34)CC2)Cc2nc(N3CCCC3)sc21,7.4
ZINC000169322337,O=C1C[C@H](CN2CC=C(c3c[nH]c4cc(F)ccc34)CC2)Cc2nc(N3CCCC3)sc21,7.4
ZINC000169347297,O=C1C[C@@H](c2ccccc2)CN1c1cnc2c(N3CCNCC3)cccc2c1,5.51
ZINC000169347298,O=C1C[C@H](c2ccccc2)CN1c1cnc2c(N3CCNCC3)cccc2c1,5.51
ZINC000169350288,c1cnc(N2CCN(CCCc3nc4ccccc4s3)CC2)nc1,6.55
ZINC000169363089,O=C(O)[C@@H]1CCN([C@@H]2CC[C@]3(Cc4ccccc4Cc4ccccc43)C2)C1,7.7
ZINC000169363094,O=C(O)[C@H]1CN([C@@H]2CC[C@]3(Cc4ccccc4Cc4ccccc43)C2)CCN1,6.5
ZINC000169370821,CCO[C@@]12CC[C@@H](C(=O)C1)[C@@H]1C(=O)N(CCCCN3CCN(c4ccccc4OC)CC3)C(=O)[C@@H]12,5.55
ZINC000169726176,O=C1c2ccc(F)cc2C[C@@H]1CCN1CCCN(c2ccc(Cl)cc2)CC1,6.39
ZINC000170112478,Fc1ccc(N2CCN([C@@H]3CC[Si](c4ccccc4)(c4ccccc4)C3)CC2)cc1,9.05
ZINC000170112481,Fc1ccc(N2CCN([C@H]3CC[Si](c4ccccc4)(c4ccccc4)C3)CC2)cc1,9.05
ZINC000170112484,Fc1ccc([Si]2(c3ccccc3)CC[C@@H](N3CCN(c4ccccc4)CC3)C2)cc1,7.7
ZINC000170112488,Fc1ccc([Si]2(c3ccccc3)CC[C@H](N3CCN(c4ccccc4)CC3)C2)cc1,7.7
ZINC000170112491,Fc1ccc(N2CCN([C@@H]3CC[Si](c4ccc(F)cc4)(c4ccc(F)cc4)C3)CC2)cc1,7.74
ZINC000170112494,Fc1ccc(N2CCN([C@H]3CC[Si](c4ccc(F)cc4)(c4ccc(F)cc4)C3)CC2)cc1,7.74
ZINC000170112496,Fc1ccc([Si]2(c3ccc(F)cc3)CC[C@@H](N3CCN(c4ccccc4)CC3)C2)cc1,8.7
ZINC000170112499,Fc1ccc([Si]2(c3ccc(F)cc3)CC[C@H](N3CCN(c4ccccc4)CC3)C2)cc1,8.7
ZINC000170112502,Fc1ccc(C2=CCN([C@@H]3CC[Si](c4ccccc4)(c4ccccc4)C3)CC2)cc1,7.85
ZINC000170112505,Fc1ccc(C2=CCN([C@H]3CC[Si](c4ccccc4)(c4ccccc4)C3)CC2)cc1,7.85
ZINC000170112509,c1ccc([Si]2(c3ccccc3)CC[C@@H](N3CCN(c4ccccn4)CC3)C2)cc1,7.54
ZINC000170112511,c1ccc([Si]2(c3ccccc3)CC[C@H](N3CCN(c4ccccn4)CC3)C2)cc1,7.54
ZINC000170112515,Clc1ccc(N2CCN([C@@H]3CC[Si](c4ccccc4)(c4ccccc4)C3)CC2)cc1,7.6
ZINC000170112517,Clc1ccc(N2CCN([C@H]3CC[Si](c4ccccc4)(c4ccccc4)C3)CC2)cc1,7.6
ZINC000170112521,Oc1ccc(N2CCN([C@@H]3CC[Si](c4ccccc4)(c4ccccc4)C3)CC2)cc1,7.34
ZINC000170112524,Oc1ccc(N2CCN([C@H]3CC[Si](c4ccccc4)(c4ccccc4)C3)CC2)cc1,7.34
ZINC000170112527,Cc1cccc(N2CCN([C@@H]3CC[Si](c4ccccc4)(c4ccccc4)C3)CC2)c1,7.48
ZINC000170112530,Cc1cccc(N2CCN([C@H]3CC[Si](c4ccccc4)(c4ccccc4)C3)CC2)c1,7.48
ZINC000170112533,c1ccc(C2CCN([C@@H]3CC[Si](c4ccccc4)(c4ccccc4)C3)CC2)cc1,7.28
ZINC000170112536,c1ccc(C2CCN([C@H]3CC[Si](c4ccccc4)(c4ccccc4)C3)CC2)cc1,7.28
ZINC000170112540,Fc1cccc(N2CCN([C@@H]3CC[Si](c4ccccc4)(c4ccccc4)C3)CC2)c1,8.47
ZINC000170112544,Fc1cccc(N2CCN([C@H]3CC[Si](c4ccccc4)(c4ccccc4)C3)CC2)c1,8.47
ZINC000170112546,Cc1ccc(N2CCN([C@@H]3CC[Si](c4ccccc4)(c4ccccc4)C3)CC2)cc1,8.0
ZINC000170112550,Cc1ccc(N2CCN([C@H]3CC[Si](c4ccccc4)(c4ccccc4)C3)CC2)cc1,8.0
ZINC000170112553,c1ccc([Si]2(c3ccccc3)CC[C@@H](N3CCN(c4ncccn4)CC3)C2)cc1,7.1
ZINC000170112556,c1ccc([Si]2(c3ccccc3)CC[C@H](N3CCN(c4ncccn4)CC3)C2)cc1,7.1
ZINC000170112559,c1ccc(N2CCN([C@@H]3CC[Si](c4ccccc4)(c4ccccc4)C3)CC2)cc1,9.0
ZINC000170112562,c1ccc(N2CCN([C@H]3CC[Si](c4ccccc4)(c4ccccc4)C3)CC2)cc1,9.0
ZINC000170112564,Fc1ccccc1N1CCN([C@@H]2CC[Si](c3ccccc3)(c3ccccc3)C2)CC1,7.0
ZINC000170112568,Fc1ccccc1N1CCN([C@H]2CC[Si](c3ccccc3)(c3ccccc3)C2)CC1,7.0
ZINC000195364726,c1ccc(N2CCN(C[C@H]3CCCCN3)C2)cc1,5.6
ZINC000195365907,COc1ccccc1N1CCN(CCCCN2C(=O)[C@@H]3[C@H]4C(=O)C[C@@](OC(C)=O)(CC4(C)C)[C@@H]3C2=O)CC1,6.11
ZINC000195365913,COc1ccccc1N1CCN(CCCCN2C(=O)[C@H]3[C@H]4C(=O)C[C@@](OC(C)=O)(CC4(C)C)[C@@H]3C2=O)CC1,6.11
ZINC000205434444,CN(C)[C@H]1Cc2ccccc2[C@H](C2CCCCCCC2)C1,6.43
ZINC000205434458,CN(C)[C@@H]1Cc2ccccc2[C@@H](C2CCCCCCC2)C1,7.52
ZINC000205819558,COc1ccc(S(=O)(=O)n2cc(/C=N/N=C/N(C)C)c3c([N+](=O)[O-])cccc32)cc1,6.69
ZINC000253634135,CCCN(CCCCN1C(=O)[C@@H]2CCC[C@H]2C1=O)[C@H]1COc2cccc(OC)c2C1,5.52
ZINC000253634137,CCCN(CCCCN1C(=O)[C@@H]2CCC[C@H]2C1=O)[C@@H]1COc2cccc(OC)c2C1,5.52
ZINC000253635304,CN1CCN2c3c(cccc3OS(=O)(=O)C(F)(F)F)Cc3ccccc3[C@H]2C1,6.56
ZINC000253638998,FC(F)(F)c1ccnc(N2CC[C@@H]3CNC[C@H]32)n1,6.66
ZINC000253639830,COc1ccccc1N1CCN(CCCCN2C(=O)C[C@H](NC(=O)C[C@H]3C[C@H]4CC[C@H]3C4)C2=O)CC1,7.33
ZINC000253639834,COc1ccccc1N1CCN(CCCCN2C(=O)C[C@H](NC(=O)C[C@@H]3C[C@H]4CC[C@H]3C4)C2=O)CC1,7.33
ZINC000253640321,O=C1[C@@H]2[C@H]3C=C[C@@H](C3)[C@H]2C(=O)N1OCCCN1CCN(c2ncccn2)CC1,6.93
ZINC000253640611,O=C1[C@@H]2[C@H]3C=C[C@@H](C3)[C@H]2C(=O)N1OCCCN1CCN(c2ccccc2Cl)CC1,5.41
ZINC000253643347,CN1CCN([C@H]2C[C@@H](c3ccc(F)cc3)c3cccc(F)c32)CC1(C)C,8.01
ZINC000253643394,CN1CCN([C@H]2C[C@@H](c3ccc(F)cc3)c3cccc(Cl)c32)CC1(C)C,7.51
ZINC000253644975,CN1CCN([C@H]2C[C@@H](c3ccsc3)c3ccc(Cl)cc32)CC1(C)C,8.77
ZINC000253645499,CN1CCN([C@H]2C[C@@H](c3ccc(F)cc3)c3cc(Cl)ccc32)CC1(C)C,8.03
ZINC000253646324,CN1CCN([C@H]2C[C@@H](c3ccc(F)cc3)c3ccc(Br)cc32)CC1(C)C,8.52
ZINC000253646408,CN1CCN([C@H]2C[C@@H](c3cccc(F)c3)c3ccc(Cl)cc32)CC1(C)C,7.59
ZINC000253647152,CN1CCN([C@H]2C[C@@H](c3ccc(F)cc3)c3ccc(Cl)cc32)CC1(C)C,8.96
ZINC000253647189,CN1CCN([C@H]2C[C@@H](c3ccc(F)cc3)c3ccc(F)cc32)CC1(C)C,8.72
ZINC000253647199,CN1CCN([C@H]2C[C@@H](c3ccc(Cl)cc3)c3ccc(Cl)cc32)CC1(C)C,7.49
ZINC000253665324,COc1ccccc1N1CCN(CCCON2C(=O)[C@@H]3[C@H]4C(C)=C[C@@](OC(C)=O)(C[C@@H]4C)[C@@H]3C2=O)CC1,6.17
ZINC000253665336,COc1ccccc1N1CCN(CCCON2C(=O)[C@@H]3[C@H]4C(C)=C[C@@](OC(C)=O)(C[C@H]4C)[C@@H]3C2=O)CC1,6.17
ZINC000253665402,C[C@@H]1C[C@@]2(C)CC(=O)[C@H]1[C@H]1C(=O)N(CCCCN3CCN(c4ncccn4)CC3)C(=O)[C@H]12,5.47
ZINC000253665407,C[C@@H]1C[C@@]2(C)CC(=O)[C@H]1[C@@H]1C(=O)N(CCCCN3CCN(c4ncccn4)CC3)C(=O)[C@@H]12,5.47
ZINC000253665413,C[C@@H]1C[C@@]2(C)CC(=O)[C@H]1[C@H]1C(=O)N(CCCCN3CCN(c4ncccn4)CC3)C(=O)[C@@H]12,5.47
ZINC000253665418,C[C@@H]1C[C@@]2(C)CC(=O)[C@H]1[C@@H]1C(=O)N(CCCCN3CCN(c4ncccn4)CC3)C(=O)[C@H]12,5.47
ZINC000253665595,COc1ccccc1N1CCN(CCCCN2C(=O)[C@@H]3[C@H](C2=O)[C@@]2(OC(C)=O)CC(=O)[C@H]3C(C)(C)C2)CC1,6.11
ZINC000253665619,C[C@@H]1C[C@@]2(C)CC(=O)[C@H]1[C@@H]1C(=O)N(CCCN3CCN(c4ccccc4)CC3)C(=O)[C@@H]12,6.53
ZINC000253665626,C[C@@H]1C[C@@]2(C)CC(=O)[C@H]1[C@@H]1C(=O)N(CCCN3CCN(c4ccccc4)CC3)C(=O)[C@H]12,6.53
ZINC000253665631,C[C@@H]1C[C@@]2(C)CC(=O)[C@H]1[C@H]1C(=O)N(CCCN3CCN(c4ccccc4)CC3)C(=O)[C@H]12,6.53
ZINC000253665636,C[C@@H]1C[C@@]2(C)CC(=O)[C@H]1[C@H]1C(=O)N(CCCN3CCN(c4ccccc4)CC3)C(=O)[C@@H]12,6.53
ZINC000253665793,C[C@@H]1C[C@@]2(C)CC(=O)[C@H]1[C@H]1C(=O)N(CCCCN3CCN(Cc4ccccc4)CC3)C(=O)[C@H]12,5.68
ZINC000253665799,C[C@@H]1C[C@@]2(C)CC(=O)[C@H]1[C@H]1C(=O)N(CCCCN3CCN(Cc4ccccc4)CC3)C(=O)[C@@H]12,5.68
ZINC000253665804,C[C@@H]1C[C@@]2(C)CC(=O)[C@H]1[C@@H]1C(=O)N(CCCCN3CCN(Cc4ccccc4)CC3)C(=O)[C@@H]12,5.68
ZINC000253665809,C[C@@H]1C[C@@]2(C)CC(=O)[C@H]1[C@@H]1C(=O)N(CCCCN3CCN(Cc4ccccc4)CC3)C(=O)[C@H]12,5.68
ZINC000253665844,CC(=O)O[C@@]12C=C(C)[C@@H]([C@H](C)C1)[C@H]1C(=O)N(CCCCN3CCN(c4ccccn4)CC3)C(=O)[C@H]12,6.02
ZINC000253665851,CC(=O)O[C@]12C=C(C)[C@H]([C@@H]3C(=O)N(CCCCN4CCN(c5ccccn5)CC4)C(=O)[C@H]31)[C@H](C)C2,6.02
ZINC000253666411,C[C@@H]1C[C@@]2(C)CC(=O)[C@H]1[C@@H]1C(=O)N(OCCCN3CCN(c4ccccc4)CC3)C(=O)[C@@H]12,6.52
ZINC000253666415,C[C@@H]1C[C@@]2(C)CC(=O)[C@H]1[C@@H]1C(=O)N(OCCCN3CCN(c4ccccc4)CC3)C(=O)[C@H]12,6.52
ZINC000253666420,C[C@@H]1C[C@@]2(C)CC(=O)[C@H]1[C@H]1C(=O)N(OCCCN3CCN(c4ccccc4)CC3)C(=O)[C@H]12,6.52
ZINC000253666424,C[C@@H]1C[C@@]2(C)CC(=O)[C@H]1[C@H]1C(=O)N(OCCCN3CCN(c4ccccc4)CC3)C(=O)[C@@H]12,6.52
ZINC000253666559,CCO[C@@]12CC[C@@H](C(=O)C1)[C@@H]1C(=O)N(CCCCN3CCN(c4ccccc4OC)CC3)C(=O)[C@H]12,5.55
ZINC000253666596,COc1ccccc1N1CCN(CCCCN2C(=O)[C@@H]3[C@H]4C(C)=C[C@@](OC(C)=O)(C[C@H]4C)[C@@H]3C2=O)CC1,6.13
ZINC000253666606,COc1ccccc1N1CCN(CCCCN2C(=O)[C@@H]3[C@H]4C(C)=C[C@@](OC(C)=O)(C[C@@H]4C)[C@@H]3C2=O)CC1,6.13
ZINC000253666686,CC(=O)O[C@]12C=C(C)[C@H]([C@@H]3C(=O)N(CCCCN4CCN(c5ncccn5)CC4)C(=O)[C@@H]31)[C@H](C)C2,5.22
ZINC000253666695,CC(=O)O[C@]12C=C(C)[C@H]([C@@H]3C(=O)N(CCCCN4CCN(c5ncccn5)CC4)C(=O)[C@H]31)[C@H](C)C2,5.22
ZINC000253667136,Cc1ccc2c(c1)[C@@H]1CCN[C@H](Cc3cccc4ccccc34)[C@H]1N2,8.45
ZINC000253667144,Cc1ccc2c(c1)[C@@H]1CCN[C@@H](Cc3cccc4ccccc34)[C@H]1N2,8.45
ZINC000253667693,CC(=O)O[C@@]12C=C(C)[C@@H]([C@H](C)C1)[C@H]1C(=O)N(CCCCN3CCN(c4ccccc4)CC3)C(=O)[C@H]12,6.54
ZINC000253667707,CC(=O)O[C@]12C=C(C)[C@H]([C@@H]3C(=O)N(CCCCN4CCN(c5ccccc5)CC4)C(=O)[C@H]31)[C@H](C)C2,6.54
ZINC000253667938,CC(=O)O[C@@]12C=C(C)[C@@H]([C@H](C)C1)[C@H]1C(=O)N(OCCCN3CCN(c4ccccc4)CC3)C(=O)[C@H]12,6.43
ZINC000253667944,CC(=O)O[C@]12C=C(C)[C@H]([C@@H]3C(=O)N(OCCCN4CCN(c5ccccc5)CC4)C(=O)[C@H]31)[C@H](C)C2,6.43
ZINC000253667976,CC(=O)O[C@@]12C=C(C)[C@@H]([C@H](C)C1)[C@H]1C(=O)N(OCCCN3CCN(c4cccc(Cl)c4)CC3)C(=O)[C@H]12,6.42
ZINC000253667984,CC(=O)O[C@]12C=C(C)[C@H]([C@@H]3C(=O)N(OCCCN4CCN(c5cccc(Cl)c5)CC4)C(=O)[C@H]31)[C@H](C)C2,6.42
ZINC000253668002,COc1ccccc1N1CCN(CCCON2C(=O)[C@H]3[C@H](C2=O)[C@H]2C=C[C@@]3(OC)CC2)CC1,5.86
ZINC000253668007,COc1ccccc1N1CCN(CCCON2C(=O)[C@@H]3[C@H](C2=O)[C@@]2(OC)C=C[C@H]3CC2)CC1,5.86
ZINC000253668032,CC(=O)O[C@]12C=C(C)[C@H]([C@@H]3C(=O)N(OCCCN4CCN(c5ccccn5)CC4)C(=O)[C@H]31)[C@H](C)C2,5.74
ZINC000253668040,CC(=O)O[C@@]12C=C(C)[C@@H]([C@H](C)C1)[C@H]1C(=O)N(OCCCN3CCN(c4ccccn4)CC3)C(=O)[C@H]12,5.74
ZINC000253668061,COc1ccccc1N1CCN(CCCON2C(=O)[C@@H]3[C@H]4C(=O)C[C@@](C)(C[C@@H]4C)[C@@H]3C2=O)CC1,6.2
ZINC000253668068,COc1ccccc1N1CCN(CCCON2C(=O)[C@@H]3[C@H]4C(=O)C[C@@](C)(C[C@H]4C)[C@@H]3C2=O)CC1,6.2
ZINC000253668152,C[C@@H]1C[C@@]2(C)CC(=O)[C@H]1[C@H]1C(=O)N(OCCCN3CCN(c4cccc(Cl)c4)CC3)C(=O)[C@@H]12,6.96
ZINC000253668160,C[C@@H]1C[C@@]2(C)CC(=O)[C@H]1[C@@H]1C(=O)N(OCCCN3CCN(c4cccc(Cl)c4)CC3)C(=O)[C@@H]12,6.96
ZINC000253668167,C[C@@H]1C[C@@]2(C)CC(=O)[C@H]1[C@@H]1C(=O)N(OCCCN3CCN(c4cccc(Cl)c4)CC3)C(=O)[C@H]12,6.96
ZINC000253668172,C[C@@H]1C[C@@]2(C)CC(=O)[C@H]1[C@H]1C(=O)N(OCCCN3CCN(c4cccc(Cl)c4)CC3)C(=O)[C@H]12,6.96
ZINC000253668264,CC(=O)O[C@]12C=C(C)[C@H]([C@@H]3C(=O)N(CCCN4CCN(c5ccccc5)CC4)C(=O)[C@@H]31)[C@H](C)C2,6.24
ZINC000253668270,CC(=O)O[C@]12C=C(C)[C@H]([C@@H]3C(=O)N(CCCN4CCN(c5ccccc5)CC4)C(=O)[C@H]31)[C@H](C)C2,6.24
ZINC000253668295,CC(=O)O[C@]12C=C(C)[C@H]([C@@H]3C(=O)N(CCCCN4CCN(Cc5ccccc5)CC4)C(=O)[C@H]31)[C@H](C)C2,5.01
ZINC000253668300,CC(=O)O[C@]12C=C(C)[C@H]([C@@H]3C(=O)N(CCCCN4CCN(Cc5ccccc5)CC4)C(=O)[C@@H]31)[C@H](C)C2,5.01
ZINC000253668597,O=C(CCCN1[C@H]2CC[C@H]1CN(c1ccc(Cl)cc1)CC2)c1ccc(F)cc1,6.71
ZINC000253677982,c1ccc(CCN2[C@H]3CC[C@@H]2C[C@@H](c2c(-c4ccccc4)[nH]c4ccccc24)C3)cc1,8.92
ZINC000253677991,c1ccc(CCN2[C@H]3CC[C@@H]2C[C@H](c2c(-c4ccccc4)[nH]c4ccccc24)C3)cc1,8.92
ZINC000253680085,O=C(C[C@@H]1C[C@H]2CC[C@H]1C2)N[C@H]1CC(=O)N(CCCCN2CCN(c3cccc(Cl)c3)CC2)C1=O,8.38
ZINC000253680092,O=C(C[C@H]1C[C@H]2CC[C@H]1C2)N[C@H]1CC(=O)N(CCCCN2CCN(c3cccc(Cl)c3)CC2)C1=O,8.38
ZINC000253685525,CN1CCN([C@H]2C[C@@H](c3ccc(F)cc3)c3ccc(C(F)(F)F)cc32)CC1(C)C,8.35
ZINC000253694814,Cc1ccc2c(c1F)[C@@H]1CCN[C@@H](Cc3cccc4ccccc34)[C@H]1N2,8.57
ZINC000253694823,Cc1ccc2c(c1F)[C@@H]1CCN[C@H](Cc3cccc4ccccc34)[C@H]1N2,8.57
ZINC000253712461,CCCN(CCCCN1C[C@@H]2CCC[C@H]2C1=O)[C@@H]1COc2cccc(OC)c2C1,5.7
ZINC000253712468,CCCN(CCCCN1C[C@@H]2CCC[C@H]2C1=O)[C@H]1COc2cccc(OC)c2C1,5.7
ZINC000253738349,O=C1[C@@H]2[C@H]3C=C[C@@H](C3)[C@H]2C(=O)N1OCCN1CCN(c2ccccn2)CC1,5.45
ZINC000253739918,O=C1[C@@H]2[C@H]3C=C[C@@H](C3)[C@H]2C(=O)N1OCCN1CCN(c2cccc(C(F)(F)F)c2)CC1,5.4
ZINC000253793022,CO[C@@H]1CC[C@@H](C(=O)OCC2=C[C@@H]3c4cccc5[nH]cc(c45)C[C@H]3N(C)C2)CC1,7.24
ZINC000253793028,CN1CCN([C@H]2C[C@@H](c3ccccc3)c3ccccc32)CC1(C)C,7.68
ZINC000253810792,CN1CCN([C@H]2C[C@@H](c3ccc(F)cc3)c3ccccc32)CC1(C)C,8.54
ZINC000253853644,O=C(C[C@@H]1C[C@H]2CC[C@H]1C2)N1CCC[C@H]1CCCCN1CCN(c2cccc(Cl)c2)CC1,7.46
ZINC000253853646,O=C(C[C@H]1C[C@H]2CC[C@H]1C2)N1CCC[C@H]1CCCCN1CCN(c2cccc(Cl)c2)CC1,7.46
ZINC000253868468,O=C(O)[C@H]1CN([C@H]2CC[C@]3(Cc4ccccc4Cc4ccccc43)C2)CCN1,6.5
ZINC000253868718,O=C(O)[C@@H]1CCN([C@H]2CC[C@]3(Cc4ccccc4Cc4ccccc43)C2)C1,7.7
ZINC000253908008,O=C(O)[C@H]1CN([C@H]2CC[C@]3(Cc4ccccc4Cc4ccccc43)C2)CCO1,7.0
ZINC000253917021,O=C(O)C[C@@H]1CCN([C@H]2CC[C@]3(Cc4ccccc4Cc4ccccc43)C2)C1,7.7
ZINC000253918516,O=C(O)[C@]1(F)CCCN([C@H]2CC[C@]3(Cc4ccccc4Cc4ccccc43)C2)C1,7.1
ZINC000253918618,C[C@@]1(C(=O)O)CCN([C@H]2CC[C@]3(Cc4ccccc4Cc4ccccc43)C2)C1,7.9
ZINC000253918621,C[C@]1(C(=O)O)CCN([C@H]2CC[C@]3(Cc4ccccc4Cc4ccccc43)C2)C1,7.9
ZINC000254005508,COc1ccccc1N1CCN(CCCC[C@@H]2CCCN2C(=O)C[C@H]2C[C@H]3CC[C@H]2C3)CC1,6.26
ZINC000254005514,COc1ccccc1N1CCN(CCCC[C@@H]2CCCN2C(=O)C[C@@H]2C[C@H]3CC[C@H]2C3)CC1,6.26
ZINC000254010521,Fc1cccc(CCN[C@H]2[C@H]3[C@H]4C[C@@H]5[C@H]6[C@@H](C[C@H]53)[C@@H]2[C@@H]64)c1,5.22
ZINC000254010529,Fc1cccc(CCN[C@@H]2[C@H]3[C@@H]4C[C@@H]5[C@@H]6C[C@@H]([C@@H]3[C@@H]64)[C@H]25)c1,5.22
ZINC000254010535,Fc1cccc(CCN[C@@H]2[C@@H]3[C@@H]4[C@H]5[C@H]6C[C@@H]4[C@H]2[C@@H]6C[C@H]53)c1,5.22
ZINC000254010537,Fc1cccc(CCN[C@H]2[C@H]3[C@H]4C[C@@H]5[C@@H]6[C@H]4[C@H]2[C@@H]6C[C@H]53)c1,5.22
ZINC000254086111,COc1cccc(CCN2[C@H]3[C@@H]4[C@H]5C[C@@H]6[C@@H]4[C@]2(O)[C@@H]2[C@H]6[C@@H]5[C@@H]32)c1OC,6.02
ZINC000254086116,COc1cccc(CCN2[C@H]3[C@@H]4[C@H]5C[C@H]6[C@@H]7[C@@H]5[C@@H]3[C@@H]7[C@@]2(O)[C@H]64)c1OC,6.02
ZINC000254086120,COc1cccc(CCN2[C@@H]3[C@H]4[C@@H]5[C@@H]6[C@@H]7C[C@H]([C@@H]3[C@@H]7[C@]52O)[C@H]64)c1OC,6.02
ZINC000254086125,COc1cccc(CCN2[C@H]3[C@@H]4[C@H]5C[C@@H]6[C@@H]4[C@]2(O)[C@H]2[C@H]6[C@@H]5[C@@H]32)c1OC,6.02
ZINC000254100292,CCN(CCCCN1CC[C@H]2CCCC[C@@H]2C1)S(=O)(=O)c1cnc2ccccc2c1,5.29
ZINC000254100294,CCN(CCCCN1CC[C@H]2CCCC[C@H]2C1)S(=O)(=O)c1cnc2ccccc2c1,5.29
ZINC000254100296,CCN(CCCCN1CC[C@@H]2CCCC[C@H]2C1)S(=O)(=O)c1cnc2ccccc2c1,5.29
ZINC000254100313,CCN(CCCCN1CC[C@H]2CCCC[C@@H]2C1)S(=O)(=O)c1cccc2cccnc12,5.2
ZINC000254100316,CCN(CCCCN1CC[C@H]2CCCC[C@H]2C1)S(=O)(=O)c1cccc2cccnc12,5.2
ZINC000254100318,CCN(CCCCN1CC[C@@H]2CCCC[C@H]2C1)S(=O)(=O)c1cccc2cccnc12,5.2
ZINC000254102365,CCN(CCCCCN1CC[C@H]2CCCC[C@@H]2C1)S(=O)(=O)c1cccc2cccnc12,5.75
ZINC000254102369,CCN(CCCCCN1CC[C@H]2CCCC[C@H]2C1)S(=O)(=O)c1cccc2cccnc12,5.75
ZINC000254102372,CCN(CCCCCN1CC[C@@H]2CCCC[C@H]2C1)S(=O)(=O)c1cccc2cccnc12,5.75
ZINC000254111036,O[C@@]1(c2ccc(Cl)cc2)C[C@@H]2CC[C@H](C1)N2CCCOc1ccc(F)cc1,6.63
ZINC000254111040,O[C@]1(c2ccc(Cl)cc2)C[C@@H]2CC[C@H](C1)N2CCCOc1ccc(F)cc1,6.63
ZINC000254113673,C[C@@H]1C[C@@]2(C)CC(=O)[C@H]1[C@@H]1C(=O)N(CCCCN3CCN(c4ccccn4)CC3)C(=O)[C@@H]12,6.24
ZINC000254113680,C[C@@H]1C[C@@]2(C)CC(=O)[C@H]1[C@@H]1C(=O)N(CCCCN3CCN(c4ccccn4)CC3)C(=O)[C@H]12,6.24
ZINC000254113683,C[C@@H]1C[C@@]2(C)CC(=O)[C@H]1[C@H]1C(=O)N(CCCCN3CCN(c4ccccn4)CC3)C(=O)[C@H]12,6.24
ZINC000254113688,C[C@@H]1C[C@@]2(C)CC(=O)[C@H]1[C@H]1C(=O)N(CCCCN3CCN(c4ccccn4)CC3)C(=O)[C@@H]12,6.24
ZINC000254128347,CC(=O)O[C@@]12C=C(C)[C@@H]([C@H](C)C1)[C@H]1C(=O)N(OCCCN3CCN(c4ccccc4F)CC3)C(=O)[C@H]12,5.97
ZINC000254128350,CC(=O)O[C@]12C=C(C)[C@H]([C@@H]3C(=O)N(OCCCN4CCN(c5ccccc5F)CC4)C(=O)[C@H]31)[C@H](C)C2,5.97
ZINC000254132328,COc1ccc(CN2[C@H]3[C@@H]4[C@H]5C[C@H]6[C@@H]7[C@@H]5[C@@H]3[C@@H]7[C@@]2(O)[C@H]64)cc1OC,5.38
ZINC000254132330,COc1ccc(CN2[C@H]3[C@@H]4[C@H]5C[C@@H]6[C@@H]4[C@]2(O)[C@@H]2[C@H]6[C@@H]5[C@@H]32)cc1OC,5.38
ZINC000254132332,COc1ccc(CN2[C@@H]3[C@H]4[C@@H]5[C@@H]6[C@@H]7C[C@H]([C@@H]3[C@@H]7[C@]52O)[C@H]64)cc1OC,5.38
ZINC000254132334,COc1ccc(CN2[C@H]3[C@@H]4[C@H]5C[C@@H]6[C@@H]4[C@]2(O)[C@H]2[C@H]6[C@@H]5[C@@H]32)cc1OC,5.38
ZINC000254132541,COc1ccccc1CCN1[C@H]2[C@@H]3[C@H]4C[C@@H]5[C@@H]3[C@]1(O)[C@@H]1[C@H]5[C@@H]4[C@@H]21,5.93
ZINC000254132543,COc1ccccc1CCN1[C@H]2[C@@H]3[C@H]4C[C@@H]5[C@@H]3[C@]1(O)[C@H]1[C@H]5[C@@H]4[C@@H]21,5.93
ZINC000254132545,COc1ccccc1CCN1[C@@H]2[C@H]3[C@@H]4[C@@H]5[C@@H]6C[C@H]([C@@H]2[C@@H]6[C@]41O)[C@H]53,5.93
ZINC000254132547,COc1ccccc1CCN1[C@H]2[C@@H]3[C@H]4C[C@H]5[C@@H]6[C@@H]4[C@@H]2[C@@H]6[C@@]1(O)[C@H]53,5.93
ZINC000254133674,COc1ccccc1CN1[C@@H]2[C@H]3[C@@H]4[C@@H]5[C@@H]6C[C@H]([C@@H]2[C@@H]6[C@]41O)[C@H]53,5.5
ZINC000254133675,COc1ccccc1CN1[C@H]2[C@@H]3[C@H]4C[C@@H]5[C@@H]3[C@]1(O)[C@H]1[C@H]5[C@@H]4[C@@H]21,5.5
ZINC000254133676,COc1ccccc1CN1[C@H]2[C@@H]3[C@H]4C[C@H]5[C@@H]6[C@@H]4[C@@H]2[C@@H]6[C@@]1(O)[C@H]53,5.5
ZINC000254133677,COc1ccccc1CN1[C@H]2[C@@H]3[C@H]4C[C@@H]5[C@@H]3[C@]1(O)[C@@H]1[C@H]5[C@@H]4[C@@H]21,5.5
ZINC000254133735,COc1cccc(CCN2[C@H]3[C@@H]4[C@H]5C[C@@H]6[C@@H]4[C@]2(O)[C@@H]2[C@H]6[C@@H]5[C@@H]32)c1,5.65
ZINC000254133736,COc1cccc(CCN2[C@H]3[C@@H]4[C@H]5C[C@H]6[C@@H]7[C@@H]5[C@@H]3[C@@H]7[C@@]2(O)[C@H]64)c1,5.65
ZINC000254133737,COc1cccc(CCN2[C@@H]3[C@H]4[C@@H]5[C@@H]6[C@@H]7C[C@H]([C@@H]3[C@@H]7[C@]52O)[C@H]64)c1,5.65
ZINC000254133738,COc1cccc(CCN2[C@H]3[C@@H]4[C@H]5C[C@@H]6[C@@H]4[C@]2(O)[C@H]2[C@H]6[C@@H]5[C@@H]32)c1,5.65
ZINC000254136483,O[C@]1(c2ccc(Cl)cc2)C[C@@H]2CC[C@H](C1)N2CCCCc1ccc(F)cc1,6.5
ZINC000254136485,O[C@@]1(c2ccc(Cl)cc2)C[C@@H]2CC[C@H](C1)N2CCCCc1ccc(F)cc1,6.5
ZINC000261081161,C[C@@H]1C[C@@]2(C)CC(=O)[C@H]1[C@H]1C(=O)N(OCCCN3CCN(c4ccccc4F)CC3)C(=O)[C@@H]12,6.04
ZINC000261081163,C[C@@H]1C[C@@]2(C)CC(=O)[C@H]1[C@@H]1C(=O)N(OCCCN3CCN(c4ccccc4F)CC3)C(=O)[C@@H]12,6.04
ZINC000261081165,C[C@@H]1C[C@@]2(C)CC(=O)[C@H]1[C@@H]1C(=O)N(OCCCN3CCN(c4ccccc4F)CC3)C(=O)[C@H]12,6.04
ZINC000261081166,C[C@@H]1C[C@@]2(C)CC(=O)[C@H]1[C@H]1C(=O)N(OCCCN3CCN(c4ccccc4F)CC3)C(=O)[C@H]12,6.04
ZINC000261086116,COc1cc(CN[C@H]2[C@H]3[C@H]4C[C@@H]5[C@@H]6[C@H]4[C@H]2[C@@H]6C[C@H]53)cc(OC)c1OC,5.51
ZINC000261086117,COc1cc(CN[C@@H]2[C@@H]3[C@@H]4[C@H]5[C@H]6C[C@@H]4[C@H]2[C@@H]6C[C@H]53)cc(OC)c1OC,5.51
ZINC000261086118,COc1cc(CN[C@H]2[C@H]3[C@H]4C[C@@H]5[C@H]6[C@@H](C[C@H]53)[C@@H]2[C@@H]64)cc(OC)c1OC,5.51
ZINC000261086119,COc1cc(CN[C@@H]2[C@H]3[C@@H]4C[C@@H]5[C@@H]6C[C@@H]([C@@H]3[C@@H]64)[C@H]25)cc(OC)c1OC,5.51
ZINC000261093193,CC(=O)O[C@]12C=C(C)[C@H]([C@@H]3C(=O)N(CCCCN4CCN(c5ccc(F)cc5)CC4)C(=O)[C@@H]31)[C@H](C)C2,6.77
ZINC000261093194,CC(=O)O[C@]12C=C(C)[C@H]([C@@H]3C(=O)N(CCCCN4CCN(c5ccc(F)cc5)CC4)C(=O)[C@H]31)[C@H](C)C2,6.77
ZINC000261101055,O=C1[C@@H]2[C@H]3C=C[C@@H](C3)[C@H]2C(=O)N1OC[C@@H](O)CN1CCN(c2ccccc2)CC1,6.47
ZINC000261101057,O=C1[C@@H]2[C@H]3C=C[C@@H](C3)[C@H]2C(=O)N1OC[C@H](O)CN1CCN(c2ccccc2)CC1,6.47
ZINC000261101566,COc1ccccc1N1CCN(CCCN2C(=O)[C@@H]3[C@H]4C(=O)C[C@@](C)(C[C@@H]4C)[C@@H]3C2=O)CC1,6.37
ZINC000261101568,COc1ccccc1N1CCN(CCCN2C(=O)[C@@H]3[C@H]4C(=O)C[C@@](C)(C[C@H]4C)[C@@H]3C2=O)CC1,6.37
ZINC000261105027,O=C1[C@@H]2[C@H]3C=C[C@@H](C3)[C@H]2C(=O)N1OCCCN1CCN(c2cccc(C(F)(F)F)c2)CC1,5.59
ZINC000261109967,COc1ccccc1N1CCN(CCCCN2C(=O)[C@@H]3[C@H]4C(=O)C[C@@](C)(C[C@H]4C)[C@@H]3C2=O)CC1,6.28
ZINC000261109969,COc1ccccc1N1CCN(CCCCN2C(=O)[C@@H]3[C@H]4C(=O)C[C@@](C)(C[C@@H]4C)[C@@H]3C2=O)CC1,6.28
ZINC000261121942,C[C@H]1CC(=O)Nc2c(CCN3CCN(C4=N[S@@](=O)c5ccccc54)CC3)cc(F)cc21,8.65
ZINC000261121945,C[C@@H]1CC(=O)Nc2c(CCN3CCN(C4=N[S@](=O)c5ccccc54)CC3)cc(F)cc21,8.65
ZINC000261121946,C[C@H]1CC(=O)Nc2c(CCN3CCN(C4=N[S@](=O)c5ccccc54)CC3)cc(F)cc21,8.65
ZINC000261121948,C[C@@H]1CC(=O)Nc2c(CCN3CCN(C4=N[S@@](=O)c5ccccc54)CC3)cc(F)cc21,8.65
ZINC000261127324,C[C@@H]1C[C@@]2(C)CC(=O)[C@H]1[C@@H]1C(=O)N(CCCCN3CCN(c4ccccc4)CC3)C(=O)[C@H]12,6.74
ZINC000261127325,C[C@@H]1C[C@@]2(C)CC(=O)[C@H]1[C@H]1C(=O)N(CCCCN3CCN(c4ccccc4)CC3)C(=O)[C@@H]12,6.74
ZINC000261127326,C[C@@H]1C[C@@]2(C)CC(=O)[C@H]1[C@H]1C(=O)N(CCCCN3CCN(c4ccccc4)CC3)C(=O)[C@H]12,6.74
ZINC000261127327,C[C@@H]1C[C@@]2(C)CC(=O)[C@H]1[C@@H]1C(=O)N(CCCCN3CCN(c4ccccc4)CC3)C(=O)[C@@H]12,6.74
ZINC000261128459,O=C1[C@@H]2[C@H]3C=C[C@@H](C3)[C@H]2C(=O)N1OCCN1CCN(c2cccc(Cl)c2)CC1,5.57
ZINC000261137335,CN(CCc1ccccc1)[C@H]1[C@H]2[C@H]3C[C@@H]4[C@H]5[C@@H](C[C@H]42)[C@@H]1[C@@H]53,5.76
ZINC000261137336,CN(CCc1ccccc1)[C@@H]1[C@H]2[C@@H]3C[C@@H]4[C@@H]5C[C@@H]([C@@H]2[C@@H]53)[C@H]14,5.76
ZINC000261137337,CN(CCc1ccccc1)[C@H]1[C@H]2[C@H]3C[C@@H]4[C@@H]5[C@H]3[C@H]1[C@@H]5C[C@H]42,5.76
ZINC000261137338,CN(CCc1ccccc1)[C@@H]1[C@@H]2[C@@H]3[C@H]4[C@H]5C[C@@H]3[C@H]1[C@@H]5C[C@H]42,5.76
ZINC000261143384,C[C@H]1CC[C@@H](Oc2c(F)cc(CNC(=O)[C@@H]3CCCN3)cc2F)CC1,6.82
ZINC000261149013,CO[C@@H]1CC[C@@H](C(=O)OCC2=C[C@@H]3c4cccc5c4c(cn5C(C)C)C[C@H]3N(C)C2)CC1,8.13
ZINC000261165378,O=C1[C@@H]2[C@H]3C=C[C@@H](C3)[C@H]2C(=O)N1OCCCN1CCN(c2cccc3ccccc23)CC1,7.04
ZINC000261171302,COc1ccccc1N1CCN(CCCN2C(=O)[C@@H]3[C@H]4C(C)=C[C@@](OC(C)=O)(C[C@@H]4C)[C@@H]3C2=O)CC1,5.99
ZINC000261171305,COc1ccccc1N1CCN(CCCN2C(=O)[C@@H]3[C@H]4C(C)=C[C@@](OC(C)=O)(C[C@H]4C)[C@@H]3C2=O)CC1,5.99
ZINC000261183098,O=C1[C@@H]2[C@H]3C=C[C@@H](C3)[C@H]2C(=O)N1OCCCN1CCN(c2cccc(Cl)c2)CC1,6.26
ZINC000261187266,O=C1[C@@H]2[C@H]3C=C[C@@H](C3)[C@H]2C(=O)N1OCCN1CCN(c2cccc3ccccc23)CC1,6.95
ZINC000261192765,C[C@@H]1C[C@@]2(C)CC(=O)[C@H]1[C@@H]1C(=O)N(CCCCN3CCN(c4ccc(F)cc4)CC3)C(=O)[C@H]12,6.99
ZINC000261192766,C[C@@H]1C[C@@]2(C)CC(=O)[C@H]1[C@H]1C(=O)N(CCCCN3CCN(c4ccc(F)cc4)CC3)C(=O)[C@@H]12,6.99
ZINC000261192768,C[C@@H]1C[C@@]2(C)CC(=O)[C@H]1[C@@H]1C(=O)N(CCCCN3CCN(c4ccc(F)cc4)CC3)C(=O)[C@@H]12,6.99
ZINC000261192770,C[C@@H]1C[C@@]2(C)CC(=O)[C@H]1[C@H]1C(=O)N(CCCCN3CCN(c4ccc(F)cc4)CC3)C(=O)[C@H]12,6.99
ZINC000263620478,Fc1cccc(CCCNCCc2ccnc(-n3ccnc3)n2)c1,6.3
ZINC000285188979,Cn1c(=O)c2c(ncn2CCCN2CCN(c3ccccc3)CC2)n(C)c1=O,7.04
ZINC000299819358,COc1ccccc1N1CCN(CCCCCn2cnc3c2c(=O)n(C)c(=O)n3C)CC1,6.22
ZINC000299819361,Cn1c(=O)c2c(ncn2CCCCN2CCN(c3ccc(Cl)c(Cl)c3)CC2)n(C)c1=O,6.34
ZINC000299819476,COc1cc(N)c(Cl)cc1C(=O)N[C@H]1C[C@@H]2CC[C@H](C1)N2Cc1ccco1,7.78
ZINC000299819484,O=C(N[C@@H]1C[C@@H]2CC[C@H](C1)N2C[C@H]1CCCO1)c1cccc2ccccc12,6.4
ZINC000299819486,O=C(N[C@@H]1C[C@@H]2CC[C@H](C1)N2C[C@@H]1CCCO1)c1cccc2ccccc12,6.4
ZINC000299819513,COc1cccc(C(=O)N[C@H]2C[C@@H]3CC[C@H](C2)N3C[C@@H]2CCCO2)c1,5.96
ZINC000299819514,COc1cccc(C(=O)N[C@H]2C[C@@H]3CC[C@H](C2)N3C[C@H]2CCCO2)c1,5.96
ZINC000299820012,COc1ccccc1N1CCN(CCCn2cnc3c2c(=O)n(C)c(=O)n3C)CC1,6.03
ZINC000299820057,Cn1c(=O)c2c(ncn2CCCCCN2CCN(c3cccc(Cl)c3)CC2)n(C)c1=O,7.27
ZINC000299820282,O=C(N[C@H]1C[C@@H]2CC[C@H](C1)N2Cc1ccco1)c1ccc2ccccc2c1,7.62
ZINC000299820346,O=C(N[C@H]1C[C@@H]2CC[C@H](C1)N2C[C@@H]1CCCO1)c1ccccc1,5.51
ZINC000299820347,O=C(N[C@H]1C[C@@H]2CC[C@H](C1)N2C[C@H]1CCCO1)c1ccccc1,5.51
ZINC000299820375,COc1cc(Cl)ccc1C(=O)N[C@H]1C[C@@H]2CC[C@H](C1)N2Cc1ccco1,6.17
ZINC000299820954,COc1ccc(Cl)cc1C(=O)N[C@@H]1C[C@@H]2CC[C@H](C1)N2C[C@@H]1CCCO1,6.92
ZINC000299820960,COc1ccc(Cl)cc1C(=O)N[C@@H]1C[C@@H]2CC[C@H](C1)N2C[C@H]1CCCO1,6.92
ZINC000299820978,COc1ccc(F)cc1C(=O)N[C@@H]1C[C@@H]2CC[C@H](C1)N2C[C@@H]1CCCO1,5.96
ZINC000299820982,COc1ccc(F)cc1C(=O)N[C@@H]1C[C@@H]2CC[C@H](C1)N2C[C@H]1CCCO1,5.96
ZINC000299821115,O=C(N[C@@H]1C[C@@H]2CC[C@H](C1)N2Cc1ccccc1)c1ccc2ccccc2c1,8.6
ZINC000299821137,O=C(N[C@@H]1C[C@@H]2CC[C@H](C1)N2C[C@H]1CCCO1)c1ccc2ccccc2c1,7.91
ZINC000299821138,O=C(N[C@@H]1C[C@@H]2CC[C@H](C1)N2C[C@@H]1CCCO1)c1ccc2ccccc2c1,7.91
ZINC000299821150,COc1cccc(C(=O)N[C@@H]2C[C@@H]3CC[C@H](C2)N3Cc2ccccn2)c1OC,6.0
ZINC000299821152,COc1cccc(C(=O)N[C@@H]2C[C@@H]3CC[C@H](C2)N3Cc2cccnc2)c1OC,6.02
ZINC000299821166,O=C(N[C@@H]1C[C@@H]2CC[C@H](C1)N2Cc1ccccc1)c1cccc2ccccc12,6.4
ZINC000299821177,COc1cccc(C(=O)N[C@@H]2C[C@@H]3CC[C@H](C2)N3Cc2ccncc2)c1OC,6.15
ZINC000299821180,COc1cc(N)c(Cl)cc1C(=O)N[C@@H]1C[C@@H]2CC[C@H](C1)N2C[C@H]1CCCO1,8.21
ZINC000299821181,COc1cc(N)c(Cl)cc1C(=O)N[C@@H]1C[C@@H]2CC[C@H](C1)N2C[C@@H]1CCCO1,8.21
ZINC000299821182,O=C(N[C@H]1C[C@@H]2CC[C@H](C1)N2Cc1ccco1)c1cccc2ccccc12,5.64
ZINC000299822942,Cn1c(=O)c2c(ncn2CCCCCN2CCN(c3ccccc3)CC2)n(C)c1=O,6.51
ZINC000299823734,Cn1c(=O)c2c(ncn2CCCCN2CCN(c3ccccc3)CC2)n(C)c1=O,6.29
ZINC000299824466,Cc1cccc(CNc2cc3c(cc2O)[C@@H](c2ccccc2)CN(C)CC3)c1,8.0
ZINC000299824472,Cc1cccc(CNc2cc3c(cc2O)[C@H](c2ccccc2)CN(C)CC3)c1,8.0
ZINC000299825094,Cn1c(=O)c2c(ncn2CCCN2CCN(c3cccc(Cl)c3)CC2)n(C)c1=O,7.28
ZINC000299825177,Cn1c(=O)c2c(ncn2CCCCN2CCN(c3cccc(Cl)c3)CC2)n(C)c1=O,6.99
ZINC000299825198,Cn1c(=O)c2c(ncn2CCCCN2CCN(c3cccc(Cl)c3Cl)CC2)n(C)c1=O,6.79
ZINC000299825377,CN1CCc2cc(NCc3ccccc3)c(O)cc2[C@@H](c2ccccc2)C1,8.34
ZINC000299825381,CN1CCc2cc(NCc3ccccc3)c(O)cc2[C@H](c2ccccc2)C1,8.34
ZINC000299827580,Cc1ccccc1CNc1cc2c(cc1O)[C@@H](c1ccccc1)CN(C)CC2,6.72
ZINC000299827583,Cc1ccccc1CNc1cc2c(cc1O)[C@H](c1ccccc1)CN(C)CC2,6.72
ZINC000299828783,Cc1cccc(-c2cc3c(cc2O)[C@@H](c2ccccc2)CN(C)CC3)c1,6.79
ZINC000299828784,Cc1cccc(-c2cc3c(cc2O)[C@H](c2ccccc2)CN(C)CC3)c1,6.79
ZINC000299829856,OC1(c2ccc(Cl)cc2)C[C@@H]2CC[C@H](C1)N2CCCSc1ccc(F)cc1,7.05
ZINC000299830335,CN1CCc2cc(-c3ccc(O)cc3)c(O)cc2[C@@H](c2ccccc2)C1,6.08
ZINC000299830336,CN1CCc2cc(-c3ccc(O)cc3)c(O)cc2[C@H](c2ccccc2)C1,6.08
ZINC000299831038,Cn1c(=O)c2c(nc(N3CCOCC3)n2CCCCN2CCN(c3cccc(Cl)c3)CC2)n(C)c1=O,7.68
ZINC000299831510,OC1(c2ccc(Cl)cc2)C[C@@H]2CC[C@H](C1)N2CCCSc1ccccc1F,6.94
ZINC000299831545,OC1(c2ccc(Cl)cc2)C[C@@H]2CC[C@H](C1)N2CCCSc1cccc(F)c1,6.29
ZINC000299833389,Cc1ccc(CNc2cc3c(cc2O)[C@@H](c2ccccc2)CN(C)CC3)cc1,6.06
ZINC000299833391,Cc1ccc(CNc2cc3c(cc2O)[C@H](c2ccccc2)CN(C)CC3)cc1,6.06
ZINC000299836060,CN1CCc2cc(NCc3cccc(Cl)c3)c(O)cc2[C@@H](c2ccccc2)C1,7.99
ZINC000299836061,CN1CCc2cc(NCc3cccc(Cl)c3)c(O)cc2[C@H](c2ccccc2)C1,7.99
ZINC000299849934,CN1CC[C@@H]2[C@H](C1)c1cccc3c1N2c1ccccc1CS3,8.7
ZINC000299849935,CN1CC[C@H]2[C@H](C1)c1cccc3c1N2c1ccccc1CS3,8.7
ZINC000299851194,NC[C@H]1C[C@@H]1c1cc(F)ccc1OCCF,6.44
ZINC000299851195,NC[C@@H]1C[C@H]1c1cc(F)ccc1OCCF,5.52
ZINC000299853037,CN(C)[C@@H]1Cc2ccccc2[C@@H](c2ccc(C(F)(F)F)cc2)C1,5.7
ZINC000299853038,CN(C)[C@H]1Cc2ccccc2[C@H](c2ccc(C(F)(F)F)cc2)C1,6.68
ZINC000299853119,C=CCOc1ccc(F)cc1[C@@H]1C[C@H]1CN,6.16
ZINC000299853120,C=CCOc1ccc(F)cc1[C@H]1C[C@@H]1CN,6.43
ZINC000299853336,CCOc1ccc(Cl)cc1[C@H]1C[C@@H]1CN,5.92
ZINC000299853391,NC[C@H]1C[C@@H]1c1cc(Cl)ccc1OCCF,5.83
ZINC000299853489,NC[C@H]1C[C@@H]1c1cc(Cl)ccc1OCC(F)F,5.74
ZINC000299853490,NC[C@@H]1C[C@H]1c1cc(Cl)ccc1OCC(F)F,5.88
ZINC000299853607,CN(C)[C@@H]1Cc2ccccc2[C@@H](c2cccc(C(F)(F)F)c2)C1,7.1
ZINC000299853608,CN(C)[C@H]1Cc2ccccc2[C@H](c2cccc(C(F)(F)F)c2)C1,5.89
ZINC000299853738,CN(C)[C@@H]1Cc2ccccc2[C@@H](c2ccccc2Br)C1,5.96
ZINC000299853739,CN(C)[C@H]1Cc2ccccc2[C@H](c2ccccc2Br)C1,6.12
ZINC000299853752,CCCOc1ccc(F)cc1[C@H]1C[C@@H]1CN,5.99
ZINC000299853795,C=C(C)COc1ccc(Cl)cc1[C@H]1C[C@@H]1CN,6.04
ZINC000299853841,CN(C)[C@H]1Cc2ccccc2[C@H](c2ccc([N+](=O)[O-])cc2)C1,5.09
ZINC000299853965,C#CCOc1ccc(Cl)cc1[C@H]1C[C@@H]1CN,6.0
ZINC000299853970,CC(C)Oc1ccc(Cl)cc1[C@H]1C[C@@H]1CN,5.4
ZINC000299853990,CN(C)[C@@H]1Cc2ccccc2[C@@H](c2ccc(Br)cc2)C1,6.66
ZINC000299853991,CN(C)[C@H]1Cc2ccccc2[C@H](c2ccc(Br)cc2)C1,7.22
ZINC000299854164,C=C(F)COc1ccc(F)cc1[C@H]1C[C@@H]1CN,5.78
ZINC000299855031,CN(C)/C=N/N=C/c1cn(S(=O)(=O)c2ccc(I)cc2)c2cccc([N+](=O)[O-])c12,6.61
ZINC000299856876,CN(C)/C=N/N=C/c1cn(S(=O)(=O)c2ccccc2)c2cccc([N+](=O)[O-])c12,6.48
ZINC000299857027,CN(C)/C=N/N=C/c1cn(S(=O)(=O)c2cccc3ccccc23)c2cccc([N+](=O)[O-])c12,6.26
ZINC000299858075,COc1ccc(OC)c(S(=O)(=O)n2cc(/C=N/N=C/N(C)C)c3c([N+](=O)[O-])cccc32)c1,6.32
ZINC000299858094,CN(C)/C=N/N=C/c1cn(S(=O)(=O)c2ccc3ccccc3c2)c2cccc([N+](=O)[O-])c12,6.36
ZINC000299858446,COc1ccc(Cl)cc1S(=O)(=O)n1cc(/C=N/N=C/N(C)C)c2c([N+](=O)[O-])cccc21,5.8
ZINC000299858846,CN(C)/C=N/N=C/c1cn(S(=O)(=O)c2ccc(F)cc2)c2cccc([N+](=O)[O-])c12,6.15
ZINC000299859115,Cc1ccc(S(=O)(=O)n2cc(/C=N/N=C/N(C)C)c3c([N+](=O)[O-])cccc32)cc1,6.6
ZINC000299861027,CCOc1nc(NC(=O)C(C)(C)NC(=O)c2ccc3c(C4CCCC4)c(-c4ncc(Cl)cn4)n(C)c3c2)cnc1/C=C/C(=O)O,5.28
ZINC000299861050,CCOc1nc(NC(=O)C(C)(C)NC(=O)c2ccc3c(C4CCCC4)c(-c4ccc(F)cn4)n(C)c3c2)ccc1/C=C/C(=O)O,5.22
CHEMBL101008,CC(N)Cc1c2c(c(Br)c3c1OCC3)OCC2,9.32
CHEMBL1083390,O=S(=O)(c1ccccc1)c1cnc2c(N3CCNCC3)cccc2c1,7.58
CHEMBL1084132,c1ccc(N2CCN(CC3CCCCN3)C2)cc1,5.6
CHEMBL1084721,CC(O)c1ccccc1S(=O)(=O)c1ccc(/C=C/c2ccc(F)cc2)cc1,10.15
CHEMBL1085672,O=C1N(CC2CCCCN2)CCN1c1cccc(Cl)c1,5.8
CHEMBL1193274,CN1CCc2ccc(O)cc2C(c2ccccc2)C1,6.88
CHEMBL1200406,CN(C)CCOC(c1ccccc1)c1ccccc1.Cn1c(=O)c2[nH]c(Cl)nc2n(C)c1=O,6.7
CHEMBL1214808,Cn1cc(Br)c(C(=O)N2CCN(CC(O)c3ccc(F)cc3)CC2)n1,6.43
CHEMBL1221,Clc1ccc(CSC(Cn2ccnc2)c2ccc(Cl)cc2Cl)cc1,5.95
CHEMBL1222624,CC1CN(C2=Cc3ccccc3Cn3ccnc32)CC(C)N1CCC(=O)O,7.4
CHEMBL122270,CN1[C@H](C[C@H](O)c2ccccc2)CCC[C@@H]1CC(=O)c1ccccc1,5.13
CHEMBL12314,CN1C[C@@H](NS(=O)(=O)N(C)C)C[C@@H]2c3cccc4c3c(cn4C)C[C@H]21,7.7
CHEMBL1242923,O=C(Cc1ccccc1)NC1CCN(CCCN2C(=O)COc3ccccc32)CC1,5.98
CHEMBL124444,COc1ccccc1N1CCN(CCCCNC(=O)c2cc3ccccc3o2)CC1,5.96
CHEMBL1255588,CC(C)(C)[C@@]1(O)CCN2C[C@@H]3c4ccccc4CCc4cccc(c43)[C@H]2C1,8.53
CHEMBL1255837,CC(C)[C@@]1(NC(=O)[C@@H]2C[C@@H]3c4cccc5[nH]cc(c45)C[C@H]3N(C)C2)O[C@@]2(O)[C@@H]3CCCN3C(=O)[C@H](Cc3ccccc3)N2C1=O.CS(=O)(=O)O,8.37
CHEMBL1276859,O=C(O)CC1CCN(C2CC[C@]3(Cc4ccccc4Cc4ccccc43)C2)C1,7.7
CHEMBL1276860,O=C(O)[C@@H]1[C@H]2CN(C3CCC4(Cc5ccccc5Cc5ccccc54)C3)C[C@H]21,6.2
CHEMBL1276947,O=C(O)[C@]12C[C@H]1CN(C1CC[C@]3(Cc4ccccc4Cc4ccccc43)C1)C2,7.5
CHEMBL1276948,O=C(O)C1CN(C2CC[C@]3(Cc4ccccc4Cc4ccccc43)C2)C1,7.8
CHEMBL1277034,O=C(O)CC1CN(C2CCC3(Cc4ccccc4Cc4ccccc43)C2)C1,7.3
CHEMBL1277035,O=C(O)C=C1CN(C2CCC3(Cc4ccccc4Cc4ccccc43)C2)C1,7.3
CHEMBL1277125,O=C(O)C1=CCCN(C2CCC3(Cc4ccccc4Oc4ccccc43)C2)C1,6.4
CHEMBL1277126,O=C(O)C1=CCN(C2CCC3(Cc4ccccc4Oc4ccccc43)C2)CC1,7.6
CHEMBL1277216,O=C(O)C1CCN(C2CCC3(Cc4ccccc4Oc4ccccc43)C2)CC1,6.5
CHEMBL1277217,O=C(O)C1(F)CCN(C2CCC3(Cc4ccccc4Oc4ccccc43)C2)CC1,6.4
CHEMBL1277311,O=C(O)[C@@H]1CCCN(C2CCC3(Cc4ccccc4Oc4ccccc43)C2)C1,7.0
CHEMBL1277312,O=C(O)C1CN(C2CCC3(Cc4ccccc4Oc4ccccc43)C2)C1,7.5
CHEMBL1277401,O=C(O)C1CCN(C2CCC3(C2)C(=O)c2cc(Cl)ccc2Oc2ccccc23)CC1,6.4
CHEMBL1277491,O=C(O)C1CCN(C2CCC3(C2)C(=O)c2cc(F)ccc2Sc2ccccc23)CC1,6.9
CHEMBL1277584,O=C(O)[C@@H]1CCCN(C2CC[C@]3(Cc4ccccc4Cc4ccccc43)C2)C1,7.2
CHEMBL1277585,O=C(O)CC1CCN(C2CCC3(Cc4ccccc4Cc4ccccc43)C2)CC1,6.2
CHEMBL1277678,O=C(O)C1(F)CCN(C2CC[C@]3(Cc4ccccc4Cc4ccccc43)C2)CC1,7.3
CHEMBL1277679,O=C(O)C1(O)CCN(C2CCC3(Cc4ccccc4Cc4ccccc43)C2)CC1,7.0
CHEMBL1277769,CC1(C(=O)O)CCN(C2CCC3(Cc4ccccc4Cc4ccccc43)C2)CC1,7.4
CHEMBL1277770,O=C(O)C1CCN(C2CC[C@]3(Cc4ccccc4Cc4ccccc43)C2)CC1,7.1
CHEMBL1277854,O=C(O)C1=CCN(C2CCC3(Cc4ccccc4Cc4ccccc43)C2)CC1,7.1
CHEMBL1277935,O=C(O)C1=CCCN(C2CC[C@]3(Cc4ccccc4Cc4ccccc43)C2)C1,6.9
CHEMBL1278019,O=C(O)C1(F)CCCN(C2CC[C@]3(Cc4ccccc4Cc4ccccc43)C2)C1,7.1
CHEMBL1278020,COC(=O)C1=CCCN(C2CC[C@]3(Cc4ccccc4Cc4ccccc43)C2)C1,6.4
CHEMBL1278021,O=C(O)C1=CCCN(C2CC[C@@]3(Cc4ccccc4Cc4ccccc43)C2)C1,5.4
CHEMBL1278112,O=C(O)C1CN(C2CC[C@]3(Cc4ccccc4Cc4ccccc43)C2)CCO1,7.0
CHEMBL1278113,O=C(O)C1CN(C2CC[C@]3(Cc4ccccc4Cc4ccccc43)C2)CCN1,6.5
CHEMBL1278114,O=C(O)CCNC1CC[C@]2(Cc3ccccc3Cc3ccccc32)C1,6.8
CHEMBL1278115,O=C(O)CCNC1CC[C@@]2(Cc3ccccc3Cc3ccccc32)C1,5.7
CHEMBL1278116,CN(C)C1CC[C@]2(Cc3ccccc3Cc3ccccc32)C1,7.9
CHEMBL1278201,O=C(O)C1CCN(C2CC[C@]3(Cc4ccccc4Cc4ccccc43)C2)C1,7.7
CHEMBL1278202,CC1(C(=O)O)CCN(C2CC[C@]3(Cc4ccccc4Cc4ccccc43)C2)C1,7.9
CHEMBL131482,CC1SC2(CCCC2)C(=O)N1CCCCN1CCN(c2csc3cc(F)ccc23)CC1,8.4
CHEMBL131495,O=C1c2ccccc2C(=O)N1CCCCN1CC=C(c2c[nH]c3ccc(F)cc23)CC1,7.0
CHEMBL1319488,O=S(=O)(Nc1cc(Sc2cccc3cccnc23)c(O)c2ccccc12)c1ccc(F)cc1,4.54
CHEMBL133868,CC(N)Cc1c[nH]c2ccc3c(c12)CCCO3,8.44
CHEMBL139600,COc1ccccc1N1CCN(CCCCCNC(=O)c2cnn3ccccc23)CC1,6.89
CHEMBL139926,O=C(NCCCCN1CCN(c2cccc(Cl)c2Cl)CC1)c1cc2ccccc2o1,8.14
CHEMBL14076,COc1cc2c(cc1C(F)(F)F)N(C(=O)Nc1cccc(-c3cccnc3C)c1)CC2,6.3
CHEMBL140968,COc1ccccc1N1CCN(CCCCCNC(=O)c2cc3ccccn3n2)CC1,6.66
CHEMBL141845,COc1ccccc1N1CCN(CCNC(=O)c2cnn3ccccc23)CC1,6.24
CHEMBL142020,COc1ccccc1N1CCN(CCCCNC(=O)c2cc3ccccn3n2)CC1,6.48
CHEMBL14255,COc1cc2c(cc1C(F)(F)F)N(C(=O)Nc1cccc(-c3cccnc3)c1)CC2,6.7
CHEMBL14276,COc1cc2c(cc1C(F)(F)F)N(C(=O)Nc1cc(F)cc(-c3cccnc3)c1)CC2,6.9
CHEMBL143022,O=C1CC(CN2CCC(C(=O)c3ccc(F)cc3)CC2)Cc2occc21,7.28
CHEMBL143027,O=C1CC(CN2CCC(c3noc4cc(F)ccc34)CC2)Cc2occc21,8.26
CHEMBL143352,COc1ccccc1N1CCN(CCCCNC(=O)c2cccn3nccc23)CC1,7.0
CHEMBL14345,COc1cc2c(cc1C(F)(F)F)N(C(=O)Nc1cncc(-c3cccnc3)c1)CC2,7.2
CHEMBL14352,COc1cc2c(cc1C(F)(F)F)N(C(=O)Nc1cccnc1)CC2,6.0
CHEMBL14374,COc1cc2c(cc1C(F)(F)F)N(C(=O)Nc1ccc(Oc3cccnc3C)nc1)CC2,6.1
CHEMBL1439099,CCN(CC)CCOC(=O)C(Cc1cccc2ccccc12)CC1CCCO1.O=C(O)C(=O)O,6.59
CHEMBL14401,COc1cc2c(cc1C(F)(F)F)N(C(=O)Nc1cncc(-c3ccc(F)cc3)c1)CC2,6.6
CHEMBL14458,COc1cc2c(cc1C(F)(F)F)N(C(=O)Nc1cccc(-c3cccnc3)c1Cl)CC2,6.6
CHEMBL14462,COc1cc2c(cc1C(F)(F)F)N(C(=O)Nc1cccc(-c3cccnc3)c1C)CC2,6.4
CHEMBL14469,COc1cc2c(cc1C(F)(F)F)N(C(=O)Nc1ccc(Cl)c(-c3cccnc3)c1)CC2,5.9
CHEMBL14548,COc1cc2c(cc1C(F)(F)F)N(C(=O)Nc1cccc(-c3ccccn3)c1)CC2,6.3
CHEMBL14606,COc1cc2c(cc1C(F)(F)F)N(C(=O)Nc1ccc(C)c(-c3cccnc3)c1)CC2,5.3
CHEMBL146144,OC1c2ccccc2CCC12CCN(CCc1ccccc1)CC2,9.4
CHEMBL14652,COc1cc2c(cc1C(F)(F)F)N(C(=O)Nc1cncc(-c3ccccc3)c1)CC2,5.8
CHEMBL146942,NCCCC1(CCCN)CCc2cccc(O)c2C1,5.0
CHEMBL14726,COc1cc2c(cc1C(F)(F)F)N(C(=O)Nc1ccc(Oc3cccnc3)nc1)CC2,7.0
CHEMBL147434,COc1ccc2[nH]cc(C3CC3N)c2c1,7.51
CHEMBL147656,NC1CC1c1c[nH]c2ccc(F)cc12,7.99
CHEMBL148091,COc1cccc2[nH]cc(C3CC3N)c12,7.34
CHEMBL14841,CSc1cc2c(cc1C(F)(F)F)N(C(=O)Nc1cccc(-c3ccncc3)c1)CC2,6.8
CHEMBL148463,CC(CN)c1c[nH]c2ccccc12,7.39
CHEMBL14863,COc1cc2c(cc1C(F)(F)F)N(C(=O)Nc1cncc(-c3ccncc3)c1)CC2,7.2
CHEMBL14864,COc1cc2c(cc1C(F)(F)F)N(C(=O)Nc1cncc(-c3cnccc3C)c1)CC2,7.0
CHEMBL149024,CC(N)Cc1c2ccoc2c(Br)c2ccoc12,10.4
CHEMBL149510,OC(CCc1ccccc1)CN1CCC2(CCc3cc(F)ccc3O2)CC1,7.51
CHEMBL149564,COc1ccc2[nH]cc(C(C)CN)c2c1,8.66
CHEMBL150161,O=C(CCCN1CCC(O)(c2ccc(Cl)cc2)C1)c1ccc(F)cc1,7.12
CHEMBL153956,COc1ccc2c(c1)CC(CN1CCC(C(=O)c3ccc(F)cc3)CC1)CC2=O,7.95
CHEMBL154244,COc1cc2c(cc1OC)C(=O)CC(CN1CCN(c3ccccn3)CC1)C2,6.18
CHEMBL1548,NC1=Nc2ccc(Cl)c(Cl)c2CN1,6.36
CHEMBL155124,O=C1CC(CN2CCN(c3ccccn3)CC2)Cc2ccccc21,6.01
CHEMBL155257,COc1cc2c(cc1OC)C(=O)CC(CN1CCC(c3noc4cc(F)ccc34)CC1)C2,8.14
CHEMBL155388,COc1cc2c(cc1OC)C(=O)CC(CN1CCC(C(=O)c3ccc(F)cc3)CC1)C2,8.25
CHEMBL155426,COc1ccc2c(c1)CC(CN1CCN(c3ccccc3OC)CC1)CC2=O,6.05
CHEMBL155486,O=C1CC(CN2CCC(c3noc4cc(F)ccc34)CC2)Cc2ccccc21,8.57
CHEMBL157046,COc1cc2c(cc1OC)C(=O)CC(CN1CCN(c3ccccc3OC)CC1)C2,5.63
CHEMBL1576791,O=S(=O)(Nc1cc(Sc2cccc3cccnc23)c(O)c2ccccc12)c1ccccc1,4.47
CHEMBL159929,O=C(c1ccc(F)cc1)C1CCN(CCC2CCc3occc3C2=O)CC1,7.58
CHEMBL160610,NC1c2ccccc2Cc2ccccc21,4.92
CHEMBL1627305,O=C(NCCC(O)CN1CCN(c2cccc(Cl)c2Cl)CC1)c1cc2ccccc2[nH]1,7.32
CHEMBL1628227,CN(C)CCC=C1c2ccccc2COc2ccccc21,7.96
CHEMBL1643900,Fc1cccc(CCN[C@H]2C3C4CC5C6C4CC3C6C52)c1,5.22
CHEMBL164471,O=C1c2ccoc2CCC1CCN1CCC(c2noc3cc(F)ccc23)CC1,9.25
CHEMBL1644978,OC1(c2ccc(Cl)c(C(F)(F)F)c2)CCN(CCCCC(c2ccc(F)cc2)c2ccc(F)cc2)CC1,6.0
CHEMBL1644980,OC1(c2ccc(Cl)c(C(F)(F)F)c2)CCN(CCCC(c2ccccc2)c2ccccc2)CC1,6.0
CHEMBL1684028,CCCN1CCc2cccc3c2C1Cc1cccc(OCc2cn(CCCCN4CCN(c5ccccc5OC)CC4)nn2)c1-3,6.76
CHEMBL1684125,CCCN1CCc2cccc3c2C1Cc1cccc(OCCCn2cc(CCN4CCN(c5ccccc5OC)CC4)nn2)c1-3,6.61
CHEMBL1684128,CCCN1CCc2cccc3c2C1Cc1cccc(OCCCCN2CCN(c4ccccc4OC)CC2)c1-3,4.0
CHEMBL170319,CNCCc1cn2c3c(cc(F)cc13)CCC2C,5.84
CHEMBL17157,CC(C)(C)c1ccc(C(O)CCCN2CCC(C(O)(c3ccccc3)c3ccccc3)CC2)cc1,7.14
CHEMBL172266,COc1cc(CC(C)N(C)C)c(OC)cc1Br,7.03
CHEMBL172269,Cc1cc(NC(=O)Nc2ccc3sccc3c2)sn1,5.2
CHEMBL1729,COc1cc(N)c(Cl)cc1C(=O)NC1CCN(CCCOc2ccc(F)cc2)CC1OC,8.96
CHEMBL1744358,CCCCCOc1ccc2c(c1)Cc1ccccc1C2CN.O=C(O)/C=C/C(=O)O,7.64
CHEMBL1773087,CN(CCC(F)CN1CCN(c2cccc(Cl)c2Cl)CC1)Cc1ccc2c(c1)Cc1ccccc1-2,5.59
CHEMBL1774383,COc1ccccc1N1CCN(CC(F)CCNC(=O)c2ccc(-c3ccccn3)cc2)CC1,5.69
CHEMBL1774384,O=C(NCCC(F)CN1CCN(c2cccc(Cl)c2Cl)CC1)c1ccc(-c2ccccn2)cc1,7.01
CHEMBL1774385,COc1ccccc1N1CCN(CC(F)CCNC(=O)c2cc3ccccc3o2)CC1,5.32
CHEMBL1774532,COc1ccc2oc(C(=O)NCCC(F)CN3CCN(c4ccccc4OC)CC3)cc2c1,5.52
CHEMBL1774533,COc1ccc2oc(C(=O)NCCC(F)CN3CCN(c4cccc(Cl)c4Cl)CC3)cc2c1,6.56
CHEMBL1774534,COc1ccccc1N1CCN(CC(F)CCNC(=O)c2cc3ccccc3[nH]2)CC1,5.49
CHEMBL1774535,O=C(NCCC(F)CN1CCN(c2cccc(Cl)c2Cl)CC1)c1cc2ccccc2[nH]1,6.67
CHEMBL1774537,O=C(NCCC(F)CN1CCN(c2cccc(Cl)c2Cl)CC1)c1ccc2c(c1)Cc1ccccc1-2,5.32
CHEMBL1774538,COc1ccccc1N1CCN(CC(F)CCNC(=O)c2cc3ccccc3s2)CC1,5.52
CHEMBL1774539,O=C(NCCC(F)CN1CCN(c2cccc(Cl)c2Cl)CC1)c1cc2ccccc2s1,5.48
CHEMBL1774540,COc1ccc2[nH]c(C(=O)NCCC(F)CN3CCN(c4ccccc4OC)CC3)cc2c1,5.45
CHEMBL1774541,COc1ccc2[nH]c(C(=O)NCCC(F)CN3CCN(c4cccc(Cl)c4Cl)CC3)cc2c1,6.57
CHEMBL1774542,O=C(NCCC(F)CN1CCN(c2cccc(Cl)c2Cl)CC1)c1ccc2ccccc2c1,5.72
CHEMBL1806870,CCCN1CCc2cccc3c2C1Cc1cccc(OC(=O)NCc2ccccc2)c1-3,5.7
CHEMBL181898,Oc1nc2cc(CCN3CCN(c4cccc(C(F)(F)F)c4)CC3)ccc2[nH]1,5.81
CHEMBL1822892,Cl.Fc1ccc(OC[C@@H]2CNCCO2)c2c1CCC2,7.07
CHEMBL182721,c1ccc2c(N3CCN(CCc4ccc5c(c4)NCN5)CC3)cccc2c1,7.82
CHEMBL183460,Cc1ccc2c(OCCN3CCC(Cc4ccc5c(c4)NC(=O)CO5)CC3)cccc2n1,5.5
CHEMBL185436,c1ccc(-c2nc3cc(CCN4CCN(c5ccccc5)CC4)ccc3[nH]2)cc1,6.12
CHEMBL18762,CCCNC(C)Cc1cc(OC)c(Br)cc1OC,7.05
CHEMBL187928,O=C(/C=C/c1ccccc1)N(Cc1ccc(-c2ccc(CNCCc3ccccc3)cc2)cc1)Cc1cccnc1.O=C(O)C(F)(F)F,6.1
CHEMBL188486,CN(C)CCN(Cc1ccc(-c2ccc(CNCCc3ccccc3)cc2)cc1)C(=O)/C=C/c1ccccc1.O=C(O)C(F)(F)F,6.4
CHEMBL188605,Clc1ccc2c(c1)N1CCNCC1C2,7.5
CHEMBL18904,OC(c1ccc(F)cc1)C1CCN(CCCCc2ccccc2)CC1,6.9
CHEMBL18972,OC(c1ccccc1)C1CCN(CCc2ccccc2)CC1,8.61
CHEMBL191460,CN(C)CCN(Cc1ccc(-c2ccc(CNCCc3ccccc3)cc2)cc1)C(=O)CCC1CCCC1.O=C(O)C(F)(F)F.O=C(O)C(F)(F)F,6.1
CHEMBL193435,CN(C)C[C@H]1CC2c3ccccc3Oc3ccc(Br)cc3[C@H]2O1,7.82
CHEMBL193639,CN(C)C[C@H]1CC2c3ccccc3Sc3ccc(F)cc3[C@H]2O1,9.62
CHEMBL1940407,[O-][S+](CCCN1CCC(c2ccc(Cl)cc2)CC1)c1ccc(F)cc1,6.65
CHEMBL194202,CC(Cc1c[nH]c2cccc(O)c12)N(C)C,6.01
CHEMBL194455,CC1CC(=O)Nc2c(CCN3CCN(c4nsc5ccccc45)CC3)cc(Cl)cc21,10.3
CHEMBL1946124,O=C1c2ccc(F)cc2CC1CCN1CCCN(c2ccc(Cl)cc2)CC1,6.39
CHEMBL194953,CC1CCN(C(=O)c2ccccc2)c2c(CCN3CCN(c4nsc5ccccc45)CC3)cccc21,9.21
CHEMBL1949930,COc1cc(OC(C)C)cc(S(=O)(=O)c2ccc3c(c2)O[C@H]2CNCC[C@@H]32)c1.Cl,5.43
CHEMBL195856,CN(C)C[C@@H]1CC2c3ccccc3Oc3ccc(Br)cc3[C@H]2O1,7.42
CHEMBL196514,C[C@H]1Oc2c(cccc2N2CCN(CCCc3c[nH]c4ccc(F)cc34)CC2)NC1=O,7.7
CHEMBL197614,CC1Cc2cccc(CCN3CCN(c4nsc5ccccc45)CC3)c2NC1=O,8.97
CHEMBL197663,CC(=O)N1CCC(C)c2c(C)ccc(CCN3CCN(c4noc5ccccc45)CC3)c21,9.49
CHEMBL197677,CC1CCN(C(=O)C2CCCCC2)c2c(CCN3CCN(c4nsc5ccccc45)CC3)cccc21,9.23
CHEMBL197870,CC1CC(=O)Nc2c(CCN3CCN(c4nsc5ccccc45)CC3)cc(F)cc21,9.77
CHEMBL197990,CC(=O)N1CCC(C)c2c(C)ccc(CCN3CCN(c4nsc5ccccc45)CC3)c21,9.12
CHEMBL198599,Cc1cc(CCN2CCN(c3noc4ccccc34)CC2)c2c(c1)C(C)CC(=O)N2,9.55
CHEMBL199161,COc1cccc(CC(=O)N2CCC(C)c3cccc(CCN4CCN(c5nsc6ccccc56)CC4)c32)c1,8.97
CHEMBL199182,CC(=O)N1CCC(C)c2cc(Cl)cc(CCN3CCN(c4nsc5ccccc45)CC3)c21,9.51
CHEMBL199824,Cn1c(=O)cnn(CCCCN2CCN(c3cccc4ccc(O[11CH3])cc34)CC2)c1=O,7.38
CHEMBL2011865,O=C1Nc2ccc(Cl)cc2C1(c1c[nH]c2ccccc12)c1c[nH]c2ccccc12,4.8
CHEMBL2022154,CCN(CC)CCOC(=O)[C@@H](Cc1cccc2ccccc12)C[C@@H]1CCCO1.O=C(O)C(=O)O,6.82
CHEMBL2022155,CCN(CC)CCOC(=O)[C@H](Cc1cccc2ccccc12)C[C@@H]1CCCO1.O=C(O)C(=O)O,6.01
CHEMBL2022156,CCN(CC)CCOC(=O)[C@H](Cc1cccc2ccccc12)C[C@H]1CCCO1.O=C(O)C(=O)O,5.68
CHEMBL2022157,CCN(CC)CCOC(=O)[C@@H](Cc1cccc2ccccc12)C[C@H]1CCCO1.O=C(O)C(=O)O,6.84
CHEMBL2022276,CN1CCC(NC2=Nc3cc(Cl)ccc3Oc3ncccc32)CC1,6.45
CHEMBL2022277,Clc1ccc2c(c1)N=C(NC1CCN(Cc3ccccc3)CC1)c1cccnc1O2,6.55
CHEMBL2022280,CN1CCN(C2=Nc3cc(Cl)ccc3Oc3ncccc32)CC1.O=C(O)/C=C/C(=O)O,6.69
CHEMBL2028019,CN(C)C(=O)N[C@H]1CC[C@H](CCN2CCN(c3cccc(Cl)c3Cl)CC2)CC1,7.66
CHEMBL203025,Clc1ccc2c(n1)N1CCNCC1C2,6.66
CHEMBL208894,COc1ccc(N2CC=C(c3ccc(Cl)cc3)C2=O)cc1OCCN1CCCCC1,6.0
CHEMBL209387,COc1ccc(N2CCC(c3ccc(Cl)c(Cl)c3)C2=O)cc1OCCN1CCC(C(C)C)CC1,6.4
CHEMBL209431,COc1ccc(N2CC=C(c3ccc(C(F)(F)F)cc3)C2=O)cc1OCCN1CCC(C)CC1,5.8
CHEMBL209432,COc1ccc(N2CC=C(c3ccc(Br)cc3)C2=O)cc1OCCN1CCC(C)CC1,6.4
CHEMBL209573,COc1ccc(N2CC=C(c3ccc(Cl)c(Cl)c3)C2=O)cc1OCCN1CCC(C)CC1,6.1
CHEMBL209674,COc1ccc(C2(C)CCN(c3ccc(Cl)c(Cl)c3)C2=O)cc1OCCN1CCCCC1,6.3
CHEMBL210007,COc1ccc(C2=CCN(c3ccc(Cl)c(Cl)c3)C2=O)cc1OCCN1CCCCC1,5.9
CHEMBL210053,COc1ccc(N2CC=C(c3ccc(Br)cc3)C2=O)cc1OCCN1CCCCC1,6.8
CHEMBL210578,O=C(CCCN1C2CCC1CC(O)(c1ccc(Cl)cc1)C2)c1ccc(F)cc1,7.51
CHEMBL211267,COc1ccc(N2CC=C(c3ccc(Cl)c(Cl)c3)C2=O)cc1OCCN1CCOCC1,5.4
CHEMBL2112882,CC(C)C[C@H]1C(=O)N[C@@H](Cc2ccccc2)[C@]2(O)O[C@@](C)(NC(=O)[C@@H]3C=C4c5cccc6[nH]cc(c56)C[C@H]4N(C)C3)C(=O)N12,7.8
CHEMBL2113093,CN(C)CC1CC2c3ccccc3Oc3ccccc3C2O1,7.8
CHEMBL2113667,c1ccc(CCN2[C@H]3CC[C@@H]2CC(c2c(-c4ccccc4)[nH]c4ccccc24)C3)cc1,8.92
CHEMBL2114265,COc1ccc2c(c1)-c1c(ccn1C[C@H](C)N)C2,6.9
CHEMBL2114266,C[C@H](N)Cn1ccc2c(Cl)c(F)ccc21,7.4
CHEMBL2115252,C[C@@H](N)Cn1ccc2cc(F)c(F)cc21,7.0
CHEMBL2115254,C[C@@H](N)Cn1ccc2c(Cl)c(F)ccc21,8.0
CHEMBL211850,COc1ccc(N2CC=C(c3ccc(Cl)c(Cl)c3)C2=O)cc1OCCN1CCCC1,6.2
CHEMBL212064,COc1ccc(N2CC=C(c3cccc(C(F)(F)F)c3)C2=O)cc1OCCN1CCCCC1,6.1
CHEMBL212197,COc1cc(Br)c(OC)c2c1C(CN)C2,9.14
CHEMBL212270,COc1ccc(N2CC=C(c3cccc(Cl)c3)C2=O)cc1OCCN1CCCCC1,6.2
CHEMBL212482,COc1ccc(C2=C(C)CN(c3ccc(Cl)c(Cl)c3)C2=O)cc1OCCN1CCCCC1,6.3
CHEMBL212886,COc1ccc(N2CC=C(c3cccc(Cl)c3)C2=O)cc1OCCN1CCC(C)CC1,6.1
CHEMBL213272,COc1ccc(N2CC=C(c3ccc(F)cc3)C2=O)cc1OCCN1CCCCC1,6.4
CHEMBL213368,O=C1C(c2ccc(Cl)c(Cl)c2)CCN1c1ccc(OC(F)(F)F)c(OCCN2CCCCC2)c1,5.5
CHEMBL213839,COc1ccc(N2CC=C(c3cccc(F)c3)C2=O)cc1OCCN1CCCCC1,6.2
CHEMBL213987,COc1ccc(N2CC=C(c3ccc(Cl)c(Cl)c3)C2=O)cc1OCCN1CCCCC1,6.2
CHEMBL214398,COc1ccc(N2CCC(C)(c3ccc(Cl)c(Cl)c3)C2=O)cc1OCCN1CCCCC1,6.2
CHEMBL215864,COc1ccc(N2CC=C(c3ccc(F)cc3)C2=O)cc1OCCN1CCC(C)CC1,6.6
CHEMBL2165119,O=C1CCc2ccc(OCCCCN3CCCN(c4cccc(Cl)c4Cl)CC3)nc2N1,8.13
CHEMBL2177130,CC(C)n1nc(C(=O)NCC2CCN(CCc3ccccc3)CC2)c2ccccc21.Cl,7.5
CHEMBL2179675,Cl.Cn1cc2c(OCC3CCN(CCc4ccc(N)cc4)CC3)nc3ccccc3c2c1,6.6
CHEMBL2179677,CC(C)n1cc2c(OCC3CCN(CCc4ccccc4)CC3)nc3ccccc3c2c1.Cl,7.0
CHEMBL2179697,CC(C)n1nc(C(=O)NCC2CCN(CCc3ccccn3)CC2)c2ccccc21.Cl,7.0
CHEMBL2179704,CC(C)n1nc(C(=O)NCC2CCN(CCc3ccc(O)cc3)CC2)c2ccccc21.Cl,8.0
CHEMBL2179705,CC(C)n1nc(C(=O)NCC2CCN(CCc3ccc([N+](=O)[O-])cc3)CC2)c2ccccc21.O=C(O)C(=O)O,6.0
CHEMBL217981,COc1ccccc1N1CCN(CCCCCNC(=O)c2nnn(Cc3ccccc3Br)c2C)CC1,7.39
CHEMBL218351,CCCc1c(C(=O)NCCCCN2CCN(c3ccccc3OC)CC2)nnn1Cc1ccc(OC)cc1,7.54
CHEMBL218607,CCCc1c(C(=O)NCCCCN2CCN(c3ccccc3OC)CC2)nnn1Cc1ccccc1,6.96
CHEMBL219734,O=C1c2c(OC(F)(F)F)cccc2C2CNCCN12,7.17
CHEMBL219916,O=c1[nH]c2ccccc2n1CCCN1CCC(n2c(=O)[nH]c3cc(Cl)ccc32)CC1,7.96
CHEMBL220207,CSc1cccc2c1C(=O)N1CCNCC21,6.67
CHEMBL220274,O=C1c2c(cccc2C(F)(F)F)C2CNCCN12,6.96
CHEMBL2204360,Cc1ccc(Sc2ccccc2N2CCNCC2)c(C)c1.Cl,6.75
CHEMBL2205811,COc1cccc(CCN2C3C4C5CC6C7C5C3C7C2(O)C64)c1,5.65
CHEMBL2205813,COc1cccc(CCN2C3C4C5CC6C7C5C3C7C2(O)C64)c1OC,6.02
CHEMBL2205823,COc1ccccc1CN1C2C3C4CC5C6C4C2C6C1(O)C53,5.5
CHEMBL2205827,COc1ccc(CN2C3C4C5CC6C7C5C3C7C2(O)C64)cc1OC,5.38
CHEMBL2205836,COc1ccccc1CCN1C2C3C4CC5C6C4C2C6C1(O)C53,5.93
CHEMBL2207493,CCCN1CCC(n2c(=O)[nH]c3cc(Cl)ccc32)CC1,4.67
CHEMBL220754,COc1ccc(Cn2nnc(C(=O)NCCCCCN3CCN(c4ccccc4OC)CC3)c2C)cc1,7.03
CHEMBL221129,CCCc1c(C(=O)NCCCCCN2CCN(c3ccccc3OC)CC2)nnn1Cc1ccccc1Br,7.21
CHEMBL221587,COc1ccccc1N1CCN(CCCCCNC(=O)c2nnn(Cc3ccccc3)c2C)CC1,6.85
CHEMBL221692,Fc1ccc(-c2cncc(CN3CCN(c4cccc5c4OCCO5)CC3)c2)cc1,6.6
CHEMBL221753,CC(C)(C)CC(C)(C)c1ccc(OCCOCC[N+](C)(C)Cc2ccccc2)cc1.[Cl-],7.43
CHEMBL221843,COc1ccccc1N1CCN(CCCCNC(=O)c2nnn(Cc3ccccc3)c2C)CC1,6.21
CHEMBL221866,COc1ccc(Cn2nnc(C(=O)NCCCCCN3CCN(c4cccc(Cl)c4Cl)CC3)c2C)cc1,8.49
CHEMBL223628,CC(C)Oc1cccc2c1C(=O)N1CCNCC21,6.6
CHEMBL2237151,Cn1c(=O)c2c(nc(N3CCN(C(c4ccccc4)c4ccccc4)CC3)n2C)n(C)c1=O,4.65
CHEMBL2237157,Cn1c(=O)c2c(nc3n2CCC(=O)N3CCCN2CCN(c3ncccn3)CC2)n(C)c1=O,4.55
CHEMBL2237158,Cn1c(=O)c2c(nc3n2CCCC(=O)N3CCCN2CCN(c3ncccn3)CC2)n(C)c1=O,4.41
CHEMBL223896,O=C1c2c(Cl)cccc2C2CNCCN12,6.23
CHEMBL228082,COc1cc2c(cc1OC)-c1c(OC)c(OC)cc3c1[C@H](C2)N(C)CC3,6.01
CHEMBL2298806,c1ccc2c(N3CCN(CCc4ccc5[nH]cnc5c4)CC3)cccc2c1,7.82
CHEMBL230069,Cc1cc(S(=O)(=O)Nc2ccc3c(c2)CCN(C)CC3)ccc1-c1ccc(Cl)cc1,6.9
CHEMBL230070,Cc1ccc(-c2ccc(S(=O)(=O)Nc3ccc4c(c3)CCN(C)CC4)cc2)s1,7.3
CHEMBL23038,Nc1ccc(S(=O)(=O)c2cc(Br)nc(N3CCCC3)c2)cc1,5.84
CHEMBL230930,Cc1noc(C)c1-c1ccc(S(=O)(=O)Nc2ccc3c(c2)CCN(C)CC3)cc1,5.9
CHEMBL231249,COc1cc2c(cc1NS(=O)(=O)c1ccc(-c3ccc(Cl)cc3)cc1)CCN(C)CC2,7.6
CHEMBL231334,CCCCc1ccc(S(=O)(=O)Nc2ccc3c(c2)CCN(C)CC3)cc1,8.3
CHEMBL231349,CC(C)Oc1cc2c(cc1NS(=O)(=O)c1ccc(-c3ccc(Cl)cc3)cc1)CCN(C)CC2,7.8
CHEMBL231350,CC(C)Nc1cc2c(cc1NS(=O)(=O)c1ccc(-c3ccc(Cl)cc3)cc1)CCN(C)CC2,8.8
CHEMBL231430,CN1CCc2ccc(NS(=O)(=O)c3ccc(-c4ccc(Cl)cc4)cc3)cc2CC1,6.7
CHEMBL231431,CN1CCc2ccc(NS(=O)(=O)c3ccc(-c4ccc(F)c(Cl)c4)cc3)cc2CC1,7.3
CHEMBL231640,CN1CCc2ccc(NS(=O)(=O)c3ccc(-c4ccc(C#N)cc4)cc3)cc2CC1,6.1
CHEMBL231648,CN1CCc2cc(Cl)c(NS(=O)(=O)c3ccc(-c4ccc(Cl)cc4)cc3)cc2CC1,7.5
CHEMBL231833,COc1ccc2c(c1)c1c(n2C)CN(c2ccc(OC)c(OCCN3CCCCC3)c2)C1=O,6.0
CHEMBL232045,COc1ccc(N2Cc3c(c4ccc(Cl)cc4n3C)C2=O)cc1OCCN1CCC(C)CC1,6.6
CHEMBL232046,COc1ccc(N2Cc3c(c4cc(Cl)ccc4n3C)C2=O)cc1OCCN1CCC(C)CC1,6.9
CHEMBL232047,COc1ccc(N2Cc3c(c4ccc(F)cc4n3C)C2=O)cc1OCCN1CCC(C)CC1,6.6
CHEMBL232254,COc1ccc(N2Cc3c(c4cc(F)ccc4n3C)C2=O)cc1OCCN1CCC(C)CC1,6.8
CHEMBL2331806,CCCn1oc2c(c1=O)CCNCC2,4.0
CHEMBL233442,COc1ccc(N2Cc3sc4ccccc4c3C2=O)cc1OCCN1CCCCC1,6.4
CHEMBL2337104,Cc1cc(C2CC2)cc2c1C(=O)N[C@H]1CNC[C@H]21.Cl,5.5
CHEMBL2337105,Cc1cc(C(C)C)cc2c1C(=O)N[C@H]1CNC[C@H]21.Cl,5.48
CHEMBL2337106,CCc1cc2c(c(C(F)(F)F)c1)C(=O)N[C@H]1CNC[C@H]21.Cl,6.8
CHEMBL2337488,CCc1cc2c(c(C(F)(F)F)c1)C(=O)N(C)[C@H]1CNC[C@H]21.Cl,6.48
CHEMBL2337489,Cl.O=C1N[C@H]2CNC[C@H]2c2cccc(C(F)(F)F)c21,5.72
CHEMBL2337490,Cl.O=C1N[C@H]2CNC[C@@H]2c2cccc(C(F)(F)F)c21,7.39
CHEMBL2337491,Cl.O=C1N[C@@H]2CNC[C@H]2c2cccc(C(F)(F)F)c21,5.75
CHEMBL2337492,CN1C(=O)c2c(cccc2C(F)(F)F)[C@H]2CNC[C@@H]21.Cl,7.1
CHEMBL2337493,Cl.O=C1N[C@H]2CNC[C@@H]2c2cccc(Cl)c21,6.59
CHEMBL2337494,Cc1cccc2c1C(=O)N[C@H]1CNC[C@H]21.Cl,7.25
CHEMBL2337495,Cl.O=C1N[C@H]2CNC[C@@H]2c2ccccc21,5.1
CHEMBL2337496,Cc1cc(Cl)c2c(c1)[C@H]1CNC[C@@H]1NC2=O.Cl,6.66
CHEMBL2337497,CCc1cc(Cl)c2c(c1)[C@H]1CNC[C@@H]1NC2=O.Cl,5.83
CHEMBL2337498,CCCc1cc(Cl)c2c(c1)[C@H]1CNC[C@@H]1NC2=O.Cl,5.35
CHEMBL2337499,CCc1ccc(Cl)c2c1[C@H]1CNC[C@@H]1NC2=O.Cl,6.45
CHEMBL2337500,Cl.O=C1N[C@H]2CNC[C@@H]2c2ccc(Cl)c(Cl)c21,7.14
CHEMBL2337501,Cc1ccc2c(c1Cl)C(=O)N[C@H]1CNC[C@H]21.Cl,7.89
CHEMBL2337502,CCc1cc(Cl)c2c(c1)[C@H]1CNC[C@@H]1N(C)C2=O.Cl,5.18
CHEMBL2337503,Cc1cc(C)c2c(c1)[C@H]1CNC[C@@H]1NC2=O.Cl,6.27
CHEMBL2337504,CCc1cc(C)c2c(c1)[C@H]1CNC[C@@H]1NC2=O.Cl,6.15
CHEMBL233899,COc1ccc(N2Cc3ccc(Cl)cc3C2=O)cc1OCCN1CCC(C)CC1,6.1
CHEMBL234109,COc1ccc(N2Cc3cccc(Br)c3C2=O)cc1OCCN1CCC(C)CC1,6.2
CHEMBL234494,COc1ccc(N2Cc3cc(Cl)cc(Cl)c3C2=O)cc1OCCN1CCC(C)(C)CC1,6.4
CHEMBL234531,COc1ccc(N2Cc3c(F)c(F)cc(Cl)c3C2=O)cc1OCCN1CCC(C)CC1,6.3
CHEMBL234532,COc1ccc(N2Cc3cc(Cl)cc(Cl)c3C2=O)cc1OCCN1CCC(C)CC1,6.4
CHEMBL234533,COc1ccc(N2Cc3ccc(Cl)c(Cl)c3C2=O)cc1OCCN1CCC(C)CC1,6.3
CHEMBL234738,COc1ccc(N2Cc3cc(Cl)c(Cl)c(C)c3C2=O)cc1OCCN1CCC(C)CC1,6.4
CHEMBL234739,COc1ccc(N2Cc3cc(F)cc(C(F)(F)F)c3C2=O)cc1OCCN1CCC(C)CC1,6.6
CHEMBL234947,COc1ccc(N2Cc3c(c4cc(Cl)c(Cl)cc4n3C)C2=O)cc1OCCN1CCCCC1,6.3
CHEMBL234948,COc1ccc(N2Cc3c(c4cc(Cl)ccc4n3C)C2=O)cc1OCCN1CCCCC1,6.8
CHEMBL238519,Cc1ccc2c(OCCN3CCC(Cc4ccc5c(c4F)NC(=O)CO5)CC3)cc(Cl)cc2n1,5.4
CHEMBL238520,Cc1ccc2c(OCCN3CCC(Cc4cc5c(cc4F)OCC(=O)N5)CC3)cc(F)cc2n1,5.7
CHEMBL238732,Cc1ccc2c(OCCN3CCC(Cc4cc(F)c5c(c4)NC(=O)CO5)CC3)cc(Cl)cc2n1,5.5
CHEMBL238760,[O-][S+](c1ccc(/C=C/c2ccc(F)cc2F)nc1)c1ccccc1F,8.46
CHEMBL2396663,C#CC1=CC[C@@H](N(CCC)CCCCNC(=O)c2ccc(-c3ccccc3)cc2)CC1,5.05
CHEMBL2397389,C#CC1=CC[C@H](N(CCC)CCCCNC(=O)c2ccc(-c3ccccc3)cc2)CC1,4.55
CHEMBL240045,CC(C(=O)N1c2ccccc2Sc2ccccc21)c1ccccc1,6.75
CHEMBL240773,CCCN1CCC[C@@H]2Cc3[nH]ncc3C[C@H]21,4.6
CHEMBL240886,[O-][S+](c1ccccc1)c1ccc(/C=C/c2ccc(F)cc2)nc1,8.11
CHEMBL240887,[O-][S+](c1ccccc1)c1ccc(/C=C/c2ccc(F)cc2F)nc1,9.15
CHEMBL242434,CC(=O)OC(CCNC(=O)c1ccc(-c2ccccn2)cc1)CN1CCN(c2cccc(Cl)c2Cl)CC1,7.05
CHEMBL242644,COc1ccccc1N1CCN(CC(O)CCNC(=O)c2ccc(-c3ccccn3)cc2)CC1,6.16
CHEMBL2432051,COc1cc(CN[C@H]2C3C4CC5C6C4CC3C6C52)cc(OC)c1OC,5.51
CHEMBL2432058,CN(CCc1ccccc1)[C@H]1C2C3CC4C5C3CC2C5C41,5.76
CHEMBL2436555,Cl.NC1=Nc2ccc(Cl)cc2CN1,5.88
CHEMBL243712,CCN1CCCC1CNC(=O)c1cc(S(=O)(=O)CC)c(N)cc1OC,6.2
CHEMBL244990,O=C(NCCC(O)CN1CCN(c2cccc(Cl)c2Cl)CC1)c1ccc(-c2ccccn2)cc1,7.37
CHEMBL246484,O=C1CC(CN2CCC(c3noc4cc(F)ccc34)CC2)Cc2[nH]ncc21,8.67
CHEMBL246488,Cn1ncc2c1CC(CN1CCC(c3noc4cc(F)ccc34)CC1)CC2=O,7.76
CHEMBL251834,O=C(NC1CCc2ccc(CCN3CCN(c4nsc5ccccc45)CC3)cc21)c1ccno1,10.1
CHEMBL252030,CC(=O)NC1CCc2cc(CCN3CCN(c4nsc5ccccc45)CC3)ccc21,9.48
CHEMBL252031,CCC(=O)NC1CCc2cc(CCN3CCN(c4nsc5ccccc45)CC3)ccc21,9.6
CHEMBL252201,O=C(CCc1ccccc1)NC1CCc2ccc(CCN3CCN(c4nsc5ccccc45)CC3)cc21,9.02
CHEMBL252228,CCCC(=O)NC1CCc2cc(CCN3CCN(c4nsc5ccccc45)CC3)ccc21,9.3
CHEMBL252230,O=C(NC1CCc2cc(CCN3CCN(c4nsc5ccccc45)CC3)ccc21)C1CC1,9.35
CHEMBL252429,O=C(NC1CCc2cc(CCN3CCN(c4nsc5ccccc45)CC3)ccc21)c1ccc(F)cc1,8.78
CHEMBL252430,O=C(NC1CCc2cc(CCN3CCN(c4nsc5ccccc45)CC3)ccc21)c1cccnc1,9.17
CHEMBL252818,CC(=O)NC1CCc2ccc(CCN3CCN(c4nsc5ccccc45)CC3)cc21,11.0
CHEMBL253022,CCC(=O)NC1CCc2ccc(CCN3CCN(c4nsc5ccccc45)CC3)cc21,11.0
CHEMBL253024,O=C(NC1CCc2ccc(CCN3CCN(c4nsc5ccccc45)CC3)cc21)C1CC1,9.52
CHEMBL253096,CC1(c2cccc(OCc3ccccc3)c2)C(=O)Nc2cc(Cl)cc(Cl)c2C1=O,6.14
CHEMBL253233,O=C(NC1CCc2ccc(CCN3CCN(c4nsc5ccccc45)CC3)cc21)c1ccccc1,8.32
CHEMBL253439,O=C(NC1CCc2ccc(CCN3CCN(c4nsc5ccccc45)CC3)cc21)c1ccc(Cl)cc1,10.0
CHEMBL253878,O=C(Cc1ccccc1)NC1CCc2ccc(CCN3CCN(c4nsc5ccccc45)CC3)cc21,10.4
CHEMBL260994,O=C1Nc2ccccc2C1CCCCN1CCN(c2ccc(Cl)cc2)CC1,7.76
CHEMBL262469,COc1cccc(OC)c1CC(=O)N1CCC(C)c2cccc(CCN3CCN(c4nsc5ccccc45)CC3)c21,8.91
CHEMBL265991,CSc1cc2c(cc1Cl)N(C(=O)Nc1cccnc1)CC2,5.6
CHEMBL266018,CCCCc1ccc(S(=O)(=O)Nc2ccc3c(c2)CCNCC3)cc1,7.8
CHEMBL267062,O=C1c2ccccc2CCCN1CCN1CCC(c2c[nH]c3ccccc23)CC1,8.77
CHEMBL268890,CCCCCCc1cc(OC)c(CC(C)N)cc1OC,8.6
CHEMBL27,CC(C)NCC(O)COc1cccc2ccccc12,6.38
CHEMBL273304,COc1ccc2c(c1)Cc1ccn(CC(C)N)c1-2,6.4
CHEMBL273345,COc1cc2c(cc1C(F)(F)F)N(C(=O)Nc1cccc(-c3cnccc3C)c1)CC2,6.6
CHEMBL273821,O=C1c2ccccc2CCCN1CCN1CCC(n2c(=O)oc3ccccc32)CC1,6.01
CHEMBL273921,O=C1c2ccccc2CCCN1CCN1CCC(n2c(O)nc3cc(F)ccc32)CC1,6.52
CHEMBL274066,COc1cc2c(cc1C(F)(F)F)N(C(=O)Nc1cccc(-c3c(C)ccnc3C)c1)CC2,6.7
CHEMBL275258,O=C1c2ccccc2CCCN1CCN1CCC(N2C(=O)Cc3ccccc32)CC1,6.65
CHEMBL275343,O=C(c1ccc(Cl)cc1)C1CCN(CCN2CCCc3ccccc3C2=O)CC1,7.11
CHEMBL275451,O=C1c2ccccc2CCCN1CCN1CCC(Oc2ccc(F)cc2)CC1,7.5
CHEMBL275475,O=C1c2ccccc2CCCN1CCN1CCC(n2nnc3ccccc32)CC1,6.57
CHEMBL275854,CC(N)Cc1c[nH]c2ccc(O)cc12,7.92
CHEMBL276140,CSc1cc2c(cc1C(F)(F)F)N(C(=O)Nc1cccnc1)CC2,6.4
CHEMBL276571,COc1ccc(NC(=O)N2CCc3cc(OC)c(C(F)(F)F)cc32)cc1-c1cccnc1,6.7
CHEMBL276673,CC(N)Cn1ccc2cc(Br)ccc21,6.8
CHEMBL277732,COc1cc2c(cc1C(F)(F)F)N(C(=O)Nc1cncc(-c3cc(F)cc(F)c3)c1)CC2,5.9
CHEMBL278267,COc1cc2c(cc1C(F)(F)F)N(C(=O)Nc1ccc(-c3cccnc3)cc1)CC2,5.4
CHEMBL280297,COc1cc2c(cc1C(F)(F)F)N(C(=O)Nc1cc(-c3ccccc3)cc(-c3cccnc3)c1)CC2,6.2
CHEMBL280322,COc1cc2c(cc1C(F)(F)F)N(C(=O)Nc1cc(-c3cccnc3)ccc1F)CC2,5.1
CHEMBL280465,COc1cc2c(cc1C(F)(F)F)N(C(=O)Nc1cc(F)c(C)c(-c3cccnc3)c1)CC2,5.8
CHEMBL282971,COc1ccc(NS(=O)(=O)c2sc3ccc(Cl)cc3c2C)cc1N1CCN2CCC[C@@H]2C1,5.9
CHEMBL284092,CC1(C)CC(=O)N(CCCCN2CCN(c3ncccn3)CC2)C(=O)C1,5.44
CHEMBL288108,O=C(Nc1cccnc1)N1CCc2ccc(C(F)(F)F)cc21,6.3
CHEMBL288129,CSc1cc2c(cc1I)N(C(=O)Nc1cccnc1)CC2,6.3
CHEMBL289436,CCSc1cc2c(cc1C(F)(F)F)N(C(=O)Nc1cccnc1)CC2,5.5
CHEMBL290666,O=C(Nc1cccnc1)N1CCc2cc(OCC3CC3)c(C(F)(F)F)cc21,5.4
CHEMBL291510,Cc1ncccc1Oc1ccc(NC(=O)N2CCc3ccc(C(F)(F)F)cc32)cn1,6.8
CHEMBL291949,Cc1cc2c(cc1Cl)N(C(=O)Nc1ccc(OCc3ccncc3)nc1)CC2,7.1
CHEMBL292228,Cc1cc2c(cc1Cl)CCN2C(=O)Nc1ccc(Oc2cccnc2C)nc1,6.8
CHEMBL292759,COc1ccc(NS(=O)(=O)c2ccc(Br)cc2)cc1N1CCN(C)CC1,5.9
CHEMBL294030,Cc1cc2c(cc1Cl)N(C(=O)Nc1ccc(Oc3cccnc3Cl)nc1)CC2,7.0
CHEMBL29410,COc1ccc(NS(=O)(=O)c2sc3ccc(Cl)cc3c2C)cc1N1CCN2CCCCC2C1,6.2
CHEMBL29433,COc1ccc(NS(=O)(=O)c2sc3ccc(Cl)cc3c2C)cc1N1CCN2CCC[C@H]2C1,6.6
CHEMBL294649,Cn1cc(C(=O)C(=O)N[C@H]2CN3CCC2CC3)c2ccccc21,4.9
CHEMBL295020,CSc1cc2c(cc1Br)CCN2C(=O)Nc1cccnc1,5.6
CHEMBL295228,O=C(Nc1cccnc1)N1CCc2cc(Br)cc([N+](=O)[O-])c21,5.4
CHEMBL295229,N#Cc1cccc(NC(=O)NCCCN2CCCC(Cc3ccc(F)cc3)C2)c1,5.64
CHEMBL295596,O=C1NCCN1CCN1CCCC(c2c(-c3ccccc3)[nH]c3ccccc23)C1,7.58
CHEMBL296189,O=C(Nc1cccnc1)N1CCc2cc(Cl)c(C(F)(F)F)cc21,6.8
CHEMBL296236,O=C(Nc1cccnc1)N1CCc2cc(-c3ccccc3)ccc21,5.3
CHEMBL296512,Fc1ccc(-c2[nH]c3cc(F)ccc3c2C2CCCNC2)cc1,10.05
CHEMBL296687,CCCc1cc2c(cc1Cl)N(C(=O)Nc1cccnc1)CC2,5.9
CHEMBL296791,CSc1cc2c(cc1OC(F)(F)F)N(C(=O)Nc1cccnc1)CC2,5.5
CHEMBL297302,O=C(CCCN1CCC(n2c(O)nc3ccccc32)CC1)c1ccc(F)cc1,8.92
CHEMBL297445,CC(C)(C)c1cc2c(cc1Cl)N(C(=O)Nc1cccnc1)CC2,6.2
CHEMBL29846,COc1ccc(NS(=O)(=O)c2sc3ccc(Cl)cc3c2C)cc1N1CCN(C)CC1,6.0
CHEMBL298612,Cn1cc(C(=O)C(=O)N[C@@H]2CN3CCC2CC3)c2ccccc21,4.6
CHEMBL299506,COc1cc2c(cc1C(F)(F)F)N(C(=O)Nc1cnc(Oc3cccnc3C)cc1C)CC2,6.2
CHEMBL299938,Cc1cc2c(cc1C(F)(F)F)N(C(=O)Nc1ccc(Oc3cncnc3C)nc1)CC2,7.1
CHEMBL300618,O=C(Nc1ccc(OCc2ccccn2)nc1)N1CCc2cc(C(F)(F)F)ccc21,5.3
CHEMBL301012,Cc1cc2c(cc1Cl)N(C(=O)Nc1cnc(Oc3cccnc3C)c(Cl)c1)CC2,6.9
CHEMBL305655,CCOc1ccccc1-c1ccc2c(c1)N1CCNCCC1C2,5.8
CHEMBL306540,c1ccc2c(c1)CC1CCNCCN21,6.09
CHEMBL30713,CC(N)Cc1c[nH]c2ccccc12,6.41
CHEMBL308480,O=C1CC(CN2CCC(C(=O)c3ccc(F)cc3)CC2)Cc2ccccc21,8.79
CHEMBL309570,Clc1ccc(-c2cc(Cl)cc3c2N2CCNCCC2C3)c(Cl)c1,6.37
CHEMBL310153,COc1ccccc1N1CCN(CC2CC(=O)c3ccccc3C2)CC1,6.29
CHEMBL3102875,CC(=O)c1ccc2c(c1)CC(CN1CCC(C(=O)c3ccc(F)cc3)CC1)CC2=O,7.2
CHEMBL3104515,Nc1ccc2c(c1)C(=O)C(CCN1CCC(C(=O)c3ccc(F)cc3O)CC1)CC2,7.63
CHEMBL3104516,CC(=O)c1ccc2c(c1)CC(CN1CCC(c3noc4cc(F)ccc34)CC1)CC2=O,7.5
CHEMBL3104517,O=C1CC(CN2CCC(c3noc4cc(F)ccc34)CC2)Cc2cc(-c3ccccc3)ccc21,7.8
CHEMBL3104518,O=C1CC(CN2CCC(C(=O)c3ccc(F)cc3)CC2)Cc2cc(-c3ccccc3)ccc21,6.2
CHEMBL3104519,O=[N+]([O-])c1ccc2c(c1)C(O)C(CCN1CCC(c3noc4cc(F)ccc34)CC1)CC2,7.96
CHEMBL3104520,COc1ccccc1N1CCN(CCC2CCc3ccc([N+](=O)[O-])cc3C2O)CC1,6.29
CHEMBL3104521,COc1ccccc1N1CCN(CCC2CCc3ccc(N)cc3C2O)CC1,6.8
CHEMBL3104522,Nc1ccc2c(c1)C(O)C(CCN1CCC(c3noc4cc(F)ccc34)CC1)CC2,8.18
CHEMBL3104523,Nc1ccc2c(c1)C(O)C(CCN1CCC(C(=O)c3ccc(F)cc3O)CC1)CC2,8.35
CHEMBL3104524,O=C1c2cc([N+](=O)[O-])ccc2CCC1CCN1CCC(c2noc3cc(F)ccc23)CC1,7.72
CHEMBL3104646,COc1ccccc1N1CCN(CCC2CCc3ccc([N+](=O)[O-])cc3C2=O)CC1,6.1
CHEMBL3104647,Nc1ccc2c(c1)C(=O)C(CCN1CCC(c3noc4cc(F)ccc34)CC1)CC2,8.3
CHEMBL3104648,COc1ccccc1N1CCN(CCC2CCc3ccc(N)cc3C2=O)CC1,7.37
CHEMBL310497,Cc1ccccc1-c1cc(Cl)cc2c1N1CCNCCC1C2,7.06
CHEMBL310540,Clc1cc2c(c(-c3ccccc3Cl)c1)N1CCNCCC1C2,6.99
CHEMBL310656,COc1ccc(OC)c(C(=O)CCCCN2CCC3(CC2)NC(=O)NC3=O)c1,7.7
CHEMBL310734,O=C(CCCN1CCN(CC2CC(=O)c3ccccc3C2)CC1)c1ccc(F)cc1,6.94
CHEMBL310844,Fc1ccccc1-c1cc(Cl)cc2c1N1CCNCCC1C2,6.85
CHEMBL310984,COc1ccc(Cl)cc1-c1cc(Cl)cc2c1N1CCNCCC1C2,6.12
CHEMBL31115,COc1ccc2[nH]cc(CC(C)N)c2c1,8.34
CHEMBL311614,Clc1ccc(Cl)c(-c2cc(Cl)cc3c2N2CCNCCC2C3)c1,7.16
CHEMBL311726,Clc1ccccc1-c1cccc2c1N1CCNCCC1C2,7.09
CHEMBL312762,CCOc1ccccc1-c1cc(Cl)cc2c1N1CCNCCC1C2,6.94
CHEMBL313856,CC(N)Cn1ccc2cc(Cl)c(F)cc21,7.4
CHEMBL314968,c1ccc(C2CCN(CC3C[C@@H]4c5ccccc5Sc5ccccc5[C@H]4O3)CC2)cc1,7.16
CHEMBL315223,Cn1ccc2c3c(ccc21)N(C(=O)Nc1cccnc1)CC3,5.54
CHEMBL316068,CN1CCN(CC2C[C@@H]3c4ccccc4Sc4ccccc4[C@H]3O2)CC1,7.76
CHEMBL316081,Cc1c(S(=O)(=O)Nc2ccc3nccc(N4CCN(C)CC4)c3c2)sc2ccc(Cl)cc12,6.0
CHEMBL317677,Cc1cccc2c1ccn2CC(C)N,7.0
CHEMBL318639,COc1ccc2c(c1)-c1c(ccn1CC(C)N)C2(C)C,8.0
CHEMBL318659,CN1CCN(CC2C[C@@H]3c4ccccc4Cc4ccccc4[C@H]3O2)CC1,6.36
CHEMBL3187365,CN1CC2c3ccccc3Oc3ccc(Cl)cc3C2C1,9.04
CHEMBL319998,COc1cccc2c1Cc1ccn(CC(C)N)c1-2,5.5
CHEMBL320145,CC(N)Cn1ccc2c1-c1cc(Br)ccc1C2,7.0
CHEMBL3216126,CC(C)n1nc(C(=O)NCC2CCN(CCc3ccc(N)cc3)CC2)c2ccccc21.Cl.Cl,7.1
CHEMBL3217984,CN1CCC2C(C1)c1cccc3c1N2c1ccccc1CS3,8.7
CHEMBL3220212,Cc1noc2c1C(=O)CC(CN1CCC(c3c[nH]c4cc(F)ccc34)CC1)C2,8.0
CHEMBL3220213,Cc1nc2c(o1)CC(CN1CCC(C(=O)c3ccc(F)cc3)CC1)CC2=O,6.9
CHEMBL3220214,Cc1nc2c(o1)CC(CN1CCC(c3noc4cc(F)ccc34)CC1)CC2=O,7.7
CHEMBL3220215,Cc1nc2c(o1)CC(CN1CCC(c3c[nH]c4cc(F)ccc34)CC1)CC2=O,8.3
CHEMBL3220216,Cc1nc2c(o1)CC(CN1CC=C(c3c[nH]c4cc(F)ccc34)CC1)CC2=O,7.1
CHEMBL3220217,O=C1CC(CN2CCC(C(=O)c3ccc(F)cc3)CC2)Cc2nc(N3CCCC3)sc21,6.55
CHEMBL3220218,Cc1ccc(N2CCN(Cc3nc4ccccc4[nH]3)CC2)cc1C,6.43
CHEMBL3220219,O=C1CC(CN2CCC(c3c[nH]c4cc(F)ccc34)CC2)Cc2nc(N3CCCC3)sc21,8.1
CHEMBL3220220,O=C1CC(CN2CC=C(c3c[nH]c4cc(F)ccc34)CC2)Cc2nc(N3CCCC3)sc21,7.4
CHEMBL3233142,CN1CCN2c3c(cccc31)[C@@H]1CN(CCCC(=O)c3ccc(F)cc3)CC[C@@H]12.Cc1ccc(S(=O)(=O)O)cc1,9.27
CHEMBL3233414,CN1CCN2c3c(cccc31)[C@@H]1CN(CC3CC(c4ccc(F)cc4)=NO3)CC[C@@H]12,7.3
CHEMBL3233425,CC1CN(C)c2cccc3c2N1[C@H]1CCN(CCCC(=O)c2ccc(F)cc2)C[C@@H]31,8.24
CHEMBL3260795,O=C1CC(c2ccccc2)CN1c1cnc2c(N3CCNCC3)cccc2c1,5.51
CHEMBL327306,CN(C)CC1C[C@@H]2c3ccccc3Sc3ccccc3[C@H]2O1,7.51
CHEMBL328209,CN(C)CC1C[C@@H]2c3ccccc3COc3ccccc3[C@H]2O1,5.97
CHEMBL328356,CN(C)CC1C[C@@H]2c3ccccc3N(C)c3ccccc3[C@H]2O1,7.09
CHEMBL328662,O=C(c1ccc(F)cc1)C1CCN(CC2C[C@@H]3c4ccccc4Cc4ccccc4[C@H]3O2)CC1,6.36
CHEMBL328761,Cc1ccc2c(c1)-c1c(ccn1CC(C)N)C2(C)C,7.0
CHEMBL328844,CC(N)Cn1ccc2cc(Cl)ccc21,6.7
CHEMBL329685,CNCC1C[C@@H]2c3ccccc3Cc3ccccc3[C@H]2O1,7.31
CHEMBL330482,c1ccc(CCN2C3CCC2CC(N2CCC(c4c(-c5ccccc5)[nH]c5ccccc45)CC2)C3)cc1,8.92
CHEMBL330713,CN(C)CC1C[C@H]2c3ccccc3Oc3ccccc3[C@H]2O1,7.03
CHEMBL3321788,OC1(c2ccc(Cl)cc2)CC2CCC(C1)N2CCCCc1ccc(F)cc1,6.5
CHEMBL3321789,OC1(c2ccc(Cl)cc2)CC2CCC(C1)N2CCCOc1ccc(F)cc1,6.63
CHEMBL3321790,OC1(c2ccc(Cl)cc2)CC2CCC(C1)N2CCCSc1ccc(F)cc1,7.05
CHEMBL3321791,OC1(c2ccc(Cl)cc2)CC2CCC(C1)N2CCCSc1cccc(F)c1,6.29
CHEMBL3321792,OC1(c2ccc(Cl)cc2)CC2CCC(C1)N2CCCSc1ccccc1F,6.94
CHEMBL3325904,CN1CCc2cc(NCc3ccccc3)c(O)cc2C(c2ccccc2)C1,8.35
CHEMBL3325905,CN1CCc2cc(NCc3cccc(Cl)c3)c(O)cc2C(c2ccccc2)C1,7.99
CHEMBL3325906,Cc1cccc(CNc2cc3c(cc2O)C(c2ccccc2)CN(C)CC3)c1,8.0
CHEMBL3325907,Cc1ccccc1CNc1cc2c(cc1O)C(c1ccccc1)CN(C)CC2,6.72
CHEMBL3325908,Cc1ccc(CNc2cc3c(cc2O)C(c2ccccc2)CN(C)CC3)cc1,6.06
CHEMBL3325913,Cc1cccc(-c2cc3c(cc2O)C(c2ccccc2)CN(C)CC3)c1,6.79
CHEMBL3325916,CN1CCc2cc(-c3ccc(O)cc3)c(O)cc2C(c2ccccc2)C1,6.08
CHEMBL333174,O=C1CC(CN2CCC(c3noc4cc(F)ccc34)CC2)Cc2[nH]c3ccccc3c21,8.93
CHEMBL334255,CCCCCCCCCCCCCCCC[n+]1ccccc1.[Br-],6.04
CHEMBL3350300,COc1ccc2c(c1)-c1c(ccn1C[C@@H](C)N)C2,6.9
CHEMBL3402655,CN(C)[C@H]1Cc2ccccc2[C@H](C2CCCCCCC2)C1.Cl,6.43
CHEMBL3402656,CN(C)[C@@H]1Cc2ccccc2[C@@H](C2CCCCC2)C1.Cl,7.7
CHEMBL3402657,CN(C)[C@H]1Cc2ccccc2[C@H](C2CCCCC2)C1.Cl,7.1
CHEMBL3402658,CN(C)[C@@H]1Cc2ccccc2[C@@H](c2ccccc2Br)C1.Cl,5.96
CHEMBL3402659,CN(C)[C@H]1Cc2ccccc2[C@H](c2ccccc2Br)C1.Cl,6.12
CHEMBL3402660,CN(C)[C@H]1Cc2ccccc2[C@H](c2ccc([N+](=O)[O-])cc2)C1.Cl,5.09
CHEMBL3402661,CN(C)[C@@H]1Cc2ccccc2[C@@H](c2ccc(C(F)(F)F)cc2)C1.Cl,5.7
CHEMBL3402662,CN(C)[C@H]1Cc2ccccc2[C@H](c2ccc(C(F)(F)F)cc2)C1.Cl,6.68
CHEMBL3402663,CN(C)[C@@H]1Cc2ccccc2[C@@H](c2ccc(Br)cc2)C1.Cl,6.66
CHEMBL3402664,CN(C)[C@H]1Cc2ccccc2[C@H](c2ccc(Br)cc2)C1.Cl,7.22
CHEMBL3402665,CN(C)[C@@H]1Cc2ccccc2[C@@H](c2ccc(Cl)cc2)C1.Cl,6.6
CHEMBL3402666,CN(C)[C@H]1Cc2ccccc2[C@H](c2ccc(Cl)cc2)C1.Cl,7.3
CHEMBL3402667,CN(C)[C@@H]1Cc2ccccc2[C@@H](c2ccc(F)cc2)C1.Cl,6.85
CHEMBL3402668,CN(C)[C@H]1Cc2ccccc2[C@H](c2ccc(F)cc2)C1.Cl,7.15
CHEMBL3402669,CN(C)[C@@H]1Cc2ccccc2[C@@H](c2cccc([N+](=O)[O-])c2)C1.Cl,7.13
CHEMBL3402670,CN(C)[C@H]1Cc2ccccc2[C@H](c2cccc([N+](=O)[O-])c2)C1.Cl,6.3
CHEMBL3402671,CN(C)[C@@H]1Cc2ccccc2[C@@H](c2cccc(C(F)(F)F)c2)C1.Cl,7.1
CHEMBL3402672,CN(C)[C@H]1Cc2ccccc2[C@H](c2cccc(C(F)(F)F)c2)C1.Cl,5.89
CHEMBL3402673,CN(C)[C@@H]1Cc2ccccc2[C@@H](c2cccc(Br)c2)C1.Cl,7.7
CHEMBL3402674,CN(C)[C@H]1Cc2ccccc2[C@H](c2cccc(Br)c2)C1.Cl,6.58
CHEMBL3402675,CN(C)[C@@H]1Cc2ccccc2[C@@H](c2cccc(Cl)c2)C1.Cl,7.4
CHEMBL3402676,CN(C)[C@H]1Cc2ccccc2[C@H](c2cccc(Cl)c2)C1.Cl,6.89
CHEMBL3402677,CN(C)[C@@H]1Cc2ccccc2[C@@H](c2cccc(F)c2)C1.Cl,6.96
CHEMBL3402678,CN(C)[C@H]1Cc2ccccc2[C@H](c2cccc(F)c2)C1.Cl,6.5
CHEMBL3402680,CN(C)[C@@H]1Cc2ccccc2[C@@H](C2CCCCCCC2)C1.Cl,7.52
CHEMBL3402681,CN(C)[C@H]1Cc2ccccc2[C@H](c2cccc(-c3ccccc3)c2)C1.Cl,6.19
CHEMBL3402682,CN(C)[C@@H]1Cc2ccccc2[C@@H](c2cccc(-c3ccccc3)c2)C1.Cl,7.36
CHEMBL3402683,CN(C)[C@H]1Cc2ccccc2[C@H](c2ccccc2Cl)C1.Cl,5.55
CHEMBL3402684,CN(C)[C@@H]1Cc2ccccc2[C@@H](c2ccccc2Cl)C1.Cl,5.62
CHEMBL3402685,Cc1ccccc1[C@@H]1C[C@@H](N(C)C)Cc2ccccc21.Cl,6.16
CHEMBL3402686,Cc1ccccc1[C@H]1C[C@H](N(C)C)Cc2ccccc21.Cl,6.0
CHEMBL3403330,O=S(=O)(Nc1ccn(Cc2cccc3ccccc23)n1)c1ccc(Br)s1,4.73
CHEMBL3403332,O=S(=O)(Nc1cc2c(c3ccccc13)OC1(N3CCOCC3)CCCCC21)c1ccccc1,4.47
CHEMBL3403333,O=S(=O)(c1ccc(F)cc1)N1CC=c2ccccc2=C1c1c[nH]c2ccccc12,4.58
CHEMBL3403335,O=S(=O)(c1ccccc1)N1C=Cc2ccccc2C1c1c[nH]c2ccccc12,4.5
CHEMBL3403336,Brc1ccc2c(c1)c1c3n2CCN(Cc2ccccc2)C3CCC1,4.6
CHEMBL3403337,Cc1ccc(S(=O)(=O)N/N=C2\CCCc3c2[nH]c2ccc(Cl)cc32)cc1,4.49
CHEMBL3403338,O=S(=O)(Nc1ccccc1-c1nccc2ccccc12)c1ccc(Cl)cc1,4.74
CHEMBL3403339,O=c1ccc(-c2ccc(S(=O)(=O)Nc3cccc4c3CCCC4)s2)n[nH]1,4.57
CHEMBL3403340,COc1cccc(-n2cc(C(=O)N(C)c3cccc(Cl)c3)c3ccccc3c2=O)c1,4.54
CHEMBL3403341,Cc1ccc(Nc2c(S(=O)(=O)c3ccccc3)cnc3ccc(Cl)cc23)cc1,4.99
CHEMBL3403342,NC(=O)C1CCN(c2c(S(=O)(=O)c3ccccc3)cnc3ccc(Cl)cc23)CC1,4.83
CHEMBL3403343,Cc1ccc(S(=O)(=O)c2cnc3ccc(F)cc3c2SCc2ccc(Cl)cc2)cc1,4.51
CHEMBL3403345,Cc1ccc(Cl)cc1N(C)C(=O)c1cn(-c2ccc(F)cc2F)c(=O)c2ccccc12,4.82
CHEMBL3407810,Cl.Fc1cccc(CCCNCCc2ccnc(-n3ccnc3)n2)c1,6.3
CHEMBL340816,O=C(CCCN1C2CCC1CC(c1ccccc1)C2)c1ccc(F)cc1,6.97
CHEMBL342060,COc1ccccc1N1CCN(CCCCNC(=O)c2ccn3nccc3c2)CC1,6.51
CHEMBL344677,COc1ccccc1N1CCN(CCCCNC(=O)c2cccc3ccnn23)CC1,6.11
CHEMBL3461530,Cc1cccc(N2CCN(CCCNC(=O)c3cn[nH]c3C)CC2)c1,7.48
CHEMBL346389,O=C1COc2cc(CN3CCN(c4ccc(Cl)cc4)CC3)ccc2N1,5.78
CHEMBL346692,O=C(NCCCCN1CCN(c2cccc(Cl)c2Cl)CC1)c1cc2ccccc2[nH]1,7.51
CHEMBL348617,COc1ccc2c(c1)CC(CN1CCN(c3ccccn3)CC1)CC2=O,6.16
CHEMBL353998,Cc1c(CCN)c2cc(F)cc3c2n1C(C)CC3,6.02
CHEMBL355474,CC1CCc2cc(F)cc3c(CCN)cn1c23,5.63
CHEMBL357684,COc1ccccc1N1CCN(CCCNC(=O)c2cc3ccccn3n2)CC1,6.25
CHEMBL3577342,C#CC1=CC[C@@H](N(CCC)CCCCNC(=O)c2ccc(OCCCc3cn(CCCC)nn3)c(OC)c2)CO1,5.1
CHEMBL3577343,C#CC1=CC[C@H](N(CCC)CCCCNC(=O)c2ccc(OCCCc3cn(CCCC)nn3)c(OC)c2)CO1,4.85
CHEMBL3577344,CCCCn1cc(CCCOc2ccc(C(=O)NCCCCN(CCC)CCc3ccc(O)c4[nH]c(=O)ccc34)cc2OC)nn1,5.44
CHEMBL3577345,CCCCn1cc(CCCOc2ccc(C(=O)NCCCCN(CCC)[C@@H]3CCc4c(O)cccc4C3)cc2OC)nn1,6.0
CHEMBL3577346,CCCCn1cc(CCCOc2ccc(C(=O)NCCCCN(CCC)[C@H]3CCc4c(O)cccc4C3)cc2OC)nn1,6.15
CHEMBL357995,Cc1cc2c(OCC(CNC(C)(C)C)OC(=O)c3ccccc3)cccc2[nH]1,6.34
CHEMBL3580670,CCCCCOc1cc2c(cc1OC)-c1c(OC)c(OC)cc3c1[C@H](C2)N(C)CC3,6.62
CHEMBL3581244,CCOc1cc2c(cc1OC)-c1c(OC)c(OC)cc3c1[C@H](C2)N(C)CC3,6.09
CHEMBL3581245,CCCCOc1cc2c(cc1OC)-c1c(OC)c(OC)cc3c1[C@H](C2)N(C)CC3,6.57
CHEMBL3581246,CCCCCCOc1cc2c(cc1OC)-c1c(OC)c(OC)cc3c1[C@H](C2)N(C)CC3,6.24
CHEMBL3581247,COc1cc2c(cc1OCCF)C[C@H]1c3c(cc(OC)c(OC)c3-2)CCN1C,5.94
CHEMBL3581248,COc1cc2c(cc1OC(C)C)C[C@H]1c3c(cc(OC)c(OC)c3-2)CCN1C,6.12
CHEMBL3581249,CCC(C)Oc1cc2c(cc1OC)-c1c(OC)c(OC)cc3c1[C@H](C2)N(C)CC3,6.42
CHEMBL3581250,CCCC(C)Oc1cc2c(cc1OC)-c1c(OC)c(OC)cc3c1[C@H](C2)N(C)CC3,6.61
CHEMBL3581251,CCCCC(C)Oc1cc2c(cc1OC)-c1c(OC)c(OC)cc3c1[C@H](C2)N(C)CC3,6.35
CHEMBL3581252,COc1cc2c(cc1OCC1CC1)C[C@H]1c3c(cc(OC)c(OC)c3-2)CCN1C,6.24
CHEMBL3581253,COc1cc2c(cc1OC1CCCCC1)C[C@H]1c3c(cc(OC)c(OC)c3-2)CCN1C,6.24
CHEMBL3581254,C=CCOc1cc2c(cc1OC)-c1c(OC)c(OC)cc3c1[C@H](C2)N(C)CC3,6.42
CHEMBL3581255,COc1cc2c(cc1OCc1ccccc1)C[C@H]1c3c(cc(OC)c(OC)c3-2)CCN1C,6.67
CHEMBL3581256,COc1cc2c(cc1OCc1ccc(Br)cc1)C[C@H]1c3c(cc(OC)c(OC)c3-2)CCN1C,6.38
CHEMBL358810,NC1CC1c1c[nH]c2ccccc12,6.79
CHEMBL3589577,CCCN(CCNC(=O)/N=N/c1cc(F)c(F)c(F)c1)C1Cc2ccccc2C1,6.29
CHEMBL3589578,COc1cc(CCNCc2cccc3c2OCO3)c(OC)cc1Br,9.22
CHEMBL3589579,COc1cc(CCNCc2cccc3ccoc23)c(OC)cc1Br,9.22
CHEMBL3589580,COc1cc(CCNCc2cccc3ccsc23)c(OC)cc1Br,8.77
CHEMBL3589581,COc1cc(CCNCc2cccc3ncoc23)c(OC)cc1Br,7.96
CHEMBL3589582,COc1cc(CCNCc2cccc3c2OCC3)c(OC)cc1Br,9.7
CHEMBL3589583,COc1cc(CCNCc2cccc3nc[nH]c23)c(OC)cc1Br,8.11
CHEMBL3589584,COc1cc(CCNCc2cccc3cn[nH]c23)c(OC)cc1Br,7.92
CHEMBL3589585,COc1cc(CCNCc2cccc3cc[nH]c23)c(OC)cc1Br,7.89
CHEMBL3589586,COc1cc(CCNCc2ccc[nH]c2=O)c(OC)cc1Br,6.91
CHEMBL3589587,COc1cc(CCNCc2cccnc2OC)c(OC)cc1Br,7.1
CHEMBL3589588,COc1cc(CCNCc2ccccn2)c(OC)cc1Br,7.41
CHEMBL3589589,COc1cc(CCNCc2cccnc2)c(OC)cc1Br,7.08
CHEMBL3589590,COc1cc(CCNCc2ccncc2)c(OC)cc1Br,6.85
CHEMBL3589591,COc1cc(CCNCc2cccc(OC)c2OC)c(OC)cc1Br,8.51
CHEMBL3589592,COc1ccc(CNCCc2cc(OC)c(Br)cc2OC)c(OC)c1,7.7
CHEMBL3589593,COc1ccc(OC)c(CNCCc2cc(OC)c(Br)cc2OC)c1,7.51
CHEMBL3589594,COc1cc(CCNCc2c(OC)cccc2OC)c(OC)cc1Br,6.5
CHEMBL3589595,COc1cc(CCNCc2cccc(OC)c2F)c(OC)cc1Br,8.48
CHEMBL3589596,COc1cc(CCNCc2cccc(OC)c2O)c(OC)cc1Br,9.7
CHEMBL3589597,COc1cccc(CNCCc2cc(OC)c(Br)cc2OC)c1,9.36
CHEMBL3589598,COc1cc(CCNCc2cccc(O)c2)c(OC)cc1Br,8.87
CHEMBL3590077,COc1ccccc1N1CCN(CCCCNC(=O)/N=N/c2ccc(F)cc2)CC1,6.27
CHEMBL3590080,CCCN(CCCCNC(=O)/C=C/c1ccc(F)cc1)C1Cc2ccccc2C1,7.05
CHEMBL3590081,CCCN(CCCCNC(=O)/N=N/c1ccc(F)cc1)C1Cc2ccccc2C1,6.26
CHEMBL3590084,CCCN(CCNC(=O)/C=C/c1ccc(F)cc1)C1Cc2ccccc2C1,6.68
CHEMBL3597635,O=C(NCCCCN1CCN(c2cccc3ccccc23)CC1)c1cnc2ccccc2c1,9.48
CHEMBL3597636,O=C(NCCC(O)CN1CCN(c2cccc3ccccc23)CC1)c1cnc2ccccc2c1,8.62
CHEMBL3597637,COc1c(Cl)cccc1N1CCN(CCCCNC(=O)c2cnc3ccccc3c2)CC1,8.77
CHEMBL3597643,O=C(NCCCCN1CCN(c2cccc3ccccc23)CC1)c1cc2ccccc2[nH]1,7.26
CHEMBL3597649,COc1ccccc1N1CCN(CC(O)CCNC(=O)c2cnc3ccccc3c2)CC1,6.46
CHEMBL3609157,COc1ccc(Nc2nc(N3CCN(CCO)CC3)nc3ccccc23)c(OC)c1,6.23
CHEMBL3609158,OCCN1CCN(c2nc(Nc3ccc(F)cc3)c3ccccc3n2)CC1,6.92
CHEMBL3609159,OCCN1CCN(c2nc(Nc3ccc(Cl)cc3)c3ccccc3n2)CC1,6.96
CHEMBL3609160,OCCN1CCN(c2nc(Nc3ccc(Br)cc3)c3ccccc3n2)CC1,7.04
CHEMBL3609161,OCCN1CCN(c2nc(Nc3ccc(I)cc3)c3ccccc3n2)CC1,6.42
CHEMBL3609162,COc1ccc(Nc2nc(N3CCN(CCO)CC3)nc3ccccc23)cc1,5.87
CHEMBL3609163,COc1ccccc1Nc1nc(N2CCN(CCO)CC2)nc2ccccc12,6.84
CHEMBL3609164,CC(C)c1ccc(Nc2nc(N3CCN(CCO)CC3)nc3ccccc23)cc1,6.83
CHEMBL3609165,OCCN1CCN(c2nc(Nc3ccccc3F)c3ccccc3n2)CC1,7.18
CHEMBL3609166,Cc1ccc(Nc2nc(N3CCN(CCO)CC3)nc3ccccc23)c(C)c1,6.57
CHEMBL3609167,OCCN1CCN(c2nc(Nc3cccc(O)c3)c3ccccc3n2)CC1,7.08
CHEMBL3609168,OCCN1CCN(c2nc(NCc3ccccc3)c3ccccc3n2)CC1,6.28
CHEMBL3609169,COc1ccccc1Nc1nc(N2CCNCC2)nc2ccccc12,7.34
CHEMBL3609170,Fc1ccccc1Nc1nc(N2CCNCC2)nc2ccccc12,7.16
CHEMBL3609171,Clc1ccc(Nc2nc(N3CCNCC3)nc3ccccc23)cc1,7.85
CHEMBL3609172,Ic1ccc(Nc2nc(N3CCNCC3)nc3ccccc23)cc1,6.3
CHEMBL3609173,CC(C)c1ccc(Nc2nc(N3CCNCC3)nc3ccccc23)cc1,7.38
CHEMBL3609174,Fc1ccc(Nc2nc(N3CCOCC3)nc3ccccc23)cc1,6.63
CHEMBL3609175,Fc1ccccc1Nc1nc(N2CCOCC2)nc2ccccc12,6.73
CHEMBL3613873,COc1ccccc1N1CCN(CCCc2cn(-c3ccn4nccc4c3)nn2)CC1,7.08
CHEMBL3613874,O=Cc1cnn2ccc(-n3cc(CCCN4CCN(c5cccc(Cl)c5Cl)CC4)nn3)cc12,8.16
CHEMBL3613875,O=Cc1cnn2ccc(-n3cc(CCCCN4CCN(c5cccc(Cl)c5Cl)CC4)nn3)cc12,7.82
CHEMBL3613876,O=Cc1cnn2ccc(-n3cc(CCN4CCN(c5cccc(Cl)c5Cl)CC4)nn3)cc12,7.3
CHEMBL3613877,COc1ccccc1N1CCN(CCc2cn(-c3ccn4ncc(C=O)c4c3)nn2)CC1,7.05
CHEMBL3613878,Clc1cccc(N2CCN(CCc3cn(-c4ccn5nccc5c4)nn3)CC2)c1Cl,8.15
CHEMBL3613879,Clc1cccc(N2CCN(CCCc3cn(-c4ccn5nccc5c4)nn3)CC2)c1Cl,8.28
CHEMBL3613880,Clc1cccc(N2CCN(CCCCc3cn(-c4ccn5nccc5c4)nn3)CC2)c1Cl,9.19
CHEMBL363581,CN(C)C[C@@H]1CC2c3ccccc3Sc3ccc(F)cc3[C@H]2O1,7.89
CHEMBL3639415,CC(=O)N[C@H]1CC[C@H](CCN2CCN(c3nccc4occc34)CC2)CC1,8.04
CHEMBL3639416,Cc1cc2c(c(N3CCN(CC[C@H]4CC[C@H](NC(=O)CC5CCOCC5)CC4)CC3)n1)CCO2,6.71
CHEMBL3639637,O=C(C[C@H]1CCCOC1)N[C@H]1CC[C@H](CCN2CCC(c3cccc4c3OCO4)CC2)CC1,7.7
CHEMBL3639943,O=C(Cc1ccc2c(c1)OCO2)N[C@H]1CC[C@H](CCN2CCC(c3cccc4c3CCO4)CC2)CC1,7.34
CHEMBL3639968,O=C(N[C@H]1CC[C@H](CCN2CCN(c3cccc4c3OCO4)CC2)CC1)N1CCc2ccccc21,7.54
CHEMBL3642680,CO[C@@H]1CC[C@@H](CC(=O)N[C@H]2CC[C@H](CCN3CCN(c4nccc5occc45)CC3)CC2)C1,8.19
CHEMBL3642681,O=C(C[C@H]1CC[C@H](O)CC1)N[C@H]1CC[C@H](CCN2CCN(c3nccc4occc34)CC2)CC1,8.06
CHEMBL3642682,CCC(=O)N[C@H]1CC[C@H](CCN2CCN(c3nccc4occc34)CC2)CC1,8.19
CHEMBL3642683,COCCC(=O)N[C@H]1CC[C@H](CCN2CCN(c3nccc4occc34)CC2)CC1,8.09
CHEMBL3642684,O=C(CCO)N[C@H]1CC[C@H](CCN2CCN(c3nccc4occc34)CC2)CC1,7.99
CHEMBL3642685,O=C(CO)N[C@H]1CC[C@H](CCN2CCN(c3nccc4occc34)CC2)CC1,8.25
CHEMBL3642686,COCC(=O)N[C@H]1CC[C@H](CCN2CCN(c3nccc4occc34)CC2)CC1,8.36
CHEMBL3642687,CO[C@H]1CC[C@H](CC(=O)N[C@H]2CC[C@H](CCN3CCN(c4nccc5occc45)CC3)CC2)CC1,8.25
CHEMBL3642688,O=C(CC1CCOCC1)N[C@H]1CC[C@H](CCN2CCN(c3nccc4occc34)CC2)CC1,8.21
CHEMBL3642689,O=C(N[C@H]1CC[C@H](CCN2CCN(c3nccc4occc34)CC2)CC1)C1CCOCC1,8.54
CHEMBL3642690,CCOCC(=O)N[C@H]1CC[C@H](CCN2CCN(c3nccc4occc34)CC2)CC1,8.13
CHEMBL3642691,O=C(N[C@H]1CC[C@H](CCN2CCN(c3nccc4occc34)CC2)CC1)C1CC1,8.36
CHEMBL3642692,CS(=O)(=O)N[C@H]1CC[C@H](CCN2CCN(c3nccc4occc34)CC2)CC1,8.17
CHEMBL3642693,CC(=O)N[C@H]1CC[C@H](CCN2CCN(c3nccc4sccc34)CC2)CC1,8.48
CHEMBL3642694,CCS(=O)(=O)N[C@H]1CC[C@H](CCN2CCN(c3nccc4occc34)CC2)CC1,8.07
CHEMBL3642695,CN(C)S(=O)(=O)N[C@H]1CC[C@H](CCN2CCN(c3nccc4occc34)CC2)CC1,8.28
CHEMBL3642696,CCC(=O)N[C@H]1CC[C@H](CCN2CCN(c3nccc4sccc34)CC2)CC1,8.59
CHEMBL3642697,COCCC(=O)N[C@H]1CC[C@H](CCN2CCN(c3nccc4sccc34)CC2)CC1,8.46
CHEMBL3642698,CO[C@H]1CC[C@H](CC(=O)N[C@H]2CC[C@H](CCN3CCN(c4nccc5sccc45)CC3)CC2)CC1,8.6
CHEMBL3642699,CO[C@@H]1CC[C@@H](CC(=O)N[C@H]2CC[C@H](CCN3CCN(c4nccc5sccc45)CC3)CC2)C1,8.43
CHEMBL364270,CN(C)C[C@@H]1CC2c3ccccc3Oc3ccc(Cl)cc3[C@H]2O1,7.66
CHEMBL3642700,COCC(=O)N[C@H]1CC[C@H](CCN2CCN(c3nccc4sccc34)CC2)CC1,8.66
CHEMBL3642701,O=C(CC1CCOCC1)N[C@H]1CC[C@H](CCN2CCN(c3nccc4sccc34)CC2)CC1,8.52
CHEMBL3642702,O=C(N[C@H]1CC[C@H](CCN2CCN(c3nccc4sccc34)CC2)CC1)C1CCOCC1,8.77
CHEMBL3642703,CO[C@H]1CC[C@H](CC(=O)N[C@H]2CC[C@H](CCN3CCN(c4nccc5sccc45)CC3)CC2)C1,8.37
CHEMBL3642704,O=C(CO)N[C@H]1CC[C@H](CCN2CCN(c3nccc4sccc34)CC2)CC1,8.85
CHEMBL3642705,O=C(C[C@H]1CC[C@H](O)CC1)N[C@H]1CC[C@H](CCN2CCN(c3nccc4sccc34)CC2)CC1,8.4
CHEMBL3642706,O=C(N[C@H]1CC[C@H](CCN2CCN(c3nccc4occc34)CC2)CC1)c1ccnc2ccccc12,8.28
CHEMBL3642707,CS(=O)(=O)N[C@H]1CC[C@H](CCN2CCN(c3nccc4sccc34)CC2)CC1,8.54
CHEMBL3642708,CCS(=O)(=O)N[C@H]1CC[C@H](CCN2CCN(c3nccc4sccc34)CC2)CC1,8.54
CHEMBL3642709,CC(=O)N[C@H]1CC[C@H](CCN2CCN(c3nccc4c3CCO4)CC2)CC1,7.64
CHEMBL3642710,O=C(N[C@H]1CC[C@H](CCN2CCN(c3nccc4c3CCO4)CC2)CC1)C1CCOCC1,8.23
CHEMBL3642711,O=C(CC1CCOCC1)N[C@H]1CC[C@H](CCN2CCN(c3nccc4c3CCO4)CC2)CC1,7.7
CHEMBL3642712,COCCC(=O)N[C@H]1CC[C@H](CCN2CCN(c3nccc4c3CCO4)CC2)CC1,7.62
CHEMBL3642713,CCC(=O)N[C@H]1CC[C@H](CCN2CCN(c3nccc4c3CCO4)CC2)CC1,7.88
CHEMBL3642714,O=C(CC1COCCO1)N[C@H]1CC[C@H](CCN2CCN(c3nccc4c3CCO4)CC2)CC1,8.01
CHEMBL3642715,COCC(=O)N[C@H]1CC[C@H](CCN2CCN(c3nccc4c3CCO4)CC2)CC1,7.96
CHEMBL3642716,CS(=O)(=O)CC(=O)N[C@H]1CC[C@H](CCN2CCN(c3nccc4c3CCO4)CC2)CC1,7.79
CHEMBL3642717,O=C(CO)N[C@H]1CC[C@H](CCN2CCN(c3nccc4c3CCO4)CC2)CC1,7.91
CHEMBL3642718,O=C(CCO)N[C@H]1CC[C@H](CCN2CCN(c3nccc4c3CCO4)CC2)CC1,7.45
CHEMBL3642719,O=C(N[C@H]1CC[C@H](CCN2CCN(c3nccc4c3CCO4)CC2)CC1)C1CCOC1,8.0
CHEMBL3642720,O=C(N[C@H]1CC[C@H](CCN2CCN(c3nccc4c3CCO4)CC2)CC1)C1CCCO1,8.2
CHEMBL3642722,O=C(N[C@H]1CC[C@H](CCN2CCN(c3nccc4c3CCO4)CC2)CC1)c1ccc(F)cc1,7.96
CHEMBL3642723,O=C(N[C@H]1CC[C@H](CCN2CCN(c3nccc4c3CCO4)CC2)CC1)c1ccc(Cl)cc1,7.83
CHEMBL3642724,O=C(N[C@H]1CC[C@H](CCN2CCN(c3nccc4c3CCO4)CC2)CC1)c1ccc(C(F)(F)F)cc1,7.73
CHEMBL3642725,CS(=O)(=O)N[C@H]1CC[C@H](CCN2CCN(c3nccc4c3CCO4)CC2)CC1,7.66
CHEMBL3642726,CCS(=O)(=O)N[C@H]1CC[C@H](CCN2CCN(c3nccc4c3CCO4)CC2)CC1,7.75
CHEMBL3642727,O=S(=O)(N[C@H]1CC[C@H](CCN2CCN(c3nccc4c3CCO4)CC2)CC1)c1ccc(F)cc1,7.41
CHEMBL3642728,O=C(CC1CC1)N[C@H]1CC[C@H](CCN2CCN(c3nccc4c3CCO4)CC2)CC1,7.86
CHEMBL3642729,O=C(N[C@H]1CC[C@H](CCN2CCN(c3nccc4c3CCO4)CC2)CC1)C1CCC1,8.0
CHEMBL3642730,O=C(N[C@H]1CC[C@H](CCN2CCN(c3nccc4c3CCO4)CC2)CC1)C1CCCOC1,8.2
CHEMBL3642731,C[C@]1(O)CC[C@H](C(=O)N[C@H]2CC[C@H](CCN3CCN(c4nccc5c4CCO5)CC3)CC2)CC1,7.9
CHEMBL3642732,C[C@]1(O)CC[C@@H](C(=O)N[C@H]2CC[C@H](CCN3CCN(c4nccc5c4CCO5)CC3)CC2)CC1,8.21
CHEMBL3642733,O=C(N[C@H]1CC[C@H](CCN2CCN(c3nccc4c3CCO4)CC2)CC1)c1ccc(N2CCCCC2)cc1,7.72
CHEMBL3642734,O=C(N[C@H]1CC[C@H](CCN2CCN(c3nccc4c3CCO4)CC2)CC1)c1ccc(N2CCOCC2)cc1,8.35
CHEMBL3642735,O=C(N[C@H]1CC[C@H](CCN2CCN(c3nccc4c3CCO4)CC2)CC1)C1(O)CC1,8.23
CHEMBL3642736,N#CCC(=O)N[C@H]1CC[C@H](CCN2CCN(c3nccc4c3CCO4)CC2)CC1,7.8
CHEMBL3642737,O=C(CC(F)(F)F)N[C@H]1CC[C@H](CCN2CCN(c3nccc4c3CCO4)CC2)CC1,7.96
CHEMBL3642738,O=C(C[C@@H]1COCCO1)N[C@H]1CC[C@H](CCN2CCN(c3nccc4c3CCO4)CC2)CC1,7.93
CHEMBL3642739,O=C(N[C@H]1CC[C@H](CCN2CCN(c3nccc4c3CCO4)CC2)CC1)c1ccnc2ccccc12,8.44
CHEMBL3642740,O=C(N[C@H]1CC[C@H](CCN2CCN(c3nccc4c3CCO4)CC2)CC1)C1CC1,7.96
CHEMBL3642741,O=C(CC1CCCO1)N[C@H]1CC[C@H](CCN2CCN(c3nccc4c3CCO4)CC2)CC1,7.78
CHEMBL3642742,CO[C@H]1CC[C@H](CC(=O)N[C@H]2CC[C@H](CCN3CCN(c4nccc5c4CCO5)CC3)CC2)CC1,7.83
CHEMBL3642743,CN(C)S(=O)(=O)N[C@H]1CC[C@H](CCN2CCN(c3nccc4c3CCO4)CC2)CC1,7.94
CHEMBL3642744,O=C(C[C@H]1COCCO1)N[C@H]1CC[C@H](CCN2CCN(c3nccc4c3CCO4)CC2)CC1,8.09
CHEMBL3642745,O=C(C[C@H]1CCCO1)N[C@H]1CC[C@H](CCN2CCN(c3nccc4c3CCO4)CC2)CC1,7.84
CHEMBL3642746,O=C(C[C@@H]1CCCO1)N[C@H]1CC[C@H](CCN2CCN(c3nccc4c3CCO4)CC2)CC1,7.6
CHEMBL3642747,CC(C)(C)C(=O)N[C@H]1CC[C@H](CCN2CCN(c3nccc4c3CCO4)CC2)CC1,8.03
CHEMBL3642748,CC(C)CC(=O)N[C@H]1CC[C@H](CCN2CCN(c3nccc4c3CCO4)CC2)CC1,7.8
CHEMBL3642749,CC(C)(C)CC(=O)N[C@H]1CC[C@H](CCN2CCN(c3nccc4c3CCO4)CC2)CC1,7.79
CHEMBL3642750,O=C(CC1CCC1)N[C@H]1CC[C@H](CCN2CCN(c3nccc4c3CCO4)CC2)CC1,7.88
CHEMBL3642751,O=C(N[C@H]1CC[C@H](CCN2CCN(c3nccc4c3CCO4)CC2)CC1)C1CC1(F)F,7.76
CHEMBL3642752,CC(C)C(=O)N[C@H]1CC[C@H](CCN2CCN(c3nccc4c3CCO4)CC2)CC1,7.99
CHEMBL3642753,CCC(C)C(=O)N[C@H]1CC[C@H](CCN2CCN(c3nccc4c3CCO4)CC2)CC1,7.88
CHEMBL3642754,O=C(CC1COC1)N[C@H]1CC[C@H](CCN2CCN(c3nccc4c3CCO4)CC2)CC1,7.96
CHEMBL3642755,CN(C)C(=O)N[C@H]1CC[C@H](CCN2CCN(c3nccc4c3CCO4)CC2)CC1,7.54
CHEMBL3642756,O=C(N[C@H]1CC[C@H](CCN2CCN(c3nccc4c3CCO4)CC2)CC1)C(F)(F)F,7.72
CHEMBL3642757,CC(C)=CC(=O)N[C@H]1CC[C@H](CCN2CCN(c3nccc4c3CCO4)CC2)CC1,7.79
CHEMBL3642758,C/C=C/CC(=O)N[C@H]1CC[C@H](CCN2CCN(c3nccc4c3CCO4)CC2)CC1,7.64
CHEMBL3642759,CC#CC(=O)N[C@H]1CC[C@H](CCN2CCN(c3nccc4c3CCO4)CC2)CC1,7.91
CHEMBL3642760,O=CN[C@H]1CC[C@H](CCN2CCN(c3nccc4c3CCO4)CC2)CC1,7.63
CHEMBL3642761,Cc1cc(CC(=O)N[C@H]2CC[C@H](CCN3CCN(c4nccc5c4CCO5)CC3)CC2)on1,7.82
CHEMBL3642762,Cc1cc(C(=O)N[C@H]2CC[C@H](CCN3CCN(c4nccc5c4CCO5)CC3)CC2)on1,7.8
CHEMBL3642763,CN(C)C(=O)CCC(=O)N[C@H]1CC[C@H](CCN2CCN(c3nccc4c3CCO4)CC2)CC1,7.62
CHEMBL3642764,CC(C)(O)CC(=O)N[C@H]1CC[C@H](CCN2CCN(c3nccc4c3CCO4)CC2)CC1,7.6
CHEMBL3642765,O=C(C[C@@H](O)C(F)(F)F)N[C@H]1CC[C@H](CCN2CCN(c3nccc4c3CCO4)CC2)CC1,7.48
CHEMBL3642766,CC[C@H](O)CC(=O)N[C@H]1CC[C@H](CCN2CCN(c3nccc4c3CCO4)CC2)CC1,7.52
CHEMBL3642767,CO[C@H]1CC[C@H](CC(=O)N[C@H]2CC[C@H](CCN3CCN(c4nccc5c4CCO5)CC3)CC2)C1,7.65
CHEMBL3642768,O=C(CC1C[C@H](O)CO1)N[C@H]1CC[C@H](CCN2CCN(c3nccc4c3CCO4)CC2)CC1,7.65
CHEMBL3642769,CCCC(=O)N[C@H]1CC[C@H](CCN2CCN(c3nccc4c3CCO4)CC2)CC1,7.64
CHEMBL3642770,CC(C)CCC(=O)N[C@H]1CC[C@H](CCN2CCN(c3nccc4c3CCO4)CC2)CC1,7.61
CHEMBL3642771,CCCCC(=O)N[C@H]1CC[C@H](CCN2CCN(c3nccc4c3CCO4)CC2)CC1,7.61
CHEMBL3642772,O=C(CCC(F)(F)F)N[C@H]1CC[C@H](CCN2CCN(c3nccc4c3CCO4)CC2)CC1,7.53
CHEMBL3642773,CC(=O)N[C@H]1CC[C@H](CCN2CCN(c3nc(C)cc4occc34)CC2)CC1,7.12
CHEMBL3642774,Cc1cc2occc2c(N2CCN(CC[C@H]3CC[C@H](NC(=O)C4CCOCC4)CC3)CC2)n1,7.59
CHEMBL3642775,Cc1cc2occc2c(N2CCN(CC[C@H]3CC[C@H](NC(=O)CC4CCOCC4)CC3)CC2)n1,7.12
CHEMBL3642776,COCCC(=O)N[C@H]1CC[C@H](CCN2CCN(c3nc(C)cc4occc34)CC2)CC1,7.06
CHEMBL3642777,CC(=O)N[C@H]1CC[C@H](CCN2CCN(c3nc(C)cc4c3CCO4)CC2)CC1,6.67
CHEMBL3642778,Cc1cc2c(c(N3CCN(CC[C@H]4CC[C@H](NC(=O)C5CCOCC5)CC4)CC3)n1)CCO2,7.23
CHEMBL3642779,COCCC(=O)N[C@H]1CC[C@H](CCN2CCN(c3nc(C)cc4c3CCO4)CC2)CC1,6.59
CHEMBL3642780,CC(=O)N[C@H]1CC[C@H](CCN2CCN(c3ncc(C)c4occc34)CC2)CC1,7.86
CHEMBL3642781,Cc1cnc(N2CCN(CC[C@H]3CC[C@H](NC(=O)C4CCOCC4)CC3)CC2)c2ccoc12,8.25
CHEMBL3642782,Cc1cnc(N2CCN(CC[C@H]3CC[C@H](NC(=O)CC4CCOCC4)CC3)CC2)c2ccoc12,7.93
CHEMBL3642783,COCCC(=O)N[C@H]1CC[C@H](CCN2CCN(c3ncc(C)c4occc34)CC2)CC1,7.92
CHEMBL3642784,CC(=O)N[C@H]1CC[C@H](CCN2CCN(c3ncc(C)c4c3CCO4)CC2)CC1,7.17
CHEMBL3642785,Cc1cnc(N2CCN(CC[C@H]3CC[C@H](NC(=O)C4CCOCC4)CC3)CC2)c2c1OCC2,7.71
CHEMBL3642786,Cc1cnc(N2CCN(CC[C@H]3CC[C@H](NC(=O)CC4CCOCC4)CC3)CC2)c2c1OCC2,7.36
CHEMBL3642787,COCCC(=O)N[C@H]1CC[C@H](CCN2CCN(c3ncc(C)c4c3CCO4)CC2)CC1,7.43
CHEMBL3642788,O=C(N[C@H]1CC[C@H](CCN2CCN(c3nccc4c3CCO4)CC2)CC1)C(O)C(F)(F)F,7.94
CHEMBL3642789,COC(CC(=O)N[C@H]1CC[C@H](CCN2CCN(c3nccc4c3CCO4)CC2)CC1)OC,7.8
CHEMBL3642790,COC(CCC(=O)N[C@H]1CC[C@H](CCN2CCN(c3nccc4c3CCO4)CC2)CC1)OC,7.74
CHEMBL3642791,CS(=O)(=O)c1ccc(C(=O)N[C@H]2CC[C@H](CCN3CCN(c4nccc5c4CCO5)CC3)CC2)s1,8.02
CHEMBL3642792,Cc1ccc(C(=O)N[C@H]2CC[C@H](CCN3CCN(c4nccc5c4CCO5)CC3)CC2)cn1,7.81
CHEMBL3642793,N#Cc1ccc(C(=O)N[C@H]2CC[C@H](CCN3CCN(c4nccc5c4CCO5)CC3)CC2)cc1,7.89
CHEMBL3642794,CN1CCN(c2ccc(C(=O)N[C@H]3CC[C@H](CCN4CCN(c5nccc6c5CCO6)CC4)CC3)cc2)CC1,8.35
CHEMBL3642795,O=C(N[C@H]1CC[C@H](CCN2CCN(c3nccc4c3CCO4)CC2)CC1)c1ccc(N2CCOCC2)nc1,7.81
CHEMBL3642796,O=C(N[C@H]1CC[C@H](CCN2CCN(c3nccc4c3CCO4)CC2)CC1)c1ccc(-c2cccnc2)cc1,7.91
CHEMBL3642797,O=C(N[C@H]1CC[C@H](CCN2CCN(c3nccc4c3CCO4)CC2)CC1)c1ccc2c(c1)OCO2,7.75
CHEMBL3642798,O=C(Cc1ccc2c(c1)OCO2)N[C@H]1CC[C@H](CCN2CCN(c3nccc4c3CCO4)CC2)CC1,7.47
CHEMBL3642799,O=C(N[C@H]1CC[C@H](CCN2CCN(c3nccc4c3CCO4)CC2)CC1)C1(O)CCC1,8.01
CHEMBL3642800,CC(C)(O)C(=O)N[C@H]1CC[C@H](CCN2CCN(c3nccc4c3CCO4)CC2)CC1,8.11
CHEMBL3642801,O=C(N[C@H]1CC[C@H](CCN2CCN(c3nccc4c3CCO4)CC2)CC1)c1ccc(N2CCS(=O)(=O)CC2)cc1,7.78
CHEMBL3642802,O=C(N[C@H]1CC[C@H](CCN2CCN(c3nccc4c3CCO4)CC2)CC1)c1ccc(-n2cccn2)cc1,7.45
CHEMBL3642803,Cc1nc(-c2cccc(C(=O)N[C@H]3CC[C@H](CCN4CCN(c5nccc6c5CCO6)CC4)CC3)c2)no1,7.31
CHEMBL3642804,O=C(N[C@H]1CC[C@H](CCN2CCN(c3nccc4c3CCO4)CC2)CC1)c1ccc2ncccc2c1,7.63
CHEMBL3642805,O=C(Cc1noc2ccccc12)N[C@H]1CC[C@H](CCN2CCN(c3nccc4c3CCO4)CC2)CC1,7.56
CHEMBL3642806,O=C(N[C@H]1CC[C@H](CCN2CCN(c3nccc4c3CCO4)CC2)CC1)c1cnc(N2CCOCC2)cn1,7.74
CHEMBL3642807,CC(C)(C)c1ccc(C(=O)N[C@H]2CC[C@H](CCN3CCN(c4nccc5c4CCO5)CC3)CC2)cc1,7.18
CHEMBL3642808,O=C(N[C@H]1CC[C@H](CCN2CCN(c3nccc4c3CCO4)CC2)CC1)c1ccc(Cl)cc1Cl,7.66
CHEMBL3642809,O=C(N[C@H]1CC[C@H](CCN2CCN(c3nccc4c3CCO4)CC2)CC1)c1ccc(-n2cccc2)cc1,7.62
CHEMBL3642810,O=C(N[C@H]1CC[C@H](CCN2CCN(c3nccc4c3CCO4)CC2)CC1)c1ccc(-c2ccccc2)cc1,7.63
CHEMBL3642811,CO[C@H](C)C(=O)N[C@H]1CC[C@H](CCN2CCN(c3nccc4c3CCO4)CC2)CC1,8.15
CHEMBL3642812,CC(C)(C)Oc1ccc(C(=O)N[C@H]2CC[C@H](CCN3CCN(c4nccc5c4CCO5)CC3)CC2)cc1,7.38
CHEMBL3642813,CO[C@@H](C)C(=O)N[C@H]1CC[C@H](CCN2CCN(c3nccc4c3CCO4)CC2)CC1,7.7
CHEMBL3642814,O=S(=O)(N[C@H]1CC[C@H](CCN2CCN(c3nccc4c3CCO4)CC2)CC1)c1ccccc1,7.15
CHEMBL3642815,COC(C)CC(=O)N[C@H]1CC[C@H](CCN2CCN(c3nccc4c3CCO4)CC2)CC1,7.52
CHEMBL3642816,CC[C@@H](O)CC(=O)N[C@H]1CC[C@H](CCN2CCN(c3nccc4c3CCO4)CC2)CC1,7.38
CHEMBL3642817,O=C(CC1(O)CCC1)N[C@H]1CC[C@H](CCN2CCN(c3nccc4c3CCO4)CC2)CC1,7.65
CHEMBL3664814,CC(=O)N[C@H]1CC[C@H](CCN2CCC(c3cccc4c3OCO4)CC2)CC1,7.62
CHEMBL3664815,COCCC(=O)N[C@H]1CC[C@H](CCN2CCC(c3cccc4c3OCO4)CC2)CC1,7.42
CHEMBL3664816,O=C(CC1COCCO1)N[C@H]1CC[C@H](CCN2CCC(c3cccc4c3OCO4)CC2)CC1,7.86
CHEMBL3664817,O=C(C[C@H]1COCCO1)N[C@H]1CC[C@H](CCN2CCC(c3cccc4c3OCO4)CC2)CC1,7.93
CHEMBL3664818,O=C(C[C@@H]1COCCO1)N[C@H]1CC[C@H](CCN2CCC(c3cccc4c3OCO4)CC2)CC1,7.77
CHEMBL3664819,O=C(CC1CCCO1)N[C@H]1CC[C@H](CCN2CCC(c3cccc4c3OCO4)CC2)CC1,7.68
CHEMBL3664820,CCC(=O)N[C@H]1CC[C@H](CCN2CCC(c3cccc4c3OCO4)CC2)CC1,7.78
CHEMBL3664821,O=C(CC1CC1)N[C@H]1CC[C@H](CCN2CCC(c3cccc4c3OCO4)CC2)CC1,7.75
CHEMBL3664822,O=C(N[C@H]1CC[C@H](CCN2CCC(c3cccc4c3OCO4)CC2)CC1)c1ccccc1,8.29
CHEMBL3664823,O=C(CC(F)(F)F)N[C@H]1CC[C@H](CCN2CCC(c3cccc4c3OCO4)CC2)CC1,7.74
CHEMBL3664824,O=C(CCC(F)(F)F)N[C@H]1CC[C@H](CCN2CCC(c3cccc4c3OCO4)CC2)CC1,7.5
CHEMBL3664825,O=C(N[C@H]1CC[C@H](CCN2CCC(c3cccc4c3OCO4)CC2)CC1)C(O)C(F)(F)F,7.85
CHEMBL3664826,COCC(=O)N[C@H]1CC[C@H](CCN2CCC(c3cccc4c3OCO4)CC2)CC1,7.83
CHEMBL3664827,N#Cc1ccc(C(=O)N[C@H]2CC[C@H](CCN3CCC(c4cccc5c4OCO5)CC3)CC2)cc1,8.04
CHEMBL3664828,Cc1ccc(C(=O)N[C@H]2CC[C@H](CCN3CCC(c4cccc5c4OCO5)CC3)CC2)cn1,7.94
CHEMBL3664829,O=C(C[C@H]1CCCO1)N[C@H]1CC[C@H](CCN2CCC(c3cccc4c3OCO4)CC2)CC1,7.55
CHEMBL3664830,O=C(C[C@@H]1CCCO1)N[C@H]1CC[C@H](CCN2CCC(c3cccc4c3OCO4)CC2)CC1,7.47
CHEMBL3664831,COC(=O)N[C@H]1CC[C@H](CCN2CCC(c3cccc4c3OCO4)CC2)CC1,7.66
CHEMBL3664832,Cc1cc(CC(=O)N[C@H]2CC[C@H](CCN3CCC(c4cccc5c4OCO5)CC3)CC2)on1,7.7
CHEMBL3664833,N#CCC(=O)N[C@H]1CC[C@H](CCN2CCC(c3cccc4c3OCO4)CC2)CC1,7.65
CHEMBL3664834,O=C(CC1(O)CCCCC1)N[C@H]1CC[C@H](CCN2CCC(c3cccc4c3OCO4)CC2)CC1,7.8
CHEMBL3664835,O=C(CC1CCCCO1)N[C@H]1CC[C@H](CCN2CCC(c3cccc4c3OCO4)CC2)CC1,7.81
CHEMBL3664836,CC(C)C(=O)N[C@H]1CC[C@H](CCN2CCC(c3cccc4c3OCO4)CC2)CC1,7.77
CHEMBL3664837,CC(C)CC(=O)N[C@H]1CC[C@H](CCN2CCC(c3cccc4c3OCO4)CC2)CC1,7.54
CHEMBL3664838,CCCC(=O)N[C@H]1CC[C@H](CCN2CCC(c3cccc4c3OCO4)CC2)CC1,7.45
CHEMBL3664839,O=C(N[C@H]1CC[C@H](CCN2CCC(c3cccc4c3OCO4)CC2)CC1)C1CC1(F)F,7.57
CHEMBL3664840,COC(C)CC(=O)N[C@H]1CC[C@H](CCN2CCC(c3cccc4c3OCO4)CC2)CC1,7.47
CHEMBL3664841,O=C(N[C@H]1CC[C@H](CCN2CCC(c3cccc4c3OCO4)CC2)CC1)C1CC(Cl)C1,7.73
CHEMBL3664842,O=C(CC1COC1)N[C@H]1CC[C@H](CCN2CCC(c3cccc4c3OCO4)CC2)CC1,7.66
CHEMBL3664843,CO[C@@H]1CC[C@@H](CC(=O)N[C@H]2CC[C@H](CCN3CCC(c4cccc5c4OCO5)CC3)CC2)C1,7.56
CHEMBL3664844,O=C(CC1(O)CCOCC1)N[C@H]1CC[C@H](CCN2CCC(c3cccc4c3OCO4)CC2)CC1,7.6
CHEMBL3664845,CC(C)(O)C(=O)N[C@H]1CC[C@H](CCN2CCC(c3cccc4c3OCO4)CC2)CC1,8.32
CHEMBL3664846,CO[C@@H](C)C(=O)N[C@H]1CC[C@H](CCN2CCC(c3cccc4c3OCO4)CC2)CC1,7.54
CHEMBL3664847,CO[C@H](C)C(=O)N[C@H]1CC[C@H](CCN2CCC(c3cccc4c3OCO4)CC2)CC1,8.02
CHEMBL3664848,CC(C)(O)CC(=O)N[C@H]1CC[C@H](CCN2CCC(c3cccc4c3OCO4)CC2)CC1,7.58
CHEMBL3664849,O=C(N[C@H]1CC[C@H](CCN2CCC(c3cccc4c3OCO4)CC2)CC1)c1ccc(Cl)cc1,7.66
CHEMBL3664850,O=C(N[C@H]1CC[C@H](CCN2CCC(c3cccc4c3OCO4)CC2)CC1)c1ccc(F)cc1,7.88
CHEMBL3664851,O=C(N[C@H]1CC[C@H](CCN2CCC(c3cccc4c3OCO4)CC2)CC1)[C@H](O)C(F)(F)F,7.68
CHEMBL3664852,O=C(N[C@H]1CC[C@H](CCN2CCC(c3cccc4c3OCO4)CC2)CC1)[C@@H](O)C(F)(F)F,7.71
CHEMBL3664853,O=C(C[C@@H]1CCCCO1)N[C@H]1CC[C@H](CCN2CCC(c3cccc4c3OCO4)CC2)CC1,7.55
CHEMBL3664854,O=C(C[C@H]1CCCCO1)N[C@H]1CC[C@H](CCN2CCC(c3cccc4c3OCO4)CC2)CC1,7.9
CHEMBL3664855,O=C(C[C@@H]1CCCOC1)N[C@H]1CC[C@H](CCN2CCC(c3cccc4c3OCO4)CC2)CC1,7.7
CHEMBL3664856,CCOCCC(=O)N[C@H]1CC[C@H](CCN2CCC(c3cccc4c3OCO4)CC2)CC1,7.26
CHEMBL3664857,O=C(CC1(O)CCC1)N[C@H]1CC[C@H](CCN2CCC(c3cccc4c3OCO4)CC2)CC1,7.57
CHEMBL3664858,O=C(N[C@H]1CC[C@H](CCN2CCC(c3cccc4c3OCO4)CC2)CC1)C1CCCO1,7.84
CHEMBL3664859,O=C(N[C@H]1CC[C@H](CCN2CCC(c3cccc4c3OCO4)CC2)CC1)C1CCOC1,7.62
CHEMBL3664860,O=C(N[C@H]1CC[C@H](CCN2CCC(c3cccc4c3OCO4)CC2)CC1)C1CCOCC1,8.02
CHEMBL3664861,O=C(N[C@H]1CC[C@H](CCN2CCC(c3cccc4c3OCO4)CC2)CC1)C1(O)CC1,8.09
CHEMBL3664862,O=C(N[C@H]1CC[C@H](CCN2CCC(c3cccc4c3OCO4)CC2)CC1)C1(C(F)(F)F)CC1,7.72
CHEMBL3664863,CCC(C)C(=O)N[C@H]1CC[C@H](CCN2CCC(c3cccc4c3OCO4)CC2)CC1,7.6
CHEMBL3664864,O=C(N[C@H]1CC[C@H](CCN2CCC(c3cccc4c3OCO4)CC2)CC1)C1CCS(=O)(=O)C1,8.34
CHEMBL3664865,O=C(CC1CCOCC1)N[C@H]1CC[C@H](CCN2CCC(c3cccc4c3OCO4)CC2)CC1,7.53
CHEMBL3664866,O=C(N[C@H]1CC[C@H](CCN2CCC(c3cccc4c3OCO4)CC2)CC1)C1CCC1,7.77
CHEMBL3664867,CS(=O)(=O)CC(=O)N[C@H]1CC[C@H](CCN2CCC(c3cccc4c3OCO4)CC2)CC1,7.57
CHEMBL3664868,O=C(N[C@H]1CC[C@H](CCN2CCC(c3cccc4c3OCO4)CC2)CC1)c1ccc(N2CCOCC2)cc1,7.73
CHEMBL3664869,O=C(N[C@H]1CC[C@H](CCN2CCC(c3cccc4c3OCO4)CC2)CC1)c1ccnc2ccccc12,7.64
CHEMBL3664870,O=C(N[C@H]1CC[C@H](CCN2CCC(c3cccc4c3OCO4)CC2)CC1)c1ccc2c(c1)OCCO2,7.7
CHEMBL3664871,O=C(Cc1ccc2c(c1)OCO2)N[C@H]1CC[C@H](CCN2CCC(c3cccc4c3OCO4)CC2)CC1,7.43
CHEMBL3664872,O=C(N[C@H]1CC[C@H](CCN2CCC(c3cccc4c3OCO4)CC2)CC1)C1COc2ccccc2C1,7.66
CHEMBL3664873,CN1CCC(C(=O)N[C@H]2CC[C@H](CCN3CCC(c4cccc5c4OCO5)CC3)CC2)CC1,8.23
CHEMBL3664874,CC1(C(=O)N[C@H]2CC[C@H](CCN3CCC(c4cccc5c4OCO5)CC3)CC2)COC1,7.66
CHEMBL3664875,CO[C@H]1CC[C@H](CC(=O)N[C@H]2CC[C@H](CCN3CCC(c4cccc5c4OCO5)CC3)CC2)CC1,7.46
CHEMBL3664876,C[C@@H](O)C(=O)N[C@H]1CC[C@H](CCN2CCC(c3cccc4c3OCO4)CC2)CC1,7.97
CHEMBL3664877,O=C(CO)N[C@H]1CC[C@H](CCN2CCC(c3cccc4c3OCO4)CC2)CC1,7.67
CHEMBL3664878,O=C(N[C@H]1CC[C@H](CCN2CCC(c3cccc4c3OCO4)CC2)CC1)C1(O)CCCCC1,8.41
CHEMBL3664879,COC1(C(=O)N[C@H]2CC[C@H](CCN3CCC(c4cccc5c4OCO5)CC3)CC2)CCCCC1,7.94
CHEMBL3664880,CN1CCN(CC(=O)N[C@H]2CC[C@H](CCN3CCC(c4cccc5c4OCO5)CC3)CC2)CC1,7.51
CHEMBL3664881,CS(=O)(=O)N[C@H]1CC[C@H](CCN2CCC(c3cccc4c3OCO4)CC2)CC1,7.5
CHEMBL3664882,O=S(=O)(N[C@H]1CC[C@H](CCN2CCC(c3cccc4c3OCO4)CC2)CC1)c1ccccc1,7.28
CHEMBL3664883,O=S(=O)(N[C@H]1CC[C@H](CCN2CCC(c3cccc4c3OCO4)CC2)CC1)c1ccc(F)cc1,7.18
CHEMBL3664884,Cn1cnc(S(=O)(=O)N[C@H]2CC[C@H](CCN3CCC(c4cccc5c4OCO5)CC3)CC2)c1,7.19
CHEMBL3664885,O=C(N[C@H]1CC[C@H](CCN2CCC(c3cccc4c3OCO4)CC2)CC1)C(F)(F)F,7.43
CHEMBL3664886,O=C(N[C@H]1CC[C@H](CCN2CCC(c3cccc4c3OCO4)CC2)CC1)N1CCc2ccccc21,7.6
CHEMBL3664887,CN(C)C(=O)N[C@H]1CC[C@H](CCN2CCC(c3cccc4c3OCO4)CC2)CC1,7.34
CHEMBL3664888,O=C(CF)N[C@H]1CC[C@H](CCN2CCC(c3cccc4c3OCO4)CC2)CC1,7.4
CHEMBL3664889,O=C(Nc1ccc(Cl)cc1)N[C@H]1CC[C@H](CCN2CCC(c3cccc4c3OCO4)CC2)CC1,6.65
CHEMBL3664890,CN(C)S(=O)(=O)N[C@H]1CC[C@H](CCN2CCC(c3cccc4c3OCO4)CC2)CC1,7.68
CHEMBL3664891,O=S(=O)(N[C@H]1CC[C@H](CCN2CCC(c3cccc4c3OCO4)CC2)CC1)N1CCOCC1,7.25
CHEMBL3676846,CC(=O)N[C@H]1CC[C@H](CCN2CCC(c3coc4ccccc34)CC2)CC1,8.29
CHEMBL3676847,COCCC(=O)N[C@H]1CC[C@H](CCN2CCC(c3coc4ccccc34)CC2)CC1,8.33
CHEMBL3676848,O=C(N[C@H]1CC[C@H](CCN2CCC(c3coc4ccccc34)CC2)CC1)C1CCOCC1,8.61
CHEMBL3676849,O=C(CC1CCOCC1)N[C@H]1CC[C@H](CCN2CCC(c3coc4ccccc34)CC2)CC1,8.27
CHEMBL3676850,CCC(=O)N[C@H]1CC[C@H](CCN2CCC(c3coc4ccccc34)CC2)CC1,8.35
CHEMBL3676851,COCC(=O)N[C@H]1CC[C@H](CCN2CCC(c3coc4ccccc34)CC2)CC1,8.47
CHEMBL3676852,CS(=O)(=O)CC(=O)N[C@H]1CC[C@H](CCN2CCC(c3coc4ccccc34)CC2)CC1,8.45
CHEMBL3676853,O=C(CC1COCCO1)N[C@H]1CC[C@H](CCN2CCC(c3coc4ccccc34)CC2)CC1,8.69
CHEMBL3676854,O=C(N[C@H]1CC[C@H](CCN2CCC(c3coc4ccccc34)CC2)CC1)c1ccccc1,8.36
CHEMBL3676855,Cc1cc(CC(=O)N[C@H]2CC[C@H](CCN3CCC(c4coc5ccccc45)CC3)CC2)on1,8.11
CHEMBL3676856,O=C(CO)N[C@H]1CC[C@H](CCN2CCC(c3coc4ccccc34)CC2)CC1,8.31
CHEMBL3676857,O=C(CC(F)(F)F)N[C@H]1CC[C@H](CCN2CCC(c3coc4ccccc34)CC2)CC1,8.09
CHEMBL3676858,O=C(N[C@H]1CC[C@H](CCN2CCC(c3coc4ccccc34)CC2)CC1)c1ccc(N2CCOCC2)cc1,7.96
CHEMBL3676859,CC(C)C(=O)N[C@H]1CC[C@H](CCN2CCC(c3coc4ccccc34)CC2)CC1,8.24
CHEMBL3676860,CC(C)CC(=O)N[C@H]1CC[C@H](CCN2CCC(c3coc4ccccc34)CC2)CC1,8.06
CHEMBL3676861,CC(C)(O)C(=O)N[C@H]1CC[C@H](CCN2CCC(c3coc4ccccc34)CC2)CC1,8.65
CHEMBL3676862,O=C(N[C@H]1CC[C@H](CCN2CCC(c3coc4ccccc34)CC2)CC1)C1CCOC1,8.23
CHEMBL3676863,O=C(N[C@H]1CC[C@H](CCN2CCC(c3coc4ccccc34)CC2)CC1)C1CCCO1,8.54
CHEMBL3676864,O=C(N[C@H]1CC[C@H](CCN2CCC(c3coc4ccccc34)CC2)CC1)c1ccnc2ccccc12,8.06
CHEMBL3676865,O=C(N[C@H]1CC[C@H](CCN2CCC(c3coc4ccccc34)CC2)CC1)C1CCC1,8.26
CHEMBL3676866,O=C(CCO)N[C@H]1CC[C@H](CCN2CCC(c3coc4ccccc34)CC2)CC1,8.08
CHEMBL3676867,O=C(N[C@H]1CC[C@H](CCN2CCC(c3coc4ccccc34)CC2)CC1)C1(O)CC1,8.52
CHEMBL3676868,N#CCC(=O)N[C@H]1CC[C@H](CCN2CCC(c3coc4ccccc34)CC2)CC1,8.22
CHEMBL3676869,O=C(N[C@H]1CC[C@H](CCN2CCC(c3coc4ccccc34)CC2)CC1)c1ccc(F)cc1,8.25
CHEMBL3676870,O=C(CC1CC1)N[C@H]1CC[C@H](CCN2CCC(c3coc4ccccc34)CC2)CC1,8.29
CHEMBL3676871,O=C(N[C@H]1CC[C@H](CCN2CCC(c3coc4ccccc34)CC2)CC1)C1CCCOC1,8.33
CHEMBL3676872,O=C(N[C@H]1CC[C@H](CCN2CCC(c3coc4ccccc34)CC2)CC1)C1CC1,8.37
CHEMBL3676873,CC(C)(C)C(=O)N[C@H]1CC[C@H](CCN2CCC(c3coc4ccccc34)CC2)CC1,8.22
CHEMBL3676874,O=C(CC1CCCO1)N[C@H]1CC[C@H](CCN2CCC(c3coc4ccccc34)CC2)CC1,8.27
CHEMBL3676875,O=C(N[C@H]1CC[C@H](CCN2CCC(c3coc4ccccc34)CC2)CC1)C1CC1(F)F,8.07
CHEMBL3676876,CCC(C)C(=O)N[C@H]1CC[C@H](CCN2CCC(c3coc4ccccc34)CC2)CC1,8.18
CHEMBL3676877,O=C(N[C@H]1CC[C@H](CCN2CCC(c3coc4ccccc34)CC2)CC1)C(O)C(F)(F)F,8.22
CHEMBL3676878,CCCC(=O)N[C@H]1CC[C@H](CCN2CCC(c3coc4ccccc34)CC2)CC1,8.26
CHEMBL3676879,CC(C)(O)CC(=O)N[C@H]1CC[C@H](CCN2CCC(c3coc4ccccc34)CC2)CC1,8.29
CHEMBL3676880,O=C(C[C@@H](O)C(F)(F)F)N[C@H]1CC[C@H](CCN2CCC(c3coc4ccccc34)CC2)CC1,8.01
CHEMBL3676881,CS(=O)(=O)N[C@H]1CC[C@H](CCN2CCC(c3coc4ccccc34)CC2)CC1,8.27
CHEMBL3676882,CCS(=O)(=O)N[C@H]1CC[C@H](CCN2CCC(c3coc4ccccc34)CC2)CC1,8.29
CHEMBL3676883,Cc1ccc(S(=O)(=O)N[C@H]2CC[C@H](CCN3CCC(c4coc5ccccc45)CC3)CC2)cc1,7.38
CHEMBL3676884,O=C(N[C@H]1CC[C@H](CCN2CCC(c3coc4ccccc34)CC2)CC1)C(F)(F)F,8.06
CHEMBL3676885,CC(C)(C)CC(=O)N[C@H]1CC[C@H](CCN2CCC(c3coc4ccccc34)CC2)CC1,7.99
CHEMBL3676886,Cc1cc(C(=O)N[C@H]2CC[C@H](CCN3CCC(c4coc5ccccc45)CC3)CC2)on1,8.04
CHEMBL3676887,CN(C)C(=O)CCC(=O)N[C@H]1CC[C@H](CCN2CCC(c3coc4ccccc34)CC2)CC1,8.11
CHEMBL3676888,CN(C)S(=O)(=O)N[C@H]1CC[C@H](CCN2CCC(c3coc4ccccc34)CC2)CC1,8.36
CHEMBL3676889,O=C(CCC(F)(F)F)N[C@H]1CC[C@H](CCN2CCC(c3coc4ccccc34)CC2)CC1,7.83
CHEMBL3676890,CC(C)CCC(=O)N[C@H]1CC[C@H](CCN2CCC(c3coc4ccccc34)CC2)CC1,7.88
CHEMBL3676891,CC[C@@H](O)CC(=O)N[C@H]1CC[C@H](CCN2CCC(c3coc4ccccc34)CC2)CC1,8.06
CHEMBL3676892,CC[C@H](O)CC(=O)N[C@H]1CC[C@H](CCN2CCC(c3coc4ccccc34)CC2)CC1,8.04
CHEMBL3676893,O=C(CC1CCC1)N[C@H]1CC[C@H](CCN2CCC(c3coc4ccccc34)CC2)CC1,8.31
CHEMBL3676894,O=C(N[C@H]1CC[C@H](CCN2CCC(c3coc4ccccc34)CC2)CC1)c1ccc(Cl)cc1,8.04
CHEMBL3676895,O=C(N[C@H]1CC[C@H](CCN2CCC(c3coc4ccccc34)CC2)CC1)c1ccc(C(F)(F)F)cc1,8.32
CHEMBL3676896,O=C(N[C@H]1CC[C@H](CCN2CCC(c3coc4ccccc34)CC2)CC1)c1ccc(N2CCCCC2)cc1,8.16
CHEMBL3676897,COC(CC(=O)N[C@H]1CC[C@H](CCN2CCC(c3coc4ccccc34)CC2)CC1)OC,8.23
CHEMBL3676898,CC(C)=CC(=O)N[C@H]1CC[C@H](CCN2CCC(c3coc4ccccc34)CC2)CC1,8.01
CHEMBL3676899,C/C=C/CC(=O)N[C@H]1CC[C@H](CCN2CCC(c3coc4ccccc34)CC2)CC1,7.91
CHEMBL3676900,CC#CC(=O)N[C@H]1CC[C@H](CCN2CCC(c3coc4ccccc34)CC2)CC1,8.1
CHEMBL3676901,O=CN[C@H]1CC[C@H](CCN2CCC(c3coc4ccccc34)CC2)CC1,7.87
CHEMBL3676902,CCCCC(=O)N[C@H]1CC[C@H](CCN2CCC(c3coc4ccccc34)CC2)CC1,7.88
CHEMBL3676903,O=C(N[C@H]1CC[C@H](CCN2CCC(c3coc4ccccc34)CC2)CC1)c1ccc2c(c1)OCO2,8.06
CHEMBL3676904,O=C(N[C@H]1CC[C@H](CCN2CCC(c3coc4ccccc34)CC2)CC1)c1ccc(-n2cccn2)cc1,7.65
CHEMBL3676905,CC(C)(C)c1ccc(C(=O)N[C@H]2CC[C@H](CCN3CCC(c4coc5ccccc45)CC3)CC2)cc1,8.42
CHEMBL3676906,Cc1nc(-c2ccc(C(=O)N[C@H]3CC[C@H](CCN4CCC(c5coc6ccccc56)CC4)CC3)cc2)no1,7.82
CHEMBL3676907,CN1CCN(c2ccc(C(=O)N[C@H]3CC[C@H](CCN4CCC(c5coc6ccccc56)CC4)CC3)cc2)CC1,8.05
CHEMBL3676908,O=C(N[C@H]1CC[C@H](CCN2CCC(c3coc4ccccc34)CC2)CC1)c1ccc(-c2ccccc2)cc1,8.28
CHEMBL3676909,O=C(N[C@H]1CC[C@H](CCN2CCC(c3coc4ccccc34)CC2)CC1)c1ccc(-c2cccnc2)cc1,7.89
CHEMBL3676910,O=C(N[C@H]1CC[C@H](CCN2CCC(c3coc4ccccc34)CC2)CC1)c1ccc(N2CCOCC2)nc1,8.12
CHEMBL3676911,O=C(N[C@H]1CC[C@H](CCN2CCC(c3coc4ccccc34)CC2)CC1)c1ccc(N2CCS(=O)(=O)CC2)cc1,8.0
CHEMBL3676912,O=C(N[C@H]1CC[C@H](CCN2CCC(c3coc4ccccc34)CC2)CC1)c1cnc(N2CCOCC2)cn1,8.09
CHEMBL3676913,O=C(N[C@H]1CC[C@H](CCN2CCC(c3coc4ccccc34)CC2)CC1)c1ccc(-n2cccc2)cc1,7.99
CHEMBL3676914,Cc1ccc(C(=O)N[C@H]2CC[C@H](CCN3CCC(c4coc5ccccc45)CC3)CC2)cn1,8.29
CHEMBL3676915,N#Cc1ccc(C(=O)N[C@H]2CC[C@H](CCN3CCC(c4coc5ccccc45)CC3)CC2)cc1,8.23
CHEMBL3676916,CC(C)(C)Oc1ccc(C(=O)N[C@H]2CC[C@H](CCN3CCC(c4coc5ccccc45)CC3)CC2)cc1,8.26
CHEMBL3676917,CO[C@H]1CC[C@H](CC(=O)N[C@H]2CC[C@H](CCN3CCC(c4coc5ccccc45)CC3)CC2)CC1,8.09
CHEMBL3676919,O=C(Cc1ccc2c(c1)OCO2)N[C@H]1CC[C@H](CCN2CCC(c3coc4ccccc34)CC2)CC1,7.94
CHEMBL3676920,CS(=O)(=O)c1ccc(C(=O)N[C@H]2CC[C@H](CCN3CCC(c4coc5ccccc45)CC3)CC2)s1,8.11
CHEMBL3676921,O=C(CC1COC1)N[C@H]1CC[C@H](CCN2CCC(c3coc4ccccc34)CC2)CC1,8.28
CHEMBL3676922,CC(C)(C)C1CCC(C(=O)N[C@H]2CC[C@H](CCN3CCC(c4coc5ccccc45)CC3)CC2)CC1,8.22
CHEMBL3676923,O=C(N[C@H]1CC[C@H](CCN2CCC(c3coc4ccccc34)CC2)CC1)C12CC3CC(CC(C3)C1)C2,7.76
CHEMBL3676924,O=C(N[C@H]1CC[C@H](CCN2CCC(c3coc4ccccc34)CC2)CC1)C1CCC(C(F)(F)F)CC1,7.95
CHEMBL3676925,CC(C)Cc1ccc(C(=O)N[C@H]2CC[C@H](CCN3CCC(c4coc5ccccc45)CC3)CC2)cc1,8.57
CHEMBL3676926,CCc1ccc(C(=O)N[C@H]2CC[C@H](CCN3CCC(c4coc5ccccc45)CC3)CC2)cc1,8.6
CHEMBL3676927,O=C(N[C@H]1CC[C@H](CCN2CCC(c3coc4ccccc34)CC2)CC1)c1ccc(C2CCCCC2)cc1,8.24
CHEMBL3676928,CC(C)c1ccc(C(=O)N[C@H]2CC[C@H](CCN3CCC(c4coc5ccccc45)CC3)CC2)cc1,8.59
CHEMBL3676929,O=C(N[C@H]1CC[C@H](CCN2CCC(c3coc4ccccc34)CC2)CC1)c1ccc(C2CC2)cc1,8.67
CHEMBL3676930,O=C(Cc1noc2ccccc12)N[C@H]1CC[C@H](CCN2CCC(c3coc4ccccc34)CC2)CC1,8.09
CHEMBL3676931,CS(=O)(=O)c1ccc(C(=O)N[C@H]2CC[C@H](CCN3CCC(c4coc5ccccc45)CC3)CC2)cc1,8.24
CHEMBL3676932,O=C(N[C@H]1CC[C@H](CCN2CCC(c3coc4ccccc34)CC2)CC1)c1ccc(Cl)cc1Cl,7.91
CHEMBL3676933,CC(C)(C)c1ccc(S(=O)(=O)N[C@H]2CC[C@H](CCN3CCC(c4coc5ccccc45)CC3)CC2)cc1,7.5
CHEMBL3695354,CC(=O)N[C@H]1CC[C@H](CCN2CCC(c3cccc4occc34)CC2)CC1,8.17
CHEMBL3695355,COCCC(=O)N[C@H]1CC[C@H](CCN2CCC(c3cccc4occc34)CC2)CC1,8.15
CHEMBL3695356,O=C(N[C@H]1CC[C@H](CCN2CCC(c3cccc4occc34)CC2)CC1)C1CCOCC1,8.66
CHEMBL3695357,O=C(CC1CCOCC1)N[C@H]1CC[C@H](CCN2CCC(c3cccc4occc34)CC2)CC1,8.05
CHEMBL3695358,CC(=O)N[C@H]1CC[C@H](CCN2CCC(c3cccc4c3CCO4)CC2)CC1,7.43
CHEMBL3695359,COCCC(=O)N[C@H]1CC[C@H](CCN2CCC(c3cccc4c3CCO4)CC2)CC1,7.41
CHEMBL3695360,O=C(N[C@H]1CC[C@H](CCN2CCC(c3cccc4c3CCO4)CC2)CC1)C1CCOCC1,7.89
CHEMBL3695361,O=C(CC1CCOCC1)N[C@H]1CC[C@H](CCN2CCC(c3cccc4c3CCO4)CC2)CC1,7.41
CHEMBL3695362,CCC(=O)N[C@H]1CC[C@H](CCN2CCC(c3cccc4occc34)CC2)CC1,8.25
CHEMBL3695363,COCC(=O)N[C@H]1CC[C@H](CCN2CCC(c3cccc4occc34)CC2)CC1,8.38
CHEMBL3695364,CS(=O)(=O)CC(=O)N[C@H]1CC[C@H](CCN2CCC(c3cccc4occc34)CC2)CC1,8.28
CHEMBL3695365,O=C(CC1COCCO1)N[C@H]1CC[C@H](CCN2CCC(c3cccc4occc34)CC2)CC1,8.39
CHEMBL3695366,CCC(=O)N[C@H]1CC[C@H](CCN2CCC(c3cccc4c3CCO4)CC2)CC1,7.46
CHEMBL3695367,COCC(=O)N[C@H]1CC[C@H](CCN2CCC(c3cccc4c3CCO4)CC2)CC1,7.56
CHEMBL3695368,CS(=O)(=O)CC(=O)N[C@H]1CC[C@H](CCN2CCC(c3cccc4c3CCO4)CC2)CC1,7.45
CHEMBL3695369,O=C(CC1COCCO1)N[C@H]1CC[C@H](CCN2CCC(c3cccc4c3CCO4)CC2)CC1,7.65
CHEMBL3695370,O=C(N[C@H]1CC[C@H](CCN2CCC(c3cccc4c3CCO4)CC2)CC1)c1ccccc1,7.94
CHEMBL3695371,O=C(CC(F)(F)F)N[C@H]1CC[C@H](CCN2CCC(c3cccc4c3CCO4)CC2)CC1,7.47
CHEMBL3695372,Cc1cc(CC(=O)N[C@H]2CC[C@H](CCN3CCC(c4cccc5c4CCO5)CC3)CC2)on1,7.48
CHEMBL3695373,O=C(CO)N[C@H]1CC[C@H](CCN2CCC(c3cccc4c3CCO4)CC2)CC1,7.6
CHEMBL3695374,O=C(C[C@@H]1COCCO1)N[C@H]1CC[C@H](CCN2CCC(c3cccc4c3CCO4)CC2)CC1,7.55
CHEMBL3695375,O=C(C[C@H]1COCCO1)N[C@H]1CC[C@H](CCN2CCC(c3cccc4c3CCO4)CC2)CC1,7.71
CHEMBL3695376,CC(C)C(=O)N[C@H]1CC[C@H](CCN2CCC(c3cccc4c3CCO4)CC2)CC1,7.7
CHEMBL3695377,CC(C)CC(=O)N[C@H]1CC[C@H](CCN2CCC(c3cccc4c3CCO4)CC2)CC1,7.51
CHEMBL3695378,O=C(CC1CCCO1)N[C@H]1CC[C@H](CCN2CCC(c3cccc4c3CCO4)CC2)CC1,7.57
CHEMBL3695379,O=C(N[C@H]1CC[C@H](CCN2CCC(c3cccc4c3CCO4)CC2)CC1)C1CCC1,7.69
CHEMBL3695380,O=C(CCO)N[C@H]1CC[C@H](CCN2CCC(c3cccc4c3CCO4)CC2)CC1,7.21
CHEMBL3695381,O=C(N[C@H]1CC[C@H](CCN2CCC(c3cccc4c3CCO4)CC2)CC1)C1(O)CC1,8.03
CHEMBL3695382,O=C(N[C@H]1CC[C@H](CCN2CCC(c3cccc4c3CCO4)CC2)CC1)C1CC1,7.63
CHEMBL3695383,O=C(CC1CC1)N[C@H]1CC[C@H](CCN2CCC(c3cccc4c3CCO4)CC2)CC1,7.54
CHEMBL3695384,O=C(C[C@H]1CCCO1)N[C@H]1CC[C@H](CCN2CCC(c3cccc4c3CCO4)CC2)CC1,7.45
CHEMBL3695385,O=C(C[C@@H]1CCCO1)N[C@H]1CC[C@H](CCN2CCC(c3cccc4c3CCO4)CC2)CC1,7.49
CHEMBL3695386,O=C(N[C@H]1CC[C@H](CCN2CCC(c3cccc4c3CCO4)CC2)CC1)c1ccc(N2CCOCC2)cc1,7.75
CHEMBL3695387,O=C(N[C@H]1CC[C@H](CCN2CCC(c3cccc4c3CCO4)CC2)CC1)c1ccc(Cl)cc1,7.74
CHEMBL3695388,O=C(N[C@H]1CC[C@H](CCN2CCC(c3cccc4c3CCO4)CC2)CC1)c1ccc(F)cc1,7.85
CHEMBL3695389,O=C(C[C@@H](O)C(F)(F)F)N[C@H]1CC[C@H](CCN2CCC(c3cccc4c3CCO4)CC2)CC1,7.27
CHEMBL3695390,O=C(N[C@H]1CC[C@H](CCN2CCC(c3cccc4c3CCO4)CC2)CC1)C(O)C(F)(F)F,7.58
CHEMBL3695391,CC(C)(O)C(=O)N[C@H]1CC[C@H](CCN2CCC(c3cccc4c3CCO4)CC2)CC1,8.1
CHEMBL3695392,O=C(N[C@H]1CC[C@H](CCN2CCC(c3cccc4c3CCO4)CC2)CC1)C1(O)CCC1,7.91
CHEMBL3695393,O=C(N[C@H]1CC[C@H](CCN2CCC(c3cccc4c3CCO4)CC2)CC1)c1ccnc2ccccc12,7.62
CHEMBL3695394,Cc1cc(C(=O)N[C@H]2CC[C@H](CCN3CCC(c4cccc5c4CCO5)CC3)CC2)on1,7.44
CHEMBL3695395,Cc1ccc(C(=O)N[C@H]2CC[C@H](CCN3CCC(c4cccc5c4CCO5)CC3)CC2)cn1,7.59
CHEMBL3695396,O=C(N[C@H]1CC[C@H](CCN2CCC(c3cccc4c3CCO4)CC2)CC1)C(F)(F)F,7.26
CHEMBL3695397,CN1CCN(c2ccc(C(=O)N[C@H]3CC[C@H](CCN4CCC(c5cccc6c5CCO6)CC4)CC3)cc2)CC1,8.08
CHEMBL3695398,N#Cc1ccc(C(=O)N[C@H]2CC[C@H](CCN3CCC(c4cccc5c4CCO5)CC3)CC2)cc1,7.65
CHEMBL3695399,O=C(N[C@H]1CC[C@H](CCN2CCC(c3cccc4c3CCO4)CC2)CC1)c1ccc(N2CCOCC2)nc1,7.56
CHEMBL3695400,CS(=O)(=O)N[C@H]1CC[C@H](CCN2CCC(c3cccc4c3CCO4)CC2)CC1,7.45
CHEMBL3695401,CCS(=O)(=O)N[C@H]1CC[C@H](CCN2CCC(c3cccc4c3CCO4)CC2)CC1,7.46
CHEMBL3695402,O=S(=O)(N[C@H]1CC[C@H](CCN2CCC(c3cccc4c3CCO4)CC2)CC1)c1ccccc1,7.1
CHEMBL3695403,O=S(=O)(N[C@H]1CC[C@H](CCN2CCC(c3cccc4c3CCO4)CC2)CC1)c1ccc(F)cc1,7.06
CHEMBL3695404,CN(C)S(=O)(=O)N[C@H]1CC[C@H](CCN2CCC(c3cccc4c3CCO4)CC2)CC1,7.71
CHEMBL3695405,O=C(N[C@H]1CC[C@H](CCN2CCC(c3cccc4c3CCO4)CC2)CC1)C1CCOC1,7.61
CHEMBL3695406,O=C(N[C@H]1CC[C@H](CCN2CCC(c3cccc4c3CCO4)CC2)CC1)C1CCCO1,7.88
CHEMBL3695407,O=C(N[C@H]1CC[C@H](CCN2CCC(c3cccc4c3CCO4)CC2)CC1)C1CCCOC1,7.67
CHEMBL3695408,N#CCC(=O)N[C@H]1CC[C@H](CCN2CCC(c3cccc4c3CCO4)CC2)CC1,7.41
CHEMBL3695409,O=C(N[C@H]1CC[C@H](CCN2CCC(c3cccc4c3CCO4)CC2)CC1)c1ccc(N2CCCCC2)cc1,6.86
CHEMBL3695410,O=C(N[C@H]1CC[C@H](CCN2CCC(c3cccc4c3CCO4)CC2)CC1)c1ccc(C(F)(F)F)cc1,6.87
CHEMBL3695411,CC(C)(C)C(=O)N[C@H]1CC[C@H](CCN2CCC(c3cccc4c3CCO4)CC2)CC1,7.3
CHEMBL3695412,CC(C)(C)CC(=O)N[C@H]1CC[C@H](CCN2CCC(c3cccc4c3CCO4)CC2)CC1,7.27
CHEMBL3695413,O=C(CC1CCC1)N[C@H]1CC[C@H](CCN2CCC(c3cccc4c3CCO4)CC2)CC1,7.35
CHEMBL3695414,O=C(N[C@H]1CC[C@H](CCN2CCC(c3cccc4c3CCO4)CC2)CC1)C1CC1(F)F,7.29
CHEMBL3695415,CCC(C)C(=O)N[C@H]1CC[C@H](CCN2CCC(c3cccc4c3CCO4)CC2)CC1,7.19
CHEMBL3695416,CN(C)C(=O)CCC(=O)N[C@H]1CC[C@H](CCN2CCC(c3cccc4c3CCO4)CC2)CC1,7.05
CHEMBL3695417,CC(=O)N[C@H]1CC[C@H](CCN2CCC(c3ccc(F)c4occc34)CC2)CC1,7.48
CHEMBL3695418,O=C(N[C@H]1CC[C@H](CCN2CCC(c3ccc(F)c4occc34)CC2)CC1)C1CCOCC1,7.94
CHEMBL3695419,O=C(CC1CCOCC1)N[C@H]1CC[C@H](CCN2CCC(c3ccc(F)c4occc34)CC2)CC1,7.51
CHEMBL3695420,COCCC(=O)N[C@H]1CC[C@H](CCN2CCC(c3ccc(F)c4occc34)CC2)CC1,7.51
CHEMBL3695421,O=C(N[C@H]1CC[C@H](CCN2CCC(c3cccc4c3CCO4)CC2)CC1)c1ccc(-n2cccn2)cc1,7.56
CHEMBL3695422,Cc1nc(-c2ccc(C(=O)N[C@H]3CC[C@H](CCN4CCC(c5cccc6c5CCO6)CC4)CC3)cc2)no1,7.26
CHEMBL3695423,CS(=O)(=O)c1ccc(C(=O)N[C@H]2CC[C@H](CCN3CCC(c4cccc5c4CCO5)CC3)CC2)s1,7.5
CHEMBL3695424,CC(C)(C)c1ccc(C(=O)N[C@H]2CC[C@H](CCN3CCC(c4cccc5c4CCO5)CC3)CC2)cc1,7.54
CHEMBL3695425,CC(C)(O)CC(=O)N[C@H]1CC[C@H](CCN2CCC(c3cccc4c3CCO4)CC2)CC1,7.25
CHEMBL3695426,CCCC(=O)N[C@H]1CC[C@H](CCN2CCC(c3cccc4c3CCO4)CC2)CC1,7.03
CHEMBL3695427,O=C(CCC(F)(F)F)N[C@H]1CC[C@H](CCN2CCC(c3cccc4c3CCO4)CC2)CC1,6.93
CHEMBL3695428,CC(C)CCC(=O)N[C@H]1CC[C@H](CCN2CCC(c3cccc4c3CCO4)CC2)CC1,7.14
CHEMBL3695429,CCCCC(=O)N[C@H]1CC[C@H](CCN2CCC(c3cccc4c3CCO4)CC2)CC1,6.99
CHEMBL3695430,O=C(N[C@H]1CC[C@H](CCN2CCC(c3cccc4c3CCO4)CC2)CC1)c1ccc(N2CCS(=O)(=O)CC2)cc1,7.48
CHEMBL3695432,O=C(N[C@H]1CC[C@H](CCN2CCC(c3cccc4c3CCO4)CC2)CC1)c1ccc2c(c1)OCO2,7.64
CHEMBL3695433,O=C(CC1COC1)N[C@H]1CC[C@H](CCN2CCC(c3cccc4c3CCO4)CC2)CC1,7.26
CHEMBL3695434,CC[C@@H](O)CC(=O)N[C@H]1CC[C@H](CCN2CCC(c3cccc4c3CCO4)CC2)CC1,6.91
CHEMBL3695435,COC(CC(=O)N[C@H]1CC[C@H](CCN2CCC(c3cccc4c3CCO4)CC2)CC1)OC,7.16
CHEMBL3695436,CN(C)C(=O)N[C@H]1CC[C@H](CCN2CCC(c3cccc4c3CCO4)CC2)CC1,6.92
CHEMBL3695437,CC(C)=CC(=O)N[C@H]1CC[C@H](CCN2CCC(c3cccc4c3CCO4)CC2)CC1,7.22
CHEMBL3695438,C/C=C/CC(=O)N[C@H]1CC[C@H](CCN2CCC(c3cccc4c3CCO4)CC2)CC1,7.11
CHEMBL3695439,CC#CC(=O)N[C@H]1CC[C@H](CCN2CCC(c3cccc4c3CCO4)CC2)CC1,7.34
CHEMBL3695440,O=CN[C@H]1CC[C@H](CCN2CCC(c3cccc4c3CCO4)CC2)CC1,6.97
CHEMBL3695441,CC(C)(C)Oc1ccc(C(=O)N[C@H]2CC[C@H](CCN3CCC(c4cccc5c4CCO5)CC3)CC2)cc1,7.37
CHEMBL3695442,O=C(N[C@H]1CC[C@H](CCN2CCC(c3cccc4c3CCO4)CC2)CC1)c1ccc(Cl)cc1Cl,7.5
CHEMBL3695443,O=C(N[C@H]1CC[C@H](CCN2CCC(c3cccc4c3CCO4)CC2)CC1)c1ccc(-n2cccc2)cc1,7.52
CHEMBL3695444,O=C(N[C@H]1CC[C@H](CCN2CCC(c3cccc4c3CCO4)CC2)CC1)c1ccc(-c2ccccc2)cc1,7.55
CHEMBL3695445,O=C(N[C@H]1CC[C@H](CCN2CCC(c3cccc4c3CCO4)CC2)CC1)c1ccc(-c2cccnc2)cc1,7.59
CHEMBL3695446,O=C(Cc1noc2ccccc12)N[C@H]1CC[C@H](CCN2CCC(c3cccc4c3CCO4)CC2)CC1,7.51
CHEMBL3695447,CS(=O)(=O)c1ccc(C(=O)N[C@H]2CC[C@H](CCN3CCC(c4cccc5c4CCO5)CC3)CC2)cc1,7.83
CHEMBL3697951,CC(=O)N[C@H]1CC[C@H](CCN2CCN(c3cccc4c3OCO4)CC2)CC1,7.79
CHEMBL3697952,COCCC(=O)N[C@H]1CC[C@H](CCN2CCN(c3cccc4c3OCO4)CC2)CC1,7.67
CHEMBL3697953,O=C(CC1COCCO1)N[C@H]1CC[C@H](CCN2CCN(c3cccc4c3OCO4)CC2)CC1,7.93
CHEMBL3697954,O=C(C[C@H]1COCCO1)N[C@H]1CC[C@H](CCN2CCN(c3cccc4c3OCO4)CC2)CC1,8.11
CHEMBL3697955,O=C(C[C@@H]1COCCO1)N[C@H]1CC[C@H](CCN2CCN(c3cccc4c3OCO4)CC2)CC1,7.91
CHEMBL3697956,O=C(CC1CCCO1)N[C@H]1CC[C@H](CCN2CCN(c3cccc4c3OCO4)CC2)CC1,7.78
CHEMBL3697957,CCC(=O)N[C@H]1CC[C@H](CCN2CCN(c3cccc4c3OCO4)CC2)CC1,7.87
CHEMBL3697958,O=C(CC1CC1)N[C@H]1CC[C@H](CCN2CCN(c3cccc4c3OCO4)CC2)CC1,7.91
CHEMBL3697959,COCC(=O)N[C@H]1CC[C@H](CCN2CCN(c3cccc4c3OCO4)CC2)CC1,7.91
CHEMBL3697960,O=C(CO)N[C@H]1CC[C@H](CCN2CCN(c3cccc4c3OCO4)CC2)CC1,7.91
CHEMBL3697961,O=C(N[C@H]1CC[C@H](CCN2CCN(c3cccc4c3OCO4)CC2)CC1)c1ccccc1,7.73
CHEMBL3697962,COC(=O)N[C@H]1CC[C@H](CCN2CCN(c3cccc4c3OCO4)CC2)CC1,7.68
CHEMBL3697963,Cc1cc(CC(=O)N[C@H]2CC[C@H](CCN3CCN(c4cccc5c4OCO5)CC3)CC2)on1,7.64
CHEMBL3697964,N#CCC(=O)N[C@H]1CC[C@H](CCN2CCN(c3cccc4c3OCO4)CC2)CC1,7.73
CHEMBL3697965,O=C(CC1(O)CCCCC1)N[C@H]1CC[C@H](CCN2CCN(c3cccc4c3OCO4)CC2)CC1,7.78
CHEMBL3697966,O=C(CC(F)(F)F)N[C@H]1CC[C@H](CCN2CCN(c3cccc4c3OCO4)CC2)CC1,7.59
CHEMBL3697967,CC(C)C(=O)N[C@H]1CC[C@H](CCN2CCN(c3cccc4c3OCO4)CC2)CC1,7.78
CHEMBL3697968,CC(C)CC(=O)N[C@H]1CC[C@H](CCN2CCN(c3cccc4c3OCO4)CC2)CC1,7.61
CHEMBL3697969,CCCC(=O)N[C@H]1CC[C@H](CCN2CCN(c3cccc4c3OCO4)CC2)CC1,7.55
CHEMBL3697970,O=C(N[C@H]1CC[C@H](CCN2CCN(c3cccc4c3OCO4)CC2)CC1)C1CC1(F)F,7.57
CHEMBL3697971,COC(C)CC(=O)N[C@H]1CC[C@H](CCN2CCN(c3cccc4c3OCO4)CC2)CC1,7.61
CHEMBL3697972,O=C(CC1COC1)N[C@H]1CC[C@H](CCN2CCN(c3cccc4c3OCO4)CC2)CC1,7.71
CHEMBL3697973,CO[C@@H]1CC[C@@H](CC(=O)N[C@H]2CC[C@H](CCN3CCN(c4cccc5c4OCO5)CC3)CC2)C1,7.57
CHEMBL3697974,CC(C)(O)C(=O)N[C@H]1CC[C@H](CCN2CCN(c3cccc4c3OCO4)CC2)CC1,8.24
CHEMBL3697975,CO[C@H](C)C(=O)N[C@H]1CC[C@H](CCN2CCN(c3cccc4c3OCO4)CC2)CC1,7.47
CHEMBL3697976,CO[C@@H](C)C(=O)N[C@H]1CC[C@H](CCN2CCN(c3cccc4c3OCO4)CC2)CC1,8.16
CHEMBL3697977,CC(C)(O)CC(=O)N[C@H]1CC[C@H](CCN2CCN(c3cccc4c3OCO4)CC2)CC1,7.65
CHEMBL3697978,O=C(CC1(O)CCC1)N[C@H]1CC[C@H](CCN2CCN(c3cccc4c3OCO4)CC2)CC1,7.59
CHEMBL3697979,O=C(N[C@H]1CC[C@H](CCN2CCN(c3cccc4c3OCO4)CC2)CC1)C1(O)CC1,8.11
CHEMBL3697980,O=C(C[C@@H]1CCCCO1)N[C@H]1CC[C@H](CCN2CCN(c3cccc4c3OCO4)CC2)CC1,7.46
CHEMBL3697981,O=C(C[C@H]1CCCCO1)N[C@H]1CC[C@H](CCN2CCN(c3cccc4c3OCO4)CC2)CC1,7.92
CHEMBL3697982,O=C(C[C@@H]1CCCOC1)N[C@H]1CC[C@H](CCN2CCN(c3cccc4c3OCO4)CC2)CC1,7.58
CHEMBL3697983,O=C(C[C@H]1CCCOC1)N[C@H]1CC[C@H](CCN2CCN(c3cccc4c3OCO4)CC2)CC1,7.61
CHEMBL3697984,CS(=O)(=O)N[C@H]1CC[C@H](CCN2CCN(c3cccc4c3OCO4)CC2)CC1,7.48
CHEMBL3697985,O=C(N[C@H]1CC[C@H](CCN2CCN(c3cccc4c3OCO4)CC2)CC1)C1(O)CCC1,8.22
CHEMBL3697986,O=C(N[C@H]1CC[C@H](CCN2CCN(c3cccc4c3OCO4)CC2)CC1)C1(O)CCCC1,8.43
CHEMBL3697987,O=C(N[C@H]1CC[C@H](CCN2CCN(c3cccc4c3OCO4)CC2)CC1)C1(O)CCCCC1,8.33
CHEMBL3697988,CCC(O)C(=O)N[C@H]1CC[C@H](CCN2CCN(c3cccc4c3OCO4)CC2)CC1,7.59
CHEMBL3697989,CC(C)[C@@H](O)C(=O)N[C@H]1CC[C@H](CCN2CCN(c3cccc4c3OCO4)CC2)CC1,7.46
CHEMBL3697990,CC(C)[C@H](O)C(=O)N[C@H]1CC[C@H](CCN2CCN(c3cccc4c3OCO4)CC2)CC1,7.65
CHEMBL3697991,COC1(C(=O)N[C@H]2CC[C@H](CCN3CCN(c4cccc5c4OCO5)CC3)CC2)CCCCC1,7.74
CHEMBL3697992,C[C@@H](O)C(=O)N[C@H]1CC[C@H](CCN2CCN(c3cccc4c3OCO4)CC2)CC1,8.06
CHEMBL3697993,O=C(N[C@H]1CC[C@H](CCN2CCN(c3cccc4c3OCO4)CC2)CC1)C1CCOCC1,8.11
CHEMBL3697994,O=C(N[C@H]1CC[C@H](CCN2CCN(c3cccc4c3OCO4)CC2)CC1)C1CCCO1,7.91
CHEMBL3697995,O=C(N[C@H]1CC[C@H](CCN2CCN(c3cccc4c3OCO4)CC2)CC1)c1ccc(N2CCOCC2)cc1,6.93
CHEMBL3697996,O=C(N[C@H]1CC[C@H](CCN2CCN(c3cccc4c3OCO4)CC2)CC1)c1ccc(F)cc1,7.54
CHEMBL3697997,O=C(N[C@H]1CC[C@H](CCN2CCN(c3cccc4c3OCO4)CC2)CC1)c1ccnc2ccccc12,7.86
CHEMBL3697998,O=C(N[C@H]1CC[C@H](CCN2CCN(c3cccc4c3OCO4)CC2)CC1)c1cccnc1,7.94
CHEMBL3697999,O=C(N[C@H]1CC[C@H](CCN2CCN(c3cccc4c3OCO4)CC2)CC1)c1ccc2c(c1)OCCO2,7.97
CHEMBL3698000,O=C(N[C@H]1CC[C@H](CCN2CCN(c3cccc4c3OCO4)CC2)CC1)C1COc2ccccc2C1,8.19
CHEMBL3698001,O=C(Cc1ccc2c(c1)OCO2)N[C@H]1CC[C@H](CCN2CCN(c3cccc4c3OCO4)CC2)CC1,7.29
CHEMBL3698002,O=C(N[C@H]1CC[C@H](CCN2CCN(c3cccc4c3OCO4)CC2)CC1)C1CCS(=O)(=O)C1,8.37
CHEMBL3698003,O=C(CC1CCOCC1)N[C@H]1CC[C@H](CCN2CCN(c3cccc4c3OCO4)CC2)CC1,7.58
CHEMBL3698004,O=C(N[C@H]1CC[C@H](CCN2CCN(c3cccc4c3OCO4)CC2)CC1)C1CCC1,7.64
CHEMBL3698005,CS(=O)(=O)CC(=O)N[C@H]1CC[C@H](CCN2CCN(c3cccc4c3OCO4)CC2)CC1,7.66
CHEMBL3698006,CO[C@H]1CC[C@H](CC(=O)N[C@H]2CC[C@H](CCN3CCN(c4cccc5c4OCO5)CC3)CC2)CC1,7.53
CHEMBL3698007,CN1CCC(C(=O)N[C@H]2CC[C@H](CCN3CCN(c4cccc5c4OCO5)CC3)CC2)CC1,7.82
CHEMBL3698008,CC1(C(=O)N[C@H]2CC[C@H](CCN3CCN(c4cccc5c4OCO5)CC3)CC2)COC1,7.81
CHEMBL3698009,N#Cc1ccc(C(=O)N[C@H]2CC[C@H](CCN3CCN(c4cccc5c4OCO5)CC3)CC2)cc1,7.66
CHEMBL3698010,O=C(N[C@H]1CC[C@H](CCN2CCN(c3cccc4c3OCO4)CC2)CC1)C1CC(Cl)C1,7.62
CHEMBL3698011,CN1CCN(CC(=O)N[C@H]2CC[C@H](CCN3CCN(c4cccc5c4OCO5)CC3)CC2)CC1,7.79
CHEMBL3698012,COC1(C(=O)N[C@H]2CC[C@H](CCN3CCN(c4cccc5c4OCO5)CC3)CC2)CC1,8.2
CHEMBL3698013,COC(C)(C)C(=O)N[C@H]1CC[C@H](CCN2CCN(c3cccc4c3OCO4)CC2)CC1,7.95
CHEMBL3698014,CO[C@@H](C(=O)N[C@H]1CC[C@H](CCN2CCN(c3cccc4c3OCO4)CC2)CC1)C(C)C,7.62
CHEMBL3698015,CO[C@H](C(=O)N[C@H]1CC[C@H](CCN2CCN(c3cccc4c3OCO4)CC2)CC1)C(C)C,7.38
CHEMBL3698016,O=S(=O)(CC(F)(F)F)N[C@H]1CC[C@H](CCN2CCN(c3cccc4c3OCO4)CC2)CC1,7.5
CHEMBL3698017,O=S(=O)(N[C@H]1CC[C@H](CCN2CCN(c3cccc4c3OCO4)CC2)CC1)c1ccccc1,7.19
CHEMBL3698018,O=S(=O)(N[C@H]1CC[C@H](CCN2CCN(c3cccc4c3OCO4)CC2)CC1)c1ccc(F)cc1,7.24
CHEMBL3698019,Cn1cnc(S(=O)(=O)N[C@H]2CC[C@H](CCN3CCN(c4cccc5c4OCO5)CC3)CC2)c1,7.17
CHEMBL3698020,O=C(N[C@H]1CC[C@H](CCN2CCN(c3cccc4c3OCO4)CC2)CC1)C(F)(F)F,7.45
CHEMBL3698021,CN(C)C(=O)N[C@H]1CC[C@H](CCN2CCN(c3cccc4c3OCO4)CC2)CC1,7.34
CHEMBL3698022,O=C(CF)N[C@H]1CC[C@H](CCN2CCN(c3cccc4c3OCO4)CC2)CC1,7.5
CHEMBL3698023,O=C(C[C@H]1C[C@H](CO)C1)N[C@H]1CC[C@H](CCN2CCN(c3cccc4c3OCO4)CC2)CC1,7.6
CHEMBL3698024,O=C(Nc1ccc(Cl)cc1)N[C@H]1CC[C@H](CCN2CCN(c3cccc4c3OCO4)CC2)CC1,7.23
CHEMBL3698025,CN(C)S(=O)(=O)N[C@H]1CC[C@H](CCN2CCN(c3cccc4c3OCO4)CC2)CC1,7.67
CHEMBL3698026,O=S(=O)(N[C@H]1CC[C@H](CCN2CCN(c3cccc4c3OCO4)CC2)CC1)N1CCOCC1,7.49
CHEMBL369913,CC(=O)N1CCC(C)c2cccc(CCN3CCN(c4nsc5ccccc45)CC3)c21,9.52
CHEMBL370659,CC(=O)N1CCC(C)c2cc(F)cc(CCN3CCN(c4noc5ccccc45)CC3)c21,9.54
CHEMBL371289,CC1CC(=O)Nc2c(CCN3CCN(c4nsc5ccccc45)CC3)cccc21,9.66
CHEMBL371628,CC1CC(=O)Nc2c(CCN3CCN(c4noc5ccccc45)CC3)cc(F)cc21,9.55
CHEMBL372541,CC1CC(=O)N(C)c2c(CCN3CCN(c4nsc5ccccc45)CC3)cccc21,9.77
CHEMBL372811,CC(=O)N1CCC(C)c2cc(F)cc(CCN3CCN(c4nsc5ccccc45)CC3)c21,9.36
CHEMBL3734894,COc1cccc(CCCN(CCc2ccc(OC)c(OC)c2)Cc2ccc3c(c2)OCO3)c1,5.82
CHEMBL3735261,COc1ccc(CCN(CCCc2cc(OC)c(OC)c(OC)c2)CCc2ccc3c(c2)OCO3)cc1OC,6.84
CHEMBL3735434,COc1ccc(OC)c(CCCN(CCc2ccc(OC)c(OC)c2)CCc2ccc3c(c2)OCO3)c1,6.04
CHEMBL3735643,COc1ccc(CCN(CCCc2cc(OC)c(OC)c(OC)c2)Cc2ccc3c(c2)OCO3)cc1OC,5.65
CHEMBL3735756,COc1ccc(CCN(CCCc2ccccc2)CCc2ccc3c(c2)OCO3)cc1OC,6.78
CHEMBL3735862,COc1ccc(CCN(CCc2ccc3c(c2)OCO3)Cc2ccccc2)cc1OC,5.45
CHEMBL3735911,COc1cccc(CCCN(CCc2ccc(OC)c(OC)c2)CCc2ccc3c(c2)OCO3)c1,6.7
CHEMBL3736149,COc1ccccc1CCCN(CCc1ccc(OC)c(OC)c1)CCc1ccc2c(c1)OCO2,6.85
CHEMBL3736207,COc1ccc(CCCN(CCc2ccc(OC)c(OC)c2)CCc2ccc3c(c2)OCO3)cc1,6.57
CHEMBL3736252,COc1ccc(CCN(CCc2ccccc2)CCc2ccc3c(c2)OCO3)cc1OC,5.83
CHEMBL3736516,COc1ccc(CCN(CC/C=C\c2ccccc2)Cc2ccc3c(c2)OCO3)cc1OC,6.65
CHEMBL373873,Cc1c(C(=O)NCCCCN2CCN(c3cccc(Cl)c3Cl)CC2)nnn1Cc1ccccc1,8.13
CHEMBL3740054,CC(C)c1ccccc1OCCN1CCC(NS(=O)(=O)c2cccc(F)c2)CC1,6.75
CHEMBL3745815,CN(C1CCN(CCOc2ccccc2-c2ccccc2)CC1)S(=O)(=O)c1ccc(F)cc1,7.16
CHEMBL3745853,O=S(=O)(c1ccc(F)cc1)N(CC1CC1)C1CCN(CCOc2ccccc2-c2ccccc2)CC1,7.16
CHEMBL3745882,CC(C)c1ccccc1OCCN1CCC(N(CC2CC2)S(=O)(=O)c2cnn(C)c2)CC1,6.42
CHEMBL3745975,CN(C1CCN(CCOc2ccccc2C(C)(C)C)CC1)S(=O)(=O)c1cccc(F)c1,5.71
CHEMBL3746079,CN(C1CCN(CCOc2ccccc2C(C)(C)C)CC1)S(=O)(=O)c1ccc(F)cc1,5.97
CHEMBL3746083,CC(C)(C)c1ccccc1OCCN1CCC(N(CC2CC2)S(=O)(=O)c2ccc(F)cc2)CC1,5.88
CHEMBL3746493,Cn1cc(S(=O)(=O)N(CC2CC2)C2CCN(CCOc3ccccc3C(C)(C)C)CC2)cn1,5.83
CHEMBL3746713,CN(C1CCN(CCOc2ccccc2-c2ccccc2)CC1)S(=O)(=O)c1ccccc1,7.38
CHEMBL3746771,CN(C1CCN(CCOc2ccccc2C(C)(C)C)CC1)S(=O)(=O)c1cnn(C)c1,6.25
CHEMBL3746806,CN(C1CCN(CCOc2ccccc2C(C)(C)C)CC1)S(=O)(=O)c1ccccc1,5.9
CHEMBL3747003,CN(C1CCN(CCOc2ccccc2-c2ccccc2)CC1)S(=O)(=O)c1cnn(C)c1,7.24
CHEMBL3747052,CC(C)c1ccccc1OCCN1CCC(N(C)S(=O)(=O)c2ccccc2)CC1,6.58
CHEMBL3747071,CC(C)c1ccccc1OCCN1CCC(N(C)S(=O)(=O)c2ccc(F)cc2)CC1,6.42
CHEMBL3747114,CC(C)c1ccccc1OCCN1CCC(N(C)S(=O)(=O)c2cccc(F)c2)CC1,6.64
CHEMBL3747148,CC(C)c1ccccc1OCCN1CCC(N(CC2CC2)S(=O)(=O)c2cccc(F)c2)CC1,6.37
CHEMBL3747240,Cn1cc(S(=O)(=O)N(CC2CC2)C2CCN(CCOc3ccccc3-c3ccccc3)CC2)cn1,7.52
CHEMBL3747459,CC(C)c1ccccc1OCCN1CCC(N(C)S(=O)(=O)c2cnn(C)c2)CC1,6.92
CHEMBL3747744,CC(C)c1ccccc1OCCN1CCC(N(CC2CC2)S(=O)(=O)c2ccc(F)cc2)CC1,6.38
CHEMBL3752576,C=CCN(CC=C)CCc1c[nH]c2ccccc12,6.15
CHEMBL3752900,C=CCN(CC=C)CCc1c[nH]c2ccc(Cl)cc12,6.39
CHEMBL3753318,C=CCN(CC=C)CCc1c[nH]c2ccc(C)cc12,6.14
CHEMBL3753894,CN(C)CCN(Cc1ccccc1)S(=O)(=O)c1ccc(I)cc1,8.74
CHEMBL3754166,C=CCN(CC=C)CCc1c[nH]c2ccc(Br)cc12,6.32
CHEMBL3754496,C=CCN(CC=C)CCc1c[nH]c2ccc(F)cc12,6.61
CHEMBL3758591,O=S(=O)(NC1CCN(CCOc2ccccc2C2CCCC2)CC1)c1cccc(F)c1,6.52
CHEMBL3759205,CC(C)c1cccc(OCCN2C3CCC2CC(NS(=O)(=O)c2ccc(F)cc2)C3)c1,5.89
CHEMBL3759617,CC(C)c1cccc(OCCN2C3CCC2CC(NS(=O)(=O)c2cccc(F)c2)C3)c1,5.89
CHEMBL3759819,O=S(=O)(NC1CC2CCC(C1)N2CCOc1cccc(-c2ccccc2)c1)c1cccc(Cl)c1,5.94
CHEMBL3763779,COc1ccccc1N1CCN(CCCCC(=O)n2c3ccccc3c3ccccc32)CC1.Cl,6.35
CHEMBL3764133,Cl.O=C(CCCCN1CCN(c2ccccc2O)CC1)n1c2ccccc2c2ccccc21,6.59
CHEMBL376455,O=C1c2ccccc2C2CNCCN12,5.07
CHEMBL376456,COc1cccc2c1C(=O)N1CCNCC21,5.48
CHEMBL3764650,COc1ccccc1N1CCN(CCCCCC(=O)n2c3ccccc3c3ccccc32)CC1.Cl,5.9
CHEMBL3769968,C=CCOc1cc(F)c(F)cc1C1CC1CN.Cl,5.8
CHEMBL3770106,CCOC(=O)c1cccc(NC2=NC(N)=NC3(CCCCC3)N2)c1,6.76
CHEMBL3770342,NC1=NC2(CCCCC2)NC(Nc2cccc(Br)c2)=N1,6.68
CHEMBL3770981,CCOC(=O)c1cccc(NC2=NC(N(C)C)=NC3(CCCCC3)N2)c1,5.81
CHEMBL3771331,CCNC(=O)c1cccc(NC2=NC(N)=NC3(CCCCC3)N2)c1,5.88
CHEMBL379336,COc1ccc(N2CCC(c3ccc(Cl)c(Cl)c3)C2=O)cc1OCCN1CCC(C)(C)CC1,6.4
CHEMBL38027,CSc1ccc2c(c1)CCN2C(=O)Nc1cccnc1,5.4
CHEMBL3813726,COc1ccc(CCN(CCCc2ccccc2Br)CCc2ccc3c(c2)OCO3)cc1OC,7.27
CHEMBL3813789,COc1ccc(CCN(CCCc2ccc(I)cc2)CCc2ccc3c(c2)OCO3)cc1OC,6.54
CHEMBL3813796,COc1ccc(CCN(CCCc2ccccc2Cl)CCc2ccc3c(c2)OCO3)cc1OC,7.37
CHEMBL3813855,COc1ccc(CCN(CCCc2ccccc2I)CCc2ccc3c(c2)OCO3)cc1OC,7.12
CHEMBL3814485,COc1ccc(CCN(CCCc2ccc(Br)cc2)CCc2ccc3c(c2)OCO3)cc1OC,6.66
CHEMBL3814559,COc1ccc(CCN(CCCc2cccc(I)c2)CCc2ccc3c(c2)OCO3)cc1OC,6.77
CHEMBL3814708,COc1ccc(CCN(CCCc2ccc(Cl)cc2)CCc2ccc3c(c2)OCO3)cc1OC,6.44
CHEMBL3814737,COc1ccc(CCN(CCCc2ccc(F)cc2)CCc2ccc3c(c2)OCO3)cc1OC,6.73
CHEMBL3814821,COc1ccc(CCN(CCCc2cccc(Cl)c2)CCc2ccc3c(c2)OCO3)cc1OC,6.9
CHEMBL3815000,COc1ccc(CCN(CCCc2cccc(F)c2)CCc2ccc3c(c2)OCO3)cc1OC,6.73
CHEMBL3815066,COc1ccc(CCN(CCCc2cccc(Br)c2)CCc2ccc3c(c2)OCO3)cc1OC,6.99
CHEMBL3815112,COc1ccc(CCN(CCCc2ccccc2F)CCc2ccc3c(c2)OCO3)cc1OC,7.19
CHEMBL3817898,COc1ccc(C(=O)CCCN2CCc3ccccc3C2)cc1,5.67
CHEMBL3818056,O=C(CCCN1CCc2ccccc2C1)c1ccc(O)cc1,6.14
CHEMBL3818124,O=C1NCN(c2ccccc2)C12CCN(CCCCc1nc3cc(Cl)ccc3s1)CC2,5.95
CHEMBL3818128,Cl.Fc1ccc(CCCCN2CCc3ccccc3C2)cc1,6.14
CHEMBL3818200,N#Cc1ccc(C(=O)CCCN2CCc3ccccc3C2)cc1,7.64
CHEMBL3818478,O=C1NCN(c2ccccc2)C12CCN(CCCCc1c[nH]c3ccccc13)CC2,6.01
CHEMBL3818710,Cl.[O-][S+](CCCN1CCc2ccccc2C1)c1ccc(F)cc1,5.75
CHEMBL3818799,Fc1ccc(C(c2ccc(F)cc2)N2CCN(CCCCc3nc4ccccc4s3)CC2)cc1,6.29
CHEMBL3818940,OC1(c2ccc(Cl)cc2)CCN(CCCCc2nc3ccccc3o2)CC1,5.22
CHEMBL3818989,O=C(CCCN1CCc2ccccc2C1)c1ccccc1,8.41
CHEMBL3818994,O=C(CCCN1CCc2ccccc2C1)c1ccc(F)cc1,7.85
CHEMBL3819082,Cl.Fc1ccc2c(c1)CC(CCN1CCc3ccccc3C1)C2,6.28
CHEMBL3819153,O=c1[nH]c2cc(Cl)ccc2n1C1CCN(CCCCc2nc3ccccc3o2)CC1,5.47
CHEMBL3819366,Cl.Fc1ccc(OCCCN2CCc3ccccc3C2)cc1,6.49
CHEMBL3819403,O=C(CCCCN1CCN(C(c2ccc(F)cc2)c2ccc(F)cc2)CC1)c1nc2ccccc2s1,5.97
CHEMBL3819427,NC(=O)c1ccc(C(=O)CCCN2CCc3ccccc3C2)cc1,6.39
CHEMBL3819494,c1ccc2c(c1)CCN(CCCCc1c[nH]c3ccccc13)C2,6.03
CHEMBL3819556,Cl.Fc1ccc(SCCCN2CCc3ccccc3C2)cc1,6.5
CHEMBL3819642,Cl.OC1(c2ccc(Cl)cc2)CCN(CCCc2nc3ccccc3s2)CC1,6.78
CHEMBL382748,CC1CC(=O)Nc2c(CCN3CCN(c4noc5ccccc45)CC3)cccc21,6.72
CHEMBL38407,O=C(Nc1cccnc1)N1CCc2c(Cl)cccc21,5.4
CHEMBL385289,COc1ccccc1N1CCN(CCCCNC(=O)c2nnn(Cc3ccccc3Br)c2C)CC1,6.82
CHEMBL385921,COc1ccc(N2CCC(c3ccc(Cl)c(Cl)c3)C2=O)cc1OCCN1CCCCC1,6.3
CHEMBL386332,COc1ccc(N2CC=C(c3ccc(C)cc3)C2=O)cc1OCCN1CCC(C)CC1,6.2
CHEMBL386431,COc1ccc(N2CC=C(c3ccc(Cl)cc3)C2=O)cc1OCCN1CCC(C)CC1,6.2
CHEMBL386986,CCCc1c(C(=O)NCCCCN2CCN(c3ccccc3OC)CC2)nnn1Cc1ccccc1Br,7.36
CHEMBL387344,O=C1c2c(O)cccc2C2CNCCN12,5.78
CHEMBL388247,CCCCc1ccc(S(=O)(=O)Nc2ccc3c(c2)CNCC3)cc1,7.9
CHEMBL3890153,Br.c1ccc2c(c1)CCN(CCCc1nc3ccccc3s1)C2,5.69
CHEMBL3890841,C1=C(CCN2CCc3ccccc3C2)Cc2ccccc21,5.73
CHEMBL3891773,N[C@H]1CC[C@H](CCN2CCN(c3nsc4ccccc34)CC2)CC1,9.68
CHEMBL3891803,COc1cc(C(=O)N[C@H]2CC[C@H](CCN3CCC(c4noc5cc(F)ccc45)CC3)CC2)ccn1,8.79
CHEMBL3891987,O=S(=O)(N[C@H]1CC[C@H](CCN2CCC(c3noc4cc(F)ccc34)CC2)CC1)c1ccc(Cl)cc1,8.29
CHEMBL3892440,CS(=O)(=O)N[C@H]1CC[C@H](CCN2CCN(c3nsc4ccccc34)CC2)CC1,9.55
CHEMBL3892551,CS(=O)(=O)CC(=O)N[C@H]1CC[C@H](CCN2CCC(c3noc4cc(Cl)ccc34)CC2)CC1,7.82
CHEMBL3895540,CN([C@H]1CC[C@H](CCN2CCN(c3nsc4ccccc34)CC2)CC1)S(=O)(=O)c1cccs1,8.92
CHEMBL3895972,CC1(C)Cc2cccc(Cl)c2N2CCNCC21,5.7
CHEMBL3896520,O=C(CO)N[C@H]1CC[C@H](CCN2CCC(c3noc4cc(F)c(F)cc34)CC2)CC1,7.93
CHEMBL3896937,O=C(Nc1cccnc1)N[C@H]1CC[C@H](CCN2CCN(c3nsc4ccccc34)CC2)CC1,9.85
CHEMBL3897422,O=S(=O)(N[C@H]1CC[C@H](CCN2CCC(c3noc4cc(F)ccc34)CC2)CC1)c1cccnc1,8.61
CHEMBL3898250,Cl.O=C1c2ccc(Cl)cc2CC1CCN1CCc2ccccc2C1,6.13
CHEMBL3899099,Cl.Clc1cccc2c1CN(CCCCc1nc3ccccc3s1)CC2,6.6
CHEMBL3899169,Cc1ccc2c(c1)Oc1sc(Cl)cc1C(N1CCN(CC(C)(C)C(=O)O)CC1)=N2,8.47
CHEMBL3900302,CO[C@H]1CC[C@H](CC(=O)N[C@H]2CC[C@H](CCN3CCC(c4noc5cc(F)c(F)cc45)CC3)CC2)CC1,8.12
CHEMBL3900752,CC(C)N(C(=O)N[C@H]1CC[C@H](CCN2CCN(c3nsc4ccccc34)CC2)CC1)C(C)C,9.42
CHEMBL3901365,O=C(CC1OCCCO1)N[C@H]1CC[C@H](CCN2CCC(c3noc4cc(Cl)ccc34)CC2)CC1,7.75
CHEMBL3902496,CCC(=O)N[C@H]1CC[C@H](CCN2CCN(c3nsc4ccccc34)CC2)CC1,8.96
CHEMBL390253,O=C(NCC(O)CCN1CCN(c2cccc(Cl)c2Cl)CC1)c1ccc(-c2ccccn2)cc1,7.81
CHEMBL3903560,COCC(=O)N[C@H]1CC[C@H](CCN2CCN(c3nsc4ccccc34)CC2)CC1,9.62
CHEMBL3903791,CN(C)c1ccc(C(=O)N[C@H]2CC[C@H](CCN3CCC(c4noc5cc(F)ccc45)CC3)CC2)cc1,7.94
CHEMBL3905072,O=C(Cc1ccc2c(c1)OCO2)N[C@H]1CC[C@H](CCN2CCC(c3noc4cc(F)ccc34)CC2)CC1,8.68
CHEMBL3905247,O=C(N[C@H]1CC[C@H](CCN2CCN(c3nsc4ccccc34)CC2)CC1)c1cc2ccccc2[nH]1,9.19
CHEMBL3906053,CS(=O)(=O)N[C@H]1CC[C@H](CCN2CCC(c3noc4ccc(F)cc34)CC2)CC1,7.56
CHEMBL3906069,COc1ccc(C(=O)N[C@H]2CC[C@H](CCN3CCC(c4noc5cc(F)ccc45)CC3)CC2)cc1,8.44
CHEMBL3909281,CC(=O)N[C@H]1CC[C@H](CCN2CCC(c3noc4cc(Cl)ccc34)CC2)CC1,7.62
CHEMBL3909625,O=C(N[C@H]1CC[C@H](CCN2CCC(c3noc4ccc(F)cc34)CC2)CC1)c1ccc(N2CCOCC2)cc1,7.65
CHEMBL3909821,O=C(N[C@H]1CC[C@H](CCN2CCN(c3nsc4ccccc34)CC2)CC1)N1CCOCC1,8.49
CHEMBL3909939,O=C(N[C@H]1CC[C@H](CCN2CCC(c3noc4cc(F)ccc34)CC2)CC1)c1ccc(N2CCCCC2)cc1,8.59
CHEMBL3910842,O=C(CC(F)(F)F)N[C@H]1CC[C@H](CCN2CCC(c3noc4cc(F)ccc34)CC2)CC1,8.56
CHEMBL3910962,O=C(N[C@H]1CC[C@H](CCN2CCC(c3noc4cc(F)c(F)cc34)CC2)CC1)C1CCOCC1,8.11
CHEMBL3912721,c1cc(CC2CCC2)c2c(c1)N1CCNCC1CC2,8.1
CHEMBL3913691,O=C(N[C@H]1CC[C@H](CCN2CCN(c3nsc4ccccc34)CC2)CC1)C(F)(F)F,9.2
CHEMBL3914062,CCS(=O)(=O)N[C@H]1CC[C@H](CCN2CCC(c3noc4cc(F)ccc34)CC2)CC1,8.78
CHEMBL3914241,CCOC(=O)N1CCC(CCN2CCN(c3nsc4ccccc34)CC2)CC1,8.48
CHEMBL3915039,O=C(CC1CCCO1)N[C@H]1CC[C@H](CCN2CCC(c3noc4cc(Cl)c(F)cc34)CC2)CC1,7.51
CHEMBL3915293,Cc1ccn(CC(=O)N[C@H]2CC[C@H](CCN3CCC(c4noc5cc(F)ccc45)CC3)CC2)n1,8.55
CHEMBL3915600,O=C(CC1CCCCO1)N[C@H]1CC[C@H](CCN2CCC(c3noc4cc(Cl)ccc34)CC2)CC1,8.23
CHEMBL3916324,CC(=O)N[C@H]1CC[C@H](CCN2CCC(c3noc4cc(F)c(F)cc34)CC2)CC1,7.75
CHEMBL3918755,O=C(Nc1ccccc1)N[C@H]1CC[C@H](CCN2CCN(c3nsc4ccccc34)CC2)CC1,9.68
CHEMBL3919795,c1ccc(Cc2cccc3c2CCC2CNCCN32)cc1,8.8
CHEMBL391984,Cc1noc2c1C(=O)CC(CN1CCC(C(=O)c3ccc(F)cc3)CC1)C2,7.39
CHEMBL391985,Cc1noc2c1C(=O)CC(CN1CCC(c3noc4cc(F)ccc34)CC1)C2,7.76
CHEMBL3920252,O=C(N[C@H]1CC[C@H](CCN2CCN(c3nsc4ccccc34)CC2)CC1)c1ccccc1,9.62
CHEMBL3920432,CCCS(=O)(=O)N[C@H]1CC[C@H](CCN2CCN(c3nsc4ccccc34)CC2)CC1,9.47
CHEMBL3920548,O=C(CO)N[C@H]1CC[C@H](CCN2CCC(c3noc4cc(Cl)ccc34)CC2)CC1,7.82
CHEMBL3921063,O=C(CC1OCCCO1)N[C@H]1CC[C@H](CCN2CCC(c3noc4cc(F)c(F)cc34)CC2)CC1,8.03
CHEMBL3922302,CO[C@]1(C)CC[C@@H](CC(=O)N[C@H]2CC[C@H](CCN3CCC(c4noc5cc(Cl)ccc45)CC3)CC2)CC1,7.8
CHEMBL3923240,CCOC(=O)N[C@H]1CC[C@@H](CCN2CCN(c3nsc4ccccc34)CC2)CC1,9.74
CHEMBL3924565,Cl.O=C(CCCN1CCCc2ccccc2C1)c1ccc(Cl)cc1,6.92
CHEMBL3927710,CC(=O)N[C@H]1CC[C@H](CCN2CCC(c3noc4cc(C)ccc34)CC2)CC1,7.78
CHEMBL3928644,COC[C@H]1CC[C@H](CC(=O)N[C@H]2CC[C@H](CCN3CCC(c4noc5cc(Cl)ccc45)CC3)CC2)CC1,7.72
CHEMBL3929168,O=C(N[C@H]1CC[C@H](CCN2CCN(c3nsc4ccccc34)CC2)CC1)C1CCCCC1,9.44
CHEMBL3931423,CC(=O)N[C@H]1CC[C@H](CCN2CCC(c3noc4cc(F)ccc34)CC2)CC1,8.65
CHEMBL3932085,O=C(C[C@@H]1CCCCO1)N[C@H]1CC[C@H](CCN2CCC(c3noc4cc(Cl)ccc34)CC2)CC1,7.86
CHEMBL3932186,O=C(NC[C@H]1CC[C@H](CN2CCN(c3nsc4cc(Cl)ccc34)CC2)CC1)c1ccco1,9.49
CHEMBL3933256,O=S(=O)(N[C@H]1CC[C@H](CCN2CCN(c3nsc4ccccc34)CC2)CC1)c1cccnc1,8.09
CHEMBL39347,CC(N)Cn1ccc2ccc3ccccc3c21,7.42
CHEMBL3934933,O=C(C[C@H]1CC[C@H](O)CC1)N[C@H]1CC[C@H](CCN2CCC(c3noc4cc(F)c(F)cc34)CC2)CC1,8.11
CHEMBL3935339,c1cc(Cc2ccc3c(c2)OCO3)c2c(c1)N1CCNCC1CC2,8.8
CHEMBL393539,Cc1ccc2c(OCCN3CCC(Cc4ccc5c(c4F)NC(=O)CO5)CC3)cc(F)cc2n1,5.7
CHEMBL3937844,O=C(N[C@H]1CC[C@H](CCN2CCC(c3noc4ccc(F)cc34)CC2)CC1)c1ccc(N2CCCCC2)cc1,8.15
CHEMBL3937872,O=C(N[C@H]1CC[C@H](CCN2CCC(c3noc4cc(F)ccc34)CC2)CC1)C1COc2ccccc2O1,8.59
CHEMBL3938210,O=C(N[C@H]1CC[C@H](CCN2CCN(c3nsc4ccccc34)CC2)CC1)c1ccc[nH]1,9.54
CHEMBL3940461,COCCC(=O)N[C@H]1CC[C@H](CCN2CCC(c3noc4cc(F)ccc34)CC2)CC1,8.74
CHEMBL3940712,O=C(NCc1ccccc1)N[C@H]1CC[C@H](CCN2CCN(c3nsc4ccccc34)CC2)CC1,9.04
CHEMBL3941190,Nc1ccc2c(N3CCN(CC[C@H]4CC[C@H](NC(=O)c5ccco5)CC4)CC3)nsc2c1,8.37
CHEMBL3941795,Cl.Clc1ccc2sc(CCCCN3CCC4CCCCC4C3)nc2c1,5.94
CHEMBL3942236,O=C(c1ccco1)N1CCC(CCN2CCN(c3nsc4ccccc34)CC2)CC1,8.66
CHEMBL3942707,COCCC(=O)N[C@H]1CC[C@H](CCN2CCC(c3noc4ccc(F)cc34)CC2)CC1,7.43
CHEMBL3942747,O=C(N[C@H]1CC[C@H](CCN2CCC(c3noc4cc(F)ccc34)CC2)CC1)c1ccc(N2CCOCC2)cc1,8.02
CHEMBL3943045,CO[C@]1(C)CC[C@H](CC(=O)N[C@H]2CC[C@H](CCN3CCC(c4noc5cc(Cl)ccc45)CC3)CC2)CC1,7.85
CHEMBL3944400,O=C(N[C@H]1CC[C@H](CCN2CCC(c3noc4ccc(F)cc34)CC2)CC1)c1ccc(N2CCS(=O)(=O)CC2)cc1,7.91
CHEMBL3945225,CO[C@H]1CC[C@H](CC(=O)N[C@H]2CC[C@H](CCN3CCC(c4noc5cc(Cl)ccc45)CC3)CC2)C1,7.85
CHEMBL3946739,COc1cc(CC(=O)N[C@H]2CC[C@H](CCN3CCC(c4noc5cc(F)ccc45)CC3)CC2)cc(OC)c1,8.53
CHEMBL3946995,O=C(N[C@H]1CC[C@H](CCN2CCN(c3nsc4ccccc34)CC2)CC1)c1ccco1,9.64
CHEMBL3947035,COCCC(=O)N[C@H]1CC[C@H](CCN2CCC(c3noc4cc(Cl)ccc34)CC2)CC1,7.78
CHEMBL3947276,CCCc1cccc2c1CCC1CNCCN21,8.2
CHEMBL3947704,CC1CN(c2ccc(C(=O)N[C@H]3CC[C@H](CCN4CCC(c5noc6cc(F)ccc56)CC4)CC3)cc2)CC(C)O1,7.67
CHEMBL3948056,Cc1ccc(S(=O)(=O)N[C@H]2CC[C@H](CCN3CCN(c4nsc5ccccc45)CC3)CC2)cc1,9.59
CHEMBL3949059,COC(CC(=O)N[C@H]1CC[C@H](CCN2CCC(c3noc4cc(Cl)ccc34)CC2)CC1)OC,7.87
CHEMBL395072,COc1ccc(N2Cc3cc(Cl)cc(Cl)c3C2=O)cc1OCCN1CCCCCC1,6.2
CHEMBL3950977,O=C(N[C@H]1CC[C@@H](CCN2CCN(c3nsc4ccccc34)CC2)CC1)c1ccco1,9.72
CHEMBL395098,COc1ccc(N2Cc3c(c4cccc(F)c4n3C)C2=O)cc1OCCN1CCC(C)CC1,6.6
CHEMBL395110,CN1CCCC(CN2c3ccccc3Sc3ccccc32)C1,6.96
CHEMBL3951793,COC1(C)CCC(CC(=O)N[C@H]2CC[C@H](CCN3CCC(c4noc5cc(Cl)ccc45)CC3)CC2)CC1,7.72
CHEMBL3952117,O=C(N[C@H]1CC[C@H](CCN2CCC(c3noc4cc(F)ccc34)CC2)CC1)c1ccc(Cl)cc1,8.57
CHEMBL3952251,Cl.O=C(CCCN1CCc2ccccc2CC1)c1ccc(Cl)cc1,6.55
CHEMBL3952290,CC1(O)CCC(CC(=O)N[C@H]2CC[C@H](CCN3CCC(c4noc5cc(Cl)ccc45)CC3)CC2)CC1,7.82
CHEMBL3952892,CO[C@@H](C)CC(=O)N[C@H]1CC[C@H](CCN2CCC(c3noc4cc(Cl)ccc34)CC2)CC1,7.8
CHEMBL395297,COc1ccc(N2Cc3cc(Cl)c(Cl)cc3C2=O)cc1OCCN1CCC(C)CC1,6.3
CHEMBL395298,COc1ccc(N2Cc3cc(Cl)c(C)c(Cl)c3C2=O)cc1OCCN1CCC(C)CC1,6.2
CHEMBL3953042,CC(=O)N[C@H]1CC[C@H](CCN2CCC(c3noc4ccc(F)cc34)CC2)CC1,7.33
CHEMBL3953154,O=C(N[C@H]1CC[C@H](CCN2CCC(c3noc4cc(F)ccc34)CC2)CC1)C1(C(F)(F)F)CCC1,8.65
CHEMBL3953773,CN(C(=O)N[C@H]1CC[C@H](CCN2CCN(c3nsc4ccccc34)CC2)CC1)c1ccccc1,9.46
CHEMBL3953892,O=C(NC1CCC(CCN2CCC(c3coc4ccccc34)CC2)CC1)c1ccc2ncccc2c1,7.96
CHEMBL3954263,O=C(N[C@H]1CC[C@H](CCN2CCC(c3noc4cc(F)ccc34)CC2)CC1)c1ccc(N2CCOCC2)nn1,8.5
CHEMBL395459,[O-][S+](c1ccc(/C=C/c2ccc(F)cc2)nc1)c1ccccc1F,8.34
CHEMBL395501,CCCCc1ccc(S(=O)(=O)Nc2ccc3c(c2)CN(C)C3)cc1,8.3
CHEMBL395525,Cc1cc2c(cc1NS(=O)(=O)c1ccc(-c3ccc(Cl)cc3)cc1)CCN(C)CC2,7.7
CHEMBL3956394,Fc1ccc2c(c1Cc1ccccc1)CCC1CNCCN21,9.2
CHEMBL3956720,O=C(N[C@H]1CC[C@H](CCN2CCN(c3nsc4ccccc34)CC2)CC1)C1CC1,9.46
CHEMBL3957256,O=C(N[C@H]1CC[C@H](CCN2CCC(c3noc4cc(F)ccc34)CC2)CC1)c1ccc(N2CCOCC2)c(F)c1,7.76
CHEMBL3958215,O=C1c2ccc(F)cc2CC1CCN1CCc2ccccc2C1,5.92
CHEMBL3959570,c1csc(Cc2cccc3c2CCC2CNCCN32)c1,7.6
CHEMBL3959647,CO[C@@H]1CC[C@@H](CC(=O)N[C@H]2CC[C@H](CCN3CCC(c4noc5cc(Cl)ccc45)CC3)CC2)OC1,8.02
CHEMBL3959698,O=C(NC[C@H]1CC[C@H](CN2CCN(c3nsc4ccccc34)CC2)CC1)c1ccco1,7.8
CHEMBL3959919,COc1cc2c(cc1OC)CN(CCCCc1nc3cc(Cl)ccc3s1)CC2.Cl,6.2
CHEMBL396024,O=C(NCCC(O)CN1CCN(c2cccc(Cl)c2Cl)CC1)c1ccc2c(c1)Cc1ccccc1-2,6.26
CHEMBL3960785,CN(C)C(=O)N[C@H]1CC[C@H](CCN2CCN(c3nsc4ccccc34)CC2)CC1,9.22
CHEMBL3962525,CCCC(=O)N[C@H]1CC[C@H](CCN2CCN(c3nsc4ccccc34)CC2)CC1,9.06
CHEMBL3963228,COCCC(=O)N[C@H]1CC[C@H](CCN2CCC(c3noc4cc(F)c(F)cc34)CC2)CC1,7.89
CHEMBL3963761,CC1(C)OC[C@H](CC(=O)N[C@H]2CC[C@H](CCN3CCC(c4noc5cc(Cl)ccc45)CC3)CC2)O1,7.6
CHEMBL3964078,COCC(=O)N[C@H]1CC[C@H](CCN2CCC(c3noc4cc(F)c(F)cc34)CC2)CC1,7.98
CHEMBL3964426,O=C(CC1CCC2(CC1)OCCO2)N[C@H]1CC[C@H](CCN2CCC(c3noc4cc(Cl)ccc34)CC2)CC1,8.08
CHEMBL396505,COc1ccc(N2Cc3cccc(Cl)c3C2=O)cc1OCCN1CCCCC1,6.0
CHEMBL3965089,N#CCC(=O)N[C@H]1CC[C@H](CCN2CCC(c3noc4cc(Cl)ccc34)CC2)CC1,7.81
CHEMBL396527,COc1ccc(N2Cc3cc(C)cc(C)c3C2=O)cc1OCCN1CCC(C)CC1,5.9
CHEMBL3965582,O=C(N[C@H]1CC[C@H](CCN2CCC(c3noc4cc(F)ccc34)CC2)CC1)c1ccc(-n2cccc2)cc1,8.61
CHEMBL3966201,O=C(N[C@H]1CC[C@H](CCN2CCC(c3noc4cc(F)ccc34)CC2)CC1)c1ccc(N2CCOCC2)nc1,8.57
CHEMBL3966285,COc1ccc(S(=O)(=O)N[C@H]2CC[C@H](CCN3CCC(c4noc5cc(F)ccc45)CC3)CC2)cc1,8.36
CHEMBL3966657,O=C(N[C@H]1CC[C@H](CCN2CCC(c3noc4cc(F)ccc34)CC2)CC1)c1ccnc(N2CCOCC2)c1,8.61
CHEMBL3966842,O=S(=O)(N[C@H]1CC[C@H](CCN2CCN(c3nsc4ccccc34)CC2)CC1)c1cccs1,9.52
CHEMBL3967324,COC(C)CC(=O)N[C@H]1CC[C@H](CCN2CCC(c3noc4cc(Cl)ccc34)CC2)CC1,7.89
CHEMBL396747,COc1ccc(N2Cc3cccc(Cl)c3C2=O)cc1OCCN1CCC(C)CC1,6.1
CHEMBL396748,COc1ccc(N2Cc3cccc(C(F)(F)F)c3C2=O)cc1OCCN1CCC(C)CC1,6.2
CHEMBL3967779,O=C(N[C@H]1CC[C@H](CCN2CCN(c3nsc4ccccc34)CC2)CC1)c1cccnc1,9.54
CHEMBL3970010,O=C(N[C@H]1CC[C@H](CCN2CCC(c3noc4cc(F)ccc34)CC2)CC1)C1CCOCC1,8.76
CHEMBL3970299,Cl.Clc1ccc2sc(CCCCN3CCc4ccccc4C3)nc2c1,6.2
CHEMBL3970746,O=C(N[C@H]1CC[C@H](CCN2CCN(c3nsc4cc([N+](=O)[O-])ccc34)CC2)CC1)c1ccco1,8.74
CHEMBL3970994,C1=C(CCN2CCc3ccccc3C2)CCc2ccccc21,6.01
CHEMBL3971383,Cl.Clc1ccc2sc(CCCCN3CCc4c(Cl)cccc4C3)nc2c1,6.32
CHEMBL3971907,CCN(C)C(=O)N[C@H]1CC[C@H](CCN2CCN(c3nsc4ccccc34)CC2)CC1,9.3
CHEMBL397259,COc1ccc(N2Cc3c(c4ccc(Cl)cc4n3C)C2=O)cc1OCCN1CCCCC1,6.5
CHEMBL3973487,CC(=O)N[C@H]1CC[C@H](CCN2CCN(c3nsc4ccccc34)CC2)CC1,8.24
CHEMBL3973600,CC(C)(C)Oc1ccc(C(=O)N[C@H]2CC[C@H](CCN3CCC(c4noc5cc(F)ccc45)CC3)CC2)cc1,8.76
CHEMBL3973844,CC1CN(c2ccc(C(=O)N[C@H]3CC[C@H](CCN4CCC(c5noc6ccc(F)cc56)CC4)CC3)cc2)CC(C)O1,7.0
CHEMBL3974195,O=C(CC1CC1)N[C@H]1CC[C@H](CCN2CCC(c3noc4cc(Cl)ccc34)CC2)CC1,7.88
CHEMBL397476,CC(C)c1cc2c(cc1NS(=O)(=O)c1ccc(-c3ccc(Cl)cc3)cc1)CCN(C)CC2,8.3
CHEMBL397543,O=C1CC(CN2CCC(C(=O)c3ccc(F)cc3)CC2)Cc2[nH]ncc21,7.37
CHEMBL3975673,CO[C@H]1CC[C@H](CC(=O)N[C@H]2CC[C@H](CCN3CCC(c4noc5ccc(Cl)cc45)CC3)CC2)CC1,7.61
CHEMBL3976282,O=C(N[C@H]1CC[C@H](CCN2CCN(c3nsc4ccccc34)CC2)CC1)c1cccs1,9.82
CHEMBL3976775,COCCC(=O)N[C@H]1CC[C@H](CCN2CCC(c3noc4cc(Cl)c(F)cc34)CC2)CC1,7.36
CHEMBL3976966,O=C(NC1CCC(CCN2CCC(c3cccc4c3CCO4)CC2)CC1)c1ccc2ncccc2c1,7.51
CHEMBL397709,COc1ccc(N2Cc3cc(Cl)cc(Cl)c3C2=O)cc1OCCN1[C@@H](C)CCC[C@H]1C,6.5
CHEMBL3978642,Cl.O=C1c2ccccc2CC1CCN1CCc2ccccc2C1,6.41
CHEMBL3979261,COc1ccccc1N1CCN(CCCOc2c(C)cccc2C)CC1.Cl,6.72
CHEMBL3980153,N#CCCC(=O)N[C@H]1CC[C@H](CCN2CCC(c3noc4cc(Cl)ccc34)CC2)CC1,7.62
CHEMBL3980310,O=C(N[C@H]1CC[C@H](CCN2CCC(c3noc4cc(Cl)ccc34)CC2)CC1)C(O)C(F)(F)F,7.66
CHEMBL3980954,O=C(N[C@H]1CC[C@H](CCN2CCC(c3noc4cc(F)ccc34)CC2)CC1)c1ccc(N2CCS(=O)(=O)CC2)cc1,8.61
CHEMBL3981112,O=C(N[C@H]1CC[C@H](CCN2CCC(c3noc4cc(F)ccc34)CC2)CC1)C1(O)CC1,8.84
CHEMBL3981237,O=C(CC1CCCO1)N[C@H]1CC[C@H](CCN2CCC(c3noc4cc(Cl)ccc34)CC2)CC1,7.89
CHEMBL3982486,CCOC(=O)N[C@H]1CC[C@H](CCN2CCN(c3nsc4ccccc34)CC2)CC1,9.28
CHEMBL3982578,O=C(N[C@H]1CC[C@H](CCN2CCC(c3noc4cc(F)ccc34)CC2)CC1)c1cnc(N2CCOCC2)nc1,8.61
CHEMBL3984462,O=C(CCO)N[C@H]1CC[C@H](CCN2CCC(c3noc4cc(F)c(F)cc34)CC2)CC1,7.61
CHEMBL398525,CC(C)C(=O)NC1CCc2cc(CCN3CCN(c4nsc5ccccc45)CC3)ccc21,9.19
CHEMBL3985305,O=C(N[C@H]1CC[C@H](CCN2CCC(c3noc4ccc(F)cc34)CC2)CC1)c1ccc2c(c1)OCO2,7.95
CHEMBL3986005,O=C(N[C@H]1CC[C@H](CCN2CCC(c3noc4cc(F)ccc34)CC2)CC1)c1ccc2c(c1)OCO2,8.77
CHEMBL398618,Cc1ccc(C(=O)NC2CCc3ccc(CCN4CCN(c5nsc6ccccc56)CC4)cc32)cc1,8.52
CHEMBL398619,O=C(NC1CCc2ccc(CCN3CCN(c4nsc5ccccc45)CC3)cc21)c1cccnc1,9.02
CHEMBL3986708,O=C(N[C@H]1CC[C@H](CCN2CCC(c3noc4cc(F)ccc34)CC2)CC1)c1cnc(N2CCOCC2)cn1,8.42
CHEMBL3986927,O=C1Cc2cc(C(=O)CCCN3CCc4ccccc4C3)ccc2N1,5.99
CHEMBL398711,O=C(NC1CCc2cc(CCN3CCN(c4nsc5ccccc45)CC3)ccc21)C(F)(F)F,9.82
CHEMBL398744,O=C(NC1CCc2ccc(CCN3CCN(c4nsc5ccccc45)CC3)cc21)c1ccco1,9.26
CHEMBL400235,CCCC(=O)NC1CCc2ccc(CCN3CCN(c4nsc5ccccc45)CC3)cc21,9.35
CHEMBL400236,CC(C)C(=O)NC1CCc2ccc(CCN3CCN(c4nsc5ccccc45)CC3)cc21,9.12
CHEMBL40229,CN1CCN(C)C(c2c(-c3ccccc3)[nH]c3ccccc23)C1,6.5
CHEMBL40284,c1ccc(-c2[nH]c3ccccc3c2C2CNCCO2)cc1,7.75
CHEMBL40341,COC(=O)c1cc2c(cc1Cl)N(C(=O)Nc1cccnc1)CC2,5.2
CHEMBL404000,NC1CCc2ccc(CCN3CCN(c4nsc5ccccc45)CC3)cc21,10.05
CHEMBL40579,O=C(Nc1cccnc1)N1CCc2cc(-c3ccccc3)c(Cl)cc21,5.4
CHEMBL4060194,CCN(CC)Cc1cc2cn(S(=O)(=O)c3ccccc3)c3cccc(o1)c23,5.77
CHEMBL4060403,O=Cc1cnn2ccc(NC(=O)CCCN3CCN(c4cccc(Cl)c4Cl)CC3)cc12,8.2
CHEMBL4060461,COc1ccccc1N1CCN(CCCCOc2ccn3ncc(/C=N/O)c3c2)CC1,7.04
CHEMBL4061131,O=S(=O)(c1cncc2ccccc12)N1CCC(CCN2CCN(c3cccc(F)c3)CC2)CC1,6.16
CHEMBL4061189,CN(C)CC1=CC2=CN(S(=O)(=O)c3ccccc3)C3=CC=CC(O1)C23,7.19
CHEMBL4061986,Oc1ccc(N2CCN(CCCCOc3ccn4nccc4c3)CC2)c2cccnc12,6.7
CHEMBL4062602,O=C1COc2ccccc2N1CCCN1CCC(c2noc3cc(F)ccc23)CC1,8.57
CHEMBL4063145,O=C1COc2c(N3CCN(CCCCOc4ccn5ncc(/C=N/O)c5c4)CC3)ccc(O)c2N1,6.06
CHEMBL4063235,COc1ccccc1N1CCN(CCCCOc2ccn3ncc(C#N)c3c2)CC1,6.96
CHEMBL4063282,COc1ccccc1N1CCN(CCCC(=O)Nc2ccn3nccc3c2)CC1,6.51
CHEMBL4064186,O=C1CCc2ccc(OCCCCN3CCN(c4ccc(O)c5ncccc45)CC3)cc2N1,7.41
CHEMBL4064742,O=C1CCc2ccc(OCCCCN3CCCN(c4ccc(O)c5c4OCC(=O)N5)CC3)cc2N1,5.7
CHEMBL4064759,CN1CCN(c2ccc(O)c3c2OCCO3)CC1,5.68
CHEMBL4064974,O=C(NCCCCN1CCN(c2ccccc2OCCF)CC1)c1cc2ccccn2n1,6.28
CHEMBL4065797,CCCN1CCCN(c2ccc(O)c3c2OCC(=O)N3)CC1,5.43
CHEMBL4066426,O=S(=O)(c1cccc2ncccc12)N1CCC(CCN2CCN(c3ccc(Cl)c(Cl)c3)CC2)CC1,6.47
CHEMBL4066435,COc1ccccc1N1CCN(CCCN2C(=O)COc3ccccc32)CC1,6.56
CHEMBL4066916,Oc1ccc(N2CCNCC2)c2c1OCCO2,5.44
CHEMBL4067439,COc1ccccc1N1CCN(CCCCOc2ccc3c(C=O)cnn3c2)CC1,5.82
CHEMBL4068561,O=c1ccc2c(N3CCN(CCCCOc4ccn5ncc(/C=N/O)c5c4)CC3)ccc(O)c2[nH]1,5.27
CHEMBL4068702,CCCCn1cc(CCCOc2ccc(C(=O)NCCCCN3CCCN(c4ccc(O)c5[nH]c(=O)ccc45)CC3)cc2OC)nn1,5.82
CHEMBL4069091,O=C(CCCN1CCN(c2cccc(Cl)c2Cl)CC1)Nc1ccn2ncc(/C=N\O)c2c1,8.59
CHEMBL4069145,COc1ccccc1N1CCN(CCCCOc2ccc3c(/C=N/O)cnn3c2)CC1,7.0
CHEMBL40698,CC(C)c1ccc2c(c1)CCN2C(=O)Nc1cccnc1,5.7
CHEMBL40699,CC(C)Sc1cc2c(cc1C(F)(F)F)N(C(=O)Nc1cccnc1)CC2,5.3
CHEMBL4070091,COc1ccccc1N1CCN(CCCC(=O)Nc2ccn3ncc(C#N)c3c2)CC1,6.42
CHEMBL4070604,CCCCn1cc(CCCOc2ccc(C(=O)NCCCN3CCCN(c4ccc(O)c5[nH]c(=O)ccc45)CC3)cc2OC)nn1,5.38
CHEMBL4071185,CCCN(CCCCOc1ccc2c(C=O)cnn2c1)[C@H]1CCc2c(O)cccc2C1,5.64
CHEMBL4071868,CCCN(CCCCOc1ccc2c(/C=N/O)cnn2c1)[C@H]1CCc2c(O)cccc2C1,6.06
CHEMBL4072722,COc1ccccc1CNC[C@H]1C[C@@H]1c1cc(F)ccc1OC.Cl,6.31
CHEMBL4072780,O=C1CCc2ccc(OCCCCN3CCN(c4ccc(O)c5c4OCC(=O)N5)CC3)cc2N1,6.37
CHEMBL4072821,CCOC(=O)c1cc2cc(OCCCCN3CCN(c4ccccc4OC)CC3)ccn2n1,7.11
CHEMBL4073330,O=c1ccc2c(N3CCN(CCCCOc4ccn5nccc5c4)CC3)ccc(O)c2o1,5.55
CHEMBL4075422,O=S(=O)(c1cncc2ccccc12)N1CCC(CCN2CCN(c3ccccc3)CC2)CC1,6.39
CHEMBL4076408,O=S(=O)(c1cccc2ncccc12)N1CCC(CCN2CCN(c3cccc(Cl)c3)CC2)CC1,6.71
CHEMBL4076525,O=S(=O)(c1cccc2ncccc12)N1CCC(CCN2CCN(c3ccc(F)cc3)CC2)CC1,6.86
CHEMBL4076903,O=S(=O)(c1cccc2ncccc12)N1CCC(CCN2CCN(c3ccccc3)CC2)CC1,6.19
CHEMBL4077538,O=S(=O)(c1cccc2ncccc12)N1CCC(CCN2CCN(c3cccc(F)c3)CC2)CC1,6.18
CHEMBL4078348,CCCN(CCCCOc1ccn2nccc2c1)[C@H]1CCc2c(O)cccc2C1,5.92
CHEMBL4079301,COc1ccccc1N1CCN(CCCCOc2ccn3nc(C#N)cc3c2)CC1,6.39
CHEMBL4079375,O=Cc1cnn2ccc(OCCCCN3CCN(c4ccc(O)c5c4OCC(=O)N5)CC3)cc12,5.54
CHEMBL4080398,O=S(=O)(c1cccc2ncccc12)N1CCC(CCN2CCN(c3ccc(Cl)cc3)CC2)CC1,6.82
CHEMBL4080762,COc1ccccc1N1CCN(CCCCOc2ccn3nccc3c2)CC1,5.96
CHEMBL4081383,O=S(=O)(c1cccc2ncccc12)N1CCC(CCN2CCN(c3cccc(C(F)(F)F)c3)CC2)CC1,6.28
CHEMBL40815,CC(N)Cc1c[nH]c2ccc3ccccc3c12,8.52
CHEMBL408154,CCC(C)c1nc2c(c(-c3ccc(F)cc3)n1)CNCC2,7.96
CHEMBL4082456,O=S(=O)(c1cccc2ncccc12)N1CCC(CCN2CCN(c3cccc(Cl)c3Cl)CC2)CC1,6.54
CHEMBL4083059,CN(C)Cc1cc2cn(S(=O)(=O)c3cccc4ccccc34)c3cccc(o1)c23,6.31
CHEMBL4083239,O=C1CCc2ccc(OCCCCN3CCN(c4ccc(O)c5[nH]c(=O)ccc45)CC3)cc2N1,5.66
CHEMBL4083727,Oc1ccc(N2CCN(CCCCOc3ccn4nccc4c3)CC2)c2c1OCCO2,6.32
CHEMBL4084690,O=C1CCc2ccc(OCCCCN3CCCN(c4ccc(O)c5oc(=O)ccc45)CC3)cc2N1,5.64
CHEMBL4084712,CN1CCCN(c2ccc(O)c3c2OCC(=O)N3)CC1,5.19
CHEMBL4085752,O/N=C/c1cnn2ccc(OCCCCN3CCN(c4ccc(O)c5c4OCCO5)CC3)cc12,6.22
CHEMBL4085920,CC(C)(C)c1nc(N2CCN(CCCCNC(=O)c3cc4ccccn4n3)CC2)cc(C(F)(F)F)n1,5.57
CHEMBL4086211,O=S(=O)(c1cncc2ccccc12)N1CCC(CCN2CCN(c3ccc(Cl)c(Cl)c3)CC2)CC1,6.75
CHEMBL4087187,COc1ccccc1N1CCN(CCCCOc2ccn3nc(C=O)cc3c2)CC1,6.75
CHEMBL4088639,COc1ccccc1N1CCN(CCCC(=O)Nc2ccn3ncc(C=O)c3c2)CC1,6.52
CHEMBL4089427,O=S(=O)(c1cncc2ccccc12)N1CCC(CCN2CCN(c3ccc(F)cc3)CC2)CC1,6.81
CHEMBL4090208,CCCN(CCCCOc1ccn2ncc(C=O)c2c1)[C@H]1CCc2c(O)cccc2C1,5.66
CHEMBL4090568,O=C1COc2ccccc2N1CCCN1CCN(c2nsc3ccccc23)CC1,8.24
CHEMBL4091064,N#Cc1cnn2ccc(NC(=O)CCCN3CCN(c4cccc(Cl)c4Cl)CC3)cc12,8.25
CHEMBL4091155,O=C(CCCN1CCN(c2cccc(Cl)c2Cl)CC1)Nc1ccn2nccc2c1,8.31
CHEMBL4091507,O=c1ccc2c(N3CCCN(CCCCOc4ccn5nccc5c4)CC3)ccc(O)c2[nH]1,5.05
CHEMBL4091933,O=C1CCc2ccc(OCCCCN3CCN(c4ccc(O)c5c4OCCO5)CC3)cc2N1,6.8
CHEMBL4092441,O=c1ccc2c(N3CCN(CCCCOc4ccn5nccc5c4)CC3)ccc(O)c2[nH]1,5.44
CHEMBL4093971,O=S(=O)(c1cncc2ccccc12)N1CCC(CCN2CCN(c3cccc(Cl)c3Cl)CC2)CC1,6.43
CHEMBL4093980,O=C1COc2ccccc2N1CCCN1CCN(c2cccc(Cl)c2Cl)CC1,7.12
CHEMBL4094869,CCCN(CCCCOc1ccn2nccc2c1)[C@@H]1CCc2c(O)cccc2C1,5.8
CHEMBL4095881,O=Cc1cnn2ccc(OCCCCN3CCN(c4ccc(O)c5c4OCCO5)CC3)cc12,6.0
CHEMBL4096353,COc1ccccc1N1CCN(CCCC(=O)Nc2ccn3ncc(/C=N\O)c3c2)CC1,6.92
CHEMBL4096543,CC(C)Oc1cccnc1N(C)C1CCN(Cc2ccc(I)cc2)CC1,6.56
CHEMBL409662,CCC1(CCCCN2CCN(c3ccc(Cl)cc3)CC2)C(=O)Nc2cc(F)ccc21,7.71
CHEMBL4096858,CC(C)(C)c1nc(N2CCN(CCCCNC(=O)c3cc4ccccc4s3)CC2)cc(C(F)(F)F)n1,5.15
CHEMBL4096866,O=S(=O)(c1cncc2ccccc12)N1CCC(CCN2CCN(c3cccc(Cl)c3)CC2)CC1,6.8
CHEMBL4097330,CCCN(CCCCOc1ccc2ccnn2c1)[C@H]1CCc2c(O)cccc2C1,5.7
CHEMBL4098236,COc1ccccc1N1CCN(CCCCOc2ccn3ncc(C=O)c3c2)CC1,6.46
CHEMBL4098803,COc1ccccc1N1CCN(CCCCOc2ccc3ccnn3c2)CC1,6.68
CHEMBL4098859,CCCN(CCCCOc1ccn2ncc(/C=N\O)c2c1)[C@H]1CCc2c(O)cccc2C1,5.8
CHEMBL4099711,COc1ccccc1N1CCN(CCCCOc2ccn3nc(CO)cc3c2)CC1,6.6
CHEMBL41,CNCCC(Oc1ccc(C(F)(F)F)cc1)c1ccccc1,7.26
CHEMBL4100183,O=C1COc2c(N3CCN(CCCCOc4ccn5nccc5c4)CC3)ccc(O)c2N1,5.89
CHEMBL4100470,O=S(=O)(c1cncc2ccccc12)N1CCC(CCN2CCN(c3cccc(C(F)(F)F)c3)CC2)CC1,6.79
CHEMBL4102616,CCCN(CCCCOc1ccc2ccnn2c1)[C@@H]1CCc2c(O)cccc2C1,5.96
CHEMBL4102628,O=C1CCc2ccc(OCCCCN3CCCN(c4ccc(O)c5[nH]c(=O)ccc45)CC3)cc2N1,5.47
CHEMBL4104013,O=C1COc2ccccc2N1CCCN1CCN(c2cccc3[nH]c(=O)oc23)CC1,6.25
CHEMBL4105030,COc1ccccc1N1CCN(CCCCOc2ccn3nc(/C=N/O)cc3c2)CC1,7.03
CHEMBL4106543,O=C(C[C@H]1CCCCO1)N[C@H]1CC[C@H](CCN2CCC(c3noc4cc(Cl)ccc34)CC2)CC1,7.82
CHEMBL4106625,CO[C@H](C)CC(=O)N[C@H]1CC[C@H](CCN2CCC(c3noc4cc(Cl)ccc34)CC2)CC1,7.8
CHEMBL4106986,O=C(C[C@@H]1CC[C@@H](O)C1)N[C@H]1CC[C@H](CCN2CCC(c3noc4cc(F)c(F)cc34)CC2)CC1,7.94
CHEMBL4110308,C[C@@H](O)CC(=O)N[C@H]1CC[C@H](CCN2CCC(c3noc4cc(Cl)ccc34)CC2)CC1,7.89
CHEMBL4112661,CO[C@@H]1CC[C@@H](CC(=O)N[C@H]2CC[C@H](CCN3CCC(c4noc5cc(F)c(F)cc45)CC3)CC2)C1,7.88
CHEMBL4113529,O=C(C[C@H]1CCCO1)N[C@H]1CC[C@H](CCN2CCC(c3noc4cc(Cl)ccc34)CC2)CC1,8.21
CHEMBL41153,Cc1ccc2c(c1)CCN2C(=O)Nc1cccnc1,5.3
CHEMBL411663,O=C1Nc2ccc(F)cc2C1CCCCN1CCN(c2ccccc2)CC1,7.26
CHEMBL4125847,CC(=O)c1c(OCCCN2CCN(c3ccc(Cl)cc3)CC2)ccc2c(C)cc(=O)oc12,8.02
CHEMBL4126092,CC(=O)c1c(OCCCCN2CCN(c3cccc(Cl)c3Cl)CC2)ccc2c(C)cc(=O)oc12,7.52
CHEMBL4126145,c1ccc2c(OCCCCCN3CCCCC3)cccc2c1,5.41
CHEMBL4126439,CC(=O)c1c(OCCCCN2CCN(c3ccc(Cl)cc3)CC2)ccc2c(C)cc(=O)oc12,7.25
CHEMBL4126788,CC(=O)c1c(OCCCN2CCN(c3ccncc3)CC2)ccc2c(C)cc(=O)oc12,5.61
CHEMBL4127564,CC(=O)c1c(OCCCCN2CCN(c3ccccc3F)CC2)ccc2c(C)cc(=O)oc12,7.33
CHEMBL4127779,CC(=O)c1c(OCCCCN2CCN(c3cnccn3)CC2)ccc2c(C)cc(=O)oc12,5.94
CHEMBL4127835,CC(=O)c1c(OCCCN2CCN(c3ccc([N+](=O)[O-])cc3)CC2)ccc2c(C)cc(=O)oc12,7.38
CHEMBL4128053,COc1cccc(N2CCN(CCCOc3ccc4c(C)cc(=O)oc4c3C(C)=O)CC2)c1,7.52
CHEMBL4128369,CC(=O)c1c(OCCCCN2CCN(c3ccc([N+](=O)[O-])cc3)CC2)ccc2c(C)cc(=O)oc12,6.81
CHEMBL4129173,COc1cccc(N2CCN(CCCCOc3ccc4c(C)cc(=O)oc4c3C(C)=O)CC2)c1,6.86
CHEMBL4129293,CC(=O)c1c(OCCCN2CCN(c3ccccc3C#N)CC2)ccc2c(C)cc(=O)oc12,7.12
CHEMBL4129432,CC(=O)c1c(OCCCN2CCOCC2)ccc2c(C)cc(=O)oc12,5.59
CHEMBL4129562,CC(=O)c1c(OCCCN2CCN(c3ccccc3F)CC2)ccc2c(C)cc(=O)oc12,7.57
CHEMBL4129589,c1ccc2c(OCCCCCN3CCCCCC3)cccc2c1,5.58
CHEMBL4130132,CC(=O)c1c(OCCCCN2CCN(c3ccccc3C#N)CC2)ccc2c(C)cc(=O)oc12,7.04
CHEMBL4130301,CC(=O)c1c(OCCCN2CCN(c3cccc(Cl)c3Cl)CC2)ccc2c(C)cc(=O)oc12,8.1
CHEMBL41389,CC(C)Oc1cc2c(cc1C(F)(F)F)N(C(=O)Nc1cccnc1)CC2,5.8
CHEMBL414163,COc1ccc2c(c1)-c1c(ccn1CC(C)N)C2,6.9
CHEMBL415072,OC(c1ccc(F)cc1)C1CCN(CCc2ccc(I)cc2)CC1,7.49
CHEMBL41510,CCOc1cc2c(cc1C(F)(F)F)N(C(=O)Nc1cccnc1)CC2,5.8
CHEMBL4159188,Cc1ccc(-c2cc(C(=O)NCCCCN3CCOCC3)n[nH]2)s1,5.26
CHEMBL4159893,CC(C)c1nc(CN2CC[C@H](c3ccccc3)C2)cs1,6.55
CHEMBL4160967,Cc1oc(-c2ccc3ccccc3c2)nc1CN1CCO[C@H](CCN)C1,6.03
CHEMBL4161308,CC(C)c1nc2c(N3CCNCC3)ccnc2n1Cc1cccc(Cl)c1,6.16
CHEMBL4161436,c1ccc(-c2nc(CN3CCCN(c4nccs4)CC3)co2)cc1,5.48
CHEMBL4161676,CCOc1ccc([C@H](O)CN2CCN(c3ccccc3F)CC2)cc1,5.64
CHEMBL4161837,Cc1ccn(CCN2CCC(Cc3ccccc3F)CC2)n1,6.48
CHEMBL4163265,Fc1ccccc1N1CCN(CCCNc2cncc(Cl)n2)CC1,7.0
CHEMBL4163428,CN1CCN(c2ccc3c(c2)CN(C(=O)OCc2ccccc2)C3)CC1,5.99
CHEMBL4164541,CCc1nc2c(N3CCNCC3)ccnc2n1Cc1cccc(Cl)c1,6.35
CHEMBL4164849,Cc1oc(-c2ccco2)nc1CN(C)C[C@@H]1Cc2ccccc2O1,5.75
CHEMBL4165273,CCN(CCc1ccccn1)Cc1csc(C2CCCC2)n1,6.1
CHEMBL4165863,O=C(OCc1ccccc1)N1CCc2ccc(N3CCN(C4CCCC4)CC3)cc2C1,6.53
CHEMBL4166178,O=C(CO)NC[C@H]1CCN(Cc2csc(-c3ccccc3)n2)C1,5.39
CHEMBL4167807,CCCc1nc(CN2CC[C@H](c3ccccc3)C2)cs1,6.37
CHEMBL416806,COc1cc2c(cc1Br)N(C(=O)Nc1cccnc1)CC2,5.8
CHEMBL4168691,N#Cc1c(CN2CCN(CCc3ccccc3)CC2)cn2ccccc12,7.23
CHEMBL416896,CCc1cc(NC(=O)N2CCc3cc(OC)c(C(F)(F)F)cc32)cc(-c2cccnc2)c1,6.7
CHEMBL4169236,CC(C)c1nc2c(N3CCNCC3)ccnc2n1Cc1cccc(F)c1,6.32
CHEMBL4169603,Cc1cc(C)n(C2CN(CCCc3nc(-c4ccccc4)no3)C2)n1,5.44
CHEMBL4169689,CCOC(=O)CCN1CCN(c2ccc3c(c2)CN(C(=O)OCc2ccccc2)CC3)CC1,6.32
CHEMBL4169755,C[C@H]1CN(CCCNC(=O)CN2CCc3ccccc3C2)C[C@@H](C)O1,5.46
CHEMBL417082,COc1cc2c(cc1C(F)(F)F)N(C(=O)Nc1cc3c(c(-c4cccnc4)c1)OCC3)CC2,6.6
CHEMBL4171171,Clc1cncc(NCCCCN2CCN(c3ccccc3)CC2)n1,6.87
CHEMBL4171581,Cc1ccc(-c2nc(CN(C)C[C@@H]3Cc4ccccc4O3)c(C)o2)s1,5.34
CHEMBL4173176,C[C@H](CNc1cncc(Cl)n1)N1CCN(c2ccccc2)CC1,7.26
CHEMBL4173442,COC[C@@H](C)N1CCN(c2cccc(F)c2C#N)CC1,5.46
CHEMBL4174330,Fc1ccc(N2CCN(CCNc3cncc(Cl)n3)CC2)cc1,6.99
CHEMBL4175018,Cc1oc(-c2ccco2)nc1CN1CCN([C@@H]2CCc3ccccc3C2)CC1,7.28
CHEMBL4175327,Cc1oc(-c2cccc(F)c2F)nc1CN(C)C[C@@H]1Cc2ccccc2O1,5.69
CHEMBL4175829,CCc1nc2c(N3CCNCC3)ccnc2n1Cc1cccc(F)c1,6.36
CHEMBL4176490,Clc1cncc(NCCCN2CCN(c3ccccc3)CC2)n1,7.54
CHEMBL4176546,CN(C)Cc1cccc(CN/C=C2/C(=O)NC(=O)c3ccccc32)c1,5.6
CHEMBL4176800,O[C@@H](COC[C@@H]1CCCO1)CN1CCN(c2ccccc2F)CC1,5.84
CHEMBL417713,CSc1c(Cl)cc2c(c1Cl)CCN2C(=O)Nc1cccnc1,7.2
CHEMBL41940,CSc1cc2c(cc1Br)N(C(=O)Nc1cccnc1)CC2,6.3
CHEMBL420010,OC(c1ccc(F)cc1)C1CCN(CCc2ccc(F)cc2)CC1,8.79
CHEMBL4202520,O=C1Nc2ccccc2C12CCN(CCN1CCC(c3ccc(F)cc3)CC1)C2,6.59
CHEMBL4202787,CCOC(=O)[C@@H]1CN(CCn2c(=O)[nH]c3ccccc3c2=O)CC[C@@H]1c1ccc(F)cc1,5.62
CHEMBL4202831,CC(=O)c1c(OCCCCN2CCN(c3cc(C)cc(C)c3)CC2)ccc2c(C)cc(=O)oc12,7.24
CHEMBL4202947,O=C1Nc2ccccc2C12CCN(CCN1CC=C(c3ccc(F)cc3)CC1)C2,7.12
CHEMBL4203310,Cc1cc(C)c(OCCOCCN2CCN(CCc3ccccc3)CC2)c(C)c1.Cl.Cl,5.55
CHEMBL4203581,O=C(c1ccc(Cl)cc1)N1CCN(CCN2CCC3(C2)C(=O)Nc2ccccc23)CC1,4.76
CHEMBL4204059,CCCCc1cc(-c2ccoc2)nc(N2CCN(C)CC2)n1,8.0
CHEMBL4204576,C[C@@H]1SC(c2ccccc2)=N[C@H]1Cc1c[nH]cn1,5.24
CHEMBL4205526,COc1ccc(N2CCN(CCCOc3c(C)cc(C)cc3C)CC2)cc1.Cl.Cl,6.11
CHEMBL4206366,O=C1Nc2ccccc2C12CCN(CCN1CCN(c3ccccc3)CC1)C2,6.3
CHEMBL4206824,COc1cc2c(cc1OC)C1CC(O)C(CC(C)C)CN1CC2,8.17
CHEMBL4206881,O=C1Nc2ccccc2C12CCN(CCCN1CCN(c3ccc(Cl)cc3)CC1)C2,6.15
CHEMBL4207177,CC(=O)c1c(OCCCCN2CCN(c3ccccc3Br)CC2)ccc2c(C)cc(=O)oc12,8.0
CHEMBL4207355,CCCCCCOc1ccc(C2=N[C@@H](CO)[C@H](C)S2)cc1,5.41
CHEMBL4207585,CC(=O)c1c(OCCCCN2CCN(c3ccccc3C(F)(F)F)CC2)ccc2c(C)cc(=O)oc12,7.31
CHEMBL4207653,COc1ccccc1N1CCN(CCOCCOc2c(C)cc(C)cc2C)CC1.Cl.Cl,6.61
CHEMBL4207835,O=C1Nc2ccccc2C12CCN(CCN1CCN(c3ccc(F)cc3)CC1)C2,7.23
CHEMBL4207884,Clc1ccc(-c2n[nH]c3c2CCNCC3)cc1,6.73
CHEMBL4207990,CC(=O)c1c(OCCCN2CCN(c3ccccc3C(F)(F)F)CC2)ccc2c(C)cc(=O)oc12,7.7
CHEMBL4208181,Cc1cc(C)c(OCCOCCN2CCN(Cc3ccccc3)CC2)c(C)c1.Cl.Cl,6.3
CHEMBL4208376,C[C@H]1SC(c2ccc(-c3ccccc3)cc2)=N[C@H]1Cc1c[nH]cn1,6.51
CHEMBL4208468,O=C1Nc2ccccc2C12CCN(CCN1CCC(Oc3ccc(Cl)cc3)CC1)C2,6.46
CHEMBL4208914,C[C@@H]1SC(c2ccc(-c3ccccc3)cc2)=N[C@H]1Cc1c[nH]cn1,6.62
CHEMBL4208934,CCc1cc(-c2ccoc2)nc(N2CCN(C)CC2)n1,7.92
CHEMBL4209274,Fc1ccc(-c2n[nH]c3c2CCNCC3)cc1,6.76
CHEMBL4209403,CC(=O)c1c(OCCCN2CCN(c3ccccc3Cl)CC2)ccc2c(C)cc(=O)oc12,7.66
CHEMBL4209807,O=C1Nc2ccccc2C12CCN(CCN1CCN(c3ccccc3Cl)CC1)C2,6.34
CHEMBL4209888,COc1ccccc1N1CCN(CCCOc2ccc(C)cc2C)CC1.Cl,6.28
CHEMBL4209942,Oc1ccccc1C1=NC(Cc2c[nH]cn2)C(c2ccccc2)S1,5.96
CHEMBL4210596,CC(=O)c1c(OCCCN2CCN(c3cccc(F)c3)CC2)ccc2c(C)cc(=O)oc12,6.39
CHEMBL4210782,Cc1ccc(-c2n[nH]c3c2CCNCC3)cc1,6.8
CHEMBL4211253,O=C1Nc2ccccc2C12CCN(CCN1CCN(c3cccc(Cl)c3)CC1)C2,6.46
CHEMBL4212058,CC(=O)c1c(OCCCCN2CCN(c3cc(C)ccc3C)CC2)ccc2c(C)cc(=O)oc12,7.33
CHEMBL4212199,O=S(=O)(NC1CCN(CC(O)COc2ccccc2-c2ccccc2)CC1)c1cccc(Cl)c1,5.67
CHEMBL4212246,CCCCOc1ccc(C2=N[C@@H](CO)[C@H](C)S2)cc1,5.66
CHEMBL4212435,C[C@@H]1SC(c2ccccc2O)=N[C@H]1Cc1c[nH]cn1,5.85
CHEMBL4212812,Cc1cc(OCCCN2CCN(c3ccccc3)CC2)ccc1Cl.Cl.Cl,7.12
CHEMBL4212943,CC(=O)c1c(OCCCCN2CCN(c3cccc(F)c3)CC2)ccc2c(C)cc(=O)oc12,6.4
CHEMBL4213170,CC(=O)c1c(OCCCN2CCN(c3cc(C)cc(C)c3)CC2)ccc2c(C)cc(=O)oc12,7.9
CHEMBL4213352,COc1ccccc1N1CCN(CCOCCOc2cc(C)cc(C)c2C)CC1.Cl.Cl,6.8
CHEMBL4213647,COc1ccccc1N1CCN(CCOCCOc2c(C)cccc2C)CC1.Cl,6.58
CHEMBL4213789,CC(=O)c1c(OCCCN2CCN(c3cc(C)ccc3C)CC2)ccc2c(C)cc(=O)oc12,6.99
CHEMBL4214208,O=C1Nc2ccccc2C12CCN(CCN1CCC(c3ccc(Cl)cc3)CC1)C2,6.39
CHEMBL4214598,CC(=O)c1c(OCCCCN2CCN(c3cccc(Br)c3)CC2)ccc2c(C)cc(=O)oc12,8.19
CHEMBL4214709,O=C1Nc2ccccc2C12CCN(CCN1CCN(c3ccc(Cl)c(Cl)c3)CC1)C2,6.57
CHEMBL4214975,CCOC(=O)[C@@H]1CN(CCn2c(=O)[nH]c3ccccc3c2=O)CC[C@H]1c1ccc(F)cc1,7.43
CHEMBL4215022,COc1ccccc1N1CCN(CCCOc2ccc3c(C)cc(=O)oc3c2C(C)=O)CC1,8.1
CHEMBL4215550,CC(=O)c1c(OCCCN2CCN(c3cccc(Br)c3)CC2)ccc2c(C)cc(=O)oc12,8.22
CHEMBL4215875,Cc1ccc(-c2noc3c2CCNCC3)cc1,6.86
CHEMBL4216126,CC(C)c1ccccc1OCCCN1CCC(NS(=O)(=O)c2ccc(F)cc2)CC1,5.87
CHEMBL4216246,CCCCCCCCOc1ccc(C2=N[C@@H](CO)[C@H](C)S2)cc1,5.16
CHEMBL4216860,COC(=O)[C@H](Cc1cnc[nH]1)NC(=O)[C@H]1N=C(c2ccccc2O)S[C@@H]1C,6.51
CHEMBL4216870,NCCCCCCn1cc(CCCCN2CCC(c3ccc(-c4cc(C(=O)O)cc5cc(-c6ccc(C(F)(F)F)cc6)ccc45)cc3)CC2)nn1,5.08
CHEMBL4217736,CC(=O)c1c(OCCCCN2CCN(c3ccccc3Cl)CC2)ccc2c(C)cc(=O)oc12,7.7
CHEMBL4217761,Cc1cccc(OCCOCCN2CCN(CCc3ccccc3)CC2)c1C.Cl.Cl,6.66
CHEMBL421801,COc1ccc2c(c1)CC(CN1CCC(c3noc4cc(F)ccc34)CC1)CC2=O,8.83
CHEMBL4218586,COc1ccccc1N1CCN(CCCOc2c(C)cc(C)cc2C)CC1.Cl,5.55
CHEMBL4218625,O=C1Nc2ccccc2C12CCN(CCN1CCN(c3ccc(Cl)cc3)CC1)C2,7.17
CHEMBL4218672,Fc1ccc(-c2noc3c2CCNCC3)cc1,6.33
CHEMBL4218720,CC(=O)c1c(OCCCN2CCN(c3ccccc3Br)CC2)ccc2c(C)cc(=O)oc12,8.15
CHEMBL4218801,Clc1ccc(-c2noc3c2CCNCC3)cc1,6.4
CHEMBL4218830,COc1ccccc1N1CCN(CCCCOc2ccc3c(C)cc(=O)oc3c2C(C)=O)CC1,7.25
CHEMBL42257,COc1cc2c(cc1C(F)(F)C(F)(F)F)N(C(=O)Nc1cccnc1)CC2,5.4
CHEMBL42264,N#Cc1cccc(NC(=O)NCCCN2CCCC(Cc3ccc(F)cc3F)C2)c1,5.63
CHEMBL423206,Fc1ccc2c(c1)CCC1(CCN(C3CCc4ccccc4C3)CC1)O2,7.02
CHEMBL4238029,O=S(=O)(c1cccc2ncccc12)N1CCC[C@H]1CCN1CCN(c2cccc3[nH]ccc23)CC1,6.61
CHEMBL4238124,O=S(=O)(c1cccc2ncccc12)N1CCC[C@@H]1CCN1CCN(c2cccc3c2OCCO3)CC1,6.53
CHEMBL4238479,O=S(=O)(c1cccc2cnccc12)N1CCC[C@@H]1CCN1CCN(c2cccc3sccc23)CC1,7.72
CHEMBL4238679,O=S(=O)(c1cncc2ccccc12)N1CCC[C@@H]1CCN1CCN(c2nsc3ccccc23)CC1,8.0
CHEMBL4238897,O=S(=O)(c1cccc2ncccc12)N1CC[C@@H]1CCN1CCN(c2nsc3ccccc23)CC1,7.52
CHEMBL4239091,O=S(=O)(c1cccc2cnccc12)N1CCC[C@@H]1CCN1CCN(c2nsc3ccccc23)CC1,7.82
CHEMBL4239705,O=S(=O)(c1cncc2ccccc12)N1CC[C@@H]1CCN1CCN(c2cccc3sccc23)CC1,7.8
CHEMBL4239823,O=S(=O)(c1cncc2ccccc12)N1CCC[C@H]1CCN1CCN(c2cccc3sccc23)CC1,8.05
CHEMBL4240162,O=S(=O)(c1cccc2ncccc12)N1CCCCC[C@H]1CCN1CCN(c2nsc3ccccc23)CC1,7.52
CHEMBL4240642,O=S(=O)(c1ccnc2ccccc12)N1CCCC[C@@H]1CCN1CCN(c2nsc3ccccc23)CC1,7.46
CHEMBL4240910,O=c1[nH]c2c(N3CCN(CC[C@@H]4CCCN4S(=O)(=O)c4cccc5ncccc45)CC3)cccc2o1,5.61
CHEMBL4240954,O=S(=O)(c1cccc2ncccc12)N1CCC[C@H]1CCN1CCN(c2cccc3sccc23)CC1,7.44
CHEMBL4241050,O=S(=O)(c1cccc2ncccc12)N1CCC[C@H]1CCN1CCC(c2noc3cc(F)ccc23)CC1,7.92
CHEMBL4241081,O=S(=O)(c1cccc2ncccc12)N1CCCC[C@@H]1CCN1CCN(c2nsc3ccccc23)CC1,7.54
CHEMBL4241497,O=S(=O)(c1cccc2ncccc12)N1CCCCC[C@H]1CCN1CCN(c2cccc3sccc23)CC1,7.29
CHEMBL4241830,O=S(=O)(c1cccc2ncccc12)N1CCC[C@H]1CCN1CCN(c2cccc3c2OCCO3)CC1,6.96
CHEMBL4242170,O=S(=O)(c1cncc2ccccc12)N1CCC[C@H]1CCN1CCN(c2cccc3[nH]ccc23)CC1,7.09
CHEMBL4242268,O=S(=O)(c1cncc2ccccc12)N1CCC[C@@H]1CCN1CCN(c2cccc3c2OCCO3)CC1,6.41
CHEMBL4242392,O=S(=O)(c1cccc2cnccc12)N1CCC[C@H]1CCN1CCN(c2nsc3ccccc23)CC1,7.75
CHEMBL4242858,O=S(=O)(c1cccc2ncccc12)N1CCC[C@@H]1CCN1CCN(c2nsc3ccccc23)CC1,7.68
CHEMBL4243036,O=c1[nH]c2c(N3CCN(CC[C@H]4CCCN4S(=O)(=O)c4cncc5ccccc45)CC3)cccc2o1,5.71
CHEMBL4243497,O=S(=O)(c1cncc2ccccc12)N1CC[C@@H]1CCN1CCN(c2nsc3ccccc23)CC1,7.62
CHEMBL4243579,O=S(=O)(c1cccc2cnccc12)N1CCC[C@H]1CCN1CCN(c2noc3ccccc23)CC1,7.39
CHEMBL4243848,O=S(=O)(c1cccc2ncccc12)N1CCC[C@@H]1CCN1CCN(c2cccc3sccc23)CC1,7.25
CHEMBL4243932,O=S(=O)(c1cccc2ncccc12)N1CC[C@@H]1CCN1CCN(c2cccc3sccc23)CC1,8.15
CHEMBL4244280,O=S(=O)(c1cncc2ccccc12)N1CCCC[C@@H]1CCN1CCN(c2cccc3sccc23)CC1,7.19
CHEMBL4244691,O=S(=O)(c1cccc2cnccc12)N1CCC[C@H]1CCN1CCN(c2cccc3sccc23)CC1,8.05
CHEMBL4245263,O=S(=O)(c1cncc2ccccc12)N1CCC[C@H]1CCN1CCC(c2noc3cc(F)ccc23)CC1,8.22
CHEMBL4245607,O=S(=O)(c1cncc2ccccc12)N1CCCCC[C@H]1CCN1CCN(c2cccc3sccc23)CC1,7.54
CHEMBL4245622,O=S(=O)(c1cccc2ncccc12)N1CCC[C@@H]1CCN1CC=C(c2c[nH]c3ccc(Cl)cc23)CC1,5.94
CHEMBL4245997,O=S(=O)(c1cncc2ccccc12)N1CCC[C@@H]1CCN1CCN(c2cccc3[nH]ccc23)CC1,7.12
CHEMBL4246202,O=S(=O)(c1cccc2ncccc12)N1CCC[C@H]1CCN1CCN(c2nsc3ccccc23)CC1,7.8
CHEMBL4246630,O=S(=O)(c1cncc2ccccc12)N1CCC[C@@H]1CCN1CC=C(c2c[nH]c3ccc(Cl)cc23)CC1,5.72
CHEMBL4246655,O=S(=O)(c1cncc2ccccc12)N1CCC[C@H]1CCN1CCN(c2nsc3ccccc23)CC1,7.89
CHEMBL4247275,O=c1[nH]c2c(N3CCN(CC[C@@H]4CCCN4S(=O)(=O)c4cncc5ccccc45)CC3)cccc2o1,5.69
CHEMBL4247770,O=S(=O)(c1cncc2ccccc12)N1CCC[C@H]1CCN1CCN(c2cccc3c2OCCO3)CC1,7.04
CHEMBL4248491,O=S(=O)(c1cncc2ccccc12)N1CCC[C@@H]1CCN1CCN(c2cccc3sccc23)CC1,7.58
CHEMBL4248544,O=S(=O)(c1cccc2ncccc12)N1CCCC[C@@H]1CCN1CCN(c2cccc3sccc23)CC1,7.46
CHEMBL4248597,O=S(=O)(c1cccc2ncccc12)N1CCC[C@@H]1CCN1CCN(c2cccc3[nH]ccc23)CC1,6.35
CHEMBL424890,COc1cc(Br)c(OC)c2c1C(CN)CC2,7.28
CHEMBL4249179,O=S(=O)(c1cccc2ncccc12)N1CCC[C@H]1CCN1CCN(c2noc3ccccc23)CC1,7.31
CHEMBL4249426,O=S(=O)(c1cccc2ncccc12)N1CCC[C@H]1CCN1CC=C(c2c[nH]c3ccc(Cl)cc23)CC1,5.85
CHEMBL4249640,O=S(=O)(c1cncc2ccccc12)N1CCC[C@H]1CCN1CCN(c2noc3ccccc23)CC1,7.48
CHEMBL4250244,O=S(=O)(c1cncc2ccccc12)N1CCC[C@H]1CCN1CC=C(c2c[nH]c3ccc(Cl)cc23)CC1,6.62
CHEMBL4250274,O=S(=O)(c1ccnc2ccccc12)N1CCCCC[C@H]1CCN1CCN(c2nsc3ccccc23)CC1,7.58
CHEMBL4250475,O=S(=O)(c1cccc2ncccc12)N1CCC[C@@H]1CCN1CCC(c2noc3cc(F)ccc23)CC1,8.3
CHEMBL42507,N#Cc1cccc(NC(=O)NCCCN2CCC(Cc3ccc(F)cc3)C2)c1,6.75
CHEMBL425208,CC1CC(=O)Nc2c(CCN3CCN(c4n[s+]([O-])c5ccccc45)CC3)cc(F)cc21,8.65
CHEMBL425285,CCCc1c(C(=O)NCCCCN2CCN(c3cccc(Cl)c3Cl)CC2)nnn1Cc1ccccc1,8.6
CHEMBL42557,c1ccc(-c2[nH]c3ccccc3c2C2CCCNC2)cc1,9.0
CHEMBL426684,COc1ccc(C2=C(C)CN(c3ccc(Cl)cc3)C2=O)cc1OCCN1CCCCC1,6.4
CHEMBL42681,Cc1c(Cl)cc2c(c1Cl)CCN2C(=O)Nc1cccnc1,7.5
CHEMBL427398,COc1ccc(C2CCN(c3ccc(Cl)c(Cl)c3)C2=O)cc1OCCN1CCCCC1,6.1
CHEMBL42758,CSc1cc2c(cc1C#N)N(C(=O)Nc1cccnc1)CC2,5.6
CHEMBL4276705,CC(=O)c1c(C)cc2oc(=O)cc(C)c2c1OCCCN1CCN(c2ccccc2F)CC1,7.55
CHEMBL4277211,Cc1cc(OCCCCN2CCN(c3ccc(Cl)cc3)CC2)c2c(C)cc(=O)oc2c1,6.33
CHEMBL4278275,COc1cccc(N2CCN(CCCCOc3cc(C)cc4oc(=O)cc(C)c34)CC2)c1,6.74
CHEMBL4278465,OC1(c2ccc(Cl)c(C(F)(F)F)c2)CCN(CCCCN(c2ccc(F)cc2)c2ccc(F)cc2)CC1,5.22
CHEMBL4279872,CC(=O)c1c(C)cc2oc(=O)cc(C)c2c1OCCCN1CCN(c2ccccc2C#N)CC1,7.19
CHEMBL4279918,Cc1cc(OCCCN2CCN(c3cccc(Cl)c3Cl)CC2)c2c(C)cc(=O)oc2c1,7.38
CHEMBL4280137,COc1cccc(N2CCN(CCCOc3c(C(C)=O)c(C)cc4oc(=O)cc(C)c34)CC2)c1,7.32
CHEMBL42806,O=C(Nc1cccnc1)N1CCc2cc(C(F)(F)F)ccc21,5.9
CHEMBL4281430,CC(=O)c1c(C)cc2oc(=O)cc(C)c2c1OCCCCN1CCOCC1,5.35
CHEMBL4282117,O=C(NCCc1c[nH]c2ccccc12)C1CCN(C(=O)c2ccccc2)CC1,5.25
CHEMBL4282702,OC1(c2ccc(Cl)c(C(F)(F)F)c2)CCN(CCCCCc2ccc(F)cc2)CC1,6.05
CHEMBL4283238,Cc1cc(OCCCN2CCN(c3cnccn3)CC2)c2c(C)cc(=O)oc2c1,5.34
CHEMBL4283586,CC(=O)c1c(C)cc2oc(=O)cc(C)c2c1OCCCN1CCN(c2ccc([N+](=O)[O-])cc2)CC1,6.54
CHEMBL4283791,COc1cccc(N2CCN(CCCCOc3c(C(C)=O)c(C)cc4oc(=O)cc(C)c34)CC2)c1,6.28
CHEMBL4284002,CC(=O)c1c(C)cc2oc(=O)cc(C)c2c1OCCCCN1CCN(c2ccc(Cl)cc2)CC1,8.77
CHEMBL42841,NCC1CC2c3ccccc3C1c1ccccc12,5.02
CHEMBL4285172,Cc1cc(OCCCCN2CCN(c3cccc(Cl)c3Cl)CC2)c2c(C)cc(=O)oc2c1,6.78
CHEMBL4285316,CC(=O)c1c(C)cc2oc(=O)cc(C)c2c1OCCCCN1CCN(c2ccncc2)CC1,5.8
CHEMBL4286737,COc1cccc(N2CCN(CCCOc3cc(C)cc4oc(=O)cc(C)c34)CC2)c1,6.97
CHEMBL4287105,CC(=O)c1c(C)cc2oc(=O)cc(C)c2c1OCCCN1CCN(c2cccc(Cl)c2Cl)CC1,7.18
CHEMBL4287144,CC(=O)c1c(C)cc2oc(=O)cc(C)c2c1OCCCCN1CCN(c2ccccc2F)CC1,8.05
CHEMBL4287173,CC(=O)c1c(C)cc2oc(=O)cc(C)c2c1OCCCN1CCN(c2cnccn2)CC1,5.52
CHEMBL4287623,OC1(c2ccc(Cl)c(C(F)(F)F)c2)CCN(CCCC=C(c2ccc(F)cc2)c2ccc(F)cc2)CC1,5.96
CHEMBL428879,CSc1cc2c(cc1C(F)(F)F)N(C(=O)Nc1cccc(-c3cccnc3)c1)CC2,7.1
CHEMBL4288960,Cc1cc(OCCCCN2CCN(c3cnccn3)CC2)c2c(C)cc(=O)oc2c1,5.64
CHEMBL4290571,Cc1cc(OCCCN2CCN(c3ccccc3C#N)CC2)c2c(C)cc(=O)oc2c1,6.7
CHEMBL4291048,OC1(c2ccc(Cl)c(C(F)(F)F)c2)CCN(CCCN(c2ccc(F)cc2)c2ccc(F)cc2)CC1,6.79
CHEMBL4291652,CC(=O)c1c(C)cc2oc(=O)cc(C)c2c1OCCCCN1CCN(c2cnccn2)CC1,5.6
CHEMBL4291739,CC(=O)c1c(C)cc2oc(=O)cc(C)c2c1OCCCCN1CCN(c2ccc([N+](=O)[O-])cc2)CC1,7.34
CHEMBL429202,O=C1c2ccccc2CCCN1CCN1CCC(Oc2ccc(Cl)cc2)CC1,7.13
CHEMBL42923,CC(CN)n1ccc2ccc3ccccc3c21,5.37
CHEMBL4292326,O=C(NCCc1c[nH]c2ccccc12)C1CCN(C(=O)c2ccc(-c3ccccc3)cc2)CC1,5.61
CHEMBL4292362,Cc1cc(OCCCCN2CCN(c3ccccc3C#N)CC2)c2c(C)cc(=O)oc2c1,6.95
CHEMBL4292719,O=C(NCc1ccccc1)C1CCN(C(=O)c2ccc(-c3ccccc3)cc2)CC1,5.17
CHEMBL4293165,Cc1cc(OCCCCN2CCN(c3ccccc3F)CC2)c2c(C)cc(=O)oc2c1,6.92
CHEMBL4293307,COc1ccc(N(CCCCN2CCC(O)(c3ccc(Cl)c(C(F)(F)F)c3)CC2)c2ccc(OC)cc2)cc1,6.05
CHEMBL4293643,CC(=O)c1c(C)cc2oc(=O)cc(C)c2c1OCCCCN1CCN(c2cccc(Cl)c2Cl)CC1,5.58
CHEMBL4293826,Cc1cc(OCCCN2CCN(c3ccccc3F)CC2)c2c(C)cc(=O)oc2c1,7.26
CHEMBL4293973,Cc1cc(OCCCN2CCN(c3ccc(Cl)cc3)CC2)c2c(C)cc(=O)oc2c1,7.16
CHEMBL4294350,NCCCCNC(=O)COc1ccc(CCCn2ncc3c2nc(N)n2nc(-c4ccco4)nc32)cc1,8.72
CHEMBL4295030,CC(=O)c1c(C)cc2oc(=O)cc(C)c2c1OCCCN1CCN(c2ccc(Cl)cc2)CC1,8.4
CHEMBL431729,CSc1ccc2c(c1Cl)CCN2C(=O)Nc1cccnc1,5.3
CHEMBL432217,COc1cc(OC)c(-c2ccccc2)cc1C(=O)CCCCN1CCC2(CC1)NC(=O)NC2=O,6.4
CHEMBL432713,O=C(/C=C/c1ccc(Cl)c(Cl)c1)NCCCCCN1CCC(c2c[nH]c3ccc(O)cc23)CC1,7.7
CHEMBL432879,Cc1cc2c(cc1C(F)(F)F)N(C(=O)Nc1ccc(OCc3ccccn3)nn1)CC2,6.6
CHEMBL43496,CC(=O)c1cc2c(cc1C(F)(F)F)N(C(=O)Nc1cccnc1)CC2,5.5
CHEMBL435301,CN(C)C[C@H]1CC2c3ccccc3Oc3ccc(Cl)cc3[C@H]2O1,8.22
CHEMBL43633,CC(C)c1cc2c(cc1Cl)N(C(=O)Nc1cccnc1)CC2,5.7
CHEMBL43655,N#Cc1cccc(NC(=O)NCCCN2CCCC(Cc3ccccc3)C2)c1,5.53
CHEMBL43697,CN1CCCCC1c1c(-c2ccccc2)[nH]c2ccccc12,7.85
CHEMBL437007,Cn1ncc2c1CC(CN1CCC(C(=O)c3ccc(F)cc3)CC1)CC2=O,7.52
CHEMBL437525,COc1ccc(Cn2nnc(C(=O)NCCCCN3CCN(c4ccccc4OC)CC3)c2C)cc1,6.85
CHEMBL43808,CCc1cc2c(cc1Cl)N(C(=O)Nc1cccnc1)CC2,6.4
CHEMBL43818,N#Cc1cccc(NC(=O)NCCCN2CCCC(Cc3ccccc3F)C2)c1,5.65
CHEMBL43819,CN1CCCC(c2c(-c3ccccc3)[nH]c3ccccc23)C1,8.33
CHEMBL438963,COc1ccc(C2=CCN(c3cccc(F)c3)C2=O)cc1OCCN1CCCCC1,6.0
CHEMBL438980,O=C1CC(c2ccccc2)c2cccc(CCN3CCN(c4nsc5ccccc45)CC3)c2N1,9.74
CHEMBL439504,COc1ccc(N2CCC(c3ccc(Cl)c(Cl)c3)C2=O)cc1OCCN1CCC(C)CC1,6.4
CHEMBL439680,CC(=O)N1CCC(c2ccccc2)c2cccc(CCN3CCN(c4nsc5ccccc45)CC3)c21,8.67
CHEMBL439849,COc1ccc2c(c1)C(CN)c1ccccc1C2,5.86
CHEMBL44015,CSc1cc2c(cc1C(F)(F)C(F)(F)F)N(C(=O)Nc1cccnc1)CC2,5.6
CHEMBL440389,Cc1ccc(CCN2CCN(c3nsc4ccccc34)CC2)c2c1C(C)CC(=O)N2,9.89
CHEMBL44206,CCOc1cc2c(cc1Cl)N(C(=O)Nc1cccnc1)CC2,5.4
CHEMBL442290,O=C(NC1CCc2ccc(CCN3CCN(c4nsc5ccccc45)CC3)cc21)c1ccc(F)cc1,8.61
CHEMBL44310,c1ccc(CCN2CCCC(c3c(-c4ccccc4)[nH]c4ccccc34)C2)cc1,7.23
CHEMBL444761,NCC(c1ccccc1)c1ccc(Br)cc1,8.46
CHEMBL44552,CC(C)(C)c1ccc2c(c1Cl)CCN2C(=O)Nc1cccnc1,6.2
CHEMBL445747,Cc1cccc([C@H]2C[C@@H]2CN)c1.Cl,5.73
CHEMBL446942,COc1cc2c(cc1C(F)(F)F)N(C(=O)Nc1ccc(C(C)(C)C)c(-c3cccnc3)c1)CC2,6.0
CHEMBL44893,c1ccc2c(c1)Cc1cccc3c1C2CNC3,6.53
CHEMBL451232,Cl.NC[C@H]1C[C@@H]1c1ccc(F)cc1Cl,6.59
CHEMBL45207,CC(N)C1c2ccccc2Cc2ccccc21,6.71
CHEMBL454491,COc1cccc2c1Cc1ccccc1C2CN,6.91
CHEMBL459930,CCOC(=O)c1oc2c(c1C)C(=O)CC(CN1CCC(c3noc4cc(F)ccc34)CC1)C2,8.08
CHEMBL461627,COC(=O)c1coc2c1C(=O)CC(CN1CCC(c3noc4cc(F)ccc34)CC1)C2,8.81
CHEMBL46523,c1ccc(CN2CCCC(c3c(-c4ccccc4)[nH]c4ccccc34)C2)cc1,7.7
CHEMBL467094,COc1cc2c3c(c1OC)-c1cc4c(cc1CC3N(C)CC2)OCO4,6.08
CHEMBL467736,Cl.NC[C@H]1C[C@@H]1c1ccccc1Br,6.61
CHEMBL46788,NCC1Cc2ccccc2-c2ccccc21,6.15
CHEMBL47050,OC1(c2ccc(Cl)c(C(F)(F)F)c2)CCN(CCCC(c2ccc(F)cc2)c2ccc(F)cc2)CC1,6.44
CHEMBL47220,COc1cccc(NC(=O)NCCCN2CCCC(Cc3ccccc3)C2)c1,6.04
CHEMBL472774,CC(=O)OC12C=C(C)C(C(C)C1)C1C(=O)N(CCCCN3CCN(Cc4ccccc4)CC3)C(=O)C12,5.01
CHEMBL472775,CC1CC2(C)CC(=O)C1C1C(=O)N(CCCCN3CCN(c4ncccn4)CC3)C(=O)C12,5.47
CHEMBL472810,COc1ccccc1N1CCN(CCCCN2C(=O)C3C4C(=O)CC(OC(C)=O)(CC4(C)C)C3C2=O)CC1,6.11
CHEMBL472811,COc1ccccc1N1CCN(CCCON2C(=O)C3C4C=CC(OC)(CC4)C3C2=O)CC1,5.86
CHEMBL472983,CC1CC2(C)CC(=O)C1C1C(=O)N(CCCCN3CCN(Cc4ccccc4)CC3)C(=O)C12,5.68
CHEMBL473006,COc1ccccc1N1CCN(CCCCN2C(=O)C3C4C(C)=CC(OC(C)=O)(CC4C)C3C2=O)CC1,6.13
CHEMBL473197,CC1CC2(C)CC(=O)C1C1C(=O)N(OCCCN3CCN(c4cccc(Cl)c4)CC3)C(=O)C12,6.96
CHEMBL473370,CC1CC2(C)CC(=O)C1C1C(=O)N(CCCCN3CCN(c4ccccn4)CC3)C(=O)C12,6.24
CHEMBL473411,CC(=O)OC12C=C(C)C(C(C)C1)C1C(=O)N(CCCCN3CCN(c4ncccn4)CC3)C(=O)C12,5.22
CHEMBL473564,CC(=O)OC12C=C(C)C(C(C)C1)C1C(=O)N(CCCCN3CCN(c4ccccn4)CC3)C(=O)C12,6.02
CHEMBL473765,CC(=O)OC12C=C(C)C(C(C)C1)C1C(=O)N(CCCCN3CCN(c4ccccc4)CC3)C(=O)C12,6.54
CHEMBL473781,CC(=O)OC12C=C(C)C(C(C)C1)C1C(=O)N(CCCN3CCN(c4ccccc4)CC3)C(=O)C12,6.24
CHEMBL473796,COc1ccccc1N1CCN(CCCON2C(=O)C3C4C(=O)CC(C)(CC4C)C3C2=O)CC1,6.2
CHEMBL473981,CC1CC2(C)CC(=O)C1C1C(=O)N(CCCN3CCN(c4ccccc4)CC3)C(=O)C12,6.54
CHEMBL473985,CC(=O)OC12C=C(C)C(C(C)C1)C1C(=O)N(OCCCN3CCN(c4ccccc4F)CC3)C(=O)C12,5.97
CHEMBL473986,CC(=O)OC12C=C(C)C(C(C)C1)C1C(=O)N(OCCCN3CCN(c4cccc(Cl)c4)CC3)C(=O)C12,6.42
CHEMBL473988,CC1CC2(C)CC(=O)C1C1C(=O)N(OCCCN3CCN(c4ccccc4)CC3)C(=O)C12,6.52
CHEMBL473996,CCOC12CCC(C(=O)C1)C1C(=O)N(CCCCN3CCN(c4ccccc4OC)CC3)C(=O)C12,5.55
CHEMBL474174,COc1ccccc1N1CCN(CCCON2C(=O)C3C4C(C)=CC(OC(C)=O)(CC4C)C3C2=O)CC1,6.17
CHEMBL474372,CC(=O)OC12C=C(C)C(C(C)C1)C1C(=O)N(OCCCN3CCN(c4ccccn4)CC3)C(=O)C12,5.74
CHEMBL474373,CC(=O)OC12C=C(C)C(C(C)C1)C1C(=O)N(OCCCN3CCN(c4ccccc4)CC3)C(=O)C12,6.43
CHEMBL476109,O=C(CCCN1C2CCC1CN(c1ccc(Cl)cc1)CC2)c1ccc(F)cc1,6.71
CHEMBL478617,O=C(CCCN1C2CCC1CC(O)(c1ccccc1)C2)c1ccc(F)cc1,7.91
CHEMBL479,CSc1ccc2c(c1)N(CCC1CCCCN1C)c1ccccc1S2,8.9
CHEMBL484380,NCC1c2ccccc2Cc2cc(O)ccc21,6.97
CHEMBL484381,CCCCCCc1ccc2c(c1)Cc1cc(OC)ccc1C2CN,7.37
CHEMBL484538,Br.Cc1cccc(-c2c(O)c(O)cc3c2CCN(C)CC3c2cccc(C)c2)c1,6.92
CHEMBL485207,Br.Oc1cc2c(c(-c3ccc4ccccc4c3)c1O)CCNCC2c1ccccc1,6.43
CHEMBL485253,CCC(CO)NC(=O)[C@@H]1C=C2c3cccc4c3c(cn4C)C[C@H]2N(C)C1,8.8
CHEMBL492689,Cl.O=C1C[C@@H](CN2CCC(c3noc4cc(F)ccc34)CC2)Cc2occc21,8.6
CHEMBL492916,Cl.NCC1CC1c1ccccc1Br,6.18
CHEMBL493069,COC(=O)c1coc2c1C(=O)CC(CN1CCC(C(=O)c3ccc(F)cc3)CC1)C2,7.59
CHEMBL493130,Cl.NC[C@H]1C[C@@H]1c1ccc(F)cc1,5.56
CHEMBL494701,O=C1CC(CN2CCC(C(=O)c3ccc(F)cc3)CC2)Cc2oc(-c3ccccc3)cc21,7.76
CHEMBL494702,CCOC(=O)c1oc2c(c1C)C(=O)CC(CN1CCC(C(=O)c3ccc(F)cc3)CC1)C2,7.66
CHEMBL497156,COc1cccc2c1C(CN)c1ccccc1C2,5.94
CHEMBL501072,CCCCCCc1ccc(C(CN)c2ccccc2)cc1,6.7
CHEMBL501295,c1ccc(-c2[nH]c3ccccc3c2C2CC3CCC(C2)N3)cc1,8.74
CHEMBL506654,CC1CC2(C)CC(=O)C1C1C(=O)N(CCCCN3CCN(c4ccccc4)CC3)C(=O)C12,6.74
CHEMBL513982,COc1ccccc1N1CCN(CCCCN2C(=O)C3C4C(=O)CC(C)(CC4C)C3C2=O)CC1,6.28
CHEMBL514157,CC(=O)OC12C=C(C)C(C(C)C1)C1C(=O)N(CCCCN3CCN(c4ccc(F)cc4)CC3)C(=O)C12,6.77
CHEMBL514472,COc1ccccc1N1CCN(CCCN2C(=O)C3C4C(=O)CC(C)(CC4C)C3C2=O)CC1,6.37
CHEMBL515553,CC1CC2(C)CC(=O)C1C1C(=O)N(CCCCN3CCN(c4ccc(F)cc4)CC3)C(=O)C12,6.99
CHEMBL515708,COc1ccccc1N1CCN(CCCN2C(=O)C3C4C(C)=CC(OC(C)=O)(CC4C)C3C2=O)CC1,5.99
CHEMBL515729,CC1CC2(C)CC(=O)C1C1C(=O)N(OCCCN3CCN(c4ccccc4F)CC3)C(=O)C12,6.04
CHEMBL516809,O=C1CC(CN2CCC(c3noc4cc(F)ccc34)CC2)Cc2oc(-c3ccccc3)cc21,8.16
CHEMBL516944,O=C1CC(CN2CCN(C(=O)c3ccc(F)cc3)CC2)Cc2occc21,5.88
CHEMBL520821,Br.Cc1cccc(C2CN(C)CCc3c2cc(O)c(O)c3-c2ccc3ccccc3c2)c1,7.37
CHEMBL52308,Cc1cc2c(cc1Cl)N(C(=O)Nc1ccc(Oc3cccnc3C)nn1)CC2,5.8
CHEMBL523680,Cl.O=C1C[C@H](CN2CCC(c3noc4cc(F)ccc34)CC2)Cc2occc21,8.29
CHEMBL52592,Cc1cc2c(cc1C(F)(F)F)N(C(=O)Nc1ccc(OCCc3ccccn3)nc1)CC2,5.7
CHEMBL52783,O=C(Nc1ccc(OCc2ccccn2)nc1)N1CCc2c(Cl)cccc21,5.3
CHEMBL52919,CCc1cc2c(cc1C(F)(F)F)N(C(=O)Nc1ccc(Oc3cccnc3C)nc1)CC2,6.3
CHEMBL53152,Cc1ncccc1Oc1ccc(NC(=O)N2CCc3cc(Br)c(C(F)(F)F)cc32)cn1,6.9
CHEMBL53308,Cc1cc2c(cc1C(F)(F)F)N(C(=O)Nc1cnc(Oc3cccnc3C)cn1)CC2,6.2
CHEMBL535626,COc1ccc(N2Cc3c(c4ccccc4n3C)C2=O)cc1OCCN1CCCCC1.Cl,6.3
CHEMBL53793,Cc1cc2c(cc1Cl)N(C(=O)Nc1ccc(Oc3cccnc3C(C)C)nc1)CC2,6.1
CHEMBL53939,Cc1cccc(COc2ccc(NC(=O)N3CCc4cc(C)c(C(F)(F)F)cc43)cn2)n1,6.0
CHEMBL54484,Cc1cc2c(cc1C(F)(F)F)N(C(=O)Nc1ccc(OCc3ncccc3C)nc1)CC2,6.8
CHEMBL54560,CSc1cc2c(cc1C(F)(F)F)N(C(=O)Nc1ccc(Oc3cccnc3C)nc1)CC2,6.6
CHEMBL54610,Cc1ncccc1Oc1ccc(NC(=O)N2CCc3cc(C(F)(F)F)ccc32)cn1,5.6
CHEMBL54707,Cc1cc2c(cc1C(F)(F)F)N(C(=O)Nc1ccc(OCc3cnccn3)nc1)CC2,6.5
CHEMBL55079,Cc1ncccc1Oc1ccc(NC(=O)N2CCc3c2cc(Cl)c(C)c3Cl)cn1,7.2
CHEMBL55207,Cc1cc2c(cc1Cl)N(C(=O)Nc1ccc(Oc3cnccc3Cl)nc1)CC2,7.8
CHEMBL55292,Cc1ncccc1Oc1ccc(NC(=O)N2CCc3c2cc(C(F)(F)F)c2c3CCO2)cn1,6.3
CHEMBL55331,Cc1cc2c(cc1Cl)N(C(=O)Nc1ccc(Oc3cnccc3C)nc1)CC2,8.1
CHEMBL55335,Cc1cc2c(cc1C(F)(F)F)N(C(=O)Nc1ccc(OCc3ccccn3)cc1)CC2,6.4
CHEMBL55344,Cc1cc2c(cc1C(F)(F)F)N(C(=O)Nc1ccc(COc3ccccn3)nc1)CC2,7.0
CHEMBL55388,O=C(Nc1ccc(OCc2ccccn2)nc1)N1CCc2cc(Br)ccc21,5.6
CHEMBL55472,CCCc1ncccc1Oc1ccc(NC(=O)N2CCc3cc(C)c(Cl)cc32)cn1,6.8
CHEMBL55597,Cc1cc2c(cc1Cl)N(C(=O)Nc1ccc(OCc3nccn3C)nc1)CC2,6.6
CHEMBL55784,Cc1cc2c(cc1C(F)(F)F)N(C(=O)Nc1ccc(CCc3ccccn3)nc1)CC2,6.8
CHEMBL55792,CCc1ncccc1Oc1ccc(NC(=O)N2CCc3cc(C)c(Cl)cc32)cn1,6.7
CHEMBL55914,Cc1cc2c(cc1C(F)(F)F)N(C(=O)Nc1cnc(OCc3ccccn3)c(C)c1)CC2,7.4
CHEMBL55964,Cc1cc2c(cc1Cl)N(C(=O)Nc1cnc(Oc3cccnc3C)c(C)c1)CC2,6.9
CHEMBL55969,Cc1cc2c(cc1C(F)(F)F)N(C(=O)Nc1ccc(OCc3cncn3C)nc1)CC2,7.0
CHEMBL56050,Cc1ncccc1Oc1ccc(NC(=O)N2CCc3c2ccc(Cl)c3Cl)cn1,5.5
CHEMBL56336,Cc1cc2c(cc1F)N(C(=O)Nc1ccc(Oc3cccnc3C)nc1)CC2,6.1
CHEMBL56405,O=C(Nc1ccc(OCc2ccccn2)nc1)N1CCc2ccc(C(F)(F)F)cc21,6.6
CHEMBL56508,Cc1cc2c(cc1C(F)(F)F)N(C(=O)Nc1cnc(Oc3cccnc3C)c(Cl)c1)CC2,6.6
CHEMBL566356,O=c1[nH]c2cccc(N3C[C@H]4C[C@@H]3CN4CC3CCc4[nH]c5ccc(F)cc5c4C3)c2o1,5.75
CHEMBL566379,O=C1Cc2c(ccc3c2OC[C@H](CNCCCC2CCc4c([nH]c5ccc(F)cc45)C2)O3)N1,8.22
CHEMBL566508,CSc1ncc2c(n1)CC(CN1CCC(c3noc4cc(F)ccc34)CC1)CC2=O,8.34
CHEMBL569251,O=C1Cc2c(ccc3c2OC[C@H](CNCC2CCc4[nH]c5ccc(F)cc5c4C2)O3)N1,8.7
CHEMBL569484,CC1CCCCN1CCOc1ccc(NC(=O)Nc2ccc(Cl)cc2)cc1-c1ccnn1C,9.08
CHEMBL569513,O=c1[nH]c2cccc(N3CCN(CC4CCc5[nH]c6ccc(F)cc6c5C4)CC3)c2o1,6.89
CHEMBL572708,O=C1CC(CN2CCC(c3noc4cc(F)ccc34)CC2)Cc2ncncc21,7.63
CHEMBL572721,CSc1ncc2c(n1)CC(CN1CCC(C(=O)c3ccc(F)cc3)CC1)CC2=O,6.99
CHEMBL572942,O=C1CC(CN2CCC(C(=O)c3ccc(F)cc3)CC2)Cc2nc(-c3ccccc3)ncc21,6.2
CHEMBL574985,C[C@@H](N)Cn1ccc2cc(F)c(Cl)cc21,7.1
CHEMBL575760,O=C1CC(CN2CCC(C(=O)c3ccc(F)cc3)CC2)Cc2ncncc21,6.51
CHEMBL575788,O=C1CC(CN2CCC(c3noc4cc(F)ccc34)CC2)Cc2nc(-c3ccccc3)ncc21,6.9
CHEMBL576756,CNc1ncc2c(n1)CC(CN1CCC(c3noc4cc(F)ccc34)CC1)CC2=O,8.62
CHEMBL582877,CC1(C)N=C(N)N=C(Nc2cccc(Br)c2)N1,6.11
CHEMBL583772,CNc1ncc2c(n1)CC(CN1CCC(C(=O)c3ccc(F)cc3)CC1)CC2=O,8.19
CHEMBL58765,Cc1cc2c(cc1C(F)(F)F)N(C(=O)Nc1ccc(Oc3cccnc3C)nn1)CC2,6.4
CHEMBL590077,O=C1NC2CNCCN2c2ccccc21,5.7
CHEMBL590078,Cc1cccc2c1C(=O)NC1CNCCN21,6.64
CHEMBL590089,Cc1ccc2c(c1)C(=O)NC1CNCCN21,5.91
CHEMBL590331,Cc1ccc2c(c1)N1CCNCC1NC2=O,6.22
CHEMBL590333,O=C1NC2CNCCN2c2cccc(C(F)(F)F)c21,6.74
CHEMBL590482,O=C1NC2CNCCN2c2ccc(Cl)cc21,6.4
CHEMBL590483,O=C1NC2CCNCCN2c2cccc(Cl)c21,6.78
CHEMBL590531,Cc1ccc2c(c1)N1CCNCCC1NC2=O,6.44
CHEMBL590580,Cc1cccc2c1C(=O)NC1CCNCCN21,6.85
CHEMBL590721,O=C1NC2CNCCCN2c2cccc(Cl)c21,4.87
CHEMBL590816,O=C1NC2CCNCCN2c2ccccc21,6.57
CHEMBL59584,Cc1cc2c(cc1Br)N(C(=O)Nc1ccc(Oc3cccnc3C)nc1)CC2,6.8
CHEMBL59725,O=C(NCCCCN1CCN(c2cccc(Cl)c2Cl)CC1)c1cc2ccccc2s1,7.77
CHEMBL598753,COc1ccc2c3c(ccc2c1)Cc1ccccc1C3CN,7.68
CHEMBL603417,CC1CCCCN1CCc1cccc2[nH]cc(S(=O)(=O)c3ccccc3)c12,7.05
CHEMBL605089,CC1CCCN(CCc2cccc3[nH]cc(S(=O)(=O)c4ccccc4)c23)C1,7.34
CHEMBL605402,O=C1NC2CNCCN2c2cccc(Cl)c21,6.48
CHEMBL610,NCCc1ccccc1,4.78
CHEMBL62919,O=C(c1ccc(F)cc1)C1CCN(CCn2c(=S)[nH]c3ccccc3c2=O)CC1,9.89
CHEMBL631,CCCNCC(O)COc1ccccc1C(=O)CCc1ccccc1,6.73
CHEMBL643,CC(CN1c2ccccc2Sc2ccccc21)N(C)C,7.72
CHEMBL6437,CN1CCN2c3ccccc3Cc3ccccc3C2C1,9.3
CHEMBL64894,CN(C)c1ccc(C(=C2C=CC(=[N+](C)C)C=C2)c2ccc(N(C)C)cc2)cc1.[Cl-],6.12
CHEMBL654,CN1CCN2c3ncccc3Cc3ccccc3C2C1,7.16
CHEMBL6607,COc1cc(CC(C)N)c(OC)cc1Br,9.22
CHEMBL6616,COc1cc(CC(C)N)c(OC)cc1I,9.34
CHEMBL69385,COc1ccc(N2CCN(CCC3OCCc4cc(C(N)=O)ccc43)CC2)cc1,6.85
CHEMBL6966,COc1ccc(CCN(C)CCCC(C#N)(c2ccc(OC)c(OC)c2)C(C)C)cc1OC,6.9
CHEMBL69733,COc1ccc(CCCN2CCC(CCC(=O)c3cc(Cl)c(N)c4c3OCCO4)CC2)cc1OC,6.3
CHEMBL71724,COc1ccc(N2CCN(CCC3OCCc4ccccc43)CC2)cc1,7.12
CHEMBL723,COc1ccccc1OCCNCC(O)COc1cccc2[nH]c3ccccc3c12,6.93
CHEMBL74317,O=[N+]([O-])c1ccc(C(O)C2CCN(CCc3ccccc3)CC2)cc1,8.94
CHEMBL75065,OC(c1ccc(F)cc1)C1CCN(CCc2cccc(I)c2)CC1,7.88
CHEMBL7568,CCN(CC)CCCC(C)Nc1c2ccc(Cl)cc2nc2ccc(OC)cc12,6.12
CHEMBL75738,CCOc1cccc(-c2cc(Cl)cc3c2N2CCNCCC2C3)c1,6.63
CHEMBL76099,CCOc1ccccc1-c1cccc2c1N1CCNCCC1C2,6.36
CHEMBL76645,Cc1ccccc1-c1cccc2c1N1CCNCCC1C2,6.87
CHEMBL77418,CCOc1ccc(-c2cc(Cl)cc3c2N2CCNCCC2C3)cc1,6.74
CHEMBL77701,FC(F)(F)c1ccccc1-c1cccc2c1N1CCNCCC1C2,7.35
CHEMBL77855,OC(c1ccc(F)cc1)C1CCN(CCc2ccccc2I)CC1,9.04
CHEMBL80706,Fc1ccc(-c2cc(Cl)cc3c2N2CCNCCC2C3)cc1,6.84
CHEMBL808,Clc1ccc(COC(Cn2ccnc2)c2ccc(Cl)cc2Cl)cc1,5.94
CHEMBL81330,Fc1ccc(N2CCN(CCC3OCCc4ccccc43)CC2)cc1,8.24
CHEMBL83081,COc1ccc2c(c1)Cc1ccccc1C2CN,8.12
CHEMBL83082,NCC1c2ccccc2Cc2cc(CCCc3ccccc3)ccc21,8.49
CHEMBL8334,COc1cc(CC(C)N)c(OC)cc1CCCc1ccccc1,8.0
CHEMBL8389,COc1cc(OC)c(OC)cc1CC(C)N,7.24
CHEMBL85882,NCC1c2ccccc2Cc2cc(Br)ccc21,8.89
CHEMBL862,N=C(N)NC(=O)Cc1c(Cl)cccc1Cl,6.07
CHEMBL8642,COc1ccc(OC)c(CC(C)N)c1,6.68
CHEMBL86760,CCCCCCc1ccc2c(c1)Cc1ccccc1C2CN,8.15
CHEMBL88193,COc1cc(OC)c(C(=O)CCCCN2CCC3(CC2)NC(=O)NC3=O)cc1NS(=O)(=O)c1cccc(Cl)c1,5.7
CHEMBL88402,COc1cc(OC)c(C(=O)CCCCN2CCC3(CC2)NC(=O)NC3=O)cc1NS(=O)(=O)c1ccc(C(F)(F)F)cc1,6.2
CHEMBL88571,COc1cc(OC)c(C(=O)CCCCN2CCC3(CC2)NC(=O)NC3=O)cc1NS(=O)(=O)c1ccccc1,5.5
CHEMBL88894,COc1cc(OC)c(C(=O)CCCCN2CCC3(CC2)NC(=O)NC3=O)cc1NS(=O)(=O)c1ccc(Cl)cc1,6.1
CHEMBL896,OCCOCCN1CCN(C(c2ccccc2)c2ccc(Cl)cc2)CC1,7.3
CHEMBL89934,CC1SC(C)(C)C(=O)N1CCCCN1CCN(c2csc3cc(F)ccc23)CC1,8.1
CHEMBL89967,COc1cc(OC)c(C(=O)CCCCN2CCC3(CC2)NC(=O)NC3=O)cc1NS(=O)(=O)c1ccc(C)cc1,5.6
CHEMBL900,Cc1ccccc1C(OCCN(C)C)c1ccccc1,6.9
CHEMBL90175,COc1cc(OC)c(C(=O)CCCCN2CCC3(CC2)NC(=O)NC3=O)cc1NS(=O)(=O)c1ccc(C#N)cc1,6.1
CHEMBL90346,COc1ccc(Cl)cc1C(=O)CCCCN1CCC2(CC1)NC(=O)NC2=O,7.9
CHEMBL90467,COc1ccc(S(=O)(=O)Nc2cc(C(=O)CCCCN3CCC4(CC3)NC(=O)NC4=O)c(OC)cc2OC)cc1,5.7
CHEMBL90470,COc1cc(Cl)ccc1C(=O)CCCCN1CCC2(CC1)NC(=O)NC2=O,6.9
CHEMBL90565,COc1cc(OC)c(C(=O)CCCCN2CCC3(CC2)NC(=O)NC3=O)cc1NS(=O)(=O)c1ccc(OC(F)(F)F)cc1,6.0
CHEMBL91,Clc1ccc(COC(Cn2ccnc2)c2ccc(Cl)cc2Cl)c(Cl)c1,5.95
CHEMBL91221,COc1cc(Cl)c(Cl)cc1C(=O)CCCCN1CCC2(CC1)NC(=O)NC2=O,8.2
CHEMBL91454,COc1cc(OC)c(C(=O)CCCCN2CCC3(CC2)NC(=O)NC3=O)cc1NS(=O)(=O)c1ccc(C(C)C)cc1,5.9
CHEMBL91855,CC(N)Cn1ccc2c1-c1cc(Cl)ccc1C2,6.7
CHEMBL92040,Cc1ccc2ccn(CC(C)N)c2c1,6.1
CHEMBL92333,Clc1cccc(N2CCN(CC3C[C@@H]4c5ccccc5Cc5ccccc5[C@H]4O3)CC2)c1,7.25
CHEMBL92337,OCCN1CCN(CC2C[C@@H]3c4ccccc4Cc4ccccc4[C@H]3O2)CC1,7.06
CHEMBL9250,O=C1c2ccccc2CCCN1CCN1CCC(n2c(=O)oc3cc(F)ccc32)CC1,6.73
CHEMBL92565,CC(N)Cn1ccc2c(F)cccc21,6.8
CHEMBL92656,CC(N)Cn1ccc2ccc(F)cc21,6.6
CHEMBL92667,CN(C)CC1C[C@@H]2c3ccccc3Cc3ccccc3[C@H]2O1,7.66
CHEMBL93154,CC(N)Cn1ccc2c1-c1cc(F)ccc1C2,6.7
CHEMBL93321,CN(C)CC1C[C@@H]2c3ccccc3OCc3ccccc3[C@H]2O1,7.04
CHEMBL9347,O=C1c2ccccc2CCCN1CCN1CCC(n2nnc3cc(F)ccc32)CC1,7.31
CHEMBL93850,Cc1ccc2c(ccn2CC(C)N)c1,6.1
CHEMBL93862,COc1ccc(-c2ccccc2)cc1C(=O)CCCCN1CCC2(CC1)NC(=O)NC2=O,9.0
CHEMBL94272,CC(N)Cn1ccc2c1-c1cc(F)ccc1C2(C)C,7.5
CHEMBL9446,O=C1c2ccccc2CCCN1CCN1CCC(N2C(=O)Cc3cc(F)ccc32)CC1,7.37
CHEMBL94984,CC1CCN(CC[C@H]2CCCN2S(=O)(=O)c2cccc3ccccc23)CC1,5.8
CHEMBL95098,O=C(CCCN1CCN(CCC2Cc3ccccc3C2=O)CC1)c1ccc(F)cc1,7.17
CHEMBL95104,O=S(=O)(c1ccc2cc[nH]c2c1)N1CCC[C@@H]1CCN1CCC(Oc2ccc(Cl)cc2)CC1,7.2
CHEMBL9564,O=C1c2ccccc2CCCN1CCN1CCC(Oc2ccccc2)CC1,6.81
CHEMBL96158,CN(C)CC1C[C@@H]2c3ccccc3Oc3ccccc3[C@H]2O1,7.43
CHEMBL9616,O=C(c1ccc(F)cc1)C1CCN(CCN2CCCc3ccccc3C2=O)CC1,7.77
CHEMBL96312,Cc1ccc2c(c1)-c1c(ccn1CC(C)N)C2,7.2
CHEMBL96429,c1ccc2c(c1)Cc1ccccc1[C@H]1CC(CN3CCOCC3)O[C@H]21,6.36
CHEMBL96471,c1ccc(C2CCN(CC3C[C@@H]4c5ccccc5Cc5ccccc5[C@H]4O3)CC2)cc1,5.96
CHEMBL96732,CN(C)CC1C[C@H]2c3ccccc3Cc3ccccc3[C@H]2O1,6.99
CHEMBL96816,CC(N)Cc1c[nH]c2ccc(F)cc12,7.2
CHEMBL96876,COc1cccc2c1-c1c(ccn1CC(C)N)C2,6.4
CHEMBL96883,CC(N)Cn1ccc2cc(F)ccc21,6.8
CHEMBL97596,O=S(=O)(Nc1ccc2nccc(N3CCNCC3)c2c1)c1ccc2c(Cl)cccc2c1,6.0
CHEMBL97637,O=S(=O)(Nc1ccc2nccc(N3CCNCC3)c2c1)c1ccc(-c2ccccc2)cc1,6.3
CHEMBL9770,Cc1ccc(OC2CCN(CCN3CCCc4ccccc4C3=O)CC2)cc1,7.26
CHEMBL9951,O=C1c2ccccc2CCCN1CCN1CCC(n2ccc3cc(F)ccc32)CC1,8.16
CHEMBL9952,O=C1c2ccccc2CCCN1CCN1CCC(n2ccc3ccccc32)CC1,7.71
ZINC000000406936,NCCc1ccc(Br)cc1,5.75
ZINC000027737750,CN(C)CCSC(C)(C)C,7.0
ZINC000029130867,NC1=Nc2cccc(Cl)c2CN1,5.93
ZINC000013556868,CN(C)CCc1c[nH]c2ccsc12,6.56
ZINC000013556869,CN(C)CCc1c[nH]c2sccc12,6.97
ZINC000001491495,Clc1ccc2c(c1Cl)CCNCC2,7.03
ZINC000029060825,Fc1ccc2c(c1Cl)CCNCC2,6.89
ZINC000001491494,Clc1c(Br)ccc2c1CCNCC2,8.0
ZINC000006733300,C[C@H]1CNCCc2ccc(Cl)cc21,8.89
ZINC000029130549,C[C@@H]1NC(N)=Nc2cccc(Cl)c21,6.59
ZINC000013589372,CN(C)CCSc1cccc(Br)n1,6.57
ZINC000013782221,N[C@H]1C[C@@H]1c1c[nH]c2ccccc12,6.88
ZINC000013782220,N[C@@H]1C[C@H]1c1c[nH]c2ccccc12,7.01
ZINC000013586839,c1ccc2c(c1)cc1n2CCNC1,6.2
ZINC000001530649,Clc1cc(Cl)c(OCC#CI)cc1Cl,6.16
ZINC000000001522,N=C(N)N/N=C/c1c(Cl)cccc1Cl,6.95
ZINC000002564752,COc1cc(CCN)c(OC)cc1Br,9.18
ZINC000013586846,CN(C)CCn1ccc2ccccc21,6.22
ZINC000000897457,CN(C)CCc1c[nH]c2ccccc12,7.19
ZINC000001491496,N#Cc1ccc2c(c1Cl)CCNCC2,7.52
ZINC000029060631,CNc1ccc2c(c1Cl)CCNCC2,7.05
ZINC000011688918,C[C@H](N)CN1CCc2ccc(Cl)cc21,6.44
ZINC000000003233,C[C@H](N)CN1CCc2ccc(Br)cc21,6.45
ZINC000028525919,CN(C)Cc1c[nH]c2cccc(O)c12,6.08
ZINC000029060642,COc1ccc2c(c1Cl)CCNCC2,7.21
ZINC000029124828,C[C@H](N)Cn1ncc2cc(F)ccc21,7.05
ZINC000000017259,C[C@H](N)Cn1ncc2ccc(F)cc21,7.09
ZINC000000003219,c1ccc2c(c1)cc1n2CCNCC1,7.74
ZINC000028459393,C[C@H]1CNC[C@@H]2Cc3ccccc3N12,6.37
ZINC000028459390,C[C@@H]1CNC[C@@H]2Cc3ccccc3N21,7.26
ZINC000028459395,C[C@@H]1CNC[C@H]2Cc3ccccc3N12,8.72
ZINC000002018608,c1ccc2c3c([nH]c2c1)CCNCC3,8.0
ZINC000013586842,Clc1ccc2c(c1)cc1n2CCNC1,6.49
ZINC000013586840,Clc1cccc2cc3n(c12)CCNC3,6.48
ZINC000013586841,Clc1ccc2cc3n(c2c1)CCNC3,7.24
ZINC000029060487,c1cc2c3c(ccc2o1)CCNCC3,7.34
ZINC000029060497,c1cc2ccc3c(c2o1)CCNCC3,7.0
ZINC000013589368,CN(C)CCSc1nc(C(C)(C)C)cs1,5.92
ZINC000001604287,CCCCCCc1ccc(CCN)cc1,7.11
ZINC000013737373,CNCCc1cc(OC)c(Br)cc1OC,8.54
ZINC000012841339,C[C@H](N)Cn1ccc2cc(F)c(Cl)cc21,7.57
ZINC000026466711,C[C@H](N)CN1CCc2cc(F)c(Cl)cc21,6.78
ZINC000013586850,C[C@H](N)Cn1ccc2cc(F)c(F)cc21,7.92
ZINC000026402694,C[C@H](N)CN1CCc2cc(F)c(I)cc21,6.86
ZINC000000985328,CN(C)CCSc1nc2ccccc2s1,6.0
ZINC000013985102,CN(C)CCc1c[nH]c2cccc(F)c12,6.47
ZINC000026403889,CSc1ccc2c(c1)N(C[C@H](C)N)CC2,6.79
ZINC000029060903,O=[N+]([O-])c1ccc2c(c1Cl)CCNCC2,7.29
ZINC000002039538,CN(C)CCc1c[nH]c2cc(O)ccc12,5.12
ZINC000002039001,CNCCc1c[nH]c2ccc(OC)cc12,8.39
ZINC000028528938,CN(C)Cc1cn(C)c2cccc(O)c12,6.3
ZINC000001641291,NCC(c1ccccc1)c1ccccc1,5.34
ZINC000029124786,C[C@H](N)Cn1ncc2cc(Cl)c(Cl)cc21,7.96
ZINC000029124741,C[C@H](N)Cn1ncc2ccc(Cl)c(Cl)c21,8.04
ZINC000028469490,Cc1ccc2c(c1)N1[C@H](C)CNC[C@H]1C2,7.66
ZINC000013535371,CN1CCc2cc3ccccc3n2CC1,7.55
ZINC000002018607,Cn1c2c(c3ccccc31)CCNCC2,7.72
ZINC000013535389,Cc1c2n(c3ccccc13)CCNCC2,7.92
ZINC000028464573,Cc1cccc2c1N1[C@H](C)CNC[C@H]1C2,7.37
ZINC000013586845,Cc1c2n(c3ccc(Cl)cc13)CCNC2,5.9
ZINC000013535383,Clc1c2n(c3ccccc13)CCNCC2,8.19
ZINC000028463701,Cc1c(Cl)ccc2c1N1CCNC[C@H]1C2,8.21
ZINC000028461465,Cc1c(Cl)ccc2c1N1CCNC[C@@H]1C2,7.28
ZINC000075602725,O=C1c2ccccc2C[C@@H]2CNCCN12,6.49
ZINC000005393942,COc1ccc2c(c1)cc1n2CCNC1,6.03
ZINC000013586843,COc1cccc2cc3n(c12)CCNC3,6.52
ZINC000013586844,COc1ccc2cc3n(c2c1)CCNC3,5.89
ZINC000002599313,NCC1c2ccccc2-c2ccccc21,5.35
ZINC000013982541,Cc1ccc2c(n1)N1[C@H](C)CNC[C@H]1C2,6.87
ZINC000028571455,C[C@@H]1CNC[C@H]2Cc3ccc(Cl)nc3N12,7.38
ZINC000028571457,C[C@@H]1CNC[C@@H]2Cc3ccc(Cl)nc3N21,7.27
ZINC000028572387,C[C@@H]1CNC[C@H]2Cc3ccc(Br)nc3N12,7.28
ZINC000028572467,C[C@@H]1CNC[C@@H]2Cc3ccc(Br)nc3N21,7.24
ZINC000013737375,CCNCCc1cc(OC)c(Br)cc1OC,7.4
ZINC000013737374,COc1cc(CCN(C)C)c(OC)cc1Br,7.8
ZINC000002007526,CCOc1c(OC)cc(CCN)cc1OC,6.67
ZINC000028571648,C[C@@H]1CNC[C@H]2Cc3ccc(C#N)nc3N12,5.59
ZINC000029124692,C[C@H](N)Cn1ncc2ccc3ocnc3c21,7.33
ZINC000028469746,Cc1ccc2c(c1C)N1[C@H](CNC[C@H]1C)C2,6.99
ZINC000028464976,Cc1ccc2c(c1C)N1[C@H](C)CNC[C@H]1C2,7.47
ZINC000013535375,CCN1CCc2cc3ccccc3n2CC1,7.52
ZINC000000347781,Cc1c(CCN)c2cccc3c2n1CCC3,6.17
ZINC000022010586,Cc1c(Cl)ccc2c1N1[C@H](C)CNC[C@H]1C2,8.59
ZINC000011686487,Cc1c(Cl)ccc2c1N1[C@H](CNC[C@H]1C)C2,7.72
ZINC000038325553,C[C@@H]1c2ccccc2C(=O)N2CCNC[C@@H]12,5.52
ZINC000096908033,C[C@H]1CNC[C@H]2Cc3ccccc3C(=O)N12,5.97
ZINC000038363847,C[C@@H]1CNC[C@H]2Cc3ccccc3C(=O)N12,7.09
ZINC000038351058,C[C@@]12CNCCN1C(=O)c1ccccc1C2,5.16
ZINC000096906798,C[C@@H]1CN2C(=O)c3ccccc3C[C@@H]2CN1,5.53
ZINC000038302212,C[C@H]1CN2C(=O)c3ccccc3C[C@@H]2CN1,5.76
ZINC000096907551,Cc1ccc2c(c1)C[C@@H]1CNCCN1C2=O,6.59
ZINC000096908032,CN1CCN2C(=O)c3ccccc3C[C@@H]2C1,5.84
ZINC000028463764,C[C@@H]1CNC[C@H]2Cc3ccc(CO)cc3N12,6.54
ZINC000013535386,O=Cc1c2n(c3ccccc13)CCNCC2,7.54
ZINC000036270496,O=C1c2c(ccc(Cl)c2Cl)[C@@H]2CNCCN12,6.42
ZINC000035271835,Cc1ccc(Cl)c2c1[C@@H]1CNCCN1C2=O,5.4
ZINC000096908038,O=C1c2c(Cl)cccc2C[C@@H]2CNCCN12,6.92
ZINC000000017969,COc1c2n(c3ccc(Cl)cc13)CCNC2,7.22
ZINC000096907548,O=C1c2cc(Cl)ccc2C[C@@H]2CNCCN12,7.07
ZINC000096908044,O=C1c2ccc(Cl)cc2C[C@@H]2CNCCN12,6.4
ZINC000013473102,NCc1c2ccccc2cc2ccccc12,5.64
ZINC000013473096,NCC1c2ccccc2Cc2ccccc21,7.7
ZINC000013525285,COc1cc(Br)c2c3c1C[C@H](N)C[C@@H]3CO2,7.89
ZINC000028464173,C[C@@H]1CNC[C@H]2Cc3ccc(C#N)cc3N12,6.96
ZINC000013535393,N#Cc1c2n(c3ccccc13)CCNCC2,7.08
ZINC000029124743,C[C@H](N)Cn1ncc2ccc3sccc3c21,8.17
ZINC000029124744,C[C@H](N)Cn1ncc2ccc3occc3c21,9.11
ZINC000028571970,C[C@@H]1CNC[C@H]2Cc3ccc(CO)nc3N12,6.03
ZINC000028571968,COc1ccc2c(n1)N1[C@H](C)CNC[C@H]1C2,6.29
ZINC000013586849,CN(C)CCn1ccc2cc(F)c(F)cc21,6.64
ZINC000000009256,CSc1cc2c(cc1F)CCN2C[C@H](C)N,7.28
ZINC000026469803,CCSc1ccc2c(c1)N(C[C@H](C)N)CC2,6.74
ZINC000029060907,CN1CCc2ccc([N+](=O)[O-])c(Cl)c2CC1,6.4
ZINC000013737388,CCNCCc1c[nH]c2ccc(OC)cc12,8.14
ZINC000013586848,COc1ccc2ccn(CCN(C)C)c2c1,5.98
ZINC000028528940,CN(C)CCCc1c[nH]c2cccc(O)c12,6.23
ZINC000028528263,Cc1[nH]c2cccc(O)c2c1CCN(C)C,6.91
ZINC000013473099,NCCc1ccccc1Cc1ccccc1,5.74
ZINC000013606276,COc1cc(CCN)c2c(c1OC)OCC2,6.43
ZINC000029124784,COc1ccc2cnn(C[C@H](C)N)c2c1Cl,5.92
ZINC000026576077,c1cc2c3c(c1)c1c(n3CCNC2)CCC1,6.04
ZINC000026578408,Cc1cc2c3c(c1)c1c(n3CCNC2)CCC1,5.6
ZINC000095586246,c1cc2c3c(c1)[C@@H]1CNCC[C@@H]1N3CCCS2,6.79
ZINC000013535358,c1cc2c3c(c1)c1c(n3CCO2)CCNCC1,8.39
ZINC000013473103,NCC12CC(c3ccccc31)c1ccccc12,5.17
ZINC000013589365,CN(C)CCSc1nc(-c2ccccc2)cs1,6.19
ZINC000026474521,CCSc1cc2c(cc1F)CCN2C[C@H](C)N,7.24
ZINC000033506328,NCCCC(c1ccccc1)c1ccccc1,5.59
ZINC000005996308,CNCCC(c1ccccc1)c1ccccc1,5.82
ZINC000001249433,CN(C)CC(c1ccccc1)c1ccccc1,5.13
ZINC000029130610,C[C@@H]1NC(NCC(F)F)=Nc2cccc(Cl)c21,6.31
ZINC000013535380,CCCN1CCc2cc3ccccc3n2CC1,7.25
ZINC000013862742,Fc1ccc2c([C@@H]3CNCC[C@H]3F)c[nH]c2c1,7.15
ZINC000096908050,COc1cccc2c1C[C@@H]1CNCCN1C2=O,6.29
ZINC000096908045,COc1ccc2c(c1)C[C@@H]1CNCCN1C2=O,5.77
ZINC000035272386,COc1ccc(Cl)c2c1[C@@H]1CNCCN1C2=O,7.07
ZINC000036270505,COc1cc(Cl)c2c(c1)[C@@H]1CNCCN1C2=O,5.35
ZINC000034457470,COc1c(Cl)ccc2c1C(=O)N1CCNC[C@@H]21,6.09
ZINC000035272420,COc1cc2c(cc1Cl)[C@@H]1CNCCN1C2=O,5.75
ZINC000096908052,Cc1cc(C)c2c(c1)C[C@@H]1CNCCN1C2=O,6.49
ZINC000096908035,CCc1cccc2c1C(=O)N1CCNC[C@H]1C2,7.66
ZINC000096908042,CCc1ccc2c(c1)C[C@@H]1CNCCN1C2=O,6.64
ZINC000096908048,CCc1cccc2c1C[C@@H]1CNCCN1C2=O,5.85
ZINC000028525915,Oc1cccc2[nH]cc(CCN3CCCC3)c12,6.37
ZINC000036270507,CCc1cc(Cl)c2c(c1)[C@@H]1CNCCN1C2=O,5.3
ZINC000035272382,CCc1ccc(Cl)c2c1[C@@H]1CNCCN1C2=O,5.62
ZINC000001654115,c1ccc(C2(c3ccccc3)CCNC2)cc1,5.34
ZINC000027723689,NCCC1c2ccccc2Cc2ccccc21,6.32
ZINC000002383242,NCC1c2ccccc2CCc2ccccc21,6.96
ZINC000003622666,NCC1c2ccccc2C=Cc2ccccc21,5.38
ZINC000013473109,CC1(CN)c2ccccc2Cc2ccccc21,7.19
ZINC000026380170,CNCC1c2ccccc2Cc2ccccc21,7.28
ZINC000013606278,COc1c2c(c(CCN)c3c1OCC3)CCO2,6.47
ZINC000028568594,C[C@H](N)Cn1ccc2ccc3ccncc3c21,6.64
ZINC000003963592,C[C@H](N)Cn1ccc2ccc3cccnc3c21,6.64
ZINC000000025579,C[C@H](N)Cn1ccc2ccc3cnccc3c21,5.98
ZINC000000008671,C[C@H](N)Cn1ccc2ccc3ncccc3c21,7.51
ZINC000029124687,Cc1nn(C[C@H](C)N)c2c1ccc1occc12,7.77
ZINC000028572250,C[C@H](O)c1ccc2c(n1)N1[C@H](C)CNC[C@H]1C2,6.41
ZINC000028571914,COCc1ccc2c(n1)N1[C@H](C)CNC[C@H]1C2,6.25
ZINC000013535397,NC(=O)c1c2n(c3ccccc13)CCNCC2,7.34
ZINC000096908040,N#Cc1cccc2c1C(=O)N1CCNC[C@H]1C2,5.57
ZINC000096908046,N#Cc1ccc2c(c1)C[C@@H]1CNCCN1C2=O,5.22
ZINC000096907550,N#Cc1ccc2c(c1)C(=O)N1CCNC[C@H]1C2,5.4
ZINC000029124628,Cc1cc2c(ccc3cnn(C[C@H](C)N)c32)o1,9.11
ZINC000028463118,C[C@@H]1CNC[C@H]2Cc3ccc(C(F)(F)F)cc3N12,8.12
ZINC000096908054,COc1ccc(C)c2c1C[C@@H]1CNCCN1C2=O,6.84
ZINC000035272396,CCc1ccc2c(c1OC)C(=O)N1CCNC[C@@H]21,7.37
ZINC000096908055,COc1c(C)ccc2c1C[C@@H]1CNCCN1C2=O,6.64
ZINC000035963097,CCOc1cccc2c1C[C@@H]1CNCCN1C2=O,5.99
ZINC000096908053,CCc1cc(C)c2c(c1)C[C@@H]1CNCCN1C2=O,6.34
ZINC000096908043,CCCc1ccc2c(c1)C[C@@H]1CNCCN1C2=O,6.56
ZINC000035270815,O=C1c2c(cccc2C(F)(F)F)[C@@H]2CNCCN12,7.23
ZINC000013473112,CC1(C)c2ccccc2C(CN)c2ccccc21,6.48
ZINC000027729193,NCCCC1c2ccccc2Cc2ccccc21,7.49
ZINC000045350063,CNCCC1c2ccccc2Cc2ccccc21,7.04
ZINC000027721628,CN(C)CC1c2ccccc2Cc2ccccc21,6.27
ZINC000003809198,Fc1ccc(OC[C@@H]2CNCCO2)c2c1CCC2,7.07
ZINC000035049942,COc1cc(Br)c2c3c1[C@H](CN)CCC[C@@H]3CO2,6.77
ZINC000043197502,CCOC[C@H]1[C@@H]2CNC[C@@]21c1ccc(Cl)c(Cl)c1,6.8
ZINC000028568166,C[C@H](N)Cn1ccc2cc(Cl)c3ncccc3c21,7.54
ZINC000028571969,C[C@@H]1CNC[C@H]2Cc3ccc(C(F)(F)F)nc3N12,7.37
ZINC000000017686,COc1nn(C[C@H](C)N)c2c1ccc1occc12,8.06
ZINC000029124689,CCc1nn(C[C@H](C)N)c2c1ccc1occc12,7.96
ZINC000028464181,CC(=O)Nc1ccc2c(c1)N1[C@H](C)CNC[C@H]1C2,5.96
ZINC000000009128,CCc1cc2c(ccc3cnn(C[C@H](C)N)c32)o1,7.89
ZINC000026578249,Cc1cc2c3c(c1)c1c(n3CCNC2)CCCC1,5.91
ZINC000026577208,c1cc2c3c(c1)c1c(n3CCNC2)CCCCC1,6.7
ZINC000026579043,C[C@@H]1Cn2c3c(c4cccc(c42)CN1)CCCC3,5.81
ZINC000096908036,O=C1c2c(cccc2C2CC2)C[C@@H]2CNCCN12,7.14
ZINC000013473104,NCC12CCC(c3ccccc31)c1ccccc12,6.11
ZINC000001494860,c1ccc2c(c1)Cc1ccccc1C21CCNC1,8.4
ZINC000026473849,C[C@H](N)CN1CCc2cc(F)c(C(F)(F)F)cc21,6.36
ZINC000013589371,CN(C)CCSc1cccc(-c2ccccc2)n1,6.49
ZINC000013589373,CN(C)CCSc1cccc(C2CCCCC2)n1,6.64
ZINC000013809624,NCCc1ccc(CCCc2ccccc2)cc1,7.22
ZINC000022008119,CNCCCC(c1ccccc1)c1ccccc1,6.12
ZINC000001679452,CN(C)CCC(c1ccccc1)c1ccccc1,5.79
ZINC000002510048,CN(C)CCN(Cc1cccs1)c1ccccn1,6.74
ZINC000000113404,CN(C)CC[C@@H](c1ccc(Cl)cc1)c1ccccn1,5.98
ZINC000028527297,CCCCn1cc(CCN(C)C)c2c(O)cccc21,7.49
ZINC000000057435,Cc1cc(C(C)(C)C)c(O)c(C)c1CC1=NCCN1,6.44
ZINC000013589374,CN(C)CCSc1cccc(C2(O)CCCCC2)n1,6.32
ZINC000005957503,CN(C)CCCC(c1ccccc1)c1ccccc1,5.94
ZINC000013737379,COc1cc(CCN2CCCCC2)c(OC)cc1Br,6.81
ZINC000003949644,c1cc2c3c(c1)c1c(n3CCNC2)CCCCCC1,7.44
ZINC000096908056,O=C1c2ccc3c(c2C[C@@H]2CNCCN12)OCCC3,6.47
ZINC000026384564,c1ccc2c(c1)Cc1ccccc1C21CCCNC1,7.0
ZINC000026380466,c1ccc2c(c1)CCc1ccccc1C21CCNC1,6.96
ZINC000029042086,CN1C(=N)N(C)/C(=C/c2c[nH]c3ccccc23)C1=O,6.22
ZINC000005162684,NCCCN1c2ccccc2CCc2ccccc21,6.4
ZINC000096908051,CCCOc1cccc2c1C[C@@H]1CNCCN1C2=O,5.84
ZINC000013737391,COc1ccc2[nH]cc(CCN3CCCCC3)c2c1,6.8
ZINC000035272390,O=C1c2c(C(F)(F)F)ccc(Cl)c2[C@@H]2CNCCN12,5.83
ZINC000035272936,O=C1c2c(cc(Cl)cc2C(F)(F)F)[C@@H]2CNCCN12,5.98
ZINC000038331495,O=C1c2cc(C(F)(F)F)ccc2C[C@@H]2CNCCN12,6.97
ZINC000034507115,O=C1c2ccc(C(F)(F)F)cc2C[C@@H]2CNCCN12,6.1
ZINC000096908037,O=C1c2c(cccc2C(F)(F)F)C[C@@H]2CNCCN12,7.08
ZINC000028604275,C[C@H]1CNC[C@H]2c3cccc(C(F)(F)F)c3C(=O)N12,6.44
ZINC000095556446,c1ccc(OCc2cc(OC[C@@H]3CCN3)no2)cc1,5.19
ZINC000027729185,CNCCCC1c2ccccc2Cc2ccccc21,7.89
ZINC000045348888,CN(C)CCC1c2ccccc2Cc2ccccc21,7.08
ZINC000005965166,CN(C)[C@@H]1Cc2ccccc2[C@@H](c2ccccc2)C1,7.0
ZINC000005965219,CN(C)[C@H]1Cc2ccccc2[C@H](c2ccccc2)C1,6.33
ZINC000027729206,C[N+](C)(C)CC1c2ccccc2Cc2ccccc21,5.4
ZINC000029126090,Cc1nc2c(c(-c3ccc(Cl)cc3)n1)CCNCC2,5.92
ZINC000013535406,NC(=O)C(=O)c1c2n(c3ccccc13)CCNCC2,6.5
ZINC000029124691,CCCc1nn(C[C@H](C)N)c2c1ccc1occc12,7.19
ZINC000103241373,NC(N)=NC(=O)c1ccc2c(c1)Cc1ccccc1-2,6.0
ZINC000029125317,CCc1cc2c(ccc3c(C)nn(C[C@H](C)N)c32)o1,7.34
ZINC000028572301,CCO[C@@H](C)c1ccc2c(n1)N1[C@H](C)CNC[C@H]1C2,7.19
ZINC000028572302,CCO[C@H](C)c1ccc2c(n1)N1[C@H](C)CNC[C@H]1C2,5.62
ZINC000029125316,CC(C)c1cc2c(ccc3cnn(C[C@H](C)N)c32)o1,7.06
ZINC000028528934,CN1CCN(CCc2c[nH]c3cccc(O)c23)CC1,5.16
ZINC000013779413,O=C(Nc1cccnc1)N1CCc2cc(Cl)ccc21,5.6
ZINC000013779422,O=C(Nc1cccnc1)N1CCc2ccc(Cl)cc21,6.1
ZINC000001530811,CCCCNc1ccc(C(=O)OCCN(C)C)cc1,6.01
ZINC000013806922,CN1CCc2ccc3c4c2[C@H]1Cc1cccc(c1-4)[C@@H]3N,6.33
ZINC000001530716,CCN(CC)CCNC(=O)c1cc(Cl)c(N)cc1OC,5.98
ZINC000018825330,O=c1c(-c2ccc(O)cc2)coc2cc(O)cc(O)c12,5.52
ZINC000053297998,CCN1C(=N)N(C)/C(=C\c2c[nH]c3ccccc23)C1=O,6.18
ZINC000053314917,CN1C(=N)N(C)/C(=C/c2c[nH]c3cc(F)ccc23)C1=O,6.63
ZINC000013371039,CN1C(=N)N(C)/C(=C/c2c[nH]c3cc(Br)ccc23)C1=O,5.7
ZINC000000007578,CN(C)CCc1c(-c2ccccc2)[nH]c2ccccc12,8.36
ZINC000019156872,CN1CCN(C(c2ccccc2)c2ccccc2)CC1,7.19
ZINC000001530611,CNCCCN1c2ccccc2CCc2ccccc21,6.8
ZINC000026643080,CCN(C)CCc1c(-c2cccs2)[nH]c2ccccc12,8.77
ZINC000000010402,CN(C)CCCN1c2ccccc2Sc2ccccc21,8.17
ZINC000118542109,Cc1nc(COc2ccc(Cl)cc2OC2CNC2)cs1,6.65
ZINC000036270513,O=C1c2c(cc(CO)cc2C(F)(F)F)[C@@H]2CNCCN12,5.52
ZINC000028604486,CC[C@@H]1NCCN2C(=O)c3c(cccc3C(F)(F)F)[C@H]12,7.04
ZINC000036270521,C=Cc1cc2c(c(C(F)(F)F)c1)C(=O)N1CCNC[C@@H]21,6.08
ZINC000034461993,CCc1cc2c(c(C(F)(F)F)c1)C(=O)N1CCNC[C@@H]21,6.37
ZINC000036270523,C#Cc1cc2c(c(C(F)(F)F)c1)C(=O)N1CCNC[C@@H]21,5.18
ZINC000013535402,O=C(c1c2n(c3ccccc13)CCNCC2)C(F)(F)F,7.4
ZINC000095559873,c1ccc(OCc2cc(OC[C@@H]3CCCN3)no2)cc1,5.36
ZINC000001530741,CNCCC=C1c2ccccc2CCc2ccccc21,7.82
ZINC000027722246,CN(C)CCCC1c2ccccc2Cc2ccccc21,7.66
ZINC000001853550,CN[C@H]1CC[C@@H](c2ccc(Cl)c(Cl)c2)c2ccccc21,6.11
ZINC000029125293,CCc1cc2c(ccc3c(OC)nn(C[C@H](C)N)c32)o1,7.42
ZINC000029125318,CCc1cc2c(ccc3c(CC)nn(C[C@H](C)N)c32)o1,7.29
ZINC000013779430,O=C(Nc1cccnc1)N1CCc2cc(Cl)c(Cl)cc21,6.6
ZINC000013779428,O=C(Nc1cccnc1)N1CCc2ccc(Cl)c(Cl)c21,5.3
ZINC000013779423,O=C(Nc1cccnc1)N1CCc2c1ccc(Cl)c2Cl,6.2
ZINC000013779431,O=C(Nc1cccnc1)N1CCc2cc(I)c(Cl)cc21,7.0
ZINC000000006247,Cc1cc2c(cc1Cl)N(C(=O)Nc1cccnc1)CC2,6.8
ZINC000013779436,Cc1cc2c(cc1I)N(C(=O)Nc1cccnc1)CC2,7.2
ZINC000013779435,Cc1cc2c(cc1Br)N(C(=O)Nc1cccnc1)CC2,7.2
ZINC000013779434,Cc1cc2c(cc1Cl)CCN2C(=O)Nc1cccnc1,6.4
ZINC000013779425,Cc1ccc2c(c1I)CCN2C(=O)Nc1cccnc1,5.6
ZINC000013779424,Cc1ccc2c(c1Br)CCN2C(=O)Nc1cccnc1,6.9
ZINC000000001290,CC/C(=C(/CC)c1ccc(O)cc1)c1ccc(O)cc1,5.86
ZINC000000014360,CNS(=O)(=O)Cc1ccc2[nH]cc(CCN(C)C)c2c1,6.42
ZINC000058582351,C1=C(N2CCNCC2)c2nccn2Cc2ccccc21,8.1
ZINC000029126502,Fc1ccc(-c2nc(C3CC3)nc3c2CNCC3)cc1,7.4
ZINC000028572249,C[C@@H]1CNC[C@H]2Cc3ccc(COCC4CC4)nc3N12,7.13
ZINC000026577217,CC1(C)Cc2c(c3cccc4c3n2CCNC4)C(C)(C)C1,6.82
ZINC000002580888,c1ccc(-c2[nH]c3ccccc3c2C2CCNCC2)cc1,7.92
ZINC000026647056,c1ccc(-c2[nH]c3ccccc3c2CCN2CCC2)cc1,7.36
ZINC000036270525,O=C1c2c(cc(C3CC3)cc2C(F)(F)F)[C@@H]2CNCCN12,6.29
ZINC000001530688,CNCCCC12CCC(c3ccccc31)c1ccccc12,7.74
ZINC000000001968,CN1CCC(=C2c3ccccc3CCc3sccc32)CC1,8.12
ZINC000005833984,CCCN1CCc2cccc3c2[C@H]1Cc1cccc(O)c1-3,6.94
ZINC000034233256,CNC[C@@H]1C[C@H]2c3ccccc3Cc3ccccc3[C@@H]2O1,7.13
ZINC000028119505,CN1CCN(C2=Cc3ccccc3Cn3cccc32)CC1,8.27
ZINC000029126506,Fc1ccc(-c2nc(C3CCC3)nc3c2CNCC3)cc1,7.96
ZINC000013737378,COc1cc(CCNCc2ccccc2)c(OC)cc1Br,9.52
ZINC000019144216,COc1ccc(CN(CCN(C)C)c2ccccn2)cc1,6.55
ZINC000013371024,CC/N=C1\N(C)C(=O)/C(=C\c2c[nH]c3ccccc23)N1C,5.77
ZINC000000023433,CCC(=O)Nc1ccc2[nH]cc(C3CCN(C)CC3)c2n1,5.47
ZINC000014211319,Clc1cccc(COc2cncc(N3CCNCC3)n2)c1,7.12
ZINC000053229675,CCN1C(=N)N(C)/C(=C/c2c[nH]c3cc(F)ccc23)C1=O,6.76
ZINC000000020245,CN(C)CCCN1c2ccccc2CCc2ccccc21,7.03
ZINC000026647918,CCN(C)CCc1c(-c2ccccc2)[nH]c2ccccc12,9.85
ZINC000000044027,CN(C)CCCN1c2ccccc2Sc2ccc(Cl)cc21,8.96
ZINC000013862748,COC(=O)c1[nH]c2cc(F)ccc2c1[C@@H]1CNCC[C@H]1F,7.98
ZINC000035272929,CC(=O)c1cc2c(c(C(F)(F)F)c1)C(=O)N1CCNC[C@@H]21,5.28
ZINC000036270515,CCOc1cc2c(c(C(F)(F)F)c1)C(=O)N1CCNC[C@@H]21,5.42
ZINC000006018832,COc1ccc2[nH]cc(CCNCc3ccccc3)c2c1,8.28
ZINC000036270519,CC(C)c1cc2c(c(C(F)(F)F)c1)C(=O)N1CCNC[C@@H]21,5.58
ZINC000035271302,CC(C)[C@H]1CNC[C@H]2c3cccc(C(F)(F)F)c3C(=O)N12,7.42
ZINC000036270511,CCCc1cc2c(c(C(F)(F)F)c1)C(=O)N1CCNC[C@@H]21,5.97
ZINC000000968257,CN(C)CCC=C1c2ccccc2CCc2ccccc21,8.36
ZINC000118539538,Clc1cccc(COc2ccc(Br)cc2OC2CNC2)c1,7.38
ZINC000043068294,CN(C)CCC1=C(Cc2cnccn2)c2ccccc2C1,9.22
ZINC000029126472,CC(C)Cc1nc2c(c(-c3ccc(F)cc3)n1)CNCC2,7.54
ZINC000029126508,CC(C)(C)c1nc2c(c(-c3ccc(F)cc3)n1)CNCC2,8.3
ZINC000029126091,CC(C)c1nc2c(c(-c3ccc(F)cc3)n1)CCNCC2,8.4
ZINC000000020251,Cc1ccc(N(CC2=NCCN2)c2cccc(O)c2)cc1,6.99
ZINC000029125294,CCN(CC)c1nc2c(c(-c3ccc(C)cc3)n1)CNCC2,7.7
ZINC000001489862,CCN(CC)CCc1c(-c2ccccc2)[nH]c2ccccc12,8.55
ZINC000026642342,CCN(C)CCc1c(-c2ccc(Cl)cc2)[nH]c2ccccc12,8.46
ZINC000026646210,CCN(C)CCc1c(-c2cccc(F)c2)[nH]c2ccccc12,10.1
ZINC000026641114,CCN(C)CCc1c(-c2ccc(F)cc2)[nH]c2ccccc12,9.37
ZINC000000020248,CN(C)CCCN1c2ccccc2CCc2ccc(Cl)cc21,7.72
ZINC000026580256,CCN(C)CCc1c(-c2ccccc2F)[nH]c2ccccc12,9.52
ZINC000045351516,CNCCc1cccc2[nH]cc(S(=O)(=O)c3ccccc3)c12,6.56
ZINC000033854708,c1ccc(OCCCN2CCN(c3ccccc3)CC2)cc1,7.34
ZINC000013737394,COc1ccc2[nH]cc(CCNCc3ccc(C)cc3)c2c1,7.52
ZINC000004344054,COc1ccc2[nH]cc(CCNCc3ccc(Cl)cc3)c2c1,6.98
ZINC000013737392,COc1ccc2[nH]cc(CCNCc3ccc(F)cc3)c2c1,7.4
ZINC000013737393,COc1ccc2[nH]cc(CCNCc3ccc(I)cc3)c2c1,6.92
ZINC000002567726,COc1ccc2[nH]cc(CCNCc3ccc(Br)cc3)c2c1,10.0
ZINC000036270518,CCCCc1cc2c(c(C(F)(F)F)c1)C(=O)N1CCNC[C@@H]21,6.2
ZINC000040952990,CN1CCN(c2cc(-c3ccc(C#N)cc3)nc(N)n2)CC1,5.39
ZINC000034658170,CN(C)CCc1sc2ccccc2c1Cc1ccc(F)cc1,10.05
ZINC000042923050,CN(C)CCC1=C(Cc2ccc(F)cc2)c2ccccc2C1,9.85
ZINC000040420364,C[C@@H]1CN(Cc2ccc(-c3ccc(F)c(Cl)c3)cc2)C(=O)O1,5.68
ZINC000040939876,C[C@@H]1CN(Cc2ccc(-c3ccc(F)cc3F)cc2)C(=O)O1,6.49
ZINC000013472073,O=S(=O)(c1ccccc1)C1CCN(Cc2ccccc2)CC1,6.2
ZINC000013740924,O=C(c1ccccc1)C1CCN(CCc2ccccc2)CC1,8.02
ZINC000000002264,CN(C)CCOC1=Cc2ccccc2Sc2ccc(Cl)cc21,9.3
ZINC000013737395,COc1ccc2[nH]cc(CCNCc3ccc(N)cc3)c2c1,6.98
ZINC000103224531,CN1CCc2c(c3cccc4c3n2-c2ccccc2CC4)C1,7.62
ZINC000103224535,CN1CCc2c(c3cccc4c3n2Cc2ccccc2C4)C1,6.13
ZINC000103224541,CN1CCc2c(c3cccc4c3n2CCc2ccccc2-4)C1,6.59
ZINC000052957434,Cc1cc2c(s1)Nc1ccccc1N=C2N1CCN(C)CC1,8.84
ZINC000000005994,Cn1ccc2cc3c(cc21)CCN3C(=O)Nc1cccnc1,5.79
ZINC000084635975,Clc1ccc2c(c1)N=C(N1CCNCC1)c1cccnc1O2,6.88
ZINC000001489878,CN1CCC(c2c(-c3ccccc3)[nH]c3ccccc23)CC1,8.11
ZINC000001489863,c1ccc(-c2[nH]c3ccccc3c2CCN2CCCC2)cc1,8.05
ZINC000003786466,CCCN1C[C@H](CSC)C[C@@H]2c3cccc4[nH]cc(c34)C[C@H]21,8.41
ZINC000013862736,F[C@H]1CCNC[C@@H]1c1c(-c2ccccc2)[nH]c2ccccc12,6.66
ZINC000003981534,F[C@@H]1CCNC[C@H]1c1c(-c2ccccc2)[nH]c2ccccc12,9.37
ZINC000000001261,Clc1ccc2c(c1)CCc1cccnc1C2=C1CCNCC1,8.02
ZINC000013862746,Fc1ccc2c([C@@H]3CNCC[C@H]3F)c(-c3ccsc3)[nH]c2c1,9.96
ZINC000013436820,CN(C)C[C@@H]1C[C@@H]2c3ccccc3Cc3ccccc3N2O1,8.6
ZINC000003981539,O[C@@H]1CCNC[C@H]1c1c(-c2ccccc2)[nH]c2ccccc12,8.48
ZINC000003981537,Fc1ccc2c([C@@H]3CNCC[C@H]3F)c(-c3ccoc3)[nH]c2c1,9.27
ZINC000036270527,CC1(c2cc3c(c(C(F)(F)F)c2)C(=O)N2CCNC[C@@H]32)CC1,5.64
ZINC000000968264,CN1CCC(=C2c3ccccc3C=Cc3ccccc32)CC1,9.56
ZINC000028523162,CN(C)C[C@H]1C[C@H]2c3ccccc3Oc3ccccc3[C@@H]2O1,7.04
ZINC000003959715,CN(C)C[C@H]1C[C@@H]2c3ccccc3Cc3ccccc3[C@H]2O1,8.6
ZINC000026663884,CN(C)C[C@@H]1C[C@@H]2c3ccccc3Cc3ccccc3[C@H]2O1,7.71
ZINC000012356068,CN(C)C[C@@H]1C[C@H]2c3ccccc3Cc3ccccc3[C@@H]2O1,6.98
ZINC000000004351,CN1CCC(=C2c3ccccc3CC(=O)c3sccc32)CC1,8.05
ZINC000029126541,Fc1ccc(-c2nc(C3CCCC3)nc3c2CNCC3)cc1,8.66
ZINC000000000931,Clc1ccc2c(c1)C(N1CCNCC1)=Nc1ccccc1O2,9.35
ZINC000013737385,COc1cc(CCNCc2ccc(N)cc2)c(OC)cc1Br,7.8
ZINC000001541570,CCCCCCCCCOc1ccc2[nH]cc(CCN)c2c1,6.59
ZINC000012372564,COCCn1c(C)c(C)c(S(=O)(=O)c2ccc(Cl)cc2)c1N,5.28
ZINC000001530613,CCN(CC)CCOC(=O)C1(C2CCCCC2)CCCCC1,7.16
ZINC000013737383,COc1cc(CCNCc2ccc(I)cc2)c(OC)cc1Br,9.4
ZINC000013737381,COc1cc(CCNCc2ccc(Cl)cc2)c(OC)cc1Br,7.82
ZINC000013737380,COc1cc(CCNCc2ccc(F)cc2)c(OC)cc1Br,8.47
ZINC000013737382,COc1cc(CCNCc2ccc(Br)cc2)c(OC)cc1Br,9.4
ZINC000013737384,COc1cc(CCNCc2ccc(C)cc2)c(OC)cc1Br,7.85
ZINC000028527299,CCCCn1cc(CCN(C)C)c2c(OP(=O)(O)O)cccc21,5.52
ZINC000013737376,COc1cc(CCNCCCc2ccccc2)c(OC)cc1Br,7.64
ZINC000013737387,COc1ccc(CNCCc2cc(OC)c(Br)cc2OC)cc1,7.89
ZINC000028769079,Fc1ccccc1N1CCN(Cc2c[nH]c3ncccc23)CC1,6.62
ZINC000053045062,Fc1ccc(N2CCN(Cc3c[nH]c4ncccc34)CC2)cc1,6.63
ZINC000045384762,Cc1ccc2c(c1)c1c(n2/C=C\c2ccccc2)CCN(C)C1,9.0
ZINC000001489864,c1ccc(-c2[nH]c3ccccc3c2CCN2CCCCC2)cc1,8.59
ZINC000013862738,F[C@@H]1CCNC[C@H]1c1c(-c2ccccc2)[nH]c2ccc(Cl)cc12,7.99
ZINC000013862737,Fc1ccc2[nH]c(-c3ccccc3)c([C@@H]3CNCC[C@H]3F)c2c1,8.4
ZINC000013862741,F[C@@H]1CCNC[C@H]1c1c(-c2ccccc2)[nH]c2c(Cl)cccc12,9.16
ZINC000013862740,Fc1cccc2c([C@@H]3CNCC[C@H]3F)c(-c3ccccc3)[nH]c12,9.34
ZINC000013862739,F[C@@H]1CCNC[C@H]1c1c(-c2ccccc2)[nH]c2cc(Cl)ccc12,8.64
ZINC000003934176,Fc1ccc2c([C@@H]3CNCC[C@H]3F)c(-c3ccccc3)[nH]c2c1,10.22
ZINC000013862747,Fc1ccc2c([C@@H]3CNCC[C@H]3F)c(C3CCCCC3)[nH]c2c1,9.6
ZINC000084670854,c1ccc2c(c1)CCN(CCCCc1nc3ccccc3s1)C2,5.42
ZINC000027729199,c1ccc(CNCC2c3ccccc3Cc3ccccc32)cc1,6.14
ZINC000013980700,CN(C)C[C@@H]1C[C@H]2c3ccccc3Oc3ccc(Cl)cc3[C@H]2O1,8.3
ZINC000028523021,CN(C)C[C@H]1C[C@H]2c3ccccc3Oc3ccc(F)cc3[C@H]2O1,6.37
ZINC000028523216,CN(C)C[C@@H]1C[C@H]2c3ccccc3Oc3ccc(F)cc3[C@H]2O1,6.98
ZINC000028521181,CN(C)C[C@@H]1C[C@H]2c3ccccc3Oc3ccc(Br)cc3[C@H]2O1,8.52
ZINC000100036536,CN1[C@H]2CC[C@@H]1C[C@H](OC(c1ccccc1)c1ccccc1)C2,8.16
ZINC000090635708,O=C(C1CCCCCC1)N1c2ccccc2Sc2ccccc21,5.77
ZINC000000006014,O=c1cc(N2CCOCC2)oc2c(-c3ccccc3)cccc12,6.1
ZINC000029126731,Cc1ccc(-c2nc(C3CCCC3)nc3c2CCNCC3)cc1,8.6
ZINC000013862745,Fc1ccc2c([C@@H]3CNCC[C@H]3F)c(-c3cccnc3)[nH]c2c1,9.46
ZINC000029126473,Fc1ccc(-c2nc(-c3ccccc3)nc3c2CNCC3)cc1,7.3
ZINC000029126729,Fc1ccc(-c2nc(C3CCCC3)nc3c2CCNCC3)cc1,7.89
ZINC000019796158,CN1CCN(C2=Nc3ccccc3Oc3ccc(Cl)cc32)CC1,8.62
ZINC000028955715,CN1CCN(c2ccc(C#N)c(NCc3ccccc3)c2)CC1,7.33
ZINC000082158462,Fc1ccc(SCCCN2CCN(c3ncccn3)CC2)cc1,7.57
ZINC000082158461,Fc1ccc(CCCCN2CCN(c3ncccn3)CC2)cc1,7.39
ZINC000058581868,Cn1cc(Br)c(C(=O)N2CCN(CCc3ccccc3)CC2)n1,7.17
ZINC000060992903,Fc1ccc(OCCCN2CCN(c3ncccn3)CC2)cc1,7.64
ZINC000004343105,COc1ccc(CNCCc2c[nH]c3ccc(OC)cc23)cc1,7.8
ZINC000045339983,CCNCCc1cccc2[nH]cc(S(=O)(=O)c3ccccc3)c12,6.41
ZINC000045354389,CN(C)CCc1cccc2[nH]cc(S(=O)(=O)c3ccccc3)c12,6.58
ZINC000013737389,COc1ccc2[nH]cc(CCNCCCc3ccccc3)c2c1,8.0
ZINC000033886091,Fc1ccc(OCCCN2CCN(c3ccccc3)CC2)cc1,7.24
ZINC000073220413,Clc1ccc(N2CCN(CCCOc3ccccc3)CC2)cc1,7.7
ZINC000013472072,O=S(=O)(c1ccccc1)C1CCN(CCc2ccccc2)CC1,8.92
ZINC000118521370,FC(F)(COc1ccc(Cl)cc1OC1CNC1)c1ccccc1,8.3
ZINC000000968266,OC(CCCN1CCCCC1)(c1ccccc1)c1ccccc1,6.13
ZINC000013473845,O=C(c1ccc(F)cc1)C1CCN(Cc2ccc(I)cc2)CC1,6.64
ZINC000013473844,O=C(c1ccc(F)cc1)C1CCN(Cc2cccc(I)c2)CC1,7.9
ZINC000013473843,O=C(c1ccc(F)cc1)C1CCN(Cc2ccccc2I)CC1,6.72
ZINC000026639910,CCN(C)CCc1c(-c2ccc(C#N)cc2)[nH]c2ccccc12,8.59
ZINC000073222863,Fc1ccc(SCCCN2CCN(c3ccccn3)CC2)cc1,7.59
ZINC000001888172,Fc1ccc(CCCCN2CCN(c3ccccn3)CC2)cc1,7.3
ZINC000001888141,Fc1ccc(OCCCN2CCN(c3ccccn3)CC2)cc1,7.74
ZINC000095591191,COc1c(O)ccc2c1CN1CCc3cc4c(cc3[C@@H]1C2)OCC4,6.32
ZINC000058569538,O=C(CN1CCN(C(=O)c2n[nH]cc2Cl)CC1)c1ccc(F)cc1,7.73
ZINC000058563696,Cn1ccc(C(=O)N2CCN(CC(=O)c3ccc(F)cc3)CC2)n1,7.43
ZINC000058574695,Cc1cc(C(=O)N2CCN(CC(=O)c3ccc(F)cc3)CC2)n[nH]1,7.44
ZINC000058568355,Cn1cc(Br)c(C(=O)N2CCN(CCc3ccccc3F)CC2)n1,7.74
ZINC000058548558,Cn1cc(Br)c(C(=O)N2CCN(CCc3cccc(F)c3)CC2)n1,6.27
ZINC000058568488,Cn1cc(Br)c(C(=O)N2CCN(CCc3ccc(Cl)cc3)CC2)n1,7.47
ZINC000058655456,Cn1cc(Br)c(C(=O)N2CCN(CCc3ccc(F)cc3)CC2)n1,8.44
ZINC000013730842,O=C(CCCN1CCN(c2ncccn2)CC1)c1ccc(F)cc1,7.66
ZINC000073240518,Fc1ccc(CCCCN2CCN(c3ccc(Cl)cc3)CC2)cc1,7.09
ZINC000073239724,Fc1ccc(SCCCN2CCN(c3ccc(Cl)cc3)CC2)cc1,7.28
ZINC000028889305,O=S(=O)(c1ccc(/C=C/c2ccncc2)nc1)c1ccccc1F,6.1
ZINC000045387146,CCCNCCc1cccc2[nH]cc(S(=O)(=O)c3ccccc3)c12,6.44
ZINC000045351854,CC(C)NCCc1cccc2[nH]cc(S(=O)(=O)c3ccccc3)c12,6.96
ZINC000045391472,CCN(C)CCc1cccc2[nH]cc(S(=O)(=O)c3ccccc3)c12,6.65
ZINC000013737390,COc1ccc2[nH]cc(CCNCCCCc3ccccc3)c2c1,7.89
ZINC000073239729,Fc1ccc(OCCCN2CCN(c3ccc(Cl)cc3)CC2)cc1,7.22
ZINC000073239714,Fc1ccc(SCCCN2CCC(c3ccc(Cl)cc3)CC2)cc1,6.95
ZINC000028889293,O=S(=O)(c1ccccc1)c1ccc(/C=C/c2ccc(F)cc2)nc1,8.13
ZINC000013472074,O=S(=O)(c1ccccc1)C1CCN(CCCc2ccccc2)CC1,7.82
ZINC000073239717,Fc1ccc(OCCCN2CCC(c3ccc(Cl)cc3)CC2)cc1,6.92
ZINC000013473865,O=C(c1ccc(F)cc1)C1CCN(CCc2ccc(F)cc2)CC1,8.02
ZINC000013473854,O=C(c1ccc(F)cc1)C1CCN(CCc2ccc(I)cc2)CC1,8.44
ZINC000013473853,O=C(c1ccc(F)cc1)C1CCN(CCc2cccc(I)c2)CC1,9.29
ZINC000013473852,O=C(c1ccc(F)cc1)C1CCN(CCc2ccccc2I)CC1,8.71
ZINC000000402830,CN1CCC[C@@H]1CCO[C@](C)(c1ccccc1)c1ccc(Cl)cc1,8.04
ZINC000058581149,O=C(Nc1n[nH]cc1Br)N1CCN(CCc2ccc(F)cc2)CC1,7.06
ZINC000026646204,CCN(C)CCc1c(-c2cccc([N+](=O)[O-])c2)[nH]c2ccccc12,9.85
ZINC000013779300,Cc1cc(C(=O)Nc2cccc(N3CCN(C)CC3)c2)ccc1Br,6.5
ZINC000013737396,COc1ccc2[nH]cc(CCNCc3ccc([N+](=O)[O-])cc3)c2c1,6.85
ZINC000013737386,COc1cc(CCNCc2ccc([N+](=O)[O-])cc2)c(OC)cc1Br,7.24
ZINC000001714738,CN(C)CCCSc1ccccc1NC(=O)/C=C/c1ccccc1,7.89
ZINC000013737377,COc1cc(CCNCCCCc2ccccc2)c(OC)cc1Br,7.57
ZINC000029126624,N#Cc1ccc(-c2nc(C3CCCC3)nc3c2CCNCC3)cc1,7.47
ZINC000028769047,C=Cc1ccc(N2CCN(Cc3c[nH]c4ncccc34)CC2)cc1,6.29
ZINC000028770344,CCc1ccc(N2CCN(Cc3c[nH]c4ncccc34)CC2)cc1,6.2
ZINC000028770345,COc1ccccc1N1CCN(Cc2c[nH]c3ncccc23)CC1,5.64
ZINC000013913276,C[C@H]1CCCCN1CCc1c(-c2ccccc2)[nH]c2ccccc12,8.4
ZINC000003922292,C[C@@H]1CCCCN1CCc1c(-c2ccccc2)[nH]c2ccccc12,9.74
ZINC000045387600,Cc1ccc(CCn2c3c(c4cc(C)ccc42)CN(C)CC3)cc1,8.96
ZINC000013862750,Fc1ccc(-c2[nH]c3cc(F)ccc3c2[C@@H]2CNCC[C@H]2F)cc1,9.92
ZINC000040916318,O=S(=O)(c1ccccc1)n1cc(Cl)c2cc3c(cc21)CCNCC3,7.6
ZINC000040934869,O=C(OCCN1CCCC1)N1c2ccccc2Sc2ccccc21,5.62
ZINC000000006788,OC1(c2ccc(Cl)cc2)CCN(Cc2c[nH]c3ccccc23)CC1,6.16
ZINC000013535445,CCOc1ccccc1-c1cc(Cl)cc2cc3n(c12)CCNCC3,7.49
ZINC000045336642,c1ccc(CCNCC2c3ccccc3Cc3ccccc32)cc1,6.4
ZINC000013985687,CCCN1CCc2cccc3c2[C@H]1Cc1cccc(OC(C)=O)c1-3,7.14
ZINC000028524873,COc1ccc2c(c1)[C@H]1O[C@@H](CN(C)C)C[C@H]1c1ccccc1O2,6.71
ZINC000028524465,COc1ccc2c(c1)[C@H]1O[C@H](CN(C)C)C[C@H]1c1ccccc1O2,7.66
ZINC000000001246,Cc1ccccc1N1CCN(CCc2nnc3n2CCCC3)CC1,6.76
ZINC000008144259,Cc1ccc2c(c1)c1c(n2CCc2ccc(C)nc2)CCN(C)C1,7.21
ZINC000028568621,C[C@@H](Cn1ccc2ccc3ncccc3c21)NCc1ccccc1,6.07
ZINC000028568273,C[C@@H](Cn1ccc2ccc3ncccc3c21)NCC1CCCCC1,6.03
ZINC000029126544,Fc1ccc(-c2nc(Cc3ccccc3)nc3c2CNCC3)cc1,7.7
ZINC000029126421,Fc1ccc(-c2nc(Cc3ccccc3)nc3c2CCNC3)cc1,8.05
ZINC000053174604,C[C@@H](CO)NC(=O)[C@@H]1C=C2c3cccc4[nH]cc(c34)C[C@H]2N(C)C1,9.2
ZINC000096903803,CCN(CC)C(=O)[C@@H]1C=C2c3cccc4[nH]cc(c34)C[C@H]2N(C)C1,8.59
ZINC000029126728,COc1ccc(-c2nc(C3CCCC3)nc3c2CCNCC3)cc1,7.96
ZINC000043120044,O=C1N(CCN2Cc3ccccc3C2)CCN1c1cccc(Cl)c1,6.2
ZINC000058583880,O=C(O)CCN1CCN(C2=Cc3ccccc3Cn3ccnc32)CC1,6.5
ZINC000003831001,CCN(CC)C(=O)N[C@H]1C=C2c3cccc4[nH]cc(c34)C[C@H]2N(C)C1,9.06
ZINC000084619440,Clc1ccc2c(c1)N=C(NCCN1CCCCC1)c1cccnc1O2,6.0
ZINC000003807804,Clc1ccccc1C(c1ccccc1)(c1ccccc1)n1ccnc1,5.5
ZINC000028121344,O=S(=O)(c1ccccc1Cl)n1cc(C2=CCNCC2)c2ccccc21,6.22
ZINC000039829605,O=S(=O)(c1ccccc1)c1c[nH]c2cccc(CCN3CCCC3)c12,6.93
ZINC000026647904,COC[C@H]1CCCN1CCc1c(-c2ccccc2)[nH]c2ccccc12,5.52
ZINC000026646657,COC[C@@H]1CCCN1CCc1c(-c2ccccc2)[nH]c2ccccc12,9.59
ZINC000045386771,c1ccc(CCCNCC2c3ccccc3Cc3ccccc32)cc1,6.65
ZINC000013472069,Fc1ccc(CCN2CCC3(CCc4ccccc4C3)CC2)c(F)c1,8.54
ZINC000040409296,CCCN1CCc2cccc3c2[C@H]1Cc1cccc(OC(=O)CC)c1-3,6.96
ZINC000006915246,O=S1(=O)c2ccccc2N(Cc2ccc(Cl)cc2F)c2ccccc21,5.41
ZINC000013472081,O=C1c2ccc(Cl)cc2CCC12CCN(CCc1ccccc1)CC2,7.8
ZINC000028826844,O=C(CCCc1ccccc1)N1c2ccccc2Sc2ccccc21,5.8
ZINC000028370733,Cc1cccc(N2CCN(CCc3ccc4[nH]nnc4c3)CC2)c1C,8.29
ZINC000084670852,c1cnc(N2CCN(CCCCc3nc4ccccc4s3)CC2)nc1,6.65
ZINC000028353550,COc1ccccc1N1CCN(CCc2ccc3[nH]nnc3c2)CC1,6.85
ZINC000028568404,Cc1ccccc1CN[C@@H](C)Cn1ccc2ccc3ncccc3c21,5.77
ZINC000029126582,Cc1ccc(-c2nc(Cc3ccccc3)nc3c2CCNCC3)cc1,9.4
ZINC000029126505,Fc1ccc(Cc2nc3c(c(-c4ccc(F)cc4)n2)CNCC3)cc1,7.89
ZINC000019796018,CN1CCN(CCCN2c3ccccc3Sc3ccc(Cl)cc32)CC1,8.69
ZINC000084670345,Clc1ccc(N2CCN(CCCc3nc4ccccc4s3)CC2)cc1,7.44
ZINC000028568605,C[C@@H](Cn1ccc2ccc3ncccc3c21)NCc1ccccc1Cl,6.2
ZINC000029126422,Fc1ccc(-c2nc(Cc3ccccc3)nc3c2CNCCC3)cc1,6.89
ZINC000029126470,Fc1ccc(-c2nc(Cc3ccccc3)nc3c2CCCNC3)cc1,8.06
ZINC000029126584,Fc1ccc(-c2nc(Cc3ccccc3)nc3c2CCNCC3)cc1,9.22
ZINC000095619105,CC[C@@H](CO)NC(=O)[C@@H]1C=C2c3cccc4[nH]cc(c34)C[C@H]2N(C)C1,9.14
ZINC000013472080,COc1ccc2c(c1)CCC1(CCN(CCN3CCNC3=O)CC1)O2,6.01
ZINC000000584092,CC(C)OC(=O)C(C)(C)Oc1ccc(C(=O)c2ccc(Cl)cc2)cc1,6.22
ZINC000001530775,N=C(N)c1ccc(OCCCCCOc2ccc(C(=N)N)cc2)cc1,6.33
ZINC000095589158,COc1c(O)ccc2c1CN1CCc3cc4c(cc3[C@@H]1C2)OCCO4,6.44
ZINC000003881958,C#C[C@]1(O)CC[C@H]2[C@@H]3CCC4=Cc5oncc5C[C@]4(C)[C@H]3CC[C@@]21C,5.6
ZINC000039829996,O=S(=O)(c1ccccc1)c1ccc(/C=C/c2ccc(F)cc2F)cc1,8.88
ZINC000049036139,O=S(=O)(c1ccccc1)c1ccc(CCc2ccc(F)cc2F)cc1,8.84
ZINC000058576307,Cn1cc(I)c(C(=O)N2CCN(CC(=O)c3ccc(F)cc3)CC2)n1,8.35
ZINC000058569229,Cn1cc(Br)c(C(=O)N2CCN(CC(=O)c3ccc(F)cc3)CC2)n1,8.41
ZINC000058575155,Cn1cc(Br)c(C(=O)N2CCN(CC(=O)c3ccccc3F)CC2)n1,6.57
ZINC000045387112,Cn1ncc(Br)c1-c1cc(NC(=O)Nc2ccc(Cl)cc2)ccc1O,9.4
ZINC000058574693,Cc1[nH]nc(C(=O)N2CCN(CC(=O)c3ccc(F)cc3)CC2)c1Br,8.34
ZINC000058568352,COc1ccc(CCN2CCN(C(=O)c3nn(C)cc3Br)CC2)cc1,6.39
ZINC000058568862,Cc1cc(C(=O)N2CCN(CC(=O)c3ccc(F)cc3)CC2)nn1C,8.07
ZINC000035978974,O=C(NCCCCN1CCN(c2ccccc2)CC1)c1cccnc1,6.67
ZINC000041567428,O=C(NCCCCN1CCN(c2ccccc2)CC1)c1ccccn1,7.0
ZINC000025758996,Cc1cccc(C(=O)NCN2CCN(c3ccccc3C#N)CC2)c1,5.4
ZINC000058563783,Cn1cc(Br)c(C(=O)N2CCN(CCc3ccc(F)cc3F)CC2)n1,8.96
ZINC000073197118,Fc1ccc(CCCCN2CCCN(c3ccc(Cl)cc3)CC2)cc1,6.29
ZINC000026646126,CCN(C)CCc1c(-c2cccc(C(F)(F)F)c2)[nH]c2ccccc12,9.89
ZINC000082155610,Fc1ccc(SCCCN2CCCN(c3ccc(Cl)cc3)CC2)cc1,6.79
ZINC000039830248,CC(C)NCCCc1cccc2[nH]cc(S(=O)(=O)c3ccccc3)c12,6.21
ZINC000040411708,CCN(CC)CCCOC(=O)N1c2ccccc2Sc2ccccc21,5.44
ZINC000073199173,Fc1ccc(OCCCN2CCCN(c3ccc(Cl)cc3)CC2)cc1,6.25
ZINC000028394173,O=C(CCCN1CCN(c2ccc(Cl)cc2)CC1)c1ccc(F)cc1,6.96
ZINC000013473863,O=C(c1ccc([N+](=O)[O-])cc1)C1CCN(CCc2ccccc2)CC1,8.03
ZINC000073224909,OC1(c2ccc(Cl)cc2)CCN(CCCOc2ccc(F)cc2)CC1,7.14
ZINC000028889289,O=S(=O)(c1ccc(/C=C/c2ccc(F)cc2)nc1)c1ccccc1F,8.27
ZINC000028889297,O=S(=O)(c1ccc(/C=C/c2ccccc2F)nc1)c1ccccc1F,8.59
ZINC000028889302,O=S(=O)(c1ccc(/C=C/c2cccc(F)c2)nc1)c1ccccc1F,6.82
ZINC000028889281,O=S(=O)(c1ccc(F)cc1)c1ccc(/C=C/c2ccc(F)cc2)nc1,7.77
ZINC000028889272,O=S(=O)(c1ccc(F)cc1)c1ccc(CCc2ccc(F)cc2)nc1,7.64
ZINC000049808384,O=S(=O)(c1ccccc1)c1ccc(/C=C/c2ccc(F)cc2F)nc1,9.07
ZINC000028889285,O=S(=O)(c1ccc(/C=C/c2ccc(F)cc2)nc1)c1cccc(F)c1,8.02
ZINC000028889276,O=S(=O)(c1ccc(F)cc1)c1ccc(/C=C/c2ccc(F)cc2)cn1,7.55
ZINC000028889256,O=S(=O)(c1ccc(F)cc1)c1ccc(CCc2ccc(F)cc2)cn1,7.72
ZINC000073224424,OC1(c2ccc(Cl)cc2)CCN(CCCCc2ccc(F)cc2)CC1,6.52
ZINC000001542568,O=C(c1ccc(F)cc1)C1CCN(CCCCc2ccccc2)CC1,8.28
ZINC000073219170,OC1(c2ccc(Cl)cc2)CCN(CCCSc2ccc(F)cc2)CC1,7.14
ZINC000036270447,O=C(c1ccccc1F)N1CCC(CCc2ccc(F)cc2F)CC1,8.41
ZINC000028889333,O=S(=O)(c1ccc(/C=C/c2ccccc2O)nc1)c1ccccc1F,8.44
ZINC000013779302,Cc1cc(C(=O)Nc2ccc(C)c(N3CCN(C)CC3)c2)ccc1Br,6.9
ZINC000027319374,Cc1[nH]c2cccc(NC(=O)c3ccc(F)cc3)c2c1CCN(C)C,6.0
ZINC000098085177,O=[N+]([O-])c1ccc(CCN2CCN(c3ccccc3)CC2)cc1[N+](=O)[O-],8.29
ZINC000058568804,CCn1cc(Cl)c(C(=O)N2CCN(CC(=O)c3ccc(F)cc3)CC2)n1,8.59
ZINC000058581399,Cc1c(Br)c(C(=O)N2CCN(CC(=O)c3ccc(F)cc3)CC2)nn1C,8.34
ZINC000034565916,COc1ccc(NC(=O)Nc2cccc(Cl)c2)cc1-c1c(Br)cnn1C,9.6
ZINC000035827140,COc1ccc(NC(=O)Nc2cccc(F)c2)cc1-c1c(Br)cnn1C,9.5
ZINC000045369582,COc1ccc(NC(=O)Nc2ccccc2F)cc1-c1c(Br)cnn1C,9.0
ZINC000006745689,COc1ccc(NC(=O)Nc2ccc(Cl)cc2)cc1-c1c(Br)cnn1C,9.3
ZINC000036409832,COc1ccc(NC(=O)Nc2ccc(F)cc2)cc1-c1c(Br)cnn1C,9.6
ZINC000006745690,COc1ccc(NC(=O)Nc2ccc(Cl)cc2)cc1-c1c(Cl)cnn1C,9.8
ZINC000045366826,COc1ccc(NC(=O)Nc2ccc(Br)cc2)cc1-c1c(Br)cnn1C,9.6
ZINC000058580944,Cn1cc(Br)c(C(=O)N2CCN(CC(=O)c3ccc(F)cc3F)CC2)n1,7.15
ZINC000136442604,Cc1cccc(N2CCN(CCCCNC(=O)c3ccccc3)CC2)n1,7.08
ZINC000036126682,O=S(=O)(c1ccc(F)cc1)N1CCN(CCc2ccc(F)cc2F)CC1,8.36
ZINC000049071382,CC1(C)CCC(Oc2cc(F)c(CNC(=O)[C@@H]3CCCN3)cc2F)CC1,7.86
ZINC000040405752,O=C(CCCN1CCCN(c2ccc(Cl)cc2)CC1)c1ccc(F)cc1,7.63
ZINC000003653057,N=C(N)NCCC[C@@H]1NC(=O)/C(=C/c2c[nH]c3cc(Br)ccc23)NC1=O,5.71
ZINC000028889309,O=S(=O)(c1ccc(/C=C/c2ccc(F)cc2F)nc1)c1ccccc1F,8.59
ZINC000013472089,O=S(=O)(c1ccc(F)cc1)C1CCN(CCc2ccc(F)cc2F)CC1,9.38
ZINC000036270450,O=S(=O)(c1ccccc1Cl)N1CCC(CCc2ccc(F)cc2F)CC1,8.21
ZINC000036270449,O=S(=O)(c1ccc(F)cc1)N1CC=C(CCc2ccc(F)cc2F)CC1,7.66
ZINC000036270452,O=S(=O)(c1ccc(F)cc1)N1CCC(CCc2ccc(F)cc2F)CC1,7.28
ZINC000036270439,O=S(=O)(c1cccc(F)c1)N1CCC(CCc2ccc(F)cc2F)CC1,7.85
ZINC000036270454,O=S(=O)(c1ccccc1F)N1CCC(CCc2ccc(F)cc2F)CC1,8.0
ZINC000028889312,O=S(=O)(c1ccc(/C=C/c2ccc(F)cc2Cl)nc1)c1ccccc1F,8.74
ZINC000095606422,O=S(=O)(c1ccccc1)C1(F)CCN(CCc2ccc(F)cc2F)CC1,9.17
ZINC000000537822,O=C(CCCN1CCC(O)(c2ccc(Cl)cc2)CC1)c1ccc(F)cc1,7.68
ZINC000028889318,Cc1cc(F)ccc1/C=C/c1ccc(S(=O)(=O)c2ccccc2F)cn1,8.09
ZINC000028889328,O=S(=O)(c1ccc(/C=C/c2ccc(F)cc2O)nc1)c1ccccc1F,9.72
ZINC000136755808,Cc1cccc(N2CCN(CCCCNC(=O)c3ccccn3)CC2)n1,6.62
ZINC000013779299,COc1ccc(NC(=O)c2ccc(Br)c(C)c2)cc1N1CCN(C)CC1,6.7
ZINC000003873295,Clc1ccc(CO/N=C(\Cn2ccnc2)c2ccc(Cl)cc2Cl)c(Cl)c1,5.92
ZINC000101185017,O[C@@]1(c2ccc(Cl)cc2)C[C@@H]2CC[C@H](C1)N2Cc1c[nH]c2ccccc12,5.32
ZINC000101185316,O[C@]1(c2ccc(Cl)cc2)C[C@@H]2CC[C@H](C1)N2Cc1coc2ccccc12,6.77
ZINC000101185266,O[C@]1(c2ccc(Cl)cc2)C[C@@H]2CC[C@H](C1)N2Cc1csc2ccccc12,7.15
ZINC000053084151,FC(F)(F)c1ccc(N2CCN(Cc3c[nH]c4ncccc34)CC2)cc1,5.55
ZINC000058576502,C=C(CN1CCN(C2=Cc3ccccc3Cn3ccnc32)CC1)C(=O)O,6.7
ZINC000013523593,CN1CCC(c2c[nH]c3ccc(NC(=O)c4ccc(F)cc4)nc23)CC1,5.32
ZINC000039829618,O=S(=O)(c1ccccc1)c1c[nH]c2cccc(CCNC3CCCC3)c12,7.72
ZINC000045348535,O=S(=O)(c1ccccc1)c1c[nH]c2cccc(CCN3CCCCC3)c12,7.23
ZINC000002690423,Cc1ccc(S(=O)(=O)c2nc(N3CCc4ccccc4C3)sc2Cl)cc1,5.28
ZINC000095576935,CCCN1CCC(COc2nc3c(Cl)cccc3c3ccccc23)CC1,5.75
ZINC000095573989,CCCN1CCC(COc2nc3c(I)cccc3c3ccccc23)CC1,5.99
ZINC000028377472,O=C(N[C@H]1CCN(Cc2ccccc2)C1)c1cccc(-c2cccs2)c1,6.34
ZINC000013913051,O=C(N[C@H]1CCN(Cc2ccccc2)C1)c1ccc(-c2cccs2)cc1,8.74
ZINC000084723103,O=C(CCCN1CCC(c2ccccc2)CC1)c1nc2ccccc2s1,6.54
ZINC000045357870,c1ccc(CCCCNCC2c3ccccc3Cc3ccccc32)cc1,6.44
ZINC000040916834,CCCC(=O)Oc1cccc2c1-c1cccc3c1[C@@H](C2)N(CCC)CC3,7.25
ZINC000003818810,C[C@@H]1CCCN1CCc1cc2cc(C(=O)c3ccc(F)cc3)ccc2o1,5.57
ZINC000013472075,Fc1ccc(CCN2CCC3(CCc4c(F)cccc4O3)CC2)c(F)c1,8.4
ZINC000013472078,Fc1ccc(CCN2CCC3(CCc4cccc(F)c4O3)CC2)c(F)c1,8.49
ZINC000013472076,Fc1ccc(CCN2CCC3(CCc4ccc(F)cc4O3)CC2)c(F)c1,8.51
ZINC000013472077,Fc1ccc(CCN2CCC3(C=Cc4cc(F)ccc4O3)CC2)c(F)c1,7.8
ZINC000000538483,O=c1n(CCCN2CCN(c3cccc(Cl)c3)CC2)nc2ccccn12,8.25
ZINC000084670849,O=C(CCCN1CCN(c2ncccn2)CC1)c1nc2ccccc2s1,5.66
ZINC000029126586,Fc1ccc(Cc2nc3c(c(-c4ccc(F)cc4)n2)CCNCC3)cc1,9.15
ZINC000073200411,Clc1ccc(N2CCCN(CCCc3nc4ccccc4s3)CC2)cc1,6.16
ZINC000084724332,Clc1ccc(N2CCN(CCCCc3nc4ccccc4s3)CC2)cc1,6.88
ZINC000169341659,CN1CCC(c2cccc3cc(S(=O)(=O)c4ccccn4)cnc23)CC1,6.91
ZINC000028568255,COc1ccccc1CN[C@@H](C)Cn1ccc2ccc3ncccc3c21,5.8
ZINC000013862749,O=C(Nc1ccccc1)c1[nH]c2cc(F)ccc2c1[C@@H]1CNCC[C@H]1F,10.05
ZINC000095577628,CCCN1CCC(COc2nc3c(I)cccc3c3ncccc23)CC1,5.74
ZINC000058582748,CC(C)(CN1CCN(C2=Cc3ccccc3Cn3ccnc32)CC1)C(=O)O,7.1
ZINC000029553506,Cc1ncccc1Oc1ccc(NC(=O)N2CCc3cc(I)ccc32)cn1,5.8
ZINC000029489303,Cc1ncccc1Oc1ccc(NC(=O)N2CCc3cc(Br)ccc32)cn1,5.4
ZINC000029553174,Cc1ncccc1Oc1ccc(NC(=O)N2CCc3ccc(Cl)cc32)cn1,6.5
ZINC000146793951,O=S(=O)(NCCCN1CCN(c2nsc3ccccc23)CC1)c1cccs1,8.04
ZINC000073297299,O=C(c1cccn2ccnc12)N1CCN(CCc2ccc(F)cc2F)CC1,8.8
ZINC000073296222,O=C(c1cnn2ccccc12)N1CCN(CCc2ccc(F)cc2F)CC1,8.74
ZINC000073297158,O=C(c1cnn2c1CCCC2)N1CCN(CCc2ccc(F)cc2F)CC1,7.74
ZINC000073297245,O=C(c1cn2ccccc2n1)N1CCN(CCc2ccc(F)cc2F)CC1,8.37
ZINC000073297121,O=C(c1cc2ccccn2n1)N1CCN(CCc2ccc(F)cc2F)CC1,8.24
ZINC000073294839,O=C(c1cc2n(n1)CCCC2)N1CCN(CCc2ccc(F)cc2F)CC1,8.59
ZINC000073294410,O=C(c1cccc2ccnn12)N1CCN(CCc2ccc(F)cc2F)CC1,9.4
ZINC000073297294,O=C(c1cnc2ccccn12)N1CCN(CCc2ccc(F)cc2F)CC1,8.77
ZINC000169352071,O=S(=O)(NCCCN1CCN(c2noc3ccccc23)CC1)c1cccs1,6.01
ZINC000095574636,CCCN1CCC(COc2nc3c(OC)cccc3c3ccccc23)CC1,5.22
ZINC000045347803,O=S(=O)(c1ccccc1)c1c[nH]c2cccc(CCN3CCCCCC3)c12,7.48
ZINC000045386488,O=S(=O)(c1ccccc1)c1c[nH]c2cccc(CCCN3CCCCC3)c12,6.07
ZINC000028529523,O=C(N[C@H]1CCN(Cc2ccc(Cl)cc2)C1)c1cccc(-c2cccs2)c1,5.96
ZINC000084725875,OC1(c2ccc(Cl)cc2)CCN(CCCCc2nc3ccccc3s2)CC1,5.37
ZINC000028529331,O=C(N[C@H]1CCN(Cc2ccc(F)cc2)C1)c1ccc(-c2cccs2)cc1,7.85
ZINC000028563615,Cc1ccc(CN2CC[C@H](NC(=O)c3cccc(-c4cccs4)c3)C2)cc1,6.21
ZINC000084706624,O=C(CCCCN1CCC(c2ccccc2)CC1)c1nc2ccccc2s1,8.47
ZINC000029041617,CCCCC(=O)Oc1cccc2c1-c1cccc3c1[C@@H](C2)N(CCC)CC3,7.04
ZINC000082149909,OC1(c2ccc(Cl)cc2)C[C@@H]2CC[C@H](C1)N2CCCOc1ccc(F)cc1,6.63
ZINC000013472070,O=S1(=O)c2ccccc2CCC12CCN(CCc1ccc(F)cc1F)CC2,9.39
ZINC000073199171,OC1(c2ccc(Cl)cc2)C[C@@H]2CC[C@H](C1)N2CCCCc1ccc(F)cc1,6.5
ZINC000073294414,O=C(c1cnn2cccnc12)N1CCN(CCc2ccc(F)cc2F)CC1,8.42
ZINC000073294412,O=C(c1cc2ncccn2n1)N1CCN(CCc2ccc(F)cc2F)CC1,8.25
ZINC000084714702,O=C(CCCCN1CCN(c2ncccn2)CC1)c1nc2ccccc2s1,5.16
ZINC000073200409,Clc1ccc(N2CCCN(CCCCc3nc4ccccc4s3)CC2)cc1,6.8
ZINC000000597434,CCN1CCN(c2cc(-c3ccc(F)cc3)c3c(n2)CCCCCC3)CC1,9.09
ZINC000006716963,CN1CCC[C@@H]1Cc1c[nH]c2ccc(NS(=O)(=O)c3cccc(Cl)c3)cc12,6.57
ZINC000006716964,CN1CCC[C@@H]1Cc1c[nH]c2ccc(NS(=O)(=O)c3ccccc3Cl)cc12,6.44
ZINC000034374447,CN1CCN(c2cccc3cc(S(=O)(=O)c4cccc(F)c4)cnc23)CC1,9.41
ZINC000072109000,O=c1[nH]c2ccccc2n1C1CCN(CCCOc2ccc(F)cc2)CC1,8.5
ZINC000019632628,OCCOCCN1CCN(C2=Nc3ccccc3Sc3ccccc32)CC1,7.47
ZINC000000538183,NC(=O)C1CCN(CCCN2c3ccccc3Sc3ccc(Cl)cc32)CC1,9.26
ZINC000084713683,O=C(CCCN1CCN(c2ccc(Cl)cc2)CC1)c1nc2ccccc2s1,5.7
ZINC000084706553,O=C(CCCCN1CCN(c2ccccc2)CC1)c1nc2ccccc2s1,6.69
ZINC000136770950,COc1cccc(N2CCN(CCCCNC(=O)c3ccccn3)CC2)c1,6.75
ZINC000035982936,COc1cccc(N2CCN(CCCCNC(=O)c3ccccc3)CC2)n1,6.96
ZINC000038320584,CCOc1ccc(NC(=O)Nc2ccc(Cl)cc2)cc1-c1c(Br)cnn1C,9.6
ZINC000035878184,COc1ccc(NC(=O)Nc2ccc(F)c(F)c2)cc1-c1c(F)cnn1C,8.9
ZINC000035950993,COc1ccc(NC(=O)Nc2ccc(F)c(F)c2)cc1-c1c(Cl)cnn1C,9.6
ZINC000038225145,COc1ccc(NC(=O)Nc2ccc(F)cc2F)cc1-c1c(Cl)cnn1C,9.2
ZINC000038309628,COc1ccc(NC(=O)Nc2cc(F)cc(F)c2)cc1-c1c(Br)cnn1C,9.5
ZINC000045392240,COc1ccc(NC(=O)Nc2ccc(Cl)cc2Cl)cc1-c1c(Br)cnn1C,9.7
ZINC000038239930,COc1ccc(NC(=O)Nc2ccc(F)cc2F)cc1-c1c(Br)cnn1C,9.29
ZINC000049037342,COc1cccc(C(=O)Nc2ccc(OCCN)c(-c3ccnn3C)c2)c1,8.66
ZINC000073239727,Fc1ccc(SCCCN2CCN(c3ccc(C(F)(F)F)cc3)CC2)cc1,5.95
ZINC000064548813,CCCCN1CCC(COC(=O)c2cc(Cl)c(NC)c3c2OCCO3)CC1,5.75
ZINC000028889323,N#Cc1cc(F)ccc1/C=C/c1ccc(S(=O)(=O)c2ccccc2F)cn1,8.0
ZINC000013472088,N#Cc1ccccc1S(=O)(=O)C1CCN(CCc2ccc(F)cc2F)CC1,9.28
ZINC000036270440,N#Cc1ccccc1S(=O)(=O)N1CCC(CCc2ccc(F)cc2F)CC1,8.09
ZINC000049111167,COc1cc(OC2CCC(C)(C)CC2)c(F)cc1CNC(=O)[C@@H]1CCCN1,7.89
ZINC000028113847,O=S(=O)(c1ccc(Cl)cc1)C1(F)CCN(CCc2ccc(F)cc2F)CC1,9.19
ZINC000028107167,O=S(=O)(c1ccccc1F)C1(F)CCN(CCc2ccc(F)cc2F)CC1,9.49
ZINC000028107164,O=S(=O)(c1cccc(F)c1)C1(F)CCN(CCc2ccc(F)cc2F)CC1,9.52
ZINC000036270443,O=S(=O)(c1ccc(F)cc1)N1CCC(F)(CCc2ccc(F)cc2F)CC1,7.62
ZINC000028115626,O=S(=O)(c1ccc(F)cc1)C1(F)CCN(CCc2ccc(F)cc2F)CC1,9.41
ZINC000036270437,O=S(=O)(c1ccc(F)cc1)N1CCC(O)(CCc2ccc(F)cc2F)CC1,6.72
ZINC000000598040,COc1cccc([C@H](O)C2CCN(CCc3ccc(F)cc3)CC2)c1OC,10.0
ZINC000028889338,COc1cc(F)ccc1/C=C/c1ccc(S(=O)(=O)c2ccccc2F)cn1,7.19
ZINC000035906966,COc1cccc(N2CCN(CCCCNC(=O)c3ccccn3)CC2)n1,6.85
ZINC000058563694,CO/N=C(/CN1CCN(C(=O)c2nn(C)cc2Br)CC1)c1ccc(F)cc1,5.61
ZINC000045391782,COc1ccc(NC(=O)Nc2cccc(C#N)c2)cc1-c1c(Br)cnn1C,9.3
ZINC000034801069,COc1cccc(N2CCN(CCCCn3ncc(=O)n(C)c3=O)CC2)c1,5.68
ZINC000035907025,COc1ccccc1N1CCN(CCCCn2ncc(=O)n(C)c2=O)CC1,5.3
ZINC000028528455,COc1ccc(N2CCN(c3cccc(F)c3)C2=O)cc1OCCN(C)C,5.6
ZINC000013862744,Fc1ccc2c([C@@H]3CNCC[C@H]3F)c(-c3ccc4ccccc4c3)[nH]c2c1,9.64
ZINC000013862743,Fc1ccc2c([C@@H]3CNCC[C@H]3F)c(-c3cccc4ccccc34)[nH]c2c1,9.47
ZINC000101185027,O[C@]1(c2ccc(Cl)c(Cl)c2)C[C@@H]2CC[C@H](C1)N2Cc1c[nH]c2ccccc12,5.55
ZINC000034648205,O=C(CCCN1CC[C@H]2[C@@H](C1)c1cccc3c1N2CC3)c1ccc(F)cc1,8.54
ZINC000028370740,c1ccc2c(N3CCN(CCc4ccc5[nH]nnc5c4)CC3)cccc2c1,7.98
ZINC000028568456,C[C@@H](Cn1ccc2ccc3ncccc3c21)NCc1ccc2c(c1)OCO2,6.44
ZINC000028769976,c1ccc(-c2ccc(N3CCN(Cc4c[nH]c5ncccc45)CC3)cc2)cc1,5.71
ZINC000038389072,CN1CCN2c3c(cccc31)[C@@H]1CN(CCCC(=O)c3ccncc3)CC[C@@H]12,8.33
ZINC000000538550,O=C1Cc2cc(CCN3CCN(c4nsc5ccccc45)CC3)c(Cl)cc2N1,10.1
ZINC000084635509,Clc1ccc2c(c1)N=C(N1CCN(C3CCCCC3)CC1)c1cccnc1O2,7.04
ZINC000028527976,O=C1CCc2cccc(CCN3CCN(c4nsc5ccccc45)CC3)c2N1,9.55
ZINC000001489879,c1ccc(CN2CCC(c3c(-c4ccccc4)[nH]c4ccccc34)CC2)cc1,7.55
ZINC000138771935,O=C(CCCN1CC[C@H]2[C@@H](C1)c1cccc3c1N2CCO3)c1ccc(F)cc1,9.05
ZINC000145721980,O=C(CCCN1CC[C@H]2[C@@H](C1)c1cccc3c1N2CCS3)c1ccc(F)cc1,8.89
ZINC000144002684,O=C(CCCN1CC[C@@H]2[C@H](C1)c1cccc3c1N2CCC3)c1ccc(F)cc1,8.11
ZINC000036399764,O=C(CCCN1CC[C@H]2[C@@H](C1)c1cccc3c1N2CCC3)c1ccc(F)cc1,9.0
ZINC000013487995,O=C(CCCN1CC[C@H]2[C@@H](C1)c1cccc3c1N2CCCS3)c1ccccc1,8.57
ZINC000006733253,COc1ccc(-c2cc3c4c(c2)[C@@H]2CNCC[C@@H]2N4CCC3)c(C(F)(F)F)c1,5.89
ZINC000028568333,C[C@@H](Cn1ccc2ccc3ncccc3c21)NCc1ccc2ccccc2c1,6.74
ZINC000013488022,Nc1ccccc1C(=O)CCCN1CC[C@@H]2[C@H](C1)c1cccc3c1N2CCO3,7.92
ZINC000012356268,Nc1ccccc1C(=O)CCCN1CC[C@H]2[C@@H](C1)c1cccc3c1N2CCO3,8.8
ZINC000169309773,CN1CCN2c3c(cccc31)[C@@H]1CN(CCCC(=O)c3ccccc3)CC[C@@H]12,8.24
ZINC000013488014,Nc1ccccc1C(=O)CCCN1CC[C@@H]2[C@H](C1)c1cccc3c1N2CCC3,8.43
ZINC000013488016,Nc1ccccc1C(=O)CCCN1CC[C@H]2[C@@H](C1)c1cccc3c1N2CCC3,9.1
ZINC000033986757,O=C(CCCN1CC[C@@H]2[C@H](C1)c1cccc3c1N2CCN3)c1ccc(F)cc1,8.26
ZINC000140843696,O=C(CCCN1CC[C@H]2[C@@H](C1)c1cccc3c1N2CCN3)c1ccc(F)cc1,9.03
ZINC000013488010,Nc1ccccc1C(=O)CCCN1CC[C@H]2[C@@H](C1)c1cccc3c1N2CCS3,9.1
ZINC000013488008,Nc1ccccc1C(=O)CCCN1CC[C@@H]2[C@H](C1)c1cccc3c1N2CCS3,8.18
ZINC000140847104,CN1CCN2c3c(cccc31)[C@@H]1CN(CCCOc3ccc(F)cc3)CC[C@@H]12,8.62
ZINC000166553150,COc1cccc(N2CCN(CCCCNC(=O)c3cccc(C)n3)CC2)c1,6.62
ZINC000058592452,Cn1cc(Br)c(C(=O)N2CCN(CC(=O)c3ccc(C(F)(F)F)cc3)CC2)n1,6.06
ZINC000058568779,Cn1cc(C(F)(F)F)c(C(=O)N2CCN(CC(=O)c3ccc(F)cc3)CC2)n1,7.55
ZINC000034643242,COc1ccc(NC(=O)Nc2ccc(Cl)cc2)cc1-c1c(Br)cnn1C(C)C,9.3
ZINC000034642886,COc1ccc(NC(=O)Nc2ccc(F)cc2)cc1-c1c(Br)cnn1C(C)C,9.6
ZINC000034481433,CC(C)Oc1ccc(NC(=O)Nc2ccc(Cl)cc2)cc1-c1c(Br)cnn1C,9.5
ZINC000035920678,COc1ccc(NC(=O)Nc2ccc(C(C)C)cc2)cc1-c1c(Br)cnn1C,9.5
ZINC000058568638,Cc1cc(C(=O)N2CCN(CC(=O)c3ccc(F)cc3)CC2)nn1C(C)(C)C,8.03
ZINC000013443458,N#Cc1cccc(NC(=O)NCCCN2CCC(Cc3ccccc3)CC2)c1,6.11
ZINC000038335338,COc1ccc(NC(=O)Nc2cccc(C(C)=O)c2)cc1-c1c(Br)cnn1C,8.6
ZINC000000593381,NC(=O)c1ccc(S(=O)(=O)C2CCN(CCc3ccc(F)cc3F)CC2)cc1,9.28
ZINC000000589131,NC(=O)c1cccc(S(=O)(=O)C2CCN(CCc3ccc(F)cc3F)CC2)c1,9.3
ZINC000118539468,C[C@@H](Oc1ccc(C(F)(F)F)cc1OC1CNC1)c1cccc(C(F)(F)F)c1,6.22
ZINC000001530689,CC/C(=C(\c1ccccc1)c1ccc(OCCN(C)C)cc1)c1ccccc1,5.86
ZINC000049037320,NC(=O)c1ccc(S(=O)(=O)c2ccc(/C=C/c3ccc(F)cc3F)cc2)cc1,9.19
ZINC000049053973,NC(=O)c1cccc(S(=O)(=O)c2ccc(/C=C/c3ccc(F)cc3F)cc2)c1,9.7
ZINC000049036141,NC(=O)c1ccccc1S(=O)(=O)c1ccc(/C=C/c2ccc(F)cc2F)cc1,9.19
ZINC000045364326,COc1ccc(NC(=O)Nc2ccc(N(C)C)cc2)cc1-c1c(Br)cnn1C,8.8
ZINC000013443451,COc1cccc(NC(=O)NCCCN2CCC(Cc3ccccc3)CC2)c1,6.21
ZINC000028528810,COc1ccc(N2CCN(c3ccc(Cl)c(Cl)c3)C2=O)cc1OCCN(C)C,6.3
ZINC000058581985,Cc1cn2c(n1)C(N1CCN(CC(C)(C)C(=O)O)CC1)=Cc1ccccc1C2,6.9
ZINC000029485619,Cc1ncccc1Oc1ccc(NC(=O)N2CCc3cc(Cl)c(Cl)cc32)cn1,6.6
ZINC000029548965,Cc1ncccc1Oc1ccc(NC(=O)N2CCc3cc(F)c(Cl)cc32)cn1,6.3
ZINC000114599389,Cc1cccc(S(=O)(=O)NCCN2CCN(c3nsc4ccccc34)CC2)c1,8.06
ZINC000000602170,Cc1cc2c(cc1Cl)N(C(=O)Nc1ccc(Oc3cccnc3C)nc1)CC2,6.8
ZINC000058584038,CC(C)(CN1CCN(C2=Cc3ccccc3Cn3c(Cl)cnc32)CC1)C(=O)O,7.2
ZINC000058591269,CC(C)(CN1CCN(C2=Cc3ccccc3Cn3cc(Cl)nc32)CC1)C(=O)O,7.3
ZINC000058575317,CC(C)(CN1CCN(C2=Cc3ccccc3Cn3cc(F)nc32)CC1)C(=O)O,7.0
ZINC000114601251,O=S(=O)(NCCCCN1CCN(c2nsc3ccccc23)CC1)c1cccs1,8.26
ZINC000073297298,Cc1nc2ccccn2c1C(=O)N1CCN(CCc2ccc(F)cc2F)CC1,8.46
ZINC000056898757,N#Cc1c[nH]c2c(C(=O)N3CCN(CCc4ccc(F)cc4)CC3)cccc12,9.32
ZINC000073294408,O=C(c1cnn2cc(Cl)ccc12)N1CCN(CCc2ccc(F)cc2F)CC1,8.23
ZINC000073297090,O=C(c1nn2ccccc2c1Cl)N1CCN(CCc2ccc(F)cc2F)CC1,9.22
ZINC000073297124,O=C(c1nn2ccccc2c1Br)N1CCN(CCc2ccc(F)cc2F)CC1,9.1
ZINC000073311344,O=C(c1cc(Br)cn2ccnc12)N1CCN(CCc2ccc(F)cc2F)CC1,8.3
ZINC000073312536,O=C(c1nc2ccccn2c1Br)N1CCN(CCc2ccc(F)cc2F)CC1,8.72
ZINC000073311339,O=C(c1cccn2cc(Cl)nc12)N1CCN(CCc2ccc(F)cc2F)CC1,8.82
ZINC000073311337,O=C(c1cccn2cc(Br)nc12)N1CCN(CCc2ccc(F)cc2F)CC1,8.77
ZINC000114600913,O=S(=O)(NCCCCN1CCN(c2noc3ccccc23)CC1)c1cccs1,5.57
ZINC000019632891,C(=C/c1ccccc1)\CN1CCN(C(c2ccccc2)c2ccccc2)CC1,6.99
ZINC000084759385,C[C@@H]1CCCN1CCc1cc2cc(C(=O)c3ccc([N+](=O)[O-])cc3)ccc2o1,5.87
ZINC000013472079,N#Cc1ccc2c(c1)C(=O)CC1(CCN(CCc3ccc(F)cc3F)CC1)O2,6.82
ZINC000028529690,COc1cccc(CN2CC[C@H](NC(=O)c3ccc(-c4cccs4)cc3)C2)c1,7.66
ZINC000036270445,O=C(c1cccc2cccnc12)N1CCC(CCc2ccc(F)cc2F)CC1,8.54
ZINC000028529639,O=C(N[C@H]1CCN(Cc2ccc(Cl)c(Cl)c2)C1)c1ccc(-c2cccs2)cc1,7.66
ZINC000095557182,Clc1cccc(C2CCN(CCCCOc3ccc4scnc4c3)CC2)c1Cl,9.22
ZINC000028529653,O=C(N[C@H]1CCN(Cc2ccc(F)c(F)c2)C1)c1ccc(-c2cccs2)cc1,7.8
ZINC000040916836,CCCCCC(=O)Oc1cccc2c1-c1cccc3c1[C@@H](C2)N(CCC)CC3,6.96
ZINC000073297248,Nc1cccc2nc(C(=O)N3CCN(CCc4ccc(F)cc4F)CC3)cn12,8.85
ZINC000073297251,Nc1cccn2cc(C(=O)N3CCN(CCc4ccc(F)cc4F)CC3)nc12,8.57
ZINC000029126543,FC(F)(F)c1ccc(-c2nc(Cc3ccccc3)nc3c2CCNCC3)cc1,9.1
ZINC000057113488,O=C(NCCCCN1CCN(c2ccccc2)CC1)c1cc2ccccc2o1,6.41
ZINC000019796080,O=C(CCCN1CC=C(n2c(=O)[nH]c3ccccc32)CC1)c1ccc(F)cc1,9.13
ZINC000082151621,O=C(CCCN1CCCN(c2ccc(Cl)cc2)CC1)c1nc2ccccc2s1,5.98
ZINC000084714700,O=C(CCCCN1CCN(c2ccc(Cl)cc2)CC1)c1nc2ccccc2s1,6.28
ZINC000028122515,CCN1CCN(c2cc(-c3ccc(F)cc3)c3c(n2)CC[C@@H](O)CCC3)CC1,7.75
ZINC000028128684,CCN1CCN(c2cc(-c3ccc(F)cc3)c3c(n2)CC[C@H](O)CCC3)CC1,8.01
ZINC000028137322,CCN1CCN(c2cc(-c3ccc(F)cc3)c3c(n2)CCC[C@H](O)CC3)CC1,7.73
ZINC000028136784,CCN1CCN(c2cc(-c3ccc(F)cc3)c3c(n2)CCC[C@@H](O)CC3)CC1,7.83
ZINC000114601497,O=S(=O)(NCCCN1CCC(c2noc3cc(F)ccc23)CC1)c1cccs1,8.29
ZINC000165590172,Cc1cccc(N2CCN(CCCCNC(=O)c3cc4ccccc4o3)CC2)n1,7.57
ZINC000071319072,Cc1ccccc1N1CCN(CCCCOc2ccc3c(n2)NC(=O)CC3)CC1,7.29
ZINC000058591268,Cc1nc2n(c1C)Cc1ccccc1C=C2N1CCN(CC(C)(C)C(=O)O)CC1,6.4
ZINC000028527792,O=C1N(c2ccc(OCCN3CCCCC3)nc2)CCN1c1ccc(Cl)c(Cl)c1,6.0
ZINC000114600397,Cc1cccc(S(=O)(=O)NCCCN2CCN(c3nsc4ccccc34)CC2)c1,8.89
ZINC000071297031,O=C1CCc2ccc(OCCCCN3CCN(c4ccccc4Cl)CC3)nc2N1,7.8
ZINC000095553217,O=C(C1CCCCC1)N(CCN1CCN(c2ccccc2)CC1)c1ccccn1,6.74
ZINC000013979445,CC(=O)Nc1cccc(CCN2CCN(c3cccc4nc(C)ccc34)CC2)c1,6.6
ZINC000043178360,O=C(NCCCCN1CCN(c2ccccc2)CC1)c1ccc2ncccc2c1,7.18
ZINC000165707991,O=C(NCCCCN1CCN(c2ccccc2)CC1)c1cc2ccccc2cn1,7.4
ZINC000165349658,O=C(NCCCCN1CCN(c2ccccc2)CC1)c1ccc2ccccc2n1,7.01
ZINC000149507814,O=C(NCCCCN1CCN(c2ccccc2)CC1)[C@H]1CCc2ccccc2N1,7.3
ZINC000149507615,O=C(NCCCCN1CCN(c2ccccc2)CC1)[C@@H]1CCc2ccccc2N1,7.66
ZINC000036126681,N#Cc1c[nH]c2c(C(=O)N3CCN(CCc4ccc(F)cc4F)CC3)cccc12,9.06
ZINC000073311347,Cc1cc(C)n2ccnc2c1C(=O)N1CCN(CCc2ccc(F)cc2F)CC1,8.44
ZINC000058590739,COc1cnc2n1Cc1ccccc1C=C2N1CCN(CC(C)(C)C(=O)O)CC1,6.6
ZINC000169352067,Cc1cccc(S(=O)(=O)NCCCN2CCN(c3noc4ccccc34)CC2)c1,5.38
ZINC000049036353,O=S(=O)(c1cccc2cccnc12)N1CCC(CCc2ccc(F)cc2F)CC1,8.68
ZINC000299830383,O=C(NCCCCN1CCN(c2ncccn2)CC1)c1cc2ccccc2cn1,5.91
ZINC000040918552,CCCCCCC(=O)Oc1cccc2c1-c1cccc3c1[C@@H](C2)N(CCC)CC3,7.02
ZINC000013472082,COc1ccc2c(c1)CCC1(CCN(CCCC(=O)c3ccc(F)cc3)CC1)O2,9.44
ZINC000035907363,O=C(NCCCCN1CCN(c2ccccn2)CC1)c1cc2ccccc2cn1,6.09
ZINC000200056527,O=C(NCCCCN1CCN(c2ccccn2)CC1)c1ccc2ccccc2n1,7.16
ZINC000073311342,N#Cc1cn2cccc(C(=O)N3CCN(CCc4ccc(F)cc4F)CC3)c2n1,8.55
ZINC000026954229,Cc1cccc(N2CCN(CCCCNC(=O)c3cc4ccccc4o3)CC2)c1,7.82
ZINC000299837693,O=C(NCCCCN1CCN(c2ccccc2F)CC1)c1cc2ccccc2o1,7.74
ZINC000000643233,O=C(CCCN1CCC2(CC1)C(=O)NCN2c1ccccc1)c1ccc(F)cc1,9.0
ZINC000095553913,O=C(C1CCCCC1)N(CCN1CC=C(c2ccccc2)CC1)c1ccccn1,7.27
ZINC000149586702,O=C(NCCCCN1CCN(c2cccc3ccccc23)CC1)c1ccccc1,8.52
ZINC000082151618,O=C(CCCCN1CCCN(c2ccc(Cl)cc2)CC1)c1nc2ccccc2s1,6.0
ZINC000028527845,COc1ccc(N2CCN(c3ccccc3)C2=O)cc1OCCN1CCCCC1,5.6
ZINC000114599667,Cc1cccc(S(=O)(=O)NCCN2CCC(c3noc4cc(F)ccc34)CC2)c1,8.46
ZINC000001489208,COc1ccc(NS(=O)(=O)c2sc3ccc(Cl)cc3c2C)cc1N1CCNCC1,5.76
ZINC000114599223,O=S(=O)(NCCCCN1CCC(c2noc3cc(F)ccc23)CC1)c1cccs1,8.02
ZINC000038460383,CN1CCN2c3c(cccc31)[C@@H]1CN(CCCc3noc4ccccc34)CC[C@@H]12,8.48
ZINC000028525335,Nc1ccc2on(C[C@@H]3C[C@H]4c5ccccc5Oc5ccc(Br)cc5[C@H]4O3)c2c1,6.59
ZINC000028525032,Cc1ccc2on(C[C@@H]3C[C@H]4c5ccccc5Oc5ccc(Br)cc5[C@H]4O3)c2c1,7.44
ZINC000028525926,CC1(C)CCNc2c(CCN3CCN(c4nsc5ccccc45)CC3)cccc21,9.74
ZINC000058650191,O=C(O)C1CCC(N2CCN(C3=Cc4ccccc4Cn4ccnc43)CC2)CC1,6.3
ZINC000026644338,O=C1NCCN1CCN1CCC(c2c(-c3ccccc3)[nH]c3ccccc23)CC1,8.14
ZINC000084615261,Clc1ccc2c(c1)N=C(N1CCN(Cc3ccccc3)CC1)c1cccnc1O2,5.96
ZINC000169309777,CN1CCN2c3c(cccc31)[C@@H]1CN(CCNC(=O)c3ccc(F)cc3)CC[C@@H]12,6.17
ZINC000001489880,c1ccc(CCN2CCC(c3c(-c4ccccc4)[nH]c4ccccc34)CC2)cc1,9.32
ZINC000145748168,O=C(CCCN1CC[C@H]2c3cccc4c3N(CCO4)[C@H]2CC1)c1ccc(F)cc1,7.85
ZINC000000590308,O=C(CCCN1CC[C@H]2[C@@H](C1)c1cccc3c1N2CCCS3)c1ccc(F)cc1,8.6
ZINC000142085734,O=C(CCCN1CC[C@H]2[C@@H](C1)c1cccc3c1N2CCCC3)c1ccc(F)cc1,8.96
ZINC000095583045,CN1CCC(c2cn(-c3ccc(F)cc3)c3ccc(-c4ncn(C)n4)cc23)CC1,7.05
ZINC000064539740,O=C1NCc2ccc(OCCCN3CCN(c4cccc5c4CCC5)CC3)cc21,8.5
ZINC000013488023,Nc1cc(F)ccc1C(=O)CCCN1CC[C@@H]2[C@H](C1)c1cccc3c1N2CCO3,8.55
ZINC000001493719,Nc1cc(F)ccc1C(=O)CCCN1CC[C@H]2[C@@H](C1)c1cccc3c1N2CCO3,9.7
ZINC000064548820,c1ccc2c(N3CCN(CCCOc4ccc5c(c4)CNC5)CC3)cccc2c1,8.75
ZINC000013488018,Nc1ccccc1C(=O)CCCN1CC[C@@H]2[C@H](C1)c1cccc3c1N2CCCC3,8.51
ZINC000013488020,Nc1ccccc1C(=O)CCCN1CC[C@H]2[C@@H](C1)c1cccc3c1N2CCCC3,9.15
ZINC000013488011,Nc1cc(F)ccc1C(=O)CCCN1CC[C@H]2[C@@H](C1)c1cccc3c1N2CCS3,9.52
ZINC000013488009,Nc1cc(F)ccc1C(=O)CCCN1CC[C@@H]2[C@H](C1)c1cccc3c1N2CCS3,8.82
ZINC000143595671,CN1CCN2c3c(cccc31)[C@H]1CN(CCCC(=O)c3ccc(F)cc3)CC[C@H]12,8.34
ZINC000141600395,CN1CCN2c3c(cccc31)[C@@H]1CN(CCCC(=O)c3ccc(F)cc3)CC[C@H]12,6.49
ZINC000013487996,Nc1ccccc1C(=O)CCCN1CC[C@H]2[C@@H](C1)c1cccc3c1N2CCCS3,9.22
ZINC000013488012,Nc1ccccc1C(=O)CCCN1CC[C@@H]2[C@H](C1)c1cccc3c1N2CCCS3,7.98
ZINC000013488015,Nc1cc(F)ccc1C(=O)CCCN1CC[C@@H]2[C@H](C1)c1cccc3c1N2CCC3,8.92
ZINC000013488017,Nc1cc(F)ccc1C(=O)CCCN1CC[C@H]2[C@@H](C1)c1cccc3c1N2CCC3,9.3
ZINC000064540111,O=C1NCc2ccc(OCCCN3CCN(c4cccc5c4CCO5)CC3)cc21,8.37
ZINC000038240839,COc1ccc(NC(=O)Nc2cccc(C(F)(F)F)c2)cc1-c1c(Br)cnn1C,9.4
ZINC000045386094,COc1ccc(NC(=O)Nc2ccc(C(F)(F)F)cc2)cc1-c1c(Br)cnn1C,9.5
ZINC000045366479,Cn1ncc(Br)c1-c1cc(NC(=O)Nc2ccc(Cl)cc2)ccc1OC(F)(F)F,9.1
ZINC000013443482,N#Cc1cccc(NC(=O)NCCCN2CCC(Cc3ccc(F)cc3)CC2)c1,6.78
ZINC000058569138,Cn1cc(Br)c(C(=O)N2CCN(CC(=O)c3ccc(OC(F)(F)F)cc3)CC2)n1,5.22
ZINC000026647083,CCN(C)CCc1c(-c2cc(C(F)(F)F)cc(C(F)(F)F)c2)[nH]c2ccccc12,9.72
ZINC000001530601,CCN(CC)CCOc1ccc(/C(=C(/Cl)c2ccccc2)c2ccccc2)cc1,6.02
ZINC000013443536,COc1cccc(NC(=O)NCCCN2CCC(Cc3ccc(F)cc3)CC2)c1,6.65
ZINC000004364558,COc1ccccc1N1CCN(CCCCNS(=O)(=O)c2ccc(C)cc2)CC1,6.31
ZINC000049045451,COc1cccc(C(=O)Nc2ccc(OCCNCCO)c(-c3ccnn3C)c2)c1,8.74
ZINC000034608430,COc1ccc(NC(=O)Nc2ccc(Cl)c(C(F)(F)F)c2)cc1-c1c(Br)cnn1C,9.5
ZINC000034444646,COc1ccc(NC(=O)Nc2ccc(Cl)cc2C(F)(F)F)cc1-c1c(Br)cnn1C,9.3
ZINC000013443505,CC(=O)c1cccc(NC(=O)NCCCN2CCC(Cc3ccc(F)cc3)CC2)c1,6.71
ZINC000013613375,CC(=O)c1cccc(NC(=O)NCCCN2CCC[C@@H](Cc3ccc(F)cc3)C2)c1,5.87
ZINC000028526491,CC1(C)CCNc2c(CCN3CCN(c4nsc5ccccc45)CC3)cc(F)cc21,9.55
ZINC000003959323,Cc1ccc2c(N3CCN(CCc4ccc5c(c4)NC(=O)CO5)CC3)cccc2n1,5.9
ZINC000000538312,Cc1nc2n(c(=O)c1CCN1CCC(c3noc4cc(F)ccc34)CC1)CCCC2,10.0
ZINC000084635507,Clc1ccc2c(c1)N=C(N1CCN(CCc3ccccc3)CC1)c1cccnc1O2,6.74
ZINC000066252315,Cc1ccc2c(N3CCN(CCc4cccc(-n5cccn5)c4)CC3)cccc2n1,6.4
ZINC000064549008,O=C1NCc2ccc(OCCCN3CCN(c4cccc5ccccc45)CC3)cc21,7.83
ZINC000064548573,O=C1NCc2ccc(OCCCN3CCN(c4cccc5c4CCCC5)CC3)cc21,8.31
ZINC000064540109,O=C1NCc2ccc(OCCCCN3CCN(c4cccc5c4CCC5)CC3)cc21,8.0
ZINC000003812975,CN1C[C@H](CNC(=O)OCc2ccccc2)C[C@@H]2c3cccc4c3c(cn4C)C[C@H]21,9.95
ZINC000000597400,O=S1(=O)c2cccc3cccc(c23)N1CCCN1CCN(c2ccc(F)cc2)CC1,10.4
ZINC000012356369,Nc1cc(O)ccc1C(=O)CCCN1CC[C@H]2[C@@H](C1)c1cccc3c1N2CCCS3,7.05
ZINC000064548797,c1ccc2c(N3CCN(CCCCOc4ccc5c(c4)CNC5)CC3)cccc2c1,8.29
ZINC000095574653,Cn1cc2c(OCC3CCN(CCc4ccccc4)CC3)nc3ccccc3c2c1,7.1
ZINC000013487997,Nc1c(F)cccc1C(=O)CCCN1CC[C@H]2[C@@H](C1)c1cccc3c1N2CCCS3,8.12
ZINC000013487999,Nc1ccc(F)cc1C(=O)CCCN1CC[C@H]2[C@@H](C1)c1cccc3c1N2CCCS3,7.82
ZINC000013487998,Nc1cc(F)ccc1C(=O)CCCN1CC[C@H]2[C@@H](C1)c1cccc3c1N2CCCS3,9.4
ZINC000013488013,Nc1cc(F)ccc1C(=O)CCCN1CC[C@@H]2[C@H](C1)c1cccc3c1N2CCCS3,8.38
ZINC000013488000,Nc1cc(Cl)ccc1C(=O)CCCN1CC[C@H]2[C@@H](C1)c1cccc3c1N2CCCS3,7.15
ZINC000013488001,Nc1cc(Br)ccc1C(=O)CCCN1CC[C@H]2[C@@H](C1)c1cccc3c1N2CCCS3,7.1
ZINC000038461338,CN1CCN2c3c(cc(Br)cc31)[C@@H]1CN(CCCC(=O)c3ccc(F)cc3)CC[C@@H]12,8.4
ZINC000064548798,Fc1ccc2cccc(N3CCN(CCCOc4ccc5c(c4)CNC5)CC3)c2c1,9.14
ZINC000140844116,CCN1CCN2c3c(cccc31)[C@@H]1CN(CCCC(=O)c3ccc(F)cc3)CC[C@@H]12,8.68
ZINC000142122346,CN1CCN2c3c(cccc31)[C@H]1CCN(CCCC(=O)c3ccc(F)cc3)CC[C@H]12,7.77
ZINC000169309796,CN1CCN2c3c(cccc31)[C@@H]1CCN(CCCC(=O)c3ccc(F)cc3)CC[C@@H]12,8.77
ZINC000013488002,CNc1ccccc1C(=O)CCCN1CC[C@H]2[C@@H](C1)c1cccc3c1N2CCCS3,7.21
ZINC000013488019,Nc1cc(F)ccc1C(=O)CCCN1CC[C@@H]2[C@H](C1)c1cccc3c1N2CCCC3,9.05
ZINC000013488021,Nc1cc(F)ccc1C(=O)CCCN1CC[C@H]2[C@@H](C1)c1cccc3c1N2CCCC3,9.22
ZINC000064541035,O=C1NCc2ccc(OCCCN3CCN(c4cccc5c4COCC5)CC3)cc21,7.95
ZINC000064526898,O=C1NCc2ccc(OCCCN3CCN(c4cccc5c4OCCC5)CC3)cc21,7.6
ZINC000064548450,O=C1NCc2ccc(OCCCCN3CCN(c4cccc5c4COC5)CC3)cc21,6.9
ZINC000064548449,O=C1NCc2ccc(OCCCCN3CCN(c4cccc5c4CCO5)CC3)cc21,7.27
ZINC000166250990,COc1cccc(N2CCN(CCCCNC(=O)c3c[nH]c4ccccc34)CC2)c1,6.79
ZINC000071317539,Cc1cccc(N2CCN(CCCCOc3ccc4c(n3)NC(=O)CC4)CC2)c1C,9.46
ZINC000299837697,O=C(NCCCCN1CCN(c2ccc(O)cc2)CC1)c1cc2ccccc2cn1,7.77
ZINC000066259361,COC(=O)Nc1cccc(CCN2CCN(c3cccc4nc(C)ccc34)CC2)c1,6.7
ZINC000114603166,O=S(=O)(NCCCN1CCN(c2nsc3ccccc23)CC1)c1ccc(Cl)c(Cl)c1,7.6
ZINC000114600788,O=S(=O)(NCCCN1CCN(c2nsc3ccccc23)CC1)c1ccc(F)c(Cl)c1,7.85
ZINC000149988939,O=Cc1cnn2ccc(OCCCCN3CCN(c4cccc(Cl)c4Cl)CC3)cc12,6.62
ZINC000169349768,O=Cc1cc2cc(OCCCCN3CCN(c4cccc(Cl)c4Cl)CC3)ccn2n1,7.25
ZINC000169349766,OCc1cc2cc(OCCCCN3CCN(c4cccc(Cl)c4Cl)CC3)ccn2n1,7.8
ZINC000038210675,O=c1ccc2ccc(OCCCCN3CCN(c4cccc(Cl)c4Cl)CC3)nc2[nH]1,8.8
ZINC000071316084,O=C1CCc2ccc(OCCCCN3CCN(c4cccc(Cl)c4Cl)CC3)nc2N1,9.89
ZINC000071329756,O=C1CCc2ccc(OCCCCN3CCN(c4cccc(F)c4Cl)CC3)nc2N1,7.51
ZINC000071297106,O=c1ccc2cnc(OCCCCN3CCN(c4cccc(Cl)c4Cl)CC3)cc2[nH]1,8.54
ZINC000114602247,Cc1cccc(S(=O)(=O)NCCCCN2CCN(c3nsc4ccccc34)CC2)c1,9.4
ZINC000071316145,O=C1CCc2ccc(OCCCCN3CCN(c4cccc(Cl)c4F)CC3)nc2N1,7.98
ZINC000071318302,Cc1cccc(N2CCN(CCCCOc3ccc4c(n3)NC(=O)CC4)CC2)c1Cl,9.3
ZINC000058568605,Cc1cc(C(=O)N2CCN(CC(=O)c3ccc(F)cc3)CC2)nn1-c1ccccc1,7.96
ZINC000066252316,Cc1ccc2c(N3CCN(CCc4cccc(NS(C)(=O)=O)c4)CC3)cccc2n1,6.1
ZINC000071317974,Cc1c(Cl)cccc1N1CCN(CCCCOc2ccc3c(n2)NC(=O)CC3)CC1,8.82
ZINC000098083419,O=c1[nH]c2ccc(CCN3CCN(c4cccc(C(F)(F)F)c4)CC3)cc2[nH]c1=O,5.81
ZINC000035826729,Cc1cccc(N2CCN(CCCCNC(=O)c3cc4ccccc4cn3)CC2)c1,7.82
ZINC000026964657,Cc1cccc(N2CCN(CCCCNC(=O)c3ccc4ccccc4n3)CC2)c1,7.77
ZINC000200057263,Cc1cccc(N2CCN(CCCCNC(=O)[C@H]3CCc4ccccc4N3)CC2)c1,7.11
ZINC000200055957,Cc1cccc(N2CCN(CCCCNC(=O)[C@@H]3CCc4ccccc4N3)CC2)c1,8.29
ZINC000071296251,O=C1CCc2ccc(CCCCCN3CCN(c4cccc(Cl)c4Cl)CC3)nc2N1,9.1
ZINC000299818688,O=C(NCCCCN1CCN(c2cccc(F)c2)CC1)c1cc2ccccc2cn1,7.96
ZINC000299838899,O=C(NCCCCN1CCN(c2ccc(F)cc2)CC1)c1cc2ccccc2cn1,8.1
ZINC000095574514,COc1ccc(S(=O)(=O)n2cc(C)c3cc(Cl)cnc32)cc1NC1CCN(C)CC1,5.62
ZINC000114602970,Cc1cccc(S(=O)(=O)NCCCCN2CCN(c3noc4ccccc34)CC2)c1,7.59
ZINC000114603417,O=S(=O)(NCCCN1CCN(c2noc3ccccc23)CC1)c1ccc(Cl)c(Cl)c1,6.54
ZINC000114601209,O=S(=O)(NCCCN1CCN(c2noc3ccccc23)CC1)c1ccc(F)c(Cl)c1,7.01
ZINC000019360739,Fc1ccc(C(c2ccc(F)cc2)N2CCN(C/C=C/c3ccccc3)CC2)cc1,6.94
ZINC000013486990,COc1ccccc1N1CCN(CCCOc2ccc3c(C)cc(=O)oc3c2)CC1,6.76
ZINC000008684492,CCS(=O)(=O)c1nc(S(=O)(=O)c2ccc(Cl)cc2)c(N2CCc3ccccc3C2)s1,6.53
ZINC000028529215,O=C(N[C@H]1CCN(Cc2ccc(C(F)(F)F)cc2)C1)c1cccc(-c2cccs2)c1,6.13
ZINC000028529572,O=C(N[C@H]1CCN(Cc2ccc(C(F)(F)F)cc2)C1)c1ccc(-c2cccs2)cc1,6.89
ZINC000095561089,COc1ccc2c(C)c(C(=O)N(CCCN3CCCCC3)c3ccccc3)oc2c1,5.56
ZINC000071329758,O=c1ccc2cnc(OCCCCN3CCN(c4cccc(Cl)c4Cl)CC3)nc2[nH]1,8.49
ZINC000045261660,Cn1nccc1-c1cc(NC(=O)Nc2ccc(Cl)cc2)ccc1OCCN1CCC1,9.16
ZINC000167065447,Cc1cccc(N2CCN(CCCCNC(=O)c3cc4ccccc4cn3)CC2)n1,7.55
ZINC000150033165,N#Cc1cnn2ccc(OCCCCN3CCN(c4cccc(Cl)c4Cl)CC3)cc12,6.31
ZINC000169349772,N#Cc1cc2cc(OCCCCN3CCN(c4cccc(Cl)c4Cl)CC3)ccn2n1,7.09
ZINC000166419150,Cc1cccc(N2CCN(CCCCNC(=O)c3cc4ccccc4o3)CC2)c1C,8.44
ZINC000001851149,O=C1CCc2ccc(OCCCCN3CCN(c4cccc(Cl)c4Cl)CC3)cc2N1,9.1
ZINC000103248565,Fc1cccc2c1nc(OCC1CCN(CCCC(F)(F)F)CC1)c1cccnc12,5.06
ZINC000019203912,OCCN1CCN(CCCN2c3ccccc3Sc3ccc(C(F)(F)F)cc32)CC1,8.84
ZINC000040409372,O=C1c2ccccc2CCCN1CCCCN1CCN(c2cccc(Cl)c2Cl)CC1,8.0
ZINC000003826698,Nc1nc(-c2ccc(F)cc2)c([C@@H]2CCN(CCCC(=O)c3ccc(F)cc3)C2)s1,8.72
ZINC000035951294,COc1cccc(N2CCN(CCCCNC(=O)c3cc4ccccc4o3)CC2)c1,7.4
ZINC000013779786,CNC(=O)c1ccc2c(c1)CCO[C@@H]2CCN1CCN(c2ccc(OC)cc2)CC1,6.23
ZINC000003828610,CNC(=O)c1ccc2c(c1)CCO[C@H]2CCN1CCN(c2ccc(OC)cc2)CC1,6.77
ZINC000095573404,COc1ccc(S(=O)(=O)n2cc(C)c3cc(Cl)ccc32)cc1NC1CCN(C)CC1,6.27
ZINC000114602240,Cc1cccc(S(=O)(=O)NCCCN2CCC(c3noc4cc(F)ccc34)CC2)c1,8.43
ZINC000028529015,COc1ccc(N2CCN(c3ccccc3Cl)C2=O)cc1OCCN1CCCCC1,5.4
ZINC000028527847,COc1ccc(N2CCN(c3cccc(F)c3)C2=O)cc1OCCN1CCCCC1,5.7
ZINC000103222953,Cn1c(=O)c2c(nc(NCCCN3CCN(c4ccccc4)CC3)n2C)n(C)c1=O,6.71
ZINC000034324164,CN1CCN2c3c(cccc31)[C@@H]1CN(CCCc3noc4cc(F)ccc34)CC[C@@H]12,8.6
ZINC000028522502,N#Cc1ccc2on(C[C@@H]3C[C@H]4c5ccccc5Oc5ccc(Br)cc5[C@H]4O3)c2c1,6.73
ZINC000169309779,CN1CCN2c3c(cccc31)[C@@H]1CN(CCCc3n[nH]c4cc(F)ccc34)CC[C@@H]12,7.74
ZINC000103271693,CN1[C@H]2CC[C@@H]1C[C@@H](N1CCC(c3c(-c4ccccc4)[nH]c4ccccc34)CC1)C2,8.96
ZINC000028524542,CN(C)c1ccc2on(C[C@@H]3C[C@H]4c5ccccc5Oc5ccc(Br)cc5[C@H]4O3)c2c1,7.02
ZINC000035827131,COc1cccc(N2CCN(CCCCNC(=O)c3cc4ccccc4cn3)CC2)c1,7.48
ZINC000140381016,COc1cccc(N2CCN(CCCCNC(=O)c3ccc4ccccc4n3)CC2)c1,7.15
ZINC000166413850,COc1cccc(N2CCN(CCCCNC(=O)c3cc4ccccc4n3C)CC2)c1,6.51
ZINC000114599386,O=S(=O)(NCCCCN1CCN(c2nsc3ccccc23)CC1)c1ccc(Cl)c(Cl)c1,7.92
ZINC000114600627,O=S(=O)(NCCCCN1CCN(c2nsc3ccccc23)CC1)c1ccc(F)c(Cl)c1,7.82
ZINC000084595486,O=S(=O)(c1ccc(-n2ccnn2)cc1)C1(F)CCN(CCc2ccc(F)cc2F)CC1,9.18
ZINC000095597478,O=S(=O)(NCCCN1CCN(c2cccc(Cl)c2Cl)CC1)c1ccc2ncccc2c1,7.19
ZINC000095594166,O=S(=O)(NCCCN1CCN(c2cccc(Cl)c2Cl)CC1)c1ccc2cccnc2c1,7.33
ZINC000001487593,Cc1cc2c(cc1C(F)(F)F)N(C(=O)Nc1ccc(OCc3ccccn3)nc1)CC2,6.2
ZINC000035800979,Cn1nccc1-c1cc(NC(=O)c2cccc(F)c2)ccc1OCCN1CCOCC1,8.29
ZINC000049047825,Cn1nccc1-c1cc(NC(=O)c2ccc(F)cc2)ccc1OCCN1CCOCC1,7.74
ZINC000114601448,O=S(=O)(NCCCCN1CCN(c2noc3ccccc23)CC1)c1ccc(Cl)c(Cl)c1,8.0
ZINC000114601273,O=S(=O)(NCCCCN1CCN(c2noc3ccccc23)CC1)c1ccc(F)c(Cl)c1,7.77
ZINC000028529619,O=C(N[C@H]1CCN(Cc2ccc(OC(F)(F)F)cc2)C1)c1cccc(-c2cccs2)c1,5.25
ZINC000028529721,O=C(N[C@H]1CCN(Cc2ccc(OC(F)(F)F)cc2)C1)c1ccc(-c2cccs2)cc1,6.85
ZINC000000594257,COc1cc2c(cc1OCCN1CCCCC1)N(C(=O)/C=C/c1ccccc1Cl)CC2,6.4
ZINC000045246022,Cn1nccc1-c1cc(NC(=O)Nc2ccccc2)ccc1OCCN1CCCCC1,8.85
ZINC000150032902,O/N=C/c1cnn2ccc(OCCCCN3CCN(c4cccc(Cl)c4Cl)CC3)cc12,8.4
ZINC000169349770,O/N=C/c1cc2cc(OCCCCN3CCN(c4cccc(Cl)c4Cl)CC3)ccn2n1,8.1
ZINC000028526326,COc1ccc(NC(=O)N2CCN(c3ccccc3Cl)CC2)cc1N1CCN(C)CC1,5.22
ZINC000028525880,COc1ccc(NC(=O)N2CCN(c3ccc(Cl)cc3)CC2)cc1N1CCN(C)CC1,6.0
ZINC000028525691,COc1ccc(NC(=O)N2CCN(c3ccc(F)cc3)CC2)cc1N1CCN(C)CC1,5.35
ZINC000045254776,Cn1nccc1-c1cc(NC(=O)Nc2ccc(Cl)cc2)ccc1OCCN1CCCC1,9.82
ZINC000066262490,CCNC(=O)Nc1cccc(CCN2CCN(c3cccc4nc(C)ccc34)CC2)c1,6.5
ZINC000072318112,O=C1CCc2ccc(OCCCCN3CCCN(c4cccc(Cl)c4Cl)CC3)cc2N1,9.22
ZINC000114602124,O=S(=O)(NCCCN1CCC(c2noc3cc(F)ccc23)CC1)c1ccc(Cl)c(Cl)c1,8.66
ZINC000114601275,O=S(=O)(NCCCN1CCC(c2noc3cc(F)ccc23)CC1)c1ccc(F)c(Cl)c1,8.82
ZINC000028528168,COc1ccc(N2CCN(c3ccc(Cl)c(Cl)c3)C2=O)cc1OCCN1CCCCC1,6.2
ZINC000028528167,COc1ccc(N2CCN(c3cccc(Cl)c3Cl)C2=O)cc1OCCN1CCCCC1,5.8
ZINC000114603609,Cc1cccc(S(=O)(=O)NCCCCN2CCC(c3noc4cc(F)ccc34)CC2)c1,8.68
ZINC000003830212,CCCCc1oc2ccccc2c1C(=O)c1cc(I)c(OCCN(CC)CC)c(I)c1,5.99
ZINC000045256601,CCN(CC)CCOc1ccc(NC(=O)Nc2ccc(Cl)cc2)cc1-c1ccnn1C,9.37
ZINC000045255047,CCN(CC)CCOc1ccc(NC(=O)Nc2ccc(F)cc2)cc1-c1ccnn1C,9.07
ZINC000035997591,O=C1CCc2ccc(OCCCCN3CCN(c4cccc5c4CCC5)CC3)nc2N1,9.8
ZINC000066258692,Cc1ccc2c(N3CCN(CCc4cccc(N5CCOC5=O)c4)CC3)cccc2n1,6.1
ZINC000114601243,O=S(=O)(NCCN1CCN(c2nsc3ccccc23)CC1)c1ccc2ccccc2c1,9.05
ZINC000114599775,O=S(=O)(NCCCN1CCN(c2nsc3ccccc23)CC1)c1cc2ccccc2s1,7.96
ZINC000169352074,O=S(=O)(NCCCN1CCN(c2noc3ccccc23)CC1)c1cc2ccccc2s1,6.39
ZINC000015659429,Nc1c(S(=O)(=O)c2ccccc2)sc2nc(-c3ccccc3)cc(-c3ccccc3)c12,5.17
ZINC000114599692,O=S(=O)(NCCCN1CCN(c2nsc3ccccc23)CC1)c1cnc2ccccn12,7.92
ZINC000026575573,Nc1cccc(-c2ccc(CCN3CCN(c4cccc5cccnc45)CC3)cc2)n1,7.85
ZINC000114599221,O=S(=O)(NCCCN1CCN(c2nsc3ccccc23)CC1)c1cccc2scnc12,8.08
ZINC000034451922,Cc1ccc2c(N3CCN(CCc4cccc(N5CCNC5=O)c4)CC3)cccc2n1,6.0
ZINC000114600449,O=S(=O)(NCCCN1CCN(c2noc3ccccc23)CC1)c1cccc2scnc12,5.48
ZINC000064541039,Cc1cc2c(cc1OCCCN1CCN(c3cccc4ccccc34)CC1)C(=O)NC2,7.25
ZINC000043194095,O=C1NCc2ccc(OCCCCN3CCN(c4cccc5ccccc45)CC3)cc21,8.31
ZINC000064548574,O=C1NCc2ccc(OCCCCN3CCN(c4cccc5c4CCCC5)CC3)cc21,8.47
ZINC000064548451,Cc1c(OCCCN2CCN(c3cccc4ccccc34)CC2)ccc2c1C(=O)NC2,8.03
ZINC000064540773,O=C1NCc2ccc(OCCCN3CCN(c4cccc5ccc(F)cc45)CC3)cc21,8.47
ZINC000038480151,COc1cc2c3c(c1)N(C)CCN3[C@H]1CCN(CCCC(=O)c3ccc(F)cc3)C[C@@H]21,8.46
ZINC000064539556,O=C1NCc2cc(Cl)c(OCCCN3CCN(c4cccc5ccccc45)CC3)cc21,7.46
ZINC000064548488,O=C1NCc2cc(F)c(OCCCN3CCN(c4cccc5ccccc45)CC3)cc21,7.49
ZINC000064540456,O=C1NCc2ccc(OCCCN3CCN(c4cccc5cc(F)ccc45)CC3)cc21,8.45
ZINC000064540290,O=C1NCc2ccc(OCCCN3CCN(c4cccc5ccccc45)CC3)c(Cl)c21,8.69
ZINC000064540939,O=C1NCc2ccc(OCCCN3CCN(c4cccc5ccccc45)CC3)c(F)c21,8.66
ZINC000043194092,O=C1NCc2ccc(OCCCN3CCN(c4cccc5cccc(F)c45)CC3)cc21,7.95
ZINC000043194094,Fc1ccc2cccc(N3CCN(CCCCOc4ccc5c(c4)CNC5)CC3)c2c1,9.32
ZINC000169309800,CN1CC(C)(C)N2c3c(cccc31)[C@@H]1CN(CCCC(=O)c3ccc(F)cc3)CC[C@@H]12,8.28
ZINC000140844313,CC(C)N1CCN2c3c(cccc31)[C@@H]1CN(CCCC(=O)c3ccc(F)cc3)CC[C@@H]12,8.12
ZINC000064526899,O=C1NCc2ccc(OCCCCN3CCN(c4cccc5c4OCCC5)CC3)cc21,7.77
ZINC000064540938,O=C1NCc2ccc(OCCCCN3CCN(c4cccc5c4CCOC5)CC3)cc21,7.95
ZINC000064541038,O=C1NCc2ccc(OCCCCN3CCN(c4cccc5c4COCC5)CC3)cc21,8.26
ZINC000034962169,O=C1CCc2ccc(OCCCCN3CCN(c4cccc5ccccc45)CC3)nc2N1,9.85
ZINC000071316459,O=C1CCc2ccc(OCCCCN3CCN(c4cccc5c4CCCC5)CC3)nc2N1,10.05
ZINC000114600444,O=S(=O)(NCCCN1CCN(c2nsc3ccccc23)CC1)c1cc2ccc(Cl)cc2s1,8.02
ZINC000084670850,O=C(CCCCN1CCC(n2c(=O)[nH]c3cc(Cl)ccc32)CC1)c1nc2ccccc2s1,5.81
ZINC000114599371,O=S(=O)(NCCCN1CCN(c2nsc3ccccc23)CC1)c1ccc2ccccc2c1,8.0
ZINC000084713688,O=C(CCCCN1CCC2(CC1)C(=O)NCN2c1ccccc1)c1nc2ccccc2s1,5.43
ZINC000114600887,O=S(=O)(NCCCCN1CCN(c2nsc3ccccc23)CC1)c1cc2ccccc2s1,8.22
ZINC000071318250,O=C1CCc2ccc(OCCCCN3CCN(c4cccc5c4CCCO5)CC3)nc2N1,8.89
ZINC000071329713,O=C1CCc2ccc(OCCCCN3CCN(c4cccc5c4OCCC5)CC3)nc2N1,9.72
ZINC000114602028,O=S(=O)(NCCCCN1CCN(c2noc3ccccc23)CC1)c1cc2ccccc2s1,6.72
ZINC000114602147,O=S(=O)(NCCCN1CCN(c2noc3ccccc23)CC1)c1ccc2ccccc2c1,6.96
ZINC000169352075,O=S(=O)(NCCCN1CCN(c2noc3ccccc23)CC1)c1cc2ccc(Cl)cc2s1,7.2
ZINC000114602963,O=S(=O)(NCCCN1CCC(c2noc3cc(F)ccc23)CC1)c1cccc2scnc12,8.04
ZINC000114602570,O=S(=O)(NCCCCN1CCN(c2nsc3ccccc23)CC1)c1cnc2ccccn12,8.09
ZINC000114599943,O=S(=O)(NCCCCN1CCN(c2noc3ccccc23)CC1)c1cnc2ccccn12,7.89
ZINC000103208095,Cn1c(=O)c2c(nc3n2CCCN3CCCN2CCN(c3ncccn3)CC2)n(C)c1=O,5.09
ZINC000114602262,O=S(=O)(NCCCCN1CCN(c2nsc3ccccc23)CC1)c1cccc2scnc12,8.12
ZINC000114600980,O=S(=O)(NCCCN1CCC(c2noc3cc(F)ccc23)CC1)c1cnc2ccccn12,8.19
ZINC000114601396,O=S(=O)(NCCCCN1CCN(c2noc3ccccc23)CC1)c1cccc2scnc12,5.21
ZINC000064548343,Cc1cc2c(cc1OCCCCN1CCN(c3cccc4ccccc34)CC1)C(=O)NC2,7.43
ZINC000064548452,Cc1c(OCCCCN2CCN(c3cccc4ccccc34)CC2)ccc2c1C(=O)NC2,8.9
ZINC000095579274,Cn1cc2c(OCC3CCN(CCc4ccc(CO)cc4)CC3)nc3ccccc3c2c1,7.5
ZINC000064540112,O=C1NCc2cc(Cl)c(OCCCN3CCN(c4cccc5cccc(F)c45)CC3)cc21,8.05
ZINC000043194100,O=C1NCc2cc(F)c(OCCCN3CCN(c4cccc5cccc(F)c45)CC3)cc21,8.92
ZINC000043194098,O=C1NCc2cc(F)c(OCCCN3CCN(c4cccc5ccc(F)cc45)CC3)cc21,8.57
ZINC000064540138,O=C1NCc2cc(F)c(OCCCN3CCN(c4cccc5cc(F)ccc45)CC3)cc21,7.41
ZINC000064549374,O=C1NCc2ccc(OCCCN3CCN(c4cccc5cc(F)c(F)cc45)CC3)cc21,7.7
ZINC000013488004,O=CNc1cc(F)ccc1C(=O)CCCN1CC[C@H]2[C@@H](C1)c1cccc3c1N2CCCS3,7.05
ZINC000064549375,O=C1NCc2ccc(OCCCN3CCN(c4cccc5cccc(F)c45)CC3)c(Cl)c21,8.45
ZINC000064513562,O=C1NCc2ccc(OCCCN3CCN(c4cccc5cccc(F)c45)CC3)c(F)c21,8.46
ZINC000064548532,O=C1NCc2ccc(OCCCN3CCN(c4cccc5cc(F)ccc45)CC3)c(F)c21,8.27
ZINC000064539551,O=C1NCc2ccc(OCCCN3CCN(c4cccc5ccc(F)cc45)CC3)c(F)c21,9.04
ZINC000064540135,O=C1NCc2ccc(OCCCCN3CCN(c4cccc5ccc(F)cc45)CC3)cc21,7.94
ZINC000064539557,O=C1NCc2cc(Cl)c(OCCCCN3CCN(c4cccc5ccccc45)CC3)cc21,7.61
ZINC000064549009,O=C1NCc2cc(F)c(OCCCCN3CCN(c4cccc5ccccc45)CC3)cc21,7.89
ZINC000064526900,Cc1c(OCCCN2CCN(c3cccc4cc(F)ccc34)CC2)ccc2c1C(=O)NC2,7.9
ZINC000064539398,O=C1NCc2ccc(OCCCCN3CCN(c4cccc5cc(F)ccc45)CC3)cc21,8.02
ZINC000064513566,Cc1cc2c(cc1OCCCN1CCN(c3cccc4cc(F)ccc34)CC1)C(=O)NC2,7.28
ZINC000064528347,O=C1NCc2ccc(OCCCCN3CCN(c4cccc5ccccc45)CC3)c(F)c21,8.97
ZINC000064548736,Cc1c(OCCCN2CCN(c3cccc4cccc(F)c34)CC2)ccc2c1C(=O)NC2,7.79
ZINC000064527772,O=C1NCc2ccc(OCCCCN3CCN(c4cccc5cccc(F)c45)CC3)cc21,8.74
ZINC000064540715,Cc1cc2c(cc1OCCCN1CCN(c3cccc4cccc(F)c34)CC1)C(=O)NC2,7.18
ZINC000169307597,CCCCN1CCN2c3c(cccc31)[C@@H]1CN(CCCC(=O)c3ccc(F)cc3)CC[C@@H]12,7.85
ZINC000114602899,O=S(=O)(NCCN1CCC(c2noc3cc(F)ccc23)CC1)c1cccc2ccccc12,9.15
ZINC000114601359,O=S(=O)(NCCN1CCC(c2noc3cc(F)ccc23)CC1)c1ccc2ccccc2c1,8.74
ZINC000114600138,O=S(=O)(NCCCN1CCC(c2noc3cc(F)ccc23)CC1)c1cc2ccccc2s1,9.05
ZINC000114600624,O=S(=O)(NCCCN1CCC(c2noc3cc(F)ccc23)CC1)c1csc2ccccc12,8.8
ZINC000033894145,Cn1c(=O)c2c(nc3n2CCCN3CCCN2CCN(c3ccccc3)CC2)n(C)c1=O,6.37
ZINC000001493878,CNC(=O)c1cc(Oc2ccc(NC(=O)Nc3ccc(Cl)c(C(F)(F)F)c3)cc2)ccn1,5.71
ZINC000045253308,CCN(CC)CCCOc1ccc(NC(=O)Nc2ccc(Cl)cc2)cc1-c1ccnn1C,9.26
ZINC000052569996,O=S1(=O)N(CCN2CC=C(c3c[nH]c4cc(F)ccc34)CC2)c2cccc3c2N1CCC3,9.09
ZINC000169309785,Cc1ccn2c(=O)c(CCN3CC[C@H]4[C@@H](C3)c3cccc5c3N4CCN5C)c(C)nc2c1,6.15
ZINC000035920376,COc1cccc(C(=O)Nc2ccc(OCCN3CCOCC3)c(-c3ccnn3C)c2)c1,8.31
ZINC000095595382,O=S(=O)(NCCCN1CCN(c2cccc(Cl)c2Cl)CC1)c1cnc2ccc(Cl)cc2c1,6.94
ZINC000036436377,Cn1ncc(Br)c1-c1cc(NC(=O)Nc2ccc(Cl)cc2)ccc1OCc1ccccc1,8.3
ZINC000071316935,COc1ccc(-c2c(C)c(C(=O)NC3(C#N)CCCCC3)nn2-c2ccccc2Br)cc1,5.95
ZINC000095594558,O=S(=O)(NCCCCN1CCN(c2cccc(Cl)c2Cl)CC1)c1cnc2ccccc2c1,7.47
ZINC000095595607,O=S(=O)(NCCCCN1CCN(c2cccc(Cl)c2Cl)CC1)c1cccc2cccnc12,7.54
ZINC000095597084,O=S(=O)(NCCCCN1CCN(c2cccc(Cl)c2Cl)CC1)c1ccc2ncccc2c1,7.64
ZINC000095597904,O=S(=O)(NCCCCN1CCN(c2cccc(Cl)c2Cl)CC1)c1ccc2cccnc2c1,7.66
ZINC000095593162,O=S(=O)(NCCCCN1CCN(c2cccc(Cl)c2Cl)CC1)c1cncc2ccccc12,7.05
ZINC000095593131,O=S(=O)(NCCCCN1CCN(c2cccc(Cl)c2Cl)CC1)c1cc2ccccc2cn1,7.46
ZINC000029166870,O=C(NCCCCN1CCN(c2cccc(C(F)(F)F)c2)CC1)c1cc2ccccc2[nH]1,8.4
ZINC000049045582,Cn1nccc1-c1cc(NC(=O)c2ccc(F)cc2F)ccc1OCCN1CCOCC1,8.07
ZINC000049053201,Cn1ncc(Cl)c1-c1cc(NC(=O)c2cccc(F)c2)ccc1OCCN1CCOCC1,9.22
ZINC000049111385,Cn1nccc1-c1cc(NC(=O)c2ccc(F)c(F)c2)ccc1OCCN1CCOCC1,8.39
ZINC000071317570,COc1ccc(-c2c(C)c(C(=O)NC3(C#N)CCOCC3)nn2-c2ccccc2Br)cc1,5.2
ZINC000095563125,COc1cc2oc(C(=O)N(CCCN3CCCCC3)c3ccccc3)c(C)c2cc1OC,5.59
ZINC000022941211,Nc1nc(SCCN2CCN(Cc3ccccc3Cl)CC2)nc(N)c1Cc1ccccc1,7.74
ZINC000045252923,Cn1nccc1-c1cc(NC(=O)Nc2ccc(Cl)cc2)ccc1OCCN1CCNCC1,7.75
ZINC000040423860,O=c1ccc(-n2ccnc2)nn1CCCCN1CCN(c2cccc(C(F)(F)F)c2)CC1,6.78
ZINC000045324728,Cc1ccc(NC(=O)Nc2ccc(OCCN3CCCCC3)c(-c3ccnn3C)c2)cc1,8.85
ZINC000035953590,Cn1ncc(Br)c1-c1cc(NC(=O)Nc2ccc(Cl)cc2)ccc1OCCN1CCCC1,9.55
ZINC000045316099,Cn1ncc(Br)c1-c1cc(NC(=O)Nc2ccc(F)cc2)ccc1OCCN1CCCC1,9.44
ZINC000045322570,Cn1nccc1-c1cc(NC(=O)Nc2ccc(Cl)cc2)ccc1OCCN1CCSCC1,9.24
ZINC000045287674,Cn1ncc(Cl)c1-c1cc(NC(=O)Nc2ccc(Cl)cc2)ccc1OCCN1CCCC1,9.59
ZINC000028527042,COc1ccc(NC(=O)N2CCN(c3ccc(SC)cc3)CC2)cc1N1CCN(C)CC1,5.87
ZINC000045302336,Cn1nccc1-c1cc(NC(=O)Nc2ccccc2Cl)ccc1OCCN1CCCCC1,8.6
ZINC000045253296,Cn1nccc1-c1cc(NC(=O)Nc2ccccc2F)ccc1OCCN1CCCCC1,8.21
ZINC000045253203,Cn1nccc1-c1cc(NC(=O)Nc2cccc(Cl)c2)ccc1OCCN1CCCCC1,9.48
ZINC000045317562,Cn1nccc1-c1cc(NC(=O)Nc2cccc(F)c2)ccc1OCCN1CCCCC1,9.0
ZINC000045254336,Cn1nccc1-c1cc(NC(=O)Nc2ccc(Cl)cc2)ccc1OCCN1CCCCC1,9.39
ZINC000045254099,Cn1nccc1-c1cc(NC(=O)Nc2ccc(F)cc2)ccc1OCCN1CCCCC1,9.08
ZINC000000836545,COc1ccc(NC(=O)N2CCN(c3ccccc3OC)CC2)cc1N1CCN(C)CC1,5.17
ZINC000045254365,Cn1ncc(Br)c1-c1cc(NC(=O)Nc2ccc(O)cc2)ccc1OCCN1CCCC1,8.72
ZINC000045320999,Cn1nccc1-c1cc(NC(=O)Nc2cccc(F)c2)ccc1OCCN1CCOCC1,9.09
ZINC000045320123,COC1CN(CCOc2ccc(NC(=O)Nc3ccc(Cl)cc3)cc2-c2ccnn2C)C1,9.0
ZINC000045254361,Cn1nccc1-c1cc(NC(=O)Nc2ccc(Cl)cc2)ccc1OCCN1CCOCC1,9.72
ZINC000066251580,COC(=O)CCCCCN1CCC(CNC(=O)c2c3n(c4ccccc24)CCCO3)CC1,5.2
ZINC000114601350,O=S(=O)(NCCCCN1CCC(c2noc3cc(F)ccc23)CC1)c1ccc(Cl)c(Cl)c1,8.31
ZINC000114600815,O=S(=O)(NCCCCN1CCC(c2noc3cc(F)ccc23)CC1)c1ccc(F)c(Cl)c1,8.05
ZINC000040424180,Cc1ccc2c(OCCN3CCC(Cc4cccc(NS(C)(=O)=O)c4)CC3)cccc2n1,5.6
ZINC000169352068,O=S(=O)(NCCCN1CCN(c2noc3ccccc23)CC1)c1ccc(OC(F)(F)F)cc1,6.02
ZINC000028711324,COc1ccccc1N1CCN(C/C=C/CNC(=O)c2ccc(-c3ccccn3)cc2)CC1,7.12
ZINC000028711317,COc1ccccc1N1CCN(CCCCNC(=O)c2ccc(-c3ccccn3)cc2)CC1,6.64
ZINC000071329708,O=C1CCc2ccc(OCCCCN3CCN(c4cccc(C(F)(F)F)c4Cl)CC3)nc2N1,7.92
ZINC000095595446,O=S(=O)(NCCCCN1CCN(c2cccc(Cl)c2Cl)CC1)c1cnc2ccc(Cl)cc2c1,7.38
ZINC000071317508,O=C1CCc2ccc(OCCCCN3CCN(c4cccc(Cl)c4C(F)(F)F)CC3)nc2N1,8.85
ZINC000049757437,Cn1ncc(Br)c1-c1cc(NC(=O)Nc2ccc(Cl)cc2)ccc1OCCc1ccccc1,8.2
ZINC000035935042,Cn1nccc1-c1cc(NC(=O)c2cccc(C(F)(F)F)c2)ccc1OCCN1CCCC1,9.22
ZINC000034643138,Cn1nccc1-c1cc(NC(=O)c2ccc(C(F)(F)F)cc2)ccc1OCCN1CCCC1,8.72
ZINC000052619107,O=C(NC/C=C/CN1CCN(c2cccc(Cl)c2Cl)CC1)c1ccc(-c2ccccn2)cc1,7.2
ZINC000013534388,O=C(NCCCCN1CCN(c2cccc(Cl)c2Cl)CC1)c1ccc(-c2ccccn2)cc1,7.64
ZINC000169349765,CCOC(=O)c1cc2cc(OCCCCN3CCN(c4cccc(Cl)c4Cl)CC3)ccn2n1,7.66
ZINC000114602035,O=S(=O)(NCCCN1CCN(c2nsc3ccccc23)CC1)c1ccc(OC(F)(F)F)cc1,8.02
ZINC000022941215,Nc1nc(SCCN2CCN(Cc3ccccc3Cl)CC2)nc(N)c1Cc1ccccc1Cl,7.93
ZINC000045254363,CN1CCN(CCOc2ccc(NC(=O)Nc3ccc(Cl)cc3)cc2-c2ccnn2C)CC1,8.68
ZINC000022941218,Nc1nc(SCCN2CCN(Cc3ccccc3Cl)CC2)nc(N)c1Cc1ccccc1O,7.64
ZINC000045320512,Cn1nccc1-c1cc(NC(=O)Nc2cc(F)cc(F)c2)ccc1OCCN1CCCCC1,9.04
ZINC000049679365,Cn1ncc(Br)c1-c1cc(NC(=O)Nc2ccc(Cl)cc2)ccc1OCCN1CCCCC1,9.18
ZINC000058581835,COc1ccc(NC(=O)N2CCN(CCc3ccc(F)cc3)CC2)cc1-c1c(Cl)cnn1C,6.81
ZINC000045245750,Cn1nccc1-c1cc(NC(=O)Nc2ccc(F)cc2F)ccc1OCCN1CCCCC1,8.49
ZINC000045316300,Cn1ncc(Cl)c1-c1cc(NC(=O)Nc2ccc(Cl)cc2)ccc1OCCN1CCCCC1,9.37
ZINC000045259603,Cc1ccc(F)c(NC(=O)Nc2ccc(OCCN3CCCCC3)c(-c3ccnn3C)c2)c1,8.68
ZINC000000538065,CCc1nn(CCCN2CCN(c3cccc(Cl)c3)CC2)c(=O)n1CCOc1ccccc1,8.24
ZINC000045245441,Cn1ncc(Cl)c1-c1cc(NC(=O)Nc2ccc(F)cc2F)ccc1OCCN1CCCC1,9.55
ZINC000043130446,Cn1ncc(Br)c1-c1cc(NC(=O)Nc2ccc(F)cc2F)ccc1OCCN1CCCC1,9.74
ZINC000045261722,COc1ccc(NC(=O)Nc2ccc(OCCN3CCCCC3)c(-c3ccnn3C)c2)cc1,9.27
ZINC000045254488,COc1cccc(NC(=O)Nc2ccc(OCCN3CCCCC3)c(-c3ccnn3C)c2)c1,8.48
ZINC000049694913,Cn1ncc(Br)c1-c1cc(NC(=O)Nc2ccc(Cl)cc2)ccc1OCCN1CCOCC1,9.2
ZINC000045261211,Cn1ncc(Cl)c1-c1cc(NC(=O)Nc2ccc(Cl)cc2)ccc1OCCN1CCOCC1,9.21
ZINC000045252925,Cn1nccc1-c1cc(NC(=O)Nc2ccc(Cl)cc2)ccc1OCCN1CCC(O)CC1,9.38
ZINC000045254490,Cn1nccc1-c1cc(NC(=O)Nc2ccc(Cl)cc2)ccc1OCCN1CCCOCC1,9.66
ZINC000045286910,Cn1nccc1-c1cc(NC(=O)Nc2ccc(Cl)cc2)ccc1OCCCN1CCOCC1,8.4
ZINC000103222956,CCCCn1c(NCCCN2CCN(c3ccccc3)CC2)nc2c1c(=O)n(C)c(=O)n2C,6.21
ZINC000028530466,CN1CCc2c(sc3ncn(CCN4CCN(c5cncc6ccccc56)CC4)c(=O)c23)C1,6.74
ZINC000028529901,CN1CCc2c(sc3ncn(CCN4CCN(c5ccnc6ccccc56)CC4)c(=O)c23)C1,8.92
ZINC000028524377,CCOC(=O)c1ccc2on(C[C@@H]3C[C@H]4c5ccccc5Oc5ccc(Br)cc5[C@H]4O3)c2c1,7.01
ZINC000114603147,O=S(=O)(NCCCCN1CCN(c2nsc3ccccc23)CC1)c1cc2ccc(Cl)cc2s1,8.19
ZINC000114598564,Cc1c(S(=O)(=O)NCCCN2CCN(c3nsc4ccccc34)CC2)sc2ccc(F)cc12,7.85
ZINC000114602868,O=S(=O)(NCCCCN1CCN(c2nsc3ccccc23)CC1)c1ccc2ccccc2c1,8.82
ZINC000035801598,O=C1CCc2ccc(OCCCCN3CCN(c4cccc5ccc(F)cc45)CC3)nc2N1,9.55
ZINC000071330185,O=C1CCc2ccc(OCCCCN3CCN(c4c(F)ccc5ccccc45)CC3)nc2N1,8.17
ZINC000071330126,O=C1CCc2ccc(OCCCCN3CCN(c4cccc5cc(F)ccc45)CC3)nc2N1,8.46
ZINC000071318733,O=C1CCc2ccc(OCCCCN3CCN(c4ccc(F)c5ccccc45)CC3)nc2N1,7.93
ZINC000071318368,O=C1CCc2ccc(OCCCCN3CCN(c4cccc5c(F)cccc45)CC3)nc2N1,8.48
ZINC000071297074,O=C1CCc2ccc(OCCCCN3CCN(c4cc(F)cc5ccccc45)CC3)nc2N1,8.72
ZINC000035971574,O=C1CCc2ccc(OCCCCN3CCN(c4cccc5cccc(F)c45)CC3)nc2N1,9.17
ZINC000114599467,O=S(=O)(NCCCN1CCN(c2nsc3ccccc23)CC1)c1ccc2cc(Cl)ccc2c1,7.89
ZINC000114600768,O=S(=O)(NCCCCN1CCN(c2noc3ccccc23)CC1)c1ccc2ccccc2c1,9.15
ZINC000114599226,O=S(=O)(NCCCCN1CCN(c2noc3ccccc23)CC1)c1cc2ccc(Cl)cc2s1,7.96
ZINC000114600024,O=S(=O)(NCCCCN1CCC(c2noc3cc(F)ccc23)CC1)c1cccc2scnc12,8.07
ZINC000114599307,Cc1c(S(=O)(=O)NCCCN2CCN(c3noc4ccccc34)CC2)sc2ccc(F)cc12,5.92
ZINC000165772859,O=C(NCCCCN1CCN(c2cnc3ccccc3c2)CC1)c1cc2ccccc2cn1,6.0
ZINC000034801073,CN1CCN(C2=Nc3cc(Cl)ccc3N(NC(=O)c3ccccc3Cl)c3ccccc32)CC1,9.0
ZINC000114601352,O=S(=O)(NCCCCN1CCC(c2noc3cc(F)ccc23)CC1)c1cnc2ccccn12,8.02
ZINC000095576896,COCc1ccc(CCN2CCC(COc3nc4ccccc4c4cn(C)cc34)CC2)cc1,6.7
ZINC000064540131,O=C1NCc2cc(Cl)c(OCCCCN3CCN(c4cccc5cccc(F)c45)CC3)cc21,7.6
ZINC000064540137,O=C1NCc2cc(F)c(OCCCCN3CCN(c4cccc5ccc(F)cc45)CC3)cc21,8.0
ZINC000064540458,O=C1NCc2cc(F)c(OCCCCN3CCN(c4cccc5cc(F)ccc45)CC3)cc21,7.86
ZINC000043194099,O=C1NCc2cc(F)c(OCCCCN3CCN(c4cccc5cccc(F)c45)CC3)cc21,8.46
ZINC000043194096,O=C1NCc2ccc(OCCCCN3CCN(c4cccc5cc(F)c(F)cc45)CC3)cc21,8.1
ZINC000013488003,CC(=O)Nc1cc(F)ccc1C(=O)CCCN1CC[C@H]2[C@@H](C1)c1cccc3c1N2CCCS3,9.1
ZINC000064549392,O=C1NCc2ccc(OCCCCN3CCN(c4cccc5cccc(F)c45)CC3)c(Cl)c21,8.95
ZINC000064548487,O=C1NCc2ccc(OCCCCN3CCN(c4cccc5cc(F)ccc45)CC3)c(F)c21,8.51
ZINC000064548531,O=C1NCc2ccc(OCCCCN3CCN(c4cccc5ccc(F)cc45)CC3)c(F)c21,8.68
ZINC000064539471,O=C1NCc2ccc(OCCCCN3CCN(c4cccc5cccc(F)c45)CC3)c(F)c21,9.25
ZINC000064513568,Cc1cc2c(cc1OCCCCN1CCN(c3cccc4cc(F)ccc34)CC1)C(=O)NC2,7.53
ZINC000064548733,Cc1c(OCCCCN2CCN(c3cccc4cc(F)ccc34)CC2)ccc2c1C(=O)NC2,7.85
ZINC000064540717,Cc1cc2c(cc1OCCCCN1CCN(c3cccc4cccc(F)c34)CC1)C(=O)NC2,7.26
ZINC000064548737,Cc1c(OCCCCN2CCN(c3cccc4cccc(F)c34)CC2)ccc2c1C(=O)NC2,8.41
ZINC000095580219,Fc1cccc2c1nc(OCC1CCN(CCCc3ccc(I)cc3)CC1)c1cccnc12,6.09
ZINC000095575081,Cn1cc2c(OCC3CCN(CCc4ccccc4C(=O)O)CC3)nc3ccccc3c2c1,6.1
ZINC000114601373,O=S(=O)(NCCCN1CCC(c2noc3cc(F)ccc23)CC1)c1cc2ccc(Cl)cc2s1,8.59
ZINC000114600835,O=S(=O)(NCCCN1CCC(c2noc3cc(F)ccc23)CC1)c1cccc2ccccc12,8.77
ZINC000114602895,O=S(=O)(NCCCN1CCC(c2noc3cc(F)ccc23)CC1)c1ccc2ccccc2c1,8.55
ZINC000114602679,O=S(=O)(NCCCCN1CCC(c2noc3cc(F)ccc23)CC1)c1cc2ccccc2s1,9.3
ZINC000114601203,O=S(=O)(NCCCCN1CCC(c2noc3cc(F)ccc23)CC1)c1csc2ccccc12,8.24
ZINC000026577430,Cn1c(=O)c2c(nc3n2CCCN3CCCCN2CCN(c3ccccc3)CC2)n(C)c1=O,6.61
ZINC000038844809,Cn1c(=O)c2c(nc3n2CCCCN3CCCN2CCN(c3ccccc3)CC2)n(C)c1=O,6.59
ZINC000103208224,Cn1c(=O)c2c(nc3n2CCCN3CCCN2CCN(c3cccc(Cl)c3)CC2)n(C)c1=O,6.9
ZINC000026639958,Cn1c(=O)c2c(nc3n(CCCN4CCN(c5ccccc5)CC4)c(=O)ccn23)n(C)c1=O,5.33
ZINC000045356742,COc1ccc(NC(=O)Nc2cc(C(F)(F)F)cc(C(F)(F)F)c2)cc1-c1c(Cl)cnn1C,9.0
ZINC000049766500,COc1ccc(NC(=O)Nc2cc(C(F)(F)F)cc(C(F)(F)F)c2)cc1-c1c(Br)cnn1C,9.4
ZINC000028525165,O=C1CCN1c1ccc2on(C[C@@H]3C[C@H]4c5ccccc5Oc5ccc(Br)cc5[C@H]4O3)c2c1,6.51
ZINC000028522506,Brc1ccc2c(c1)[C@H]1O[C@H](Cn3oc4ccc(N5CCOCC5)cc43)C[C@H]1c1ccccc1O2,6.51
ZINC000028522918,Brc1ccc2c(c1)[C@H]1O[C@H](Cn3oc4ccc(-c5ccccc5)cc43)C[C@H]1c1ccccc1O2,6.51
ZINC000068199261,CC(=O)Nc1ccc(CCN2CCC(COc3nc4ccccc4c4cn(C)cc34)CC2)cc1,5.5
ZINC000114599253,Cc1c(S(=O)(=O)NCCCCN2CCN(c3nsc4ccccc34)CC2)sc2ccc(F)cc12,8.19
ZINC000114600541,O=S(=O)(NCCCCN1CCN(c2nsc3ccccc23)CC1)c1ccc2cc(Cl)ccc2c1,8.09
ZINC000066259961,Cc1ccc2c(N3CCN(CCc4cccc(NC(=O)c5ccccc5)c4)CC3)cccc2n1,7.1
ZINC000028711347,O=C(NC[C@H]1C[C@@H]1CN1CCN(c2cccc(Cl)c2Cl)CC1)c1ccc(-c2ccccn2)cc1,7.33
ZINC000028711348,O=C(NC[C@H]1C[C@H]1CN1CCN(c2cccc(Cl)c2Cl)CC1)c1ccc(-c2ccccn2)cc1,6.05
ZINC000000601274,COc1ccc(CCN2CCC(Nc3nc4ccccc4n3Cc3ccc(F)cc3)CC2)cc1,8.25
ZINC000114599682,O=S(=O)(NCCCCN1CCN(c2noc3ccccc23)CC1)c1ccc2cc(Cl)ccc2c1,8.11
ZINC000114599869,Cc1c(S(=O)(=O)NCCCCN2CCN(c3noc4ccccc34)CC2)sc2ccc(F)cc12,8.13
ZINC000072120432,COc1cc2c(cc1OC)CN(CCCCn1cc(-c3ccc(F)cc3)c3ccccc31)CC2,5.9
ZINC000066258742,Cc1ccc2c(N3CCN(CCc4cccc(NC(=O)c5cnccn5)c4)CC3)cccc2n1,6.8
ZINC000034801075,CN1CCN(C2=Nc3cc(Cl)ccc3N(NC(=O)c3c(N)cccc3Cl)c3ccccc32)CC1,9.05
ZINC000034801072,Cc1cccc(N)c1C(=O)NN1c2ccc(Cl)cc2N=C(N2CCN(C)CC2)c2ccccc21,8.54
ZINC000000538275,O=C(c1ccc(OCCN2CCCCC2)cc1)c1c(-c2ccc(O)cc2)sc2cc(O)ccc12,6.38
ZINC000034801076,Cc1cccc(C)c1C(=O)NN1c2ccc(Cl)cc2N=C(N2CCN(C)CC2)c2ccccc21,8.66
ZINC000028711325,COc1ccccc1N1CCN(C/C=C/CNC(=O)c2ccc3c(c2)Cc2ccccc2-3)CC1,7.18
ZINC000013677364,COc1ccccc1N1CCN(CCCCNC(=O)c2ccc3c(c2)Cc2ccccc2-3)CC1,6.81
ZINC000013534401,O=C(NC/C=C/CN1CCN(c2cccc(Cl)c2Cl)CC1)c1ccc2c(c1)Cc1ccccc1-2,6.48
ZINC000001545255,O=C(NCCCCN1CCN(c2cccc(Cl)c2Cl)CC1)c1ccc2c(c1)Cc1ccccc1-2,6.17
ZINC000114599672,O=S(=O)(NCCCCN1CCC(c2noc3cc(F)ccc23)CC1)c1cc2ccc(Cl)cc2s1,9.1
ZINC000114599457,Cc1c(S(=O)(=O)NCCCN2CCC(c3noc4cc(F)ccc34)CC2)sc2ccc(F)cc12,8.64
ZINC000114600087,O=S(=O)(NCCCCN1CCC(c2noc3cc(F)ccc23)CC1)c1cccc2ccccc12,9.22
ZINC000114599884,O=S(=O)(NCCCCN1CCC(c2noc3cc(F)ccc23)CC1)c1ccc2ccccc2c1,8.77
ZINC000114600477,O=S(=O)(NCCCN1CCC(c2noc3cc(F)ccc23)CC1)c1ccc2cc(Cl)ccc2c1,8.51
ZINC000013488007,CS(=O)(=O)Nc1cc(F)ccc1C(=O)CCCN1CC[C@H]2[C@@H](C1)c1cccc3c1N2CCCS3,8.12
ZINC000103208229,Cn1c(=O)c2c(nc3n2CCCCN3CCCN2CCN(c3cccc(Cl)c3)CC2)n(C)c1=O,6.48
ZINC000026642934,COc1ccccc1N1CCN(CCCN2CCCn3c2nc2c3c(=O)n(C)c(=O)n2C)CC1,6.31
ZINC000039109700,Cn1c(=O)c2c(nc3n(CCCN4CCN(c5cccc(Cl)c5)CC4)c(=O)ccn23)n(C)c1=O,5.97
ZINC000039166837,Cn1c(=O)c2c(nc3n2CCC(=O)N3CCCN2CCN(c3cccc(Cl)c3)CC2)n(C)c1=O,6.74
ZINC000146794140,O=S(=O)(NCCCCN1CCN(c2noc3ccccc23)CC1)c1ccc(OC(F)(F)F)cc1,6.68
ZINC000028711319,O=C(NC/C=C/CN1CCN(c2cccc(Cl)c2Cl)CC1)c1ccc(-c2cccc(=O)[nH]2)cc1,7.81
ZINC000084394932,O=C(NC/C=C/CN1CCN(c2cccc(Cl)c2Cl)CC1)c1ccc(-c2cccc[n+]2[O-])cc1,7.24
ZINC000028711323,O=C(NC/C=C/C[N+]1([O-])CCN(c2cccc(Cl)c2Cl)CC1)c1ccc(-c2ccccn2)cc1,6.98
ZINC000169310366,CSc1ccccc1N1CCN(CCCCCC(=O)N2Cc3ccccc3C[C@H]2C(N)=O)CC1,5.7
ZINC000095543803,Cc1cccc(-c2ccc(C(=O)NC/C=C/CN3CCN(c4cccc(Cl)c4Cl)CC3)cc2)n1,7.03
ZINC000084394931,Cc1cccnc1-c1ccc(C(=O)NC/C=C/CN2CCN(c3cccc(Cl)c3Cl)CC2)cc1,7.33
ZINC000114599351,O=S(=O)(NCCCCN1CCN(c2nsc3ccccc23)CC1)c1ccc(OC(F)(F)F)cc1,8.66
ZINC000049051677,Cn1nccc1-c1cc(NC(=O)c2cccc(C(F)(F)F)c2)ccc1OCCN1CCOCC1,9.15
ZINC000049109490,Cn1nccc1-c1cc(NC(=O)c2ccc(C(F)(F)F)cc2)ccc1OCCN1CCOCC1,8.62
ZINC000022941207,COc1ccc(Cc2c(N)nc(SCCN3CCN(Cc4ccccc4Cl)CC3)nc2N)cc1,8.24
ZINC000022941203,COc1ccc(Cc2c(N)nc(SCCN3CCN(Cc4ccccc4C)CC3)nc2N)cc1,7.94
ZINC000022941200,COc1ccc(Cc2c(N)nc(SCCN3CCN(Cc4ccc(C)cc4)CC3)nc2N)cc1,7.9
ZINC000045260898,C[C@H]1CCC[C@@H](C)N1CCOc1ccc(NC(=O)Nc2ccc(Cl)cc2)cc1-c1ccnn1C,7.79
ZINC000028524643,COc1ccc(NC(=O)N2CCN(c3ccc(C(F)(F)F)cc3)CC2)cc1N1CCN(C)CC1,6.21
ZINC000043130453,CC(=O)c1cccc(NC(=O)Nc2ccc(OCCN3CCCCC3)c(-c3ccnn3C)c2)c1,7.84
ZINC000049035688,CC(=O)N1CCN(CCOc2ccc(NC(=O)c3cccc(F)c3)cc2-c2ccnn2C)CC1,7.82
ZINC000045254338,COC1CCN(CCOc2ccc(NC(=O)Nc3ccc(Cl)cc3)cc2-c2ccnn2C)CC1,9.92
ZINC000045255527,Cn1ncc(Cl)c1-c1cc(NC(=O)Nc2ccc(F)cc2F)ccc1OCCN1CCOCC1,9.82
ZINC000045298884,Cn1ncc(Cl)c1-c1cc(NC(=O)Nc2cc(F)cc(F)c2)ccc1OCCN1CCOCC1,9.51
ZINC000114599901,O=S(=O)(NCCCN1CCC(c2noc3cc(F)ccc23)CC1)c1ccc(OC(F)(F)F)cc1,8.42
ZINC000028528151,COc1ccc(N2CCN(c3ccc(C)c(C(F)(F)F)c3)C2=O)cc1OCCN1CCOCC1,5.5
ZINC000028528083,COc1ccc(N2CCN(c3ccc(C)c(C(F)(F)F)c3)C2=O)cc1OCCN1CCCCC1,6.4
ZINC000140843913,O=C(CCCN1CC[C@H]2[C@@H](C1)c1cccc3c1N2CCN3Cc1ccccc1)c1ccc(F)cc1,8.33
ZINC000049046658,Cn1nccc1-c1cc(NC(=O)c2cccc(C(F)(F)F)c2)ccc1OCCN1CCC(F)(F)C1,7.92
ZINC000022941221,Nc1nc(SCCN2CCN(Cc3ccccc3C(F)(F)F)CC2)nc(N)c1Cc1ccccc1,7.21
ZINC000049089390,COc1cccc(C(=O)Nc2ccc(OCCN3CCN(C(N)=O)CC3)c(-c3ccnn3C)c2)c1,8.29
ZINC000045319108,CC(=O)N1CCN(CCOc2ccc(NC(=O)Nc3ccc(Cl)cc3)cc2-c2ccnn2C)CC1,9.02
ZINC000003781952,CC(C)(C)c1ccc(C(=O)CCCN2CCC(OC(c3ccccc3)c3ccccc3)CC2)cc1,7.59
ZINC000038270055,COc1cccc(C(=O)Nc2ccc(OCCN3CCN(C(C)=O)CC3)c(-c3ccnn3C)c2)c1,8.35
ZINC000045256605,Cn1nccc1-c1cc(NC(=O)Nc2ccc(C(F)(F)F)cc2)ccc1OCCN1CCCCC1,9.47
ZINC000045253205,Cn1nccc1-c1cc(NC(=O)Nc2cccc(C(F)(F)F)c2)ccc1OCCN1CCCCC1,9.6
ZINC000049035690,CC(=O)N1CCN(CCOc2ccc(NC(=O)c3cccc(F)c3)cc2-c2c(Cl)cnn2C)CC1,8.66
ZINC000049045692,Cn1nccc1-c1cc(NC(=O)c2cccc(C(F)(F)F)c2)ccc1OCCN1CCNC(=O)C1,6.54
ZINC000114600619,O=S(=O)(NCCCCN1CCC(c2noc3cc(F)ccc23)CC1)c1ccc(OC(F)(F)F)cc1,8.44
ZINC000207280702,COc1ccccc1N1CCN(CCCCC(=O)NCc2ccccc2-c2ccccc2Cl)CC1,6.32
ZINC000028524793,Brc1ccc2c(c1)[C@H]1O[C@H](Cn3oc4ccc(CN5CCOCC5)cc43)C[C@H]1c1ccccc1O2,6.72
ZINC000013488006,CCNC(=O)Nc1cc(F)ccc1C(=O)CCCN1CC[C@H]2[C@@H](C1)c1cccc3c1N2CCCS3,7.96
ZINC000036270446,O=S(=O)(c1ccccc1-c1cccc2cccnc12)N1CCC(CCc2ccc(F)cc2F)CC1,8.68
ZINC000022892702,Cn1cnc2c1c(=O)n(CCCN1CCN(C(c3ccccc3)c3ccccc3)CC1)c(=O)n2C,7.23
ZINC000036270442,O=S(=O)(c1ccccc1-c1cccc2ccccc12)N1CCC(CCc2ccc(F)cc2F)CC1,8.77
ZINC000114601106,Cc1c(S(=O)(=O)NCCCCN2CCC(c3noc4cc(F)ccc34)CC2)sc2ccc(Cl)cc12,9.0
ZINC000114602922,Cc1c(S(=O)(=O)NCCCCN2CCC(c3noc4cc(F)ccc34)CC2)sc2ccc(F)cc12,9.15
ZINC000013488005,CCOC(=O)Nc1cc(F)ccc1C(=O)CCCN1CC[C@H]2[C@@H](C1)c1cccc3c1N2CCCS3,7.29
ZINC000114599089,O=S(=O)(NCCCCN1CCC(c2noc3cc(F)ccc23)CC1)c1ccc2cc(Cl)ccc2c1,9.22
ZINC000026640878,COc1ccccc1N1CCN(CCCn2c(=O)ccn3c4c(=O)n(C)c(=O)n(C)c4nc23)CC1,5.41
ZINC000036446388,COc1ccccc1N1CCN(CCCN2C(=O)CCn3c2nc2c3c(=O)n(C)c(=O)n2C)CC1,5.37
ZINC000039109514,COc1ccccc1N1CCN(CCCN2CCCCn3c2nc2c3c(=O)n(C)c(=O)n2C)CC1,6.25
ZINC000039183961,Cn1c(=O)c2c(nc3n2CCCC(=O)N3CCCN2CCN(c3cccc(Cl)c3)CC2)n(C)c1=O,6.45
ZINC000040865965,CCn1cc(CN2CCN(c3cccc4[nH]c(-c5ccc(C(C)(C)C)cc5)nc34)CC2)c(=O)[nH]c1=O,6.64
ZINC000040917485,Cc1c(Cn2ncc(N3CCNCC3)cc2=O)cccc1NC(=O)c1ccc(-c2ccccc2)cc1,7.7
ZINC000028524642,COc1ccc(NC(=O)N2CCN(c3ccc(-c4ccccc4)cc3)CC2)cc1N1CCN(C)CC1,6.77
ZINC000040391174,O=C(Nc1cccc(Cn2ncc(N3CCNCC3)c(Cl)c2=O)c1)c1ccc(-c2ccccc2)cc1,7.22
ZINC000045506581,O=c1ccc(-n2ccc3ccccc32)nn1CCCCN1CCN(c2cccc(C(F)(F)F)c2)CC1,7.08
ZINC000003873936,CC(C)N1CCN(c2ccc(OC[C@H]3CO[C@](Cn4cncn4)(c4ccc(Cl)cc4Cl)O3)cc2)CC1,5.63
ZINC000034801074,COc1cccc(OC)c1C(=O)NN1c2ccc(Cl)cc2N=C(N2CCN(C)CC2)c2ccccc21,7.86
ZINC000028899177,COc1cc(N2CC(=O)N(c3ccc(Oc4ccccc4)cc3)C2=O)ccc1OCCN1CCCC1,6.48
ZINC000103222949,COc1ccccc1N1CCN(CCCN2C(=O)CCCn3c2nc2c3c(=O)n(C)c(=O)n2C)CC1,5.3
ZINC000034801071,CN1CCN(C2=Nc3cc(Cl)ccc3N(NC(=O)c3cccc4ccccc34)c3ccccc32)CC1,9.0
ZINC000000600564,COc1ccc(NC(=O)c2ccc(-c3ccc(-c4noc(C)n4)cc3C)cc2)cc1OCCN(C)C,7.3
ZINC000299854747,CC(C)c1ccccc1N1CCN(CCCCCCC(=O)N2CCC[C@H]2C(=O)N2CCCCC2)CC1,5.67
ZINC000013779294,COc1ccc(NC(=O)c2ccc(-c3ccc(-c4noc(C)n4)cc3C)cc2)cc1CCCN(C)C,8.2
ZINC000022941224,Nc1nc(SCCN2CCN(Cc3cccc(C(F)(F)F)c3)CC2)nc(N)c1Cc1ccccc1O,7.03
ZINC000049089410,COc1cccc(C(=O)Nc2ccc(OCCN3CCN(S(C)(=O)=O)CC3)c(-c3ccnn3C)c2)c1,7.55
ZINC000013779292,COc1ccc(NC(=O)c2ccc(-c3ccc(-c4noc(C)n4)cc3C)cc2)cc1NCCN(C)C,8.3
ZINC000084466267,Cn1ncc(Cl)c1-c1cc(NC(=O)c2cccc(C(F)(F)F)c2)ccc1OCCN1CCNC(=O)C1,8.28
ZINC000207280890,COc1ccccc1N1CCN(CCCCCC(=O)NCc2ccccc2-c2ccccc2Cl)CC1,7.11
ZINC000022450571,COc1ccccc1Cc1c(N)nc(SCCN2CCN(Cc3cccc(C(F)(F)F)c3)CC2)nc1N,7.22
ZINC000026838483,COc1ccccc1Cc1c(N)nc(SCCN2CCN(Cc3ccccc3C(F)(F)F)CC2)nc1N,7.32
ZINC000026838753,COc1cccc(Cc2c(N)nc(SCCN3CCN(Cc4cccc(C(F)(F)F)c4)CC3)nc2N)c1,7.35
ZINC000049052257,CC(=O)N1CCN(CCOc2ccc(NC(=O)c3cccc(C(F)(F)F)c3)cc2-c2ccnn2C)CC1,8.37
ZINC000001485293,Cc1nc(-c2ccc(-c3ccc(C(=O)Nc4ccc5c(c4)C4(CCN(C)CC4)CO5)cc3)c(C)c2)no1,6.0
ZINC000000601006,Cc1nc(-c2ccc(-c3ccc(C(=O)Nc4cc5c(c(OCCN(C)C)c4)OCC5)cc3)c(C)c2)no1,7.3
ZINC000148539265,NC(=O)c1ccccc1OCCCN1CCN(c2cccc3c2ccn3S(=O)(=O)c2ccccc2)CC1,7.54
ZINC000299861531,NC(=O)[C@@H]1Cc2ccccc2CN1C(=O)CCCCN1CCN(c2ccccc2-c2ccccc2)CC1,6.78
ZINC000299857443,O=C([C@@H]1CCCN1C(=O)CCCCN1CCN(c2ccccc2-c2ccccc2)CC1)N1CCCCC1,5.77
ZINC000040863575,Cc1ccc(Cn2ncc(N3CCNCC3)c(Cl)c2=O)cc1NC(=O)c1ccc(-c2ccccc2)cc1,8.67
ZINC000040862271,Cc1c(Cn2ncc(N3CCNCC3)c(Cl)c2=O)cccc1NC(=O)c1ccc(-c2ccccc2)cc1,7.28
ZINC000034801077,CN1CCN(C2=Nc3cc(Cl)ccc3N(NC(=O)c3c(F)cccc3C(F)(F)F)c3ccccc32)CC1,8.92
ZINC000000598509,COc1ccc(NC(=O)c2ccc(-c3ccc(-c4noc(C)n4)cc3C)cc2)cc1N1CCN(C)CC1,7.8
ZINC000013779296,Cc1nc(-c2ccc(-c3ccc(C(=O)Nc4ccc5c(c4)N(CCN(C)C)CCO5)cc3)c(C)c2)no1,8.4
ZINC000103208088,Cn1c(=O)c2c(nc(NCCCN3CCN(C(c4ccccc4)c4ccccc4)CC3)n2C)n(C)c1=O,6.51
ZINC000019632618,Cc1ccc(NC(=O)c2ccc(CN3CCN(C)CC3)cc2)cc1Nc1nccc(-c2cccnc2)n1,6.27
ZINC000001484771,COc1cc2c(cc1OCCN(C)C)N(C(=O)c1ccc(-c3ccc(-c4noc(C)n4)cc3C)cc1)CC2,6.5
ZINC000040917971,COc1ccc(-c2ccc(C(=O)Nc3cccc(Cn4ncc(N5CCNCC5)cc4=O)c3C)cc2)cn1,8.2
ZINC000026840391,CCOc1ccccc1Cc1c(N)nc(SCCN2CCN(Cc3cccc(C(F)(F)F)c3)CC2)nc1N,7.16
ZINC000026836800,COc1cc(Cc2c(N)nc(SCCN3CCN(Cc4ccccc4Cl)CC3)nc2N)cc(OC)c1OC,8.37
ZINC000026835090,CC(C)Oc1ccccc1Cc1c(N)nc(SCCN2CCN(Cc3cccc(C(F)(F)F)c3)CC2)nc1N,6.92
ZINC000001485772,Cc1nc(-c2ccc(-c3ccc(C(=O)N4CCc5cc6c(cc54)C4(CCN(C)CC4)CO6)cc3)c(C)c2)no1,5.8
ZINC000044418871,COc1ccc(-c2ccc(C(=O)Nc3cccc(Cn4ncc(N5CCNCC5)c(Cl)c4=O)c3C)cc2)cn1,5.53
ZINC000034800770,COc1nc(NCCCN2CCOCC2)nc(OC)c1NC(=O)c1ccc(Oc2cc3c(cc2C)CCC3(C)C)o1,6.23
ZINC000056871297,CC(C)[C@H]1C(=O)N2CCC[C@H]2[C@]2(O)O[C@](NC(=O)[C@@H]3C=C4c5cccc6[nH]cc(c56)C[C@H]4N(C)C3)(C(C)C)C(=O)N12,8.1
ZINC000059796557,CC(C)C[C@H]1C(=O)N2CCC[C@H]2[C@]2(O)O[C@](NC(=O)[C@@H]3C=C4c5cccc6[nH]cc(c56)C[C@H]4N(C)C3)(C(C)C)C(=O)N12,7.85
ZINC000052955754,CN1C[C@H](C(=O)N[C@]2(C)O[C@@]3(O)[C@@H]4CCCN4C(=O)[C@H](Cc4ccccc4)N3C2=O)C=C2c3cccc4[nH]cc(c34)C[C@H]21,8.73
ZINC000003978005,CN1C[C@H](C(=O)N[C@]2(C)O[C@@]3(O)[C@@H]4CCCN4C(=O)[C@H](Cc4ccccc4)N3C2=O)C[C@@H]2c3cccc4[nH]cc(c34)C[C@H]21,8.64
ZINC000053683151,CC(C)C[C@H]1C(=O)N2CCC[C@H]2[C@]2(O)O[C@](NC(=O)[C@@H]3C=C4c5cccc6[nH]c(Br)c(c56)C[C@H]4N(C)C3)(C(C)C)C(=O)N12,8.0
ZINC000043133316,C[C@@H]1C[C@H]2[C@@H]3CCC4=CC(=O)C=C[C@]4(C)C3=CC[C@]2(C)[C@H]1C(=O)CN1CCN(c2cc(N3CCCC3)nc(N3CCCC3)n2)CC1,6.24
ZINC000247749760,CO[C@H]1C[C@@H](O[C@H]2C[C@H]([C@H]3O[C@](C)(O)[C@H](C)C[C@@H]3C)O[C@H]2[C@]2(C)CC[C@H]([C@]3(C)CC[C@]4(C[C@H](O)[C@@H](C)[C@@H]([C@@H](C)[C@@H]5O[C@](O)(CC(=O)O)[C@@H](C)[C@H](OC)[C@H]5OC)O4)O3)O2)O[C@@H](C)[C@@H]1OC,8.61
