id,smiles,pKi
ZINC000000000504,CN1CCN2c3ccccc3Cc3ccccc3[C@@H]2C1,7.4
ZINC000000000565,Cc1ccccc1[C@H](OCCN(C)C)c1ccccc1,6.28
ZINC000000000855,CN1CCN2c3ccccc3Cc3ccccc3[C@H]2C1,7.4
ZINC000000001148,CN(C)CC/C=C1/c2ccccc2COc2ccccc21,6.98
ZINC000000001331,CN(C)CC/C=C1\c2ccccc2COc2ccccc21,6.98
ZINC000000004893,CN1C[C@H]2c3ccccc3Oc3ccc(Cl)cc3[C@@H]2C1,9.6
ZINC000000009350,Cc1[nH]c2ccc(Cl)cc2c1C1=CCNCC1,8.13
ZINC000000020240,CC(C)NC[C@@H](O)COc1cccc2ccccc12,5.85
ZINC000000020250,C[C@@H](CN1c2ccccc2Sc2ccccc21)N(C)C,5.95
ZINC000000036611,Cc1ccc2c(c1)c1c(n2CCc2ccncc2)CCN(C)C1,6.43
ZINC000000056647,C[C@H](CN1c2ccccc2Sc2ccccc21)N(C)C,5.95
ZINC000000155269,Cc1ccccc1[C@@H](OCCN(C)C)c1ccccc1,6.28
ZINC000000338136,COc1cc2c3c(c1OC)-c1cc4c(cc1C[C@@H]3N(C)CC2)OCO4,6.59
ZINC000000338140,COc1cc2c3c(c1OC)-c1cc4c(cc1C[C@H]3N(C)CC2)OCO4,6.59
ZINC000000404450,C[C@H](N)Cc1c[nH]c2ccccc12,6.04
ZINC000000404451,C[C@@H](N)Cc1c[nH]c2ccccc12,6.04
ZINC000000579013,Cc1cc2c(cc1C(F)(F)F)N(C(=O)Nc1ccc(Oc3cccnc3C)nc1)CC2,6.18
ZINC000000596881,Clc1ccc(CO[C@H](Cn2ccnc2)c2ccc(Cl)cc2Cl)cc1,5.3
ZINC000000607971,Clc1ccc(CO[C@H](Cn2ccnc2)c2ccc(Cl)cc2Cl)c(Cl)c1,5.3
ZINC000000643055,Clc1ccc(CO[C@@H](Cn2ccnc2)c2ccc(Cl)cc2Cl)cc1,5.3
ZINC000000896740,Clc1ccc(CO[C@@H](Cn2ccnc2)c2ccc(Cl)cc2Cl)c(Cl)c1,5.3
ZINC000001035440,O=C1CS[C@@]2(C(=O)Nc3ccccc32)N1c1ccccc1,5.24
ZINC000001216211,O=S(=O)(c1ccccc1)N1C=Cc2ccccc2[C@H]1c1c[nH]c2ccccc12,5.51
ZINC000001216213,O=S(=O)(c1ccccc1)N1C=Cc2ccccc2[C@@H]1c1c[nH]c2ccccc12,5.51
ZINC000001530579,COc1ccccc1OCCNC[C@H](O)COc1cccc2[nH]c3ccccc3c12,6.15
ZINC000001530580,COc1ccccc1OCCNC[C@@H](O)COc1cccc2[nH]c3ccccc3c12,6.15
ZINC000001530637,CNCC[C@H](Oc1ccc(C(F)(F)F)cc1)c1ccccc1,6.11
ZINC000001530638,CNCC[C@@H](Oc1ccc(C(F)(F)F)cc1)c1ccccc1,6.11
ZINC000001530695,CSc1ccc2c(c1)N(CC[C@@H]1CCCCN1C)c1ccccc1S2,7.48
ZINC000001530697,CSc1ccc2c(c1)N(CC[C@H]1CCCCN1C)c1ccccc1S2,7.48
ZINC000001530725,Clc1ccc([C@H](c2ccccc2Cl)C(Cl)Cl)cc1,6.19
ZINC000001530726,Clc1ccc([C@@H](c2ccccc2Cl)C(Cl)Cl)cc1,6.19
ZINC000001530759,CCCNC[C@H](O)COc1ccccc1C(=O)CCc1ccccc1,6.06
ZINC000001530760,CCCNC[C@@H](O)COc1ccccc1C(=O)CCc1ccccc1,6.06
ZINC000001542113,N#Cc1ccc2[nH]cc(CCCCN3CCN(c4ccc5oc(C(N)=O)cc5c4)CC3)c2c1,5.52
ZINC000002379519,C[C@@H](N)Cc1c[nH]c2ccc(OCc3cccs3)cc12,6.53
ZINC000002568243,COc1ccc2[nH]cc(C3=CCNCC3)c2c1,7.1
ZINC000003683831,CN1CCC[C@@H](CN2c3ccccc3Sc3ccccc32)C1,6.07
ZINC000003683833,CN1CCC[C@H](CN2c3ccccc3Sc3ccccc32)C1,6.07
ZINC000003812892,CC(C)(C)c1ccc([C@@H](O)CCCN2CCC(C(O)(c3ccccc3)c3ccccc3)CC2)cc1,6.22
ZINC000003816874,COc1ccc(S(=O)(=O)N2C[C@@H](C(=O)NC3CCN(C)CC3)c3ccccc32)c2ccccc12,7.6
ZINC000003816875,COc1ccc(S(=O)(=O)N2C[C@@H](C(=O)N(C)C3CCN(C)CC3)c3ccccc32)c2ccccc12,8.1
ZINC000003816876,CN1CCC(N(C)C(=O)[C@@H]2CN(S(=O)(=O)c3ccc(OC(F)(F)F)cc3)c3ccccc32)CC1,7.7
ZINC000003816877,CN1CCC(N(C)C(=O)[C@@H]2CN(S(=O)(=O)c3ccc(C(F)(F)F)cc3)c3ccccc32)CC1,7.6
ZINC000003816879,CN1CCC(N(C)C(=O)[C@@H]2CN(S(=O)(=O)c3cccc4ccccc34)c3ccccc32)CC1,7.5
ZINC000003817506,O=S(=O)(c1ccccc1)c1ccc(N2CCNCC2)c2ccccc12,8.42
ZINC000003831511,CC(C)(C)c1ccc([C@H](O)CCCN2CCC(C(O)(c3ccccc3)c3ccccc3)CC2)cc1,6.22
ZINC000003937721,O=S(=O)(c1cccc(F)c1)c1cn([C@H]2CCCNC2)c2ccc(F)cc12,8.4
ZINC000003937722,O=S(=O)(c1ccccc1)c1cn([C@H]2CCCNC2)c2ccccc12,7.89
ZINC000003937723,O=S(=O)(c1ccccc1)c1cn([C@H]2CCNC2)c2ccccc12,8.3
ZINC000003937724,O=S(=O)(c1cn([C@H]2CCCNC2)c2ccccc12)c1cccc2cccnc12,8.25
ZINC000003937726,COc1ccc2c(c1)c(S(=O)(=O)c1cccc(F)c1)cn2[C@H]1CCCNC1,7.97
ZINC000003948260,CN(C)[C@@H]1CC[C@H](c2c[nH]c3ccc(C#N)cc23)C1,7.43
ZINC000003959350,Cc1[nH]c2ccccc2c1C1=CCNCC1,6.7
ZINC000003976201,CN1CC[C@@H](c2cn(S(=O)(=O)c3ccc(Cl)cc3)c3ccccc23)C1,9.0
ZINC000003976202,CN1CC[C@@H](c2cn(S(=O)(=O)c3ccc(F)cc3)c3ccccc23)C1,8.7
ZINC000003976206,CN1CC[C@@H](c2cn(S(=O)(=O)c3ccc(N)cc3)c3ccccc23)C1,9.0
ZINC000003976209,COc1ccc(S(=O)(=O)n2cc([C@@H]3CCN(C)C3)c3ccccc32)cc1OC,8.3
ZINC000003976210,CN1CC[C@H](c2cn(S(=O)(=O)c3ccc(Cl)c(Cl)c3)c3ccccc23)C1,8.52
ZINC000003976215,CN1CC[C@@H](c2cn(S(=O)(=O)c3ccccc3Br)c3ccccc23)C1,9.0
ZINC000003976216,CN1CC[C@@H](c2cn(S(=O)(=O)c3ccc(I)cc3)c3ccccc23)C1,9.0
ZINC000003976223,O=S(=O)(c1ccccc1)n1cc([C@H]2CCCNC2)c2ccccc21,9.0
ZINC000003976227,O=S(=O)(c1cccc(Cl)c1)n1cc([C@H]2CCCNC2)c2ccccc21,8.7
ZINC000003995616,CC(C)[C@@]1(NC(=O)[C@@H]2C[C@@H]3c4cccc5[nH]cc(c45)C[C@H]3N(C)C2)O[C@@]2(O)[C@@H]3CCCN3C(=O)[C@H](Cc3ccccc3)N2C1=O,7.72
ZINC000003995822,C[C@H](N)Cc1c[nH]c2ccc(OCc3cccs3)cc12,6.53
ZINC000004019252,O=C1CS[C@]2(C(=O)Nc3ccccc32)N1c1ccccc1,5.24
ZINC000004117519,C[C@H](Nc1cc(N2CCN(C)CC2)ccc1[N+](=O)[O-])c1ccccc1,7.92
ZINC000004117520,C[C@@H](Nc1cc(N2CCN(C)CC2)ccc1[N+](=O)[O-])c1ccccc1,7.92
ZINC000004175630,Oc1nc2ccccc2n1C1CCN(CCCC(c2ccc(F)cc2)c2ccc(F)cc2)CC1,7.15
ZINC000004193571,O=S(=O)(c1ccccc1)c1nnn2c1nc(Nc1ccccc1)c1sccc12,5.3
ZINC000004313317,COCCNc1nc2c(S(=O)(=O)c3cc(C)ccc3C)nnn2c2ccsc12,6.07
ZINC000004316012,CC[C@@H](C)Nc1nc2c(S(=O)(=O)c3ccccc3)nnn2c2ccsc12,8.02
ZINC000004316015,CC[C@H](C)Nc1nc2c(S(=O)(=O)c3ccccc3)nnn2c2ccsc12,8.02
ZINC000004316131,Cc1ccc(S(=O)(=O)c2nnn3c2nc(NCCC(C)C)c2sccc23)cc1,6.24
ZINC000004316134,COCCNc1nc2c(S(=O)(=O)c3ccc(C)cc3)nnn2c2ccsc12,5.83
ZINC000004316224,COCCNc1nc2c(S(=O)(=O)c3ccc(C)c(C)c3)nnn2c2ccsc12,5.8
ZINC000004316455,CCCCNc1nc2c(S(=O)(=O)c3ccccc3)nnn2c2ccsc12,7.16
ZINC000004316463,COCCNc1nc2c(S(=O)(=O)c3ccccc3)nnn2c2ccsc12,6.72
ZINC000004316467,C[C@@H]1CCCN(c2nc3c(S(=O)(=O)c4ccccc4)nnn3c3ccsc23)C1,5.69
ZINC000004316477,C[C@H]1CCCN(c2nc3c(S(=O)(=O)c4ccccc4)nnn3c3ccsc23)C1,5.69
ZINC000004316478,CC(C)Nc1nc2c(S(=O)(=O)c3ccc(Cl)cc3)nnn2c2ccsc12,5.92
ZINC000004484028,CC(C)Nc1nc2c(S(=O)(=O)c3cccc(Cl)c3)nnn2c2ccsc12,6.33
ZINC000004636349,O=S(=O)(c1ccccc1)n1cc([C@@H]2CCCNC2)c2ccccc21,9.0
ZINC000005043236,CCc1ccc(S(=O)(=O)c2nnn3c2nc(N(CC)CC)c2sccc23)cc1,5.72
ZINC000005741265,Nc1ccc(S(=O)(=O)n2c3ccccc3c3ccccc32)cc1,7.31
ZINC000005845906,CCN(CC)C(=O)[C@@H]1C=C2c3cccc4[nH]cc(c34)C[C@H]2NC1,7.8
ZINC000006013354,CN1CC[C@H](c2cn(S(=O)(=O)c3ccc(F)cc3)c3ccccc23)C1,8.7
ZINC000006013356,CN1CC[C@H](c2cn(S(=O)(=O)c3ccc(N)cc3)c3ccccc23)C1,9.0
ZINC000006013357,COc1ccc(S(=O)(=O)n2cc([C@H]3CCN(C)C3)c3ccccc32)cc1OC,8.3
ZINC000006013358,CN1CC[C@@H](c2cn(S(=O)(=O)c3ccc(Cl)c(Cl)c3)c3ccccc23)C1,8.52
ZINC000006013360,CN1CC[C@H](c2cn(S(=O)(=O)c3ccccc3Br)c3ccccc23)C1,9.0
ZINC000006013361,CN1CC[C@H](c2cn(S(=O)(=O)c3ccc(I)cc3)c3ccccc23)C1,9.0
ZINC000006013364,O=S(=O)(c1cccc(Cl)c1)n1cc([C@@H]2CCCNC2)c2ccccc21,8.7
ZINC000006013424,CN1CC[C@H](c2cn(S(=O)(=O)c3ccc(Cl)cc3)c3ccccc23)C1,9.0
ZINC000006859828,O=S(=O)(c1ccccc1)c1nnn2c1nc(NC[C@@H]1CCCO1)c1sccc12,8.09
ZINC000006859831,O=S(=O)(c1ccccc1)c1nnn2c1nc(NC[C@H]1CCCO1)c1sccc12,8.09
ZINC000006859837,Cc1ccc(S(=O)(=O)c2nnn3c2nc(NC2CCCC2)c2sccc23)cc1,5.69
ZINC000006859840,Nc1nc2c(S(=O)(=O)c3cccc(Cl)c3)nnn2c2ccsc12,6.16
ZINC000006996809,COc1cc(OC)cc(N2C(=O)CS[C@]23C(=O)Nc2ccccc23)c1,7.06
ZINC000006996814,COc1cc(OC)cc(N2C(=O)CS[C@@]23C(=O)Nc2ccccc23)c1,7.06
ZINC000008589271,CC1CCN(c2nc3c(S(=O)(=O)c4cccc(Cl)c4)nnn3c3ccsc23)CC1,5.95
ZINC000008589272,O=S(=O)(c1cccc(Cl)c1)c1nnn2c1nc(NC1CCCC1)c1sccc12,6.77
ZINC000008589280,Cc1ccc(S(=O)(=O)c2nnn3c2nc(NC2CCCCC2)c2sccc23)cc1,6.14
ZINC000008589282,Cc1ccc(S(=O)(=O)c2nnn3c2nc(NCc2ccc4c(c2)OCO4)c2sccc23)cc1,5.9
ZINC000008589284,Cc1ccc(S(=O)(=O)c2nnn3c2nc(NCc2ccc(F)cc2)c2sccc23)cc1,6.13
ZINC000008589285,Cc1ccc(S(=O)(=O)c2nnn3c2nc(NCc2cccs2)c2sccc23)cc1,6.66
ZINC000008589301,Cc1ccc(S(=O)(=O)c2nnn3c2nc(NC2CCCCCC2)c2sccc23)cc1C,6.46
ZINC000008589303,Cc1ccc(S(=O)(=O)c2nnn3c2nc(NC2CCCCC2)c2sccc23)cc1C,6.09
ZINC000008589323,Cc1ccc(S(=O)(=O)c2nnn3c2nc(NCc2ccc(F)cc2)c2sccc23)cc1C,6.28
ZINC000008589326,Cc1ccc(S(=O)(=O)c2nnn3c2nc(NCc2cccs2)c2sccc23)cc1C,7.05
ZINC000008589333,O=S(=O)(c1ccc(Cl)cc1)c1nnn2c1nc(NCc1ccccc1)c1sccc12,6.57
ZINC000008589348,O=S(=O)(c1ccc(Cl)cc1)c1nnn2c1nc(NC1CCCCC1)c1sccc12,6.02
ZINC000008589351,O=S(=O)(c1ccc(Cl)cc1)c1nnn2c1nc(NCc1cccs1)c1sccc12,6.19
ZINC000008589389,CCc1ccc(S(=O)(=O)c2nnn3c2nc(NCCc2ccccc2)c2sccc23)cc1,5.98
ZINC000008589391,CCc1ccc(S(=O)(=O)c2nnn3c2nc(NC(C)C)c2sccc23)cc1,5.8
ZINC000008589425,Cc1ccc(C)c(S(=O)(=O)c2nnn3c2nc(N2CCOCC2)c2sccc23)c1,5.71
ZINC000008589452,Cc1ccc(C)c(S(=O)(=O)c2nnn3c2nc(NC(C)C)c2sccc23)c1,7.55
ZINC000008589454,Cc1ccc(C)c(S(=O)(=O)c2nnn3c2nc(N2CCCCC2)c2sccc23)c1,5.82
ZINC000008589458,Cc1ccc(C)c(S(=O)(=O)c2nnn3c2nc(NC2CCCC2)c2sccc23)c1,6.23
ZINC000008589463,Cc1ccc(C)c(S(=O)(=O)c2nnn3c2nc(NCc2cccs2)c2sccc23)c1,6.15
ZINC000008589490,O=S(=O)(c1ccccc1)c1nnn2c1nc(NCc1ccccc1)c1sccc12,7.23
ZINC000008589492,O=S(=O)(c1ccccc1)c1nnn2c1nc(NCc1ccc(Cl)cc1)c1sccc12,5.93
ZINC000008589494,O=S(=O)(c1ccccc1)c1nnn2c1nc(NC1CCCCCC1)c1sccc12,6.77
ZINC000008589515,O=S(=O)(c1ccccc1)c1nnn2c1nc(NCc1ccc(F)cc1)c1sccc12,6.16
ZINC000008589535,Cc1ccc(S(=O)(=O)c2nnn3c2nc(NCc2ccccc2)c2sccc23)cc1,6.59
ZINC000008589536,Cc1ccc(C)c(Nc2nc3c(S(=O)(=O)c4ccc(Br)cc4)nnn3c3ccsc23)c1,5.7
ZINC000008589538,Cc1ccc(S(=O)(=O)c2nnn3c2nc(NCCc2ccccc2)c2sccc23)cc1,6.02
ZINC000008589541,CCN(CC)c1nc2c(S(=O)(=O)c3cccc(Cl)c3)nnn2c2ccsc12,5.91
ZINC000008589542,Cc1ccc(S(=O)(=O)c2nnn3c2nc(N[C@@H](C)c2ccccc2)c2sccc23)cc1,6.74
ZINC000008618982,Cc1ccc(S(=O)(=O)c2nnn3c2nc(N[C@H](C)c2ccccc2)c2sccc23)cc1,6.74
ZINC000008618983,O=S(=O)(c1cccc(Cl)c1)c1nnn2c1nc(NC1CCCCCC1)c1sccc12,6.85
ZINC000008756675,C[C@H](Nc1nc2c(S(=O)(=O)c3ccc(Br)cc3)nnn2c2ccsc12)c1ccccc1,6.27
ZINC000008756676,C[C@@H](Nc1nc2c(S(=O)(=O)c3ccc(Br)cc3)nnn2c2ccsc12)c1ccccc1,6.27
ZINC000009116898,O=S(=O)(c1ccccc1)c1nnn2c1nc(NCCc1ccccc1)c1sccc12,5.94
ZINC000009116899,O=S(=O)(c1ccccc1)c1nnn2c1nc(NCc1ccccc1Cl)c1sccc12,7.49
ZINC000009116900,COc1ccccc1CNc1nc2c(S(=O)(=O)c3ccccc3)nnn2c2ccsc12,6.54
ZINC000009116904,Cc1ccc(S(=O)(=O)c2nnn3c2nc(NC[C@@H]2CCCO2)c2sccc23)cc1,6.6
ZINC000009116905,Cc1ccc(S(=O)(=O)c2nnn3c2nc(NC[C@H]2CCCO2)c2sccc23)cc1,6.6
ZINC000009116906,Cc1ccc(S(=O)(=O)c2nnn3c2nc(NC2CCCCCC2)c2sccc23)cc1,6.1
ZINC000009116908,COc1cccc(CNc2nc3c(S(=O)(=O)c4ccc(C)cc4)nnn3c3ccsc23)c1,5.66
ZINC000009116909,CCN(Cc1ccccc1)c1nc2c(S(=O)(=O)c3ccc(C)cc3)nnn2c2ccsc12,6.52
ZINC000009116923,Cc1ccc(S(=O)(=O)c2nnn3c2nc(Nc2cccc(C)c2C)c2sccc23)cc1,6.23
ZINC000009116926,CCc1cccc(Nc2nc3c(S(=O)(=O)c4ccc(C)cc4)nnn3c3ccsc23)c1,5.86
ZINC000009116935,CN(Cc1ccccc1)c1nc2c(S(=O)(=O)c3ccc(Br)cc3)nnn2c2ccsc12,5.71
ZINC000009116939,Cc1ccc(Nc2nc3c(S(=O)(=O)c4ccc(Br)cc4)nnn3c3ccsc23)cc1C,5.87
ZINC000009116944,C[C@H](Nc1nc2c(S(=O)(=O)c3cccc(Cl)c3)nnn2c2ccsc12)c1ccccc1,6.82
ZINC000009116945,C[C@@H](Nc1nc2c(S(=O)(=O)c3cccc(Cl)c3)nnn2c2ccsc12)c1ccccc1,6.82
ZINC000009116947,CCN(Cc1ccccc1)c1nc2c(S(=O)(=O)c3cccc(Cl)c3)nnn2c2ccsc12,6.27
ZINC000009116948,COCCNc1nc2c(S(=O)(=O)c3cccc(Cl)c3)nnn2c2ccsc12,6.96
ZINC000009116949,O=S(=O)(c1cccc(Cl)c1)c1nnn2c1nc(NC1CCCCC1)c1sccc12,7.16
ZINC000009116951,O=S(=O)(c1cccc(Cl)c1)c1nnn2c1nc(NCc1ccc(F)cc1)c1sccc12,6.32
ZINC000009116952,C[C@@H]1CCCN(c2nc3c(S(=O)(=O)c4cccc(Cl)c4)nnn3c3ccsc23)C1,5.7
ZINC000009116953,C[C@H]1CCCN(c2nc3c(S(=O)(=O)c4cccc(Cl)c4)nnn3c3ccsc23)C1,5.7
ZINC000009116954,O=S(=O)(c1cccc(Cl)c1)c1nnn2c1nc(Nc1ccc(F)cc1)c1sccc12,5.6
ZINC000009116956,Cc1ccc(C)c(Nc2nc3c(S(=O)(=O)c4cccc(Cl)c4)nnn3c3ccsc23)c1,6.13
ZINC000009116970,Cc1ccc(C)c(S(=O)(=O)c2nnn3c2nc(NCCCc2ccccc2)c2sccc23)c1,5.91
ZINC000009118085,Cc1ccc(S(=O)(=O)c2nnn3c2nc(Nc2cccc(C)c2)c2sccc23)cc1,5.28
ZINC000009908894,CN(Cc1ccccc1)c1nc2c(S(=O)(=O)c3ccc(Cl)cc3)nnn2c2ccsc12,5.92
ZINC000009908911,COc1ccccc1Nc1nc2c(S(=O)(=O)c3ccc(Cl)cc3)nnn2c2ccsc12,5.94
ZINC000009909478,Cc1cccc(Nc2nc3c(S(=O)(=O)c4ccc(C(C)C)cc4)nnn3c3ccsc23)c1C,6.0
ZINC000009909490,O=S(=O)(c1ccc(Br)cc1)c1nnn2c1nc(NC[C@@H]1CCCO1)c1sccc12,5.79
ZINC000009909495,O=S(=O)(c1ccc(Br)cc1)c1nnn2c1nc(NC[C@H]1CCCO1)c1sccc12,5.79
ZINC000009969231,Cc1ccc(Nc2nc3c(S(=O)(=O)c4ccc(C(C)C)cc4)nnn3c3ccsc23)cc1C,5.95
ZINC000009969233,Cc1ccc(C)c(S(=O)(=O)c2nnn3c2nc(NC[C@@H]2CCCO2)c2sccc23)c1,6.05
ZINC000009969234,Cc1ccc(C)c(S(=O)(=O)c2nnn3c2nc(NC[C@H]2CCCO2)c2sccc23)c1,6.05
ZINC000009969235,Cc1ccc(C)c(S(=O)(=O)c2nnn3c2nc(NCCC(C)C)c2sccc23)c1,6.07
ZINC000009969243,COc1cccc(Nc2nc3c(S(=O)(=O)c4ccc(C(C)C)cc4)nnn3c3ccsc23)c1,6.05
ZINC000009969988,CCc1ccc(S(=O)(=O)c2nnn3c2nc(Nc2cccc(C)c2)c2sccc23)cc1,5.76
ZINC000009970961,CCN(Cc1ccccc1)c1nc2c(S(=O)(=O)c3cc(C)ccc3C)nnn2c2ccsc12,5.96
ZINC000009970962,Cc1ccc(C)c(S(=O)(=O)c2nnn3c2nc(N(C)Cc2ccccc2)c2sccc23)c1,5.83
ZINC000009971028,COc1cccc(Nc2nc3c(S(=O)(=O)c4ccc(C)c(C)c4)nnn3c3ccsc23)c1,6.07
ZINC000009971059,Cc1ccc(S(=O)(=O)c2nnn3c2nc(NCc2ccccc2Cl)c2sccc23)cc1C,6.22
ZINC000009971069,Cc1ccc(S(=O)(=O)c2nnn3c2nc(N[C@@H](C)Cc2ccccc2)c2sccc23)cc1C,6.17
ZINC000009971070,Cc1ccc(S(=O)(=O)c2nnn3c2nc(N[C@H](C)Cc2ccccc2)c2sccc23)cc1C,6.17
ZINC000009971071,Cc1ccc(S(=O)(=O)c2nnn3c2nc(N(C)Cc2ccccc2)c2sccc23)cc1C,5.88
ZINC000009971106,C[C@H](Nc1nc2c(S(=O)(=O)c3ccccc3)nnn2c2ccsc12)c1ccccc1,7.43
ZINC000009971110,C[C@@H](Nc1nc2c(S(=O)(=O)c3ccccc3)nnn2c2ccsc12)c1ccccc1,7.43
ZINC000009971113,COc1cccc(CNc2nc3c(S(=O)(=O)c4ccccc4)nnn3c3ccsc23)c1,5.86
ZINC000009971118,C[C@@H](Cc1ccccc1)Nc1nc2c(S(=O)(=O)c3ccccc3)nnn2c2ccsc12,5.97
ZINC000009971121,C[C@H](Cc1ccccc1)Nc1nc2c(S(=O)(=O)c3ccccc3)nnn2c2ccsc12,5.97
ZINC000009971160,O=S(=O)(c1ccc(Cl)cc1)c1nnn2c1nc(NCc1ccco1)c1sccc12,6.39
ZINC000009971167,COc1ccccc1CNc1nc2c(S(=O)(=O)c3ccc(Cl)cc3)nnn2c2ccsc12,5.94
ZINC000009971172,C[C@H](Nc1nc2c(S(=O)(=O)c3ccc(Cl)cc3)nnn2c2ccsc12)c1ccccc1,6.55
ZINC000009971175,C[C@@H](Nc1nc2c(S(=O)(=O)c3ccc(Cl)cc3)nnn2c2ccsc12)c1ccccc1,6.55
ZINC000009971181,CCN(Cc1ccccc1)c1nc2c(S(=O)(=O)c3ccc(Cl)cc3)nnn2c2ccsc12,6.24
ZINC000010272373,Cc1ccc(S(=O)(=O)c2nnn3c2nc(Nc2cccc(F)c2)c2sccc23)cc1,5.42
ZINC000010272485,Cc1ccc(S(=O)(=O)c2nnn3c2nc(Nc2ccc(Cl)cc2)c2sccc23)cc1C,5.84
ZINC000010272516,O=S(=O)(c1cccc(Cl)c1)c1nnn2c1nc(NCCc1ccccc1)c1sccc12,6.09
ZINC000010272518,COc1ccccc1CNc1nc2c(S(=O)(=O)c3cccc(Cl)c3)nnn2c2ccsc12,6.11
ZINC000010272519,O=S(=O)(c1cccc(Cl)c1)c1nnn2c1nc(NC[C@@H]1CCCO1)c1sccc12,7.54
ZINC000010272520,O=S(=O)(c1cccc(Cl)c1)c1nnn2c1nc(NC[C@H]1CCCO1)c1sccc12,7.54
ZINC000012068667,COc1ccccc1N1CCN(CCCNS(=O)(=O)c2ccc3ccccc3c2)CC1,5.58
ZINC000013473855,O[C@H](c1ccc(F)cc1)C1CCN(CCc2ccccc2I)CC1,6.37
ZINC000013473856,O[C@@H](c1ccc(F)cc1)C1CCN(CCc2ccccc2I)CC1,6.37
ZINC000013491358,C[C@H]1C[C@@H](C)N1C(=O)[C@@H]1C=C2c3cccc4[nH]cc(c34)C[C@H]2N(C)C1,7.89
ZINC000013491359,C[C@@H]1C[C@@H](C)N1C(=O)[C@@H]1C=C2c3cccc4[nH]cc(c34)C[C@H]2N(C)C1,7.21
ZINC000013491360,C[C@H]1C[C@H](C)N1C(=O)[C@@H]1C=C2c3cccc4[nH]cc(c34)C[C@H]2N(C)C1,7.82
ZINC000013527318,C[C@@H](N)Cc1c[nH]c2ccc3c(c12)CCCO3,6.4
ZINC000013528549,CSc1nc2ccc(F)cn2c(=N)c1S(=O)(=O)c1ccccc1,7.55
ZINC000013528552,CCc1ccn2c(=N)c(S(=O)(=O)c3ccccc3)c(SC)nc2c1,7.15
ZINC000013528555,CSc1nc2c(Br)cc(C)cn2c(=N)c1S(=O)(=O)c1ccccc1,6.9
ZINC000013528558,CSc1nc2c3ccccc3ccn2c(=N)c1S(=O)(=O)c1ccccc1,7.26
ZINC000013528561,CSc1nc2ccccn2c(=N)c1S(=O)(=O)c1ccc2ccccc2c1,7.23
ZINC000013528564,CCCS(=O)(=O)c1c(SC)nc2ccccn2c1=N,5.45
ZINC000013645866,O=S(=O)(c1cccc2ccccc12)n1ccc2ccc(N3CCN4CCC[C@@H]4C3)cc21,9.7
ZINC000013645868,O=S(=O)(c1cccc2ccccc12)n1ccc2ccc(C3=CCN4CCC[C@@H]4C3)cc21,8.89
ZINC000013645870,O=S(=O)(c1cccc2ccccc12)n1ccc2ccc(C3=CCN4CCC[C@H]4C3)cc21,8.89
ZINC000013645873,O=S(=O)(c1cccc2ccccc12)n1ccc2ccc([C@@H]3CCN4CCC[C@@H]4C3)cc21,9.22
ZINC000013645875,O=S(=O)(c1cccc2ccccc12)n1ccc2ccc([C@H]3CCN4CCC[C@@H]4C3)cc21,9.22
ZINC000013805820,COc1ccc2[nH]c3c(c2c1)[C@H](CN(C)C)CCC3,6.77
ZINC000013805823,COc1ccc2[nH]c3c(c2c1)[C@@H](CN(C)C)CCC3,6.77
ZINC000013864326,N#Cc1ccc(CCOC(=O)N2CCN(CCCC(c3ccc(F)cc3)c3ccc(F)cc3)CC2)cc1,5.64
ZINC000013864327,O=C(OCCc1ccc(F)cc1)N1CCN(CCCC(c2ccc(F)cc2)c2ccc(F)cc2)CC1,5.82
ZINC000013864328,O=C(CCc1ccc(F)cc1)N1CCN(CCCC(c2ccc(F)cc2)c2ccc(F)cc2)CC1,5.87
ZINC000013864332,CCOc1ccc(CCNC(=O)N2CCN(CCCC(c3ccc(F)cc3)c3ccc(F)cc3)CC2)cc1,6.1
ZINC000013864333,O=C(CCCc1ccccc1)N1CCN(CCCC(c2ccc(F)cc2)c2ccc(F)cc2)CC1,5.11
ZINC000013864334,N#Cc1ccc(CCOC(=O)NC2CCN(CCCC(c3ccc(F)cc3)c3ccc(F)cc3)CC2)cc1,6.37
ZINC000013864764,COc1ccc2c(c1)[C@H](CCN(C)C)CN2S(=O)(=O)c1ccccc1,7.2
ZINC000013864765,COc1ccc2c(c1)[C@@H](CCN(C)C)CN2S(=O)(=O)c1ccccc1,7.2
ZINC000013974598,COc1ccc(S(=O)(=O)N2C[C@H](C(=O)N3CCNCC3)c3ccccc32)c2ccccc12,8.1
ZINC000013974599,COc1ccc(S(=O)(=O)N2C[C@H](C(=O)NC3CCN(C)CC3)c3ccccc32)c2ccccc12,7.6
ZINC000013974600,CN1CCC(N(C)C(=O)[C@H]2CN(S(=O)(=O)c3ccc(OC(F)(F)F)cc3)c3ccccc32)CC1,7.7
ZINC000013974601,CN1CCC(N(C)C(=O)[C@H]2CN(S(=O)(=O)c3ccc(C(F)(F)F)cc3)c3ccccc32)CC1,7.6
ZINC000013974603,CN1CCC(N(C)C(=O)[C@H]2CN(S(=O)(=O)c3cccc4ccccc34)c3ccccc32)CC1,7.5
ZINC000013975494,O=S(=O)(c1cccc(F)c1)c1cn([C@@H]2CCCNC2)c2ccc(F)cc12,8.4
ZINC000013975495,O=S(=O)(c1ccccc1)c1cn([C@@H]2CCCNC2)c2ccccc12,7.89
ZINC000013975496,O=S(=O)(c1ccccc1)c1cn([C@@H]2CCNC2)c2ccccc12,8.3
ZINC000013975497,O=S(=O)(c1cn([C@@H]2CCCNC2)c2ccccc12)c1cccc2cccnc12,8.25
ZINC000013975499,COc1ccc2c(c1)c(S(=O)(=O)c1cccc(F)c1)cn2[C@@H]1CCCNC1,7.97
ZINC000014175536,COc1ccc(S(=O)(=O)N2C[C@H](C(=O)N(C)C3CCN(C)CC3)c3ccccc32)c2ccccc12,8.1
ZINC000019362650,CSc1ccc2c(c1)[C@@H](N1CCN(C)CC1)Cc1ccccc1S2,9.4
ZINC000019362651,CSc1ccc2c(c1)[C@H](N1CCN(C)CC1)Cc1ccccc1S2,9.4
ZINC000019368911,CN1CCN([C@H]2Cc3ccccc3Sc3ccc(Cl)cc32)CC1,7.3
ZINC000019774764,O=S(=O)(Nc1cc2c(c3ccccc13)O[C@]1(N3CCOCC3)CCCC[C@@H]21)c1ccccc1,5.01
ZINC000019774766,O=S(=O)(Nc1cc2c(c3ccccc13)O[C@]1(N3CCOCC3)CCCC[C@H]21)c1ccccc1,5.01
ZINC000019774768,O=S(=O)(Nc1cc2c(c3ccccc13)O[C@@]1(N3CCOCC3)CCCC[C@@H]21)c1ccccc1,5.01
ZINC000019774770,O=S(=O)(Nc1cc2c(c3ccccc13)O[C@@]1(N3CCOCC3)CCCC[C@H]21)c1ccccc1,5.01
ZINC000020516283,NC(=O)C1CCN(c2nc3c(S(=O)(=O)c4ccccc4)nnn3c3ccsc23)CC1,5.7
ZINC000020516287,O=S(=O)(c1ccccc1)c1nnn2c1nc(NCc1ccc3c(c1)OCO3)c1sccc12,6.54
ZINC000020516291,COCCCNc1nc2c(S(=O)(=O)c3ccccc3)nnn2c2ccsc12,6.59
ZINC000020516293,O=S(=O)(c1ccccc1)c1nnn2c1nc(Nc1ccc(F)cc1)c1sccc12,6.22
ZINC000020516297,O=S(=O)(c1ccccc1)c1nnn2c1nc(Nc1cccc(C(F)(F)F)c1)c1sccc12,6.09
ZINC000020516299,Cc1ccc(S(=O)(=O)c2nnn3c2nc(NCc2ccco2)c2sccc23)cc1,6.3
ZINC000020516301,COc1ccccc1CNc1nc2c(S(=O)(=O)c3ccc(C)cc3)nnn2c2ccsc12,6.24
ZINC000020516310,Cc1ccc(S(=O)(=O)c2nnn3c2nc(NCc2ccco2)c2sccc23)cc1C,6.11
ZINC000020516317,Cc1ccc(S(=O)(=O)c2nnn3c2nc(NCCC(C)C)c2sccc23)cc1C,7.34
ZINC000020516319,Cc1ccc(S(=O)(=O)c2nnn3c2nc(NC(C)C)c2sccc23)cc1C,6.12
ZINC000020516352,O=S(=O)(c1ccc(Cl)cc1)c1nnn2c1nc(NC[C@@H]1CCCO1)c1sccc12,6.32
ZINC000020516354,O=S(=O)(c1ccc(Cl)cc1)c1nnn2c1nc(NC[C@H]1CCCO1)c1sccc12,6.32
ZINC000020516360,COCCNc1nc2c(S(=O)(=O)c3ccc(Cl)cc3)nnn2c2ccsc12,5.66
ZINC000020516372,CC(C)c1ccc(S(=O)(=O)c2nnn3c2nc(NCc2ccccc2Cl)c2sccc23)cc1,5.74
ZINC000020516400,Cc1cccc(Nc2nc3c(S(=O)(=O)c4ccc(C(C)C)cc4)nnn3c3ccsc23)c1,6.23
ZINC000020516442,Cc1ccc(C)c(S(=O)(=O)c2nnn3c2nc(NCCc2ccccc2)c2sccc23)c1,6.17
ZINC000020516456,Cc1ccc(C)c(S(=O)(=O)c2nnn3c2nc(N[C@H](C)c2ccccc2)c2sccc23)c1,6.77
ZINC000020516458,Cc1ccc(C)c(S(=O)(=O)c2nnn3c2nc(N[C@@H](C)c2ccccc2)c2sccc23)c1,6.77
ZINC000020516464,COCCCNc1nc2c(S(=O)(=O)c3cc(C)ccc3C)nnn2c2ccsc12,5.89
ZINC000020516497,O=S(=O)(c1cccc(Cl)c1)c1nnn2c1nc(Nc1ccccc1)c1sccc12,6.04
ZINC000020516499,Cc1ccc(Nc2nc3c(S(=O)(=O)c4cccc(Cl)c4)nnn3c3ccsc23)cc1,5.92
ZINC000020516501,O=S(=O)(c1cccc(Cl)c1)c1nnn2c1nc(Nc1cccc(C(F)(F)F)c1)c1sccc12,5.97
ZINC000020922168,COc1ccccc1CNc1nc2c(S(=O)(=O)c3ccc(C)c(C)c3)nnn2c2ccsc12,6.33
ZINC000020922174,COCCCNc1nc2c(S(=O)(=O)c3ccc(C)c(C)c3)nnn2c2ccsc12,5.62
ZINC000020922192,Cc1cccc(Nc2nc3c(S(=O)(=O)c4ccc(Cl)cc4)nnn3c3ccsc23)c1C,6.1
ZINC000020922238,Nc1nc2c(S(=O)(=O)c3ccc(Br)cc3)nnn2c2ccsc12,6.21
ZINC000020922262,O=S(=O)(c1cccc(Cl)c1)c1nnn2c1nc(NCc1ccco1)c1sccc12,6.72
ZINC000020922267,O=S(=O)(c1cccc(Cl)c1)c1nnn2c1nc(N1CCOCC1)c1sccc12,5.98
ZINC000020922280,O=S(=O)(c1cccc(Cl)c1)c1nnn2c1nc(N1CCCCCC1)c1sccc12,5.81
ZINC000020922285,CC(C)CCNc1nc2c(S(=O)(=O)c3cccc(Cl)c3)nnn2c2ccsc12,7.17
ZINC000020922291,CCCCNc1nc2c(S(=O)(=O)c3cccc(Cl)c3)nnn2c2ccsc12,7.22
ZINC000020922296,O=S(=O)(c1cccc(Cl)c1)c1nnn2c1nc(NCc1cccs1)c1sccc12,6.82
ZINC000020922302,COCCCNc1nc2c(S(=O)(=O)c3cccc(Cl)c3)nnn2c2ccsc12,6.82
ZINC000022032760,CN1CCN([C@@H]2Cc3ccccc3Sc3ccc(Cl)cc32)CC1,7.3
ZINC000022467690,C1CCN2CCNC[C@@H]2C1,8.3
ZINC000022467694,C1CCN2CCNC[C@H]2C1,8.3
ZINC000022939993,Brc1ccc2ccn(CCN3CCCN4CCCC[C@@H]4C3)c2c1,5.39
ZINC000026665738,COc1ccc2c(c1)c1c(n2S(=O)(=O)c2ccccc2)CCC[C@H]1CN(C)C,8.82
ZINC000026665743,COc1ccc2c(c1)c1c(n2S(=O)(=O)c2ccccc2)CCC[C@@H]1CN(C)C,8.82
ZINC000026671368,COc1ccc2c(c1)c1c(n2Cc2ccccc2)CCC[C@H]1CN(C)C,6.87
ZINC000026671372,COc1ccc2c(c1)c1c(n2Cc2ccccc2)CCC[C@@H]1CN(C)C,6.87
ZINC000027431636,C[C@H]1C[C@H](C)N1C(=O)[C@@H]1C=C2c3cccc4[nH]cc(c34)C[C@@H]2N(C)C1,7.82
ZINC000027431914,C[C@H]1C[C@@H](C)N1C(=O)[C@@H]1C=C2c3cccc4[nH]cc(c34)C[C@@H]2N(C)C1,7.89
ZINC000027442436,C[C@@H]1C[C@@H](C)N1C(=O)[C@@H]1C=C2c3cccc4[nH]cc(c34)C[C@@H]2N(C)C1,7.21
ZINC000028005621,CN(C)CCCc1c(-c2cccc(Br)c2)[nH]c2ccccc12,9.15
ZINC000028087726,COc1ccc2c(c1)c1c(n2Cc2ccccc2)CCC[C@H]1CN,6.52
ZINC000028087730,COc1ccc2c(c1)c1c(n2Cc2ccccc2)CCC[C@@H]1CN,6.52
ZINC000028087735,CN(C)C[C@@H]1CCCc2c1c1ccccc1n2Cc1ccccc1,7.19
ZINC000028087740,CN(C)C[C@H]1CCCc2c1c1ccccc1n2Cc1ccccc1,7.19
ZINC000028091654,COc1ccc2c(c1)c1c(n2S(=O)(=O)c2ccc3ccccc3c2)CCC[C@H]1CN(C)C,8.29
ZINC000028091661,COc1ccc2c(c1)c1c(n2S(=O)(=O)c2ccc3ccccc3c2)CCC[C@@H]1CN(C)C,8.29
ZINC000028091667,COc1ccc2c(c1)c1c(n2S(=O)(=O)c2cccc3cccnc23)CCC[C@H]1CN(C)C,8.12
ZINC000028091672,COc1ccc2c(c1)c1c(n2S(=O)(=O)c2cccc3cccnc23)CCC[C@@H]1CN(C)C,8.12
ZINC000028092249,COc1ccc2c(c1)c1c(n2S(=O)(=O)c2ccc(Cl)cc2)CCC[C@H]1CN(C)C,8.3
ZINC000028092255,COc1ccc2c(c1)c1c(n2S(=O)(=O)c2ccc(Cl)cc2)CCC[C@@H]1CN(C)C,8.3
ZINC000028094129,COc1ccc2c(c1)c1c(n2S(=O)(=O)c2ccc(N)cc2)CCC[C@H]1CN(C)C,8.7
ZINC000028094134,COc1ccc2c(c1)c1c(n2S(=O)(=O)c2ccc(N)cc2)CCC[C@@H]1CN(C)C,8.7
ZINC000028094140,COc1ccc2c(c1)c1c(n2S(=O)(=O)c2cccc3ccccc23)CCC[C@H]1CN(C)C,7.85
ZINC000028094145,COc1ccc2c(c1)c1c(n2S(=O)(=O)c2cccc3ccccc23)CCC[C@@H]1CN(C)C,7.85
ZINC000028095848,COc1ccc(OC)c(S(=O)(=O)n2c3c(c4cc(OC)ccc42)[C@H](CN(C)C)CCC3)c1,9.52
ZINC000028095853,COc1ccc(OC)c(S(=O)(=O)n2c3c(c4cc(OC)ccc42)[C@@H](CN(C)C)CCC3)c1,9.52
ZINC000028103391,COc1ccc2c(c1)c1c(n2S(=O)(=O)Cc2ccccc2)CCC[C@H]1CN(C)C,6.7
ZINC000028103396,COc1ccc2c(c1)c1c(n2S(=O)(=O)Cc2ccccc2)CCC[C@@H]1CN(C)C,6.7
ZINC000028105377,COc1ccc(S(=O)(=O)n2c3c(c4cc(OC)ccc42)[C@H](CN(C)C)CCC3)cc1,7.33
ZINC000028105384,COc1ccc(S(=O)(=O)n2c3c(c4cc(OC)ccc42)[C@@H](CN(C)C)CCC3)cc1,7.33
ZINC000028106358,COc1ccc2c(c1)c1c(n2S(=O)(=O)c2ccc(C)cc2)CCC[C@H]1CN(C)C,8.03
ZINC000028106363,COc1ccc2c(c1)c1c(n2S(=O)(=O)c2ccc(C)cc2)CCC[C@@H]1CN(C)C,8.03
ZINC000028108815,COc1ccc2c(c1)c1c(n2S(=O)(=O)c2ccc(I)cc2)CCC[C@H]1CN(C)C,8.62
ZINC000028108819,COc1ccc2c(c1)c1c(n2S(=O)(=O)c2ccc(I)cc2)CCC[C@@H]1CN(C)C,8.62
ZINC000028121275,O=C(c1ccccc1)c1ccc(N2CCNCC2)c2ccccc12,7.24
ZINC000028133343,c1ccc(-c2ccc(N3CCNCC3)c3ccccc23)cc1,6.72
ZINC000028330999,O=S(=O)(c1ccc(NO)cc1)c1cccc2ccccc12,7.2
ZINC000028335599,Nc1ccc(S(=O)(=O)c2ccc(N3CCNCC3)c3ccccc23)cc1,9.05
ZINC000028335820,CCc1cc(N2CCNCC2)c2ccccc2c1,7.68
ZINC000028337386,c1ccc(-c2cc(N3CCNCC3)c3ccccc3c2)cc1,8.03
ZINC000028341342,Brc1ccc(N2CCNCC2)c2ccccc12,7.27
ZINC000028341869,c1ccc(Cc2ccc(N3CCNCC3)c3ccccc23)cc1,7.46
ZINC000028342073,C[C@@H](Nc1nc(N)nc(NCCc2cccs2)n1)c1ccc(F)cc1,6.42
ZINC000028342079,C[C@H](Nc1nc(N)nc(NCCc2cccs2)n1)c1ccc(F)cc1,6.42
ZINC000028397608,CN1CCC[C@@H]1Cc1c[nH]c2ccccc12,6.19
ZINC000028457808,CN1CCC[C@H]1Cc1c[nH]c2ccccc12,8.04
ZINC000028458265,c1ccc2c(C[C@@H]3CCCN3)c[nH]c2c1,5.62
ZINC000028460406,CN1CCC[C@H]1Cn1cc(Cc2ccccc2)c2ccccc21,7.54
ZINC000028461235,CN1CCC[C@H]1Cn1ccc2ccccc21,5.06
ZINC000028462190,c1ccc2c(C[C@H]3CCCN3)c[nH]c2c1,7.22
ZINC000028462267,O=S(=O)(c1ccccc1)n1cc(C[C@H]2CCCN2)c2ccccc21,8.11
ZINC000028462605,CN1CCC[C@@H]1Cn1cc(Cc2ccccc2)c2ccccc21,8.0
ZINC000028464613,CN1CCC[C@@H]1Cn1ccc2ccccc21,6.26
ZINC000028478081,Nc1ccc(S[C@@H]2CCc3ccccc32)cc1,5.38
ZINC000028478084,Nc1ccc(S[C@H]2CCc3ccccc32)cc1,5.38
ZINC000028478087,Nc1ccc(S(=O)(=O)[C@@H]2CCc3ccccc32)cc1,6.13
ZINC000028478089,Nc1ccc(S(=O)(=O)[C@H]2CCc3ccccc32)cc1,6.13
ZINC000028523078,CCN1CC=C(c2c(C)[nH]c3ccc(Cl)cc23)CC1,7.52
ZINC000028523079,CCCN1CC=C(c2c(C)[nH]c3ccc(Cl)cc23)CC1,7.22
ZINC000028523080,CCCCN1CC=C(c2c(C)[nH]c3ccc(Cl)cc23)CC1,7.3
ZINC000028523148,Nc1ccc(C[C@@H]2CCc3ccccc32)cc1,5.21
ZINC000028523149,Nc1ccc(C[C@H]2CCc3ccccc32)cc1,5.21
ZINC000028523298,CNCCC1=C[C@@H](CCc2ccccc2)c2ccccc21,7.0
ZINC000028523299,CNCCC1=C[C@H](CCc2ccccc2)c2ccccc21,7.0
ZINC000028523550,CNCCC1=C[C@@H](Cc2ccccc2)c2ccccc21,8.52
ZINC000028523551,CNCCC1=C[C@H](Cc2ccccc2)c2ccccc21,8.52
ZINC000028523571,Nc1ccc(C[C@@H]2C=Cc3ccccc32)cc1,5.35
ZINC000028523572,Nc1ccc(C[C@H]2C=Cc3ccccc32)cc1,5.35
ZINC000028523593,CCCc1[nH]c2ccc(Cl)cc2c1C1=CCNCC1,7.4
ZINC000028523765,CC(C)c1[nH]c2ccc(Cl)cc2c1C1=CCNCC1,7.0
ZINC000028523766,Cc1[nH]c2ccc(Cl)cc2c1C1=CCN(C)CC1,8.0
ZINC000028523920,Cc1c(S(=O)(=O)n2cc([C@@H]3CCCNC3)c3ccccc32)sc2ccc(Cl)cc12,7.36
ZINC000028523921,Cc1c(S(=O)(=O)n2cc([C@H]3CCCNC3)c3ccccc32)sc2ccc(Cl)cc12,7.36
ZINC000028524771,O=S(=O)(c1cccs1)n1cc([C@@H]2CCCNC2)c2ccccc21,8.01
ZINC000028524772,O=S(=O)(c1cccs1)n1cc([C@H]2CCCNC2)c2ccccc21,8.01
ZINC000028524773,O=S(=O)(c1ccc(Cl)s1)n1cc([C@@H]2CCCNC2)c2ccccc21,8.52
ZINC000028524774,O=S(=O)(c1ccc(Cl)s1)n1cc([C@H]2CCCNC2)c2ccccc21,8.52
ZINC000028525006,CCc1[nH]c2ccc(Cl)cc2c1C1=CCN(CC)CC1,7.15
ZINC000028525109,O=S(=O)(c1ccccc1Br)n1cc([C@@H]2CCN(Cc3ccccc3)C2)c2ccccc21,7.85
ZINC000028525110,O=S(=O)(c1ccccc1Br)n1cc([C@H]2CCN(Cc3ccccc3)C2)c2ccccc21,7.85
ZINC000028525726,COc1ccc(S(=O)(=O)n2cc([C@@H]3CCCNC3)c3ccccc32)cc1,8.14
ZINC000028525727,COc1ccc(S(=O)(=O)n2cc([C@H]3CCCNC3)c3ccccc32)cc1,8.14
ZINC000028525728,O=S(=O)(c1ccc(F)c(F)c1)n1cc([C@@H]2CCCNC2)c2ccccc21,8.15
ZINC000028525729,O=S(=O)(c1ccc(F)c(F)c1)n1cc([C@H]2CCCNC2)c2ccccc21,8.15
ZINC000028526105,Cc1ccc(S(=O)(=O)n2cc([C@@H]3CCN(Cc4ccccc4)C3)c3ccccc32)cc1,8.1
ZINC000028526106,Cc1ccc(S(=O)(=O)n2cc([C@H]3CCN(Cc4ccccc4)C3)c3ccccc32)cc1,8.1
ZINC000028526107,Nc1ccc(S(=O)(=O)n2cc([C@@H]3CCN(Cc4ccccc4)C3)c3ccccc32)cc1,9.0
ZINC000028526108,Nc1ccc(S(=O)(=O)n2cc([C@H]3CCN(Cc4ccccc4)C3)c3ccccc32)cc1,9.0
ZINC000028526173,Cc1[nH]c2ccc(Cl)cc2c1C1=CCN(Cc2ccccc2)CC1,6.22
ZINC000028526174,C1=C(c2c(-c3ccccc3)[nH]c3ccccc23)CCNC1,8.7
ZINC000028526198,Cc1[nH]c2ccc(Cl)cc2c1CCN(C)C,7.4
ZINC000028526199,CCc1[nH]c2ccc(Cl)cc2c1C1=CCNCC1,7.52
ZINC000028526364,CCc1[nH]c2ccc(OC)cc2c1C1CCNCC1,6.52
ZINC000028526365,CCc1[nH]c2ccc(OC)cc2c1C1=CCNCC1,7.05
ZINC000028526528,COc1ccc2[nH]c(C)c(C3=CCNCC3)c2c1,7.1
ZINC000028526529,Cc1[nH]c2ccc(Cl)cc2c1C1=C[C@H]2CC[C@@H](C1)N2C,7.4
ZINC000028526553,O=S(=O)(c1ccc(Br)s1)n1cc([C@@H]2CCN(Cc3ccccc3)C2)c2ccccc21,8.05
ZINC000028526554,O=S(=O)(c1ccc(Br)s1)n1cc([C@H]2CCN(Cc3ccccc3)C2)c2ccccc21,8.05
ZINC000028526555,Cc1nc(N)sc1S(=O)(=O)n1cc([C@@H]2CCN(Cc3ccccc3)C2)c2ccccc21,8.52
ZINC000028526556,Cc1nc(N)sc1S(=O)(=O)n1cc([C@H]2CCN(Cc3ccccc3)C2)c2ccccc21,8.52
ZINC000028527034,O=S(=O)(c1ccc(C(F)(F)F)cc1)n1cc([C@@H]2CCCNC2)c2ccccc21,8.0
ZINC000028527036,O=S(=O)(c1ccc(C(F)(F)F)cc1)n1cc([C@H]2CCCNC2)c2ccccc21,8.0
ZINC000028527073,O=S(=O)(c1ccc(Cl)c(Cl)c1)n1cc([C@@H]2CCN(Cc3ccccc3)C2)c2ccccc21,7.82
ZINC000028527075,O=S(=O)(c1ccc(Cl)c(Cl)c1)n1cc([C@H]2CCN(Cc3ccccc3)C2)c2ccccc21,7.82
ZINC000028763980,N#Cc1ccc2[nH]cc(C3=CCNCC3)c2c1,7.7
ZINC000028826835,C[C@@H](C(=O)N1c2ccccc2Sc2ccccc21)c1ccccc1,5.92
ZINC000028826836,C[C@H](C(=O)N1c2ccccc2Sc2ccccc21)c1ccccc1,5.92
ZINC000028861842,CN1C=C(S(=O)(=O)n2cc(CCN)c3ccccc32)S[C@@H]1N,8.02
ZINC000028861844,CN1C=C(S(=O)(=O)n2cc(CCN)c3ccccc32)S[C@H]1N,8.02
ZINC000028862158,O=S(=O)(c1ccccc1F)c1cn([C@@H]2CCNC2)c2ncccc12,8.7
ZINC000028862160,O=S(=O)(c1ccccc1F)c1cn([C@H]2CCNC2)c2ncccc12,8.7
ZINC000028862162,O=S(=O)(c1cccc(F)c1)c1cn([C@@H]2CCNC2)c2ncccc12,8.57
ZINC000028862164,O=S(=O)(c1cccc(F)c1)c1cn([C@H]2CCNC2)c2ncccc12,8.57
ZINC000028862174,O=S(=O)(c1ccc(F)cc1)c1cn([C@@H]2CCNC2)c2ncccc12,8.07
ZINC000028862176,O=S(=O)(c1ccc(F)cc1)c1cn([C@H]2CCNC2)c2ncccc12,8.07
ZINC000028862178,O=S(=O)(c1cccc(Cl)c1)c1cn([C@@H]2CCNC2)c2ncccc12,8.82
ZINC000028862180,O=S(=O)(c1cccc(Cl)c1)c1cn([C@H]2CCNC2)c2ncccc12,8.82
ZINC000028862181,O=S(=O)(c1ccc(Cl)cc1)c1cn([C@@H]2CCNC2)c2ncccc12,8.26
ZINC000028862183,O=S(=O)(c1ccc(Cl)cc1)c1cn([C@H]2CCNC2)c2ncccc12,8.26
ZINC000028862185,O=S(=O)(c1cccc(Br)c1)c1cn([C@@H]2CCNC2)c2ncccc12,8.89
ZINC000028862186,O=S(=O)(c1cccc(Br)c1)c1cn([C@H]2CCNC2)c2ncccc12,8.89
ZINC000028862192,O=S(=O)(c1ccc(Br)cc1)c1cn([C@@H]2CCNC2)c2ncccc12,8.37
ZINC000028862193,O=S(=O)(c1ccc(Br)cc1)c1cn([C@H]2CCNC2)c2ncccc12,8.37
ZINC000028862199,O=S(=O)(c1cccc(C(F)(F)F)c1)c1cn([C@@H]2CCNC2)c2ncccc12,8.89
ZINC000028862200,O=S(=O)(c1cccc(C(F)(F)F)c1)c1cn([C@H]2CCNC2)c2ncccc12,8.89
ZINC000028862202,CN1CC[C@@H](n2cc(S(=O)(=O)c3ccccc3)c3cccnc32)C1,8.6
ZINC000028862204,CN1CC[C@H](n2cc(S(=O)(=O)c3ccccc3)c3cccnc32)C1,8.6
ZINC000028862206,CN1CC[C@@H](n2cc(S(=O)(=O)c3ccccc3F)c3cccnc32)C1,8.25
ZINC000028862208,CN1CC[C@H](n2cc(S(=O)(=O)c3ccccc3F)c3cccnc32)C1,8.25
ZINC000028862210,CN1CC[C@@H](n2cc(S(=O)(=O)c3cccc(F)c3)c3cccnc32)C1,8.85
ZINC000028862211,CN1CC[C@H](n2cc(S(=O)(=O)c3cccc(F)c3)c3cccnc32)C1,8.85
ZINC000028862215,CN1CC[C@@H](n2cc(S(=O)(=O)c3ccc(F)cc3)c3cccnc32)C1,8.3
ZINC000028862217,CN1CC[C@H](n2cc(S(=O)(=O)c3ccc(F)cc3)c3cccnc32)C1,8.3
ZINC000028862222,CN1CC[C@@H](n2cc(S(=O)(=O)c3ccccc3Cl)c3cccnc32)C1,8.66
ZINC000028862223,CN1CC[C@H](n2cc(S(=O)(=O)c3ccccc3Cl)c3cccnc32)C1,8.66
ZINC000028862225,CN1CC[C@@H](n2cc(S(=O)(=O)c3cccc(Cl)c3)c3cccnc32)C1,8.82
ZINC000028862227,CN1CC[C@H](n2cc(S(=O)(=O)c3cccc(Cl)c3)c3cccnc32)C1,8.82
ZINC000028862231,CN1CC[C@@H](n2cc(S(=O)(=O)c3ccc(Cl)cc3)c3cccnc32)C1,8.38
ZINC000028862233,CN1CC[C@H](n2cc(S(=O)(=O)c3ccc(Cl)cc3)c3cccnc32)C1,8.38
ZINC000028862234,CN1CC[C@@H](n2cc(S(=O)(=O)c3cccc(Br)c3)c3cccnc32)C1,9.05
ZINC000028862236,CN1CC[C@H](n2cc(S(=O)(=O)c3cccc(Br)c3)c3cccnc32)C1,9.05
ZINC000028862238,CCN1CC[C@@H](n2cc(S(=O)(=O)c3ccccc3)c3cccnc32)C1,7.96
ZINC000028862240,CCN1CC[C@H](n2cc(S(=O)(=O)c3ccccc3)c3cccnc32)C1,7.96
ZINC000028862249,CCN1CC[C@@H](n2cc(S(=O)(=O)c3cccc(F)c3)c3cccnc32)C1,8.08
ZINC000028862251,CCN1CC[C@H](n2cc(S(=O)(=O)c3cccc(F)c3)c3cccnc32)C1,8.08
ZINC000028862254,CCN1CC[C@@H](n2cc(S(=O)(=O)c3cccc(Cl)c3)c3cccnc32)C1,8.48
ZINC000028862256,CCN1CC[C@H](n2cc(S(=O)(=O)c3cccc(Cl)c3)c3cccnc32)C1,8.48
ZINC000028862259,O=S(=O)(Cc1ccc(Cl)s1)c1cn([C@@H]2CCNC2)c2ncccc12,9.0
ZINC000028862261,O=S(=O)(Cc1ccc(Cl)s1)c1cn([C@H]2CCNC2)c2ncccc12,9.0
ZINC000028862270,O=S(=O)(c1cn([C@@H]2CCNC2)c2ncccc12)c1cccc2cccnc12,8.24
ZINC000028862272,O=S(=O)(c1cn([C@H]2CCNC2)c2ncccc12)c1cccc2cccnc12,8.24
ZINC000028862282,O=S(=O)(c1ccccc1)c1cn([C@@H]2CCCNC2)c2ncccc12,8.31
ZINC000028862284,O=S(=O)(c1ccccc1)c1cn([C@H]2CCCNC2)c2ncccc12,8.31
ZINC000028862286,CCN1CCC[C@@H](n2cc(S(=O)(=O)c3ccccc3)c3cccnc32)C1,8.44
ZINC000028862288,CCN1CCC[C@H](n2cc(S(=O)(=O)c3ccccc3)c3cccnc32)C1,8.44
ZINC000028862293,O=S(=O)(c1ccccc1Cl)c1cn([C@@H]2CCCNC2)c2ncccc12,8.43
ZINC000028862295,O=S(=O)(c1ccccc1Cl)c1cn([C@H]2CCCNC2)c2ncccc12,8.43
ZINC000028862297,O=S(=O)(c1cccc(Cl)c1)c1cn([C@@H]2CCCNC2)c2ncccc12,8.89
ZINC000028862299,O=S(=O)(c1cccc(Cl)c1)c1cn([C@H]2CCCNC2)c2ncccc12,8.89
ZINC000028862301,O=S(=O)(c1ccc(Cl)cc1)c1cn([C@@H]2CCCNC2)c2ncccc12,8.12
ZINC000028862303,O=S(=O)(c1ccc(Cl)cc1)c1cn([C@H]2CCCNC2)c2ncccc12,8.12
ZINC000028862312,CN1CCC[C@@H](n2cc(S(=O)(=O)c3ccc(Cl)cc3)c3cccnc32)C1,7.94
ZINC000028862314,CN1CCC[C@H](n2cc(S(=O)(=O)c3ccc(Cl)cc3)c3cccnc32)C1,7.94
ZINC000028862320,CCN1CCC[C@@H](n2cc(S(=O)(=O)c3ccc(Cl)cc3)c3cccnc32)C1,7.48
ZINC000028862321,CCN1CCC[C@H](n2cc(S(=O)(=O)c3ccc(Cl)cc3)c3cccnc32)C1,7.48
ZINC000028862326,CC(C)N1CCC[C@@H](n2cc(S(=O)(=O)c3ccc(Cl)cc3)c3cccnc32)C1,7.95
ZINC000028862328,CC(C)N1CCC[C@H](n2cc(S(=O)(=O)c3ccc(Cl)cc3)c3cccnc32)C1,7.95
ZINC000028862336,O=S(=O)(c1cccc(C(F)(F)F)c1)c1cn([C@@H]2CCCNC2)c2ncccc12,8.34
ZINC000028862338,O=S(=O)(c1cccc(C(F)(F)F)c1)c1cn([C@H]2CCCNC2)c2ncccc12,8.34
ZINC000028862341,O=S(=O)(c1ccc(C(F)(F)F)cc1)c1cn([C@@H]2CCCNC2)c2ncccc12,7.92
ZINC000028862343,O=S(=O)(c1ccc(C(F)(F)F)cc1)c1cn([C@H]2CCCNC2)c2ncccc12,7.92
ZINC000028862348,CN1CCC[C@@H](n2cc(S(=O)(=O)c3cccc(C(F)(F)F)c3)c3cccnc32)C1,8.68
ZINC000028862350,CN1CCC[C@H](n2cc(S(=O)(=O)c3cccc(C(F)(F)F)c3)c3cccnc32)C1,8.68
ZINC000028862352,O=S(=O)(c1cccc(Br)c1)c1cn([C@@H]2CCCNC2)c2ncccc12,8.42
ZINC000028862354,O=S(=O)(c1cccc(Br)c1)c1cn([C@H]2CCCNC2)c2ncccc12,8.42
ZINC000028862355,O=S(=O)(c1ccccc1F)c1cn([C@@H]2CCCNC2)c2ncccc12,8.7
ZINC000028862357,O=S(=O)(c1ccccc1F)c1cn([C@H]2CCCNC2)c2ncccc12,8.7
ZINC000028862366,O=S(=O)(c1cccc(F)c1)c1cn([C@@H]2CCCNC2)c2ncccc12,8.62
ZINC000028862368,O=S(=O)(c1cccc(F)c1)c1cn([C@H]2CCCNC2)c2ncccc12,8.62
ZINC000028862373,CN1CCC[C@@H](n2cc(S(=O)(=O)c3cccc(F)c3)c3cccnc32)C1,8.33
ZINC000028862375,CN1CCC[C@H](n2cc(S(=O)(=O)c3cccc(F)c3)c3cccnc32)C1,8.33
ZINC000028862376,CCN1CCC[C@@H](n2cc(S(=O)(=O)c3cccc(F)c3)c3cccnc32)C1,8.36
ZINC000028862378,CCN1CCC[C@H](n2cc(S(=O)(=O)c3cccc(F)c3)c3cccnc32)C1,8.36
ZINC000028862380,CC(C)N1CCC[C@@H](n2cc(S(=O)(=O)c3cccc(F)c3)c3cccnc32)C1,8.47
ZINC000028862382,CC(C)N1CCC[C@H](n2cc(S(=O)(=O)c3cccc(F)c3)c3cccnc32)C1,8.47
ZINC000028862384,CC(C)N1CCC[C@@H](n2cc(S(=O)(=O)c3cccc(Br)c3)c3cccnc32)C1,8.03
ZINC000028862386,CC(C)N1CCC[C@H](n2cc(S(=O)(=O)c3cccc(Br)c3)c3cccnc32)C1,8.03
ZINC000028862395,O=S(=O)(c1cc(Cl)cc(Cl)c1)c1cn([C@@H]2CCCNC2)c2ncccc12,8.21
ZINC000028862397,O=S(=O)(c1cc(Cl)cc(Cl)c1)c1cn([C@H]2CCCNC2)c2ncccc12,8.21
ZINC000028862398,CN1CCC[C@@H](n2cc(S(=O)(=O)c3cc(Cl)cc(Cl)c3)c3cccnc32)C1,8.41
ZINC000028862400,CN1CCC[C@H](n2cc(S(=O)(=O)c3cc(Cl)cc(Cl)c3)c3cccnc32)C1,8.41
ZINC000028862407,CCN1CCC[C@@H](n2cc(S(=O)(=O)c3cc(Cl)cc(Cl)c3)c3cccnc32)C1,7.87
ZINC000028862409,CCN1CCC[C@H](n2cc(S(=O)(=O)c3cc(Cl)cc(Cl)c3)c3cccnc32)C1,7.87
ZINC000028862411,O=S(=O)(c1ccc(Cl)s1)c1cn([C@@H]2CCCNC2)c2ncccc12,8.92
ZINC000028862413,O=S(=O)(c1ccc(Cl)s1)c1cn([C@H]2CCCNC2)c2ncccc12,8.92
ZINC000028862417,CN1CCC[C@@H](n2cc(S(=O)(=O)c3ccc(Cl)s3)c3cccnc32)C1,8.72
ZINC000028862419,CN1CCC[C@H](n2cc(S(=O)(=O)c3ccc(Cl)s3)c3cccnc32)C1,8.72
ZINC000028862424,CCN1CCC[C@@H](n2cc(S(=O)(=O)c3ccc(Cl)s3)c3cccnc32)C1,8.49
ZINC000028862426,CCN1CCC[C@H](n2cc(S(=O)(=O)c3ccc(Cl)s3)c3cccnc32)C1,8.49
ZINC000028884084,CN(C)C[C@@H]1CCCc2c1c1ccccc1n2S(=O)(=O)c1ccccc1,8.82
ZINC000028884090,CN(C)C[C@H]1CCCc2c1c1ccccc1n2S(=O)(=O)c1ccccc1,8.82
ZINC000028948404,O=C1C[C@@H](CN2CCC(c3noc4cc(F)ccc34)CC2)Cc2n[nH]cc21,6.2
ZINC000028948406,O=C1C[C@H](CN2CCC(c3noc4cc(F)ccc34)CC2)Cc2n[nH]cc21,6.2
ZINC000028976873,C[C@@]1(c2ccccc2)C(=O)Nc2cc(Cl)cc(Cl)c2C1=O,7.26
ZINC000028976876,C[C@]1(c2ccccc2)C(=O)Nc2cc(Cl)cc(Cl)c2C1=O,7.26
ZINC000028977887,C[C@@]1(c2ccccc2)C(=O)Nc2cc(Br)cc(Br)c2C1=O,6.71
ZINC000028977892,C[C@]1(c2ccccc2)C(=O)Nc2cc(Br)cc(Br)c2C1=O,6.71
ZINC000028977925,COc1cc(Cl)c2c(c1)NC(=O)[C@](C)(c1ccccc1)C2=O,6.46
ZINC000028977927,COc1cc(Cl)c2c(c1)NC(=O)[C@@](C)(c1ccccc1)C2=O,6.46
ZINC000028978293,COc1cc(Br)c2c(c1)NC(=O)[C@](C)(c1ccccc1)C2=O,7.14
ZINC000028978296,COc1cc(Br)c2c(c1)NC(=O)[C@@](C)(c1ccccc1)C2=O,7.14
ZINC000028978343,COc1cc2c(c(OC)c1)C(=O)[C@](C)(c1ccccc1)C(=O)N2,6.14
ZINC000028978346,COc1cc2c(c(OC)c1)C(=O)[C@@](C)(c1ccccc1)C(=O)N2,6.14
ZINC000028978350,CN(C)c1cc(Cl)c2c(c1)NC(=O)[C@](C)(c1ccccc1)C2=O,6.15
ZINC000028978354,CN(C)c1cc(Cl)c2c(c1)NC(=O)[C@@](C)(c1ccccc1)C2=O,6.15
ZINC000028978365,C[C@@]1(c2ccc(I)cc2)C(=O)Nc2cc(Cl)cc(Cl)c2C1=O,6.02
ZINC000028978372,C[C@]1(c2ccc(I)cc2)C(=O)Nc2cc(Cl)cc(Cl)c2C1=O,6.02
ZINC000028978456,C[C@@]1(c2ccc(Cl)cc2)C(=O)Nc2cc(Cl)cc(Cl)c2C1=O,6.06
ZINC000028978460,C[C@]1(c2ccc(Cl)cc2)C(=O)Nc2cc(Cl)cc(Cl)c2C1=O,6.06
ZINC000028978464,C[C@@]1(c2ccc(Br)cc2)C(=O)Nc2cc(Cl)cc(Cl)c2C1=O,6.52
ZINC000028978469,C[C@]1(c2ccc(Br)cc2)C(=O)Nc2cc(Cl)cc(Cl)c2C1=O,6.52
ZINC000028978473,C[C@@]1(c2cccc(O)c2)C(=O)Nc2cc(Cl)cc(Cl)c2C1=O,7.52
ZINC000028978477,C[C@]1(c2cccc(O)c2)C(=O)Nc2cc(Cl)cc(Cl)c2C1=O,7.52
ZINC000028978494,C[C@@]1(c2ccc(O)cc2)C(=O)Nc2cc(Cl)cc(Cl)c2C1=O,7.91
ZINC000028978498,C[C@]1(c2ccc(O)cc2)C(=O)Nc2cc(Cl)cc(Cl)c2C1=O,7.91
ZINC000028978514,C[C@@]1(c2ccc(N)cc2)C(=O)Nc2cc(Cl)cc(Cl)c2C1=O,6.81
ZINC000028978519,C[C@]1(c2ccc(N)cc2)C(=O)Nc2cc(Cl)cc(Cl)c2C1=O,6.81
ZINC000028978523,CNc1ccc([C@@]2(C)C(=O)Nc3cc(Cl)cc(Cl)c3C2=O)cc1,6.59
ZINC000028978527,CNc1ccc([C@]2(C)C(=O)Nc3cc(Cl)cc(Cl)c3C2=O)cc1,6.59
ZINC000028978530,CN(C)c1ccc([C@@]2(C)C(=O)Nc3cc(Cl)cc(Cl)c3C2=O)cc1,6.46
ZINC000028978534,CN(C)c1ccc([C@]2(C)C(=O)Nc3cc(Cl)cc(Cl)c3C2=O)cc1,6.46
ZINC000028978539,CCNc1ccc([C@@]2(C)C(=O)Nc3cc(Cl)cc(Cl)c3C2=O)cc1,7.55
ZINC000028978543,CCNc1ccc([C@]2(C)C(=O)Nc3cc(Cl)cc(Cl)c3C2=O)cc1,7.55
ZINC000028978547,CCN(CC)c1ccc([C@@]2(C)C(=O)Nc3cc(Cl)cc(Cl)c3C2=O)cc1,8.04
ZINC000028978551,CCN(CC)c1ccc([C@]2(C)C(=O)Nc3cc(Cl)cc(Cl)c3C2=O)cc1,8.04
ZINC000028978554,C[C@@]1(c2cccc(OCc3ccccc3)c2)C(=O)Nc2cc(Cl)cc(Cl)c2C1=O,7.08
ZINC000028978558,C[C@]1(c2cccc(OCc3ccccc3)c2)C(=O)Nc2cc(Cl)cc(Cl)c2C1=O,7.08
ZINC000028978589,C[C@@]1(c2ccc(O)c(Br)c2)C(=O)Nc2cc(Cl)cc(Cl)c2C1=O,7.11
ZINC000028978592,C[C@]1(c2ccc(O)c(Br)c2)C(=O)Nc2cc(Cl)cc(Cl)c2C1=O,7.11
ZINC000029055364,CC[C@@]1(CCCCN2CCN(c3ccc(Cl)cc3)CC2)C(=O)Nc2cc(F)ccc21,6.73
ZINC000029055368,CC[C@]1(CCCCN2CCN(c3ccc(Cl)cc3)CC2)C(=O)Nc2cc(F)ccc21,6.73
ZINC000029055372,O=C1Nc2ccccc2[C@@H]1CCCCN1CCN(c2ccc(Cl)cc2)CC1,6.24
ZINC000029055379,O=C1Nc2ccc(F)cc2[C@H]1CCCCN1CCN(c2ccccc2)CC1,5.74
ZINC000029128986,COc1c(OCCF)cccc1[C@@H](O)C1CCN(CCc2ccc(F)cc2)CC1,5.41
ZINC000029130869,N=C1NCc2c(ccc(Cl)c2Cl)N1,5.94
ZINC000029409606,Cc1ccc(S(=O)(=O)n2ccc3ccc(N4CCN5CCC[C@@H]5C4)cc32)cc1,8.48
ZINC000029413596,O=S(=O)(c1cccc2ccccc12)n1ccc2ccc([C@]3(O)CCN4CCC[C@@H]4C3)cc21,8.33
ZINC000029413599,O=S(=O)(c1cccc2ccccc12)n1ccc2ccc([C@@]3(O)CCN4CCC[C@@H]4C3)cc21,8.33
ZINC000029414310,O=S(=O)(c1ccccc1)n1ccc2ccc(N3CCN4CCCC[C@@H]4C3)cc21,8.24
ZINC000029416979,O=S(=O)(c1ccc2ccccc2c1)n1ccc2ccc(N3CCN4CCCC[C@@H]4C3)cc21,8.52
ZINC000029462412,O=S(=O)(c1ccc(F)cc1F)n1ccc2ccc(N3CCN4CCCC[C@@H]4C3)cc21,8.44
ZINC000029462876,O=S(=O)(c1cccc2ccccc12)n1ccc2ccc(N3CCN4CCCC[C@@H]4C3)cc21,8.77
ZINC000029466761,Cc1ccc(S(=O)(=O)n2ccc3ccc(N4CCN5CCCC[C@@H]5C4)cc32)cc1,8.31
ZINC000031483558,OCCN1CCN(CC/C=C2\c3ccccc3Sc3ccc(Cl)cc32)CC1,6.77
ZINC000033993466,N[C@H]1CCc2[nH]c3ccc(S(=O)(=O)c4ccccc4)cc3c2C1,7.24
ZINC000034028495,N[C@@H]1CCc2[nH]c3ccc(S(=O)(=O)c4ccccc4)cc3c2C1,7.24
ZINC000034030507,CC(=O)Nc1cc(N2CCNCC2)ccc1S(=O)(=O)c1ccccc1,8.08
ZINC000034041565,Nc1cc(N2CCNCC2)ccc1S(=O)(=O)c1ccccc1,8.78
ZINC000034051848,Cc1ccc(Sc2ccccc2N2CCNCC2)c(C)c1,6.48
ZINC000034065654,CSc1nc2ccc(Cl)cn2c(=N)c1S(=O)(=O)c1ccccc1,7.55
ZINC000034065807,CCN1CCC[C@H](n2cc(S(=O)(=O)c3ccccc3)c3ccccc32)C1,8.14
ZINC000034065808,CCN1CCC[C@@H](n2cc(S(=O)(=O)c3ccccc3)c3ccccc32)C1,8.14
ZINC000034094536,CSc1nc2c(C)cccn2c(=N)c1S(=O)(=O)c1ccccc1,8.47
ZINC000034207679,CSc1nc2c(C)cc(Cc3ccccc3)cn2c(=N)c1S(=O)(=O)c1ccccc1,7.22
ZINC000034280038,CNc1cc(N2CCNCC2)ccc1S(=O)(=O)c1ccccc1,9.8
ZINC000034280879,CN(C)c1cc(N2CCNCC2)ccc1S(=O)(=O)c1ccccc1,7.52
ZINC000034646199,CCOc1nc2ccccn2c(=N)c1S(=O)(=O)c1ccccc1,7.92
ZINC000034647225,C[S@@](=O)c1nc2ccccn2c(=N)c1S(=O)(=O)c1ccccc1,6.6
ZINC000034647226,C[S@](=O)c1nc2ccccn2c(=N)c1S(=O)(=O)c1ccccc1,6.6
ZINC000034837617,CCN(CC)C(=O)[C@@H]1C=C2c3cccc4[nH]cc(c34)C[C@H]2N(C(=O)Nc2ccccc2)C1,5.02
ZINC000034946558,COc1ccc2c(c1)c1c(n2S(=O)(=O)c2ccccc2)CC[C@@H](N(C)C)C1,8.26
ZINC000034946560,COc1ccc2c(c1)c1c(n2S(=O)(=O)c2ccccc2)CC[C@H](N(C)C)C1,8.26
ZINC000034997565,CC(C)[C@H](N)CNc1ccc2[nH]nc(S(=O)(=O)c3cccc4ccccc34)c2c1,8.37
ZINC000035000155,NCCNc1ccc2[nH]nc(S(=O)(=O)c3cccc4ccccc34)c2c1,8.17
ZINC000035000355,NCCC(=O)Nc1ccc2[nH]nc(S(=O)(=O)c3cccc4ccccc34)c2c1,8.82
ZINC000035277672,O=S(=O)(c1cccc2ccccc12)c1n[nH]c2c(NCC3CCNCC3)cccc12,7.77
ZINC000035277680,O=C(Nc1cccc2c(S(=O)(=O)c3cccc4ccccc34)n[nH]c12)C1CCNCC1,7.55
ZINC000035277685,O=C(Nc1cccc2c(S(=O)(=O)c3cccc4ccccc34)n[nH]c12)[C@@H]1CCCNC1,8.01
ZINC000035277692,O=C(Nc1cccc2c(S(=O)(=O)c3cccc4ccccc34)n[nH]c12)[C@H]1CCCNC1,8.01
ZINC000035277699,O=S(=O)(c1cccc2ccccc12)c1n[nH]c2cccc(N[C@@H]3CCCNC3)c12,8.38
ZINC000035277707,O=S(=O)(c1cccc2ccccc12)c1n[nH]c2cccc(N[C@H]3CCCNC3)c12,8.38
ZINC000035277715,O=S(=O)(c1cccc2ccccc12)c1n[nH]c2cccc(NCC3CCNCC3)c12,8.02
ZINC000035278957,O=S(=O)(c1cccc(Cl)c1)c1n[nH]c2ccc(NC3CCNCC3)cc12,9.0
ZINC000035278964,O=S(=O)(c1ccc(Cl)cc1)c1n[nH]c2ccc(NC3CCNCC3)cc12,8.64
ZINC000035278970,O=S(=O)(c1ccc2ccccc2c1)c1n[nH]c2ccc(NC3CCNCC3)cc12,9.22
ZINC000035278977,O=S(=O)(c1cccc(F)c1)c1n[nH]c2ccc(NC3CCNCC3)cc12,8.17
ZINC000035279641,O=S(=O)(c1ccc(F)cc1)c1n[nH]c2ccc(NC3CCNCC3)cc12,8.2
ZINC000035279646,CC(C)c1ccc(S(=O)(=O)c2n[nH]c3ccc(NC4CCNCC4)cc23)cc1,9.0
ZINC000035279651,O=S(=O)(c1ccc(C(F)(F)F)cc1)c1n[nH]c2ccc(NC3CCNCC3)cc12,8.82
ZINC000035279656,O=S(=O)(c1ccccc1)c1n[nH]c2ccc(NC3CCNCC3)cc12,8.51
ZINC000035279660,COc1ccc(S(=O)(=O)c2n[nH]c3ccc(NC4CCNCC4)cc23)cc1,8.01
ZINC000035279665,Cc1cccc(S(=O)(=O)c2n[nH]c3ccc(NC4CCNCC4)cc23)c1,9.1
ZINC000035285088,O=S(=O)(c1cccc2ccccc12)c1n[nH]c2ccc(NC3CCNCC3)cc12,9.15
ZINC000035285092,O=S(=O)(c1cccc2ccccc12)c1n[nH]c2ccc(NCC3CCNCC3)cc12,8.46
ZINC000035285095,O=S(=O)(c1cccc2ccccc12)c1n[nH]c2ccc(N[C@@H]3CCCNC3)cc12,8.77
ZINC000035285098,O=S(=O)(c1cccc2ccccc12)c1n[nH]c2ccc(N[C@H]3CCCNC3)cc12,8.77
ZINC000035285409,O=C(Nc1ccc2[nH]nc(S(=O)(=O)c3cccc4ccccc34)c2c1)C1CCNCC1,8.96
ZINC000035285412,O=S(=O)(c1cccc2ccccc12)c1n[nH]c2cc(NC3CCNCC3)ccc12,7.28
ZINC000035285416,O=S(=O)(c1cccc2ccccc12)c1n[nH]c2cc(N[C@@H]3CCCNC3)ccc12,7.24
ZINC000035285419,O=S(=O)(c1cccc2ccccc12)c1n[nH]c2cc(N[C@H]3CCCNC3)ccc12,7.24
ZINC000035285424,O=S(=O)(c1cccc2ccccc12)c1n[nH]c2cc(NCC3CCNCC3)ccc12,7.36
ZINC000035285428,O=C(Nc1ccc2c(S(=O)(=O)c3cccc4ccccc34)n[nH]c2c1)C1CCNCC1,7.51
ZINC000035285431,O=S(=O)(c1cccc2ccccc12)c1n[nH]c2c(NC3CCNCC3)cccc12,7.52
ZINC000035285434,O=S(=O)(c1cccc2ccccc12)c1n[nH]c2c(N[C@@H]3CCCNC3)cccc12,7.18
ZINC000035285437,O=S(=O)(c1cccc2ccccc12)c1n[nH]c2c(N[C@H]3CCCNC3)cccc12,7.18
ZINC000035788202,CNC[C@@H]1CCCc2cc(S(=O)(=O)c3ccccc3)ccc21,9.5
ZINC000035900026,N=C(N)NC[C@H]1CCCc2cc(S(=O)(=O)c3ccccc3)ccc21,9.8
ZINC000035900027,N=C(N)NC[C@@H]1CCCc2cc(S(=O)(=O)c3ccccc3)ccc21,9.8
ZINC000035966381,O=S(=O)(c1ccccc1)c1ccc2c(c1)OCC[C@@H]2N1CCNCC1,9.4
ZINC000035966383,O=S(=O)(c1ccccc1)c1ccc2c(c1)OCC[C@H]2N1CCNCC1,9.4
ZINC000036093375,CN(C)CCC1=CN2[C@@H]3C1=CC=C[C@@H]3c1ccccc1S2(=O)=O,5.35
ZINC000036093376,CN(C)CCC1=CN2[C@H]3C1=CC=C[C@@H]3c1ccccc1S2(=O)=O,5.35
ZINC000036399486,CCCc1ccn2c(=N)c(S(=O)(=O)c3ccccc3)c(SC)nc2c1,6.15
ZINC000036400579,CSc1nc2ccccn2c(=N)c1S(=O)(=O)c1cc(C)c(Cl)cc1C,7.3
ZINC000036400932,CSc1nc2ccccn2c(=N)c1S(=O)(=O)c1ccc(Cl)c(Cl)c1,7.74
ZINC000036423597,CN(C)[C@@H]1CCc2ccc3c(ccn3S(=O)(=O)c3ccccc3)c2C1,9.0
ZINC000036423598,CN(C)[C@H]1CCc2ccc3c(ccn3S(=O)(=O)c3ccccc3)c2C1,9.0
ZINC000036458045,CN(C)CCC1=C[C@H](Cc2ccccc2)c2ccccc21,8.52
ZINC000036458046,CN(C)CCC1=C[C@@H](Cc2ccccc2)c2ccccc21,8.52
ZINC000038248609,CC(=N)NC[C@@H]1CCCc2cc(S(=O)(=O)c3ccccc3)ccc21,9.2
ZINC000038248610,CC(=N)NC[C@H]1CCCc2cc(S(=O)(=O)c3ccccc3)ccc21,9.2
ZINC000038266869,N=C(N)CC[C@H]1CCCc2cc(S(=O)(=O)c3ccccc3)ccc21,7.23
ZINC000038266870,N=C(N)CC[C@@H]1CCCc2cc(S(=O)(=O)c3ccccc3)ccc21,7.23
ZINC000038421563,CSc1nc2ccccn2c(=O)c1S(=O)(=O)c1ccccc1,7.28
ZINC000038428544,O=S(=O)(c1ccccc1)c1cn([C@H]2CCCN(Cc3ccccc3)C2)c2ccccc12,6.91
ZINC000038428545,O=S(=O)(c1ccccc1)c1cn([C@@H]2CCCN(Cc3ccccc3)C2)c2ccccc12,6.91
ZINC000038513720,CN1CCC[C@H](n2cc(S(=O)(=O)c3c(Cl)nc4sccn34)c3cccnc32)C1,8.7
ZINC000038513721,CN1CCC[C@@H](n2cc(S(=O)(=O)c3c(Cl)nc4sccn34)c3cccnc32)C1,8.7
ZINC000038603510,N=C1N=C(O)/C(=C\c2c[nH]c3ccc(Br)cc23)N1,6.13
ZINC000038629442,CSc1nc2ccccn2c(=N)c1S(=O)(=O)c1ccc(OC(F)(F)F)cc1,6.38
ZINC000038797761,CSc1nc2ccc(Br)cn2c(=N)c1S(=O)(=O)c1ccccc1,7.25
ZINC000038822683,CSc1nc2ccc(C)cn2c(=N)c1S(=O)(=O)c1ccccc1,8.89
ZINC000038822685,CSc1nc2cc(C)ccn2c(=N)c1S(=O)(=O)c1ccccc1,7.39
ZINC000038823104,CSc1nc2ccccn2c(=N)c1S(=O)(=O)c1ccc(F)cc1,7.66
ZINC000038895521,CSc1nc2ccccn2c(=N)c1S(=O)(=O)c1ccccc1Cl,7.96
ZINC000038896648,CSc1nc2ccccn2c(=N)c1S(=O)(=O)c1ccc(C(C)(C)C)cc1,7.19
ZINC000038929197,C/N=c1/c(S(=O)(=O)c2ccccc2)c(SC)nc2ccccn12,6.92
ZINC000040404576,CC1=C(CCN(C)C)c2cc(S(=O)(=O)Nc3cccc4ccccc34)ccc2C1,7.85
ZINC000040410709,Cc1c(C2CCNCC2)ccnc1O[C@@H](c1cccc(Cl)c1)C(F)(F)F,8.62
ZINC000040410712,Cc1c(C2CCNCC2)ccnc1O[C@H](c1cccc(Cl)c1)C(F)(F)F,8.62
ZINC000040429977,O=S(=O)(NCCCN1CCN(c2cccc(C(F)(F)F)c2)CC1)c1ccc2ccccc2c1,5.71
ZINC000040431320,COc1ccc(S(=O)(=O)N[C@@H](C)CCN2CCN(c3cccc(C(F)(F)F)c3)CC2)cc1,5.16
ZINC000040431323,COc1ccc(S(=O)(=O)N[C@H](C)CCN2CCN(c3cccc(C(F)(F)F)c3)CC2)cc1,5.16
ZINC000040938889,CC[C@H](Oc1nccc(C2CCNCC2)c1C)c1cccc(Cl)c1,8.19
ZINC000040938891,CC[C@@H](Oc1nccc(C2CCNCC2)c1C)c1cccc(Cl)c1,8.19
ZINC000040938893,Cc1c(C2CCNCC2)ccnc1O[C@@H](c1cccc(F)c1)C(F)(F)F,8.37
ZINC000040938895,Cc1c(C2CCNCC2)ccnc1O[C@H](c1cccc(F)c1)C(F)(F)F,8.37
ZINC000040940073,CC[C@H](Oc1cccc(C2CCNCC2)c1C)c1cccc(Cl)c1,7.75
ZINC000040940075,CC[C@@H](Oc1cccc(C2CCNCC2)c1C)c1cccc(Cl)c1,7.75
ZINC000040952715,O=S(=O)(NCCCN1CCN(c2ccc(Cl)c(Cl)c2)CC1)c1ccc2ccccc2c1,6.11
ZINC000040957874,COc1ccc(S(=O)(=O)NCCCN2CCN(c3cccc(C(F)(F)F)c3)CC2)cc1,5.55
ZINC000042893089,COc1ccc(S(=O)(=O)N2C[C@@H](C(=O)N3CCNCC3)c3ccccc32)c2ccccc12,8.1
ZINC000043128348,CN1CC[C@H](n2cc(S(=O)(=O)c3cccc(Cl)c3)c3ccccc32)C1,8.89
ZINC000043128351,CN1CC[C@@H](n2cc(S(=O)(=O)c3cccc(Cl)c3)c3ccccc32)C1,8.89
ZINC000043130648,CN(C)C[C@@H]1CCCc2cc(S(=O)(=O)c3ccccc3)ccc21,10.2
ZINC000043130650,CN(C)C[C@H]1CCCc2cc(S(=O)(=O)c3ccccc3)ccc21,10.2
ZINC000043196744,O=S(=O)(c1ccccc1Br)n1ccc2c(CN3CCNCC3)cccc21,8.55
ZINC000043198175,CNc1nc(Cc2ccccc2)nc2c1CCNC[C@@H]2C,6.55
ZINC000043204876,COc1ccc(NS(=O)(=O)c2ccccc2OC(F)F)cc1N1CCNCC1,8.0
ZINC000045284811,CN1CCOc2ccc(S(=O)(=O)Nc3ccc4c(c3)/C(=N/NC(=N)N)CC4)cc21,7.59
ZINC000045287521,CN(c1ccc2c(c1)/C(=N/NC(=N)N)CC2)S(=O)(=O)c1c(Cl)nc2sccn12,8.39
ZINC000045288396,N=C(N)N/N=C1\CCc2ccc(NS(=O)(=O)c3ccc4ccccc4c3)cc21,7.28
ZINC000045290611,N=C(N)N/N=C1\CCc2ccc(NS(=O)(=O)c3c(Cl)nc4sccn34)cc21,8.92
ZINC000045291164,CN1CC[C@H](C2=CCc3ccc(NS(=O)(=O)c4c(Cl)nc5sccn45)cc32)C1,8.52
ZINC000045291167,CN1CC[C@@H](C2=CCc3ccc(NS(=O)(=O)c4c(Cl)nc5sccn45)cc32)C1,8.52
ZINC000045299177,CC1(C)C/C(=N\NC(=N)N)c2cc(NS(=O)(=O)c3c(Cl)nc4sccn34)ccc21,8.28
ZINC000045303165,N=C(N)N/N=C1\CCc2cc(NS(=O)(=O)c3c(Cl)nc4sccn34)ccc21,8.59
ZINC000045335549,CN1CC[C@@H]2[C@@H](C1)c1cc(F)ccc1N2/C=C/c1ccccc1,5.76
ZINC000045335552,CN1CC[C@H]2[C@@H](C1)c1cc(F)ccc1N2/C=C/c1ccccc1,5.76
ZINC000045336254,COc1ccc(CCn2c3c(c4cc(C)ccc42)CN(C)CC3)cc1,6.18
ZINC000045336256,CN1CCc2c(c3cc(F)ccc3n2CCc2ccccc2)C1,6.16
ZINC000045336267,Cc1ccc(/C=C\n2c3c(c4cc(F)ccc42)CN(C)CC3)cc1,5.84
ZINC000045336275,CN1CCc2c(c3cc(C(F)(F)F)ccc3n2CCc2ccccc2)C1,6.01
ZINC000045336451,CN1CC[C@@H]2[C@@H](C1)c1ccccc1N2/C=C/c1ccccc1,5.59
ZINC000045336454,CN1CC[C@H]2[C@@H](C1)c1ccccc1N2/C=C/c1ccccc1,5.59
ZINC000045336541,CN1CCc2c(c3cc(F)ccc3n2CCc2ccc(F)cc2)C1,5.95
ZINC000045336542,COc1ccc(CCn2c3c(c4cc(F)ccc42)CN(C)CC3)cc1,5.63
ZINC000045336560,COc1ccc2c(c1)c1c(n2CCc2ccccc2)CCN(C)C1,5.98
ZINC000045336762,COc1ccc(/C=C\n2c3c(c4cc(C)ccc42)CN(C)CC3)cc1,6.26
ZINC000045336764,CN1CCc2c(c3cc(F)ccc3n2/C=C\c2ccccc2)C1,6.0
ZINC000045337810,Cc1ccc2c(c1)c1c(n2/C=C\c2ccc(F)cc2)CCN(C)C1,6.74
ZINC000045350648,Cc1ccc2c(c1)c1c(n2/C=C\c2ccc(C(F)(F)F)cc2)CCN(C)C1,5.55
ZINC000045350651,CN1CCc2c(c3cc(F)ccc3n2/C=C\c2ccc(C(F)(F)F)cc2)C1,5.25
ZINC000045350654,COc1ccc(/C=C\n2c3c(c4cc(F)ccc42)CN(C)CC3)cc1,5.82
ZINC000045350677,C/C(=C/c1ccccc1)n1c2c(c3cc(F)ccc31)CN(C)CC2,5.43
ZINC000045351330,Cc1ccc2c(c1)c1c(n2CCc2ccc(F)cc2)CCN(C)C1,6.01
ZINC000045352865,CC1=C([C@@H]2CCCN(C)C2)c2cc(NS(=O)(=O)c3c(Cl)nc4sccn34)ccc2C1,7.74
ZINC000045352869,CC1=C([C@H]2CCCN(C)C2)c2cc(NS(=O)(=O)c3c(Cl)nc4sccn34)ccc2C1,7.74
ZINC000045368277,Cc1ccc2c(c1)[C@@H]1CN(C)CC[C@@H]1N2/C=C/c1ccccc1,5.77
ZINC000045368280,Cc1ccc2c(c1)[C@H]1CN(C)CC[C@@H]1N2/C=C/c1ccccc1,5.77
ZINC000045368891,CN1CCc2c(c3ccccc3n2/C=C\c2ccccc2)C1,5.24
ZINC000045374016,Cc1ccc(/C=C\n2c3c(c4cc(C)ccc42)CN(C)CC3)cc1,6.04
ZINC000045386633,Cc1ccc2c(c1)c1c(n2CCc2ccc(C(F)(F)F)cc2)CCN(C)C1,5.39
ZINC000045387342,Cc1ccc(CCn2c3c(c4cc(F)ccc42)CN(C)CC3)cc1,5.64
ZINC000045389410,O=S(=O)(Nc1ccc2c(c1)C([C@@H]1CCNC1)=CC2)c1c(Cl)nc2sccn12,8.52
ZINC000045389414,O=S(=O)(Nc1ccc2c(c1)C([C@H]1CCNC1)=CC2)c1c(Cl)nc2sccn12,8.52
ZINC000045392650,CN1CCc2c(c3cc(F)ccc3n2/C=C\c2ccc(F)cc2)C1,5.53
ZINC000045392654,C/C(=C/c1ccccc1)n1c2c(c3cc(C)ccc31)CN(C)CC2,5.7
ZINC000049031426,O=S(=O)(c1ccccc1)c1cn([C@H]2CCN(Cc3ccccc3)C2)c2ccccc12,6.95
ZINC000049031429,O=S(=O)(c1ccccc1)c1cn([C@@H]2CCN(Cc3ccccc3)C2)c2ccccc12,6.95
ZINC000049032676,O=S(=O)(c1cccc(F)c1)c1cn([C@@H]2CCCNC2)c2ccccc12,8.22
ZINC000049032678,O=S(=O)(c1cccc(F)c1)c1cn([C@H]2CCCNC2)c2ccccc12,8.22
ZINC000049032806,O=S(=O)(c1cccc2ccccc12)c1cn([C@@H]2CCCNC2)c2ccccc12,7.68
ZINC000049032808,O=S(=O)(c1cccc2ccccc12)c1cn([C@H]2CCCNC2)c2ccccc12,7.68
ZINC000049033187,O=S(=O)(c1cccc(F)c1)c1cn([C@@H]2CCNC2)c2cc(Cl)ccc12,7.14
ZINC000049033189,O=S(=O)(c1cccc(F)c1)c1cn([C@H]2CCNC2)c2cc(Cl)ccc12,7.14
ZINC000049033417,O=S(=O)(c1cccc(F)c1)c1cn([C@@H]2CCNC2)c2ccccc12,8.33
ZINC000049033419,O=S(=O)(c1cccc(F)c1)c1cn([C@H]2CCNC2)c2ccccc12,8.33
ZINC000049033556,O=S(=O)(c1cccc2ccccc12)c1cn([C@@H]2CCNC2)c2ccccc12,7.63
ZINC000049033558,O=S(=O)(c1cccc2ccccc12)c1cn([C@H]2CCNC2)c2ccccc12,7.63
ZINC000049033560,CN1CC[C@H](n2cc(S(=O)(=O)c3cccc4ccccc34)c3ccccc32)C1,8.22
ZINC000049033562,CN1CC[C@@H](n2cc(S(=O)(=O)c3cccc4ccccc34)c3ccccc32)C1,8.22
ZINC000049033694,CN1CC[C@H](n2cc(S(=O)(=O)c3cccc4cccnc34)c3ccccc32)C1,8.55
ZINC000049033696,CN1CC[C@@H](n2cc(S(=O)(=O)c3cccc4cccnc34)c3ccccc32)C1,8.55
ZINC000049033839,O=S(=O)(c1cccc(F)c1)c1cn([C@@H]2CCNC2)c2cccc(F)c12,7.74
ZINC000049033841,O=S(=O)(c1cccc(F)c1)c1cn([C@H]2CCNC2)c2cccc(F)c12,7.74
ZINC000049034235,O=S(=O)(c1cn([C@@H]2CCNC2)c2ccccc12)c1cccc2cccnc12,8.82
ZINC000049034237,O=S(=O)(c1cn([C@H]2CCNC2)c2ccccc12)c1cccc2cccnc12,8.82
ZINC000049034585,COc1ccc(S(=O)(=O)N2C[C@@H](C(=O)NC3C[C@@H]4CC[C@H](C3)N4C)c3ccccc32)c2ccccc12,7.5
ZINC000049034839,O=S(=O)(c1cccc(F)c1)c1cn([C@@H]2CCNC2)c2ccc(F)cc12,8.02
ZINC000049034841,O=S(=O)(c1cccc(F)c1)c1cn([C@H]2CCNC2)c2ccc(F)cc12,8.02
ZINC000049034845,O=S(=O)(c1cccc(F)c1)c1cn([C@H]2CCNC2)c2cc(F)ccc12,7.74
ZINC000049035212,CN1CCC(N(C)C(=O)[C@@H]2CN(S(=O)(=O)c3cccc4nsnc34)c3ccccc32)CC1,6.9
ZINC000049035214,CN1CCC(N(C)C(=O)[C@H]2CN(S(=O)(=O)c3cccc4nsnc34)c3ccccc32)CC1,6.9
ZINC000049035216,CN1CCC(N(C)C(=O)[C@@H]2CN(S(=O)(=O)c3cccs3)c3ccccc32)CC1,6.5
ZINC000049035218,CN1CCC(N(C)C(=O)[C@H]2CN(S(=O)(=O)c3cccs3)c3ccccc32)CC1,6.5
ZINC000049035492,CN1CCC(N(C)C(=O)[C@@H]2CN(S(=O)(=O)c3ccccc3)c3ccccc32)CC1,6.5
ZINC000049035494,CN1CCC(N(C)C(=O)[C@H]2CN(S(=O)(=O)c3ccccc3)c3ccccc32)CC1,6.5
ZINC000049036193,COc1ccc(S(=O)(=O)N2C[C@H](C(=O)N3CCCNCC3)c3ccccc32)c2ccccc12,8.9
ZINC000049036195,COc1ccc(S(=O)(=O)N2C[C@@H](C(=O)N3CCCNCC3)c3ccccc32)c2ccccc12,8.9
ZINC000049036497,CCN(CC)CCCNC(=O)[C@@H]1CN(S(=O)(=O)c2ccc(OC)c3ccccc23)c2ccccc21,7.1
ZINC000049036499,CCN(CC)CCCNC(=O)[C@H]1CN(S(=O)(=O)c2ccc(OC)c3ccccc23)c2ccccc21,7.1
ZINC000049036943,CN1CCC(N(C)C(=O)[C@@H]2CN(S(=O)(=O)C3=C[C@@H]4CCO[C@@H]4C=C3)c3ccccc32)CC1,7.5
ZINC000049036947,CN1CCC(N(C)C(=O)[C@@H]2CN(S(=O)(=O)c3ccc4c(c3)OCCO4)c3ccccc32)CC1,7.3
ZINC000049036949,CN1CCC(N(C)C(=O)[C@H]2CN(S(=O)(=O)c3ccc4c(c3)OCCO4)c3ccccc32)CC1,7.3
ZINC000049037056,COc1ccc(S(=O)(=O)N2C[C@H](C(=O)N(C)C3CCN(C)CC3)c3ccccc32)c(C)c1C,7.0
ZINC000049037058,COc1ccc(S(=O)(=O)N2C[C@@H](C(=O)N(C)C3CCN(C)CC3)c3ccccc32)c(C)c1C,7.0
ZINC000049037198,CNC[C@H]1CCCc2cc(S(=O)(=O)c3ccccc3)ccc21,9.5
ZINC000049037211,Cc1cnc2c(S(=O)(=O)N3C[C@H](C(=O)N(C)C4CCN(C)CC4)c4ccccc43)cccc2c1,6.5
ZINC000049037213,Cc1cnc2c(S(=O)(=O)N3C[C@@H](C(=O)N(C)C4CCN(C)CC4)c4ccccc43)cccc2c1,6.5
ZINC000049037219,COc1ccc(S(=O)(=O)N2C[C@H](C(=O)N3CC(N)C3)c3ccccc32)c2ccccc12,6.8
ZINC000049037221,COc1ccc(S(=O)(=O)N2C[C@@H](C(=O)N3CC(N)C3)c3ccccc32)c2ccccc12,6.8
ZINC000049037223,COc1ccc(S(=O)(=O)N2C[C@H](C(=O)N3CC(CN)C3)c3ccccc32)c2ccccc12,7.1
ZINC000049037225,COc1ccc(S(=O)(=O)N2C[C@@H](C(=O)N3CC(CN)C3)c3ccccc32)c2ccccc12,7.1
ZINC000049037509,NC(=O)NC[C@H]1CCCc2cc(S(=O)(=O)c3ccccc3)ccc21,9.2
ZINC000049037511,NC(=O)NC[C@@H]1CCCc2cc(S(=O)(=O)c3ccccc3)ccc21,9.2
ZINC000049037575,CCN1CCC[C@H](n2cc(S(=O)(=O)c3cccc(F)c3)c3cc(OC)ccc32)C1,7.8
ZINC000049037577,CCN1CCC[C@@H](n2cc(S(=O)(=O)c3cccc(F)c3)c3cc(OC)ccc32)C1,7.8
ZINC000049037655,COc1ccc(S(=O)(=O)N2C[C@H](C(=O)NCCCN3CCOCC3)c3ccccc32)c2ccccc12,7.5
ZINC000049037657,COc1ccc(S(=O)(=O)N2C[C@@H](C(=O)NCCCN3CCOCC3)c3ccccc32)c2ccccc12,7.5
ZINC000049045676,CN1CCC(N(C)C(=O)[C@@H]2CN(S(=O)(=O)c3cccc(-c4ccccc4)c3)c3ccccc32)CC1,7.5
ZINC000049045680,CN1CCC(N(C)C(=O)[C@H]2CN(S(=O)(=O)c3cccc(-c4ccccc4)c3)c3ccccc32)CC1,7.5
ZINC000049047145,CN1CCC(N(C)C(=O)[C@@H]2CN(S(=O)(=O)c3cccc4c(Cl)cccc34)c3ccccc32)CC1,8.3
ZINC000049047148,CN1CCC(N(C)C(=O)[C@H]2CN(S(=O)(=O)c3cccc4c(Cl)cccc34)c3ccccc32)CC1,8.3
ZINC000049052293,CCCn1c(-c2ccccc2)cc(C(=O)NCCCN2CCN(c3cccc(Cl)c3Cl)CC2)c1C,5.72
ZINC000049052907,CN1CCc2[nH]c3ccc(S(=O)(=O)c4cccc(F)c4)cc3c2C1,7.07
ZINC000049053982,Cc1[nH]c(-c2ccccc2)cc1C(=O)NCCCN1CCN(c2cccc(Cl)c2Cl)CC1,5.85
ZINC000049055256,O=S(=O)(c1cccc(F)c1)c1cn([C@@H]2CCNC2)c2ccc(Cl)cc12,7.82
ZINC000049055259,O=S(=O)(c1cccc(F)c1)c1cn([C@H]2CCNC2)c2ccc(Cl)cc12,7.82
ZINC000049055268,COc1ccc2c(S(=O)(=O)c3cccc(Cl)c3)cn([C@@H]3CCNC3)c2c1,8.34
ZINC000049055271,COc1ccc2c(S(=O)(=O)c3cccc(Cl)c3)cn([C@H]3CCNC3)c2c1,8.34
ZINC000049055387,CN1CC[C@H](n2cc(S(=O)(=O)c3cccc(F)c3)c3ccccc32)C1,8.46
ZINC000049055390,CN1CC[C@@H](n2cc(S(=O)(=O)c3cccc(F)c3)c3ccccc32)C1,8.46
ZINC000049072271,CN1CCc2c(c3cc(S(=O)(=O)c4ccccc4)ccc3n2C)C1,8.24
ZINC000049072562,CN1CCc2[nH]c3ccc(S(=O)(=O)c4cccnc4)cc3c2C1,5.47
ZINC000049089015,CN1CCc2c(c3cc(S(=O)(=O)c4ccccc4)ccc3n2CCc2ccccn2)C1,6.21
ZINC000049089135,CN1CCc2[nH]c3ccc(S(=O)(=O)Nc4cccc(F)c4)cc3c2C1,8.68
ZINC000049089136,O=S(=O)(Nc1cccc(F)c1)c1ccc2[nH]c3c(c2c1)CN(Cc1ccccc1)CC3,5.41
ZINC000049089234,O=S(=O)(Nc1ccc2c(c1)CCN(Cc1ccn[nH]1)CC2)c1ccc(N2CCOCC2)nc1,6.2
ZINC000049089254,Cc1c(C(=O)NCCCN2CCN(c3cccc(Cl)c3Cl)CC2)cc(-c2ccccc2)n1C,6.15
ZINC000049089726,CCN(CC)CCNC(=O)[C@@H]1CN(S(=O)(=O)c2ccc(OC)c3ccccc23)c2ccccc21,7.7
ZINC000049089727,CCN(CC)CCNC(=O)[C@H]1CN(S(=O)(=O)c2ccc(OC)c3ccccc23)c2ccccc21,7.7
ZINC000049089755,COc1ccc2c(c1)c(S(=O)(=O)c1cccc(F)c1)cn2[C@H]1CCCN(C)C1,7.17
ZINC000049089756,COc1ccc2c(c1)c(S(=O)(=O)c1cccc(F)c1)cn2[C@@H]1CCCN(C)C1,7.17
ZINC000049089783,CN1CC[C@H](n2cc(S(=O)(=O)c3cccc(F)c3)c3cc(F)ccc32)C1,8.3
ZINC000049089784,CN1CC[C@@H](n2cc(S(=O)(=O)c3cccc(F)c3)c3cc(F)ccc32)C1,8.3
ZINC000049089788,CN1CCC[C@H](n2cc(S(=O)(=O)c3cccc4ccccc34)c3ccccc32)C1,8.15
ZINC000049089789,CN1CCC[C@@H](n2cc(S(=O)(=O)c3cccc4ccccc34)c3ccccc32)C1,8.15
ZINC000049109540,O=S(=O)(c1ccccc1)c1ccc2c(c1)CCC[C@@H]2CNc1ncccn1,7.6
ZINC000049109542,O=S(=O)(c1ccccc1)c1ccc2c(c1)CCC[C@H]2CNc1ncccn1,7.6
ZINC000049109913,COc1ccc(S(=O)(=O)N2C[C@H](C(=O)NCCCn3ccnc3)c3ccccc32)c2ccccc12,7.1
ZINC000049109915,COc1ccc(S(=O)(=O)N2C[C@@H](C(=O)NCCCn3ccnc3)c3ccccc32)c2ccccc12,7.1
ZINC000049112097,O=C1CNC(NC[C@@H]2CCCc3cc(S(=O)(=O)c4cccc(F)c4)ccc32)=N1,10.0
ZINC000049113850,NC(N)=NC(=O)C[C@@H]1CCCc2cc(S(=O)(=O)c3cccc(F)c3)ccc21,9.2
ZINC000049114508,O=S(=O)(c1cccc(Cl)c1)c1cn([C@@H]2CCNC2)c2ccccc12,8.49
ZINC000049114513,O=S(=O)(c1cccc(Cl)c1)c1cn([C@H]2CCNC2)c2ccccc12,8.49
ZINC000049125529,CN1CCC(N(C)C(=O)[C@@H]2CN(S(=O)(=O)c3ccc4ccccc4c3)c3ccccc32)CC1,7.6
ZINC000049125533,CN1CCC(N(C)C(=O)[C@H]2CN(S(=O)(=O)c3ccc4ccccc4c3)c3ccccc32)CC1,7.6
ZINC000049709152,C/C(=N\N=C(N)N)c1cn(S(=O)(=O)c2c(Cl)nc3sccn23)c2ccccc12,8.1
ZINC000049709815,C/C(=N\N=C(N)N)c1cn(S(=O)(=O)c2ccc(N)cc2)c2ccccc12,8.1
ZINC000049777067,COc1ccc(S(=O)(=O)N2C[C@H](C(=O)NC3CCN(Cc4ccccc4)CC3)c3ccccc32)c2ccccc12,7.3
ZINC000049777068,COc1ccc(S(=O)(=O)N2C[C@@H](C(=O)NC3CCN(Cc4ccccc4)CC3)c3ccccc32)c2ccccc12,7.3
ZINC000049784185,O=C(CNC(=O)c1cccc(C(F)(F)F)c1)N[C@@H]1CCN(CCN2CCN(C(=O)c3ccccc3F)CC2)C1,5.44
ZINC000049785408,COc1cc(C)c(S(=O)(=O)N2C[C@H](C(=O)N(C)C3CCN(C)CC3)c3ccccc32)c(C)c1C,7.0
ZINC000049785409,COc1cc(C)c(S(=O)(=O)N2C[C@@H](C(=O)N(C)C3CCN(C)CC3)c3ccccc32)c(C)c1C,7.0
ZINC000049785597,Cc1c(S(=O)(=O)N2C[C@H](C(=O)N(C)C3CCN(C)CC3)c3ccccc32)sc2ccc(Cl)cc12,7.2
ZINC000049785598,Cc1c(S(=O)(=O)N2C[C@@H](C(=O)N(C)C3CCN(C)CC3)c3ccccc32)sc2ccc(Cl)cc12,7.2
ZINC000049785657,CN1CCC(N(C)C(=O)[C@@H]2CN(S(=O)(=O)c3cccc(C(F)(F)F)c3)c3ccccc32)CC1,7.6
ZINC000049785658,CN1CCC(N(C)C(=O)[C@H]2CN(S(=O)(=O)c3cccc(C(F)(F)F)c3)c3ccccc32)CC1,7.6
ZINC000049793103,COc1cccc(N2CCN(C(=O)[C@@H]3CN(S(=O)(=O)c4ccc(OC)c5ccccc45)c4ccccc43)CC2)c1,7.2
ZINC000049793104,COc1cccc(N2CCN(C(=O)[C@H]3CN(S(=O)(=O)c4ccc(OC)c5ccccc45)c4ccccc43)CC2)c1,7.2
ZINC000049793500,CN1CCC(N(C)C(=O)[C@@H]2CN(S(=O)(=O)c3ccc(-c4ccccc4)cc3)c3ccccc32)CC1,6.9
ZINC000049793501,CN1CCC(N(C)C(=O)[C@H]2CN(S(=O)(=O)c3ccc(-c4ccccc4)cc3)c3ccccc32)CC1,6.9
ZINC000053226393,Cc1ccc(S(=O)(=O)c2nnn3c2nc(NCc2cccc(Cl)c2)c2sccc23)cc1,6.92
ZINC000053230298,C[C@@]12CC3CC(Nc4nc5c(S(=O)(=O)c6ccccc6)nnn5c5ccsc45)(C1)C[C@](C)(C3)C2,7.58
ZINC000053230515,CN(C)CCN(C)c1nc2c(S(=O)(=O)c3ccccc3)nnn2c2ccsc12,6.06
ZINC000053230598,Cc1ccc(C)c(S(=O)(=O)c2nnn3c2nc(N2CCC(C)CC2)c2sccc23)c1,5.7
ZINC000053230633,CN(Cc1cccnc1)c1nc2c(S(=O)(=O)c3ccccc3)nnn2c2ccsc12,6.3
ZINC000053296105,O=S(=O)(c1ccccc1)c1nnn2c1nc(NCc1cccnc1)c1sccc12,6.59
ZINC000053297212,C[C@H](Nc1nc2c(S(=O)(=O)c3ccccc3)nnn2c2ccsc12)C12CC3CC(CC(C3)C1)C2,6.99
ZINC000053297214,C[C@@H](Nc1nc2c(S(=O)(=O)c3ccccc3)nnn2c2ccsc12)C12CC3CC(CC(C3)C1)C2,6.99
ZINC000053312850,CN(C)CCN(C)c1nc2c(S(=O)(=O)c3cccc(Cl)c3)nnn2c2ccsc12,6.24
ZINC000053313420,CCN(Cc1ccccc1)c1nc2c(S(=O)(=O)c3ccc(Br)cc3)nnn2c2ccsc12,6.24
ZINC000053313801,Cc1cc(Cl)cc(Nc2nc3c(S(=O)(=O)c4ccc(C)c(C)c4)nnn3c3ccsc23)c1,5.65
ZINC000053313917,COc1ccccc1CNc1nc2c(S(=O)(=O)c3ccc(Br)cc3)nnn2c2ccsc12,6.03
ZINC000053314606,Cc1ccc(C)c(S(=O)(=O)c2nnn3c2nc(C2CCN(C)CC2)c2sccc23)c1,5.87
ZINC000055646896,CN1CCC[C@H](n2cc(S(=O)(=O)C3=C(Cl)N[C@H]4SC=CN34)c3cccnc32)C1,8.7
ZINC000055646897,CN1CCC[C@@H](n2cc(S(=O)(=O)C3=C(Cl)N[C@H]4SC=CN34)c3cccnc32)C1,8.7
ZINC000055646898,CC(C)N1CCC[C@H](n2cc(S(=O)(=O)C3=C(Cl)N[C@H]4SC=CN34)c3cccnc32)C1,8.77
ZINC000055646899,CC(C)N1CCC[C@@H](n2cc(S(=O)(=O)C3=C(Cl)N[C@H]4SC=CN34)c3cccnc32)C1,8.77
ZINC000055646900,O=S(=O)(C1=C(Cl)N[C@H]2SC=CN12)c1cn([C@@H]2CCNC2)c2ncccc12,9.0
ZINC000055646901,O=S(=O)(C1=C(Cl)N[C@H]2SC=CN12)c1cn([C@H]2CCNC2)c2ncccc12,9.0
ZINC000055646902,O=S(=O)(C1=C(Cl)N[C@@H]2SC=CN12)c1cn([C@@H]2CCNC2)c2ncccc12,9.0
ZINC000055646903,O=S(=O)(C1=C(Cl)N[C@@H]2SC=CN12)c1cn([C@H]2CCNC2)c2ncccc12,9.0
ZINC000055646904,O=S(=O)(C1=C(Cl)N[C@H]2SC=CN12)c1cn([C@@H]2CCCNC2)c2ncccc12,9.15
ZINC000055646905,O=S(=O)(C1=C(Cl)N[C@H]2SC=CN12)c1cn([C@H]2CCCNC2)c2ncccc12,9.15
ZINC000055646906,O=S(=O)(C1=C(Cl)N[C@@H]2SC=CN12)c1cn([C@@H]2CCCNC2)c2ncccc12,9.15
ZINC000055646907,O=S(=O)(C1=C(Cl)N[C@@H]2SC=CN12)c1cn([C@H]2CCCNC2)c2ncccc12,9.15
ZINC000055862078,CCN1CC[C@H](n2cc(S(=O)(=O)C3=[N+]4C=CS[C@@H]4N[C-]3Cl)c3cccnc32)C1,8.85
ZINC000055862079,CCN1CC[C@@H](n2cc(S(=O)(=O)C3=[N+]4C=CS[C@@H]4N[C-]3Cl)c3cccnc32)C1,8.85
ZINC000055869819,CN1CC[C@H](n2cc(S(=O)(=O)C3=C(Cl)N[C@H]4SC=CN34)c3cccnc32)C1,9.1
ZINC000055869820,CN1CC[C@@H](n2cc(S(=O)(=O)C3=[N+]4C=CS[C@@H]4N[C-]3Cl)c3cccnc32)C1,9.1
ZINC000055869821,CCN1CCC[C@H](n2cc(S(=O)(=O)C3=[N+]4C=CS[C@@H]4N[C-]3Cl)c3cccnc32)C1,9.15
ZINC000055869822,CCN1CCC[C@@H](n2cc(S(=O)(=O)C3=[N+]4C=CS[C@@H]4N[C-]3Cl)c3cccnc32)C1,9.15
ZINC000058491913,CN(C)CCC1=CN2[C@H]3C1=CC=C[C@H]3c1ccccc1S2(=O)=O,5.35
ZINC000058502030,Cc1ccc2c(c1)[C@@H]1CN(C)CC[C@H]1N2/C=C/c1ccccc1,5.77
ZINC000058512698,CN1CCC(N(C)C(=O)[C@@H]2CN(S(=O)(=O)C3=C[C@H]4CCO[C@@H]4C=C3)c3ccccc32)CC1,7.5
ZINC000058533539,O=S(=O)(c1cccc2ccccc12)n1ccc2ccc(N3CCN4CCC[C@H]4C3)cc21,9.7
ZINC000058563377,Cc1ccc(S(=O)(=O)n2ccc3ccc(N4CCN5CCC[C@H]5C4)cc32)cc1,8.48
ZINC000058576050,CC(C)N(c1ccc(Oc2cccnc2)nc1)S(=O)(=O)c1ccc2ccccc2c1,6.37
ZINC000058576549,CC(C)N(c1cccc(N2CCN(C)CC2)c1)S(=O)(=O)c1cccc2ccccc12,7.8
ZINC000058581160,CN1CCN(c2cccc(N(C)S(=O)(=O)c3ccc4ccccc4c3)c2)CC1,8.15
ZINC000058581504,CCCN(c1cccc(N2CCN(C)CC2)c1)S(=O)(=O)c1ccc2ccccc2c1,8.4
ZINC000058581779,CCN(c1cccc(N2CCN(C)CC2)c1)S(=O)(=O)c1ccc2ccccc2c1,8.52
ZINC000058582409,CC(C)N(c1ccc(N2CCN(C)CC2)cc1)S(=O)(=O)c1ccc2ccccc2c1,7.57
ZINC000058582410,CC(C)N(c1cccc(N2CCN(C)CC2)c1)S(=O)(=O)c1ccccc1,6.19
ZINC000058583354,CN1CCN(c2cccc(N(Cc3ccccc3)S(=O)(=O)c3ccc4ccccc4c3)c2)CC1,8.52
ZINC000058583491,CC(C)N(c1cccc(I)c1)S(=O)(=O)c1ccc2ccccc2c1,5.93
ZINC000058583642,CN1CCN(c2cccc(N(CC3CC3)S(=O)(=O)c3ccc4ccccc4c3)c2)CC1,8.22
ZINC000058590149,Brc1ccc2ccn(CCN3CCCN4CCCC[C@H]4C3)c2c1,5.39
ZINC000058590537,CC(C)N(c1cccc(N2CCN(C)CC2)c1)S(=O)(=O)c1ccc2ccccc2c1,8.52
ZINC000058590812,CN1CCN(c2cccc(NS(=O)(=O)c3ccc4ccccc4c3)c2)CC1,7.89
ZINC000058591217,CC(C)N(c1ccccc1N1CCN(C)CC1)S(=O)(=O)c1ccc2ccccc2c1,5.66
ZINC000058600047,O=S(=O)(c1cccc2ccccc12)n1ccc2ccc([C@@H]3CCN4CCC[C@H]4C3)cc21,9.22
ZINC000060325484,CN(C)[C@@H]1CCc2c(c3ccccc3n2S(=O)(=O)c2ccc(Br)cc2)C1,7.81
ZINC000060325485,CN(C)[C@H]1CCc2c(c3ccccc3n2S(=O)(=O)c2ccc(Br)cc2)C1,7.81
ZINC000060325486,CN(C)[C@@H]1CCc2c(c3ccccc3n2S(=O)(=O)c2ccccc2)C1,8.05
ZINC000060325487,CN(C)[C@H]1CCc2c(c3ccccc3n2S(=O)(=O)c2ccccc2)C1,8.05
ZINC000060325488,CN(C)[C@@H]1CCc2c(c3ccccc3n2S(=O)(=O)c2ccc(F)cc2)C1,7.9
ZINC000060325489,CN(C)[C@H]1CCc2c(c3ccccc3n2S(=O)(=O)c2ccc(F)cc2)C1,7.9
ZINC000060325490,Cc1ccc(S(=O)(=O)n2c3c(c4ccccc42)C[C@@H](N(C)C)CC3)cc1,8.08
ZINC000060325491,Cc1ccc(S(=O)(=O)n2c3c(c4ccccc42)C[C@H](N(C)C)CC3)cc1,8.08
ZINC000060325602,CN(C)[C@@H]1CCc2c(c3ccccc3n2S(=O)(=O)c2cccc(Cl)c2)C1,8.38
ZINC000060325603,CN(C)[C@H]1CCc2c(c3ccccc3n2S(=O)(=O)c2cccc(Cl)c2)C1,8.38
ZINC000060325606,CN(C)[C@@H]1CCc2c(c3ccccc3n2S(=O)(=O)c2cccc(C(F)(F)F)c2)C1,8.72
ZINC000060325607,CN(C)[C@H]1CCc2c(c3ccccc3n2S(=O)(=O)c2cccc(C(F)(F)F)c2)C1,8.72
ZINC000060325608,COc1ccc(S(=O)(=O)n2c3c(c4ccccc42)C[C@H](N(C)C)CC3)cc1,7.69
ZINC000060325609,COc1ccc(S(=O)(=O)n2c3c(c4ccccc42)C[C@@H](N(C)C)CC3)cc1,7.69
ZINC000060325610,CN(C)[C@@H]1CCc2c(c3cc(Br)ccc3n2S(=O)(=O)c2ccccc2)C1,8.74
ZINC000060325611,CN(C)[C@H]1CCc2c(c3cc(Br)ccc3n2S(=O)(=O)c2ccccc2)C1,8.74
ZINC000060325701,CC(C)c1ccc(S(=O)(=O)n2c3c(c4cc(Br)ccc42)C[C@@H](N(C)C)CC3)cc1,8.12
ZINC000060325702,CC(C)c1ccc(S(=O)(=O)n2c3c(c4cc(Br)ccc42)C[C@H](N(C)C)CC3)cc1,8.12
ZINC000060325703,CN(C)[C@@H]1CCc2c(c3cc(Br)ccc3n2S(=O)(=O)c2cccc(C(F)(F)F)c2)C1,8.26
ZINC000060325704,CN(C)[C@H]1CCc2c(c3cc(Br)ccc3n2S(=O)(=O)c2cccc(C(F)(F)F)c2)C1,8.26
ZINC000060325707,COc1ccc(S(=O)(=O)n2c3c(c4cc(Br)ccc42)C[C@H](N(C)C)CC3)cc1,7.54
ZINC000060325708,COc1ccc(S(=O)(=O)n2c3c(c4cc(Br)ccc42)C[C@@H](N(C)C)CC3)cc1,7.54
ZINC000060325709,CN(C)[C@@H]1CCc2c(c3cc(Cl)ccc3n2S(=O)(=O)c2ccccc2)C1,7.79
ZINC000060325710,CN(C)[C@H]1CCc2c(c3cc(Cl)ccc3n2S(=O)(=O)c2ccccc2)C1,7.79
ZINC000060325711,CN(C)[C@@H]1CCc2c(c3cc(Cl)ccc3n2S(=O)(=O)c2cccc(C(F)(F)F)c2)C1,7.91
ZINC000060325712,CN(C)[C@H]1CCc2c(c3cc(Cl)ccc3n2S(=O)(=O)c2cccc(C(F)(F)F)c2)C1,7.91
ZINC000060325812,Cc1ccc(S(=O)(=O)n2c3c(c4cc(Cl)ccc42)C[C@@H](N(C)C)CC3)cc1,7.74
ZINC000060325813,Cc1ccc(S(=O)(=O)n2c3c(c4cc(Cl)ccc42)C[C@H](N(C)C)CC3)cc1,7.74
ZINC000060325814,CN(C)[C@@H]1CCc2c(c3cc(Cl)ccc3n2S(=O)(=O)c2ccc(Br)cc2)C1,7.39
ZINC000060325815,CN(C)[C@H]1CCc2c(c3cc(Cl)ccc3n2S(=O)(=O)c2ccc(Br)cc2)C1,7.39
ZINC000060325818,CN(C)[C@@H]1CCc2c(c3cc(F)ccc3n2S(=O)(=O)c2ccccc2)C1,7.8
ZINC000060325819,CN(C)[C@H]1CCc2c(c3cc(F)ccc3n2S(=O)(=O)c2ccccc2)C1,7.8
ZINC000060325820,Cc1ccc(S(=O)(=O)n2c3c(c4cc(F)ccc42)C[C@@H](N(C)C)CC3)cc1,7.49
ZINC000060325821,Cc1ccc(S(=O)(=O)n2c3c(c4cc(F)ccc42)C[C@H](N(C)C)CC3)cc1,7.49
ZINC000060325822,CC(C)c1ccc(S(=O)(=O)n2c3c(c4cc(F)ccc42)C[C@@H](N(C)C)CC3)cc1,7.81
ZINC000060325823,CC(C)c1ccc(S(=O)(=O)n2c3c(c4cc(F)ccc42)C[C@H](N(C)C)CC3)cc1,7.81
ZINC000060325824,CN(C)[C@@H]1CCc2c(c3cc(F)ccc3n2S(=O)(=O)c2ccc(Br)cc2)C1,7.36
ZINC000060325825,CN(C)[C@H]1CCc2c(c3cc(F)ccc3n2S(=O)(=O)c2ccc(Br)cc2)C1,7.36
ZINC000060325911,CN(C)[C@@H]1CCc2c(c3cc(F)ccc3n2S(=O)(=O)c2ccc(F)cc2)C1,7.48
ZINC000060325912,CN(C)[C@H]1CCc2c(c3cc(F)ccc3n2S(=O)(=O)c2ccc(F)cc2)C1,7.48
ZINC000060325913,COc1ccc2c(c1)c1c(n2S(=O)(=O)c2ccc(C)cc2)CC[C@H](N(C)C)C1,8.23
ZINC000060325914,COc1ccc2c(c1)c1c(n2S(=O)(=O)c2ccc(C)cc2)CC[C@@H](N(C)C)C1,8.23
ZINC000060325915,COc1ccc(S(=O)(=O)n2c3c(c4cc(OC)ccc42)C[C@H](N(C)C)CC3)cc1,7.7
ZINC000060325916,COc1ccc(S(=O)(=O)n2c3c(c4cc(OC)ccc42)C[C@@H](N(C)C)CC3)cc1,7.7
ZINC000060325917,COc1ccc2c(c1)c1c(n2S(=O)(=O)c2ccc(Br)cc2)CC[C@@H](N(C)C)C1,7.82
ZINC000060325918,COc1ccc2c(c1)c1c(n2S(=O)(=O)c2ccc(Br)cc2)CC[C@H](N(C)C)C1,7.82
ZINC000060325919,COc1ccc2c(c1)c1c(n2S(=O)(=O)c2cccc(C(F)(F)F)c2)CC[C@@H](N(C)C)C1,8.43
ZINC000060325920,COc1ccc2c(c1)c1c(n2S(=O)(=O)c2cccc(C(F)(F)F)c2)CC[C@H](N(C)C)C1,8.43
ZINC000060325921,CSc1ccc2c(c1)c1c(n2S(=O)(=O)c2ccccc2)CC[C@@H](N(C)C)C1,8.34
ZINC000060325922,CSc1ccc2c(c1)c1c(n2S(=O)(=O)c2ccccc2)CC[C@H](N(C)C)C1,8.34
ZINC000060325923,CSc1ccc2c(c1)c1c(n2S(=O)(=O)c2ccc(C)cc2)CC[C@H](N(C)C)C1,7.86
ZINC000060325924,CSc1ccc2c(c1)c1c(n2S(=O)(=O)c2ccc(C)cc2)CC[C@@H](N(C)C)C1,7.86
ZINC000060326004,CSc1ccc2c(c1)c1c(n2S(=O)(=O)c2ccc(F)cc2)CC[C@@H](N(C)C)C1,7.6
ZINC000060326005,CSc1ccc2c(c1)c1c(n2S(=O)(=O)c2ccc(F)cc2)CC[C@H](N(C)C)C1,7.6
ZINC000060326006,CN(C)[C@@H]1CCc2c(c3cc(Cl)ccc3n2S(=O)(=O)c2ccccc2Br)C1,8.09
ZINC000060326007,CN(C)[C@H]1CCc2c(c3cc(Cl)ccc3n2S(=O)(=O)c2ccccc2Br)C1,8.09
ZINC000060326010,CN(C)[C@@H]1CCc2c(c3cc(F)cc(F)c3n2S(=O)(=O)c2ccccc2)C1,8.1
ZINC000060326011,CN(C)[C@H]1CCc2c(c3cc(F)cc(F)c3n2S(=O)(=O)c2ccccc2)C1,8.1
ZINC000060326089,COc1ccc(S(=O)(=O)n2c3c(c4cc(SC)ccc42)C[C@H](N(C)C)CC3)cc1,8.16
ZINC000060326090,COc1ccc(S(=O)(=O)n2c3c(c4cc(SC)ccc42)C[C@@H](N(C)C)CC3)cc1,8.16
ZINC000060326091,CSc1ccc2c(c1)c1c(n2S(=O)(=O)c2cccc(Cl)c2)CC[C@@H](N(C)C)C1,8.57
ZINC000060326092,CSc1ccc2c(c1)c1c(n2S(=O)(=O)c2cccc(Cl)c2)CC[C@H](N(C)C)C1,8.57
ZINC000060326093,COc1ccc2c(c1)c1c(n2S(=O)(=O)c2ccc(F)cc2)CC[C@@H](N(C)C)C1,7.61
ZINC000060326094,COc1ccc2c(c1)c1c(n2S(=O)(=O)c2ccc(F)cc2)CC[C@H](N(C)C)C1,7.61
ZINC000064475322,O=S(=O)(c1cn([C@@H]2CCNC2)c2ncccc12)c1c(Cl)nc2sccn12,9.0
ZINC000064475323,O=S(=O)(c1cn([C@H]2CCNC2)c2ncccc12)c1c(Cl)nc2sccn12,9.0
ZINC000064479731,CCN1CCC[C@H](n2cc(S(=O)(=O)c3c(Cl)nc4sccn34)c3cccnc32)C1,9.15
ZINC000064479732,CCN1CCC[C@@H](n2cc(S(=O)(=O)c3c(Cl)nc4sccn34)c3cccnc32)C1,9.15
ZINC000064479857,O=S(=O)(c1ccc(Cl)s1)c1cn([C@@H]2CCNC2)c2ncccc12,9.0
ZINC000064479858,O=S(=O)(c1ccc(Cl)s1)c1cn([C@H]2CCNC2)c2ncccc12,9.0
ZINC000064521304,O=S(=O)(c1cn([C@@H]2CCCNC2)c2ncccc12)c1c(Cl)nc2sccn12,9.15
ZINC000064521305,O=S(=O)(c1cn([C@H]2CCCNC2)c2ncccc12)c1c(Cl)nc2sccn12,9.15
ZINC000064532066,CC(C)N1CCC[C@H](n2cc(S(=O)(=O)c3c(Cl)nc4sccn34)c3cccnc32)C1,8.77
ZINC000064532068,CC(C)N1CCC[C@@H](n2cc(S(=O)(=O)c3c(Cl)nc4sccn34)c3cccnc32)C1,8.77
ZINC000064532104,CCN1CC[C@H](n2cc(S(=O)(=O)c3c(Cl)nc4sccn34)c3cccnc32)C1,8.85
ZINC000064532106,CCN1CC[C@@H](n2cc(S(=O)(=O)c3c(Cl)nc4sccn34)c3cccnc32)C1,8.85
ZINC000064553006,CN1CC[C@H](n2cc(S(=O)(=O)c3c(Cl)nc4sccn34)c3cccnc32)C1,9.1
ZINC000064553014,CN1CC[C@@H](n2cc(S(=O)(=O)c3c(Cl)nc4sccn34)c3cccnc32)C1,9.1
ZINC000066058771,Cc1cc(N2CCN(C)CC2)c2c(c1)N(S(=O)(=O)c1ccc3ccccc3c1)CCC2=O,7.33
ZINC000066058863,CN1CCN(c2cc(Br)cc3c2C(=O)CCN3S(=O)(=O)c2ccc3ccccc3c2)CC1,7.24
ZINC000066058864,C[C@@H]1CC(=O)c2c(N3CCNCC3)cccc2N1S(=O)(=O)c1ccc2ccccc2c1,7.38
ZINC000066058865,C[C@H]1CC(=O)c2c(N3CCNCC3)cccc2N1S(=O)(=O)c1ccc2ccccc2c1,7.38
ZINC000066101904,CN(C)CCN(C)Cc1ccc2[nH]nc(S(=O)(=O)c3cccc4ccccc34)c2c1,7.85
ZINC000066101905,O=S(=O)(c1cccc2ccccc12)c1n[nH]c2ccc(CN3CCNCC3)cc12,9.62
ZINC000066102681,O=C(NCCN1CCCCC1)c1ccc2[nH]nc(S(=O)(=O)c3cccc4ccccc34)c2c1,6.97
ZINC000066103049,CN(C)CCNC(=O)c1ccc2[nH]nc(S(=O)(=O)c3cccc4ccccc34)c2c1,8.54
ZINC000066103531,NCCNc1ccc2c(S(=O)(=O)c3cccc4ccccc34)n[nH]c2c1,7.77
ZINC000066105205,CN(C)CCC(=O)Nc1ccc2c(S(=O)(=O)c3cccc4ccccc34)n[nH]c2c1,7.36
ZINC000066105207,CCN(CC)CCC(=O)Nc1ccc2c(S(=O)(=O)c3cccc4ccccc34)n[nH]c2c1,7.19
ZINC000066105209,O=C(CCN1CCCCC1)Nc1ccc2c(S(=O)(=O)c3cccc4ccccc34)n[nH]c2c1,7.92
ZINC000066111578,NCCNc1cccc2c(S(=O)(=O)c3cccc4ccccc34)n[nH]c12,7.77
ZINC000066112125,CN(C)CCC(=O)Nc1cccc2c(S(=O)(=O)c3cccc4ccccc34)n[nH]c12,8.32
ZINC000066112126,CCN(CC)CCC(=O)Nc1cccc2c(S(=O)(=O)c3cccc4ccccc34)n[nH]c12,7.57
ZINC000066112127,O=C(CCN1CCCCC1)Nc1cccc2c(S(=O)(=O)c3cccc4ccccc34)n[nH]c12,7.62
ZINC000066112729,NCCC(=O)Nc1cccc2c(S(=O)(=O)c3cccc4ccccc34)n[nH]c12,8.47
ZINC000066156687,O=S(=O)(c1cccc2ccccc12)c1n[nH]c2cccc(NC3CCNCC3)c12,8.55
ZINC000066156756,C[C@H]1CC(=O)c2ccc(N3CCN(C)CC3)cc2N1S(=O)(=O)c1ccc2ccccc2c1,7.77
ZINC000066157168,NCCNCc1ccc2[nH]nc(S(=O)(=O)c3cccc4ccccc34)c2c1,7.92
ZINC000066167120,NCCC(=O)Nc1ccc2c(S(=O)(=O)c3cccc4ccccc34)n[nH]c2c1,7.62
ZINC000066167122,C[C@H](N)CNc1ccc2[nH]nc(S(=O)(=O)c3cccc4ccccc34)c2c1,8.85
ZINC000066167123,C[C@@H](N)CNc1ccc2[nH]nc(S(=O)(=O)c3cccc4ccccc34)c2c1,8.85
ZINC000066258812,CN1CCN(c2ccc3c(c2)C(=O)CCN3S(=O)(=O)c2ccc3ccccc3c2)CC1,6.51
ZINC000066259027,CN1CCN(c2ccc3c(c2)N(S(=O)(=O)c2ccc4ccccc4c2)CCC3=O)CC1,7.59
ZINC000066259028,CN1CCN(c2cccc3c2C(=O)CCN3S(=O)(=O)c2ccc3ccccc3c2)CC1,7.21
ZINC000066259848,C[C@@H]1CC(=O)c2ccc(N3CCN(C)CC3)cc2N1S(=O)(=O)c1ccc2ccccc2c1,7.55
ZINC000066262561,CC[C@@H]1CC(=O)c2c(N3CCN(C)CC3)cccc2N1S(=O)(=O)c1ccc2ccccc2c1,8.05
ZINC000066262564,CC[C@H]1CC(=O)c2c(N3CCN(C)CC3)cccc2N1S(=O)(=O)c1ccc2ccccc2c1,8.05
ZINC000066262566,Cc1ccc2c(c1N1CCN(C)CC1)C(=O)C[C@H](C)N2S(=O)(=O)c1ccc2ccccc2c1,7.82
ZINC000066262569,Cc1ccc2c(c1N1CCN(C)CC1)C(=O)C[C@@H](C)N2S(=O)(=O)c1ccc2ccccc2c1,7.82
ZINC000066262572,Cc1cc(N2CCN(C)CC2)c2c(c1)N(S(=O)(=O)c1ccc3ccccc3c1)[C@H](C)CC2=O,7.96
ZINC000066262575,Cc1cc(N2CCN(C)CC2)c2c(c1)N(S(=O)(=O)c1ccc3ccccc3c1)[C@@H](C)CC2=O,7.96
ZINC000066262748,Cc1ccc(S(=O)(=O)N2CCC(=O)c3c(N4CCN(C)CC4)cccc32)cc1,6.89
ZINC000066263476,Cc1c(S(=O)(=O)N2CCC(=O)c3ccc(N4CCN(C)CC4)cc32)sc2ccc(Cl)cc12,6.38
ZINC000066263531,C[C@@H]1CC(=O)c2c(N3CCN(C)CC3)cccc2N1S(=O)(=O)c1ccc2ccccc2c1,8.1
ZINC000066263534,C[C@H]1CC(=O)c2c(N3CCN(C)CC3)cccc2N1S(=O)(=O)c1ccc2ccccc2c1,8.15
ZINC000066263751,COc1cc2c(cc1N1CCN(C)CC1)N(S(=O)(=O)c1ccc3ccccc3c1)CCC2=O,6.78
ZINC000068150324,c1ccc(Cc2ncc3c(n2)CCNCC3)cc1,5.74
ZINC000068249174,Cc1nc(C(=O)NCCN2CCN(c3cccc(Cl)c3Cl)CC2)c(C)n1-c1ccccc1,5.77
ZINC000068249175,Cc1nc(C(=O)NCCCN2CCN(c3cccc(Cl)c3Cl)CC2)c(C)n1-c1ccccc1,6.87
ZINC000071280530,Fc1ccccc1Sc1ccc2c(c1)N1CCNC[C@@H]1C2,6.82
ZINC000071280532,Fc1ccccc1Sc1ccc2c(c1)N1CCNC[C@H]1C2,6.82
ZINC000071280608,CN1CCc2c(c3ccccc3n2CCc2cccnc2)C1,5.22
ZINC000071280889,Cc1ccc2c(c1)c1c(n2CCc2cccnc2)CCN(C)C1,6.36
ZINC000071281150,CN1CCc2c(c3cc(Br)ccc3n2CCc2ccccn2)C1,5.98
ZINC000071281646,Fc1ccc(Sc2ccc3c(c2)N2CCNC[C@@H]2C3)cc1,6.8
ZINC000071281648,Fc1ccc(Sc2ccc3c(c2)N2CCNC[C@H]2C3)cc1,6.8
ZINC000071281736,Cc1cccc(Sc2ccc3c(c2)N2CCNC[C@@H]2C3)c1,7.3
ZINC000071281738,Cc1cccc(Sc2ccc3c(c2)N2CCNC[C@H]2C3)c1,7.3
ZINC000071282391,COc1ccc(Sc2ccc3c(c2)N2CCNC[C@@H]2C3)cc1,7.11
ZINC000071282393,COc1ccc(Sc2ccc3c(c2)N2CCNC[C@H]2C3)cc1,7.11
ZINC000071294255,FC(F)(F)c1ccccc1Sc1ccc2c(c1)N1CCNC[C@@H]1C2,6.48
ZINC000071294256,FC(F)(F)c1ccccc1Sc1ccc2c(c1)N1CCNC[C@H]1C2,6.48
ZINC000071294385,CN1CCc2c(c3cc(C#N)ccc3n2CCc2ccccn2)C1,5.13
ZINC000071294507,CN1CCc2c(c3cc(C(F)(F)F)ccc3n2CCc2cccnc2)C1,5.24
ZINC000071294526,Cc1ccccc1Sc1ccc2c(c1)N1CCNC[C@@H]1C2,7.09
ZINC000071294527,Cc1ccccc1Sc1ccc2c(c1)N1CCNC[C@H]1C2,7.09
ZINC000071294554,Cc1ccc2c(c1)c1c(n2CCc2ccccn2)CCN(C)C1,6.07
ZINC000071294582,COc1ccccc1Sc1ccc2c(c1)N1CCNC[C@@H]1C2,7.64
ZINC000071294583,COc1ccccc1Sc1ccc2c(c1)N1CCNC[C@H]1C2,7.64
ZINC000071294594,FC(F)(F)c1cccc(Sc2ccc3c(c2)N2CCNC[C@@H]2C3)c1,6.52
ZINC000071294595,FC(F)(F)c1cccc(Sc2ccc3c(c2)N2CCNC[C@H]2C3)c1,6.52
ZINC000071294643,COc1ccc2c(c1)c1c(n2CCc2ccncc2)CCN(C)C1,5.36
ZINC000071294652,COc1cccc(Sc2ccc3c(c2)N2CCNC[C@@H]2C3)c1,6.96
ZINC000071294653,COc1cccc(Sc2ccc3c(c2)N2CCNC[C@H]2C3)c1,6.96
ZINC000071294695,CN1CCc2c(c3cc(F)ccc3n2CCc2ccccn2)C1,5.53
ZINC000071294760,CN1CCc2c(c3ccccc3n2CCc2ccncc2)C1,5.05
ZINC000071294761,Cc1ccc2c(c1)c1c(n2CCc2cnccn2)CCN(C)C1,5.69
ZINC000071294805,FC(F)(F)c1ccc(Sc2ccc3c(c2)N2CCNC[C@@H]2C3)cc1,6.12
ZINC000071294806,FC(F)(F)c1ccc(Sc2ccc3c(c2)N2CCNC[C@H]2C3)cc1,6.12
ZINC000071294943,CN1CCc2c(c3cc(C(F)(F)F)ccc3n2CCc2ccccn2)C1,5.8
ZINC000071295397,CN1CCc2c(c3cc(C(F)(F)F)ccc3n2CCc2ccncc2)C1,5.19
ZINC000071295501,COc1ccc2c(c1)c1c(n2CCc2ccccn2)CCN(C)C1,5.08
ZINC000071295823,CN1CCc2c(c3cc(F)ccc3n2CCc2ccncc2)C1,5.49
ZINC000071296078,Cc1ccc(Sc2ccc3c(c2)N2CCNC[C@@H]2C3)cc1,6.96
ZINC000071296079,Cc1ccc(Sc2ccc3c(c2)N2CCNC[C@H]2C3)cc1,6.96
ZINC000071317400,Cc1cc(C)n2nc([S@](C)=O)c(S(=O)(=O)c3ccccc3)c2n1,5.53
ZINC000071317401,Cc1cc(C)n2nc([S@@](C)=O)c(S(=O)(=O)c3ccccc3)c2n1,5.53
ZINC000072122648,CCN/C(=N\S(=O)(=O)c1ccc(S(C)(=O)=O)cc1)N1C[C@@H](CC)C=N1,8.22
ZINC000072122649,CCN/C(=N\S(=O)(=O)c1ccc(S(C)(=O)=O)cc1)N1C[C@H](CC)C=N1,8.22
ZINC000072122808,CCN/C(=N\S(=O)(=O)c1cccc(Cl)c1)N1C[C@@H](CC)C=N1,8.55
ZINC000072122809,CCN/C(=N\S(=O)(=O)c1cccc(Cl)c1)N1C[C@H](CC)C=N1,8.55
ZINC000072122866,CCN/C(=N\S(=O)(=O)c1cccc(Cl)c1F)N1C[C@@H](CC)C=N1,8.57
ZINC000072122867,CCN/C(=N\S(=O)(=O)c1cccc(Cl)c1F)N1C[C@H](CC)C=N1,8.57
ZINC000072122868,CCN/C(=N\S(=O)(=O)c1cccc2ccccc12)N1C[C@@H](CC)C=N1,8.6
ZINC000072122869,CCN/C(=N\S(=O)(=O)c1cccc2ccccc12)N1C[C@H](CC)C=N1,8.6
ZINC000072122870,CCN/C(=N\[S@@](=O)c1sc2ccc(Cl)cc2c1C)N1C[C@@H](CC)C=N1,8.1
ZINC000072122871,CCN/C(=N\[S@@](=O)c1sc2ccc(Cl)cc2c1C)N1C[C@H](CC)C=N1,8.1
ZINC000072122872,CCN/C(=N\[S@](=O)c1sc2ccc(Cl)cc2c1C)N1C[C@@H](CC)C=N1,8.1
ZINC000072122873,CCN/C(=N\[S@](=O)c1sc2ccc(Cl)cc2c1C)N1C[C@H](CC)C=N1,8.1
ZINC000072123077,CCN/C(=N\S(=O)(=O)c1ccc2ccccc2c1)N1C[C@@H](CC)C=N1,8.1
ZINC000072123078,CCN/C(=N\S(=O)(=O)c1ccc2ccccc2c1)N1C[C@H](CC)C=N1,8.1
ZINC000072123144,CCN/C(=N\S(=O)(=O)c1cccc(C(F)(F)F)c1)N1C[C@@H](CC)C=N1,7.75
ZINC000072123145,CCN/C(=N\S(=O)(=O)c1cccc(C(F)(F)F)c1)N1C[C@H](CC)C=N1,7.75
ZINC000072123149,CCN/C(=N\S(=O)(=O)c1ccc(Cl)c(Cl)c1)N1C[C@@H](CC)C=N1,8.9
ZINC000072123150,CCN/C(=N\S(=O)(=O)c1ccc(Cl)c(Cl)c1)N1C[C@H](CC)C=N1,8.9
ZINC000072123226,CCN/C(=N\S(=O)(=O)c1cc(Cl)ccc1Cl)N1C[C@@H](CC)C=N1,7.0
ZINC000072123227,CCN/C(=N\S(=O)(=O)c1cc(Cl)ccc1Cl)N1C[C@H](CC)C=N1,7.0
ZINC000072123228,CCN/C(=N\S(=O)(=O)c1c(Cl)cccc1Cl)N1C[C@@H](CC)C=N1,6.8
ZINC000072123229,CCN/C(=N\S(=O)(=O)c1c(Cl)cccc1Cl)N1C[C@H](CC)C=N1,6.8
ZINC000072123410,CCN/C(=N\S(=O)(=O)c1cc(Cl)cc(Cl)c1)N1C[C@@H](CC)C=N1,7.66
ZINC000072123411,CCN/C(=N\S(=O)(=O)c1cc(Cl)cc(Cl)c1)N1C[C@H](CC)C=N1,7.66
ZINC000072123463,CCN/C(=N\S(=O)(=O)c1ccc(Cl)cc1)N1C[C@@H](CC)C=N1,8.2
ZINC000072123464,CCN/C(=N\S(=O)(=O)c1ccc(Cl)cc1)N1C[C@H](CC)C=N1,8.2
ZINC000072123543,CCN/C(=N\S(=O)(=O)c1cccc(OC)c1)N1C[C@@H](CC)C=N1,7.58
ZINC000072123544,CCN/C(=N\S(=O)(=O)c1cccc(OC)c1)N1C[C@H](CC)C=N1,7.58
ZINC000072123548,CCN/C(=N\S(=O)(=O)c1cccc(Cl)c1)N1N=CC[C@H]1c1ccncc1,6.9
ZINC000072123549,CCN/C(=N\S(=O)(=O)c1cccc(Cl)c1)N1N=CC[C@@H]1c1ccncc1,6.9
ZINC000072123550,CCN/C(=N\S(=O)(=O)c1cccc(Cl)c1)N1N=CC[C@H]1c1ccco1,8.1
ZINC000072123551,CCN/C(=N\S(=O)(=O)c1cccc(Cl)c1)N1N=CC[C@@H]1c1ccco1,8.1
ZINC000072123552,CCN/C(=N\S(=O)(=O)c1cccc(Cl)c1)N1N=CC[C@H]1c1ccc(F)cc1,6.86
ZINC000072123553,CCN/C(=N\S(=O)(=O)c1cccc(Cl)c1)N1N=CC[C@@H]1c1ccc(F)cc1,6.86
ZINC000072123569,CCN/C(=N\S(=O)(=O)c1c(C)nn(C)c1Cl)N1C[C@@H](CC)C=N1,6.9
ZINC000072123570,CCN/C(=N\S(=O)(=O)c1c(C)nn(C)c1Cl)N1C[C@H](CC)C=N1,6.9
ZINC000072124405,CCN/C(=N\S(=O)(=O)c1c(Cl)nc2sccn12)N1C[C@@H](CC)C=N1,8.1
ZINC000072124406,CCN/C(=N\S(=O)(=O)c1c(Cl)nc2sccn12)N1C[C@H](CC)C=N1,8.1
ZINC000072124407,CCN/C(=N\S(=O)(=O)c1ccc(Cl)s1)N1C[C@@H](CC)C=N1,8.5
ZINC000072124408,CCN/C(=N\S(=O)(=O)c1ccc(Cl)s1)N1C[C@H](CC)C=N1,8.5
ZINC000072124447,CCN/C(=N\S(=O)(=O)c1cccc(C)c1)N1C[C@@H](CC)C=N1,7.56
ZINC000072124448,CCN/C(=N\S(=O)(=O)c1cccc(C)c1)N1C[C@H](CC)C=N1,7.56
ZINC000072124564,CCN/C(=N\S(=O)(=O)c1cccc(Cl)c1)N1N=CC[C@@H]1c1ccccc1,7.7
ZINC000072124639,CCN/C(=N\S(=O)(=O)c1cccc(F)c1)N1C[C@@H](CC)C=N1,7.9
ZINC000072124640,CCN/C(=N\S(=O)(=O)c1cccc(F)c1)N1C[C@H](CC)C=N1,7.9
ZINC000072124746,CCCN/C(=N\S(=O)(=O)c1cccc(Cl)c1)N1C[C@H](CC)C=N1,7.84
ZINC000072124747,CCCN/C(=N\S(=O)(=O)c1cccc(Cl)c1)N1C[C@@H](CC)C=N1,7.84
ZINC000072124748,CC[C@H]1C=NN(/C(=N/S(=O)(=O)c2cccc(Cl)c2)NC)C1,8.2
ZINC000072124749,CC[C@@H]1C=NN(/C(=N/S(=O)(=O)c2cccc(Cl)c2)NC)C1,8.2
ZINC000072124750,CC[C@H]1C=NN(/C(N)=N/S(=O)(=O)c2cccc(Cl)c2)C1,7.62
ZINC000072124751,CC[C@@H]1C=NN(/C(N)=N/S(=O)(=O)c2cccc(Cl)c2)C1,7.62
ZINC000072124886,CCN/C(=N\S(=O)(=O)c1ccccc1)N1C[C@@H](CC)C=N1,7.8
ZINC000072124887,CCN/C(=N\S(=O)(=O)c1ccccc1)N1C[C@H](CC)C=N1,7.8
ZINC000072126178,CCN/C(=N\S(=O)(=O)c1cccc(Cl)c1)N1C[C@H](C)C=N1,8.1
ZINC000072126179,CCN/C(=N\S(=O)(=O)c1cccc(Cl)c1)N1C[C@@H](C)C=N1,8.1
ZINC000072126896,CCN/C(=N\S(=O)(=O)c1ccccc1Cl)N1C[C@@H](CC)C=N1,8.2
ZINC000072126897,CCN/C(=N\S(=O)(=O)c1ccccc1Cl)N1C[C@H](CC)C=N1,8.2
ZINC000072139625,CC[C@H]1C=NN(/C(=N/S(=O)(=O)c2ccccc2Cl)NCc2ccccc2)C1,7.04
ZINC000072139626,CC[C@@H]1C=NN(/C(=N/S(=O)(=O)c2ccccc2Cl)NCc2ccccc2)C1,7.04
ZINC000072284488,COc1cc(Cl)cc([C@H](C)Nc2cc(N3CCNCC3)ccc2S(C)(=O)=O)c1OC,8.4
ZINC000072284489,COc1cc(Cl)cc([C@@H](C)Nc2cc(N3CCNCC3)ccc2S(C)(=O)=O)c1OC,8.4
ZINC000072316666,Cn1c2c(c3cc(S(=O)(=O)c4cccc(Cl)c4)ccc31)[C@H]1CC[C@@H](C2)N1,8.74
ZINC000073170059,CN1C(=O)N(CCCCCN2CCN(c3ccccc3)CC2)C(c2ccccc2)(c2ccccc2)C1=O,5.51
ZINC000073170188,CCN(CCCCN1CC[C@@H]2CCCC[C@@H]2C1)S(=O)(=O)c1cccc2cccnc12,5.71
ZINC000073170189,CCN(CCCCCN1CC[C@@H]2CCCC[C@@H]2C1)S(=O)(=O)c1cccc2cccnc12,5.34
ZINC000073197138,Cc1cccc(S(=O)(=O)c2ccc3c(c2)O[C@H]2CNCC[C@@H]32)c1,7.43
ZINC000073197139,O=S(=O)(c1cccc(C(F)(F)F)c1)c1ccc2c(c1)O[C@H]1CNCC[C@@H]21,7.32
ZINC000073197148,CC(C)Oc1cc(F)cc(S(=O)(=O)c2ccc3c(c2)O[C@H]2CNCC[C@@H]32)c1,7.31
ZINC000073197149,CC(C)Oc1cccc(S(=O)(=O)c2ccc3c(c2)O[C@H]2CNCC[C@@H]32)c1F,7.68
ZINC000073197439,O=S(=O)(NCCCN1CCN(c2ccc(Cl)cc2)CC1)c1cnc2ccccc2c1,5.18
ZINC000073197476,O=S(=O)(c1ccc2c(c1)O[C@H]1CNCC[C@@H]21)c1ccccc1Cl,7.42
ZINC000073197508,O=S(=O)(c1cc(F)cc(Cl)c1)c1ccc2c(c1)O[C@H]1CNCC[C@@H]21,7.96
ZINC000073197509,O=S(=O)(c1ccc2c(c1)O[C@H]1CNCC[C@@H]21)c1cccc(Cl)c1Cl,8.7
ZINC000073197515,COc1cc(OC(C)C)cc(S(=O)(=O)c2ccc3c(c2)O[C@H]2CNCC[C@@H]32)c1,8.4
ZINC000073197810,O=S(=O)(NCCCCN1CCN(c2cccc(Cl)c2)CC1)c1cnc2ccc(Cl)cc2c1,6.81
ZINC000073197835,Cn1c2c(c3ccc(S(=O)(=O)c4ccccc4)cc31)[C@H]1CC[C@@H](C2)N1,6.88
ZINC000073197838,O=S(=O)(c1ccc2c(c1)O[C@H]1CNCC[C@@H]21)c1ccccc1-c1ccccc1,7.82
ZINC000073197839,O=S(=O)(c1cccc(F)c1)c1ccc2c(c1)O[C@H]1CNCC[C@@H]21,7.96
ZINC000073197840,O=S(=O)(c1cccc(Cl)c1)c1ccc2c(c1)O[C@H]1CNCC[C@@H]21,7.96
ZINC000073197886,Cn1c2c(c3cc(S(=O)(=O)n4cccc4)ccc31)[C@H]1CC[C@@H](C2)N1,7.49
ZINC000073197888,Cn1c2c(c3cc(S(=O)(=O)c4c[nH]c5ccccc45)ccc31)[C@H]1CC[C@@H](C2)N1,9.13
ZINC000073198004,Cn1c2c(c3cc(S(=O)(=O)c4ccccc4F)ccc31)[C@H]1CC[C@@H](C2)N1,8.34
ZINC000073198006,Cn1c2c(c3cc(S(=O)(=O)c4cccc(F)c4)ccc31)[C@H]1CC[C@@H](C2)N1,8.39
ZINC000073198008,Cn1c2c(c3cc(S(=O)(=O)c4ccc(F)cc4)ccc31)[C@H]1CC[C@@H](C2)N1,7.22
ZINC000073198010,Cn1c2c(c3cc(S(=O)(=O)c4ccccc4Cl)ccc31)[C@H]1CC[C@@H](C2)N1,8.32
ZINC000073198221,CC(C)Oc1cccc(S(=O)(=O)c2ccc3c(c2)O[C@H]2CNCC[C@@H]32)c1,7.77
ZINC000073198222,COCCOc1cccc(S(=O)(=O)c2ccc3c(c2)O[C@H]2CNCC[C@@H]32)c1,6.25
ZINC000073198254,Cn1c2c(c3cc(S(=O)(=O)c4ccc5[nH]ccc5c4)ccc31)[C@H]1CC[C@@H](C2)N1,9.55
ZINC000073198256,Cn1c2c(c3cc(S(=O)(=O)c4csc5ccccc45)ccc31)[C@H]1CC[C@@H](C2)N1,9.55
ZINC000073198642,COCCCOc1cccc(S(=O)(=O)c2ccc3c(c2)O[C@H]2CNCC[C@@H]32)c1,6.69
ZINC000073198643,O=S(=O)(c1ccc(F)cc1)c1ccc2c(c1)O[C@H]1CNCC[C@@H]21,6.41
ZINC000073198644,Cc1ccc(S(=O)(=O)c2ccc3c(c2)O[C@H]2CNCC[C@@H]32)cc1,7.19
ZINC000073198751,Cn1c2c(c3cc(S(=O)(=O)c4cccc(N)c4)ccc31)[C@H]1CC[C@@H](C2)N1,8.2
ZINC000073199033,O=S(=O)(c1cc(F)cc(F)c1)c1ccc2c(c1)O[C@H]1CNCC[C@@H]21,7.55
ZINC000073199706,Cn1c2c(c3cc(S(=O)(=O)c4ccccc4)ccc31)[C@H]1CC[C@@H](C2)N1,8.09
ZINC000073200478,O=S(=O)(c1ccccc1)c1ccc2[nH]c3c(c2c1)[C@H]1CC[C@@H](C3)N1,7.27
ZINC000073221471,O=S(=O)(c1cccc(F)c1)c1ccc2c3c(oc2c1)[C@]1(CCOC1)NCC3,7.65
ZINC000073221474,O=S(=O)(c1cccc(F)c1)c1ccc2c3c(oc2c1)[C@@]1(CCOC1)NCC3,7.65
ZINC000073221477,O=S(=O)(c1cccc(F)c1)c1ccc2c3c(oc2c1)[C@]1(CCCOC1)NCC3,8.36
ZINC000073221479,O=S(=O)(c1cccc(F)c1)c1ccc2c3c(oc2c1)[C@@]1(CCCOC1)NCC3,8.36
ZINC000073221588,C[C@@]1(C(F)F)NCCc2c1oc1cc(S(=O)(=O)c3cccc(F)c3)ccc21,7.8
ZINC000073221592,C[C@]1(C(F)F)NCCc2c1oc1cc(S(=O)(=O)c3cccc(F)c3)ccc21,7.8
ZINC000073221597,COC[C@]1(C)NCCc2c1oc1cc(S(=O)(=O)c3cccc(F)c3)ccc21,7.74
ZINC000073221598,COC[C@@]1(C)NCCc2c1oc1cc(S(=O)(=O)c3cccc(F)c3)ccc21,7.74
ZINC000073221844,C[C@@]1(C(F)(F)F)NCCc2c1oc1cc(S(=O)(=O)c3cccc(F)c3)ccc21,6.86
ZINC000073221849,C[C@]1(C(F)(F)F)NCCc2c1oc1cc(S(=O)(=O)c3cccc(F)c3)ccc21,6.86
ZINC000073241811,COc1cccc(S(=O)(=O)c2ccc3c(c2)O[C@H]2CNCC[C@@H]32)c1,7.07
ZINC000073241813,O=S(=O)(NCCCCN1CCN(c2ccc(Cl)cc2)CC1)c1ccc2cccnc2c1,5.76
ZINC000073274645,O=S(=O)(NCCCCN1CCN(c2ccc(Cl)cc2)CC1)c1ccc2ncccc2c1,5.81
ZINC000073274649,O=S(=O)(NCCCCN1CCN(c2cccc(Cl)c2)CC1)c1ccc2ccccc2c1,6.83
ZINC000073274654,O=S(=O)(NCCCN1CCN(c2cccc(Cl)c2)CC1)c1cnc2ccccc2c1,5.3
ZINC000073274859,O=S(=O)(c1ccc2c(c1)O[C@H]1CNCC[C@@H]21)c1ccccc1F,7.49
ZINC000073274863,O=S(=O)(NCCCCN1CCN(c2cccc(Cl)c2)CC1)c1cnc2ccccc2c1,6.86
ZINC000073278068,O=S(=O)(NCCCCN1CCN(c2cccc(Cl)c2)CC1)c1ccc2ncccc2c1,6.4
ZINC000073278070,O=S(=O)(NCCCCN1CCN(c2cccc(Cl)c2)CC1)c1cccc2cccnc12,5.42
ZINC000073278774,O=S(=O)(NCCCCN1CCN(c2ccc(Cl)cc2)CC1)c1cnc2ccccc2c1,6.47
ZINC000073280994,O=S(=O)(NCCCN1CCN(c2ccc(Cl)cc2)CC1)c1cncc2ccccc12,5.56
ZINC000073280996,O=S(=O)(NCCCCN1CCN(c2ccc(Cl)cc2)CC1)c1cncc2ccccc12,6.12
ZINC000073280998,O=S(=O)(NCCCCCN1CCN(c2ccc(Cl)cc2)CC1)c1cnc2ccccc2c1,5.66
ZINC000073281000,O=S(=O)(NCCCCN1CCN(c2cccc(Cl)c2)CC1)c1cccc2ccccc12,6.9
ZINC000073387910,O=S(=O)(c1ccccc1)c1ccc2c(c1)O[C@H]1CNCC[C@@H]21,7.08
ZINC000082152229,Cn1c2c(c3cccc(S(=O)(=O)c4ccccc4)c31)[C@H]1CC[C@@H](C2)N1,6.09
ZINC000082152427,Cn1c2c(c3cc(S(=O)(=O)c4ccc(Cl)cc4)ccc31)[C@H]1CC[C@@H](C2)N1,7.43
ZINC000082153133,CCn1c2c(c3cc(S(=O)(=O)c4ccccc4)ccc31)[C@H]1CC[C@@H](C2)N1,7.28
ZINC000082153138,CC(C)n1c2c(c3cc(S(=O)(=O)c4ccccc4)ccc31)[C@H]1CC[C@@H](C2)N1,6.46
ZINC000082153370,Cn1c2c(c3cc(S(=O)(=O)c4cccc(O)c4)ccc31)[C@H]1CC[C@@H](C2)N1,7.96
ZINC000082154281,Cn1c2c(c3cc(S(=O)(=O)c4cccc(C#N)c4)ccc31)[C@H]1CC[C@@H](C2)N1,7.46
ZINC000082154286,Cn1c2c(c3cc(S(=O)(=O)c4ccccn4)ccc31)[C@H]1CC[C@@H](C2)N1,6.72
ZINC000082154292,Cn1c2c(c3cc(S(=O)(=O)c4cccnc4)ccc31)[C@H]1CC[C@@H](C2)N1,6.81
ZINC000082154307,Cn1c2c(c3cc(S(=O)(=O)c4ccsc4)ccc31)[C@H]1CC[C@@H](C2)N1,7.29
ZINC000082155484,Cn1c2c(c3cc(S(=O)(=O)n4ccc5ccccc54)ccc31)[C@H]1CC[C@@H](C2)N1,9.17
ZINC000082158634,Cn1c2c(c3cc(S(=O)(=O)c4cccc(C(F)(F)F)c4)ccc31)[C@H]1CC[C@@H](C2)N1,8.82
ZINC000082158638,Cn1c2c(c3cc(S(=O)(=O)c4cccc(OC(F)(F)F)c4)ccc31)[C@H]1CC[C@@H](C2)N1,8.14
ZINC000084298917,Cc1[nH]c2ccc(F)cc2c1C1=CCNCC1,8.28
ZINC000084689918,CNC1=NC(=O)/C(=C\c2c[nH]c3cccc(Br)c23)N1C,5.85
ZINC000084709545,CNC1=NC(=O)/C(=C/c2c[nH]c3cccc(Br)c23)N1,5.43
ZINC000084712274,CNC1=NC(=O)/C(=C/c2c[nH]c3ccc(Br)cc23)N1,6.07
ZINC000084723966,CNC1=NC(=O)/C(=C\c2c[nH]c3c(Br)cccc23)N1C,5.64
ZINC000095541575,O=C1Nc2ccccc2[C@H]1CCCCN1CCN(c2ccc(Cl)cc2)CC1,6.24
ZINC000095544762,COc1ccc(NS(=O)(=O)c2sc3ccc(Cl)cc3c2C)cc1N1CCN(CCCCCCNC(=O)CCCC[C@H]2SC[C@@H]3NC(=O)N[C@@H]32)CC1,7.05
ZINC000095544763,COc1ccc(NS(=O)(=O)c2sc3ccc(Cl)cc3c2C)cc1N1CCN(CCCCCCNC(=O)CCCC[C@@H]2SC[C@@H]3NC(=O)N[C@H]23)CC1,7.05
ZINC000095550235,CN(C)[C@@H]1CCc2c(c3cc(F)ccc3n2S(=O)(=O)c2ccccc2Br)C1,8.3
ZINC000095550236,CN(C)[C@H]1CCc2c(c3cc(F)ccc3n2S(=O)(=O)c2ccccc2Br)C1,8.3
ZINC000095552067,COc1ccc2c(c1)c1c(n2S(=O)(=O)c2cccc(C(F)(F)F)c2)CC[C@H](N)C1,7.41
ZINC000095552068,COc1ccc2c(c1)c1c(n2S(=O)(=O)c2cccc(C(F)(F)F)c2)CC[C@@H](N)C1,7.41
ZINC000095552425,COc1ccc2c(c1)c1c(n2S(=O)(=O)c2ccccc2Cl)CC[C@@H](N(C)C)C1,8.33
ZINC000095552426,COc1ccc2c(c1)c1c(n2S(=O)(=O)c2ccccc2Cl)CC[C@H](N(C)C)C1,8.33
ZINC000095552552,CN(C)[C@@H]1CCc2c(c3ccccc3n2S(=O)(=O)c2ccccc2Cl)C1,8.04
ZINC000095552553,CN(C)[C@H]1CCc2c(c3ccccc3n2S(=O)(=O)c2ccccc2Cl)C1,8.04
ZINC000095552829,CN(C)[C@@H]1CCc2c(c3cc(Br)ccc3n2S(=O)(=O)c2ccc(F)c(F)c2F)C1,7.21
ZINC000095552830,CN(C)[C@H]1CCc2c(c3cc(Br)ccc3n2S(=O)(=O)c2ccc(F)c(F)c2F)C1,7.21
ZINC000095553195,CN(C)[C@@H]1CCc2c(c3cc(Br)ccc3n2S(=O)(=O)c2cc(C(F)(F)F)ccc2Cl)C1,7.15
ZINC000095553196,CN(C)[C@H]1CCc2c(c3cc(Br)ccc3n2S(=O)(=O)c2cc(C(F)(F)F)ccc2Cl)C1,7.15
ZINC000095554390,CN[C@@H]1CCc2c(c3ccccc3n2S(=O)(=O)c2cccc(C(F)(F)F)c2)C1,7.77
ZINC000095554391,CN[C@H]1CCc2c(c3ccccc3n2S(=O)(=O)c2cccc(C(F)(F)F)c2)C1,7.77
ZINC000095554405,CN(C)[C@@H]1CCc2c(c3cc(F)ccc3n2S(=O)(=O)c2cccc(Cl)c2)C1,8.3
ZINC000095554406,CN(C)[C@H]1CCc2c(c3cc(F)ccc3n2S(=O)(=O)c2cccc(Cl)c2)C1,8.3
ZINC000095554622,COc1ccc2c(c1)c1c(n2S(=O)(=O)c2ccccc2F)CC[C@@H](N(C)C)C1,8.44
ZINC000095554623,COc1ccc2c(c1)c1c(n2S(=O)(=O)c2ccccc2F)CC[C@H](N(C)C)C1,8.44
ZINC000095555012,CN(C)[C@@H]1CCc2c(c3cc(Br)ccc3n2S(=O)(=O)c2ccc(F)c(F)c2)C1,7.54
ZINC000095555013,CN(C)[C@H]1CCc2c(c3cc(Br)ccc3n2S(=O)(=O)c2ccc(F)c(F)c2)C1,7.54
ZINC000095555079,CN[C@@H]1CCc2c(c3cc(OC)ccc3n2S(=O)(=O)c2cccc(C(F)(F)F)c2)C1,7.88
ZINC000095555080,CN[C@H]1CCc2c(c3cc(OC)ccc3n2S(=O)(=O)c2cccc(C(F)(F)F)c2)C1,7.88
ZINC000095555384,CN(C)[C@@H]1CCc2c(c3ccccc3n2S(=O)(=O)c2ccccc2Br)C1,8.55
ZINC000095555385,CN(C)[C@H]1CCc2c(c3ccccc3n2S(=O)(=O)c2ccccc2Br)C1,8.55
ZINC000095556132,N[C@H]1Cc2cccc3c2c(cn3S(=O)(=O)c2ccccc2)C1,8.8
ZINC000095556133,N[C@@H]1Cc2cccc3c2c(cn3S(=O)(=O)c2ccccc2)C1,8.8
ZINC000095556417,N[C@H]1CCc2c(c3ccccc3n2S(=O)(=O)c2cccc(C(F)(F)F)c2)C1,7.13
ZINC000095556418,N[C@@H]1CCc2c(c3ccccc3n2S(=O)(=O)c2cccc(C(F)(F)F)c2)C1,7.13
ZINC000095557121,COc1ccc2c(c1)c1c(n2S(=O)(=O)c2ccccc2Br)CC[C@@H](N(C)C)C1,8.37
ZINC000095557122,COc1ccc2c(c1)c1c(n2S(=O)(=O)c2ccccc2Br)CC[C@H](N(C)C)C1,8.37
ZINC000095557440,CN(C)[C@@H]1CCc2c(c3ccccc3n2S(=O)(=O)c2ccccc2F)C1,7.98
ZINC000095557441,CN(C)[C@H]1CCc2c(c3ccccc3n2S(=O)(=O)c2ccccc2F)C1,7.98
ZINC000095559540,O=S(=O)(c1ccccc1)n1ccc2c(CN3CCNCC3)cccc21,8.11
ZINC000095562617,Cc1ccc(S(=O)(=O)n2ccc3c(CN4CCNCC4)cccc32)cc1,7.97
ZINC000095571900,COCc1cccc(NS(=O)(=O)c2ccc(OC)c(N3CCNCC3)c2)c1,8.0
ZINC000095571949,CCOCc1cccc(NS(=O)(=O)c2ccc(OC)c(N3CCNCC3)c2)c1,8.0
ZINC000095571979,CSc1ccccc1OCCN1CC[C@H](NS(=O)(=O)c2cccc(Cl)c2)C1,6.73
ZINC000095571980,CSc1ccccc1OCCN1CC[C@@H](NS(=O)(=O)c2cccc(Cl)c2)C1,6.73
ZINC000095571997,CC(C)c1ccccc1OCCN1CC[C@H](NS(=O)(=O)c2cccs2)C1,6.59
ZINC000095571998,CC(C)c1ccccc1OCCN1CC[C@@H](NS(=O)(=O)c2cccs2)C1,6.59
ZINC000095572057,O=S(=O)(N[C@H]1CCN(CCOc2ccccc2-c2ccccc2)C1)c1cc(F)ccc1F,6.29
ZINC000095572058,O=S(=O)(N[C@@H]1CCN(CCOc2ccccc2-c2ccccc2)C1)c1cc(F)ccc1F,6.29
ZINC000095572413,COCc1ccccc1NS(=O)(=O)c1ccc(OC)c(N2CCN(C)CC2)c1,8.0
ZINC000095572564,O=S(=O)(N[C@H]1CCN(CCOc2cccc3c2CCCC3)C1)c1cccs1,6.99
ZINC000095572565,O=S(=O)(N[C@@H]1CCN(CCOc2cccc3c2CCCC3)C1)c1cccs1,6.99
ZINC000095572659,O=S(=O)(N[C@H]1CCN(CCOc2ccccc2)C1)c1ccc(F)cc1,6.61
ZINC000095572660,O=S(=O)(N[C@@H]1CCN(CCOc2ccccc2)C1)c1ccc(F)cc1,6.61
ZINC000095572941,CCOc1ccc(S(=O)(=O)Nc2cccc(COC)c2)cc1N1CCN(C)CC1,8.0
ZINC000095573023,COCc1cccc(NS(=O)(=O)c2ccc(OC)c(N3CCN(C)CC3)c2)c1,8.0
ZINC000095573174,O=S(=O)(N[C@H]1CCN(CCOc2ccccc2)C1)c1ccc(Cl)s1,6.02
ZINC000095573175,O=S(=O)(N[C@@H]1CCN(CCOc2ccccc2)C1)c1ccc(Cl)s1,6.02
ZINC000095573534,CCOc1ccc(S(=O)(=O)Nc2ccccc2COC)cc1N1CCNCC1,8.0
ZINC000095574120,COCc1ccccc1NS(=O)(=O)c1ccc(C)c(N2CCNCC2)c1,7.0
ZINC000095574199,CCOc1ccc(S(=O)(=O)Nc2ccccc2COC)cc1N1CCN(C)CC1,8.0
ZINC000095574342,O=S(=O)(N[C@H]1CCN(CCOc2cccc3c2CCCC3)C1)c1cc(F)ccc1F,6.81
ZINC000095574343,O=S(=O)(N[C@@H]1CCN(CCOc2cccc3c2CCCC3)C1)c1cc(F)ccc1F,6.81
ZINC000095574394,CSc1ccccc1OCCN1CC[C@H](NS(=O)(=O)c2ccc(F)cc2)C1,6.45
ZINC000095574395,CSc1ccccc1OCCN1CC[C@@H](NS(=O)(=O)c2ccc(F)cc2)C1,6.45
ZINC000095574689,COCc1cccc(NS(=O)(=O)c2ccc(C)c(N3CCN(C)CC3)c2)c1,7.0
ZINC000095574760,COc1ccc(S(=O)(=O)Nc2cccc([C@H](C)OC)c2)cc1N1CCNCC1,7.7
ZINC000095574761,COc1ccc(S(=O)(=O)Nc2cccc([C@@H](C)OC)c2)cc1N1CCNCC1,7.7
ZINC000095575376,COCc1cccc(NS(=O)(=O)c2ccc(OC)c(N3CCCNCC3)c2)c1,7.7
ZINC000095575406,COCc1ccccc1NS(=O)(=O)c1ccc(OC)c(N2CCNCC2)c1,8.0
ZINC000095575545,CC(C)c1ccccc1OCCN1CC[C@H](NS(=O)(=O)c2cccc3cccnc23)C1,6.3
ZINC000095575546,CC(C)c1ccccc1OCCN1CC[C@@H](NS(=O)(=O)c2cccc3cccnc23)C1,6.3
ZINC000095575960,COc1ccc(S(=O)(=O)Nc2cccc(COCC(F)(F)F)c2)cc1N1CCNCC1,8.0
ZINC000095576150,O=S(=O)(N[C@H]1CCN(CCOc2ccccc2-c2ccccc2)C1)c1ccc(F)c(F)c1,6.49
ZINC000095576151,O=S(=O)(N[C@@H]1CCN(CCOc2ccccc2-c2ccccc2)C1)c1ccc(F)c(F)c1,6.49
ZINC000095576235,CC(C)c1ccccc1OCCN1CC[C@H](NS(=O)(=O)c2cccc(Cl)c2)C1,6.61
ZINC000095576236,CC(C)c1ccccc1OCCN1CC[C@@H](NS(=O)(=O)c2cccc(Cl)c2)C1,6.61
ZINC000095577274,CCOc1ccc(S(=O)(=O)Nc2cccc(COC)c2)cc1N1CCNCC1,8.0
ZINC000095577396,O=S(=O)(N[C@H]1CCN(CCOc2cccc(Cl)c2Cl)C1)c1ccc(Cl)s1,7.04
ZINC000095577397,O=S(=O)(N[C@@H]1CCN(CCOc2cccc(Cl)c2Cl)C1)c1ccc(Cl)s1,7.04
ZINC000095577705,COCc1ccc(NS(=O)(=O)c2ccc(OC)c(N3CCNCC3)c2)cc1,7.0
ZINC000095577818,O=C(N[C@H]1CCN(CCOc2ccccc2-c2ccccc2)C1)c1ccc2ccccc2n1,5.87
ZINC000095577819,O=C(N[C@@H]1CCN(CCOc2ccccc2-c2ccccc2)C1)c1ccc2ccccc2n1,5.87
ZINC000095577863,O=S(=O)(N[C@H]1CCN(CCOc2cccc(F)c2)C1)c1cccs1,5.75
ZINC000095577864,O=S(=O)(N[C@@H]1CCN(CCOc2cccc(F)c2)C1)c1cccs1,5.75
ZINC000095578379,CC(C)c1ccccc1OCCN1CC[C@H](NC(=O)c2ccc3ccccc3n2)C1,5.75
ZINC000095578380,CC(C)c1ccccc1OCCN1CC[C@@H](NC(=O)c2ccc3ccccc3n2)C1,5.75
ZINC000095578875,COCc1ccccc1NS(=O)(=O)c1ccc(C)c(N2CCN(C)CC2)c1,7.0
ZINC000095578946,COCc1cccc(N(C)S(=O)(=O)c2ccc(OC)c(N3CCNCC3)c2)c1,7.0
ZINC000095579461,COCc1cccc(NS(=O)(=O)c2ccc(C)c(N3CCNCC3)c2)c1,8.0
ZINC000095579504,O=S(=O)(N[C@H]1CCN(CCOc2cccc(F)c2)C1)c1ccc(F)c(F)c1,6.02
ZINC000095579505,O=S(=O)(N[C@@H]1CCN(CCOc2cccc(F)c2)C1)c1ccc(F)c(F)c1,6.02
ZINC000095579517,O=S(=O)(N[C@H]1CCN(CCOc2cc(Cl)ccc2Cl)C1)c1ccc(Cl)s1,6.65
ZINC000095579518,O=S(=O)(N[C@@H]1CCN(CCOc2cc(Cl)ccc2Cl)C1)c1ccc(Cl)s1,6.65
ZINC000095579554,O=S(=O)(N[C@H]1CCN(CCOc2ccccc2-c2ccccc2)C1)c1cccs1,6.57
ZINC000095579555,O=S(=O)(N[C@@H]1CCN(CCOc2ccccc2-c2ccccc2)C1)c1cccs1,6.57
ZINC000095580141,O=S(=O)(N[C@H]1CCN(CCOc2cccc3c2CCCC3)C1)c1ccc(F)cc1,7.02
ZINC000095580142,O=S(=O)(N[C@@H]1CCN(CCOc2cccc3c2CCCC3)C1)c1ccc(F)cc1,7.02
ZINC000095607165,O=C(N[C@H]1CCN(CCOc2ccccc2-c2ccccc2)C1)c1cccc(F)c1F,5.74
ZINC000095607166,O=C(N[C@@H]1CCN(CCOc2ccccc2-c2ccccc2)C1)c1cccc(F)c1F,5.74
ZINC000096258472,O=C1C[C@H](c2c[nH]c3ccccc23)C(=O)N1CCN1CCC(c2c[nH]c3ccc(F)cc23)CC1,5.94
ZINC000096258474,COc1ccc2[nH]cc(C3CCN(CCCN4C(=O)C[C@@H](c5c[nH]c6ccccc56)C4=O)CC3)c2c1,6.58
ZINC000096258479,COc1ccc2[nH]cc(C3CCN(CCCCN4C(=O)C[C@@H](c5c[nH]c6ccccc56)C4=O)CC3)c2c1,6.8
ZINC000096258483,O=C1C[C@H](c2c[nH]c3ccccc23)C(=O)N1CCCCN1CCC(c2c[nH]c3ccc(F)cc23)CC1,7.2
ZINC000096271307,Fc1cccc(Nc2nc(Cc3ccccc3)nc3c2CCNCC3)c1,7.65
ZINC000096271308,COc1cccc(Nc2nc(Cc3ccccc3)nc3c2CCNCC3)c1,7.52
ZINC000096271309,c1ccc(Cc2nc3c(c(Nc4ccccc4)n2)CCNCC3)cc1,7.43
ZINC000096271310,Clc1cccc(Nc2nc(Cc3ccccc3)nc3c2CCNCC3)c1,7.66
ZINC000096284094,O=C(Cc1ccc(OC2CCNCC2)cc1OCCF)N1CCC(N2C(=O)CCc3ccccc32)CC1,6.73
ZINC000096905423,CCCn1c(C)c(C2=CCNCC2)c2cc(Cl)ccc21,7.1
ZINC000096905424,Cc1c(C2=CCNCC2)c2cc(Cl)ccc2n1S(=O)(=O)c1ccccc1,8.7
ZINC000096910224,Cc1[nH]c2ccc(Br)cc2c1C1=CCNCC1,8.57
ZINC000096910225,Cc1[nH]c2ccc(OS(=O)(=O)C(F)(F)F)cc2c1C1=CCNCC1,7.49
ZINC000096910226,Cc1[nH]c2ccc(NS(=O)(=O)c3ccccc3)cc2c1C1=CCNCC1,7.68
ZINC000096910227,CSc1ccc2[nH]c(C)c(C3=CCNCC3)c2c1,8.18
ZINC000096910228,Cc1[nH]c2ccc([N+](=O)[O-])cc2c1C1=CCNCC1,8.0
ZINC000096910229,Cc1[nH]c2ccc(Oc3ccccc3[N+](=O)[O-])cc2c1C1=CCNCC1,8.05
ZINC000096910230,Cc1[nH]c2ccc(OC(C)C)cc2c1C1=CCNCC1,7.0
ZINC000096910231,Cc1[nH]c2ccc(-c3ccsc3)cc2c1C1=CCNCC1,6.15
ZINC000096910232,Cc1[nH]c2ccc(-c3ccccc3)cc2c1C1=CCNCC1,6.0
ZINC000096910233,Cc1c(C2=CCNCC2)c2cc(Cl)ccc2n1C,7.4
ZINC000096910234,CCn1c(C)c(C2=CCNCC2)c2cc(Cl)ccc21,7.0
ZINC000096916141,Cc1ccc(N2CCc3c(NS(=O)(=O)c4cccc(C(F)(F)F)c4)n[nH]c3C2=O)cc1,5.48
ZINC000096916146,COc1cccc(S(=O)(=O)Nc2n[nH]c3c2CCN(c2ccc(C)cc2)C3=O)c1,5.17
ZINC000096916152,Cc1ccc(N2CCc3c(NS(=O)(=O)c4cccc(Cl)c4C)n[nH]c3C2=O)cc1,5.78
ZINC000096916156,COc1ccc(N2CCc3c(NS(=O)(=O)c4cccc(F)c4)n[nH]c3C2=O)cc1,6.24
ZINC000096916159,COc1ccc(N2CCc3c(NS(=O)(=O)c4cccc(OC)c4)n[nH]c3C2=O)cc1,5.15
ZINC000096916164,O=C1c2[nH]nc(NS(=O)(=O)c3cccc4ccccc34)c2CCN1C1CCNCC1,6.11
ZINC000096916168,O=C1c2[nH]nc(NS(=O)(=O)c3cccc4ccccc34)c2CCN1CC1CCNCC1,6.51
ZINC000096916186,Cc1ccc(N2CCc3c(NS(=O)(=O)c4ccc(F)cc4)n[nH]c3C2=O)cc1,5.28
ZINC000096917781,CN1CCN(/N=C/c2c(-c3ccccc3)n(S(=O)(=O)c3cccc4c(N(C)C)cccc34)c3ccccc23)CC1,5.85
ZINC000096917782,CN1CCN(/N=C/c2c(-c3ccccc3)n(S(=O)(=O)c3nccn3C)c3ccccc23)CC1,5.44
ZINC000096917785,CN1CCN(/N=C/c2c(-c3ccccc3)n(S(=O)(=O)c3cccc4c3OCCO4)c3ccccc23)CC1,5.42
ZINC000096917791,CN1CCN(/N=C/c2c(-c3ccccc3)n(S(=O)(=O)c3ccccc3)c3ccccc23)CC1,5.74
ZINC000096921199,COc1cc(C)c(Cl)cc1S(=O)(=O)n1c(-c2ccccc2)c(/C=N/N2CCN(C)CC2)c2ccccc21,5.13
ZINC000096921200,CN1CCN(/N=C/c2c(-c3ccccc3)n(S(=O)(=O)c3ccc(F)cc3)c3ccccc23)CC1,5.54
ZINC000096921209,CN1CCN(/N=C/c2c(-c3ccccc3)n(S(=O)(=O)c3cccc4ccccc34)c3ccccc23)CC1,5.18
ZINC000096921212,COc1cc(C)c(Cl)cc1S(=O)(=O)n1c(C)c(/C=N/N2CCN(C)CC2)c2ccccc21,5.62
ZINC000096921213,Cc1c(/C=N/N2CCN(C)CC2)c2ccccc2n1S(=O)(=O)c1ccc(F)cc1,5.32
ZINC000096921219,Cc1c(/C=N/N2CCN(C)CC2)c2ccccc2n1S(=O)(=O)c1ccc2ccccc2c1,5.69
ZINC000096927924,COc1ccc2c(=O)c3cccc(CN4CCN(c5ccccc5OC)CC4)c3oc2c1,5.03
ZINC000096927926,COc1ccc2c(=O)c3cc(CN4CCN(Cc5ccccc5)CC4)ccc3oc2c1,5.05
ZINC000096927928,COc1ccccc1N1CCN(Cc2ccc3oc4ccccc4c(=O)c3c2)CC1,5.23
ZINC000096937897,N=C1N=C(O)/C(=C\c2c[nH]c3c(Br)cccc23)N1,5.85
ZINC000100001964,CCOC(=O)C1=C(COCCN)NC(C)=C(C(=O)OC)[C@@H]1c1ccccc1Cl,5.87
ZINC000100001965,CCOC(=O)C1=C(COCCN)NC(C)=C(C(=O)OC)[C@H]1c1ccccc1Cl,5.87
ZINC000100048099,N#C/C(=C\Nc1ccccn1)S(=O)(=O)c1ccccc1,6.28
ZINC000100632645,CN1[C@H]2CC[C@H]1c1c(n(C)c3ccc(S(=O)(=O)c4ccccc4)cc13)C2,8.11
ZINC000100633207,Cn1cc(S(=O)(=O)c2ccc3c(c2)c2c(n3C)C[C@H]3CC[C@H]2N3)c2ccccc21,9.09
ZINC000101288777,C[C@@H]1Cc2ccc(NS(=O)(=O)c3c(Cl)nc4sccn34)cc2/C1=N/NC(=N)N,8.8
ZINC000101288785,C[C@H]1Cc2ccc(NS(=O)(=O)c3c(Cl)nc4sccn34)cc2/C1=N/NC(=N)N,8.8
ZINC000101446233,O=C1Nc2ccc(F)cc2[C@@H]1CCCCN1CCN(c2ccccc2)CC1,5.74
ZINC000101471633,Cn1ccc(S(=O)(=O)c2ccc3c(c2)c2c(n3C)C[C@H]3CC[C@H]2N3)n1,6.0
ZINC000101501655,Cc1ccc(S(=O)(=O)Nc2ccc3snc(/N=C/N(C)C)c3c2)cc1,6.44
ZINC000101501658,CN(C)/C=N/c1nsc2ccc(NS(=O)(=O)c3ccc(Cl)cc3)cc12,5.44
ZINC000101501659,CN(C)/C=N/c1nsc2ccc(NS(=O)(=O)c3ccc4ccccc4c3)cc12,6.36
ZINC000101675456,O=C1C[C@@H](c2c[nH]c3ccccc23)C(=O)N1CCN1CCC(c2c[nH]c3ccc(F)cc23)CC1,5.94
ZINC000101675464,COc1ccc2[nH]cc(C3CCN(CCCN4C(=O)C[C@H](c5c[nH]c6ccccc56)C4=O)CC3)c2c1,6.58
ZINC000101675474,COc1ccc2[nH]cc(C3CCN(CCCCN4C(=O)C[C@H](c5c[nH]c6ccccc56)C4=O)CC3)c2c1,6.8
ZINC000101675482,O=C1C[C@@H](c2c[nH]c3ccccc23)C(=O)N1CCCCN1CCC(c2c[nH]c3ccc(F)cc23)CC1,7.2
ZINC000103268184,CSc1nc2ccccn2/c(=N\C(C)=O)c1S(=O)(=O)c1ccccc1,7.08
ZINC000103268189,COc1nc2ccccn2c(=N)c1S(=O)(=O)c1ccccc1,7.68
ZINC000103268192,CNc1nc2ccccn2c(=N)c1S(=O)(=O)c1ccccc1,8.62
ZINC000103268195,CCNc1nc2ccccn2c(=N)c1S(=O)(=O)c1ccccc1,8.7
ZINC000103268198,N=c1c(S(=O)(=O)c2ccccc2)c(NCCO)nc2ccccn12,7.38
ZINC000103268201,Cc1ccc(Nc2nc3ccc(C)cn3c(=N)c2S(=O)(=O)c2ccccc2)nc1,7.22
ZINC000103270608,CSc1nc2ccc(C(N)=O)cn2c(=N)c1S(=O)(=O)c1ccccc1,8.06
ZINC000103270610,COC(=O)c1ccc2nc(SC)c(S(=O)(=O)c3ccccc3)c(=N)n2c1,6.33
ZINC000103270614,CSc1nc2c(Cc3ccccc3)cccn2c(=N)c1S(=O)(=O)c1ccccc1,6.48
ZINC000103270616,CSc1nc2c(C)cc(Br)cn2c(=N)c1S(=O)(=O)c1ccccc1,7.92
ZINC000103270620,CSc1nc2c3ncccc3ccn2c(=N)c1S(=O)(=O)c1ccccc1,7.24
ZINC000118362046,O=S(=O)(c1cccc(F)c1)n1cc2c3c(cccc31)N1CCNC[C@H]1C2,9.12
ZINC000118362048,O=S(=O)(c1cccc(F)c1)n1cc2c3c(cccc31)N1CCNC[C@@H]1C2,9.12
ZINC000118362561,COc1ccccc1S(=O)(=O)n1cc2c3c(cccc31)N1CCNC[C@H]1C2,7.59
ZINC000118362564,COc1ccccc1S(=O)(=O)n1cc2c3c(cccc31)N1CCNC[C@@H]1C2,7.59
ZINC000118362910,Cc1ccc(S(=O)(=O)n2cc3c4c(cccc42)N2CCNC[C@H]2C3)cc1,7.02
ZINC000118362912,Cc1ccc(S(=O)(=O)n2cc3c4c(cccc42)N2CCNC[C@@H]2C3)cc1,7.02
ZINC000118363054,COc1ccc(S(=O)(=O)n2cc3c4c(cccc42)N2CCNC[C@H]2C3)cc1,6.77
ZINC000118363056,COc1ccc(S(=O)(=O)n2cc3c4c(cccc42)N2CCNC[C@@H]2C3)cc1,6.77
ZINC000118363116,COc1cccc(S(=O)(=O)n2cc3c4c(cccc42)N2CCNC[C@H]2C3)c1,7.62
ZINC000118363119,COc1cccc(S(=O)(=O)n2cc3c4c(cccc42)N2CCNC[C@@H]2C3)c1,7.62
ZINC000140510647,CN1CC[C@H]2[C@@H](C1)c1cccc3c1N2c1ccccc1CS3,7.8
ZINC000140512435,CN1CC[C@@H]2[C@@H](C1)c1cccc3c1N2c1ccccc1CS3,7.8
ZINC000141143450,CN1CCC[C@@H]1Cc1c[nH]c2ccc(OC3CCCCC3)cc12,9.03
ZINC000141143666,CN1CCC[C@H]1Cc1c[nH]c2ccc(OC3CCCCC3)cc12,9.03
ZINC000144146518,COc1ccccc1N1CCN(CCCCn2cnc3c2c(=O)n(C)c(=O)n3C)CC1,5.71
ZINC000169311163,CN1C(=O)N(CCCCCN2CCN(c3ccccc3)CC2)[C@@](C)(c2ccccc2)C1=O,5.02
ZINC000169311164,CN1C(=O)N(CCCCCN2CCN(c3ccccc3)CC2)[C@](C)(c2ccccc2)C1=O,5.02
ZINC000169311169,CC1(C)C(=O)N(Cc2ccccc2)C(=O)N1CCCCCN1CCN(c2ccccc2)CC1,5.36
ZINC000169311315,COc1ccccc1N1CCN(CCCCCN2C(=O)N(Cc3ccccc3)C(=O)C2(C)C)CC1,5.06
ZINC000169311317,COc1cccc(N2CCN(CCCCCN3C(=O)N(Cc4ccccc4)C(=O)C3(C)C)CC2)c1,5.53
ZINC000169311319,CC1(C)C(=O)N(Cc2ccccc2)C(=O)N1CCCCCN1CCN(c2ccccc2F)CC1,5.6
ZINC000169311321,CC1(C)C(=O)N(Cc2ccccc2)C(=O)N1CCCCCN1CCN(c2ccc(F)cc2)CC1,5.71
ZINC000169311323,CC1(C)C(=O)N(Cc2ccccc2)C(=O)N1CCCCCN1CCN(c2ccc(F)cc2F)CC1,5.13
ZINC000169311324,CC1(C)C(=O)N(Cc2ccc(F)cc2)C(=O)N1CCCCCN1CCN(c2ccc(F)cc2F)CC1,5.09
ZINC000169311325,CC1(C)C(=O)N(Cc2ccc(F)cc2)C(=O)N1CCCCCN1CCN(c2ccc(F)cc2)CC1,5.75
ZINC000169311327,CC1(C)C(=O)N(Cc2ccc(Cl)cc2Cl)C(=O)N1CCCCCN1CCN(c2cccc(Cl)c2Cl)CC1,6.4
ZINC000169311330,CC1(C)C(=O)N(Cc2ccc(Cl)cc2Cl)C(=O)N1CCCCCN1CCN(c2ccc(Cl)c(Cl)c2)CC1,6.5
ZINC000169311333,CC1(C)C(=O)N(Cc2ccc(Cl)cc2Cl)C(=O)N1CCCCCN1CCN(c2ccc(Cl)cc2)CC1,5.54
ZINC000169322316,Cc1nc2c(o1)C[C@@H](CN1CCC(c3c[nH]c4cc(F)ccc34)CC1)CC2=O,6.67
ZINC000169322319,Cc1nc2c(o1)C[C@H](CN1CCC(c3c[nH]c4cc(F)ccc34)CC1)CC2=O,6.67
ZINC000169322331,O=C1C[C@@H](CN2CCC(c3c[nH]c4cc(F)ccc34)CC2)Cc2nc(N3CCCC3)sc21,6.45
ZINC000169322333,O=C1C[C@H](CN2CCC(c3c[nH]c4cc(F)ccc34)CC2)Cc2nc(N3CCCC3)sc21,6.45
ZINC000169347274,O=C1C[C@@H](c2ccccc2)CN1c1ccc2c(c1)CCNCC2,7.27
ZINC000169347275,O=C1C[C@H](c2ccccc2)CN1c1ccc2c(c1)CCNCC2,7.27
ZINC000169347277,O=C1C[C@@H](c2ccccc2Cl)CN1c1ccc2c(c1)CCNCC2,7.0
ZINC000169347278,O=C1C[C@H](c2ccccc2Cl)CN1c1ccc2c(c1)CCNCC2,7.0
ZINC000169347280,Clc1ccccc1[C@@H]1CCN(c2ccc3c(c2)CCNCC3)C1,6.19
ZINC000169347281,Clc1ccccc1[C@H]1CCN(c2ccc3c(c2)CCNCC3)C1,6.19
ZINC000169347282,O=C1C[C@@H](c2ccccc2)CN1c1ccc2c(c1)CCCNC2,5.92
ZINC000169347283,O=C1C[C@H](c2ccccc2)CN1c1ccc2c(c1)CCCNC2,5.92
ZINC000169347284,O=C1C[C@@H](c2ccccc2)CN1c1ccc2c(c1)CNCC2,6.85
ZINC000169347285,O=C1C[C@H](c2ccccc2)CN1c1ccc2c(c1)CNCC2,6.85
ZINC000169347286,O=C1C[C@@H](c2ccccc2)CN1c1cccc(C2CCNCC2)c1,7.15
ZINC000169347288,O=C1C[C@H](c2ccccc2)CN1c1cccc(C2CCNCC2)c1,7.15
ZINC000169347289,O=C1C[C@@H](c2ccccc2)CN1c1cccc(N2CCNCC2)c1,7.08
ZINC000169347290,O=C1C[C@H](c2ccccc2)CN1c1cccc(N2CCNCC2)c1,7.08
ZINC000169347291,O=C1C[C@@H](c2ccccc2)CN1c1cccc(N2CCNCC2)n1,7.32
ZINC000169347292,O=C1C[C@H](c2ccccc2)CN1c1cccc(N2CCNCC2)n1,7.32
ZINC000169347293,O=C1C[C@@H](c2ccccc2)CN1c1cncc(N2CCNCC2)c1,5.39
ZINC000169347294,O=C1C[C@H](c2ccccc2)CN1c1cncc(N2CCNCC2)c1,5.39
ZINC000169347297,O=C1C[C@@H](c2ccccc2)CN1c1cnc2c(N3CCNCC3)cccc2c1,8.59
ZINC000169347298,O=C1C[C@H](c2ccccc2)CN1c1cnc2c(N3CCNCC3)cccc2c1,8.59
ZINC000169347299,O=C1C[C@@H](c2ccccc2)CN1c1ccc2c(N3CCNCC3)ccnc2c1,7.26
ZINC000169347301,O=C1C[C@H](c2ccccc2)CN1c1ccc2c(N3CCNCC3)ccnc2c1,7.26
ZINC000169347305,O=C1C[C@@H](c2ccccc2)CN1c1cnc2c(N3CCCNCC3)cccc2c1,8.0
ZINC000169347307,O=C1C[C@H](c2ccccc2)CN1c1cnc2c(N3CCCNCC3)cccc2c1,8.0
ZINC000169347308,O=C1O[C@@H](c2ccccc2)CN1c1ccc2c(c1)CCNCC2,7.8
ZINC000169347309,O=C1O[C@H](c2ccccc2)CN1c1ccc2c(c1)CCNCC2,7.8
ZINC000169347311,O=C1O[C@@H](c2ccccc2F)CN1c1ccc2c(c1)CCNCC2,7.82
ZINC000169347312,O=C1O[C@H](c2ccccc2F)CN1c1ccc2c(c1)CCNCC2,7.82
ZINC000169347313,O=C1O[C@@H](c2ccccc2Cl)CN1c1ccc2c(c1)CCNCC2,7.33
ZINC000169347314,O=C1O[C@H](c2ccccc2Cl)CN1c1ccc2c(c1)CCNCC2,7.33
ZINC000169347315,COc1ccccc1[C@@H]1CN(c2ccc3c(c2)CCNCC3)C(=O)O1,7.06
ZINC000169347316,COc1ccccc1[C@H]1CN(c2ccc3c(c2)CCNCC3)C(=O)O1,7.06
ZINC000169347318,O=C1O[C@@H](c2cccc(Cl)c2)CN1c1ccc2c(c1)CCNCC2,8.0
ZINC000169347320,O=C1O[C@H](c2cccc(Cl)c2)CN1c1ccc2c(c1)CCNCC2,8.0
ZINC000169347322,O=C1O[C@@H](c2ccccc2Cl)CN1c1cccc(OC2CCNCC2)c1,6.62
ZINC000169347324,O=C1O[C@H](c2ccccc2Cl)CN1c1cccc(OC2CCNCC2)c1,6.62
ZINC000169347326,O=C1O[C@@H](c2ccccc2Cl)CN1c1cccc(N2CCNCC2)c1,6.85
ZINC000169347327,O=C1O[C@H](c2ccccc2Cl)CN1c1cccc(N2CCNCC2)c1,6.85
ZINC000169347328,O=C1O[C@@H](c2ccccc2Cl)CN1c1ccc(N2CCNCC2)cc1,5.72
ZINC000169347329,O=C1O[C@H](c2ccccc2Cl)CN1c1ccc(N2CCNCC2)cc1,5.72
ZINC000169347330,O=C1O[C@@H](c2ccccc2Cl)CN1c1ccc2c(c1)CNCC2,6.82
ZINC000169347331,O=C1O[C@H](c2ccccc2Cl)CN1c1ccc2c(c1)CNCC2,6.82
ZINC000169347332,O=C1O[C@@H](c2ccccc2Cl)CN1c1ccc2c(c1)CCNC2,6.48
ZINC000169347333,O=C1O[C@H](c2ccccc2Cl)CN1c1ccc2c(c1)CCNC2,6.48
ZINC000169350410,Cc1ccccc1S(=O)(=O)n1cc2c3c(cccc31)N1CCNC[C@@H]1C2,7.68
ZINC000169350411,Cc1ccccc1S(=O)(=O)n1cc2c3c(cccc31)N1CCNC[C@H]1C2,7.68
ZINC000169351339,O=S(=O)(c1ccccc1)n1cc2c3c(cccc31)N1CCNC[C@@H]1C2,8.05
ZINC000169351340,O=S(=O)(c1ccccc1)n1cc2c3c(cccc31)N1CCNC[C@H]1C2,8.05
ZINC000169351341,Cc1cccc(S(=O)(=O)n2cc3c4c(cccc42)N2CCNC[C@@H]2C3)c1,7.62
ZINC000169351342,Cc1cccc(S(=O)(=O)n2cc3c4c(cccc42)N2CCNC[C@H]2C3)c1,7.62
ZINC000169351346,O=S(=O)(c1ccc(F)cc1)n1cc2c3c(cccc31)N1CCNC[C@@H]1C2,7.54
ZINC000169351347,O=S(=O)(c1ccc(F)cc1)n1cc2c3c(cccc31)N1CCNC[C@H]1C2,7.54
ZINC000169351348,O=S(=O)(C1=CC=C=C=C1)n1cc2c3c(cccc31)N1CCNC[C@@H]1C2,7.33
ZINC000169351349,O=S(=O)(C1=CC=C=C=C1)n1cc2c3c(cccc31)N1CCNC[C@H]1C2,7.33
ZINC000169351350,O=S(=O)(c1ccc(Cl)cc1)n1cc2c3c(cccc31)N1CCNC[C@@H]1C2,6.74
ZINC000169351351,O=S(=O)(c1ccc(Cl)cc1)n1cc2c3c(cccc31)N1CCNC[C@H]1C2,6.74
ZINC000169362182,CN1CCC[C@@H](n2cc(S(=O)(=O)C3=C(Cl)N[C@@H]4SC=CN34)c3cccnc32)C1,8.7
ZINC000169362184,CN1CCC[C@H](n2cc(S(=O)(=O)C3=C(Cl)N[C@@H]4SC=CN34)c3cccnc32)C1,8.7
ZINC000169362187,CC(C)N1CCC[C@@H](n2cc(S(=O)(=O)C3=C(Cl)N[C@@H]4SC=CN34)c3cccnc32)C1,8.77
ZINC000169362189,CC(C)N1CCC[C@H](n2cc(S(=O)(=O)C3=C(Cl)N[C@@H]4SC=CN34)c3cccnc32)C1,8.77
ZINC000169362564,CCN1CCC[C@@H](n2cc(S(=O)(=O)C3=C(Cl)N[C@@H]4SC=CN34)c3cccnc32)C1,9.15
ZINC000169362565,CCN1CCC[C@H](n2cc(S(=O)(=O)C3=C(Cl)N[C@@H]4SC=CN34)c3cccnc32)C1,9.15
ZINC000169362656,CCN1CC[C@@H](n2cc(S(=O)(=O)C3=C(Cl)N[C@@H]4SC=CN34)c3cccnc32)C1,8.85
ZINC000169362657,CCN1CC[C@H](n2cc(S(=O)(=O)C3=C(Cl)N[C@@H]4SC=CN34)c3cccnc32)C1,8.85
ZINC000169362976,CN1CC[C@@H](n2cc(S(=O)(=O)C3=C(Cl)N[C@@H]4SC=CN34)c3cccnc32)C1,9.1
ZINC000169362977,CN1CC[C@H](n2cc(S(=O)(=O)C3=C(Cl)N[C@@H]4SC=CN34)c3cccnc32)C1,9.1
ZINC000195227889,CN(C)CCC1=CN2[C@@H]3C1=CC=C[C@H]3c1ccccc1S2(=O)=O,5.35
ZINC000205819558,COc1ccc(S(=O)(=O)n2cc(/C=N/N=C/N(C)C)c3c([N+](=O)[O-])cccc32)cc1,6.13
ZINC000207040603,CN1CCc2ccc(N3C(=O)CS[C@]34C(=O)Nc3ccccc34)cc2CC1,7.82
ZINC000207040648,CN1CCc2ccc(N3C(=O)CS[C@@]34C(=O)Nc3ccccc34)cc2CC1,7.82
ZINC000220446968,C[C@H](Nc1ccc2c(c1)CCNCC2)c1ccccc1Cl,7.85
ZINC000220447029,C[C@@H](Nc1ccc2c(c1)CCNCC2)c1ccccc1Cl,7.85
ZINC000253633602,O=S(=O)(c1ccccc1)n1ccc2ccc(N3CCN4CCCC[C@H]4C3)cc21,8.24
ZINC000253634455,O=S(=O)(c1ccc(F)cc1F)n1ccc2ccc(N3CCN4CCCC[C@H]4C3)cc21,8.44
ZINC000253636224,O=S(=O)(c1ccc2ccccc2c1)n1ccc2ccc(N3CCN4CCCC[C@H]4C3)cc21,8.52
ZINC000253636225,O=S(=O)(c1cccc2ccccc12)n1ccc2ccc([C@@]3(O)CCN4CCC[C@H]4C3)cc21,8.33
ZINC000253636226,O=S(=O)(c1cccc2ccccc12)n1ccc2ccc([C@]3(O)CCN4CCC[C@H]4C3)cc21,8.33
ZINC000253677934,CN1CC[C@@H]2[C@H](C1)c1ccccc1N2/C=C/c1ccccc1,5.59
ZINC000253677936,CN1CC[C@H]2[C@H](C1)c1ccccc1N2/C=C/c1ccccc1,5.59
ZINC000253679069,CN1CC[C@@H]2[C@H](C1)c1cc(F)ccc1N2/C=C/c1ccccc1,5.76
ZINC000253679076,CN1CC[C@H]2[C@H](C1)c1cc(F)ccc1N2/C=C/c1ccccc1,5.76
ZINC000253701661,O=S(=O)(c1cccc2ccccc12)n1ccc2ccc(N3CCN4CCCC[C@H]4C3)cc21,8.77
ZINC000253703228,Cc1ccc(S(=O)(=O)n2ccc3ccc(N4CCN5CCCC[C@H]5C4)cc32)cc1,8.31
ZINC000253837751,O=S(=O)(c1cccc2ccccc12)n1ccc2ccc([C@H]3CCN4CCC[C@H]4C3)cc21,9.22
ZINC000253992074,CN1CCC(N(C)C(=O)[C@@H]2CN(S(=O)(=O)C3=C[C@@H]4CCO[C@H]4C=C3)c3ccccc32)CC1,7.5
ZINC000253992077,CN1CCC(N(C)C(=O)[C@@H]2CN(S(=O)(=O)C3=C[C@H]4CCO[C@H]4C=C3)c3ccccc32)CC1,7.5
ZINC000254100313,CCN(CCCCN1CC[C@H]2CCCC[C@@H]2C1)S(=O)(=O)c1cccc2cccnc12,5.71
ZINC000254100316,CCN(CCCCN1CC[C@H]2CCCC[C@H]2C1)S(=O)(=O)c1cccc2cccnc12,5.71
ZINC000254100318,CCN(CCCCN1CC[C@@H]2CCCC[C@H]2C1)S(=O)(=O)c1cccc2cccnc12,5.71
ZINC000254102365,CCN(CCCCCN1CC[C@H]2CCCC[C@@H]2C1)S(=O)(=O)c1cccc2cccnc12,5.34
ZINC000254102369,CCN(CCCCCN1CC[C@H]2CCCC[C@H]2C1)S(=O)(=O)c1cccc2cccnc12,5.34
ZINC000254102372,CCN(CCCCCN1CC[C@@H]2CCCC[C@H]2C1)S(=O)(=O)c1cccc2cccnc12,5.34
ZINC000261080423,COc1ccc(S(=O)(=O)N2C[C@H](C(=O)NC3C[C@@H]4CC[C@H](C3)N4C)c3ccccc32)c2ccccc12,7.5
ZINC000261130692,Cc1ccc2c(c1)[C@H]1CN(C)CC[C@H]1N2/C=C/c1ccccc1,5.77
ZINC000261175394,CCN1[C@H]2CC[C@H]1c1c(n(C)c3ccc(S(=O)(=O)c4ccccc4)cc13)C2,7.04
ZINC000299819358,COc1ccccc1N1CCN(CCCCCn2cnc3c2c(=O)n(C)c(=O)n3C)CC1,5.05
ZINC000299819361,Cn1c(=O)c2c(ncn2CCCCN2CCN(c3ccc(Cl)c(Cl)c3)CC2)n(C)c1=O,5.72
ZINC000299820057,Cn1c(=O)c2c(ncn2CCCCCN2CCN(c3cccc(Cl)c3)CC2)n(C)c1=O,5.92
ZINC000299825177,Cn1c(=O)c2c(ncn2CCCCN2CCN(c3cccc(Cl)c3)CC2)n(C)c1=O,5.29
ZINC000299825198,Cn1c(=O)c2c(ncn2CCCCN2CCN(c3cccc(Cl)c3Cl)CC2)n(C)c1=O,7.17
ZINC000299828717,Cn1c(=O)c2c(ncn2CCCCCN2CCc3ccccc3C2)n(C)c1=O,5.04
ZINC000299849934,CN1CC[C@@H]2[C@H](C1)c1cccc3c1N2c1ccccc1CS3,7.8
ZINC000299849935,CN1CC[C@H]2[C@H](C1)c1cccc3c1N2c1ccccc1CS3,7.8
ZINC000299853120,C=CCOc1ccc(F)cc1[C@H]1C[C@@H]1CN,6.0
ZINC000299855031,CN(C)/C=N/N=C/c1cn(S(=O)(=O)c2ccc(I)cc2)c2cccc([N+](=O)[O-])c12,5.2
ZINC000299855869,CN1CCN(c2nc3ccc(NS(=O)(=O)c4cccc5ccccc45)cc3s2)CC1,5.41
ZINC000299856876,CN(C)/C=N/N=C/c1cn(S(=O)(=O)c2ccccc2)c2cccc([N+](=O)[O-])c12,5.74
ZINC000299857027,CN(C)/C=N/N=C/c1cn(S(=O)(=O)c2cccc3ccccc23)c2cccc([N+](=O)[O-])c12,5.53
ZINC000299858075,COc1ccc(OC)c(S(=O)(=O)n2cc(/C=N/N=C/N(C)C)c3c([N+](=O)[O-])cccc32)c1,5.85
ZINC000299858094,CN(C)/C=N/N=C/c1cn(S(=O)(=O)c2ccc3ccccc3c2)c2cccc([N+](=O)[O-])c12,5.6
ZINC000299858446,COc1ccc(Cl)cc1S(=O)(=O)n1cc(/C=N/N=C/N(C)C)c2c([N+](=O)[O-])cccc21,5.61
ZINC000299858846,CN(C)/C=N/N=C/c1cn(S(=O)(=O)c2ccc(F)cc2)c2cccc([N+](=O)[O-])c12,5.3
ZINC000299859115,Cc1ccc(S(=O)(=O)n2cc(/C=N/N=C/N(C)C)c3c([N+](=O)[O-])cccc32)cc1,5.67
CHEMBL3692995,COc1cc(S(=O)(=O)c2cccc(Cl)c2)cc2c3c(oc12)CCNC3,10.3
CHEMBL1085462,CN(C)CC1CCCc2cc(S(=O)(=O)c3ccccc3)ccc21,10.2
CHEMBL398034,O=S(=O)(c1c(Cl)cccc1Cl)N1CCOc2c(N3CCNCC3)cccc21,10.2
CHEMBL3692882,COc1cc(S(=O)(=O)c2ccc3[nH]ccc3c2)cc2c3c(oc12)CCNC3,10.08
CHEMBL1086113,O=C1CN=C(NC[C@@H]2CCCc3cc(S(=O)(=O)c4cccc(F)c4)ccc32)N1,10.0
CHEMBL3692990,COc1cc(S(=O)(=O)c2csc3ccccc23)cc2c3c(oc12)CCNC3,10.0
CHEMBL3692968,COc1cc(S(=O)(=O)c2cccc(OC(F)F)c2)cc2c3c(oc12)CCNC3,9.96
CHEMBL3692993,COc1cc(S(=O)(=O)c2cc(F)cc(Cl)c2)cc2c3c(oc12)CCNC3,9.96
CHEMBL3696966,CCOc1cc(S(=O)(=O)c2ccccc2)cc2c3c(oc12)CCNC3,9.96
CHEMBL3692867,COc1cc(S(=O)(=O)c2ccccc2)cc2c3c(oc12)CCNC3,9.92
CHEMBL365569,O=S(=O)(c1ccccc1)c1cc2c(N3CCNCC3)cccc2[nH]1,9.9
CHEMBL363792,CON1CCN(c2ccc(S(=O)(=O)c3cccc4ccccc34)cc2)CC1,9.9
CHEMBL3692974,COc1cc(S(=O)(=O)c2cccc(C(F)(F)F)c2)cc2c3c(oc12)CCNC3,9.89
CHEMBL3692910,O=S(=O)(c1ccc2[nH]ccc2c1)c1cc(Cl)c2oc3c(c2c1)CNCC3,9.89
CHEMBL3692894,CC1NCCc2oc3c(Cl)cc(S(=O)(=O)c4ccccc4)cc3c21,9.82
CHEMBL1086079,N=C(N)NCC1CCCc2cc(S(=O)(=O)c3ccccc3)ccc21,9.8
CHEMBL394690,COc1cc(N2CCNCC2)c2c(c1)N(S(=O)(=O)c1ccccc1F)CCO2,9.8
CHEMBL2413990,CNc1cc(N2CCNCC2)ccc1S(=O)(=O)c1ccccc1.Cl,9.8
CHEMBL3692989,COc1cc(S(=O)(=O)c2ccc3sccc3c2)cc2c3c(oc12)CCNC3,9.8
CHEMBL3692988,COc1cc(S(=O)(=O)c2cn(C)c3ccccc23)cc2c3c(oc12)CCNC3,9.8
CHEMBL3692863,Cn1cc(S(=O)(=O)c2cc(Cl)c3oc4c(c3c2)CNCC4)c2ccccc21,9.77
CHEMBL3692997,COc1cc(S(=O)(=O)c2cccs2)cc2c3c(oc12)CCNC3,9.77
CHEMBL3692975,COc1cc(S(=O)(=O)c2cccc(OC(F)(F)F)c2)cc2c3c(oc12)CCNC3,9.72
CHEMBL3692971,COc1cc(S(=O)(=O)c2ccccc2F)cc2c3c(oc12)CCNC3,9.72
CHEMBL372879,NCCc1c[nH]c2ccc(NS(=O)(=O)c3ccc4c(Cl)cccc4c3)cc12,9.7
CHEMBL373322,O=S(=O)(c1ccc2ccccc2c1)n1ccc2ccc(N3CCN4C=CCC4C3)cc21,9.7
CHEMBL46187,O=S(=O)(c1cccc2ccccc12)n1ccc2ccc(N3CCN4CCCC4C3)cc21,9.7
CHEMBL3692973,COc1cc(S(=O)(=O)c2cccc(F)c2)cc2c3c(oc12)CCNC3,9.7
CHEMBL4170220,CN(C(N)=O)[C@@H]1CCCc2cc(S(=O)(=O)c3cccc(F)c3)ccc21,9.7
CHEMBL3692864,O=S(=O)(c1cc(Cl)c2oc3c(c2c1)CNCC3)n1ccc2ccccc21,9.7
CHEMBL3696953,Cc1cc(S(=O)(=O)c2cccc(C(F)(F)F)c2)cc2c3c(oc12)CCNC3,9.66
CHEMBL3692866,Cc1cc(S(=O)(=O)c2ccccc2)cc2c3c(oc12)CCNC3,9.66
CHEMBL3696956,Cc1cc(S(=O)(=O)c2ccc3sccc3c2)cc2c3c(oc12)CCNC3,9.64
CHEMBL3692996,COc1cc(S(=O)(=O)c2cc(Cl)cc(Cl)c2)cc2c3c(oc12)CCNC3,9.64
CHEMBL1642864,Cl.O=S(=O)(c1cccc2ccccc12)c1n[nH]c2ccc(CN3CCNCC3)cc12,9.62
CHEMBL196410,O=S(=O)(c1cccc(Cl)c1)n1ccc2c(N3CCNCC3)cccc21,9.6
CHEMBL3187365,CN1CC2c3ccccc3Oc3ccc(Cl)cc3C2C1,9.6
CHEMBL3692901,O=S(=O)(c1ccccc1)c1cc(Cl)c2oc3c(c2c1)CCNCC3,9.6
CHEMBL3692942,O=S(=O)(c1cc(Cl)c2oc3c(c2c1)CNCC3)c1csc2ccccc12,9.59
CHEMBL3669650,CN1C2CCC1c1c(n(C)c3ccc(S(=O)(=O)c4ccc5[nH]ccc5c4)cc13)C2,9.59
CHEMBL3692992,COc1cc(S(=O)(=O)c2ccsc2)cc2c3c(oc12)CCNC3,9.57
CHEMBL1950775,Cn1c2c(c3cc(S(=O)(=O)c4ccc5[nH]ccc5c4)ccc31)C1CCC(C2)N1,9.55
CHEMBL1950776,Cn1c2c(c3cc(S(=O)(=O)c4csc5ccccc45)ccc31)C1CCC(C2)N1,9.55
CHEMBL3692994,COc1cc(S(=O)(=O)c2ccc(Cl)cc2)cc2c3c(oc12)CCNC3,9.55
CHEMBL3693000,Cc1cc(S(=O)(=O)c2cccc(Cl)c2)cc2c3c(oc12)CCNC3,9.55
CHEMBL3669657,Cc1cc(S(=O)(=O)c2csc3ccccc23)cc2c3c(n(C)c12)CC1CCC3N1,9.54
CHEMBL353552,COc1ccc(OC)c(S(=O)(=O)n2c3c(c4cc(OC)ccc42)C(CN(C)C)CCC3)c1,9.52
CHEMBL187865,CN1CCC[C@@H]1Cc1cn(S(=O)(=O)c2ccccc2)c2ccccc12.O=C(O)C(=O)O,9.52
CHEMBL3696954,Cc1cc(S(=O)(=O)c2cccc(OC(F)F)c2)cc2c3c(oc12)CCNC3,9.52
CHEMBL4169827,O=S(=O)(c1ccccc1)n1ncc2c(N3CCNCC3)cccc21,9.52
CHEMBL3669661,COc1cc(S(=O)(=O)c2ccc3[nH]ccc3c2)cc2c3c(n(C)c12)CC1CCC3N1,9.51
CHEMBL3669687,COc1cc(S(=O)(=O)n2cc(C)c3ccccc32)cc2c3c(n(C)c12)CC1CCC3N1,9.51
CHEMBL246918,CC1(C)CN(S(=O)(=O)c2ccccc2F)c2cccc(N3CCNCC3)c2O1,9.5
CHEMBL193629,O=S(=O)(c1cccc(Cl)c1)n1ccc2c(N3CCNCC3)ccc(Cl)c21,9.5
CHEMBL371375,O=S(=O)(c1cccc(Cl)c1)n1cc(Cl)c2c(N3CCNCC3)cccc21,9.5
CHEMBL425015,O=S(=O)(c1cccc(Cl)c1)c1c[nH]c2c(N3CCNCC3)cccc12,9.5
CHEMBL1085111,CNCC1CCCc2cc(S(=O)(=O)c3ccccc3)ccc21,9.5
CHEMBL3692969,COc1cc(S(=O)(=O)c2ccc(F)c(F)c2)cc2c3c(oc12)CCNC3,9.49
CHEMBL3692985,COc1cc(S(=O)(=O)c2cccc(C(O)C(F)(F)F)c2)cc2c3c(oc12)CCNC3,9.49
CHEMBL3669640,Cn1c2c(c3cc(S(=O)(=O)c4cc(F)c5[nH]ccc5c4)ccc31)C1CCC(C2)N1,9.48
CHEMBL3696967,O=S(=O)(c1ccccc1)c1cc(OC(F)F)c2oc3c(c2c1)CNCC3,9.48
CHEMBL3692991,COc1cc(S(=O)(=O)c2cc(F)cc(F)c2)cc2c3c(oc12)CCNC3,9.48
CHEMBL3669690,COc1cc(S(=O)(=O)n2ccc3ccccc32)cc2c3c(n(C)c12)CC1CCC3N1,9.46
CHEMBL3692859,O=S(=O)(c1cccc(Cl)c1)c1cc(Cl)c2oc3c(c2c1)CNCC3,9.46
CHEMBL3692984,COc1cc(S(=O)(=O)c2cccc(C(C)(C)O)c2)cc2c3c(oc12)CCNC3,9.46
CHEMBL3692986,COc1cc(S(=O)(=O)c2cccc(C3CCOC3)c2)cc2c3c(oc12)CCNC3,9.44
CHEMBL3692999,Cc1cc(S(=O)(=O)c2ccccc2F)cc2c3c(oc12)CCNC3,9.41
CHEMBL3692860,O=S(=O)(c1cccc(F)c1)c1cc(Cl)c2oc3c(c2c1)CNCC3,9.41
CHEMBL93240,CSc1ccc2c(c1)C(N1CCN(C)CC1)Cc1ccccc1S2,9.4
CHEMBL246706,COc1cc(N2CCNCC2)c2c(c1)N(S(=O)(=O)c1ccccc1)CCO2,9.4
CHEMBL3639918,COc1cc(S(=O)(=O)c2ccc(OC(F)F)cc2)cc2c3c(oc12)CCNC3,9.4
CHEMBL3696962,Cn1cc(S(=O)(=O)c2cc(C#N)c3oc4c(c3c2)CNCC4)c2ccccc21,9.4
CHEMBL3329441,O=S(=O)(c1ccccc1)c1ccc2c(c1)OCCC2N1CCNCC1,9.4
CHEMBL372929,Cc1cc2c(N3CCNCC3)cccc2n1S(=O)(=O)c1cccc(Cl)c1,9.4
CHEMBL372513,O=S(=O)(c1ccccc1Cl)n1ccc2c(N3CCNCC3)cccc21,9.4
CHEMBL246705,O=S(=O)(c1ccccc1F)N1CCOc2c(N3CCNCC3)cc(Cl)cc21,9.4
CHEMBL246499,Cc1cc(N2CCNCC2)c2c(c1)N(S(=O)(=O)c1ccccc1F)CCO2,9.4
CHEMBL1950777,Cn1cc(S(=O)(=O)c2ccc3c(c2)c2c(n3C)CC3CCC2N3)c2ccccc21,9.39
CHEMBL3664768,CCOc1cc(S(=O)(=O)c2ccccc2)cc2c3c(n(C)c12)CC1CCC3N1,9.38
CHEMBL3692856,Cc1cn(S(=O)(=O)c2ccc3oc4c(c3c2)CNCC4)c2ccccc12,9.38
CHEMBL3669689,COc1cc(S(=O)(=O)n2ccc3ccc(F)cc32)cc2c3c(n(C)c12)CC1CCC3N1,9.37
CHEMBL3669681,COc1cc(S(=O)(=O)c2ccccc2F)cc2c3c(n(C)c12)CC1CCC3N1,9.34
CHEMBL3669655,Cn1c2c(c3cc(S(=O)(=O)c4csc5ccccc45)cc(F)c31)C1CCC(C2)N1,9.33
CHEMBL3669639,Cn1c2c(c3cc(S(=O)(=O)c4cc(C(F)(F)F)c5[nH]ccc5c4)ccc31)C1CCC(C2)N1,9.33
CHEMBL3692858,O=S(=O)(c1cccc(C(F)(F)F)c1)c1cc(Cl)c2oc3c(c2c1)CNCC3,9.32
CHEMBL3692966,COc1cc(S(=O)(=O)c2ccc3c(c2)CCOC3)cc2c3c(oc12)CCNC3,9.32
CHEMBL3692970,COc1cc(S(=O)(=O)c2ccc(C(F)(F)F)cc2)cc2c3c(oc12)CCNC3,9.31
CHEMBL246291,O=S(=O)(c1cccc2nonc12)N1CCOc2c(N3CCNCC3)cc(Cl)cc21,9.3
CHEMBL3696952,Cc1cc(S(=O)(=O)c2cccc(F)c2)cc2c3c(oc12)CCNC3,9.3
CHEMBL3669682,COc1cc(S(=O)(=O)c2cccc(Cl)c2)cc2c3c(n(C)c12)CC1CCC3N1,9.3
CHEMBL97637,O=S(=O)(Nc1ccc2nccc(N3CCNCC3)c2c1)c1ccc(-c2ccccc2)cc1,9.3
CHEMBL3883955,O=c1ccc(OCCCN2CCC(c3noc4cc(F)ccc34)CC2)nn1-c1c(F)cccc1F,9.3
CHEMBL194915,O=S(=O)(c1ccccn1)n1ccc2c(N3CCNCC3)c(Cl)ccc21,9.3
CHEMBL3664751,Cn1c2c(c3cc(S(=O)(=O)n4ccc5ccc(F)cc54)ccc31)C1CCC(C2)N1,9.3
CHEMBL3669674,Cn1c2c(c3cc(S(=O)(=O)n4ccc5ccc(Cl)cc54)ccc31)C1CCC(C2)N1,9.3
CHEMBL3669678,Cn1c2c(c3cc(S(=O)(=O)c4cccc(C(F)(F)F)c4)cc(O)c31)C1CCC(C2)N1,9.28
CHEMBL3669685,COc1cc(S(=O)(=O)c2cccc(Cl)c2)cc2c3c(n(C)c12)CC1CCC3N1C,9.28
CHEMBL3692943,O=S(=O)(c1ccc2sccc2c1)c1cc(Cl)c2oc3c(c2c1)CNCC3,9.26
CHEMBL3692857,O=S(=O)(c1ccccc1)c1cc(Cl)c2oc3c(c2c1)CNCC3,9.26
CHEMBL3669683,COc1cc(S(=O)(=O)c2cccc(F)c2)cc2c3c(n(C)c12)CC1CCC3N1,9.25
CHEMBL3669656,Cc1cc(S(=O)(=O)c2cn(C)c3ccccc23)cc2c3c(n(C)c12)CC1CCC3N1,9.25
CHEMBL3664767,COc1cc(S(=O)(=O)c2ccccc2)cc2c3c(n(C)c12)CC1CCC3N1,9.24
CHEMBL3669691,[C-]#[N+]c1ccc2ccn(S(=O)(=O)c3cc(OC)c4c(c3)c3c(n4C)CC4CCC3N4)c2c1,9.24
CHEMBL3692854,O=S(=O)(c1ccc2oc3c(c2c1)CNCC3)n1ccc2ccccc21,9.24
CHEMBL3696984,COc1cc(S(=O)(=O)c2ccccc2)cc2c3c(oc12)CCC(O)C3,9.23
CHEMBL299822,O=S(=O)(c1cccc2ccccc12)n1ccc2ccc(C3CCN4CCCC4C3)cc21,9.22
CHEMBL1642889,Cl.O=S(=O)(c1ccc2ccccc2c1)c1n[nH]c2ccc(NC3CCNCC3)cc12,9.22
CHEMBL3692980,COc1cc(S(=O)(=O)c2cccc(C(C)O)c2)cc2c3c(oc12)CCNC3,9.22
CHEMBL261917,CC(C)(C)c1ccc(S(=O)(=O)Nc2ccc3nccc(N4CCNCC4)c3c2)cc1,9.2
CHEMBL246498,O=S(=O)(c1cccc2cccnc12)N1CCOc2c(N3CCNCC3)cc(Cl)cc21,9.2
CHEMBL246704,O=S(=O)(c1ccccc1F)N1CCOc2c(N3CCNCC3)cc(F)cc21,9.2
CHEMBL394691,O=S(=O)(c1ccccc1F)N1CC2(CCC2)Oc2c(N3CCNCC3)cccc21,9.2
CHEMBL194039,Cc1cn(S(=O)(=O)c2cccc(Cl)c2)c2cccc(N3CCNCC3)c12,9.2
CHEMBL1086080,CC(=N)NCC1CCCc2cc(S(=O)(=O)c3ccccc3)ccc21,9.2
CHEMBL1085113,NC(=O)NCC1CCCc2cc(S(=O)(=O)c3ccccc3)ccc21,9.2
CHEMBL1083575,N=C(N)NC(=O)C[C@@H]1CCCc2cc(S(=O)(=O)c3cccc(F)c3)ccc21,9.2
CHEMBL3692965,C=C(C)c1cccc(S(=O)(=O)c2cc(Cl)c3oc4c(c3c2)CNCC4)c1,9.18
CHEMBL1950773,Cn1c2c(c3cc(S(=O)(=O)n4ccc5ccccc54)ccc31)C1CCC(C2)N1,9.17
CHEMBL3669686,COc1cc(S(=O)(=O)c2ccccc2)cc2c3c(n(C)c12)CC1CCC3N1C,9.17
CHEMBL3669677,Cn1c2c(c3cc(S(=O)(=O)c4cccc(Cl)c4)cc(O)c31)C1CCC(C2)N1,9.16
CHEMBL3692981,COc1cc(S(=O)(=O)c2cccc([C@@H](C)O)c2)cc2c3c(oc12)CCNC3,9.16
CHEMBL392746,CCN1CCCC(n2cc(S(=O)(=O)C3=C(Cl)NC4SC=CN34)c3cccnc32)C1,9.15
CHEMBL236104,O=S(=O)(C1=C(Cl)NC2SC=CN12)c1cn(C2CCCNC2)c2ncccc12,9.15
CHEMBL1642851,Cl.O=S(=O)(c1cccc2ccccc12)c1n[nH]c2ccc(NC3CCNCC3)cc12,9.15
CHEMBL1242425,O=S(=O)(c1cn(C2CCCNC2)c2ncccc12)c1c(Cl)nc2sccn12,9.15
CHEMBL3664780,Cn1c2c(c3cc(S(=O)(=O)c4cn(Cc5ccccc5)c5ccccc45)ccc31)C1CCC(C2)N1,9.15
CHEMBL1242518,CCN1CCCC(n2cc(S(=O)(=O)c3c(Cl)nc4sccn34)c3cccnc32)C1,9.15
CHEMBL3664787,CCn1cc(S(=O)(=O)c2ccc3c(c2)c2c(n3C)CC3CCC2N3)c2ccccc21,9.14
CHEMBL3664754,Cc1cn(S(=O)(=O)c2ccc3c(c2)c2c(n3C)CC3CCC2N3)c2ccccc12,9.14
CHEMBL1950774,Cn1c2c(c3cc(S(=O)(=O)c4c[nH]c5ccccc45)ccc31)C1CCC(C2)N1,9.13
CHEMBL3692983,COc1cc(S(=O)(=O)c2ccc(C(C)(C)O)cc2)cc2c3c(oc12)CCNC3,9.13
CHEMBL3669643,[C-]#[N+]c1ccc2ccn(S(=O)(=O)c3ccc4c(c3)c3c(n4C)CC4CCC3N4)c2c1,9.12
CHEMBL3286585,O=S(=O)(c1cccc(F)c1)n1cc2c3c(cccc31)N1CCNCC1C2,9.12
CHEMBL3692976,COc1cc(S(=O)(=O)c2ccc(F)cc2)cc2c3c(oc12)CCNC3,9.12
CHEMBL3692909,O=S(=O)(c1cc(Cl)c2oc3c(c2c1)CNCC3)c1ccccc1Cl,9.11
CHEMBL3669673,CCN1C2CCC1c1c(n(C)c3ccc(S(=O)(=O)c4ccc5[nH]ccc5c4)cc13)C2,9.11
CHEMBL398036,O=S(=O)(c1cccc2ccccc12)N1CCOc2c(N3CCNCC3)cc(Cl)cc21,9.1
CHEMBL427155,COc1ccc(NS(=O)(=O)c2cccc(I)c2)cc1N1CCNCC1,9.1
CHEMBL392318,CN1CCC(n2cc(S(=O)(=O)C3=C(Cl)NC4SC=CN34)c3cccnc32)C1,9.1
CHEMBL62538,COc1ccc(NS(=O)(=O)c2cccc(I)c2)cc1N1CCN(C)CC1,9.1
CHEMBL433946,COc1ccc2c(c1)c(CCN)cn2S(=O)(=O)c1cccc2ccccc12,9.1
CHEMBL282971,COc1ccc(NS(=O)(=O)c2sc3ccc(Cl)cc3c2C)cc1N1CCN2CCC[C@@H]2C1,9.1
CHEMBL1642883,Cc1cccc(S(=O)(=O)c2n[nH]c3ccc(NC4CCNCC4)cc23)c1.Cl,9.1
CHEMBL1242703,CN1CCC(n2cc(S(=O)(=O)c3c(Cl)nc4sccn34)c3cccnc32)C1,9.1
CHEMBL62368,COc1ccc(NS(=O)(=O)c2ccc3c(Cl)cccc3c2)cc1N1CCN(C)CC1,9.1
CHEMBL3692916,CC(C)(O)c1cccc(S(=O)(=O)c2cc(Cl)c3oc4c(c3c2)CNCC4)c1,9.1
CHEMBL3692998,COc1cc(S(=O)(=O)c2ccc3c(c2)COC3)cc2c3c(oc12)CCNC3,9.1
CHEMBL3696965,O=S(=O)(c1ccccc1)c1cc(OC(F)(F)F)c2oc3c(c2c1)CNCC3,9.06
CHEMBL236336,CN1CCC(n2cc(S(=O)(=O)c3cccc(Br)c3)c3cccnc32)C1,9.05
CHEMBL534472,Cl.Nc1ccc(S(=O)(=O)c2ccc(N3CCNCC3)c3ccccc23)cc1,9.05
CHEMBL3329446,CN1CCCC1Cc1c[nH]c2ccc(OC3CCCCC3)cc12,9.03
CHEMBL3664763,Cc1cc(S(=O)(=O)n2ccc3ccccc32)cc2c3c(n(C)c12)CC1CCC3N1,9.02
CHEMBL97596,O=S(=O)(Nc1ccc2nccc(N3CCNCC3)c2c1)c1ccc2c(Cl)cccc2c1,9.0
CHEMBL318018,Cc1sc2ccc(Cl)cc2c1S(=O)(=O)Nc1ccc2nccc(N3CCNCC3)c2c1,9.0
CHEMBL236103,O=S(=O)(C1=C(Cl)NC2SC=CN12)c1cn(C2CCNC2)c2ncccc12,9.0
CHEMBL316081,Cc1c(S(=O)(=O)Nc2ccc3nccc(N4CCN(C)CC4)c3c2)sc2ccc(Cl)cc12,9.0
CHEMBL425196,CN1CCC(c2cn(S(=O)(=O)c3ccccc3Br)c3ccccc23)C1,9.0
CHEMBL365774,CN1CCC(c2cn(S(=O)(=O)c3ccc(Cl)cc3)c3ccccc23)C1,9.0
CHEMBL394233,O=S(=O)(Cc1ccc(Cl)s1)c1cn(C2CCNC2)c2ncccc12,9.0
CHEMBL1242702,O=S(=O)(c1cn(C2CCNC2)c2ncccc12)c1c(Cl)nc2sccn12,9.0
CHEMBL291618,COc1ccc(NS(=O)(=O)c2cc(I)ccc2C)cc1N1CCN(C)CC1,9.0
CHEMBL371176,O=S(=O)(c1ccccc1Cl)n1ccc2c(N3CCNCC3)c(Cl)ccc21,9.0
CHEMBL1642882,Cl.O=S(=O)(c1cccc(Cl)c1)c1n[nH]c2ccc(NC3CCNCC3)cc12,9.0
CHEMBL372006,O=S(=O)(Oc1ccc2[nH]cc(C3CCNCC3)c2c1)c1c(F)cccc1F,9.0
CHEMBL370507,Nc1ccc(S(=O)(=O)n2cc(C3CCN(Cc4ccccc4)C3)c3ccccc32)cc1,9.0
CHEMBL3961596,CNCC1Cc2cc3ccn(S(=O)(=O)c4cccc5ccccc45)c3cc21,9.0
CHEMBL1242614,O=S(=O)(c1ccc(Cl)s1)c1cn(C2CCNC2)c2ncccc12,9.0
CHEMBL370209,O=S(=O)(c1ccccn1)n1ccc2c(N3CCNCC3)cccc21,9.0
CHEMBL371292,O=S(=O)(c1ccccc1)n1cc(C2CCCNC2)c2ccccc21,9.0
CHEMBL1642886,CC(C)c1ccc(S(=O)(=O)c2n[nH]c3ccc(NC4CCNCC4)cc23)cc1.Cl,9.0
CHEMBL193450,CN1CCC(c2cn(S(=O)(=O)c3ccc(I)cc3)c3ccccc23)C1,9.0
CHEMBL194590,CN1CCC(c2cn(S(=O)(=O)c3ccc(N)cc3)c3ccccc23)C1,9.0
CHEMBL3948819,CNCC1Cc2ccc3c(ccn3S(=O)(=O)c3cccc4ccccc34)c21,9.0
CHEMBL3669684,COc1cc(S(=O)(=O)c2cn(C)c3ccccc23)cc2c3c(n(C)c12)CC1CCC3N1,9.0
CHEMBL3669679,Cn1c2c(c3cc(S(=O)(=O)c4ccccc4F)cc(O)c31)C1CCC(C2)N1,9.0
CHEMBL3692925,CN1CCc2oc3c(Cl)cc(S(=O)(=O)c4ccccc4)cc3c2C1,9.0
CHEMBL4083059,CN(C)Cc1cc2cn(S(=O)(=O)c3cccc4ccccc34)c3cccc(o1)c23,9.0
CHEMBL3692908,O=S(=O)(c1ccccc1)c1cc(Cl)c2oc3c(c2c1)CC(O)CC3,9.0
CHEMBL2165519,CN(C)C1CCc2ccc3c(ccn3S(=O)(=O)c3ccccc3)c2C1,9.0
CHEMBL3693001,Cc1cc(S(=O)(=O)c2ccc(Cl)cc2)cc2c3c(oc12)CCNC3,8.96
CHEMBL1642866,Cl.O=C(Nc1ccc2[nH]nc(S(=O)(=O)c3cccc4ccccc34)c2c1)C1CCNCC1,8.96
CHEMBL3664749,Cn1c2c(c3cc(S(=O)(=O)n4ccc5cc(F)ccc54)ccc31)C1CCC(C2)N1,8.96
CHEMBL3696982,COc1cc([S+]([O-])c2ccccc2)cc2c3c(oc12)CCNC3,8.96
CHEMBL235118,O=S(=O)(c1ccc(Cl)s1)c1cn(C2CCCNC2)c2ncccc12,8.92
CHEMBL577570,Cl.N=C(N)N/N=C1\CCc2ccc(NS(=O)(=O)c3c(Cl)nc4sccn34)cc21,8.92
CHEMBL3692982,COc1cc(S(=O)(=O)c2cccc([C@H](C)O)c2)cc2c3c(oc12)CCNC3,8.92
CHEMBL3692932,COc1cccc(S(=O)(=O)c2cc(Cl)c3oc4c(c3c2)CNCC4)c1,8.92
CHEMBL3696950,Cc1cc(S(=O)(=O)c2cc(Cl)cc(Cl)c2)cc2c3c(oc12)CCNC3,8.92
CHEMBL3669675,Cn1c2c(c3cc(S(=O)(=O)n4ccc5cc(Cl)ccc54)ccc31)C1CCC(C2)N1,8.92
CHEMBL3669665,[C-]#[N+]c1cn(S(=O)(=O)c2cc(OC)c3c(c2)c2c(n3C)CC3CCC2N3)c2ccccc12,8.92
CHEMBL3692926,CCN1CCc2oc3c(Cl)cc(S(=O)(=O)c4ccccc4)cc3c2C1,8.92
CHEMBL3664778,Cn1c2c(c3cc(S(=O)(=O)c4cccc5[nH]ccc45)ccc31)C1CCC(C2)N1,8.92
CHEMBL3669654,Cn1c2c(c3cc(S(=O)(=O)c4ccc5[nH]ccc5c4)ccc31)C1CCC(C2)N1CCO,8.92
CHEMBL3692955,CC(C)(O)CN1CCc2oc3c(Cl)cc(S(=O)(=O)c4ccccc4)cc3c2C1,8.92
CHEMBL3669653,Cn1c2c(c3cc(S(=O)(=O)c4ccc5[nH]ccc5c4)ccc31)C1CCC(C2)N1Cc1ccccc1,8.92
CHEMBL416638,O=S(=O)(c1cccc2ccccc12)n1ccc2ccc(C3=CCN4CCCC4C3)cc21,8.9
CHEMBL188600,COc1cccc(-c2noc(-c3[nH]c4ccccc4c3CCN)n2)c1,8.9
CHEMBL95823,Cc1c(S(=O)(=O)Nc2ccc3nccc(N4CCN[C@@H](C)C4)c3c2)sc2ccc(Cl)cc12,8.9
CHEMBL98965,CCc1c(S(=O)(=O)Nc2ccc3nccc(N4CCNCC4)c3c2)sc2ccc(Cl)cc12,8.9
CHEMBL97211,Cc1cc(N2CCNCC2)c2cc(NS(=O)(=O)c3sc4ccc(Cl)cc4c3C)ccc2n1,8.9
CHEMBL61318,COc1ccc(NS(=O)(=O)c2c(C)sc3ccc(Cl)cc23)cc1N1CCN(C)CC1,8.9
CHEMBL197574,O=S(=O)(c1ccccc1)c1coc2c(N3CCNCC3)cccc12,8.9
CHEMBL1084315,COc1ccc(S(=O)(=O)N2CC(C(=O)N3CCCNCC3)c3ccccc32)c2ccccc12,8.9
CHEMBL95388,Cc1cc(S(=O)(=O)Nc2ccc3nccc(N4CCNCC4)c3c2)c(C)cc1Cl,8.9
CHEMBL542139,COc1ccc(NS(=O)(=O)c2sc3ccc(Cl)cc3c2C)cc1N1CCNCC1.Cl,8.9
CHEMBL246917,Nc1ccc(S(=O)(=O)N2CCOc3c(N4CCNCC4)cc(F)cc32)cc1,8.9
CHEMBL231334,CCCCc1ccc(S(=O)(=O)Nc2ccc3c(c2)CCN(C)CC3)cc1,8.9
CHEMBL246078,O=S(=O)(c1ccccc1F)N1CCOc2c(N3CCNCC3)cccc21,8.9
CHEMBL1086719,CN1CCC(n2cc(S(=O)(=O)c3cccc(Cl)c3)c3ccccc32)C1,8.89
CHEMBL393997,O=S(=O)(c1cccc(Cl)c1)c1cn(C2CCCNC2)c2ncccc12,8.89
CHEMBL398809,O=S(=O)(c1cccc(C(F)(F)F)c1)c1cn(C2CCNC2)c2ncccc12,8.89
CHEMBL520129,O=C(Nc1ccc2cnn(S(=O)(=O)c3cccc4ccccc34)c2c1)C1CCCNC1,8.89
CHEMBL236404,O=S(=O)(c1cccc(Br)c1)c1cn(C2CCNC2)c2ncccc12,8.89
CHEMBL3692917,CC(C)(O)c1ccc(S(=O)(=O)c2cc(Cl)c3oc4c(c3c2)CNCC4)cc1,8.89
CHEMBL4080401,COc1ccc2c(c1)c(CN1CCNCC1)cn2S(=O)(=O)c1ccccc1Br.CS(=O)(=O)O.CS(=O)(=O)O.O.O,8.89
CHEMBL3669664,COc1cc(S(=O)(=O)n2ncc3ccccc32)cc2c3c(n(C)c12)CC1CCC3N1,8.89
CHEMBL3696949,Cc1cc(S(=O)(=O)c2cc(F)cc(F)c2)cc2c3c(oc12)CCNC3,8.89
CHEMBL393312,CN1CCC(n2cc(S(=O)(=O)c3cccc(F)c3)c3cccnc32)C1,8.85
CHEMBL1242791,CCN1CCC(n2cc(S(=O)(=O)c3c(Cl)nc4sccn34)c3cccnc32)C1,8.85
CHEMBL1642849,CC(N)CNc1ccc2[nH]nc(S(=O)(=O)c3cccc4ccccc34)c2c1.Cl,8.85
CHEMBL392541,CCN1CCC(n2cc(S(=O)(=O)C3=C(Cl)NC4SC=CN34)c3cccnc32)C1,8.85
CHEMBL3669663,COc1cc(S(=O)(=O)c2cccc(OCc3ccccc3)c2)cc2c3c(n(C)c12)CC1CCC3N1,8.85
CHEMBL1950762,Cn1c2c(c3cc(S(=O)(=O)c4cccc(C(F)(F)F)c4)ccc31)C1CCC(C2)N1,8.85
CHEMBL3669652,COCCN1C2CCC1c1c(n(C)c3ccc(S(=O)(=O)c4ccc5[nH]ccc5c4)cc13)C2,8.85
CHEMBL3664740,Cn1c2c(c3cc(S(=O)(=O)c4cccc5ccccc45)ccc31)C1CCC(C2)N1,8.85
CHEMBL236577,O=S(=O)(c1cccc(Cl)c1)c1cn(C2CCNC2)c2ncccc12,8.82
CHEMBL1642865,Cl.NCCC(=O)Nc1ccc2[nH]nc(S(=O)(=O)c3cccc4ccccc34)c2c1,8.82
CHEMBL393886,CN(C)CC1CCCc2c1c1ccccc1n2S(=O)(=O)c1ccccc1,8.82
CHEMBL92093,COc1ccc2c(c1)c1c(n2S(=O)(=O)c2ccccc2)CCCC1CN(C)C,8.82
CHEMBL1642887,Cl.O=S(=O)(c1ccc(C(F)(F)F)cc1)c1n[nH]c2ccc(NC3CCNCC3)cc12,8.82
CHEMBL236335,CN1CCC(n2cc(S(=O)(=O)c3cccc(Cl)c3)c3cccnc32)C1,8.82
CHEMBL1080729,O=S(=O)(c1cn(C2CCNC2)c2ccccc12)c1cccc2cccnc12,8.82
CHEMBL3669693,COc1cc(S(=O)(=O)c2cccc(-n3cccn3)c2)cc2c3c(n(C)c12)CC1CCC3N1,8.82
CHEMBL3692855,O=S(=O)(c1ccc2oc3c(c2c1)CNCC3)n1ccc2ccc(F)cc21,8.82
CHEMBL3696955,Cc1cc(S(=O)(=O)c2ccc(F)cc2)cc2c3c(oc12)CCNC3,8.82
CHEMBL3786752,CCN/C(=N\S(=O)(=O)c1ccc(N)c(Cl)c1)N1CC(CC)C=N1,8.82
CHEMBL3692967,COc1cc(S(=O)(=O)c2ccccc2CO)cc2c3c(oc12)CCNC3,8.82
CHEMBL573521,CC1Cc2ccc(NS(=O)(=O)c3c(Cl)nc4sccn34)cc2/C1=N/NC(=N)N.Cl,8.8
CHEMBL95878,O=S(=O)(Nc1ccc2nccc(N3CCNCC3)c2c1)c1ccc(I)cc1,8.8
CHEMBL193665,O=S(=O)(c1ccccc1)n1ccc2c(N3CCNCC3)c(Cl)ccc21,8.8
CHEMBL99982,CC(C)c1c(S(=O)(=O)Nc2ccc3nccc(N4CCNCC4)c3c2)sc2ccc(Cl)cc12,8.8
CHEMBL2165520,NC1Cc2cccc3c2c(cn3S(=O)(=O)c2ccccc2)C1,8.8
CHEMBL3669676,Cn1c2c(c3cc(S(=O)(=O)c4cccc(F)c4)cc(O)c31)C1CCC(C2)N1,8.8
CHEMBL3692896,O=S(=O)(c1ccccc1)c1cc(Cl)c2oc3c(c2c1)C(CO)NCC3,8.8
CHEMBL3692957,COCCN1CCc2oc3c(Cl)cc(S(=O)(=O)c4ccccc4)cc3c2C1,8.8
CHEMBL3692954,O=S(=O)(c1ccccc1)c1cc(Cl)c2oc3c(c2c1)CN(CCO)CC3,8.8
CHEMBL3929918,CNCC1Cc2ccc3c(ccn3S(=O)(=O)c3ccccc3)c21,8.8
CHEMBL3696968,O=S(=O)(c1ccccc1)c1cc(OCCO)c2oc3c(c2c1)CNCC3,8.8
CHEMBL4100484,COc1ccc2c(c1)c(CN1CCN(C)CC1)cn2S(=O)(=O)c1ccc(C(C)C)cc1.CS(=O)(=O)O.CS(=O)(=O)O,8.79
CHEMBL2413989,Cl.Nc1cc(N2CCNCC2)ccc1S(=O)(=O)c1ccccc1,8.78
CHEMBL373107,CN1CCC[C@H]1Cc1cn(S(=O)(=O)c2ccccc2)c2ccccc12.O=C(O)C(=O)O,8.77
CHEMBL1642852,Cl.O=S(=O)(c1cccc2ccccc12)c1n[nH]c2ccc(NC3CCCNC3)cc12,8.77
CHEMBL236314,CC(C)N1CCCC(n2cc(S(=O)(=O)C3=C(Cl)NC4SC=CN34)c3cccnc32)C1,8.77
CHEMBL298274,O=S(=O)(c1cccc2ccccc12)n1ccc2ccc(N3CCN4CCCCC4C3)cc21,8.77
CHEMBL1242615,CC(C)N1CCCC(n2cc(S(=O)(=O)c3c(Cl)nc4sccn34)c3cccnc32)C1,8.77
CHEMBL3692959,CC(O)CN1CCc2oc3c(Cl)cc(S(=O)(=O)c4ccccc4)cc3c2C1,8.77
CHEMBL3692874,O=S(=O)(c1cccc(Cl)c1)c1ccc2c3c(oc2c1)CCNC3,8.77
CHEMBL4068232,CCN1CCN(Cc2cn(S(=O)(=O)c3ccc(C(C)C)cc3)c3ccc(OC)cc23)CC1,8.77
CHEMBL1950760,Cn1c2c(c3cc(S(=O)(=O)c4cccc(Cl)c4)ccc31)C1CCC(C2)N1,8.74
CHEMBL2165524,CN(C)C1CCc2c(c3cc(Br)ccc3n2S(=O)(=O)c2ccccc2)C1,8.74
CHEMBL3785453,CCN/C(=N\S(=O)(=O)c1ccc(N)c(Cl)c1)N1CC2(C=N1)CCCC2,8.74
CHEMBL236812,CN1CCCC(n2cc(S(=O)(=O)c3ccc(Cl)s3)c3cccnc32)C1,8.72
CHEMBL3696981,COc1cc(Sc2ccccc2)cc2c3c(oc12)CCNC3,8.72
CHEMBL2165541,CN(C)C1CCc2c(c3ccccc3n2S(=O)(=O)c2cccc(C(F)(F)F)c2)C1,8.72
CHEMBL3669637,Cn1c2c(c3cc(S(=O)(=O)c4cccc(OCc5ccccc5)c4)ccc31)C1CCC(C2)N1,8.72
CHEMBL3669646,Cn1c2c(c3cc(S(=O)(=O)c4cncc5ccccc45)ccc31)C1CCC(C2)N1,8.72
CHEMBL3692862,O=S(=O)(c1ccc(Cl)cc1)c1cc(Cl)c2oc3c(c2c1)CNCC3,8.72
CHEMBL3692972,COc1cc(S(=O)(=O)c2ccc(OC(F)(F)F)cc2)cc2c3c(oc12)CCNC3,8.72
CHEMBL3692979,COc1cc(S(=O)(=O)c2ccc([C@@H](C)O)cc2)cc2c3c(oc12)CCNC3,8.72
CHEMBL3696964,N#Cc1cc(S(=O)(=O)c2cccc(Cl)c2)cc2c3c(oc12)CCNC3,8.72
CHEMBL196692,O=S(=O)(c1cccc(Cl)c1)n1cc(C2CCCNC2)c2ccccc21,8.7
CHEMBL193358,CN1CCC(c2cn(S(=O)(=O)c3ccc(F)cc3)c3ccccc23)C1,8.7
CHEMBL246500,Cc1cc(N2CCNCC2)c2c(c1)N(S(=O)(=O)c1ccccc1C#N)CCO2,8.7
CHEMBL97158,Cc1c(S(=O)(=O)Nc2ccc3nccc(N4CCNCC4)c3c2)sc2ccc(Cl)cc12,8.7
CHEMBL95568,Cc1sc2c(Cl)cc(Cl)cc2c1S(=O)(=O)Nc1ccc2nccc(N3CCNCC3)c2c1,8.7
CHEMBL3664739,Cn1c2c(c3cc(S(=O)(=O)c4cccc(NC5CCCC5)c4)ccc31)C1CCC(C2)N1,8.7
CHEMBL371876,O=S(=O)(c1ccc(Cl)cc1)n1ccc2c(N3CCNCC3)cccc21,8.7
CHEMBL240922,O=S(=O)(c1ccccc1F)c1cn(C2CCNC2)c2ncccc12,8.7
CHEMBL246079,O=S(=O)(c1cccc(Cl)c1)N1CCOc2c(N3CCNCC3)cccc21,8.7
CHEMBL175068,COc1ccc2c(c1)c1c(n2S(=O)(=O)c2ccc(N)cc2)CCCC1CN(C)C,8.7
CHEMBL266018,CCCCc1ccc(S(=O)(=O)Nc2ccc3c(c2)CCNCC3)cc1,8.7
CHEMBL401019,O=S(=O)(c1ccccc1F)c1cn(C2CCCNC2)c2ncccc12,8.7
CHEMBL236313,CN1CCCC(n2cc(S(=O)(=O)C3=C(Cl)NC4SC=CN34)c3cccnc32)C1,8.7
CHEMBL1242517,CN1CCCC(n2cc(S(=O)(=O)c3c(Cl)nc4sccn34)c3cccnc32)C1,8.7
CHEMBL304039,COc1ccc(NS(=O)(=O)c2cc(Cl)cc(Cl)c2)cc1N1CCN(C)CC1,8.7
CHEMBL94988,Cc1c(S(=O)(=O)Nc2ccc3nccc(N4CCN5CCC[C@H]5C4)c3c2)sc2ccc(Cl)cc12,8.7
CHEMBL98353,Cc1sc2c(Cl)cccc2c1S(=O)(=O)Nc1ccc2nccc(N3CCNCC3)c2c1,8.7
CHEMBL3884227,O=S(=O)(c1ccccc1)n1ccc2c(N3CCN(CCCCCCNCc4ccccc4)CC3)cccc21,8.7
CHEMBL316643,Cc1c(S(=O)(=O)Nc2ccc3nccc(N4CCN[C@H](C)C4)c3c2)sc2ccc(Cl)cc12,8.7
CHEMBL1949928,Cl.O=S(=O)(c1ccc2c(c1)O[C@H]1CNCC[C@@H]21)c1cccc(Cl)c1Cl,8.7
CHEMBL3692883,O=S(=O)(c1cccc(C2CCOC2)c1)c1cc(Cl)c2oc3c(c2c1)CNCC3,8.7
CHEMBL3696951,Cc1cc(S(=O)(=O)c2ccc(F)c(F)c2)cc2c3c(oc12)CCNC3,8.7
CHEMBL4101284,COc1ccc2c(c1)c(CN1CCCN(C)CC1)cn2S(=O)(=O)c1ccc(C(C)C)cc1.Cl.Cl,8.7
CHEMBL3885186,O=S(=O)(c1ccccc1)n1ccc2c(N3CCN(CCCCCCNc4c5c(nc6ccccc46)CCCC5)CC3)cccc21,8.7
CHEMBL4082473,COc1ccc2c(c1)c(CN1CCN(C)CC1)cn2S(=O)(=O)c1ccccc1Br.CS(=O)(=O)O.O,8.7
CHEMBL3797651,COc1ccc(-c2cc(N3CCN(C)CC3)nc3c2ccn3S(=O)(=O)CC(C)C)cc1,8.7
CHEMBL3884195,O=S(=O)(c1ccccc1)n1ccc2c(N3CCN(CCCNC4CCN(Cc5ccccc5)CC4)CC3)cccc21,8.7
CHEMBL401018,CN1CCCC(n2cc(S(=O)(=O)c3cccc(C(F)(F)F)c3)c3cccnc32)C1,8.68
CHEMBL1099284,CN1CCc2[nH]c3ccc(S(=O)(=O)Nc4cccc(F)c4)cc3c2C1.Cl,8.68
CHEMBL3692875,O=S(=O)(c1cccc(C(F)(F)F)c1)c1ccc2c3c(oc2c1)CCNC3,8.68
CHEMBL3696957,O=S(=O)(c1ccccc1)c1cc(C(F)(F)F)c2oc3c(c2c1)CNCC3,8.68
CHEMBL3659968,Cc1nn2c3c(cnc2c1S(=O)(=O)c1ccccc1)CNCC3,8.67
CHEMBL4065437,CN1CCN(Cc2cn(S(=O)(=O)c3ccc(Br)cc3)c3ccccc23)CC1,8.67
CHEMBL236334,CN1CCC(n2cc(S(=O)(=O)c3ccccc3Cl)c3cccnc32)C1,8.66
CHEMBL3692922,O=S(=O)(c1ccc(OC(F)F)cc1)c1cc(Cl)c2oc3c(c2c1)CNCC3,8.66
CHEMBL3692987,COc1cc(S(=O)(=O)c2ccc(C3CCOC3)cc2)cc2c3c(oc12)CCNC3,8.66
CHEMBL3692912,O=S(=O)(c1cccc(-n2cccn2)c1)c1cc(Cl)c2oc3c(c2c1)CNCC3,8.66
CHEMBL23575,CNc1cc(S(=O)(=O)c2ccc(N)cc2)cc(Br)n1,8.64
CHEMBL1642885,Cl.O=S(=O)(c1ccc(Cl)cc1)c1n[nH]c2ccc(NC3CCNCC3)cc12,8.64
CHEMBL3692934,O=S(=O)(c1cc(F)cc(Cl)c1)c1cc(Cl)c2oc3c(c2c1)CNCC3,8.64
CHEMBL3669662,COc1cc(S(=O)(=O)c2cccc(O)c2)cc2c3c(n(C)c12)CC1CCC3N1,8.64
CHEMBL392899,O=S(=O)(c1cccc(F)c1)c1cn(C2CCCNC2)c2ncccc12,8.62
CHEMBL366935,COc1ccc2c(c1)c1c(n2S(=O)(=O)c2ccc(I)cc2)CCCC1CN(C)C,8.62
CHEMBL482989,Cc1c(C2CCNCC2)ccnc1OC(c1cccc(Cl)c1)C(F)(F)F,8.62
CHEMBL399013,CN1CCC(n2cc(S(=O)(=O)c3ccccc3)c3cccnc32)C1,8.6
CHEMBL97899,Cc1cnc2ccc(NS(=O)(=O)c3sc4ccc(Cl)cc4c3C)cc2c1N1CCNCC1,8.6
CHEMBL394689,Cc1cc(N2CCNCC2)c2c(c1)N(S(=O)(=O)c1ccccc1)CCO2,8.6
CHEMBL197297,Cn1cc(S(=O)(=O)c2cccc(Cl)c2)c2cccc(N3CCNCC3)c21,8.6
CHEMBL3692915,O=S(=O)(c1ccc2c(c1)CCOC2)c1cc(Cl)c2oc3c(c2c1)CNCC3,8.6
CHEMBL4064950,NCCc1ccc(S(=O)(=O)n2ccc3ccccc32)cc1,8.6
CHEMBL578631,Cl.N=C(N)N/N=C1\CCc2cc(NS(=O)(=O)c3c(Cl)nc4sccn34)ccc21,8.59
CHEMBL3260795,O=C1CC(c2ccccc2)CN1c1cnc2c(N3CCNCC3)cccc2c1,8.59
CHEMBL3664746,Cn1c2c(c3cc(S(=O)(=O)c4cccc(-c5ccccc5)c4)ccc31)C1CCC(C2)N1,8.59
CHEMBL400627,O=S(=O)(c1cccc(F)c1)c1cn(C2CCNC2)c2ncccc12,8.57
CHEMBL3669645,Cn1c2c(c3cc(S(=O)(=O)n4cc(F)c5ccccc54)ccc31)C1CCC(C2)N1,8.57
CHEMBL3692948,C[C@@H](O)c1cccc(S(=O)(=O)c2cc(Cl)c3oc4c(c3c2)CNCC4)c1,8.57
CHEMBL1834337,CCN/C(=N\S(=O)(=O)c1cccc(Cl)c1F)N1CC(CC)C=N1,8.57
CHEMBL2165540,CSc1ccc2c(c1)c1c(n2S(=O)(=O)c2cccc(Cl)c2)CCC(N(C)C)C1,8.57
CHEMBL1080899,CN1CCC(n2cc(S(=O)(=O)c3cccc4cccnc34)c3ccccc32)C1,8.55
CHEMBL1642845,Cl.O=S(=O)(c1cccc2ccccc12)c1n[nH]c2cccc(NC3CCNCC3)c12,8.55
CHEMBL3215892,Cl.Cl.O=S(=O)(c1ccccc1Br)n1ccc2c(CN3CCNCC3)cccc21,8.55
CHEMBL1834226,CCN/C(=N\S(=O)(=O)c1cccc(Cl)c1)N1CC(CC)C=N1,8.55
CHEMBL2165545,CN(C)C1CCc2c(c3ccccc3n2S(=O)(=O)c2ccccc2Br)C1,8.54
CHEMBL1642878,CN(C)CCNC(=O)c1ccc2[nH]nc(S(=O)(=O)c3cccc4ccccc34)c2c1.Cl,8.54
CHEMBL1949758,Cl.O=S(=O)(c1ccccc1)c1ccc2c3c(oc2c1)CNCC3,8.54
CHEMBL3692977,COc1cc(S(=O)(=O)c2ccc(C(C)O)cc2)cc2c3c(oc12)CCNC3,8.54
CHEMBL3669659,Cn1c2c(c3cc(S(=O)(=O)c4ccccc4)cc(O)c31)C1CCC(C2)N1,8.54
CHEMBL3664779,Cn1c2c(c3cc(S(=O)(=O)c4cnc5[nH]ccc5c4)ccc31)C1CCC(C2)N1,8.54
CHEMBL194174,CNCCC1=CC(Cc2ccccc2)c2ccccc21,8.52
CHEMBL365753,CN1CCC(c2cn(S(=O)(=O)c3ccc(Cl)c(Cl)c3)c3ccccc23)C1,8.52
CHEMBL196466,Cc1nc(N)sc1S(=O)(=O)n1cc(C2CCN(Cc3ccccc3)C2)c2ccccc21,8.52
CHEMBL3799529,CC(C)CS(=O)(=O)n1ccc2c(-c3ccc(C(F)(F)F)cc3)cc(N3CCNCC3)nc21,8.52
CHEMBL457351,CN(C)CCC1=CC(Cc2ccccc2)c2ccccc21,8.52
CHEMBL575310,CN1CCC(C2=CCc3ccc(NS(=O)(=O)c4c(Cl)nc5sccn45)cc32)C1,8.52
CHEMBL605938,O=S(=O)(Nc1ccc2c(c1)C(C1CCNC1)=CC2)c1c(Cl)nc2sccn12,8.52
CHEMBL45977,O=S(=O)(c1ccc2ccccc2c1)n1ccc2ccc(N3CCN4CCCCC4C3)cc21,8.52
CHEMBL371318,O=S(=O)(c1ccc(Cl)s1)n1cc(C2CCCNC2)c2ccccc21,8.52
CHEMBL3692937,O=S(=O)(c1ccc(F)cc1)c1cc(Cl)c2oc3c(c2c1)CNCC3,8.52
CHEMBL3692945,CC(O)c1cccc(S(=O)(=O)c2cc(Cl)c3oc4c(c3c2)CNCC4)c1,8.52
CHEMBL4125735,O=S(=O)(c1cccc(Cl)c1)n1ccc2c(N[C@H]3CCNC3)nc3ccccc3c21,8.52
CHEMBL3669680,COc1cc(S(=O)(=O)c2cccc(OC(F)F)c2)cc2c3c(n(C)c12)CC1CCC3N1,8.52
CHEMBL3664757,Cc1cc(S(=O)(=O)c2cccc(Cl)c2)cc2c3c(n(C)c12)CC1CCC3N1,8.52
CHEMBL1642880,Cl.O=S(=O)(c1ccccc1)c1n[nH]c2ccc(NC3CCNCC3)cc12,8.51
CHEMBL3692950,C[C@@H](O)c1ccc(S(=O)(=O)c2cc(Cl)c3oc4c(c3c2)CNCC4)cc1,8.51
CHEMBL3692904,[O-][S+](c1ccccc1)c1cc(Cl)c2oc3c(c2c1)CNCC3,8.51
CHEMBL398035,O=S(=O)(c1ccccc1Cl)N1CCOc2c(N3CCNCC3)cccc21,8.5
CHEMBL196644,Cc1c(S(=O)(=O)n2ccc3c(N4CCNCC4)cccc32)sc2ccc(Cl)cc12,8.5
CHEMBL364039,NCc1cn(S(=O)(=O)c2ccccc2)c2ccccc12,8.5
CHEMBL329482,O=S(=O)(Nc1ccc2nccc(N3CCNCC3)c2c1)c1cccc2c(Cl)cccc12,8.5
CHEMBL409160,COc1ccc(NS(=O)(=O)c2c(F)c(Br)cc(F)c2Br)cc1N1CCN(C)CC1,8.5
CHEMBL392976,CCN1CCCC(n2cc(S(=O)(=O)c3ccc(Cl)s3)c3cccnc32)C1,8.49
CHEMBL1094370,O=S(=O)(c1cccc(Cl)c1)c1cn(C2CCNC2)c2ccccc12,8.49
CHEMBL3669651,CC(C)N1C2CCC1c1c(n(C)c3ccc(S(=O)(=O)c4ccc5[nH]ccc5c4)cc13)C2,8.49
CHEMBL236541,CCN1CCC(n2cc(S(=O)(=O)c3cccc(Cl)c3)c3cccnc32)C1,8.48
CHEMBL47691,Cc1ccc(S(=O)(=O)n2ccc3ccc(N4CCN5CCCC5C4)cc32)cc1,8.48
CHEMBL3692920,O=S(=O)(c1ccc(C(F)(F)F)cc1)c1cc(Cl)c2oc3c(c2c1)CNCC3,8.48
CHEMBL3692941,O=S(=O)(c1cccc(C(O)C(F)(F)F)c1)c1cc(Cl)c2oc3c(c2c1)CNCC3,8.48
CHEMBL3664782,Cn1c2c(c3cc(S(=O)(=O)c4ccc5sccc5c4)ccc31)C1CCC(C2)N1,8.48
CHEMBL3692911,O=S(=O)(c1cc(Cl)c2oc3c(c2c1)CNCC3)c1ccccc1OC(F)(F)F,8.48
CHEMBL3664756,Cc1cc(S(=O)(=O)c2ccccc2)cc2c3c(n(C)c12)CC1CCC3N1,8.48
CHEMBL393107,CC(C)N1CCCC(n2cc(S(=O)(=O)c3cccc(F)c3)c3cccnc32)C1,8.47
CHEMBL1642872,Cl.NCCC(=O)Nc1cccc2c(S(=O)(=O)c3cccc4ccccc34)n[nH]c12,8.47
CHEMBL3692960,CC(CO)N1CCc2oc3c(Cl)cc(S(=O)(=O)c4ccccc4)cc3c2C1,8.47
CHEMBL1076684,CN1CCC(n2cc(S(=O)(=O)c3cccc(F)c3)c3ccccc32)C1,8.46
CHEMBL1642853,Cl.O=S(=O)(c1cccc2ccccc12)c1n[nH]c2ccc(NCC3CCNCC3)cc12,8.46
CHEMBL4104622,O=S(=O)(NCCN1CC=C(c2c[nH]c3ccc(Cl)cc23)CC1)c1cccc(O)c1,8.46
CHEMBL393158,CCN1CCCC(n2cc(S(=O)(=O)c3ccccc3)c3cccnc32)C1,8.44
CHEMBL2165552,COc1ccc2c(c1)c1c(n2S(=O)(=O)c2ccccc2F)CCC(N(C)C)C1,8.44
CHEMBL49598,O=S(=O)(c1ccc(F)cc1F)n1ccc2ccc(N3CCN4CCCCC4C3)cc21,8.44
CHEMBL3664759,Cc1cc(S(=O)(=O)c2cccc(C(F)(F)F)c2)cc2c3c(n(C)c12)CC1CCC3N1,8.44
CHEMBL393830,O=S(=O)(c1ccccc1Cl)c1cn(C2CCCNC2)c2ncccc12,8.43
CHEMBL2165544,COc1ccc2c(c1)c1c(n2S(=O)(=O)c2cccc(C(F)(F)F)c2)CCC(N(C)C)C1,8.43
CHEMBL3664732,Cc1cccc(S(=O)(=O)c2ccc3c(c2)c2c(n3C)CC3CCC2N3)c1,8.43
CHEMBL3669688,COc1cc(S(=O)(=O)c2cncc3ccccc23)cc2c3c(n(C)c12)CC1CCC3N1,8.43
CHEMBL183757,O=C(O)C(=O)O.O=S(=O)(c1ccccc1)c1ccc(N2CCNCC2)c2ccccc12,8.42
CHEMBL235306,O=S(=O)(c1cccc(Br)c1)c1cn(C2CCCNC2)c2ncccc12,8.42
CHEMBL3884325,O=c1ccc(OCCCN2CCC(c3noc4cc(F)ccc34)CC2)nn1-c1cc(F)ccc1F,8.42
CHEMBL1950763,Cn1c2c(c3cc(S(=O)(=O)c4cccc(OC(F)(F)F)c4)ccc31)C1CCC(C2)N1,8.42
CHEMBL235117,CN1CCCC(n2cc(S(=O)(=O)c3cc(Cl)cc(Cl)c3)c3cccnc32)C1,8.41
CHEMBL3664784,Cn1c2c(c3cc(S(=O)(=O)n4ccc5cccnc54)ccc31)C1CCC(C2)N1,8.41
CHEMBL247121,CC1(C)CN(S(=O)(=O)c2ccccc2)c2cc(F)cc(C3CCNCC3)c2O1,8.4
CHEMBL1949930,COc1cc(OC(C)C)cc(S(=O)(=O)c2ccc3c(c2)O[C@H]2CNCC[C@@H]32)c1.Cl,8.4
CHEMBL318262,Cc1c(S(=O)(=O)Nc2ccc3nccc(N4CCNCC4)c3c2)oc2ccc(Cl)cc12,8.4
CHEMBL388674,CN1CCc2ccc(NS(=O)(=O)c3ccc(-c4ccc(Cl)cc4)s3)cc2CC1,8.4
CHEMBL394949,O=S(=O)(c1ccccc1)N1CCOc2c(N3CCCNCC3)cc(Cl)cc21,8.4
CHEMBL1081794,O=S(=O)(c1cccc(F)c1)c1cn(C2CCCNC2)c2ccc(F)cc12,8.4
CHEMBL3883921,CN(CCCCN1CCN(c2cccc3c2ccn3S(=O)(=O)c2ccccc2)CC1)Cc1ccccc1,8.4
CHEMBL3890882,CN[C@@H]1c2cc3ccn(S(=O)(=O)c4ccccc4)c3cc2[C@H]1CCO,8.4
CHEMBL3692898,O=S(=O)(c1ccccc1)c1cc(Cl)c2oc3c(c2c1)C(CF)NCC3,8.4
CHEMBL4068850,O=S(=O)(c1cccc2ccccc12)n1cc2cc(CO)oc3cccc1c23,8.4
CHEMBL3692936,O=S(=O)(c1ccc(F)c(F)c1)c1cc(Cl)c2oc3c(c2c1)CNCC3,8.4
CHEMBL3797717,CC(C)CS(=O)(=O)n1ccc2c(-c3ccc(C(F)(F)F)cc3)cc(N3CCN(C)CC3)nc21,8.4
CHEMBL3329445,COc1cc(Cl)cc(C(C)Nc2cc(N3CCNCC3)ccc2S(C)(=O)=O)c1OC,8.4
CHEMBL4093699,CC(C)c1ccc(S(=O)(=O)n2cc(CN3CCN(C)CC3)c3cc(F)ccc32)cc1.Cl.Cl,8.4
CHEMBL574625,CN(c1ccc2c(c1)/C(=N/NC(=N)N)CC2)S(=O)(=O)c1c(Cl)nc2sccn12.Cl,8.39
CHEMBL1950757,Cn1c2c(c3cc(S(=O)(=O)c4cccc(F)c4)ccc31)C1CCC(C2)N1,8.39
CHEMBL1834342,CCN/C(=N\S(=O)(=O)c1ccc(Cl)s1)N1CC(CC)C=N1,8.39
CHEMBL3664753,Cn1c2c(c3cc(S(=O)(=O)n4cc(Cl)c5ccccc54)ccc31)C1CCC(C2)N1,8.39
CHEMBL394231,CN1CCC(n2cc(S(=O)(=O)c3ccc(Cl)cc3)c3cccnc32)C1,8.38
CHEMBL1642846,Cl.O=S(=O)(c1cccc2ccccc12)c1n[nH]c2cccc(NC3CCCNC3)c12,8.38
CHEMBL3696961,N#Cc1cc(S(=O)(=O)c2ccccc2)cc2c3c(oc12)CCNC3,8.38
CHEMBL2165538,CN(C)C1CCc2c(c3ccccc3n2S(=O)(=O)c2cccc(Cl)c2)C1,8.38
CHEMBL236405,O=S(=O)(c1ccc(Br)cc1)c1cn(C2CCNC2)c2ncccc12,8.37
CHEMBL1642850,CC(C)[C@H](N)CNc1ccc2[nH]nc(S(=O)(=O)c3cccc4ccccc34)c2c1.Cl,8.37
CHEMBL3692891,O=S(=O)(c1ccccc1)c1cc(CCO)c2oc3c(c2c1)CNCC3,8.37
CHEMBL4100411,COc1ccc2c(c1)c(CN1CCN(C)CC1)cn2S(=O)(=O)c1ccccc1,8.37
CHEMBL482990,Cc1c(C2CCNCC2)ccnc1OC(c1cccc(F)c1)C(F)(F)F,8.37
CHEMBL2165548,COc1ccc2c(c1)c1c(n2S(=O)(=O)c2ccccc2Br)CCC(N(C)C)C1,8.37
CHEMBL3692885,N#Cc1cc(S(=O)(=O)c2cccc(F)c2)cc2c3c(oc12)CCNC3,8.37
CHEMBL235734,CCN1CCCC(n2cc(S(=O)(=O)c3cccc(F)c3)c3cccnc32)C1,8.36
CHEMBL1935601,O=S(=O)(c1cccc(F)c1)c1ccc2c3c(oc2c1)C1(CCCOC1)NCC3,8.36
CHEMBL3664792,CC(C)n1ccc2cc(S(=O)(=O)c3ccc4c(c3)c3c(n4C)CC4CCC3N4)ccc21,8.36
CHEMBL3692919,O=S(=O)(c1cccc(CO)c1)c1cc(Cl)c2oc3c(c2c1)CNCC3,8.36
CHEMBL3664777,Cn1c2c(c3cc(S(=O)(=O)c4cccc5cc[nH]c45)ccc31)C1CCC(C2)N1,8.35
CHEMBL3696975,O=S(=O)(c1ccccc1)c1cc(-c2cc[nH]n2)c2oc3c(c2c1)CNCC3,8.35
CHEMBL4077537,Cl.Cl.O=S(=O)(c1ccccc1Br)n1cc(CN2CCNCC2)c2ccccc21,8.35
CHEMBL236772,O=S(=O)(c1cccc(C(F)(F)F)c1)c1cn(C2CCCNC2)c2ncccc12,8.34
CHEMBL1086720,COc1ccc2c(S(=O)(=O)c3cccc(Cl)c3)cn(C3CCNC3)c2c1,8.34
CHEMBL2165528,CSc1ccc2c(c1)c1c(n2S(=O)(=O)c2ccccc2)CCC(N(C)C)C1,8.34
CHEMBL1950756,Cn1c2c(c3cc(S(=O)(=O)c4ccccc4F)ccc31)C1CCC(C2)N1,8.34
CHEMBL45987,O=S(=O)(c1cccc2ccccc12)n1ccc2ccc(C3(O)CCN4CCCC4C3)cc21,8.33
CHEMBL393106,CN1CCCC(n2cc(S(=O)(=O)c3cccc(F)c3)c3cccnc32)C1,8.33
CHEMBL2165550,COc1ccc2c(c1)c1c(n2S(=O)(=O)c2ccccc2Cl)CCC(N(C)C)C1,8.33
CHEMBL1080316,O=S(=O)(c1cccc(F)c1)c1cn(C2CCNC2)c2ccccc12,8.33
CHEMBL1950759,Cn1c2c(c3cc(S(=O)(=O)c4ccccc4Cl)ccc31)C1CCC(C2)N1,8.32
CHEMBL1642873,CN(C)CCC(=O)Nc1cccc2c(S(=O)(=O)c3cccc4ccccc34)n[nH]c12.Cl,8.32
CHEMBL3785100,CCN/C(=N\S(=O)(=O)c1ccc2[nH]ccc2c1)N1CC2(C=N1)CCCC2,8.32
CHEMBL3664731,CN(C)Cc1ccc(S(=O)(=O)c2ccc3c(c2)c2c(n3C)CC3CCC2N3)cc1,8.32
CHEMBL299569,Cc1ccc(S(=O)(=O)n2ccc3ccc(N4CCN5CCCCC5C4)cc32)cc1,8.31
CHEMBL235070,O=S(=O)(c1ccccc1)c1cn(C2CCCNC2)c2ncccc12,8.31
CHEMBL3692921,O=S(=O)(c1ccc(OC(F)(F)F)cc1)c1cc(Cl)c2oc3c(c2c1)CNCC3,8.31
CHEMBL3692907,COc1cc(Cc2ccccc2)cc2c3c(oc12)CCNC3,8.31
CHEMBL3664761,Cc1cc(S(=O)(=O)c2ccc(N)cc2)cc2c3c(n(C)c12)CC1CCC3N1,8.31
CHEMBL191385,COc1cccc2c(CCN)cn(S(=O)(=O)c3ccc4ccccc4c3)c12,8.3
CHEMBL230069,Cc1cc(S(=O)(=O)Nc2ccc3c(c2)CCN(C)CC3)ccc1-c1ccc(Cl)cc1,8.3
CHEMBL395501,CCCCc1ccc(S(=O)(=O)Nc2ccc3c(c2)CN(C)C3)cc1,8.3
CHEMBL1082484,CN1CCC(N(C)C(=O)C2CN(S(=O)(=O)c3cccc4c(Cl)cccc34)c3ccccc32)CC1,8.3
CHEMBL196619,COc1ccc(S(=O)(=O)n2cc(C3CCN(C)C3)c3ccccc32)cc1OC,8.3
CHEMBL236579,CN1CCC(n2cc(S(=O)(=O)c3ccc(F)cc3)c3cccnc32)C1,8.3
CHEMBL438675,CC1(C)CN(S(=O)(=O)c2cccc(F)c2)c2cc(F)cc(C3CCNCC3)c2O1,8.3
CHEMBL98511,C1CCN2CCNCC2C1,8.3
CHEMBL1076665,O=S(=O)(c1ccccc1)c1cn(C2CCNC2)c2ccccc12,8.3
CHEMBL1082199,CN1CCC(n2cc(S(=O)(=O)c3cccc(F)c3)c3cc(F)ccc32)C1,8.3
CHEMBL193379,N#Cc1ccc2c(ccn2S(=O)(=O)c2cccc(Cl)c2)c1N1CCNCC1,8.3
CHEMBL95511,Cc1c(S(=O)(=O)Nc2ccc3nccc(N4C[C@H](C)N[C@H](C)C4)c3c2)sc2ccc(Cl)cc12,8.3
CHEMBL4061189,CN(C)CC1=CC2=CN(S(=O)(=O)c3ccccc3)C3=CC=CC(O1)C23,8.3
CHEMBL368746,COc1ccc2c(c1)c1c(n2S(=O)(=O)c2ccc(Cl)cc2)CCCC1CN(C)C,8.3
CHEMBL2165547,CN(C)C1CCc2c(c3cc(F)ccc3n2S(=O)(=O)c2ccccc2Br)C1,8.3
CHEMBL231430,CN1CCc2ccc(NS(=O)(=O)c3ccc(-c4ccc(Cl)cc4)cc3)cc2CC1,8.3
CHEMBL29410,COc1ccc(NS(=O)(=O)c2sc3ccc(Cl)cc3c2C)cc1N1CCN2CCCCC2C1,8.3
CHEMBL3798478,CC(C)CS(=O)(=O)n1ccc2c(-c3ccc4[nH]ccc4c3)cc(N3CCN(C)CC3)nc21,8.3
CHEMBL4073586,COc1ccc2c(c1)c(CN1CCN(C)CC1)cn2S(=O)(=O)c1ccc(F)cc1.CS(=O)(=O)O.CS(=O)(=O)O,8.3
CHEMBL3692852,O=S(=O)(c1ccc2oc3c(c2c1)CNCC3)c1cccc2ccccc12,8.3
CHEMBL4177024,O=S(=O)(c1ccccc1)n1ncc2c(N3CCNCC3)nccc21,8.3
CHEMBL4161904,O=S(=O)(c1ccccc1)n1ccc2c(N3CCNCC3)nccc21,8.3
CHEMBL2165539,CN(C)C1CCc2c(c3cc(F)ccc3n2S(=O)(=O)c2cccc(Cl)c2)C1,8.3
CHEMBL177107,COc1ccc2c(c1)c1c(n2S(=O)(=O)c2ccc3ccccc3c2)CCCC1CN(C)C,8.29
CHEMBL3664793,CCn1ccc2cc(S(=O)(=O)c3ccc4c(c3)c3c(n4C)CC4CCC3N4)ccc21,8.29
CHEMBL3692865,O=S(=O)(c1ccccc1)c1cc(F)c2oc3c(c2c1)CNCC3,8.29
CHEMBL3692947,C[C@H](O)c1cccc(S(=O)(=O)c2cc(Cl)c3oc4c(c3c2)CNCC4)c1,8.29
CHEMBL575270,CC1(C)C/C(=N\NC(=N)N)c2cc(NS(=O)(=O)c3c(Cl)nc4sccn34)ccc21.Cl,8.28
CHEMBL3692931,O=S(=O)(c1cc(Cl)c2oc3c(c2c1)CNCC3)c1ccccc1CO,8.27
CHEMBL398808,O=S(=O)(c1ccc(Cl)cc1)c1cn(C2CCNC2)c2ncccc12,8.26
CHEMBL2165542,CN(C)C1CCc2c(c3cc(Br)ccc3n2S(=O)(=O)c2cccc(C(F)(F)F)c2)C1,8.26
CHEMBL2165527,COc1ccc2c(c1)c1c(n2S(=O)(=O)c2ccccc2)CCC(N(C)C)C1,8.26
CHEMBL4293999,O=C(CCCCN1CCC(c2noc3cc(F)ccc23)CC1)c1cc2c3c(c1)CCN3C(=O)CC2,8.26
CHEMBL3692946,CC(O)c1ccc(S(=O)(=O)c2cc(Cl)c3oc4c(c3c2)CNCC4)cc1,8.25
CHEMBL236578,CN1CCC(n2cc(S(=O)(=O)c3ccccc3F)c3cccnc32)C1,8.25
CHEMBL1834338,CCN/C(=N\S(=O)(=O)c1cccc2ccccc12)N1CC(CC)C=N1,8.25
CHEMBL1079977,O=S(=O)(c1cn(C2CCCNC2)c2ccccc12)c1cccc2cccnc12,8.25
CHEMBL3692962,O=S(=O)(c1ccc(C2CCOC2)cc1)c1cc(Cl)c2oc3c(c2c1)CNCC3,8.25
CHEMBL3664750,Cn1c2c(c3cc(S(=O)(=O)n4ccc5c(F)cccc54)ccc31)C1CCC(C2)N1,8.25
CHEMBL400608,O=S(=O)(c1cn(C2CCNC2)c2ncccc12)c1cccc2cccnc12,8.24
CHEMBL1095274,CN1CCc2c(c3cc(S(=O)(=O)c4ccccc4)ccc3n2C)C1.Cl,8.24
CHEMBL45695,O=S(=O)(c1ccccc1)n1ccc2ccc(N3CCN4CCCCC4C3)cc21,8.24
CHEMBL3787201,CCN/C(=N\S(=O)(=O)c1ccc(O)cc1)N1CC2(C=N1)CCCC2,8.24
CHEMBL3664733,Cn1c2c(c3cc(S(=O)(=O)c4cccc(OC(F)F)c4)ccc31)C1CCC(C2)N1,8.24
CHEMBL3696972,CC(O)c1cc(S(=O)(=O)c2ccccc2)cc2c3c(oc12)CCNC3,8.24
CHEMBL4105377,COc1ccc2c(c1)c(CN1CCNCC1)cn2S(=O)(=O)c1ccc(C(C)C)cc1.Cl.Cl,8.24
CHEMBL3664774,Cn1c2c(c3cc(S(=O)(=O)c4ccc5cc[nH]c5c4)ccc31)C1CCC(C2)N1,8.24
CHEMBL4083289,COc1ccc2c(c1)c(CN1CCCN(C)CC1)cn2S(=O)(=O)c1ccccc1Br,8.24
CHEMBL2165557,COc1ccc2c(c1)c1c(n2S(=O)(=O)c2ccc(C)cc2)CCC(N(C)C)C1,8.23
CHEMBL3692927,O=S(=O)(c1cccc(C(F)(F)F)c1)c1cc(F)c2oc3c(c2c1)CNCC3,8.23
CHEMBL1080381,CN1CCC(n2cc(S(=O)(=O)c3cccc4ccccc34)c3ccccc32)C1,8.22
CHEMBL1081095,O=S(=O)(c1cccc(F)c1)c1cn(C2CCCNC2)c2ccccc12,8.22
CHEMBL3799120,CC(C)S(=O)(=O)n1ccc2c(-c3ccc(C(F)(F)F)cc3)cc(N3CCN(C)CC3)nc21,8.22
CHEMBL3692939,O=S(=O)(c1cc(Cl)cc(Cl)c1)c1cc(Cl)c2oc3c(c2c1)CNCC3,8.22
CHEMBL4175829,CCc1nc2c(N3CCNCC3)ccnc2n1Cc1cccc(F)c1,8.22
CHEMBL4097459,CC(C)c1ccc(S(=O)(=O)n2cc(CN3CCN(C)CC3)c3ccccc32)cc1,8.22
CHEMBL3884618,O=S(=O)(c1ccccc1)n1ccc2c(N3CCN(CCCNc4c5c(nc6ccccc46)CCCC5)CC3)cccc21,8.22
CHEMBL4062687,CN1CCN(Cc2cn(S(=O)(=O)c3ccccc3)c3ccccc23)CC1.Cl.Cl,8.22
CHEMBL391517,O=S(=O)(c1cc(Cl)cc(Cl)c1)c1cn(C2CCCNC2)c2ncccc12,8.21
CHEMBL3692961,O=S(=O)(c1cc(Cl)c2oc3c(c2c1)CNCC3)c1ccccc1C(F)(F)F,8.21
CHEMBL3692843,O=S(=O)(c1cccc(Cl)c1)c1ccc2oc3c(c2c1)CNCC3,8.21
CHEMBL3785512,CCN/C(=N\S(=O)(=O)c1cc(O)cc(Cl)c1)N1CC2(C=N1)CCCC2,8.21
CHEMBL370672,NCc1cn(S(=O)(=O)c2ccc(N)cc2)c2ccccc12,8.2
CHEMBL372287,O=S(=O)(c1ccc(Cl)cc1)n1ccc2c(N3CCNCC3)c(Cl)ccc21,8.2
CHEMBL94930,Cc1c(S(=O)(=O)Nc2ccc3nccc(N4CCNCC4)c3c2)sc2c(Cl)cc(Cl)cc12,8.2
CHEMBL230070,Cc1ccc(-c2ccc(S(=O)(=O)Nc3ccc4c(c3)CCN(C)CC4)cc2)s1,8.2
CHEMBL1950764,Cn1c2c(c3cc(S(=O)(=O)c4cccc(N)c4)ccc31)C1CCC(C2)N1,8.2
CHEMBL1642884,Cl.O=S(=O)(c1ccc(F)cc1)c1n[nH]c2ccc(NC3CCNCC3)cc12,8.2
CHEMBL4294799,O=C1CCc2cc(C(O)CCCN3CCC(c4noc5cc(F)ccc45)CC3)cc3c2N1CC3,8.2
CHEMBL482988,CCC(Oc1nccc(C2CCNCC2)c1C)c1cccc(Cl)c1,8.19
CHEMBL3664737,CNc1cccc(S(=O)(=O)c2ccc3c(c2)c2c(n3C)CC3CCC2N3)c1,8.19
CHEMBL3692840,CN1CCc2oc3ccc(S(=O)(=O)c4ccccc4)cc3c2C1,8.19
CHEMBL4065568,Cc1cccc(S(=O)(=O)NCCN2CC=C(c3c[nH]c4ccc(Cl)cc34)CC2)c1,8.19
CHEMBL1642848,Cl.NCCNc1ccc2[nH]nc(S(=O)(=O)c3cccc4ccccc34)c2c1,8.17
CHEMBL1642881,Cl.O=S(=O)(c1cccc(F)c1)c1n[nH]c2ccc(NC3CCNCC3)cc12,8.17
CHEMBL4075502,CCN1CCN(Cc2cn(S(=O)(=O)c3ccccc3Br)c3ccc(OC)cc23)CC1,8.17
CHEMBL3664760,Cc1cc(S(=O)(=O)c2cccc(OC(F)(F)F)c2)cc2c3c(n(C)c12)CC1CCC3N1,8.16
CHEMBL4073450,COc1ccc2c(c1)c(CN1CCNCC1)cn2S(=O)(=O)c1ccc(F)cc1.CS(=O)(=O)O.CS(=O)(=O)O,8.16
CHEMBL2165562,COc1ccc(S(=O)(=O)n2c3c(c4cc(SC)ccc42)CC(N(C)C)CC3)cc1,8.16
CHEMBL363843,O=S(=O)(c1ccc(F)c(F)c1)n1cc(C2CCCNC2)c2ccccc21,8.15
CHEMBL3664758,Cc1cccc(S(=O)(=O)c2cc(C)c3c(c2)c2c(n3C)CC3CCC2N3)c1,8.15
CHEMBL3799448,CN1CCN(c2cc(-c3ccc(C(F)(F)F)cc3)c3ccn(S(=O)(=O)C4CCOCC4)c3n2)CC1,8.15
CHEMBL1079976,CN1CCCC(n2cc(S(=O)(=O)c3cccc4ccccc34)c3ccccc32)C1,8.15
CHEMBL3669668,COCCOc1cc(S(=O)(=O)c2ccccc2)cc2c3c(n(C)c12)CC1CCC3N1,8.15
CHEMBL3797435,CC(C)CS(=O)(=O)n1ccc2c(-c3ccc(C#N)cc3)cc(N3CCN(C)CC3)nc21,8.15
CHEMBL3786693,CCN/C(=N\S(=O)(=O)c1ccc(N)cc1)N1CC2(C=N1)CCCCC2,8.15
CHEMBL4164541,CCc1nc2c(N3CCNCC3)ccnc2n1Cc1cccc(Cl)c1,8.15
CHEMBL1081094,CCN1CCCC(n2cc(S(=O)(=O)c3ccccc3)c3ccccc32)C1,8.14
CHEMBL3785626,CCN/C(=N\S(=O)(=O)c1ccc(N)cc1)N1CC(CC)C=N1,8.14
CHEMBL3669642,Cc1cc2ccccc2n1S(=O)(=O)c1ccc2c(c1)c1c(n2C)CC2CCC1N2,8.14
CHEMBL425328,COc1ccc2c(c1)c1c(n2S(=O)(=O)c2cccc3cccnc23)CCCC1CN(C)C,8.12
CHEMBL237593,O=S(=O)(c1ccc(Cl)cc1)c1cn(C2CCCNC2)c2ncccc12,8.12
CHEMBL2165558,CC(C)c1ccc(S(=O)(=O)n2c3c(c4cc(Br)ccc42)CC(N(C)C)CC3)cc1,8.12
CHEMBL4095054,O=S(=O)(c1ccccc1)n1cc(CN2CCNCC2)c2ccccc21,8.12
CHEMBL3692906,CC(c1ccccc1)c1cc(Cl)c2oc3c(c2c1)CNCC3,8.12
CHEMBL3692940,O=S(=O)(c1ccc(C(O)C(F)(F)F)cc1)c1cc(Cl)c2oc3c(c2c1)CNCC3,8.12
CHEMBL3692964,O=S(=O)(c1ccc2c(c1)COC2)c1cc(Cl)c2oc3c(c2c1)CNCC3,8.12
CHEMBL1950751,CN1C2CCC1c1c(n(C)c3ccc(S(=O)(=O)c4ccccc4)cc13)C2,8.11
CHEMBL4083893,COc1ccc2c(c1)c(CN1CCCN(C)CC1)cn2S(=O)(=O)c1ccc(F)cc1.Cl.Cl,8.11
CHEMBL3216565,Cl.Cl.O=S(=O)(c1ccccc1)n1ccc2c(CN3CCNCC3)cccc21,8.11
CHEMBL188864,O=C(O)C(=O)O.O=S(=O)(c1ccccc1)n1cc(C[C@H]2CCCN2)c2ccccc21,8.11
CHEMBL4103281,CN1CCN(Cc2cn(S(=O)(=O)c3ccccc3F)c3ccccc23)CC1,8.11
CHEMBL3696970,CC(O)COc1cc(S(=O)(=O)c2ccccc2)cc2c3c(oc12)CCNC3,8.11
CHEMBL3659969,CSc1nn2c3c(c(C)nc2c1S(=O)(=O)c1ccccc1)CNCC3,8.11
CHEMBL4092681,COc1ccc2c(c1)c(CN1CCN(C)CC1)cn2S(=O)(=O)c1cccc2ccccc12,8.11
CHEMBL1950750,Cn1c2c(c3cc(S(=O)(=O)c4ccccc4)ccc31)C1CCC(C2)N1,8.11
CHEMBL426640,O=S(=O)(c1ccccc1)c1c[nH]c2c(N3CCNCC3)ccnc12,8.1
CHEMBL1085608,COc1ccc(S(=O)(=O)N2CC(C(=O)N3CCNCC3)c3ccccc32)c2ccccc12,8.1
CHEMBL3798490,COCCS(=O)(=O)n1ccc2c(-c3ccc(C(F)(F)F)cc3)cc(N3CCN(C)CC3)nc21,8.1
CHEMBL1834333,CCN/C(=N\S(=O)(=O)c1ccc(Cl)c(Cl)c1)N1CC(CC)C=N1,8.1
CHEMBL1834341,CCN/C(=N\S(=O)(=O)c1c(Cl)nc2sccn12)N1CC(CC)C=N1,8.1
CHEMBL196103,O=S(=O)(c1cccc2ccccc12)n1ccc2c(N3CCNCC3)c(Cl)ccc21,8.1
CHEMBL3884312,O=S(=O)(c1ccccc1)n1ccc2c(N3CCN(CCCCNCc4ccccc4)CC3)cccc21,8.1
CHEMBL3884704,O=S(=O)(c1ccccc1)n1ccc2c(N3CCN(CCCCCNCc4ccccc4)CC3)cccc21,8.1
CHEMBL231350,CC(C)Nc1cc2c(cc1NS(=O)(=O)c1ccc(-c3ccc(Cl)cc3)cc1)CCN(C)CC2,8.1
CHEMBL231431,CN1CCc2ccc(NS(=O)(=O)c3ccc(-c4ccc(F)c(Cl)c4)cc3)cc2CC1,8.1
CHEMBL194786,Cc1ccc(S(=O)(=O)n2cc(C3CCN(Cc4ccccc4)C3)c3ccccc32)cc1,8.1
CHEMBL2165529,CN(C)C1CCc2c(c3cc(F)cc(F)c3n2S(=O)(=O)c2ccccc2)C1,8.1
CHEMBL369071,Cc1sc2cc(Cl)cc(Cl)c2c1S(=O)(=O)Nc1ccc2nccc(N3CCNCC3)c2c1,8.1
CHEMBL246916,CC(C)(C)c1cc(N2CCNCC2)c2c(c1)N(S(=O)(=O)c1ccccc1F)CCO2,8.1
CHEMBL1834230,CCN/C(=N\S(=O)(=O)c1cccc(Cl)c1)N1CC(C)C=N1,8.1
CHEMBL1082818,COc1ccc(S(=O)(=O)N2CC(C(=O)N(C)C3CCN(C)CC3)c3ccccc32)c2ccccc12,8.1
CHEMBL3895173,CN[C@H]1c2c(ccc3c2ccn3S(=O)(=O)c2ccccc2)[C@H]1CCO,8.1
CHEMBL3884858,O=S(=O)(c1ccccc1)n1ccc2c(N3CCN(CCCCCNc4c5c(nc6ccccc46)CCCC5)CC3)cccc21,8.1
CHEMBL2165546,CN(C)C1CCc2c(c3cc(Cl)ccc3n2S(=O)(=O)c2ccccc2Br)C1,8.09
CHEMBL1173359,O=S(=O)(c1ccccc1)c1nnn2c1nc(NCC1CCCO1)c1sccc12,8.09
CHEMBL1834238,CCN/C(=N\S(=O)(=O)c1cccc(Cl)c1)N1N=CCC1c1ccco1,8.09
CHEMBL3664755,CN1C2CCC1c1c(n(C)c3ccc(S(=O)(=O)c4ccsc4)cc13)C2,8.09
CHEMBL3639636,Cc1cc(S(=O)(=O)c2cccc(F)c2)cc2c3c(n(C)c12)CC1CCC3N1,8.09
CHEMBL394232,CCN1CCC(n2cc(S(=O)(=O)c3cccc(F)c3)c3cccnc32)C1,8.08
CHEMBL2165553,Cc1ccc(S(=O)(=O)n2c3c(c4ccccc42)CC(N(C)C)CC3)cc1,8.08
CHEMBL2413991,CC(=O)Nc1cc(N2CCNCC2)ccc1S(=O)(=O)c1ccccc1.Cl,8.08
CHEMBL236576,O=S(=O)(c1ccc(F)cc1)c1cn(C2CCNC2)c2ncccc12,8.07
CHEMBL3664745,Cn1c2c(c3cc(S(=O)(=O)c4cc(F)cc(F)c4)ccc31)C1CCC(C2)N1,8.07
CHEMBL1834340,CCN/C(=N\[S+]([O-])c1sc2ccc(Cl)cc2c1C)N1CC(CC)C=N1,8.07
CHEMBL3692978,COc1cc(S(=O)(=O)c2ccc([C@H](C)O)cc2)cc2c3c(oc12)CCNC3,8.07
CHEMBL3787014,CCN/C(=N\S(=O)(=O)c1ccc(NC(C)=O)c(Cl)c1)N1CC(CC)C=N1,8.06
CHEMBL4070284,CN1CCN(Cc2cn(S(=O)(=O)c3ccc(F)cc3)c3ccccc23)CC1,8.06
CHEMBL4064478,CCN1CCN(Cc2cn(S(=O)(=O)c3ccccc3)c3ccc(OC)cc23)CC1,8.06
CHEMBL3696963,N#Cc1cc(S(=O)(=O)c2ccc(Cl)cc2)cc2c3c(oc12)CCNC3,8.06
CHEMBL2165523,CN(C)C1CCc2c(c3ccccc3n2S(=O)(=O)c2ccccc2)C1,8.05
CHEMBL4238479,O=S(=O)(c1cccc2cnccc12)N1CCC[C@@H]1CCN1CCN(c2cccc3sccc23)CC1,8.05
CHEMBL366012,O=S(=O)(c1ccc(Br)s1)n1cc(C2CCN(Cc3ccccc3)C2)c2ccccc21,8.05
CHEMBL3669692,Cn1c2c(c3cc(S(=O)(=O)c4cccc(-n5cccn5)c4)ccc31)C1CCC(C2)N1,8.05
CHEMBL3286581,O=S(=O)(c1ccccc1)n1cc2c3c(cccc31)N1CCNCC1C2,8.05
CHEMBL554369,CN1CCC[C@H]1Cc1c[nH]c2ccccc12.Cl,8.04
CHEMBL401970,CCN(CC)c1ccc(C2(C)C(=O)Nc3cc(Cl)cc(Cl)c3C2=O)cc1,8.04
CHEMBL2165549,CN(C)C1CCc2c(c3ccccc3n2S(=O)(=O)c2ccccc2Cl)C1,8.04
CHEMBL4071816,CC(C)c1ccc(S(=O)(=O)n2cc(CN3CCN(C)CC3)c3c(Cl)cccc32)cc1,8.04
CHEMBL4085949,CN1CCN(Cc2cn(S(=O)(=O)c3ccc(Br)cc3)c3ccc(F)cc23)CC1,8.04
CHEMBL4088249,O=S(=O)(NCCN1CC=C(c2c[nH]c3ccc(Cl)cc23)CC1)c1ccc(F)cc1,8.04
CHEMBL236571,CC(C)N1CCCC(n2cc(S(=O)(=O)c3cccc(Br)c3)c3cccnc32)C1,8.03
CHEMBL556759,Cl.c1ccc(-c2cc(N3CCNCC3)c3ccccc3c2)cc1,8.03
CHEMBL178691,COc1ccc2c(c1)c1c(n2S(=O)(=O)c2ccc(C)cc2)CCCC1CN(C)C,8.03
CHEMBL3664781,Cn1c2c(c3cc(S(=O)(=O)c4cn(-c5ccccc5)c5ccccc45)ccc31)C1CCC(C2)N1,8.03
CHEMBL3692888,O=S(=O)(c1ccccc1)c1cc(-n2cccn2)c2oc3c(c2c1)CNCC3,8.03
CHEMBL1642847,Cl.O=S(=O)(c1cccc2ccccc12)c1n[nH]c2cccc(NCC3CCNCC3)c12,8.02
CHEMBL1082198,O=S(=O)(c1cccc(F)c1)c1cn(C2CCNC2)c2ccc(F)cc12,8.02
CHEMBL3696985,CC(=O)N1CCc2oc3c(Cl)cc(S(=O)(=O)c4ccccc4)cc3c2C1,8.02
CHEMBL4087957,Cc1ccc(S(=O)(=O)n2cc(CN3CCN(C)CC3)c3ccccc32)cc1,8.02
CHEMBL1642888,COc1ccc(S(=O)(=O)c2n[nH]c3ccc(NC4CCNCC4)cc23)cc1.Cl,8.01
CHEMBL3639917,O=S(=O)(c1ccccc1)c1ccc2c3c(oc2c1)CCNC3,8.01
CHEMBL1642877,Cl.O=C(Nc1cccc2c(S(=O)(=O)c3cccc4ccccc34)n[nH]c12)C1CCCNC1,8.01
CHEMBL372569,O=S(=O)(c1cccs1)n1cc(C2CCCNC2)c2ccccc21,8.01
CHEMBL196743,O=S(=O)(c1ccc(C(F)(F)F)cc1)n1cc(C2CCCNC2)c2ccccc21,8.0
CHEMBL238770,CN1C=C(S(=O)(=O)n2cc(CCN)c3ccccc32)SC1N,8.0
CHEMBL246080,O=S(=O)(c1cccc(F)c1)N1CCOc2c(N3CCNCC3)cccc21,8.0
CHEMBL3260798,O=C1CC(c2ccccc2)CN1c1cnc2c(N3CCCNCC3)cccc2c1,8.0
CHEMBL230930,Cc1noc(C)c1-c1ccc(S(=O)(=O)Nc2ccc3c(c2)CCN(C)CC3)cc1,8.0
CHEMBL231249,COc1cc2c(cc1NS(=O)(=O)c1ccc(-c3ccc(Cl)cc3)cc1)CCN(C)CC2,8.0
CHEMBL3959964,CN[C@H]1c2cc3ccn(S(=O)(=O)c4ccccc4)c3cc2[C@H]1CCO,8.0
CHEMBL3884709,CN(CCCCCN1CCN(c2cccc3c2ccn3S(=O)(=O)c2ccccc2)CC1)Cc1ccccc1,8.0
CHEMBL194750,COc1ccc(S(=O)(=O)n2cc(C3CCCNC3)c3ccccc32)cc1,8.0
CHEMBL361892,CN1CCC[C@@H]1Cn1cc(Cc2ccccc2)c2ccccc21.O=C(O)C(=O)O,8.0
CHEMBL60669,COc1ccc(NS(=O)(=O)c2ccccc2)cc1N1CCN(C)CC1,8.0
CHEMBL3692935,O=S(=O)(c1ccc(C2CCO2)cc1)c1cc(Cl)c2oc3c(c2c1)CNCC3,8.0
CHEMBL3884988,O=S(=O)(c1ccccc1)n1ccc2c(N3CCN(CCNc4c5c(nc6ccccc46)CCCC5)CC3)cccc21,8.0
CHEMBL3884867,CN(CCCN1CCN(c2cccc3c2ccn3S(=O)(=O)c2ccccc2)CC1)Cc1ccccc1,8.0
CHEMBL4066532,O=S(=O)(NCCN1CC=C(c2c[nH]c3ccc(Cl)cc23)CC1)c1cccc(Cl)c1,8.0
CHEMBL3260803,O=C1OC(c2cccc(Cl)c2)CN1c1ccc2c(c1)CCNCC2,8.0
CHEMBL3692938,O=S(=O)(c1cc(F)cc(F)c1)c1cc(Cl)c2oc3c(c2c1)CNCC3,8.0
CHEMBL4095555,O=S(=O)(NCCN1CC=C(c2c[nH]c3ccc(Cl)cc23)CC1)c1cccc(F)c1,8.0
CHEMBL3786973,CCN/C(=N\S(=O)(=O)c1ccc(N)cc1)N1CC2(C=N1)CCCC2,8.0
CHEMBL3664744,Cn1c2c(c3cc(S(=O)(=O)c4cc(Cl)cc(Cl)c4)ccc31)C1CCC(C2)N1,8.0
CHEMBL4064995,COc1ccc2c(c1)c(CN1CCN(C)CC1)cn2S(=O)(=O)c1ccc(Br)cc1,7.99
CHEMBL4074058,CN1CCN(Cc2cn(S(=O)(=O)c3ccccc3Br)c3ccccc23)CC1,7.99
CHEMBL2165551,CN(C)C1CCc2c(c3ccccc3n2S(=O)(=O)c2ccccc2F)C1,7.98
CHEMBL3216123,Cc1ccc(S(=O)(=O)n2ccc3c(CN4CCNCC4)cccc32)cc1.Cl.Cl,7.97
CHEMBL1081110,COc1ccc2c(c1)c(S(=O)(=O)c1cccc(F)c1)cn2C1CCCNC1,7.97
CHEMBL237389,CC(C)N1CCCC(n2cc(S(=O)(=O)c3ccc(Cl)cc3)c3cccnc32)C1,7.96
CHEMBL236540,CCN1CCC(n2cc(S(=O)(=O)c3ccccc3)c3cccnc32)C1,7.96
CHEMBL1950765,Cn1c2c(c3cc(S(=O)(=O)c4cccc(O)c4)ccc31)C1CCC(C2)N1,7.96
CHEMBL1949764,Cl.O=S(=O)(c1cccc(Cl)c1)c1ccc2c(c1)O[C@H]1CNCC[C@@H]21,7.96
CHEMBL1949763,Cl.O=S(=O)(c1cccc(F)c1)c1ccc2c(c1)O[C@H]1CNCC[C@@H]21,7.96
CHEMBL1949927,Cl.O=S(=O)(c1cc(F)cc(Cl)c1)c1ccc2c(c1)O[C@H]1CNCC[C@@H]21,7.96
CHEMBL3664742,Cc1ccccc1S(=O)(=O)c1ccc2c(c1)c1c(n2C)CC2CCC1N2,7.96
CHEMBL3659970,CSc1nn2c3c(c(C)nc2c1S(=O)(=O)c1cccc(Cl)c1)CNCC3,7.96
CHEMBL3664738,CC(C)Nc1cccc(S(=O)(=O)c2ccc3c(c2)c2c(n3C)CC3CCC2N3)c1,7.96
CHEMBL3669649,Cn1c2c(c3cc(S(=O)(=O)c4cccc(OCc5ccncc5)c4)ccc31)C1CCC(C2)N1,7.96
CHEMBL3664729,Cn1c2c(c3cc(S(=O)(=O)c4ccc(O)cc4)ccc31)C1CCC(C2)N1,7.96
CHEMBL4248491,O=S(=O)(c1cncc2ccccc12)N1CCC[C@@H]1CCN1CCN(c2cccc3sccc23)CC1,7.96
CHEMBL3798953,CCc1ccc(-c2cc(N3CCN(C)CC3)nc3c2ccn3S(=O)(=O)CC(C)C)cc1,7.96
CHEMBL3696976,Cn1cc(-c2cc(S(=O)(=O)c3ccccc3)cc3c4c(oc23)CCNC4)cn1,7.96
CHEMBL237594,CN1CCCC(n2cc(S(=O)(=O)c3ccc(Cl)cc3)c3cccnc32)C1,7.94
CHEMBL4085003,COc1cccc2c1c(CN1CCN(C)CC1)cn2S(=O)(=O)c1ccc(C(C)C)cc1.Cl.Cl,7.94
CHEMBL4079859,CN1CCN(Cc2cn(S(=O)(=O)c3cccc4ccccc34)c3ccccc23)CC1,7.94
CHEMBL3787525,CCN/C(=N\S(=O)(=O)c1ccc2[nH]ccc2c1)N1CC2(C=N1)CCNCC2,7.94
CHEMBL3884161,O=c1ccc(OCCCN2CCC(c3noc4cc(F)ccc34)CC2)nn1-c1cc(Cl)ccc1Cl,7.93
CHEMBL236976,O=S(=O)(c1ccc(C(F)(F)F)cc1)c1cn(C2CCCNC2)c2ncccc12,7.92
CHEMBL400704,CC(Nc1cc(N2CCN(C)CC2)ccc1[N+](=O)[O-])c1ccccc1,7.92
CHEMBL3692861,[C-]#[N+]c1cccc(S(=O)(=O)c2cc(Cl)c3oc4c(c3c2)CNCC4)c1,7.92
CHEMBL3692902,Clc1cc(Sc2ccccc2)cc2c3c(oc12)CCNC3,7.92
CHEMBL1642870,Cl.O=C(CCN1CCCCC1)Nc1ccc2c(S(=O)(=O)c3cccc4ccccc34)n[nH]c2c1,7.92
CHEMBL3885452,O=S(=O)(c1ccccc1)n1ccc2c(N3CCN(CCNCc4ccccc4)CC3)cccc21,7.92
CHEMBL4204059,CCCCc1cc(-c2ccoc2)nc(N2CCN(C)CC2)n1,7.92
CHEMBL1642862,Cl.NCCNCc1ccc2[nH]nc(S(=O)(=O)c3cccc4ccccc34)c2c1,7.92
CHEMBL3692884,O=S(=O)(c1ccc(CO)cc1)c1cc(Cl)c2oc3c(c2c1)CNCC3,7.92
CHEMBL4066125,CN1CCN(Cc2cn(S(=O)(=O)c3ccccc3Br)c3ccc(F)cc23)CC1,7.92
CHEMBL3800251,Cc1cc(-c2cc(N3CCN(C)CC3)nc3c2ccn3S(=O)(=O)CC(C)C)c(C)s1,7.92
CHEMBL253708,CC1(c2ccc(O)cc2)C(=O)Nc2cc(Cl)cc(Cl)c2C1=O,7.91
CHEMBL2165543,CN(C)C1CCc2c(c3cc(Cl)ccc3n2S(=O)(=O)c2cccc(C(F)(F)F)c2)C1,7.91
CHEMBL2448158,CN(C)C1CCc2c(c3ccccc3n2S(=O)(=O)c2ccc(F)cc2)C1.Cl,7.9
CHEMBL397476,CC(C)c1cc2c(cc1NS(=O)(=O)c1ccc(-c3ccc(Cl)cc3)cc1)CCN(C)CC2,7.9
CHEMBL246077,O=S(=O)(c1ccccc1)N1CCOc2c(N3CCNCC3)cccc21,7.9
CHEMBL3944687,CN(C)[C@@H]1c2cc3ccn(S(=O)(=O)c4ccccc4)c3cc2[C@H]1CCO,7.9
CHEMBL1076583,O=S(=O)(c1ccccc1)c1cn(C2CCCNC2)c2ccccc12,7.89
CHEMBL3692914,O=S(=O)(c1ccc2c(c1)COCC2)c1cc(Cl)c2oc3c(c2c1)CNCC3,7.89
CHEMBL137781,C[C@H]1C[C@@H](C)N1C(=O)[C@@H]1C=C2c3cccc4[nH]cc(c34)CC2N(C)C1,7.89
CHEMBL3664765,Cn1c2c(c3cc(S(=O)(=O)c4ccccc4)cc(F)c31)C1CCC(C2)N1,7.89
CHEMBL3664743,Cn1c2c(c3cc(S(=O)(=O)c4ccc(N)cc4)ccc31)C1CCC(C2)N1,7.89
CHEMBL3692886,O=S(=O)(c1ccccc1)c1cc(CO)c2oc3c(c2c1)CNCC3,7.89
CHEMBL3669647,Cn1c2c(c3cc(S(=O)(=O)c4cccc5ccncc45)ccc31)C1CCC(C2)N1,7.89
CHEMBL3885238,O=S(=O)(c1ccccc1)n1ccc2c(N3CCN(CCNC4CCN(Cc5ccccc5)C4)CC3)cccc21,7.89
CHEMBL4243848,O=S(=O)(c1cccc2ncccc12)N1CCC[C@@H]1CCN1CCN(c2cccc3sccc23)CC1,7.89
CHEMBL4169236,CC(C)c1nc2c(N3CCNCC3)ccnc2n1Cc1cccc(F)c1,7.89
CHEMBL2165567,CNC1CCc2c(c3cc(OC)ccc3n2S(=O)(=O)c2cccc(C(F)(F)F)c2)C1.Cl,7.88
CHEMBL391713,CCN1CCCC(n2cc(S(=O)(=O)c3cc(Cl)cc(Cl)c3)c3cccnc32)C1,7.87
CHEMBL2165556,CSc1ccc2c(c1)c1c(n2S(=O)(=O)c2ccc(C)cc2)CCC(N(C)C)C1,7.86
CHEMBL435524,COc1ccc2c(c1)c1c(n2S(=O)(=O)c2cccc3ccccc23)CCCC1CN(C)C,7.85
CHEMBL380556,O=S(=O)(c1ccccc1Br)n1cc(C2CCN(Cc3ccccc3)C2)c2ccccc21,7.85
CHEMBL1642863,CN(C)CCN(C)Cc1ccc2[nH]nc(S(=O)(=O)c3cccc4ccccc34)c2c1.Cl,7.85
CHEMBL3664736,CN(C)c1cccc(S(=O)(=O)c2ccc3c(c2)c2c(n3C)CC3CCC2N3)c1,7.85
CHEMBL3329455,CC(Nc1ccc2c(c1)CCNCC2)c1ccccc1Cl,7.85
CHEMBL3692918,COCc1ccc(S(=O)(=O)c2cc(Cl)c3oc4c(c3c2)CNCC4)cc1,7.85
CHEMBL3664770,Cn1c2c(c3cc(S(=O)(=O)c4ccccc4)cc(OCc4ccccc4)c31)C1CCC(C2)N1,7.85
CHEMBL3785231,CCN/C(=N\S(=O)(=O)c1ccc(N)cc1)N1CC2(C=N1)CCNCC2,7.85
CHEMBL3664769,CC(C)Oc1cc(S(=O)(=O)c2ccccc2)cc2c3c(n(C)c12)CC1CCC3N1,7.85
CHEMBL3785431,CCN/C(=N\S(=O)(=O)c1ccc(O)c(Cl)c1)N1CC2(C=N1)CCCC2,7.84
CHEMBL1834227,CCCN/C(=N\S(=O)(=O)c1cccc(Cl)c1)N1CC(CC)C=N1,7.84
CHEMBL4101418,COc1cccc2c1c(CN1CCN(C)CC1)cn2S(=O)(=O)c1ccccc1Br.Cl.Cl,7.84
CHEMBL343755,C[C@H]1C[C@H](C)N1C(=O)[C@@H]1C=C2c3cccc4[nH]cc(c34)CC2N(C)C1,7.82
CHEMBL3323289,CN1CCc2ccc(N3C(=O)CSC34C(=O)Nc3ccccc34)cc2CC1,7.82
CHEMBL1076687,O=S(=O)(c1cccc(F)c1)c1cn(C2CCNC2)c2ccc(Cl)cc12,7.82
CHEMBL2165533,COc1ccc2c(c1)c1c(n2S(=O)(=O)c2ccc(Br)cc2)CCC(N(C)C)C1,7.82
CHEMBL380772,O=S(=O)(c1ccc(Cl)c(Cl)c1)n1cc(C2CCN(Cc3ccccc3)C2)c2ccccc21,7.82
CHEMBL1949762,Cl.O=S(=O)(c1ccc2c(c1)O[C@H]1CNCC[C@@H]21)c1ccccc1-c1ccccc1,7.82
CHEMBL3664786,Cn1c2c(c3cc(S(=O)(=O)n4ccc5ccncc54)ccc31)C1CCC(C2)N1,7.82
CHEMBL3260800,O=C1OC(c2ccccc2F)CN1c1ccc2c(c1)CCNCC2,7.82
CHEMBL3799330,CN1CCN(c2cc(-c3ccc(C(F)(F)F)cc3)c3ccn(S(=O)(=O)C4CCCCC4)c3n2)CC1,7.82
CHEMBL3883443,CN(CCN1CCN(c2cccc3c2ccn3S(=O)(=O)c2ccccc2)CC1)Cc1ccccc1,7.82
CHEMBL3664730,Cn1c2c(c3cc(S(=O)(=O)c4ccc(CN)cc4)ccc31)C1CCC(C2)N1,7.82
CHEMBL2165559,CC(C)c1ccc(S(=O)(=O)n2c3c(c4cc(F)ccc42)CC(N(C)C)CC3)cc1,7.81
CHEMBL2165530,CN(C)C1CCc2c(c3ccccc3n2S(=O)(=O)c2ccc(Br)cc2)C1,7.81
CHEMBL4091721,COc1ccc2c(c1)c(CN1CCN(C)CC1)cn2S(=O)(=O)c1ccc(C)cc1,7.81
CHEMBL395525,Cc1cc2c(cc1NS(=O)(=O)c1ccc(-c3ccc(Cl)cc3)cc1)CCN(C)CC2,7.8
CHEMBL3884254,Cl.O=S(=O)(c1ccccc1)n1ccc2c(N3CCN(CCCCNC4CCN(Cc5ccccc5)CC4)CC3)cccc21,7.8
CHEMBL1935597,CC1(C(F)F)NCCc2c1oc1cc(S(=O)(=O)c3cccc(F)c3)ccc21,7.8
CHEMBL2165526,CN(C)C1CCc2c(c3cc(F)ccc3n2S(=O)(=O)c2ccccc2)C1,7.8
CHEMBL3260799,O=C1OC(c2ccccc2)CN1c1ccc2c(c1)CCNCC2,7.8
CHEMBL3217984,CN1CCC2C(C1)c1cccc3c1N2c1ccccc1CS3,7.8
CHEMBL3692871,Cc1cn(S(=O)(=O)c2ccc3oc4c(c3c2)C2CCC(C4)N2)c2ccccc12,7.8
CHEMBL3692949,C[C@H](O)c1ccc(S(=O)(=O)c2cc(Cl)c3oc4c(c3c2)CNCC4)cc1,7.8
CHEMBL1081793,CCN1CCCC(n2cc(S(=O)(=O)c3cccc(F)c3)c3cc(OC)ccc32)C1,7.8
CHEMBL3884154,O=S(=O)(c1ccccc1)n1ccc2c(N3CCN(CCCNCc4ccccc4)CC3)cccc21,7.8
CHEMBL3692842,O=S(=O)(c1cccc(F)c1)c1ccc2oc3c(c2c1)CNCC3,7.8
CHEMBL3692893,CC1Cc2oc3c(Cl)cc(S(=O)(=O)c4ccccc4)cc3c2CN1,7.8
CHEMBL3799638,CC(C)CS(=O)(=O)n1ccc2c(-c3ccccc3)cc(N3CCN(C)CC3)nc21,7.8
CHEMBL4093110,CN1CCN(Cc2cn(S(=O)(=O)c3cccc(Cl)c3)c3ccccc23)CC1,7.79
CHEMBL2165525,CN(C)C1CCc2c(c3cc(Cl)ccc3n2S(=O)(=O)c2ccccc2)C1,7.79
CHEMBL1642858,Cl.NCCNc1cccc2c(S(=O)(=O)c3cccc4ccccc34)n[nH]c12,7.77
CHEMBL1834241,CCN/C(=N\S(=O)(=O)c1cccc(F)c1)N1CC(CC)C=N1,7.77
CHEMBL1642861,Cl.O=S(=O)(c1cccc2ccccc12)c1n[nH]c2c(NCC3CCNCC3)cccc12,7.77
CHEMBL1642854,Cl.NCCNc1ccc2c(S(=O)(=O)c3cccc4ccccc34)n[nH]c2c1,7.77
CHEMBL2165566,CNC1CCc2c(c3ccccc3n2S(=O)(=O)c2cccc(C(F)(F)F)c2)C1.Cl,7.77
CHEMBL1949768,CC(C)Oc1cccc(S(=O)(=O)c2ccc3c(c2)O[C@H]2CNCC[C@@H]32)c1.Cl,7.77
CHEMBL3664790,Cn1c2c(c3cc(S(=O)(=O)c4cccc5cccnc45)ccc31)C1CCC(C2)N1,7.77
CHEMBL3692872,O=S(=O)(c1ccc2oc3c(c2c1)C1CCC(C3)N1)n1ccc2ccc(F)cc21,7.77
CHEMBL3692851,O=S(=O)(c1cc(Cl)cc(Cl)c1)c1ccc2oc3c(c2c1)CNCC3,7.77
CHEMBL3664734,COc1cccc(S(=O)(=O)c2ccc3c(c2)c2c(n3C)CC3CCC2N3)c1,7.77
CHEMBL3664764,CCc1cc(S(=O)(=O)c2ccccc2)cc2c3c(n(C)c12)CC1CCC3N1,7.77
CHEMBL4103877,CN1CCN(Cc2cn(S(=O)(=O)c3ccc(F)cc3)c3ccc(Br)cc23)CC1,7.77
CHEMBL1834339,CCN/C(=N\S(=O)(=O)c1ccc2ccccc2c1)N1CC(CC)C=N1,7.76
CHEMBL4060415,CN1CCN(Cc2cn(S(=O)(=O)c3ccc(F)cc3)c3ccc(Cl)cc23)CC1,7.76
CHEMBL1080331,O=S(=O)(c1cccc(F)c1)c1cn(C2CCNC2)c2cccc(F)c12,7.75
CHEMBL1834228,CCC1C=NN(/C(=N/S(=O)(=O)c2cccc(Cl)c2)NC)C1,7.75
CHEMBL3664752,COc1ccc2c(ccn2S(=O)(=O)c2ccc3c(c2)c2c(n3C)CC3CCC2N3)c1,7.75
CHEMBL593889,CC1=C(C2CCCN(C)C2)c2cc(NS(=O)(=O)c3c(Cl)nc4sccn34)ccc2C1,7.75
CHEMBL1935598,COCC1(C)NCCc2c1oc1cc(S(=O)(=O)c3cccc(F)c3)ccc21,7.75
CHEMBL1082200,O=S(=O)(c1cccc(F)c1)c1cn(C2CCNC2)c2cc(F)ccc12,7.75
CHEMBL519536,CCC(Oc1cccc(C2CCNCC2)c1C)c1cccc(Cl)c1,7.75
CHEMBL1834242,CCN/C(=N\S(=O)(=O)c1cccc(C(F)(F)F)c1)N1CC(CC)C=N1,7.75
CHEMBL3692873,CN1CCc2oc3cc(S(=O)(=O)c4ccccc4)ccc3c2C1,7.75
CHEMBL3696960,N#Cc1cc(S(=O)(=O)c2ccc(F)cc2)cc2c3c(oc12)CCNC3,7.75
CHEMBL4283548,O=C1CCc2cc(CCCCN3CCC(c4noc5cc(F)ccc45)CC3)cc3c2N1CC3,7.75
CHEMBL4245622,O=S(=O)(c1cccc2ncccc12)N1CCC[C@@H]1CCN1CC=C(c2c[nH]c3ccc(Cl)cc23)CC1,7.75
CHEMBL4070850,COc1ccc(S(=O)(=O)n2cc(CN3CCN(C)CC3)c3cc(OC)ccc32)cc1,7.74
CHEMBL2165554,Cc1ccc(S(=O)(=O)n2c3c(c4cc(Cl)ccc42)CC(N(C)C)CC3)cc1,7.74
CHEMBL4074732,COc1cccc2c1c(CN1CCN(C)CC1)cn2S(=O)(=O)c1ccc(F)cc1,7.74
CHEMBL1834240,CCN/C(=N\S(=O)(=O)c1ccc(Cl)cc1)N1CC(CC)C=N1,7.73
CHEMBL3785259,CCN/C(=N\S(=O)(=O)c1cccc(O)c1)N1CC2(C=N1)CCCC2,7.73
CHEMBL4090177,CN1CCN(Cc2cn(S(=O)(=O)c3ccccc3Br)c3ccc(O)cc23)CC1,7.73
CHEMBL1255837,CC(C)[C@@]1(NC(=O)[C@@H]2C[C@@H]3c4cccc5[nH]cc(c45)C[C@H]3N(C)C2)O[C@@]2(O)[C@@H]3CCCN3C(=O)[C@H](Cc3ccccc3)N2C1=O.CS(=O)(=O)O,7.72
CHEMBL3692892,CC(O)Cc1cc(S(=O)(=O)c2ccccc2)cc2c3c(oc12)CCNC3,7.72
CHEMBL3692841,O=S(=O)(c1ccccc1)c1ccc2oc3c(c2c1)CNCC3,7.72
CHEMBL3692923,O=S(=O)(c1ccccc1)c1cc(Cl)c2oc3c(c2c1)CN(CCC(F)(F)F)CC3,7.72
CHEMBL4100818,CN1CCN(Cc2cn(S(=O)(=O)c3cccc(Br)c3)c3ccccc23)CC1,7.72
CHEMBL95504,Cc1c(S(=O)(=O)Nc2ccc3nccc(N4CCN[C@H](C(C)C)C4)c3c2)sc2ccc(Cl)cc12,7.7
CHEMBL3664791,Cn1c2c(c3cc(S(=O)(=O)c4ccc5occc5c4)ccc31)C1CCC(C2)N1,7.7
CHEMBL2163369,COc1ccc(S(=O)(=O)n2c3c(c4cc(OC)ccc42)CC(N(C)C)CC3)cc1,7.7
CHEMBL1084316,CCN(CC)CCNC(=O)C1CN(S(=O)(=O)c2ccc(OC)c3ccccc23)c2ccccc21,7.7
CHEMBL191121,CCOC(=O)c1[nH]c2ccccc2c1CCN,7.7
CHEMBL1085965,CN1CCC(N(C)C(=O)C2CN(S(=O)(=O)c3ccc(OC(F)(F)F)cc3)c3ccccc32)CC1,7.7
CHEMBL3692944,CC(O)c1ccccc1S(=O)(=O)c1cc(Cl)c2oc3c(c2c1)CNCC3,7.7
CHEMBL4070785,CCN1CCN(Cc2cn(S(=O)(=O)c3ccc(F)cc3)c3ccc(OC)cc23)CC1,7.7
CHEMBL3692928,O=S(=O)(c1cncc(Cl)c1)c1cc(Cl)c2oc3c(c2c1)CNCC3,7.7
CHEMBL4161308,CC(C)c1nc2c(N3CCNCC3)ccnc2n1Cc1cccc(Cl)c1,7.7
CHEMBL4090862,Cc1c(CO)oc2cccc3c2c1cn3S(=O)(=O)c1cccc2ccccc12,7.7
CHEMBL4076046,CN1CCN(c2nc(N)nc(Cc3cccc4ccccc34)n2)CC1,7.7
CHEMBL4084492,O=S(=O)(NCCN1CC=C(c2c[nH]c3ccc(Cl)cc23)CC1)c1ccc2ccccc2c1,7.7
CHEMBL2165560,COc1ccc(S(=O)(=O)n2c3c(c4ccccc42)CC(N(C)C)CC3)cc1,7.69
CHEMBL3785864,CCN/C(=N\S(=O)(=O)c1ccc(N)cc1)N1CC(C)(C)C=N1,7.69
CHEMBL1081120,O=S(=O)(c1cccc2ccccc12)c1cn(C2CCCNC2)c2ccccc12,7.68
CHEMBL534698,CCc1cc(N2CCNCC2)c2ccccc2c1.Cl,7.68
CHEMBL1949929,CC(C)Oc1cccc(S(=O)(=O)c2ccc3c(c2)O[C@H]2CNCC[C@@H]32)c1F.Cl,7.68
CHEMBL3669660,COc1cc(S(=O)(=O)c2cncc(Cl)c2)cc2c3c(n(C)c12)CC1CCC3N1,7.68
CHEMBL3692853,O=S(=O)(c1ccc2ccccc2c1)c1ccc2oc3c(c2c1)CNCC3,7.68
CHEMBL4161125,Cc1nc2c(N3CCNCC3)ccnc2n1Cc1cccc(Cl)c1,7.68
CHEMBL3286399,Cc1ccccc1S(=O)(=O)n1cc2c3c(cccc31)N1CCNCC1C2,7.68
CHEMBL1834334,CCN/C(=N\S(=O)(=O)c1cc(Cl)cc(Cl)c1)N1CC(CC)C=N1,7.66
CHEMBL4086515,CN1CCN(c2nc(N)nc(Cc3c[nH]c4ccccc34)n2)CC1,7.66
CHEMBL3664766,Cn1c2c(c3cc(S(=O)(=O)c4ccccc4)cc(Cl)c31)C1CCC(C2)N1,7.66
CHEMBL3664789,Cn1c2c(c3cc(S(=O)(=O)c4cccc5cnccc45)ccc31)C1CCC(C2)N1,7.66
CHEMBL3800539,CC(C)CS(=O)(=O)n1ccc2c(-c3ccc(O)cc3)cc(N3CCN(C)CC3)nc21,7.66
CHEMBL1935600,O=S(=O)(c1cccc(F)c1)c1ccc2c3c(oc2c1)C1(CCOC1)NCC3,7.65
CHEMBL1782360,COc1ccccc1Sc1ccc2c(c1)N1CCNCC1C2,7.64
CHEMBL4246630,O=S(=O)(c1cncc2ccccc12)N1CCC[C@@H]1CCN1CC=C(c2c[nH]c3ccc(Cl)cc23)CC1,7.64
CHEMBL1080380,O=S(=O)(c1cccc2ccccc12)c1cn(C2CCNC2)c2ccccc12,7.63
CHEMBL4082319,CN1CCN(Cc2cn(S(=O)(=O)c3ccccc3Br)c3cccc(Cl)c23)CC1,7.63
CHEMBL1642875,Cl.O=C(CCN1CCCCC1)Nc1cccc2c(S(=O)(=O)c3cccc4ccccc34)n[nH]c12,7.62
CHEMBL3286591,COc1cccc(S(=O)(=O)n2cc3c4c(cccc42)N2CCNCC2C3)c1,7.62
CHEMBL1834234,CCN/C(=N\S(=O)(=O)c1cccc(Cl)c1)N1N=CCC1c1ccccc1,7.62
CHEMBL1642867,Cl.NCCC(=O)Nc1ccc2c(S(=O)(=O)c3cccc4ccccc34)n[nH]c2c1,7.62
CHEMBL1834229,CCC1C=NN(/C(N)=N/S(=O)(=O)c2cccc(Cl)c2)C1,7.62
CHEMBL3669644,Cn1c2c(c3cc(S(=O)(=O)n4c5c(c6ccccc64)CCC5)ccc31)C1CCC(C2)N1,7.62
CHEMBL3286582,Cc1cccc(S(=O)(=O)n2cc3c4c(cccc42)N2CCNCC2C3)c1,7.62
CHEMBL3696983,Clc1cc(Cc2ccccc2)cc2c3c(oc12)CCNC3,7.62
CHEMBL3799547,CC(C)CS(=O)(=O)n1ccc2c(-c3ccccc3C(F)(F)F)cc(N3CCN(C)CC3)nc21,7.62
CHEMBL2165536,COc1ccc2c(c1)c1c(n2S(=O)(=O)c2ccc(F)cc2)CCC(N(C)C)C1,7.61
CHEMBL231640,CN1CCc2ccc(NS(=O)(=O)c3ccc(-c4ccc(C#N)cc4)cc3)cc2CC1,7.6
CHEMBL1085835,COc1ccc(S(=O)(=O)N2CC(C(=O)NC3CCN(C)CC3)c3ccccc32)c2ccccc12,7.6
CHEMBL388247,CCCCc1ccc(S(=O)(=O)Nc2ccc3c(c2)CNCC3)cc1,7.6
CHEMBL196524,O=S(=O)(c1ccc2ccccc2c1)n1ccc2c(N3CCNCC3)c(Cl)ccc21,7.6
CHEMBL366248,O=S(=O)(c1ccccc1)c1c[nH]c2c(N3CCNCC3)nccc12,7.6
CHEMBL2165537,CSc1ccc2c(c1)c1c(n2S(=O)(=O)c2ccc(F)cc2)CCC(N(C)C)C1,7.6
CHEMBL1083909,CN1CCC(N(C)C(=O)C2CN(S(=O)(=O)c3ccc(C(F)(F)F)cc3)c3ccccc32)CC1,7.6
CHEMBL1083297,CN1CCC(N(C)C(=O)C2CN(S(=O)(=O)c3cccc(C(F)(F)F)c3)c3ccccc32)CC1,7.6
CHEMBL1085351,CN1CCC(N(C)C(=O)C2CN(S(=O)(=O)c3ccc4ccccc4c3)c3ccccc32)CC1,7.6
CHEMBL95628,O=S(=O)(Nc1ccc2nccc(N3CCNCC3)c2c1)c1cc(Cl)cc(Cl)c1,7.6
CHEMBL3692951,CC(C)(O)c1ccccc1S(=O)(=O)c1cc(Cl)c2oc3c(c2c1)CNCC3,7.6
CHEMBL1085112,O=S(=O)(c1ccccc1)c1ccc2c(c1)CCCC2CNc1ncccn1,7.6
CHEMBL4095670,COc1ccc(S(=O)(=O)n2cc(CN3CCN(C)CC3)c3ccccc32)cc1,7.6
CHEMBL3787508,CCN/C(=N\S(=O)(=O)c1ccc2c(c1)CCN2)N1CC2(C=N1)CCCC2,7.6
CHEMBL3908917,CN[C@@H]1c2ccc3c(ccn3S(=O)(=O)c3ccccc3)c2[C@@H]1CCO,7.6
CHEMBL3286590,COc1ccccc1S(=O)(=O)n1cc2c3c(cccc31)N1CCNCC1C2,7.59
CHEMBL1834332,CCN/C(=N\S(=O)(=O)c1cccc(OC)c1)N1CC(CC)C=N1,7.58
CHEMBL573981,CN1CCOc2ccc(S(=O)(=O)Nc3ccc4c(c3)/C(=N/NC(=N)N)CC4)cc21.Cl,7.58
CHEMBL3692929,O=S(=O)(c1cccnc1)c1cc(Cl)c2oc3c(c2c1)CNCC3,7.58
CHEMBL1173209,CC12CC3CC(C)(C1)CC(Nc1nc4c(S(=O)(=O)c5ccccc5)nnn4c4ccsc14)(C3)C2,7.58
CHEMBL4172073,Cc1cccc(Cn2c(C)nc3c(N4CCNCC4)ccnc32)c1,7.58
CHEMBL3692913,O=S(=O)(c1ccc(-n2cccn2)cc1)c1cc(Cl)c2oc3c(c2c1)CNCC3,7.58
CHEMBL1642874,CCN(CC)CCC(=O)Nc1cccc2c(S(=O)(=O)c3cccc4ccccc34)n[nH]c12.Cl,7.57
CHEMBL3692895,CC1(C)NCCc2oc3c(Cl)cc(S(=O)(=O)c4ccccc4)cc3c21,7.57
CHEMBL1834221,CCN/C(=N\S(=O)(=O)c1ccccc1Cl)N1CC(CC)C=N1,7.56
CHEMBL1834243,CCN/C(=N\S(=O)(=O)c1cccc(C)c1)N1CC(CC)C=N1,7.56
CHEMBL4063362,CC(C)c1ccc(S(=O)(=O)n2cc(CN3CCN(C)CC3)c3cc(Br)ccc32)cc1,7.56
CHEMBL3692889,O=S(=O)(c1ccccc1)c1cc(-c2cn[nH]c2)c2oc3c(c2c1)CNCC3,7.55
CHEMBL1949773,Cl.O=S(=O)(c1cc(F)cc(F)c1)c1ccc2c(c1)O[C@H]1CNCC[C@@H]21,7.55
CHEMBL253095,CCNc1ccc(C2(C)C(=O)Nc3cc(Cl)cc(Cl)c3C2=O)cc1,7.55
CHEMBL1642876,Cl.O=C(Nc1cccc2c(S(=O)(=O)c3cccc4ccccc34)n[nH]c12)C1CCNCC1,7.55
CHEMBL4060194,CCN(CC)Cc1cc2cn(S(=O)(=O)c3ccccc3)c3cccc(o1)c23,7.55
CHEMBL4074234,CN1CCN(Cc2cn(S(=O)(=O)c3ccc(Cl)cc3Cl)c3ccccc23)CC1,7.55
CHEMBL4104479,CN1CCN(c2nc(N)nc(Cc3cccc(Cl)c3)n2)CC1,7.55
CHEMBL3286586,O=S(=O)(c1ccc(F)cc1)n1cc2c3c(cccc31)N1CCNCC1C2,7.54
CHEMBL3692930,O=S(=O)(c1cncc(C(F)(F)F)c1)c1cc(Cl)c2oc3c(c2c1)CNCC3,7.54
CHEMBL2165565,CN(C)C1CCc2c(c3cc(Br)ccc3n2S(=O)(=O)c2ccc(F)c(F)c2)C1,7.54
CHEMBL2165561,COc1ccc(S(=O)(=O)n2c3c(c4cc(Br)ccc42)CC(N(C)C)CC3)cc1,7.54
CHEMBL433765,CN1CCC[C@H]1Cn1cc(Cc2ccccc2)c2ccccc21.O=C(O)C(=O)O,7.54
CHEMBL4090168,CN1CCN(Cc2cn(S(=O)(=O)c3ccc(F)cc3Cl)c3ccccc23)CC1,7.54
CHEMBL3786087,CCN/C(=N\S(=O)(=O)c1ccc2[nH]ncc2c1)N1CC2(C=N1)CCCC2,7.54
CHEMBL4068056,COc1ccc2c(c1)c(CN1CCN(C)CC1)c(Cl)n2S(=O)(=O)c1ccc(C(C)C)cc1,7.53
CHEMBL4059662,COc1cccc(S(=O)(=O)n2cc(CN3CCN(C)CC3)c3ccccc32)c1,7.53
CHEMBL4290311,O=C1CCc2cc(C(O)CCCCN3CCC(c4noc5cc(F)ccc45)CC3)cc3c2N1CC3,7.53
CHEMBL404352,CC1(c2cccc(O)c2)C(=O)Nc2cc(Cl)cc(Cl)c2C1=O,7.52
CHEMBL1642859,Cl.O=S(=O)(c1cccc2ccccc12)c1n[nH]c2c(NC3CCNCC3)cccc12,7.52
CHEMBL2413988,CN(C)c1cc(N2CCNCC2)ccc1S(=O)(=O)c1ccccc1.Cl,7.52
CHEMBL4080312,Cc1cccc(Cc2nc(N)nc(N3CCN(C)CC3)n2)c1,7.52
CHEMBL4080399,O=S(=O)(NCCCN1CC=C(c2c[nH]c3ccc(Cl)cc23)CC1)c1cccc(O)c1,7.52
CHEMBL4090395,CN1CCN(Cc2cn(S(=O)(=O)c3ccc(F)cc3F)c3ccccc23)CC1,7.52
CHEMBL4160888,CCC(CC)c1nc2c(N3CCNCC3)ccnc2n1Cc1cccc(Cl)c1,7.52
CHEMBL1642871,Cl.O=C(Nc1ccc2c(S(=O)(=O)c3cccc4ccccc34)n[nH]c2c1)C1CCNCC1,7.51
CHEMBL3692869,O=S(=O)(c1cccc(Cl)c1)c1ccc2oc3c(c2c1)C1CCC(C3)N1,7.51
CHEMBL4098815,CN1CCN(Cc2cn(S(=O)(=O)c3ccc(F)cc3)c3cccc(Cl)c23)CC1,7.51
CHEMBL95285,Cc1c(S(=O)(=O)Nc2ccc3nccc(N4C[C@@H](C)NC[C@@H]4C)c3c2)sc2ccc(Cl)cc12,7.5
CHEMBL231349,CC(C)Oc1cc2c(cc1NS(=O)(=O)c1ccc(-c3ccc(Cl)cc3)cc1)CCN(C)CC2,7.5
CHEMBL1949760,Cl.O=S(=O)(c1ccc2c(c1)O[C@H]1CNCC[C@@H]21)c1ccccc1F,7.5
CHEMBL1950772,Cn1c2c(c3cc(S(=O)(=O)n4cccc4)ccc31)C1CCC(C2)N1,7.5
CHEMBL1084483,CN1CCC(N(C)C(=O)C2CN(S(=O)(=O)c3cccc(-c4ccccc4)c3)c3ccccc32)CC1,7.5
CHEMBL1082494,COc1ccc(S(=O)(=O)N2CC(C(=O)NC3CC4CCC(C3)N4C)c3ccccc32)c2ccccc12,7.5
CHEMBL3787246,CCN/C(=N\S(=O)(=O)c1ccc2cc[nH]c2c1)N1CC(CC)C=N1,7.5
CHEMBL1085352,CN1CCC(N(C)C(=O)C2CN(S(=O)(=O)C3=CC4CCOC4C=C3)c3ccccc32)CC1,7.5
CHEMBL1083122,COc1ccc(S(=O)(=O)N2CC(C(=O)NCCCN3CCOCC3)c3ccccc32)c2ccccc12,7.5
CHEMBL1082485,CN1CCC(N(C)C(=O)C2CN(S(=O)(=O)c3cccc4ccccc34)c3ccccc32)CC1,7.5
CHEMBL4103397,CN1CCN(c2nc(N)nc(Cc3ccc(Cl)c(Cl)c3)n2)CC1,7.5
CHEMBL2165555,Cc1ccc(S(=O)(=O)n2c3c(c4cc(F)ccc42)CC(N(C)C)CC3)cc1,7.49
CHEMBL479,CSc1ccc2c(c1)N(CCC1CCCCN1C)c1ccccc1S2,7.48
CHEMBL237179,CCN1CCCC(n2cc(S(=O)(=O)c3ccc(Cl)cc3)c3cccnc32)C1,7.48
CHEMBL2165535,CN(C)C1CCc2c(c3cc(F)ccc3n2S(=O)(=O)c2ccc(F)cc2)C1,7.48
CHEMBL4170187,Clc1cccc(Cn2cnc3c(N4CCNCC4)ccnc32)c1,7.48
CHEMBL1834225,CCN/C(=N\S(=O)(=O)c1ccccc1)N1CC(CC)C=N1,7.47
CHEMBL3692879,O=S(=O)(c1ccc2c3c(oc2c1)CC1CCC3N1)n1ccc2ccccc21,7.47
CHEMBL4078873,Cc1cccc(S(=O)(=O)NCCN2CC=C(c3c[nH]c4ccc(F)cc34)CC2)c1,7.47
CHEMBL180945,O=C(O)C(=O)O.c1ccc(Cc2ccc(N3CCNCC3)c3ccccc23)cc1,7.46
CHEMBL1950766,Cn1c2c(c3cc(S(=O)(=O)c4cccc(C#N)c4)ccc31)C1CCC(C2)N1,7.46
CHEMBL4097893,CN1CCN(Cc2cn(S(=O)(=O)c3ccc(F)cc3)c3ccc(O)cc23)CC1.Cl.Cl,7.46
CHEMBL4085802,O=S(=O)(NCCN1CC=C(c2c[nH]c3ccc(Cl)cc23)CC1)c1ccc(Cl)cc1,7.46
CHEMBL3664735,[C-]#[N+]c1cccc(S(=O)(=O)c2ccc3c(c2)c2c(n3C)CC3CCC2N3)c1,7.46
CHEMBL4078912,CN1CCN(Cc2cn(S(=O)(=O)c3ccccc3)c3cc(Cl)ccc23)CC1,7.45
CHEMBL3883432,O=S(=O)(c1ccccc1)n1ccc2c(N3CCN(CCCCCCCCNc4c5c(nc6ccccc46)CCCC5)CC3)cccc21,7.44
CHEMBL4066047,COc1ccc2c(CN3CCN(C)CC3)cn(S(=O)(=O)c3ccc(C(C)C)cc3)c2c1,7.44
CHEMBL3797293,CC(C)CS(=O)(=O)n1ccc2c(-c3cccnc3)cc(N3CCN(C)CC3)nc21,7.44
CHEMBL4062233,CC(C)Oc1ccc2c(c1)c(CN1CCN(C)CC1)cn2S(=O)(=O)c1ccccc1Br,7.44
CHEMBL3884690,O=S(=O)(c1ccccc1)n1ccc2c(N3CCN(CCCCCCCNc4c5c(nc6ccccc46)CCCC5)CC3)cccc21,7.44
CHEMBL4088416,O=S(=O)(c1ccccc1)n1cc2cc(CO)oc3cccc1c23,7.44
CHEMBL4077040,Cc1cccc(S(=O)(=O)NCCCN2CC=C(c3c[nH]c4ccc(Cl)cc34)CC2)c1,7.44
CHEMBL4165620,CCc1nc2c(N3CCNCC3)ccnc2n1Cc1ccccc1,7.44
CHEMBL1950761,Cn1c2c(c3cc(S(=O)(=O)c4ccc(Cl)cc4)ccc31)C1CCC(C2)N1,7.43
CHEMBL1949765,Cc1cccc(S(=O)(=O)c2ccc3c(c2)O[C@H]2CNCC[C@@H]32)c1.Cl,7.43
CHEMBL3692933,Cn1ncc2cc(S(=O)(=O)c3cc(Cl)c4oc5c(c4c3)CNCC5)ccc21,7.43
CHEMBL3664741,Cn1c2c(c3cc(S(=O)(=O)c4ccc5ccccc5c4)ccc31)C1CCC(C2)N1,7.43
CHEMBL1949761,Cl.O=S(=O)(c1ccc2c(c1)O[C@H]1CNCC[C@@H]21)c1ccccc1Cl,7.42
CHEMBL3692848,Cc1ccc(S(=O)(=O)c2ccc3oc4c(c3c2)CNCC4)cc1,7.42
CHEMBL3692845,O=S(=O)(c1ccc(Cl)cc1)c1ccc2oc3c(c2c1)CNCC3,7.42
CHEMBL4242858,O=S(=O)(c1cccc2ncccc12)N1CCC[C@@H]1CCN1CCN(c2nsc3ccccc23)CC1,7.42
CHEMBL4083959,COc1ccc2c(c1)c(CN1CCN(C)CC1)cn2S(=O)(=O)c1ccc(OC(F)(F)F)cc1,7.42
CHEMBL3883620,O=S(=O)(c1ccccc1)n1ccc2c(N3CCN(CCNC4CCN(Cc5ccccc5)CC4)CC3)cccc21,7.41
CHEMBL2163740,COc1ccc2c(c1)c1c(n2S(=O)(=O)c2cccc(C(F)(F)F)c2)CCC(N)C1.Cl,7.41
CHEMBL3669648,Cn1c2c(c3cc(S(=O)(=O)c4ccnc5ccccc45)ccc31)C1CCC(C2)N1,7.41
CHEMBL247120,Cc1cc(N2CC(C)NC(C)C2)c2c(c1)N(S(=O)(=O)c1ccc(Cl)cc1)CCO2,7.4
CHEMBL191415,COc1cc(N)cc(NS(=O)(=O)c2ccc(N)cc2)c1,7.4
CHEMBL3916787,CN(C)[C@H]1c2cc3ccn(S(=O)(=O)c4ccccc4)c3cc2[C@H]1CCO,7.4
CHEMBL6437,CN1CCN2c3ccccc3Cc3ccccc3C2C1,7.4
CHEMBL3692849,Nc1ccc(S(=O)(=O)c2ccc3oc4c(c3c2)CNCC4)cc1,7.4
CHEMBL4239091,O=S(=O)(c1cccc2cnccc12)N1CCC[C@@H]1CCN1CCN(c2nsc3ccccc23)CC1,7.4
CHEMBL4238679,O=S(=O)(c1cncc2ccccc12)N1CCC[C@@H]1CCN1CCN(c2nsc3ccccc23)CC1,7.4
CHEMBL2165531,CN(C)C1CCc2c(c3cc(Cl)ccc3n2S(=O)(=O)c2ccc(Br)cc2)C1,7.39
CHEMBL4171504,CCC(CC)c1nc2c(N3CCNCC3)ccnc2n1Cc1cccc(C)c1,7.38
CHEMBL4160798,CCc1nc2c(N3CCNCC3)ccnc2n1CCc1cccc(Cl)c1,7.38
CHEMBL23965,CNc1cc(S(=O)(=O)Nc2ccc(N)cc2)cc(Br)n1,7.37
CHEMBL3692844,O=S(=O)(c1ccc(F)cc1)c1ccc2oc3c(c2c1)CNCC3,7.37
CHEMBL3696958,O=S(=O)(c1ccc(F)cc1)c1cc(F)c2oc3c(c2c1)CNCC3,7.36
CHEMBL3664747,Cn1c2c(c3cc(S(=O)(=O)c4cncc(Cl)c4)ccc31)C1CCC(C2)N1,7.36
CHEMBL2165532,CN(C)C1CCc2c(c3cc(F)ccc3n2S(=O)(=O)c2ccc(Br)cc2)C1,7.36
CHEMBL1642857,Cl.O=S(=O)(c1cccc2ccccc12)c1n[nH]c2cc(NCC3CCNCC3)ccc12,7.36
CHEMBL372033,Cc1c(S(=O)(=O)n2cc(C3CCCNC3)c3ccccc32)sc2ccc(Cl)cc12,7.36
CHEMBL1642868,CN(C)CCC(=O)Nc1ccc2c(S(=O)(=O)c3cccc4ccccc34)n[nH]c2c1.Cl,7.36
CHEMBL3669667,Cn1c2c(c3cc(S(=O)(=O)c4ccccc4)cc(OCCO)c31)C1CCC(C2)N1,7.36
CHEMBL3664728,COc1ccc(S(=O)(=O)c2ccc3c(c2)c2c(n3C)CC3CCC2N3)cc1,7.36
CHEMBL3692956,CN(C)C(=O)CN1CCc2oc3c(Cl)cc(S(=O)(=O)c4ccccc4)cc3c2C1,7.35
CHEMBL4129259,O=S(=O)(c1cccc(F)c1)n1cc(C2=CCNCC2)c2ccc3cccnc3c21,7.35
CHEMBL4250475,O=S(=O)(c1cccc2ncccc12)N1CCC[C@@H]1CCN1CCC(c2noc3cc(F)ccc23)CC1,7.35
CHEMBL188285,O=C(O)C(=O)O.O=S(=O)(c1ccccc1)n1cc(C[C@@H]2CCCN2)c2ccccc21,7.34
CHEMBL3664726,Cn1c2c(c3cc(S(=O)(=O)c4ccc(C(F)(F)F)cc4)ccc31)C1CCC(C2)N1,7.34
CHEMBL4104216,O=S(=O)(NCCN1CC=C(c2c[nH]c3ccc(Cl)cc23)CC1)c1cccc2ccccc12,7.34
CHEMBL368294,COc1ccc(S(=O)(=O)n2c3c(c4cc(OC)ccc42)C(CN(C)C)CCC3)cc1,7.33
CHEMBL3696979,O=S(=O)(c1ccccc1)c1cc(N2CCOCC2)c2oc3c(c2c1)CNCC3,7.33
CHEMBL3260801,O=C1OC(c2ccccc2Cl)CN1c1ccc2c(c1)CCNCC2,7.33
CHEMBL3286588,O=S(=O)(C1=CC=C=C=C1)n1cc2c3c(cccc31)N1CCNCC1C2,7.33
CHEMBL3260792,O=C1CC(c2ccccc2)CN1c1cccc(N2CCNCC2)n1,7.32
CHEMBL3669638,Cn1c2c(c3cc(S(=O)(=O)c4cccc(-c5ccncc5)c4)ccc31)C1CCC(C2)N1,7.32
CHEMBL1949766,Cl.O=S(=O)(c1cccc(C(F)(F)F)c1)c1ccc2c(c1)O[C@H]1CNCC[C@@H]21,7.32
CHEMBL3786703,CCN/C(=N\S(=O)(=O)c1cc(Cl)cc(OC)c1)N1CC2(C=N1)CCCC2,7.32
CHEMBL3798840,CC(C)CS(=O)(=O)n1ccc2c(-c3cccc(C(F)(F)F)c3)cc(N3CCN(C)CC3)nc21,7.32
CHEMBL2113365,Cl.Nc1ccc(S(=O)(=O)n2c3ccccc3c3ccccc32)cc1,7.31
CHEMBL1949677,CC(C)Oc1cc(F)cc(S(=O)(=O)c2ccc3c(c2)O[C@H]2CNCC[C@@H]32)c1.Cl,7.31
CHEMBL4126633,O=S(=O)(c1cccc(Cl)c1)n1cc(C2=CCNCC2)c2ccc3cccnc3c21,7.31
CHEMBL4063897,NC1CCc2c(cccc2NS(=O)(=O)c2ccccc2)C1,7.31
CHEMBL2112882,CC(C)C[C@H]1C(=O)N[C@@H](Cc2ccccc2)[C@]2(O)O[C@@](C)(NC(=O)[C@@H]3C=C4c5cccc6[nH]cc(c56)C[C@H]4N(C)C3)C(=O)N12,7.3
CHEMBL231326,CCCCc1ccc(S(=O)(=O)Nc2ccc3c(c2)CNC3)cc1,7.3
CHEMBL415464,Nc1ccc(S(=O)(=O)c2cc(Br)nc(Br)c2)cc1,7.3
CHEMBL1782358,Cc1cccc(Sc2ccc3c(c2)N2CCNCC2C3)c1,7.3
CHEMBL1085353,CN1CCC(N(C)C(=O)C2CN(S(=O)(=O)c3ccc4c(c3)OCCO4)c3ccccc32)CC1,7.3
CHEMBL231648,CN1CCc2cc(Cl)c(NS(=O)(=O)c3ccc(-c4ccc(Cl)cc4)cc3)cc2CC1,7.3
CHEMBL3889852,O=S(=O)(c1ccccc1)n1ccc2c3c(ccc21)[C@H]1CCNCC[C@@H]31,7.3
CHEMBL1085836,COc1ccc(S(=O)(=O)N2CC(C(=O)NC3CCN(Cc4ccccc4)CC3)c3ccccc32)c2ccccc12,7.3
CHEMBL231546,CN1CCc2cc(Br)c(NS(=O)(=O)c3ccc(-c4ccc(Cl)cc4)cc3)cc2CC1,7.3
CHEMBL3696959,N#Cc1cc(S(=O)(=O)c2cc(F)cc(F)c2)cc2c3c(oc12)CCNC3,7.3
CHEMBL4079871,CC(C)c1ccc(S(=O)(=O)n2cc(CN3CCN(C)CC3)c3cc(O)ccc32)cc1.Cl.Cl,7.3
CHEMBL1950770,Cn1c2c(c3cc(S(=O)(=O)c4ccsc4)ccc31)C1CCC(C2)N1,7.29
CHEMBL3669672,Cn1c2c(c3cc(S(=O)(=O)c4ccccc4)cc(N4CCCC4)c31)C1CCC(C2)N1,7.28
CHEMBL1642855,Cl.O=S(=O)(c1cccc2ccccc12)c1n[nH]c2cc(NC3CCNCC3)ccc12,7.28
CHEMBL1950754,CCn1c2c(c3cc(S(=O)(=O)c4ccccc4)ccc31)C1CCC(C2)N1,7.28
CHEMBL3692868,O=S(=O)(c1cccc(C(F)(F)F)c1)c1ccc2oc3c(c2c1)C1CCC(C3)N1,7.28
CHEMBL4096141,Cc1c(CO)oc2cccc3c2c1cn3S(=O)(=O)c1ccccc1,7.28
CHEMBL4075727,CN1CCN(c2nc(N)nc(Cc3ccc(Cl)cc3)n2)CC1,7.28
CHEMBL3260785,O=C1CC(c2ccccc2)CN1c1ccc2c(c1)CCNCC2,7.27
CHEMBL180298,Brc1ccc(N2CCNCC2)c2ccccc12.O=C(O)C(=O)O,7.27
CHEMBL1950753,O=S(=O)(c1ccccc1)c1ccc2[nH]c3c(c2c1)C1CCC(C3)N1,7.27
CHEMBL3800153,CN1CCN(c2cc(-c3ccc(C(F)(F)F)cc3)c3ccn(S(C)(=O)=O)c3n2)CC1,7.27
CHEMBL542806,Br.Br.CNc1cc(NS(=O)(=O)c2ccc(N)cc2)nc(NC)n1,7.26
CHEMBL254298,CC1(c2ccccc2)C(=O)Nc2cc(Cl)cc(Cl)c2C1=O,7.26
CHEMBL3260796,O=C1CC(c2ccccc2)CN1c1ccc2c(N3CCNCC3)ccnc2c1,7.26
CHEMBL3696971,CC(C)(O)c1cc(S(=O)(=O)c2ccccc2)cc2c3c(oc12)CCNC3,7.26
CHEMBL4077077,CN1CCN(c2nc(N)nc(Cc3ccccc3Cl)n2)CC1,7.25
CHEMBL4095446,Cc1c(CN2CCN(C)CC2)c2ccccc2n1S(=O)(=O)c1ccc(F)cc1,7.25
CHEMBL4174854,CCc1nc2c(N3CCNCC3)ccnc2n1CCc1cccc(F)c1,7.25
CHEMBL360663,O=C(O)C(=O)O.O=C(c1ccccc1)c1ccc(N2CCNCC2)c2ccccc12,7.24
CHEMBL1642856,Cl.O=S(=O)(c1cccc2ccccc12)c1n[nH]c2cc(NC3CCCNC3)ccc12,7.24
CHEMBL2165521,NC1CCc2[nH]c3ccc(S(=O)(=O)c4ccccc4)cc3c2C1,7.24
CHEMBL4172424,CCc1nc2c(N3CCNCC3)ccnc2n1Cc1cc(F)ccc1F,7.24
CHEMBL4085349,CN1CCN(Cc2cn(S(=O)(=O)c3cccc(F)c3)c3ccccc23)CC1,7.24
CHEMBL3329444,N=C(N)CCC1CCCc2cc(S(=O)(=O)c3ccccc3)ccc21,7.23
CHEMBL1950758,Cn1c2c(c3cc(S(=O)(=O)c4ccc(F)cc4)ccc31)C1CCC(C2)N1,7.22
CHEMBL539589,Cl.c1ccc2c(C[C@H]3CCCN3)c[nH]c2c1,7.22
CHEMBL3696978,Cn1ccc(-c2cc(S(=O)(=O)c3ccccc3)cc3c4c(oc23)CCNC4)n1,7.22
CHEMBL4250244,O=S(=O)(c1cncc2ccccc12)N1CCC[C@H]1CCN1CC=C(c2c[nH]c3ccc(Cl)cc23)CC1,7.22
CHEMBL4060649,Cc1cccc(S(=O)(=O)NCCCN2CC=C(c3c[nH]c4ccc(F)cc34)CC2)c1,7.22
CHEMBL4103190,CN1CCN(Cc2cn(S(=O)(=O)c3ccc(Br)cc3)c3cc(Cl)ccc23)CC1,7.22
CHEMBL574856,Cl.N=C(N)N/N=C1\CCc2ccc(NS(=O)(=O)c3ccc4ccccc4c3)cc21,7.21
CHEMBL138989,C[C@@H]1C[C@@H](C)N1C(=O)[C@@H]1C=C2c3cccc4[nH]cc(c34)CC2N(C)C1,7.21
CHEMBL2165564,CN(C)C1CCc2c(c3cc(Br)ccc3n2S(=O)(=O)c2ccc(F)c(F)c2F)C1,7.21
CHEMBL4169050,Cc1nc2c(N3CCNCC3)ccnc2n1Cc1cccc(C(F)(F)F)c1,7.21
CHEMBL4128013,O=S(=O)(c1cccc(Br)c1)n1cc(C2=CCNCC2)c2ccc3cccnc3c21,7.21
CHEMBL4173960,CC(C)c1nc2c(N3CCNCC3)ccnc2n1Cc1ccccc1F,7.21
CHEMBL124971,COc1ccc2c(c1)C(CCN(C)C)CN2S(=O)(=O)c1ccccc1,7.2
CHEMBL62594,COc1ccc(NS(=O)(=O)c2cccc(C#N)c2)cc1N1CCN(C)CC1,7.2
CHEMBL1084614,COc1cccc(N2CCN(C(=O)C3CN(S(=O)(=O)c4ccc(OC)c5ccccc45)c4ccccc43)CC2)c1,7.2
CHEMBL190594,Cc1c(S(=O)(=O)Nc2cccc3c2ccn3CCN)sc2ccc(Cl)cc12,7.2
CHEMBL190521,Nc1ccc(S(=O)(=O)Nc2cccc3[nH]ccc23)cc1,7.2
CHEMBL1082765,Cc1c(S(=O)(=O)N2CC(C(=O)N(C)C3CCN(C)CC3)c3ccccc32)sc2ccc(Cl)cc12,7.2
CHEMBL2377590,O=C1CC(c2c[nH]c3ccccc23)C(=O)N1CCCCN1CCC(c2c[nH]c3ccc(F)cc23)CC1,7.2
CHEMBL556760,Cl.O=S(=O)(c1ccc(NO)cc1)c1cccc2ccccc12,7.2
CHEMBL435534,CN(C)CC1CCCc2c1c1ccccc1n2Cc1ccccc1,7.19
CHEMBL1949772,Cc1ccc(S(=O)(=O)c2ccc3c(c2)O[C@H]2CNCC[C@@H]32)cc1.Cl,7.19
CHEMBL1642869,CCN(CC)CCC(=O)Nc1ccc2c(S(=O)(=O)c3cccc4ccccc34)n[nH]c2c1.Cl,7.19
CHEMBL4098120,CN1CCN(Cc2cn(S(=O)(=O)c3c(F)cccc3F)c3ccccc23)CC1,7.19
CHEMBL4079397,Cc1ccc(Cc2nc(N)nc(N3CCN(C)CC3)n2)cc1,7.19
CHEMBL3664795,COCCn1ccc2cc(S(=O)(=O)c3ccc4c(c3)c3c(n4C)CC4CCC3N4)ccc21,7.19
CHEMBL3696980,O=S(=O)(c1ccccc1)c1cc(Cn2ccnc2)c2oc3c(c2c1)CNCC3,7.19
CHEMBL4097882,Cc1ccc(C)c(S(=O)(=O)n2cc(CN3CCN(C)CC3)c3ccccc32)c1,7.19
CHEMBL4059916,CN1CCN(c2nc(N)nc(Cc3cccc(F)c3)n2)CC1,7.19
CHEMBL1642860,Cl.O=S(=O)(c1cccc2ccccc12)c1n[nH]c2c(NC3CCCNC3)cccc12,7.18
CHEMBL3692953,CN(C)CC(=O)N1CCc2oc3c(Cl)cc(S(=O)(=O)c4ccccc4)cc3c2C1,7.18
CHEMBL1081792,COc1ccc2c(c1)c(S(=O)(=O)c1cccc(F)c1)cn2C1CCCN(C)C1,7.17
CHEMBL3360997,Cl.Cn1c(=O)c2c(ncn2CCCCN2CCN(c3cccc(Cl)c3Cl)CC2)n(C)c1=O,7.17
CHEMBL4071451,O=S(=O)(NCCN1CC=C(c2c[nH]c3ccc(F)cc23)CC1)c1ccc2ccccc2c1,7.17
CHEMBL3260790,O=C1CC(c2ccccc2)CN1c1cccc(C2CCNCC2)c1,7.16
CHEMBL3752900,C=CCN(CC=C)CCc1c[nH]c2ccc(Cl)cc12,7.16
CHEMBL3669666,Cn1c2c(c3cc(S(=O)(=O)c4ccccc4)cc(OC(F)(F)F)c31)C1CCC(C2)N1,7.16
CHEMBL1423,O=c1[nH]c2ccccc2n1C1CCN(CCCC(c2ccc(F)cc2)c2ccc(F)cc2)CC1,7.15
CHEMBL2165563,CN(C)C1CCc2c(c3cc(Br)ccc3n2S(=O)(=O)c2cc(C(F)(F)F)ccc2Cl)C1,7.15
CHEMBL482496,[3H]C([3H])([3H])Oc1cc(I)c(OC)cc1CCNCc1ccccc1OC([3H])([3H])[3H],7.14
CHEMBL1080694,O=S(=O)(c1cccc(F)c1)c1cn(C2CCNC2)c2cc(Cl)ccc12,7.14
CHEMBL4244691,O=S(=O)(c1cccc2cnccc12)N1CCC[C@H]1CCN1CCN(c2cccc3sccc23)CC1,7.14
CHEMBL251857,COc1cc(Br)c2c(c1)NC(=O)C(C)(c1ccccc1)C2=O,7.13
CHEMBL3754496,C=CCN(CC=C)CCc1c[nH]c2ccc(F)cc12,7.13
CHEMBL2163739,Cl.NC1CCc2c(c3ccccc3n2S(=O)(=O)c2cccc(C(F)(F)F)c2)C1,7.13
CHEMBL3692958,O=S(=O)(c1ccccc1)c1cc(Cl)c2oc3c(c2c1)CN(C1COC1)CC3,7.12
CHEMBL1782362,COc1ccc(Sc2ccc3c(c2)N2CCNCC2C3)cc1,7.11
CHEMBL253718,CC1(c2ccc(O)c(Br)c2)C(=O)Nc2cc(Cl)cc(Cl)c2C1=O,7.11
CHEMBL3664785,Cn1c2c(c3cc(S(=O)(=O)n4ccc5ncccc54)ccc31)C1CCC(C2)N1,7.11
CHEMBL4249426,O=S(=O)(c1cccc2ncccc12)N1CCC[C@H]1CCN1CC=C(c2c[nH]c3ccc(Cl)cc23)CC1,7.11
CHEMBL191027,Cc1c(S(=O)(=O)Nc2ccc3ncc(N4CCNCC4)cc3c2)sc2ccc(Cl)cc12,7.1
CHEMBL432713,O=C(/C=C/c1ccc(Cl)c(Cl)c1)NCCCCCN1CCC(c2c[nH]c3ccc(O)cc23)CC1,7.1
CHEMBL1085362,COc1ccc(S(=O)(=O)N2CC(C(=O)N3CC(CN)C3)c3ccccc32)c2ccccc12,7.1
CHEMBL302845,COc1ccc(NS(=O)(=O)c2cccc([N+](=O)[O-])c2)cc1N1CCN(C)CC1,7.1
CHEMBL1084317,CCN(CC)CCCNC(=O)C1CN(S(=O)(=O)c2ccc(OC)c3ccccc23)c2ccccc21,7.1
CHEMBL1082483,COc1ccc(S(=O)(=O)N2CC(C(=O)NCCCn3ccnc3)c3ccccc32)c2ccccc12,7.1
CHEMBL95517,Cc1c(S(=O)(=O)Nc2ccc3ncc(N4CCN(C)CC4)cc3c2)sc2ccc(Cl)cc12,7.1
CHEMBL3910287,CC(=O)Nc1ccc(CCN(C)CC2Cc3ccc4c(ccn4S(=O)(=O)c4ccccc4)c32)cc1,7.1
CHEMBL3669670,Cn1c2c(c3cc(S(=O)(=O)c4ccccc4)cc(OCc4ccccn4)c31)C1CCC(C2)N1,7.1
CHEMBL4098336,Cc1ccccc1Cc1nc(N)nc(N2CCN(C)CC2)n1,7.1
CHEMBL4164725,CC(C)c1nc2c(N3CCNCC3)ccnc2n1Cc1ccc(F)cc1,7.1
CHEMBL4171417,CC(C)c1nc2c(N3CCNCC3)ccnc2n1CCc1cccc(Cl)c1,7.1
CHEMBL1782357,Cc1ccccc1Sc1ccc2c(c1)N1CCNCC1C2,7.09
CHEMBL4240954,O=S(=O)(c1cccc2ncccc12)N1CCC[C@H]1CCN1CCN(c2cccc3sccc23)CC1,7.09
CHEMBL253096,CC1(c2cccc(OCc3ccccc3)c2)C(=O)Nc2cc(Cl)cc(Cl)c2C1=O,7.08
CHEMBL1949759,Cl.O=S(=O)(c1ccccc1)c1ccc2c(c1)O[C@H]1CNCC[C@@H]21,7.08
CHEMBL3260791,O=C1CC(c2ccccc2)CN1c1cccc(N2CCNCC2)c1,7.08
CHEMBL1949767,COc1cccc(S(=O)(=O)c2ccc3c(c2)O[C@H]2CNCC[C@@H]32)c1.Cl,7.07
CHEMBL1733660,COc1cc(OC)cc(N2C(=O)CSC23C(=O)Nc2ccccc23)c1,7.06
CHEMBL3800576,CC(C)CS(=O)(=O)n1ccc2c(-c3cnn(C)c3)cc(N3CCN(C)CC3)nc21,7.06
CHEMBL4079150,CN1CCN(c2nc(N)nc(Cc3ccccc3F)n2)CC1,7.06
CHEMBL3260802,COc1ccccc1C1CN(c2ccc3c(c2)CCNCC3)C(=O)O1,7.06
CHEMBL1256172,COc1ccc(NS(=O)(=O)c2sc3ccc(Cl)cc3c2C)cc1N1CCN(CCCCCCNC(=O)CCCCC2SC[C@@H]3NC(=O)N[C@H]23)CC1,7.05
CHEMBL1950752,CCN1C2CCC1c1c(n(C)c3ccc(S(=O)(=O)c4ccccc4)cc13)C2,7.04
CHEMBL1834222,CCC1C=NN(/C(=N/S(=O)(=O)c2ccccc2Cl)NCc2ccccc2)C1,7.04
CHEMBL2159474,O=S(=O)(NC1CCN(CCOc2cccc(Cl)c2Cl)C1)c1ccc(Cl)s1,7.04
CHEMBL4172620,COc1cccc(Cn2c(C(C)C)nc3c(N4CCNCC4)ccnc32)c1,7.04
CHEMBL4069360,CN1CCN(Cc2cn(S(=O)(=O)c3ccc(C#N)cc3)c3ccccc23)CC1,7.04
CHEMBL4077937,O=S(=O)(NCCCN1CC=C(c2c[nH]c3ccc(Cl)cc23)CC1)c1ccc(F)cc1,7.04
CHEMBL4069104,COc1ccc(OC)c(S(=O)(=O)n2cc(CN3CCN(C)CC3)c3ccccc32)c1,7.04
CHEMBL4243579,O=S(=O)(c1cccc2cnccc12)N1CCC[C@H]1CCN1CCN(c2noc3ccccc23)CC1,7.04
CHEMBL3286583,Cc1ccc(S(=O)(=O)n2cc3c4c(cccc42)N2CCNCC2C3)cc1,7.02
CHEMBL2159480,O=S(=O)(NC1CCN(CCOc2cccc3c2CCCC3)C1)c1ccc(F)cc1,7.02
CHEMBL4087429,CN1CCN(Cc2cn(S(=O)(=O)c3ccc(Br)cc3)c3ccc(OCC(F)(F)F)cc23)CC1,7.02
CHEMBL4094296,Cl.Cl.O=S(=O)(c1ccccc1Br)n1cc(CN2CCNCC2)c2ncccc21,7.02
CHEMBL4097856,CN1CCN(c2nc(N)nc(Cc3ccccc3)n2)CC1,7.02
CHEMBL3785278,CCN/C(=N\S(=O)(=O)c1cccc(OC)c1)N1CC2(C=N1)CCCC2,7.01
CHEMBL3786563,CCN/C(=N\S(=O)(=O)c1cccc(N)c1)N1CC2(C=N1)CCCC2,7.01
CHEMBL195317,CNCCC1=CC(CCc2ccccc2)c2ccccc21,7.0
CHEMBL3664783,Cn1c2c(c3cc(S(=O)(=O)c4ccccc4O)ccc31)C1CCC(C2)N1,7.0
CHEMBL1084214,COc1cc(C)c(S(=O)(=O)N2CC(C(=O)N(C)C3CCN(C)CC3)c3ccccc32)c(C)c1C,7.0
CHEMBL3692846,O=S(=O)(c1ccc(CO)cc1)c1ccc2oc3c(c2c1)CNCC3,7.0
CHEMBL1083298,COc1ccc(S(=O)(=O)N2CC(C(=O)N(C)C3CCN(C)CC3)c3ccccc32)c(C)c1C,7.0
CHEMBL3260786,O=C1CC(c2ccccc2Cl)CN1c1ccc2c(c1)CCNCC2,7.0
CHEMBL4074195,O=S(=O)(NCCCCN1CC=C(c2c[nH]c3ccc(Cl)cc23)CC1)c1ccc2ccccc2c1,7.0
CHEMBL4088170,CN1CCN(c2nc(N)nc(Cc3ccc(F)cc3)n2)CC1,7.0
CHEMBL4081987,Cc1cccc(S(=O)(=O)NCCCN2CC=C(c3c(C)[nH]c4ccc(Cl)cc34)CC2)c1,7.0
CHEMBL4174680,Cc1nc2c(N3CCNCC3)ccnc2n1Cc1ccccc1,7.0
CHEMBL4094743,CN1CCN(Cc2cn(S(=O)(=O)c3c(Cl)cccc3Cl)c3ccccc23)CC1,7.0
CHEMBL1173577,CC(Nc1nc2c(S(=O)(=O)c3ccccc3)nnn2c2ccsc12)C12CC3CC(CC(C3)C1)C2,6.99
CHEMBL2159472,O=S(=O)(NC1CCN(CCOc2cccc3c2CCCC3)C1)c1cccs1,6.99
CHEMBL1628227,CN(C)CCC=C1c2ccccc2COc2ccccc21,6.98
CHEMBL3664776,Cn1c2c(c3cc(S(=O)(=O)c4cc(Cl)ccn4)ccc31)C1CCC(C2)N1,6.98
CHEMBL4239705,O=S(=O)(c1cncc2ccccc12)N1CC[C@@H]1CCN1CCN(c2cccc3sccc23)CC1,6.98
CHEMBL1642879,Cl.O=C(NCCN1CCCCC1)c1ccc2[nH]nc(S(=O)(=O)c3cccc4ccccc34)c2c1,6.97
CHEMBL4168165,CCC(CC)c1nc2c(N3CCNCC3)ccnc2n1Cc1ccccc1Cl,6.97
CHEMBL3696977,O=S(=O)(c1ccccc1)c1cc(-n2cncn2)c2oc3c(c2c1)CNCC3,6.97
CHEMBL4176014,CC(C)c1nc2c(N3CCNCC3)ccnc2n1Cc1ccc(Cl)cc1,6.97
CHEMBL1782361,COc1cccc(Sc2ccc3c(c2)N2CCNCC2C3)c1,6.96
CHEMBL3692900,CC1CNCc2c1oc1c(Cl)cc(S(=O)(=O)c3ccccc3)cc21,6.96
CHEMBL1782359,Cc1ccc(Sc2ccc3c(c2)N2CCNCC2C3)cc1,6.96
CHEMBL4070254,O=S(=O)(NCCCCN1CC=C(c2c[nH]c3ccc(Cl)cc23)CC1)c1cccc(Cl)c1,6.96
CHEMBL4159555,c1ccc(Cn2cnc3c(N4CCNCC4)ccnc32)cc1,6.96
CHEMBL3769968,C=CCOc1cc(F)c(F)cc1C1CC1CN.Cl,6.96
CHEMBL4210782,Cc1ccc(-c2n[nH]c3c2CCNCC3)cc1,6.96
CHEMBL1079978,O=S(=O)(c1ccccc1)c1cn(C2CCN(Cc3ccccc3)C2)c2ccccc12,6.95
CHEMBL3885471,O=c1ccc(OCCCN2CCC(c3noc4cc(F)ccc34)CC2)nn1-c1cccc(Cl)c1Cl,6.95
CHEMBL4239823,O=S(=O)(c1cncc2ccccc12)N1CCC[C@H]1CCN1CCN(c2cccc3sccc23)CC1,6.94
CHEMBL1950749,Cn1c2c(c3ccc(S(=O)(=O)c4ccccc4)cc31)C1CCC(C2)N1,6.94
CHEMBL3692876,O=S(=O)(c1cccc(C(F)(F)F)c1)c1ccc2c3c(oc2c1)CC1CCC3N1,6.94
CHEMBL3669658,Cn1c2c(c3cc(S(=O)(=O)c4ccccc4)cc(C#N)c31)C1CCC(C2)N1,6.94
CHEMBL199824,Cn1c(=O)cnn(CCCCN2CCN(c3cccc4ccc(O[11CH3])cc34)CC2)c1=O,6.92
CHEMBL1834335,CCN/C(=N\S(=O)(=O)c1cc(Cl)ccc1Cl)N1CC(CC)C=N1,6.92
CHEMBL4091193,O=S(=O)(NCCCN1CC=C(c2c[nH]c3ccc(Cl)cc23)CC1)c1cccc(Cl)c1,6.92
CHEMBL4208934,CCc1cc(-c2ccoc2)nc(N2CCN(C)CC2)n1,6.92
CHEMBL4080086,CN1CCN(Cc2cn(S(=O)(=O)c3ccc(F)c(F)c3)c3ccccc23)CC1,6.92
CHEMBL1080741,O=S(=O)(c1ccccc1)c1cn(C2CCCN(Cc3ccccc3)C2)c2ccccc12,6.91
CHEMBL3692887,O=S(=O)(c1ccccc1)c1cc(Cn2cccn2)c2oc3c(c2c1)CNCC3,6.91
CHEMBL3692924,O=S(=O)(c1ccccc1)c1cc(Cl)c2oc3c(c2c1)CN(c1cccnc1)CC3,6.91
CHEMBL247325,CN(C)CCNc1cccc2c1OC(C)(C)CN2S(=O)(=O)c1cccc(F)c1,6.9
CHEMBL1082764,CN1CCC(N(C)C(=O)C2CN(S(=O)(=O)c3cccc4nsnc34)c3ccccc32)CC1,6.9
CHEMBL146942,NCCCC1(CCCN)CCc2cccc(O)c2C1,6.9
CHEMBL3971039,CN[C@@H]1c2cc3c(ccn3S(=O)(=O)c3ccccc3)cc2[C@@H]1CCO,6.9
CHEMBL1949972,Cl.O=S(=O)(NCCCCN1CCN(c2cccc(Cl)c2)CC1)c1cccc2ccccc12,6.9
CHEMBL1084482,CN1CCC(N(C)C(=O)C2CN(S(=O)(=O)c3ccc(-c4ccccc4)cc3)c3ccccc32)CC1,6.9
CHEMBL4173628,CC(C)c1nc2c(N3CCNCC3)nccc2n1Cc1cccc(Cl)c1,6.9
CHEMBL3800055,Cc1noc(C)c1-c1cc(N2CCN(C)CC2)nc2c1ccn2S(=O)(=O)CC(C)C,6.89
CHEMBL3669671,Cn1c2c(c3cc(S(=O)(=O)c4ccccc4)cc(OCc4cccnc4)c31)C1CCC(C2)N1,6.89
CHEMBL4243932,O=S(=O)(c1cccc2ncccc12)N1CC[C@@H]1CCN1CCN(c2cccc3sccc23)CC1,6.89
CHEMBL4096479,O=S(=O)(NCCCCN1CC=C(c2c[nH]c3ccc(Cl)cc23)CC1)c1cccc2ccccc12,6.89
CHEMBL4104596,Cc1cccc(S(=O)(=O)NCCN2CC=C(c3c(C)[nH]c4ccc(Cl)cc34)CC2)c1,6.89
CHEMBL3692880,O=S(=O)(c1ccccc1)c1ccc2c3c(oc2c1)CCCNC3,6.88
CHEMBL4127861,O=S(=O)(c1ccccc1)n1cc(C2=CCNCC2)c2ccc3cccnc3c21,6.88
CHEMBL3692870,O=S(=O)(c1cccc(F)c1)c1ccc2oc3c(c2c1)C1CCC(C3)N1,6.88
CHEMBL3754166,C=CCN(CC=C)CCc1c[nH]c2ccc(Br)cc12,6.88
CHEMBL4089941,O=S(=O)(c1ccccc1Br)n1cc(CN2CCN(Cc3ccccc3)CC2)c2ccccc21,6.88
CHEMBL329046,COc1ccc2c(c1)c1c(n2Cc2ccccc2)CCCC1CN(C)C,6.87
CHEMBL1834239,CCN/C(=N\S(=O)(=O)c1cccc(Cl)c1)N1N=CCC1c1ccc(F)cc1,6.86
CHEMBL1935596,CC1(C(F)(F)F)NCCc2c1oc1cc(S(=O)(=O)c3cccc(F)c3)ccc21,6.86
CHEMBL1949963,Cl.O=S(=O)(NCCCCN1CCN(c2cccc(Cl)c2)CC1)c1cnc2ccccc2c1,6.86
CHEMBL4127652,O=S(=O)(c1cccc(Br)c1)n1cc(C2=CCNCC2)c2ccc3ncccc3c21,6.86
CHEMBL3664748,Cn1c2c(c3cc(S(=O)(=O)c4cncc(F)c4)ccc31)C1CCC(C2)N1,6.86
CHEMBL4245263,O=S(=O)(c1cncc2ccccc12)N1CCC[C@H]1CCN1CCC(c2noc3cc(F)ccc23)CC1,6.86
CHEMBL4166040,CCc1nc2c(N3CCNCC3)ccnc2n1Cc1ccc(F)c(F)c1,6.86
CHEMBL3260789,O=C1CC(c2ccccc2)CN1c1ccc2c(c1)CNCC2,6.85
CHEMBL3260805,O=C1OC(c2ccccc2Cl)CN1c1cccc(N2CCNCC2)c1,6.85
CHEMBL4174125,Cc1cccc(Cn2c(CC(C)(C)C)nc3c(N4CCNCC4)ccnc32)c1,6.85
CHEMBL3692905,OC(c1ccccc1)c1cc(Cl)c2oc3c(c2c1)CNCC3,6.84
CHEMBL253502,COc1ccc(C2(C)C(=O)Nc3cc(Cl)cc(Cl)c3C2=O)cc1,6.83
CHEMBL3664788,Cn1c2c(c3cc(S(=O)(=O)c4cccc5ncccc45)ccc31)C1CCC(C2)N1,6.83
CHEMBL1949973,Cl.O=S(=O)(NCCCCN1CCN(c2cccc(Cl)c2)CC1)c1ccc2ccccc2c1,6.83
CHEMBL3914155,N#Cc1ccc(CNC(=O)CCOCCN2CCN(c3ccccc3-c3ccccc3)CC2)cc1,6.83
CHEMBL1782363,Fc1ccccc1Sc1ccc2c(c1)N1CCNCC1C2,6.82
CHEMBL4068315,CN1CCN(Cc2cn(S(=O)(=O)c3ccc(OC(F)(F)F)cc3)c3ccccc23)CC1,6.82
CHEMBL3260807,O=C1OC(c2ccccc2Cl)CN1c1ccc2c(c1)CNCC2,6.82
CHEMBL4070715,O=S(=O)(NCCCCN1CC=C(c2c[nH]c3ccc(Cl)cc23)CC1)c1ccc(Cl)cc1,6.82
CHEMBL253709,CC1(c2ccc(N)cc2)C(=O)Nc2cc(Cl)cc(Cl)c2C1=O,6.81
CHEMBL1949964,Cl.O=S(=O)(NCCCCN1CCN(c2cccc(Cl)c2)CC1)c1cnc2ccc(Cl)cc2c1,6.81
CHEMBL1950768,Cn1c2c(c3cc(S(=O)(=O)c4cccnc4)ccc31)C1CCC(C2)N1,6.81
CHEMBL2159484,O=S(=O)(NC1CCN(CCOc2cccc3c2CCCC3)C1)c1cc(F)ccc1F,6.81
CHEMBL3692877,O=S(=O)(c1cccc(Cl)c1)c1ccc2c3c(oc2c1)CC1CCC3N1,6.81
CHEMBL1085361,COc1ccc(S(=O)(=O)N2CC(C(=O)N3CC(N)C3)c3ccccc32)c2ccccc12,6.8
CHEMBL2377591,COc1ccc2[nH]cc(C3CCN(CCCCN4C(=O)CC(c5c[nH]c6ccccc56)C4=O)CC3)c2c1,6.8
CHEMBL3963688,CN[C@H]1c2cc3c(ccn3S(=O)(=O)c3ccccc3)cc2[C@@H]1CCO,6.8
CHEMBL3979230,CN[C@H]1c2ccc3c(ccn3S(=O)(=O)c3ccccc3)c2[C@@H]1CCO,6.8
CHEMBL3938498,O=S(=O)(c1ccccc1)n1ccc2cc3c(cc21)[C@H]1CCNCC[C@@H]31,6.8
CHEMBL1782364,Fc1ccc(Sc2ccc3c(c2)N2CCNCC2C3)cc1,6.8
CHEMBL4068577,COc1cccc(Cc2nc(N)nc(N3CCN(C)CC3)n2)c1,6.8
CHEMBL4168070,Fc1ccc(-c2nc3c(N4CCNCC4)ccnc3n2Cc2cccc(F)c2)cc1,6.79
CHEMBL3786071,CCN/C(=N\S(=O)(=O)c1ccc2[nH]c(C(F)(F)F)cc2c1)N1CC(C)(C)C=N1,6.79
CHEMBL7228,COc1ccc2[nH]c3c(c2c1)C(CN(C)C)CCC3,6.78
CHEMBL3692963,CC(=O)N1CCc2oc3c(Cl)cc(S(=O)(=O)c4cn(C)c5ccccc45)cc3c2C1,6.78
CHEMBL3286592,COc1ccc(S(=O)(=O)n2cc3c4c(cccc42)N2CCNCC2C3)cc1,6.78
CHEMBL4166211,COc1cccc(Cn2c(CC(C)(C)C)nc3c(N4CCNCC4)ccnc32)c1,6.78
CHEMBL4175926,Clc1cccc(Cn2c(-c3cccs3)nc3c(N4CCNCC4)ccnc32)c1,6.78
CHEMBL53904,OCCN1CCN(CC/C=C2/c3ccccc3Sc3ccc(Cl)cc32)CC1,6.77
CHEMBL4241050,O=S(=O)(c1cccc2ncccc12)N1CCC[C@H]1CCN1CCC(c2noc3cc(F)ccc23)CC1,6.77
CHEMBL4241497,O=S(=O)(c1cccc2ncccc12)N1CCCCC[C@H]1CCN1CCN(c2cccc3sccc23)CC1,6.75
CHEMBL4067700,Cc1[nH]c2ccc(Cl)cc2c1C1=CCN(CCNS(=O)(=O)c2ccc3ccccc3c2)CC1,6.75
CHEMBL4167974,CCc1nc2c(N3CCNCC3)ccnc2n1Cc1ccccc1Cl,6.75
CHEMBL4103725,O=S(=O)(NCCCN1CC=C(c2c[nH]c3ccc(Cl)cc23)CC1)c1ccc(Cl)cc1,6.75
CHEMBL3286589,O=S(=O)(c1ccc(Cl)cc1)n1cc2c3c(cccc31)N1CCNCC1C2,6.74
CHEMBL2159486,CSc1ccccc1OCCN1CCC(NS(=O)(=O)c2cccc(Cl)c2)C1,6.73
CHEMBL409662,CCC1(CCCCN2CCN(c3ccc(Cl)cc3)CC2)C(=O)Nc2cc(F)ccc21,6.73
CHEMBL2424668,Cl.O=C(Cc1ccc(OC2CCNCC2)cc1OCCF)N1CCC(N2C(=O)CCc3ccccc32)CC1,6.73
CHEMBL181877,O=C(O)C(=O)O.c1ccc(-c2ccc(N3CCNCC3)c3ccccc23)cc1,6.72
CHEMBL1950767,Cn1c2c(c3cc(S(=O)(=O)c4ccccn4)ccc31)C1CCC(C2)N1,6.72
CHEMBL4245607,O=S(=O)(c1cncc2ccccc12)N1CCCCC[C@H]1CCN1CCN(c2cccc3sccc23)CC1,6.72
CHEMBL252673,CC1(c2ccccc2)C(=O)Nc2cc(Br)cc(Br)c2C1=O,6.71
CHEMBL1834336,CCN/C(=N\S(=O)(=O)c1c(Cl)cccc1Cl)N1CC(CC)C=N1,6.71
CHEMBL4105632,CSc1ccc2c(c1)c(CN1CCN(C)CC1)cn2S(=O)(=O)c1ccccc1Br,6.71
CHEMBL4103656,COc1ccccc1Cc1nc(N)nc(N2CCN(C)CC2)n1,6.71
CHEMBL246289,CS(=O)(=O)Nc1cccc(S(=O)(=O)N2CCOc3c(N4CCNCC4)cccc32)c1,6.7
CHEMBL368132,COc1ccc2c(c1)c1c(n2S(=O)(=O)Cc2ccccc2)CCCC1CN(C)C,6.7
CHEMBL4217761,Cc1cccc(OCCOCCN2CCN(CCc3ccccc3)CC2)c1C.Cl.Cl,6.7
CHEMBL3966484,CN[C@H]1c2c(ccc3c2ccn3S(=O)(=O)c2ccccc2)[C@@H]1CCO,6.7
CHEMBL4087748,CN1CCN(Cc2cn(S(=O)(=O)c3ccccc3Br)c3ccc([N+](=O)[O-])cc23)CC1,6.7
CHEMBL4075144,O=S(=O)(NCCCN1CC=C(c2c[nH]c3ccc(Cl)cc23)CC1)c1cccc(F)c1,6.7
CHEMBL4062817,O=S(=O)(NCCCCN1CC=C(c2c[nH]c3ccc(F)cc23)CC1)c1ccc2ccccc2c1,6.7
CHEMBL1949770,COCCCOc1cccc(S(=O)(=O)c2ccc3c(c2)O[C@H]2CNCC[C@@H]32)c1.Cl,6.69
CHEMBL3786951,CCN/C(=N\S(=O)(=O)c1ccc(N(C)C)cc1)N1CC(CC)C=N1,6.69
CHEMBL3786432,CCN/C(=N\S(=O)(=O)c1ccc(OC)cc1)N1CC2(C=N1)CCCC2,6.68
CHEMBL4080369,Cc1cccc(S(=O)(=O)NCCCCN2CC=C(c3c[nH]c4ccc(Cl)cc34)CC2)c1,6.68
CHEMBL3220215,Cc1nc2c(o1)CC(CN1CCC(c3c[nH]c4cc(F)ccc34)CC1)CC2=O,6.67
CHEMBL4100951,O=S(=O)(NCCCN1CC=C(c2c[nH]c3ccc(Cl)cc23)CC1)c1ccc2ccccc2c1,6.66
CHEMBL4244280,O=S(=O)(c1cncc2ccccc12)N1CCCC[C@@H]1CCN1CCN(c2cccc3sccc23)CC1,6.66
CHEMBL2159475,O=S(=O)(NC1CCN(CCOc2cc(Cl)ccc2Cl)C1)c1ccc(Cl)s1,6.65
CHEMBL3800442,CC(C)CS(=O)(=O)n1ccc2c(-c3ccc(=O)[nH]c3)cc(N3CCN(C)CC3)nc21,6.64
CHEMBL3664794,Cn1c2c(c3cc(S(=O)(=O)c4ccc5c(ccn5CCO)c4)ccc31)C1CCC(C2)N1,6.64
CHEMBL3739680,CC(C)c1ccccc1OCCN1CCC(NS(=O)(=O)c2cccc3ncccc23)CC1,6.63
CHEMBL3260804,O=C1OC(c2ccccc2Cl)CN1c1cccc(OC2CCNCC2)c1,6.62
CHEMBL3742076,CC(C)c1ccccc1OCCN1CCC(NS(=O)(=O)c2ccccc2F)CC1,6.62
CHEMBL4069113,COc1ccc2c(CN3CCN(C)CC3)cn(S(=O)(=O)c3ccc(F)cc3)c2c1,6.62
CHEMBL4289498,O=C(CCCN1CCC(c2noc3cc(F)ccc23)CC1)c1cc2c3c(c1)CCN3C(=O)CC2,6.62
CHEMBL3669641,Cn1c2c(c3cc(S(=O)(=O)c4cccc(-c5cc[nH]n5)c4)ccc31)C1CCC(C2)N1,6.61
CHEMBL2159479,O=S(=O)(NC1CCN(CCOc2ccccc2)C1)c1ccc(F)cc1,6.61
CHEMBL4207884,Clc1ccc(-c2n[nH]c3c2CCNCC3)cc1,6.61
CHEMBL2159485,CC(C)c1ccccc1OCCN1CCC(NS(=O)(=O)c2cccc(Cl)c2)C1,6.61
CHEMBL192435,CC[N+](C)(CC)CCc1cn(S(=O)(=O)c2ccc(NC(C)=O)cc2)c2ccc(OC)cc12,6.6
CHEMBL3785894,CCN/C(=N\S(=O)(=O)c1cccc(Cl)c1)N1N=CCC1c1ccc(O)cc1,6.6
CHEMBL3692899,CN(C)C(=O)C1NCCc2oc3c(Cl)cc(S(=O)(=O)c4ccccc4)cc3c21,6.6
CHEMBL4075673,Cc1cccc(S(=O)(=O)NCCCCN2CC=C(c3c[nH]c4ccc(F)cc34)CC2)c1,6.6
CHEMBL4079972,Cc1[nH]c2ccc(Cl)cc2c1C1=CCN(CCCCNS(=O)(=O)c2ccc3ccccc3c2)CC1,6.6
CHEMBL4092243,O=S(=O)(NCCCN1CC=C(c2c[nH]c3ccc(F)cc23)CC1)c1ccc2ccccc2c1,6.6
CHEMBL401969,CNc1ccc(C2(C)C(=O)Nc3cc(Cl)cc(Cl)c3C2=O)cc1,6.59
CHEMBL467094,COc1cc2c3c(c1OC)-c1cc4c(cc1CC3N(C)CC2)OCO4,6.59
CHEMBL2159470,CC(C)c1ccccc1OCCN1CCC(NS(=O)(=O)c2cccs2)C1,6.59
CHEMBL4162914,Cc1nc2c(N3CCNCC3)nccc2n1Cc1cccc(Cl)c1,6.59
CHEMBL2377443,COc1ccc2[nH]cc(C3CCN(CCCN4C(=O)CC(c5c[nH]c6ccccc56)C4=O)CC3)c2c1,6.58
CHEMBL4079631,O=Cc1cc2cn(S(=O)(=O)c3cccc4ccccc34)c3cccc(o1)c23,6.58
CHEMBL2159471,O=S(=O)(NC1CCN(CCOc2ccccc2-c2ccccc2)C1)c1cccs1,6.57
CHEMBL4130316,Clc1cccc(Cn2cc(C3=CCNCC3)c3ccc4cccnc4c32)c1,6.57
CHEMBL4216126,CC(C)c1ccccc1OCCCN1CCC(NS(=O)(=O)c2ccc(F)cc2)CC1,6.57
CHEMBL4083953,CN1CCN(Cc2cn(S(=O)(=O)c3ccccc3)c3ncccc23)CC1,6.56
CHEMBL3740055,O=S(=O)(NC1CCN(CCOc2ccccc2-c2ccccc2)CC1)c1cccc(Cl)c1,6.56
CHEMBL3758591,O=S(=O)(NC1CCN(CCOc2ccccc2C2CCCC2)CC1)c1cccc(F)c1,6.55
CHEMBL1950755,CC(C)n1c2c(c3cc(S(=O)(=O)c4ccccc4)ccc31)C1CCC(C2)N1,6.55
CHEMBL4069237,O=S(=O)(NCCCN1CC=C(c2c[nH]c3ccc(Cl)cc23)CC1)c1cccc2ccccc12,6.55
CHEMBL3800150,CC(C)CS(=O)(=O)n1ccc2c(-c3ccc(OCc4ccccc4)cc3)cc(N3CCN(C)CC3)nc21,6.54
CHEMBL4073685,CN1CCN(CCc2cn(S(=O)(=O)c3cccc(Br)c3)c3ccc(Br)cc23)CC1.Cl.Cl,6.54
CHEMBL4249179,O=S(=O)(c1cccc2ncccc12)N1CCC[C@H]1CCN1CCN(c2noc3ccccc23)CC1,6.54
CHEMBL1255834,CC(N)Cc1c[nH]c2ccc(OCc3cccs3)cc12,6.53
CHEMBL4212199,O=S(=O)(NC1CCN(CC(O)COc2ccccc2-c2ccccc2)CC1)c1cccc(Cl)c1,6.53
CHEMBL1782366,FC(F)(F)c1cccc(Sc2ccc3c(c2)N2CCNCC2C3)c1,6.52
CHEMBL176838,COc1ccc2c(c1)c1c(n2Cc2ccccc2)CCCC1CN,6.52
CHEMBL403843,CC1(c2ccc(Br)cc2)C(=O)Nc2cc(Cl)cc(Cl)c2C1=O,6.52
CHEMBL4095979,O=S(=O)(NCCCCN1CC=C(c2c[nH]c3ccc(Cl)cc23)CC1)c1ccc(F)cc1,6.52
CHEMBL4074481,CN1CCN(c2nc(N)nc(Cc3cccs3)n2)CC1,6.52
CHEMBL464099,COc1cc2c(cc1O)C[C@H]1c3c(cc(OC)c(OC)c3-2)CCN1C,6.51
CHEMBL4246202,O=S(=O)(c1cccc2ncccc12)N1CCC[C@H]1CCN1CCN(c2nsc3ccccc23)CC1,6.51
CHEMBL4093971,O=S(=O)(c1cncc2ccccc12)N1CCC(CCN2CCN(c3cccc(Cl)c3Cl)CC2)CC1,6.51
CHEMBL4103475,CN1CCN(Cc2cn(Cc3ccccc3Br)c3ccccc23)CC1,6.51
CHEMBL3696973,NC(=O)c1cc(S(=O)(=O)c2ccccc2)cc2c3c(oc12)CCNC3,6.51
CHEMBL4164195,Cc1nc2c(N3CCNCC3)ccnc2n1CCc1cccc(Cl)c1,6.51
CHEMBL246290,CS(=O)(=O)c1ccccc1S(=O)(=O)N1CCOc2c(N3CCNCC3)cccc21,6.5
CHEMBL1085354,Cc1cnc2c(S(=O)(=O)N3CC(C(=O)N(C)C4CCN(C)CC4)c4ccccc43)cccc2c1,6.5
CHEMBL1082767,CN1CCC(N(C)C(=O)C2CN(S(=O)(=O)c3ccccc3)c3ccccc32)CC1,6.5
CHEMBL1082766,CN1CCC(N(C)C(=O)C2CN(S(=O)(=O)c3cccs3)c3ccccc32)CC1,6.5
CHEMBL3947289,CN(C)[C@@H]1c2cc3c(ccn3S(=O)(=O)c3ccccc3)cc2[C@@H]1CCO,6.5
CHEMBL4246655,O=S(=O)(c1cncc2ccccc12)N1CCC[C@H]1CCN1CCN(c2nsc3ccccc23)CC1,6.5
CHEMBL4087852,O=S(=O)(NCCCCN1CC=C(c2c[nH]c3ccc(Cl)cc23)CC1)c1cccc(F)c1,6.5
CHEMBL3919497,CN(C)[C@H]1c2cc3c(ccn3S(=O)(=O)c3ccccc3)cc2[C@@H]1CCO,6.5
CHEMBL4176229,Cc1nc2c(N3CCNCC3)ccnc2n1Cc1ccc(F)cc1,6.5
CHEMBL3233677,CC1(C)C(=O)N(Cc2ccc(Cl)cc2Cl)C(=O)N1CCCCCN1CCN(c2ccc(Cl)c(Cl)c2)CC1.Cl,6.5
CHEMBL4166372,Clc1cccc(Cn2cnc3c(N4CCNCC4)nccc32)c1,6.5
CHEMBL1834237,CCN/C(=N\S(=O)(=O)c1cccc(Cl)c1)N1N=CCC1c1ccncc1,6.49
CHEMBL2159481,O=S(=O)(NC1CCN(CCOc2ccccc2-c2ccccc2)C1)c1ccc(F)c(F)c1,6.49
CHEMBL3759819,O=S(=O)(NC1CC2CCC(C1)N2CCOc1cccc(-c2ccccc2)c1)c1cccc(Cl)c1,6.49
CHEMBL4069315,CN1CCN(Cc2cn(C(=O)c3ccccc3Br)c3ccc(F)cc23)CC1,6.49
CHEMBL3740235,CC(C)c1ccccc1OCCN1CCC(NS(=O)(=O)c2cc(F)ccc2F)CC1,6.49
CHEMBL2204360,Cc1ccc(Sc2ccccc2N2CCNCC2)c(C)c1.Cl,6.48
CHEMBL3260808,O=C1OC(c2ccccc2Cl)CN1c1ccc2c(c1)CCNC2,6.48
CHEMBL1782365,FC(F)(F)c1ccccc1Sc1ccc2c(c1)N1CCNCC1C2,6.48
CHEMBL4066971,O=S(=O)(NCCCCN1CC=C(c2c[nH]c3ccc(Cl)cc23)CC1)c1cccc(O)c1,6.48
CHEMBL3664775,Cn1c2c(c3cc(S(=O)(=O)c4cc(F)ccn4)ccc31)C1CCC(C2)N1,6.47
CHEMBL3692850,O=S(=O)(c1cc(F)cc(F)c1)c1ccc2oc3c(c2c1)CNCC3,6.47
CHEMBL4161480,COc1ccccc1Cn1c(C)nc2c(N3CCNCC3)ccnc21,6.47
CHEMBL1949967,Cl.O=S(=O)(NCCCCN1CCN(c2ccc(Cl)cc2)CC1)c1cnc2ccccc2c1,6.47
CHEMBL4248544,O=S(=O)(c1cccc2ncccc12)N1CCCC[C@@H]1CCN1CCN(c2cccc3sccc23)CC1,6.47
CHEMBL402810,COc1cc(Cl)c2c(c1)NC(=O)C(C)(c1ccccc1)C2=O,6.46
CHEMBL252902,CN(C)c1ccc(C2(C)C(=O)Nc3cc(Cl)cc(Cl)c3C2=O)cc1,6.46
CHEMBL4101944,COc1ccc2c(c1)c(CN1CCN(C)CC1)nn2S(=O)(=O)c1ccccc1Br,6.46
CHEMBL3664771,O=S(=O)(c1ccccc1)c1ccc2c(c1)c1c(n2-c2ccccc2)CC2CCC1N2,6.46
CHEMBL4243497,O=S(=O)(c1cncc2ccccc12)N1CC[C@@H]1CCN1CCN(c2nsc3ccccc23)CC1,6.46
CHEMBL4075316,COc1ccc2c(c1)c(CN1CCN(CCF)CC1)cn2S(=O)(=O)c1ccccc1Br,6.46
CHEMBL4088925,Cc1[nH]c2ccc(Cl)cc2c1C1=CCN(CCCNS(=O)(=O)c2ccc3ccccc3c2)CC1,6.46
CHEMBL4238897,O=S(=O)(c1cccc2ncccc12)N1CC[C@@H]1CCN1CCN(c2nsc3ccccc23)CC1,6.46
CHEMBL3220219,O=C1CC(CN2CCC(c3c[nH]c4cc(F)ccc34)CC2)Cc2nc(N3CCCC3)sc21,6.45
CHEMBL2159478,CSc1ccccc1OCCN1CCC(NS(=O)(=O)c2ccc(F)cc2)C1,6.45
CHEMBL4099525,Cl.O=C(c1ccccc1)N1CCN(Cc2cn(S(=O)(=O)c3ccccc3Br)c3ccccc23)CC1,6.44
CHEMBL4218801,Clc1ccc(-c2noc3c2CCNCC3)cc1,6.44
CHEMBL4126962,O=S(=O)(c1cccc(F)c1)n1cc(C2=CCNCC2)c2ccc3ncccc3c21,6.44
CHEMBL4099997,Cc1cccc(S(=O)(=O)NCCCCN2CC=C(c3c(C)[nH]c4ccc(Cl)cc34)CC2)c1,6.44
CHEMBL4242392,O=S(=O)(c1cccc2cnccc12)N1CCC[C@H]1CCN1CCN(c2nsc3ccccc23)CC1,6.44
CHEMBL4176992,Cc1nc2c(N3CCNCC3)nccc2n1Cc1ccccc1,6.43
CHEMBL180086,CC(Nc1nc(N)nc(NCCc2cccs2)n1)c1ccc(F)cc1,6.42
CHEMBL4068846,CC(=O)N1CCN(Cc2cn(S(=O)(=O)c3ccccc3Br)c3ccccc23)CC1,6.42
CHEMBL1949771,Cl.O=S(=O)(c1ccc(F)cc1)c1ccc2c(c1)O[C@H]1CNCC[C@@H]21,6.42
CHEMBL133868,CC(N)Cc1c[nH]c2ccc3c(c12)CCCO3,6.4
CHEMBL131495,O=C1c2ccccc2C(=O)N1CCCCN1CC=C(c2c[nH]c3ccc(F)cc23)CC1,6.4
CHEMBL1949965,Cl.O=S(=O)(NCCCCN1CCN(c2cccc(Cl)c2)CC1)c1ccc2ncccc2c1,6.4
CHEMBL3785853,CCN/C(=N\S(=O)(=O)c1ccc2c(c1)NCC2)N1CC(CC)C=N1,6.4
CHEMBL3233676,CC1(C)C(=O)N(Cc2ccc(Cl)cc2Cl)C(=O)N1CCCCCN1CCN(c2cccc(Cl)c2Cl)CC1.Cl,6.4
CHEMBL3979307,C[C@H]1CN(c2ccccc2-c2ccccc2)CCN1CCCCCC(=O)NCc1ccccc1,6.4
CHEMBL4082456,O=S(=O)(c1cccc2ncccc12)N1CCC(CCN2CCN(c3cccc(Cl)c3Cl)CC2)CC1,6.4
CHEMBL4082073,CN1CCN(CCc2cn(S(=O)(=O)c3ccccc3Br)c3ccc(Br)cc23)CC1.Cl.Cl,6.4
CHEMBL3664727,Cn1c2c(c3cc(S(=O)(=O)c4ccc(C#N)cc4)ccc31)C1CCC(C2)N1,6.39
CHEMBL3985152,COCOc1ccc(CNC(=O)CCCCCN2CCN(c3ccccc3-c3ccccc3)CC2)cc1,6.38
CHEMBL4209274,Fc1ccc(-c2n[nH]c3c2CCNCC3)cc1,6.38
CHEMBL77855,OC(c1ccc(F)cc1)C1CCN(CCc2ccccc2I)CC1,6.37
CHEMBL4129055,O=S(=O)(c1cccc(Cl)c1)n1cc(C2=CCNCC2)c2ccc3ncccc3c21,6.37
CHEMBL3664772,O=S(=O)(c1ccccc1)c1ccc2c(c1)c1c(n2CCO)CC2CCC1N2,6.37
CHEMBL3958956,C[C@@H]1CN(c2ccccc2-c2ccccc2)CCN1CCCCCC(=O)NCc1ccccc1,6.36
CHEMBL4095896,COc1ccc(Cc2nc(N)nc(N3CCN(C)CC3)n2)cc1,6.36
CHEMBL4076408,O=S(=O)(c1cccc2ncccc12)N1CCC(CCN2CCN(c3cccc(Cl)c3)CC2)CC1,6.35
CHEMBL4173336,c1ccc(Cn2cnc3c(N4CCNCC4)nccc32)cc1,6.35
CHEMBL4240162,O=S(=O)(c1cccc2ncccc12)N1CCCCC[C@H]1CCN1CCN(c2nsc3ccccc23)CC1,6.34
CHEMBL3740054,CC(C)c1ccccc1OCCN1CCC(NS(=O)(=O)c2cccc(F)c2)CC1,6.33
CHEMBL3941529,C[C@H](NC(=O)CCCCCN1CCN(c2ccccc2-c2ccccc2)CC1)c1ccccc1,6.32
CHEMBL4091082,CN1CCN(Cc2c[nH]c3ccccc23)CC1,6.32
CHEMBL3692952,CS(=O)(=O)N1CCc2oc3c(Cl)cc(S(=O)(=O)c4ccccc4)cc3c2C1,6.31
CHEMBL4215875,Cc1ccc(-c2noc3c2CCNCC3)cc1,6.31
CHEMBL2159477,CC(C)c1ccccc1OCCN1CCC(NS(=O)(=O)c2cccc3cccnc23)C1,6.3
CHEMBL4249640,O=S(=O)(c1cncc2ccccc12)N1CCC[C@H]1CCN1CCN(c2noc3ccccc23)CC1,6.3
CHEMBL3696969,CC(C)(O)COc1cc(S(=O)(=O)c2ccccc2)cc2c3c(oc12)CCNC3,6.29
CHEMBL1834343,CCN/C(=N\S(=O)(=O)c1c(C)nn(C)c1Cl)N1CC(CC)C=N1,6.29
CHEMBL2159483,O=S(=O)(NC1CCN(CCOc2ccccc2-c2ccccc2)C1)c1cc(F)ccc1F,6.29
CHEMBL69257,O=C1Nc2cccc3c2C1(CCCCN1CC=C(c2ccccc2)CC1)CCC3,6.28
CHEMBL900,Cc1ccccc1C(OCCN(C)C)c1ccccc1,6.28
CHEMBL3692897,O=S(=O)(c1ccccc1)c1cc(Cl)c2oc3c(c2c1)CNC(CO)C3,6.28
CHEMBL3759617,CC(C)c1cccc(OCCN2C3CCC2CC(NS(=O)(=O)c2cccc(F)c2)C3)c1,6.27
CHEMBL3692878,O=S(=O)(c1cccc(F)c1)c1ccc2c3c(oc2c1)CC1CCC3N1,6.27
CHEMBL539587,CN1CCC[C@@H]1Cn1ccc2ccccc21.Cl,6.26
CHEMBL3960056,C[C@@H](NC(=O)CCCCCN1CCN(c2ccccc2-c2ccccc2)CC1)c1ccccc1,6.25
CHEMBL1949769,COCCOc1cccc(S(=O)(=O)c2ccc3c(c2)O[C@H]2CNCC[C@@H]32)c1.Cl,6.25
CHEMBL3759205,CC(C)c1cccc(OCCN2C3CCC2CC(NS(=O)(=O)c2ccc(F)cc2)C3)c1,6.25
CHEMBL260994,O=C1Nc2ccccc2C1CCCCN1CCN(c2ccc(Cl)cc2)CC1,6.24
CHEMBL3692881,O=S(=O)(c1ccccc1)c1ccc2oc3c(c2c1)CNCCC3,6.24
CHEMBL3669669,CN(C)C(=O)COc1cc(S(=O)(=O)c2ccccc2)cc2c3c(n(C)c12)CC1CCC3N1,6.24
CHEMBL3692890,CNC(=O)c1cc(S(=O)(=O)c2ccccc2)cc2c3c(oc12)CCNC3,6.22
CHEMBL3764335,Cl.O=C(CCCCCN1CCN(c2ccccc2O)CC1)n1c2ccccc2c2ccccc21,6.22
CHEMBL17157,CC(C)(C)c1ccc(C(O)CCCN2CCC(C(O)(c3ccccc3)c3ccccc3)CC2)cc1,6.22
CHEMBL3897426,COc1ccc(-c2cc(F)ccc2N2CCN(CCCCCC(=O)NCc3ccc(C#N)cc3)CC2)cc1,6.21
CHEMBL4250274,O=S(=O)(c1ccnc2ccccc12)N1CCCCC[C@H]1CCN1CCN(c2nsc3ccccc23)CC1,6.21
CHEMBL1078595,O=S(=O)(Nc1ccc2c(c1)CCN(Cc1cc[nH]n1)CC2)c1ccc(N2CCOCC2)nc1,6.2
CHEMBL362984,Nc1ccc(S(=O)(=O)Nc2cccc(N)c2)cc1,6.2
CHEMBL247119,Nc1cccc2c1OCCN2S(=O)(=O)c1ccccc1F,6.2
CHEMBL3608450,COc1cc2c3c(c1OC)-c1cc4c(cc1CC3N(C)CC2c1ccccc1)OCO4,6.2
CHEMBL246484,O=C1CC(CN2CCC(c3noc4cc(F)ccc34)CC2)Cc2[nH]ncc21,6.2
CHEMBL539327,CN1CCC[C@@H]1Cc1c[nH]c2ccccc12.Cl,6.19
CHEMBL3260787,Clc1ccccc1C1CCN(c2ccc3c(c2)CCNCC3)C1,6.19
CHEMBL1670,Clc1ccc(C(c2ccccc2Cl)C(Cl)Cl)cc1,6.19
CHEMBL3983496,COCOc1ccc(CNC(=O)CCCCCN2CCN(c3ccccc3-c3ccc(OC)cc3)CC2)cc1,6.19
CHEMBL4081383,O=S(=O)(c1cccc2ncccc12)N1CCC(CCN2CCN(c3cccc(C(F)(F)F)c3)CC2)CC1,6.19
CHEMBL3692903,COc1cc(Oc2ccccc2)cc2c3c(oc12)CCNC3,6.19
CHEMBL3739745,CC(C)c1ccccc1OCCN1CCC(NS(=O)(=O)c2cnn(C)c2)CC1,6.19
CHEMBL3892201,COc1ccc(-c2ccccc2N2CCN(CCCCCC(=O)N[C@@H](C)c3ccccc3)CC2)cc1,6.19
CHEMBL4248597,O=S(=O)(c1cccc2ncccc12)N1CCC[C@@H]1CCN1CCN(c2cccc3[nH]ccc23)CC1,6.19
CHEMBL582877,CC1(C)N=C(N)N=C(Nc2cccc(Br)c2)N1,6.16
CHEMBL3986254,COc1ccc(-c2ccccc2N2CCN(CCCCCC(=O)N[C@@H](C)c3ccc(C#N)cc3)CC2)cc1,6.16
CHEMBL251861,CN(C)c1cc(Cl)c2c(c1)NC(=O)C(C)(c1ccccc1)C2=O,6.15
CHEMBL723,COc1ccccc1OCCNCC(O)COc1cccc2[nH]c3ccccc3c12,6.15
CHEMBL4128338,O=S(=O)(c1ccccc1)n1cc(C2=CCNCC2)c2ccc3ncccc3c21,6.15
CHEMBL404552,COc1cc2c(c(OC)c1)C(=O)C(C)(c1ccccc1)C(=O)N2,6.14
CHEMBL3932551,COc1ccc(-c2ccccc2N2CCN(CCCCCC(=O)N[C@H](C)c3ccccc3)CC2)cc1,6.14
CHEMBL191972,Nc1ccc(S(=O)(=O)C2CCc3ccccc32)cc1,6.13
CHEMBL3924375,COc1ccc(-c2ccccc2N2CCN(CCCCCC(=O)NCc3ccc(C#N)cc3)CC2)cc1,6.13
CHEMBL3753318,C=CCN(CC=C)CCc1c[nH]c2ccc(C)cc12,6.13
CHEMBL2442272,N=C1NC(=O)/C(=C\c2c[nH]c3ccc(Br)cc23)N1,6.13
CHEMBL1949970,Cl.O=S(=O)(NCCCCN1CCN(c2ccc(Cl)cc2)CC1)c1cncc2ccccc12,6.12
CHEMBL1782367,FC(F)(F)c1ccc(Sc2ccc3c(c2)N2CCNCC2C3)cc1,6.12
CHEMBL4103891,N#Cc1cc2cn(S(=O)(=O)c3cccc4ccccc34)c3cccc(o1)c23,6.12
CHEMBL4245997,O=S(=O)(c1cncc2ccccc12)N1CCC[C@@H]1CCN1CCN(c2cccc3[nH]ccc23)CC1,6.12
CHEMBL41,CNCCC(Oc1ccc(C(F)(F)F)cc1)c1ccccc1,6.11
CHEMBL64715,COc1ccc(NS(=O)(=O)c2cn(C)cn2)cc1N1CCN(C)CC1,6.1
CHEMBL4066426,O=S(=O)(c1cccc2ncccc12)N1CCC(CCN2CCN(c3ccc(Cl)c(Cl)c3)CC2)CC1,6.1
CHEMBL3664762,Cc1cc(S(=O)(=O)c2cncnc2)cc2c3c(n(C)c12)CC1CCC3N1,6.1
CHEMBL1950748,Cn1c2c(c3cccc(S(=O)(=O)c4ccccc4)c31)C1CCC(C2)N1,6.09
CHEMBL4166780,Cc1nc2c(N3CCNCC3)ccnc2n1Cc1ccccc1Cl,6.08
CHEMBL3895172,O=C(CCOCCN1CCN(c2ccccc2-c2ccccc2)CC1)NCc1ccc(C(F)(F)F)cc1,6.08
CHEMBL2058704,C/N=C1\NC(=O)/C(=C/c2c[nH]c3ccc(Br)cc23)N1,6.07
CHEMBL395110,CN1CCCC(CN2c3ccccc3Sc3ccccc32)C1,6.07
CHEMBL95104,O=S(=O)(c1ccc2cc[nH]c2c1)N1CCC[C@@H]1CCN1CCC(Oc2ccc(Cl)cc2)CC1,6.07
CHEMBL3971125,COc1ccc(-c2ccccc2N2CCN(CCCCCC(=O)N[C@H](C)c3ccc(C#N)cc3)CC2)cc1,6.07
CHEMBL631,CCCNCC(O)COc1ccccc1C(=O)CCc1ccccc1,6.06
CHEMBL252496,CC1(c2ccc(Cl)cc2)C(=O)Nc2cc(Cl)cc(Cl)c2C1=O,6.06
CHEMBL4285281,COc1cc2c3c(c1OC)-c1ccccc1[C@@H](O)[C@@H]3NCC2,6.06
CHEMBL3764133,Cl.O=C(CCCCN1CCN(c2ccccc2O)CC1)n1c2ccccc2c2ccccc21,6.06
CHEMBL30713,CC(N)Cc1c[nH]c2ccccc12,6.04
CHEMBL3910730,N#Cc1ccc(CNC(=O)CCCCCN2CCN(c3ccc(F)cc3-c3ccc(C#N)cc3)CC2)cc1,6.03
CHEMBL253061,CC1(c2ccc(I)cc2)C(=O)Nc2cc(Cl)cc(Cl)c2C1=O,6.02
CHEMBL2159476,O=S(=O)(NC1CCN(CCOc2ccccc2)C1)c1ccc(Cl)s1,6.02
CHEMBL2159482,O=S(=O)(NC1CCN(CCOc2cccc(F)c2)C1)c1ccc(F)c(F)c1,6.02
CHEMBL4241081,O=S(=O)(c1cccc2ncccc12)N1CCCC[C@@H]1CCN1CCN(c2nsc3ccccc23)CC1,6.02
CHEMBL1950771,Cn1ccc(S(=O)(=O)c2ccc3c(c2)c2c(n3C)CC3CCC2N3)n1,6.0
CHEMBL407860,O=S(=O)(Nc1ccc2c(ccn2CCCN2CCCCC2)c1)c1c(Cl)nc2sccn12,6.0
CHEMBL4238124,O=S(=O)(c1cccc2ncccc12)N1CCC[C@@H]1CCN1CCN(c2cccc3c2OCCO3)CC1,6.0
CHEMBL47050,OC1(c2ccc(Cl)c(C(F)(F)F)c2)CCN(CCCC(c2ccc(F)cc2)c2ccc(F)cc2)CC1,6.0
CHEMBL4100470,O=S(=O)(c1cncc2ccccc12)N1CCC(CCN2CCN(c3cccc(C(F)(F)F)c3)CC2)CC1,5.99
CHEMBL4080398,O=S(=O)(c1cccc2ncccc12)N1CCC(CCN2CCN(c3ccc(Cl)cc3)CC2)CC1,5.99
CHEMBL3950020,O=C(CCOCCN1CCN(c2ncccc2-c2ccccc2)CC1)NCc1ccc(C(F)(F)F)cc1,5.98
CHEMBL4086211,O=S(=O)(c1cncc2ccccc12)N1CCC(CCN2CCN(c3ccc(Cl)c(Cl)c3)CC2)CC1,5.98
CHEMBL3894679,O=C(CCOCCN1CCN(c2ncccc2-c2ccc(F)cc2)CC1)NCc1ccc(C(F)(F)F)cc1,5.97
CHEMBL3696974,CN(C)C(=O)c1cc(S(=O)(=O)c2ccccc2)cc2c3c(oc12)CCNC3,5.96
CHEMBL643,CC(CN1c2ccccc2Sc2ccccc21)N(C)C,5.95
CHEMBL4214709,O=C1Nc2ccccc2C12CCN(CCN1CCN(c3ccc(Cl)c(Cl)c3)CC1)C2,5.95
CHEMBL1548,NC1=Nc2ccc(Cl)c(Cl)c2CN1,5.94
CHEMBL2377445,O=C1CC(c2c[nH]c3ccccc23)C(=O)N1CCN1CCC(c2c[nH]c3ccc(F)cc23)CC1,5.94
CHEMBL3906408,O=C(CCCCCN1CCN(c2ccccc2-c2ccccc2)CC1)NCc1ccc(OCCCN2CCOCC2)cc1,5.94
CHEMBL4096866,O=S(=O)(c1cncc2ccccc12)N1CCC(CCN2CCN(c3cccc(Cl)c3)CC2)CC1,5.93
CHEMBL240045,CC(C(=O)N1c2ccccc2Sc2ccccc21)c1ccccc1,5.92
CHEMBL3260788,O=C1CC(c2ccccc2)CN1c1ccc2c(c1)CCCNC2,5.92
CHEMBL3361001,Cl.Cn1c(=O)c2c(ncn2CCCCCN2CCN(c3cccc(Cl)c3)CC2)n(C)c1=O,5.92
CHEMBL190468,Nc1ccc(S(=O)(=O)Nc2ccc3cc[nH]c3c2)cc1,5.9
CHEMBL4164639,Clc1cccc(CCn2cnc3c(N4CCNCC4)ccnc32)c1,5.9
CHEMBL4242268,O=S(=O)(c1cncc2ccccc12)N1CCC[C@@H]1CCN1CCN(c2cccc3c2OCCO3)CC1,5.9
CHEMBL4240642,O=S(=O)(c1ccnc2ccccc12)N1CCCC[C@@H]1CCN1CCN(c2nsc3ccccc23)CC1,5.9
CHEMBL4172521,Fc1cccc(CCn2cnc3c(N4CCNCC4)ccnc32)c1,5.89
CHEMBL2159469,O=C(NC1CCN(CCOc2ccccc2-c2ccccc2)C1)c1ccc2ccccc2n1,5.88
CHEMBL3692847,[C-]#[N+]c1ccc(S(=O)(=O)c2ccc3oc4c(c3c2)CNCC4)cc1,5.88
CHEMBL3984541,COc1ccc(-c2ccccc2N2CCN(CCCCCC(=O)NCc3ccc(OCCO)cc3)CC2)cc1,5.87
CHEMBL1491,CCOC(=O)C1=C(COCCN)NC(C)=C(C(=O)OC)C1c1ccccc1Cl,5.87
CHEMBL27,CC(C)NCC(O)COc1cccc2ccccc12,5.85
CHEMBL2442274,N=C1NC(=O)/C(=C\c2c[nH]c3c(Br)cccc23)N1,5.85
CHEMBL2058415,C/N=C1\NC(=O)/C(=C\c2c[nH]c3cccc(Br)c23)N1C,5.85
CHEMBL4162688,CC(NCCC(Cc1ccccc1)c1ccco1)c1ccc(Cl)cc1,5.85
CHEMBL4293307,COc1ccc(N(CCCCN2CCC(O)(c3ccc(Cl)c(C(F)(F)F)c3)CC2)c2ccc(OC)cc2)cc1,5.85
CHEMBL4076525,O=S(=O)(c1cccc2ncccc12)N1CCC(CCN2CCN(c3ccc(F)cc3)CC2)CC1,5.84
CHEMBL4247770,O=S(=O)(c1cncc2ccccc12)N1CCC[C@H]1CCN1CCN(c2cccc3c2OCCO3)CC1,5.83
CHEMBL3968569,CN(C)Cc1ccc(CNC(=O)CCCCCN2CCN(c3ccccc3-c3ccccc3)CC2)cc1,5.82
CHEMBL1949968,Cl.O=S(=O)(NCCCCN1CCN(c2ccc(Cl)cc2)CC1)c1ccc2ncccc2c1,5.81
CHEMBL4213352,COc1ccccc1N1CCN(CCOCCOc2cc(C)cc(C)c2C)CC1.Cl.Cl,5.81
CHEMBL522691,N#Cc1ccc(CNC(=O)CCCCCN2CCN(c3ccccc3-c3ccccc3)CC2)cc1,5.8
CHEMBL3896355,COc1ccc(-c2ccccc2N2CCN(CCCCCC(=O)NCc3ccc(OCCCN4CCOCC4)cc3)CC2)cc1,5.79
CHEMBL3922670,N#Cc1ccc(CNC(=O)CCOCCN2CCN(c3ncccc3-c3ccc(F)cc3)CC2)cc1,5.79
CHEMBL3904094,N#Cc1ccc(CNC(=O)CCOCCN2CCN(c3ncccc3-c3ccccc3)CC2)cc1,5.79
CHEMBL4278465,OC1(c2ccc(Cl)c(C(F)(F)F)c2)CCN(CCCCN(c2ccc(F)cc2)c2ccc(F)cc2)CC1,5.78
CHEMBL1644978,OC1(c2ccc(Cl)c(C(F)(F)F)c2)CCN(CCCCC(c2ccc(F)cc2)c2ccc(F)cc2)CC1,5.78
CHEMBL4291048,OC1(c2ccc(Cl)c(C(F)(F)F)c2)CCN(CCCN(c2ccc(F)cc2)c2ccc(F)cc2)CC1,5.78
CHEMBL3955917,COc1ccc(-c2ccccc2N2CCN(CCCCCC(=O)NCc3ccc(OCCN4CCOCC4)cc3)CC2)cc1,5.77
CHEMBL4208468,O=C1Nc2ccccc2C12CCN(CCN1CCC(Oc3ccc(Cl)cc3)CC1)C2,5.77
CHEMBL1644980,OC1(c2ccc(Cl)c(C(F)(F)F)c2)CCN(CCCC(c2ccccc2)c2ccccc2)CC1,5.77
CHEMBL1949969,Cl.O=S(=O)(NCCCCN1CCN(c2ccc(Cl)cc2)CC1)c1ccc2cccnc2c1,5.76
CHEMBL3752576,C=CCN(CC=C)CCc1c[nH]c2ccccc12,5.76
CHEMBL3977072,O=C(CCCCCN1CCN(c2ccccc2-c2ccccc2)CC1)NCc1ccc(OCCN2CCOCC2)cc1,5.76
CHEMBL411663,O=C1Nc2ccc(F)cc2C1CCCCN1CCN(c2ccccc2)CC1,5.75
CHEMBL3233675,CC1(C)C(=O)N(Cc2ccc(F)cc2)C(=O)N1CCCCCN1CCN(c2ccc(F)cc2)CC1.Cl,5.75
CHEMBL2159468,CC(C)c1ccccc1OCCN1CCC(NC(=O)c2ccc3ccccc3n2)C1,5.75
CHEMBL2159467,O=C(NC1CCN(CCOc2ccccc2-c2ccccc2)C1)c1cccc(F)c1F,5.75
CHEMBL2159473,O=S(=O)(NC1CCN(CCOc2cccc(F)c2)C1)c1cccs1,5.75
CHEMBL4177293,Cc1ccc(C(C)NCCC(c2ccc(F)cc2)c2ccco2)cc1,5.75
CHEMBL4243036,O=c1[nH]c2c(N3CCN(CC[C@H]4CCCN4S(=O)(=O)c4cncc5ccccc45)CC3)cccc2o1,5.74
CHEMBL4094953,CN1CCN(c2nc(N)nc(Cc3ccncc3)n2)CC1,5.74
CHEMBL4129589,c1ccc2c(OCCCCCN3CCCCCC3)cccc2c1,5.74
CHEMBL4089427,O=S(=O)(c1cncc2ccccc12)N1CCC(CCN2CCN(c3ccc(F)cc3)CC2)CC1,5.73
CHEMBL3260806,O=C1OC(c2ccccc2Cl)CN1c1ccc(N2CCNCC2)cc1,5.72
CHEMBL3360998,Cl.Cn1c(=O)c2c(ncn2CCCCN2CCN(c3ccc(Cl)c(Cl)c3)CC2)n(C)c1=O,5.72
CHEMBL4174981,O=C1N(Cc2ccccc2)C(c2ccccc2)=NC1(Nc1ccccn1)C(F)(F)F,5.72
CHEMBL1917359,CCN(CCCCN1CCC2CCCCC2C1)S(=O)(=O)c1cccc2cccnc12,5.71
CHEMBL2355051,CCN(CC)CCOc1ccc(C(=C(Cl)c2ccccc2)c2ccccc2)cc1,5.71
CHEMBL3360995,COc1ccccc1N1CCN(CCCCn2cnc3c2c(=O)n(C)c(=O)n3C)CC1.Cl,5.71
CHEMBL3233672,CC1(C)C(=O)N(Cc2ccccc2)C(=O)N1CCCCCN1CCN(c2ccc(F)cc2)CC1.Cl,5.71
CHEMBL71707,O=C(/C=C/c1ccc(Cl)c(Cl)c1)N[C@H]1CC[C@@H](CN2[C@H]3CC[C@@H]2C[C@@H](c2c[nH]c4ccc(O)cc24)C3)CC1,5.7
CHEMBL4211253,O=C1Nc2ccccc2C12CCN(CCN1CCN(c3cccc(Cl)c3)CC1)C2,5.7
CHEMBL4242170,O=S(=O)(c1cncc2ccccc12)N1CCC[C@H]1CCN1CCN(c2cccc3[nH]ccc23)CC1,5.69
CHEMBL4203310,Cc1cc(C)c(OCCOCCN2CCN(CCc3ccccc3)CC2)c(C)c1.Cl.Cl,5.67
CHEMBL1949971,Cl.O=S(=O)(NCCCCCN1CCN(c2ccc(Cl)cc2)CC1)c1cnc2ccccc2c1,5.66
CHEMBL3941102,O=C(CCOCCN1CCN(c2cccnc2-c2ccccc2)CC1)NCc1ccc(C(F)(F)F)cc1,5.66
CHEMBL4209942,Oc1ccccc1C1=NC(Cc2c[nH]cn2)C(c2ccccc2)S1,5.66
CHEMBL2058418,C/N=C1\NC(=O)/C(=C\c2c[nH]c3c(Br)cccc23)N1C,5.64
CHEMBL4238029,O=S(=O)(c1cccc2ncccc12)N1CCC[C@H]1CCN1CCN(c2cccc3[nH]ccc23)CC1,5.64
CHEMBL534703,Cl.c1ccc2c(C[C@@H]3CCCN3)c[nH]c2c1,5.62
CHEMBL4207653,COc1ccccc1N1CCN(CCOCCOc2c(C)cc(C)cc2C)CC1.Cl.Cl,5.62
CHEMBL4174845,COc1ccc(CNCCC(c2ccco2)c2ccccc2OC)cc1,5.62
CHEMBL4075422,O=S(=O)(c1cncc2ccccc12)N1CCC(CCN2CCN(c3ccccc3)CC2)CC1,5.62
CHEMBL3923145,O=C(CCOCCN1CCN(c2ccccc2-c2ccccc2)CC1)NCc1ccncc1,5.6
CHEMBL3233671,CC1(C)C(=O)N(Cc2ccccc2)C(=O)N1CCCCCN1CCN(c2ccccc2F)CC1.Cl,5.6
CHEMBL4241830,O=S(=O)(c1cccc2ncccc12)N1CCC[C@H]1CCN1CCN(c2cccc3c2OCCO3)CC1,5.6
CHEMBL4164143,Cc1ccc(C(CCNC(C)c2ccc(Cl)cc2)c2ccco2)cc1,5.6
CHEMBL4126145,c1ccc2c(OCCCCCN3CCCCC3)cccc2c1,5.59
CHEMBL3976948,O=C(CCOCCN1CCN(c2cccnc2-c2ccc(F)cc2)CC1)NCc1ccc(C(F)(F)F)cc1,5.58
CHEMBL4212435,C[C@@H]1SC(c2ccccc2O)=N[C@H]1Cc1c[nH]cn1,5.58
CHEMBL4164250,COc1cc(CNCCC2=CCCCC2)ccc1OCc1ccccc1,5.57
CHEMBL3290576,CN1CCN(c2nc(N)nc(-c3ccc(Cl)cc3)n2)CC1,5.57
CHEMBL1949962,Cl.O=S(=O)(NCCCN1CCN(c2ccc(Cl)cc2)CC1)c1cncc2ccccc12,5.56
CHEMBL3947670,N#Cc1ccc(CNC(=O)CCOCCN2CCN(c3cccnc3-c3ccc(F)cc3)CC2)cc1,5.55
CHEMBL4209807,O=C1Nc2ccccc2C12CCN(CCN1CCN(c3ccccc3Cl)CC1)C2,5.55
CHEMBL3233678,CC1(C)C(=O)N(Cc2ccc(Cl)cc2Cl)C(=O)N1CCCCCN1CCN(c2ccc(Cl)cc2)CC1.Cl,5.54
CHEMBL1762577,Cc1cc(C)n2nc([S+](C)[O-])c(S(=O)(=O)c3ccccc3)c2n1,5.53
CHEMBL3233670,COc1cccc(N2CCN(CCCCCN3C(=O)N(Cc4ccccc4)C(=O)C3(C)C)CC2)c1.Cl,5.53
CHEMBL3770342,NC1=NC2(CCCCC2)NC(Nc2cccc(Br)c2)=N1,5.52
CHEMBL4247275,O=c1[nH]c2c(N3CCN(CC[C@@H]4CCCN4S(=O)(=O)c4cncc5ccccc45)CC3)cccc2o1,5.52
CHEMBL3233402,CN1C(=O)N(CCCCCN2CCN(c3ccccc3)CC2)C(c2ccccc2)(c2ccccc2)C1=O.Cl,5.51
CHEMBL3403335,O=S(=O)(c1ccccc1)N1C=Cc2ccccc2C1c1c[nH]c2ccccc12,5.51
CHEMBL116448,CC1CCN(CC[C@H]2CCCN2S(=O)(=O)c2cccc(Br)c2)CC1,5.5
CHEMBL4175296,CCC1(C)CC(CCNCc2ccc(OC)c(OC)c2)(c2ccc(C)cc2)CCO1,5.47
CHEMBL3913100,N#Cc1ccc(CNC(=O)CCOCCN2CCN(c3cccnc3-c3ccccc3)CC2)cc1,5.46
CHEMBL3770106,CCOC(=O)c1cccc(NC2=NC(N)=NC3(CCCCC3)N2)c1,5.45
CHEMBL2058703,C/N=C1\NC(=O)/C(=C/c2c[nH]c3cccc(Br)c23)N1,5.43
CHEMBL1613157,COc1ccc(CNCCC(c2ccccc2)c2ccc3c(c2)OCO3)cc1,5.43
CHEMBL1949966,Cl.O=S(=O)(NCCCCN1CCN(c2cccc(Cl)c2)CC1)c1cccc2cccnc12,5.42
CHEMBL4061131,O=S(=O)(c1cncc2ccccc12)N1CCC(CCN2CCN(c3cccc(F)c3)CC2)CC1,5.42
CHEMBL402143,COc1c(OCCF)cccc1C(O)C1CCN(CCc2ccc(F)cc2)CC1,5.41
CHEMBL4240910,O=c1[nH]c2c(N3CCN(CC[C@@H]4CCCN4S(=O)(=O)c4cccc5ncccc45)CC3)cccc2o1,5.41
CHEMBL191460,CN(C)CCN(Cc1ccc(-c2ccc(CNCCc3ccccc3)cc2)cc1)C(=O)CCC1CCCC1.O=C(O)C(F)(F)F.O=C(O)C(F)(F)F,5.4
CHEMBL309750,Brc1ccc2ccn(CCN3CCCN4CCCCC4C3)c2c1,5.39
CHEMBL3260793,O=C1CC(c2ccccc2)CN1c1cncc(N2CCNCC2)c1,5.39
CHEMBL191844,Nc1ccc(SC2CCc3ccccc32)cc1,5.38
CHEMBL3233668,CC1(C)C(=O)N(Cc2ccccc2)C(=O)N1CCCCCN1CCN(c2ccccc2)CC1.Cl,5.36
CHEMBL193637,Nc1ccc(CC2C=Cc3ccccc32)cc1,5.35
CHEMBL3706857,CN(C)CCc1cn2c3c(cccc13)-c1ccccc1S2(=O)=O,5.35
CHEMBL1917360,CCN(CCCCCN1CCC2CCCCC2C1)S(=O)(=O)c1cccc2cccnc12,5.34
CHEMBL4214208,O=C1Nc2ccccc2C12CCN(CCN1CCC(c3ccc(Cl)cc3)CC1)C2,5.34
CHEMBL3770981,CCOC(=O)c1cccc(NC2=NC(N(C)C)=NC3(CCCCC3)N2)c1,5.32
CHEMBL4207835,O=C1Nc2ccccc2C12CCN(CCN1CCN(c3ccc(F)cc3)CC1)C2,5.32
CHEMBL4218625,O=C1Nc2ccccc2C12CCN(CCN1CCN(c3ccc(Cl)cc3)CC1)C2,5.32
CHEMBL1949978,Cl.O=S(=O)(NCCCN1CCN(c2cccc(Cl)c2)CC1)c1cnc2ccccc2c1,5.3
CHEMBL808,Clc1ccc(COC(Cn2ccnc2)c2ccc(Cl)cc2Cl)cc1,5.3
CHEMBL91,Clc1ccc(COC(Cn2ccnc2)c2ccc(Cl)cc2Cl)c(Cl)c1,5.3
CHEMBL3360996,Cl.Cn1c(=O)c2c(ncn2CCCCN2CCN(c3cccc(Cl)c3)CC2)n(C)c1=O,5.29
CHEMBL4166667,Cc1ccc(COc2ccc(Br)cc2CNC(C)c2ccccc2)cc1,5.29
CHEMBL4202520,O=C1Nc2ccccc2C12CCN(CCN1CCC(c3ccc(F)cc3)CC1)C2,5.28
CHEMBL4170813,CCC1(C)CC(CCNCc2ccccc2)(c2ccc(C)cc2)CCO1,5.25
CHEMBL4206881,O=C1Nc2ccccc2C12CCN(CCCN1CCN(c3ccc(Cl)cc3)CC1)C2,5.25
CHEMBL3260784,O=C1CSC2(C(=O)Nc3ccccc32)N1c1ccccc1,5.24
CHEMBL4160177,Cc1ccc(C(C)(C)CC(C)NCc2ccc(C(F)(F)F)cc2)o1,5.24
CHEMBL2401935,COc1ccccc1N1CCN(Cc2ccc3oc4ccccc4c(=O)c3c2)CC1.Cl,5.23
CHEMBL3771331,CCNC(=O)c1cccc(NC2=NC(N)=NC3(CCCCC3)N2)c1,5.23
CHEMBL364089,Nc1ccc(CC2CCc3ccccc32)cc1,5.21
CHEMBL282199,CC1CCN(CC[C@H]2CCCN2S(=O)(=O)c2cccc(O)c2)CC1,5.2
CHEMBL4202947,O=C1Nc2ccccc2C12CCN(CCN1CC=C(c3ccc(F)cc3)CC1)C2,5.2
CHEMBL1949979,Cl.O=S(=O)(NCCCN1CCN(c2ccc(Cl)cc2)CC1)c1cnc2ccccc2c1,5.18
CHEMBL4206366,O=C1Nc2ccccc2C12CCN(CCN1CCN(c3ccccc3)CC1)C2,5.18
CHEMBL4076903,O=S(=O)(c1cccc2ncccc12)N1CCC(CCN2CCN(c3ccccc3)CC2)CC1,5.17
CHEMBL3233673,CC1(C)C(=O)N(Cc2ccccc2)C(=O)N1CCCCCN1CCN(c2ccc(F)cc2F)CC1.Cl,5.13
CHEMBL4203581,O=C(c1ccc(Cl)cc1)N1CCN(CCN2CCC3(C2)C(=O)Nc2ccccc23)CC1,5.11
CHEMBL391661,Cc1ccc2c(OCCN3CCC(Cc4cc5c(cc4F)OCC(=O)N5)CC3)cc(Cl)cc2n1,5.1
CHEMBL4217398,CC(C)(C)OC(=O)NCCCCCCn1cc(CCCCN2CCC(c3ccc(-c4cc(C(=O)O)cc5cc(-c6ccc(C(F)(F)F)cc6)ccc45)cc3)CC2)nn1,5.1
CHEMBL3233674,CC1(C)C(=O)N(Cc2ccc(F)cc2)C(=O)N1CCCCCN1CCN(c2ccc(F)cc2F)CC1.Cl,5.09
CHEMBL4077538,O=S(=O)(c1cccc2ncccc12)N1CCC(CCN2CCN(c3cccc(F)c3)CC2)CC1,5.08
CHEMBL3233669,COc1ccccc1N1CCN(CCCCCN2C(=O)N(Cc3ccccc3)C(=O)C2(C)C)CC1.Cl,5.07
CHEMBL554985,CN1CCC[C@H]1Cn1ccc2ccccc21.Cl,5.06
CHEMBL3361000,COc1ccccc1N1CCN(CCCCCn2cnc3c2c(=O)n(C)c(=O)n3C)CC1.Cl,5.05
CHEMBL3217036,COc1ccc2c(=O)c3cc(CN4CCN(Cc5ccccc5)CC4)ccc3oc2c1.Cl.Cl,5.05
CHEMBL4166092,O[C@H](CCN1CCc2onc(-c3ccc(F)c(F)c3)c2C1)c1ccccc1,5.05
CHEMBL3361004,Cl.Cn1c(=O)c2c(ncn2CCCCCN2CCc3ccccc3C2)n(C)c1=O,5.04
CHEMBL2401931,COc1ccc2c(=O)c3cccc(CN4CCN(c5ccccc5OC)CC4)c3oc2c1.Cl,5.03
CHEMBL3233665,CN1C(=O)N(CCCCCN2CCN(c3ccccc3)CC2)C(C)(c2ccccc2)C1=O.Cl,5.02
CHEMBL3403332,O=S(=O)(Nc1cc2c(c3ccccc13)OC1(N3CCOCC3)CCCCC21)c1ccccc1,5.01
CHEMBL3360999,Cl.Cn1c(=O)c2c(ncn2CCCCCN2CCN(c3ccccc3)CC2)n(C)c1=O,4.99
CHEMBL1949974,Cl.O=S(=O)(c1cnc2ccccc2c1)N1CCC(CN2CCN(c3ccc(Cl)cc3)CC2)CC1,4.98
CHEMBL3233679,COc1ccccc1N1CCN(CC(O)CN2C(=O)NC(C)(c3ccc(F)cc3)C2=O)CC1.Cl,4.97
CHEMBL3403345,Cc1ccc(Cl)cc1N(C)C(=O)c1cn(-c2ccc(F)cc2F)c(=O)c2ccccc12,4.95
CHEMBL371048,Nc1ccc(CC2=CCc3ccccc32)cc1,4.93
CHEMBL3361003,Cl.Cn1c(=O)c2c(ncn2CCCCN2CCc3ccccc3C2)n(C)c1=O,4.93
CHEMBL3360992,COc1ccccc1N1CCN(CCCn2cnc3c2c(=O)n(C)c(=O)n3C)CC1.Cl,4.92
CHEMBL3403330,O=S(=O)(Nc1ccn(Cc2cccc3ccccc23)n1)c1ccc(Br)s1,4.92
CHEMBL3361002,Cl.Cn1c(=O)c2c(ncn2CCCN2CCc3ccccc3C2)n(C)c1=O,4.91
CHEMBL3403336,Brc1ccc2c(c1)c1c3n2CCN(Cc2ccccc2)C3CCC1,4.89
CHEMBL1323386,O=S1(=O)c2ccccc2N(Cc2ccc(Cl)cc2F)c2ccccc21,4.88
CHEMBL2401934,COc1ccc2c(=O)c3cc(CN4CCN(c5ccccc5OC)CC4)ccc3oc2c1.Cl,4.87
CHEMBL3360994,Cl.Cn1c(=O)c2c(ncn2CCCCN2CCN(c3ccccc3)CC2)n(C)c1=O,4.85
CHEMBL1917358,CCN(CCCCN1CCC2CCCCC2C1)S(=O)(=O)c1cnc2ccccc2c1,4.84
CHEMBL3216145,Cl.Cl.Cl.O=c1c2ccc(Cl)cc2oc2c(CN3CCN(CCO)CC3)cccc12,4.84
CHEMBL3233667,COc1ccccc1N1CCN(CCCCCN2C(=O)N(C)C(=O)C2(C)c2ccccc2)CC1.Cl,4.83
CHEMBL1576791,O=S(=O)(Nc1cc(Sc2cccc3cccnc23)c(O)c2ccccc12)c1ccccc1,4.81
CHEMBL3403340,COc1cccc(-n2cc(C(=O)N(C)c3cccc(Cl)c3)c3ccccc3c2=O)c1,4.78
CHEMBL1949977,Cl.O=S(=O)(c1cncc2ccccc12)N1CCC(CCN2CCN(c3ccc(Cl)cc3)CC2)CC1,4.78
CHEMBL1949975,Cl.O=S(=O)(c1ccc2cccnc2c1)N1CCC(CN2CCN(c3ccc(Cl)cc3)CC2)CC1,4.77
CHEMBL3215930,COc1ccc2c(=O)c3cc(CN4CCN(C)CC4)ccc3oc2c1.Cl.Cl,4.72
CHEMBL97017,COc1cccc2c(CCN(C)C)c[nH]c12,4.71
CHEMBL3215698,CN1CCN(Cc2cccc3c(=O)c4ccc(Cl)cc4oc23)CC1.Cl.Cl.Cl,4.71
CHEMBL3403339,O=c1ccc(-c2ccc(S(=O)(=O)Nc3cccc4c3CCCC4)s2)n[nH]1,4.7
CHEMBL3360991,Cl.Cn1c(=O)c2c(ncn2CCCN2CCN(c3ccccc3)CC2)n(C)c1=O,4.7
CHEMBL3360993,Cl.Cn1c(=O)c2c(ncn2CCCN2CCN(c3cccc(Cl)c3)CC2)n(C)c1=O,4.69
CHEMBL1916746,CN1C(=O)N(CC(O)CN2CCN(c3ccccc3)CC2)C(c2ccccc2)(c2ccccc2)C1=O,4.69
CHEMBL1949976,Cl.O=S(=O)(c1cnc2ccccc2c1)N1CCC(CCN2CCN(c3ccc(Cl)cc3)CC2)CC1,4.61
CHEMBL3233666,CN1C(=O)N(CCCCCN2CCN(c3ccccc3F)CC2)C(C)(c2ccccc2)C1=O.Cl,4.59
CHEMBL1916745,COc1ccccc1N1CCN(CCCN2C(=O)N(C)C(=O)C2(c2ccccc2)c2ccccc2)CC1,4.54
ZINC000247749760,CO[C@H]1C[C@@H](O[C@H]2C[C@H]([C@H]3O[C@](C)(O)[C@H](C)C[C@@H]3C)O[C@H]2[C@]2(C)CC[C@H]([C@]3(C)CC[C@]4(C[C@H](O)[C@@H](C)[C@@H]([C@@H](C)[C@@H]5O[C@](O)(CC(=O)O)[C@@H](C)[C@H](OC)[C@H]5OC)O4)O3)O2)O[C@@H](C)[C@@H]1OC,9.1
ZINC000095544869,COc1ccc(NS(=O)(=O)c2cccc3c(N(C)C)cccc23)cc1N1CCN(CCCCCCCCNS(=O)(=O)c2cccc3c(N(C)C)cccc23)CC1,6.71
ZINC000095544847,COc1ccc(N(CCCCCCCCNS(=O)(=O)c2cccc3c(N(C)C)cccc23)S(=O)(=O)c2sc3ccc(Cl)cc3c2C)cc1N1CCNCC1,6.67
ZINC000095544862,COc1ccc(NS(=O)(=O)c2sc3ccc(Cl)cc3c2C)cc1N1CCN(CCCCCCCCNS(=O)(=O)c2cccc3c(N(C)C)cccc23)CC1,6.35
ZINC000095544868,COc1ccc(NS(=O)(=O)c2cccc3c(N(C)C)cccc23)cc1N1CCN(CCCCCCNS(=O)(=O)c2cccc3c(N(C)C)cccc23)CC1,6.26
ZINC000095544848,Cc1c(S(=O)(=O)Nc2ccc(OCCCCCCCCNS(=O)(=O)c3cccc4c(N(C)C)cccc34)c(N3CCNCC3)c2)sc2ccc(Cl)cc12,6.13
ZINC000095544845,COc1ccc(NS(=O)(=O)c2sc3ccc(Cl)cc3c2C)cc1N1CCN(CCCCCCNS(=O)(=O)c2cccc3c(N(C)C)cccc23)CC1,6.58
ZINC000072148959,COc1ccc(NS(=O)(=O)c2cccc3c(N(C)C)cccc23)cc1N1CCN(CCCCNS(=O)(=O)c2cccc3c(N(C)C)cccc23)CC1,6.76
ZINC000095544846,COc1ccc(N(CCCCNS(=O)(=O)c2cccc3c(N(C)C)cccc23)S(=O)(=O)c2sc3ccc(Cl)cc3c2C)cc1N1CCNCC1,6.13
ZINC000072147798,COc1ccc(N(S(=O)(=O)c2cccc3c(N(C)C)cccc23)S(=O)(=O)c2cccc3c(N(C)C)cccc23)cc1N1CCNCC1,6.87
ZINC000072148953,COc1ccc(N(S(=O)(=O)c2sc3ccc(Cl)cc3c2C)S(=O)(=O)c2cccc3c(N(C)C)cccc23)cc1N1CCNCC1,7.57
ZINC000072148951,COc1ccc(NS(=O)(=O)c2sc3ccc(Cl)cc3c2C)cc1N1CCN(S(=O)(=O)c2cccc3c(N(C)C)cccc23)CC1,6.78
ZINC000053683151,CC(C)C[C@H]1C(=O)N2CCC[C@H]2[C@]2(O)O[C@](NC(=O)[C@@H]3C=C4c5cccc6[nH]c(Br)c(c56)C[C@H]4N(C)C3)(C(C)C)C(=O)N12,8.0
ZINC000003978005,CN1C[C@H](C(=O)N[C@]2(C)O[C@@]3(O)[C@@H]4CCCN4C(=O)[C@H](Cc4ccccc4)N3C2=O)C[C@@H]2c3cccc4[nH]cc(c34)C[C@H]21,8.83
ZINC000052955754,CN1C[C@H](C(=O)N[C@]2(C)O[C@@]3(O)[C@@H]4CCCN4C(=O)[C@H](Cc4ccccc4)N3C2=O)C=C2c3cccc4[nH]cc(c34)C[C@H]21,9.02
ZINC000059796557,CC(C)C[C@H]1C(=O)N2CCC[C@H]2[C@]2(O)O[C@](NC(=O)[C@@H]3C=C4c5cccc6[nH]cc(c56)C[C@H]4N(C)C3)(C(C)C)C(=O)N12,8.12
ZINC000056871297,CC(C)[C@H]1C(=O)N2CCC[C@H]2[C@]2(O)O[C@](NC(=O)[C@@H]3C=C4c5cccc6[nH]cc(c56)C[C@H]4N(C)C3)(C(C)C)C(=O)N12,8.15
ZINC000299866039,Cn1c(=O)c2c(nc3n(CCCCCN4CCN(c5ccc(Cl)cc5)CC4)c(-c4ccccc4)cn23)n(C)c1=O,7.35
ZINC000299871645,O=C1CCc2ccc(OCCCCN3CCC(c4cn(S(=O)(=O)c5ccccc5)c5ccccc45)CC3)cc2N1,6.85
ZINC000299866859,O=C1CCc2ccc(OCCCCN3CC=C(c4cn(S(=O)(=O)c5ccccc5)c5ccccc45)CC3)cc2N1,7.28
ZINC000148678508,O=C1CCc2ccc(OCCCCN3CCN(c4cccc5c4ccn5S(=O)(=O)c4ccccc4)CC3)cc2N1,9.4
ZINC000148604736,CC(C)Oc1ccccc1OCCCCN1CCN(c2cccc3c2ccn3S(=O)(=O)c2ccccc2)CC1,7.96
ZINC000299865049,Cn1c(=O)c2c(nc3n(CCCCN4CCN(c5ccc(Cl)cc5)CC4)c(-c4ccccc4)cn23)n(C)c1=O,6.35
ZINC000148608598,O=C1CCc2ccc(OCCCCN3CCN(c4cccc5c4ccn5Cc4ccccc4F)CC3)cc2N1,7.35
ZINC000148674071,O=C1CCc2ccc(OCCCCN3CCN(c4cccc5c4ccn5Cc4cccc(F)c4)CC3)cc2N1,7.7
ZINC000148714111,O=C1CCc2ccc(OCCCCN3CCN(c4cccc5c4ccn5Cc4ccc(F)cc4)CC3)cc2N1,7.0
ZINC000148685463,O=C1CCc2ccc(OCCCCN3CCN(c4cccc5c4ccn5Cc4cccc(Cl)c4)CC3)cc2N1,8.14
ZINC000148584127,O=C1CCc2ccc(OCCCN3CCN(c4cccc5c4ccn5S(=O)(=O)c4ccccc4)CC3)cc2N1,8.64
ZINC000299855651,O=C1CCc2ccc(OCCCCN3CCC(c4cn(Cc5ccccc5)c5ccccc45)CC3)cc2N1,6.82
ZINC000299866789,O=C1CCc2ccc(OCCCCN3CC=C(c4cn(Cc5ccccc5)c5ccccc45)CC3)cc2N1,7.66
ZINC000206271242,O=C1CCc2ccc(OCCCCN3CCN(c4cccc5c4ccn5Cc4ccccc4)CC3)cc2N1,7.89
ZINC000206272772,CC(C)Oc1ccccc1OCCCN1CCN(c2cccc3c2ccn3S(=O)(=O)c2ccccc2)CC1,8.77
ZINC000064528163,COc1ccc(NS(=O)(=O)c2ccc(-c3ncc(-c4ccc(N(C)C)cc4)o3)cc2)cc1N1CCNCC1,6.28
ZINC000169309771,CCOc1ccccc1N1CCN(CCCN2C(=O)N(C)C(=O)C2(c2ccccc2)c2ccccc2)CC1,5.38
ZINC000084668504,COc1ccccc1N1CCN(CCCCN2C(=O)N(C)C(=O)C2(c2ccccc2)c2ccccc2)CC1,5.45
ZINC000148604946,NC(=O)c1ccccc1OCCCCN1CCN(c2cccc3c2ccn3S(=O)(=O)c2ccccc2)CC1,8.55
ZINC000299859473,NC(=O)c1ccccc1OCCCN1CCC(c2cn(S(=O)(=O)c3ccccc3)c3ccccc23)CC1,7.24
ZINC000299860609,NC(=O)c1ccccc1OCCCN1CC=C(c2cn(S(=O)(=O)c3ccccc3)c3ccccc23)CC1,7.48
ZINC000299861522,O=C1CCc2ccc(OCCCCNCCc3cn(S(=O)(=O)c4ccccc4)c4ccccc34)cc2N1,7.28
ZINC000040862271,Cc1c(Cn2ncc(N3CCNCC3)c(Cl)c2=O)cccc1NC(=O)c1ccc(-c2ccccc2)cc1,5.47
ZINC000040863575,Cc1ccc(Cn2ncc(N3CCNCC3)c(Cl)c2=O)cc1NC(=O)c1ccc(-c2ccccc2)cc1,6.08
ZINC000299857443,O=C([C@@H]1CCCN1C(=O)CCCCN1CCN(c2ccccc2-c2ccccc2)CC1)N1CCCCC1,6.42
ZINC000299861531,NC(=O)[C@@H]1Cc2ccccc2CN1C(=O)CCCCN1CCN(c2ccccc2-c2ccccc2)CC1,6.23
ZINC000148539265,NC(=O)c1ccccc1OCCCN1CCN(c2cccc3c2ccn3S(=O)(=O)c2ccccc2)CC1,9.0
ZINC000040392278,O=S(=O)(c1cccc2ccccc12)c1cccc2oc(N3CCN(CCCc4ccccc4)CC3)nc12,6.9
ZINC000206275042,O=S(=O)(c1ccccc1)n1ccc2c(N3CCN(CCCOc4ccc5ccoc5c4)CC3)cccc21,8.42
ZINC000207280890,COc1ccccc1N1CCN(CCCCCC(=O)NCc2ccccc2-c2ccccc2Cl)CC1,5.88
ZINC000299854747,CC(C)c1ccccc1N1CCN(CCCCCCC(=O)N2CCC[C@H]2C(=O)N2CCCCC2)CC1,6.22
ZINC000064447577,CN1CCN(c2ccc3c(c2)c(S(=O)(=O)c2cccc4ccccc24)nn3Cc2ccccc2)CC1,8.7
ZINC000299862506,Cn1c(=O)c2c(nc3n(CCCCCN4CCN(c5ccc(Cl)cc5)CC4)c(=O)ccn23)n(C)c1=O,6.08
ZINC000299831038,Cn1c(=O)c2c(nc(N3CCOCC3)n2CCCCN2CCN(c3cccc(Cl)c3)CC2)n(C)c1=O,6.68
ZINC000299863769,Cc1cn2c3c(=O)n(C)c(=O)n(C)c3nc2n1CCCCCN1CCN(c2ccc(Cl)c(Cl)c2)CC1,6.39
ZINC000148676074,O=S(=O)(c1ccccc1)n1ccc2c(N3CCN(CCCCOc4ccc(F)cc4)CC3)cccc21,8.16
ZINC000040391174,O=C(Nc1cccc(Cn2ncc(N3CCNCC3)c(Cl)c2=O)c1)c1ccc(-c2ccccc2)cc1,6.31
ZINC000028524642,COc1ccc(NC(=O)N2CCN(c3ccc(-c4ccccc4)cc3)CC2)cc1N1CCN(C)CC1,5.84
ZINC000040847927,CC1=C(CCN(C)C)c2cc(NS(=O)(=O)c3ccc4ccccc4c3)ccc2/C1=C\c1ccccc1,6.67
ZINC000148540314,NC(=O)c1ccccc1OCCCN1CCN(c2cccc3c2ccn3Cc2ccccc2F)CC1,7.64
ZINC000148576200,NC(=O)c1ccccc1OCCCN1CCN(c2cccc3c2ccn3Cc2cccc(F)c2)CC1,8.0
ZINC000148653946,NC(=O)c1ccccc1OCCCN1CCN(c2cccc3c2ccn3Cc2ccc(F)cc2)CC1,7.08
ZINC000148662444,NC(=O)c1ccccc1OCCCN1CCN(c2cccc3c2ccn3Cc2cccc(Cl)c2)CC1,7.9
ZINC000299859051,Cn1c(=O)c2c(nc3n(CCCCN4CCN(c5ccc(Cl)cc5)CC4)c(=O)ccn23)n(C)c1=O,7.07
ZINC000299866709,Cc1cn2c3c(=O)n(C)c(=O)n(C)c3nc2n1CCCCCN1CCN(c2ccc(Cl)cc2)CC1,6.08
ZINC000299855515,Cc1cccc(N2CCN(CCCCn3c(C)cn4c5c(=O)n(C)c(=O)n(C)c5nc34)CC2)c1C,6.29
ZINC000114599089,O=S(=O)(NCCCCN1CCC(c2noc3cc(F)ccc23)CC1)c1ccc2cc(Cl)ccc2c1,8.62
ZINC000148674312,O=S(=O)(c1ccccc1)n1ccc2c(N3CCN(CCCCOc4ccccc4)CC3)cccc21,7.8
ZINC000206272731,O=S(=O)(c1ccccc1)n1ccc2c(N3CCN(CCCOc4ccc(F)cc4)CC3)cccc21,8.27
ZINC000114602922,Cc1c(S(=O)(=O)NCCCCN2CCC(c3noc4cc(F)ccc34)CC2)sc2ccc(F)cc12,8.47
ZINC000114601106,Cc1c(S(=O)(=O)NCCCCN2CCC(c3noc4cc(F)ccc34)CC2)sc2ccc(Cl)cc12,8.74
ZINC000000537755,O=C1NCN(c2ccccc2)C12CCN(CCCC(c1ccc(F)cc1)c1ccc(F)cc1)CC2,5.93
ZINC000299868819,NC(=O)c1ccccc1OCCCN1CCC(c2cn(Cc3ccccc3)c3ccccc23)CC1,6.31
ZINC000299859245,NC(=O)c1ccccc1OCCCN1CC=C(c2cn(Cc3ccccc3)c3ccccc23)CC1,6.23
ZINC000299858913,O=C1CCc2ccc(OCCCCNCCc3cn(Cc4ccccc4)c4ccccc34)cc2N1,6.82
ZINC000066262495,Cc1ccc2c(N3CCN(CCc4cccc(NC(=O)Nc5ccccc5)c4)CC3)cccc2n1,6.5
ZINC000148569000,NC(=O)c1ccccc1OCCCN1CCN(c2cccc3c2ccn3Cc2ccccc2)CC1,7.62
ZINC000207280702,COc1ccccc1N1CCN(CCCCC(=O)NCc2ccccc2-c2ccccc2Cl)CC1,5.82
ZINC000114600619,O=S(=O)(NCCCCN1CCC(c2noc3cc(F)ccc23)CC1)c1ccc(OC(F)(F)F)cc1,7.64
ZINC000003781952,CC(C)(C)c1ccc(C(=O)CCCN2CCC(OC(c3ccccc3)c3ccccc3)CC2)cc1,5.99
ZINC000064453926,O=S(=O)(c1cccc2ccccc12)c1nn(Cc2ccccc2)c2ccc(N3CCNCC3)cc12,8.12
ZINC000013611748,CCCCN(CCCC)CCc1c[nH]c2ccc(NS(=O)(=O)c3cccc4ccccc34)cc12,8.14
ZINC000114599901,O=S(=O)(NCCCN1CCC(c2noc3cc(F)ccc23)CC1)c1ccc(OC(F)(F)F)cc1,7.46
ZINC000299868935,NC(=O)c1ccccc1OCCCNCCc1cn(S(=O)(=O)c2ccccc2)c2ccccc12,7.21
ZINC000028524643,COc1ccc(NC(=O)N2CCN(c3ccc(C(F)(F)F)cc3)CC2)cc1N1CCN(C)CC1,5.54
ZINC000114599351,O=S(=O)(NCCCCN1CCN(c2nsc3ccccc23)CC1)c1ccc(OC(F)(F)F)cc1,7.33
ZINC000169310366,CSc1ccccc1N1CCN(CCCCCC(=O)N2Cc3ccccc3C[C@H]2C(N)=O)CC1,6.55
ZINC000146794140,O=S(=O)(NCCCCN1CCN(c2noc3ccccc23)CC1)c1ccc(OC(F)(F)F)cc1,5.32
ZINC000299860329,Cc1cn2c3c(=O)n(C)c(=O)n(C)c3nc2n1CCCCN1CCN(c2ccc(Cl)cc2)CC1,5.84
ZINC000299859904,Cn1c(=O)c2c(nc3n(CCCCCN4CCN(c5ccc(Cl)cc5)CC4)ccn23)n(C)c1=O,5.8
ZINC000114600477,O=S(=O)(NCCCN1CCC(c2noc3cc(F)ccc23)CC1)c1ccc2cc(Cl)ccc2c1,7.59
ZINC000040424920,Cc1ccc2c(OCCN3CCC(Cc4cccc(N5CCCS5(=O)=O)c4)CC3)cccc2n1,5.8
ZINC000206272679,O=S(=O)(c1ccccc1)n1ccc2c(N3CCN(CCCOc4ccccc4)CC3)cccc21,8.12
ZINC000114599884,O=S(=O)(NCCCCN1CCC(c2noc3cc(F)ccc23)CC1)c1ccc2ccccc2c1,8.62
ZINC000114600087,O=S(=O)(NCCCCN1CCC(c2noc3cc(F)ccc23)CC1)c1cccc2ccccc12,8.06
ZINC000114599457,Cc1c(S(=O)(=O)NCCCN2CCC(c3noc4cc(F)ccc34)CC2)sc2ccc(F)cc12,7.6
ZINC000114599672,O=S(=O)(NCCCCN1CCC(c2noc3cc(F)ccc23)CC1)c1cc2ccc(Cl)cc2s1,8.48
ZINC000035834069,O=C1c2cccc(N3CCNCC3)c2Oc2ccc(F)cc2N1Cc1cccc(C(F)(F)F)c1,9.52
ZINC000013611809,Cc1cccc2c1N(C1CCN(S(=O)(=O)c3cccc4c(N(C)C)cccc34)CC1)C(=O)OC2,6.47
ZINC000000538275,O=C(c1ccc(OCCN2CCCCC2)cc1)c1c(-c2ccc(O)cc2)sc2cc(O)ccc12,6.12
ZINC000066258742,Cc1ccc2c(N3CCN(CCc4cccc(NC(=O)c5cnccn5)c4)CC3)cccc2n1,6.1
ZINC000114599869,Cc1c(S(=O)(=O)NCCCCN2CCN(c3noc4ccccc34)CC2)sc2ccc(F)cc12,7.77
ZINC000114599682,O=S(=O)(NCCCCN1CCN(c2noc3ccccc23)CC1)c1ccc2cc(Cl)ccc2c1,7.74
ZINC000000601274,COc1ccc(CCN2CCC(Nc3nc4ccccc4n3Cc3ccc(F)cc3)CC2)cc1,5.82
ZINC000114600541,O=S(=O)(NCCCCN1CCN(c2nsc3ccccc23)CC1)c1ccc2cc(Cl)ccc2c1,7.21
ZINC000114599253,Cc1c(S(=O)(=O)NCCCCN2CCN(c3nsc4ccccc34)CC2)sc2ccc(F)cc12,7.27
ZINC000114601203,O=S(=O)(NCCCCN1CCC(c2noc3cc(F)ccc23)CC1)c1csc2ccccc12,7.89
ZINC000114602679,O=S(=O)(NCCCCN1CCC(c2noc3cc(F)ccc23)CC1)c1cc2ccccc2s1,8.39
ZINC000028331026,Nc1ccc(S(=O)(=O)n2cc(C3=CCNCC3)c3cc(OCc4ccccc4)ccc32)cc1,7.3
ZINC000114602895,O=S(=O)(NCCCN1CCC(c2noc3cc(F)ccc23)CC1)c1ccc2ccccc2c1,7.49
ZINC000114600835,O=S(=O)(NCCCN1CCC(c2noc3cc(F)ccc23)CC1)c1cccc2ccccc12,7.08
ZINC000114601373,O=S(=O)(NCCCN1CCC(c2noc3cc(F)ccc23)CC1)c1cc2ccc(Cl)cc2s1,7.36
ZINC000114601352,O=S(=O)(NCCCCN1CCC(c2noc3cc(F)ccc23)CC1)c1cnc2ccccn12,7.0
ZINC000004044510,CN1CCN(c2ccc([N+](=O)[O-])c(-n3nc(-c4ccccc4)c4ccccc4c3=O)c2)CC1,5.91
ZINC000002685365,O=S(=O)(Nc1cc(Sc2cccc3cccnc23)c(O)c2ccccc12)c1ccc(F)cc1,5.1
ZINC000040936158,COc1cccc(S(=O)(=O)n2c3c(c4ccccc42)CCN(CCc2ccccc2)CC3)c1,6.3
ZINC000114600024,O=S(=O)(NCCCCN1CCC(c2noc3cc(F)ccc23)CC1)c1cccc2scnc12,7.15
ZINC000114599226,O=S(=O)(NCCCCN1CCN(c2noc3ccccc23)CC1)c1cc2ccc(Cl)cc2s1,7.34
ZINC000040938098,O=C(CCN1CCCCC1)Nc1ccc2cnn(S(=O)(=O)c3cccc4ccccc34)c2c1,7.82
ZINC000114600768,O=S(=O)(NCCCCN1CCN(c2noc3ccccc23)CC1)c1ccc2ccccc2c1,8.21
ZINC000114601473,O=S(=O)(NCCCN1CCN(c2noc3ccccc23)CC1)c1ccc2cc(Cl)ccc2c1,5.64
ZINC000114599467,O=S(=O)(NCCCN1CCN(c2nsc3ccccc23)CC1)c1ccc2cc(Cl)ccc2c1,7.0
ZINC000003962827,CC(C)Cn1nc(S(=O)(=O)c2cccc3ccccc23)c2cc(N3CCN(C)CC3)ccc21,8.85
ZINC000049110654,O=S(=O)(Nc1ccc2c(c1)CCN(Cc1cc[nH]n1)CC2)c1ccc(-c2ccccc2)cc1,6.9
ZINC000114602868,O=S(=O)(NCCCCN1CCN(c2nsc3ccccc23)CC1)c1ccc2ccccc2c1,8.3
ZINC000114598564,Cc1c(S(=O)(=O)NCCCN2CCN(c3nsc4ccccc34)CC2)sc2ccc(F)cc12,6.92
ZINC000114603147,O=S(=O)(NCCCCN1CCN(c2nsc3ccccc23)CC1)c1cc2ccc(Cl)cc2s1,7.35
ZINC000040391180,O=S(=O)(c1cccc2ccccc12)c1cccc2oc(N3CCN(C4CCCC4)CC3)nc12,7.1
ZINC000008589514,O=S(=O)(c1ccc(Br)cc1)c1nnn2c1nc(NCc1ccc3c(c1)OCO3)c1sccc12,7.54
ZINC000013611743,CCCN(CCC)CCc1c[nH]c2ccc(NS(=O)(=O)c3sc4ccc(Cl)cc4c3C)cc12,9.3
ZINC000095572632,O=S(=O)(NC1CCN(CCOc2ccccc2-c2ccccc2)CC1)c1ccc(F)c(F)c1,6.7
ZINC000095577833,O=S(=O)(NCC1CCN(CCOc2ccccc2-c2ccccc2)CC1)c1ccc(F)cc1,6.5
ZINC000114602035,O=S(=O)(NCCCN1CCN(c2nsc3ccccc23)CC1)c1ccc(OC(F)(F)F)cc1,7.25
ZINC000073169865,CCN(CCCN1CCN(c2ccccc2OC)CC1)S(=O)(=O)c1ccc2ncccc2c1,5.72
ZINC000095595446,O=S(=O)(NCCCCN1CCN(c2cccc(Cl)c2Cl)CC1)c1cnc2ccc(Cl)cc2c1,6.26
ZINC000169352068,O=S(=O)(NCCCN1CCN(c2noc3ccccc23)CC1)c1ccc(OC(F)(F)F)cc1,5.66
ZINC000013553363,COc1ccc2c(c1)c(CCN(C)Cc1ccccc1)cn2S(=O)(=O)c1ccc(N)cc1,8.52
ZINC000114600815,O=S(=O)(NCCCCN1CCC(c2noc3cc(F)ccc23)CC1)c1ccc(F)c(Cl)c1,7.32
ZINC000114601350,O=S(=O)(NCCCCN1CCC(c2noc3cc(F)ccc23)CC1)c1ccc(Cl)c(Cl)c1,7.59
ZINC000013611735,CCN(CC)CCc1c[nH]c2ccc(NS(=O)(=O)c3ccc(-c4ccccc4)cc3)cc12,9.0
ZINC000013611745,CCCN(CCC)CCc1c[nH]c2ccc(NS(=O)(=O)c3ccc4ccccc4c3)cc12,8.41
ZINC000071294850,CN1CCN(Cc2ccc3c(c2)c(Cl)cn3S(=O)(=O)c2cc(C(F)(F)F)ccc2Cl)CC1,8.38
ZINC000299855339,NC(=O)c1ccccc1OCCCNCCc1cn(Cc2ccccc2)c2ccccc12,6.17
ZINC000000836545,COc1ccc(NC(=O)N2CCN(c3ccccc3OC)CC2)cc1N1CCN(C)CC1,5.62
ZINC000095577310,O=S(=O)(NCC1CCN(CCOc2ccccc2-c2ccccc2)CC1)c1ccc(Cl)s1,6.39
ZINC000040412722,CCN(CC)CCC(=O)Nc1ccc2cnn(S(=O)(=O)c3cccc4ccccc34)c2c1,8.68
ZINC000095593131,O=S(=O)(NCCCCN1CCN(c2cccc(Cl)c2Cl)CC1)c1cc2ccccc2cn1,6.34
ZINC000095593162,O=S(=O)(NCCCCN1CCN(c2cccc(Cl)c2Cl)CC1)c1cncc2ccccc12,6.66
ZINC000095597904,O=S(=O)(NCCCCN1CCN(c2cccc(Cl)c2Cl)CC1)c1ccc2cccnc2c1,6.52
ZINC000095597084,O=S(=O)(NCCCCN1CCN(c2cccc(Cl)c2Cl)CC1)c1ccc2ncccc2c1,6.32
ZINC000095595607,O=S(=O)(NCCCCN1CCN(c2cccc(Cl)c2Cl)CC1)c1cccc2cccnc12,6.22
ZINC000095594558,O=S(=O)(NCCCCN1CCN(c2cccc(Cl)c2Cl)CC1)c1cnc2ccccc2c1,5.88
ZINC000095595382,O=S(=O)(NCCCN1CCN(c2cccc(Cl)c2Cl)CC1)c1cnc2ccc(Cl)cc2c1,6.05
ZINC000040863138,O=S(=O)(c1cccc2ccccc12)c1cccc2oc(N3CCN(C4CCC4)CC3)nc12,7.14
ZINC000001493878,CNC(=O)c1cc(Oc2ccc(NC(=O)Nc3ccc(Cl)c(C(F)(F)F)c3)cc2)ccn1,5.21
ZINC000114600624,O=S(=O)(NCCCN1CCC(c2noc3cc(F)ccc23)CC1)c1csc2ccccc12,7.89
ZINC000114600138,O=S(=O)(NCCCN1CCC(c2noc3cc(F)ccc23)CC1)c1cc2ccccc2s1,7.4
ZINC000013611757,Cc1c(S(=O)(=O)Nc2ccc3[nH]cc(CCN4CCOCC4)c3c2)sc2ccc(Cl)cc12,7.82
ZINC000013441439,COc1ccc(NS(=O)(=O)c2sc3ccc(Cl)cc3c2C)cc1N1CCN2CCC[C@H]2C1,9.1
ZINC000040862828,CC(C)CN1CCN(c2nc3c(S(=O)(=O)c4cccc5ccccc45)cccc3o2)CC1,6.75
ZINC000040863424,CCCCN1CCN(c2nc3c(S(=O)(=O)c4cccc5ccccc45)cccc3o2)CC1,7.06
ZINC000114601359,O=S(=O)(NCCN1CCC(c2noc3cc(F)ccc23)CC1)c1ccc2ccccc2c1,6.88
ZINC000114602899,O=S(=O)(NCCN1CCC(c2noc3cc(F)ccc23)CC1)c1cccc2ccccc12,6.6
ZINC000013611712,O=S(=O)(CCc1cccc2ccccc12)Nc1ccc2ccn(CCN3CCCC3)c2c1,6.71
ZINC000013611781,CN1CCC(c2c[nH]c3ccc(NS(=O)(=O)c4ccc(-c5ccccc5)cc4)cc23)CC1,8.17
ZINC000049089334,CN1CCOc2cc(S(=O)(=O)Nc3ccc4c(c3)CCN(Cc3cc[nH]n3)CC4)ccc21,7.8
ZINC000114600980,O=S(=O)(NCCCN1CCC(c2noc3cc(F)ccc23)CC1)c1cnc2ccccn12,7.0
ZINC000114602262,O=S(=O)(NCCCCN1CCN(c2nsc3ccccc23)CC1)c1cccc2scnc12,6.92
ZINC000049000336,O=S(=O)(Nc1ccc2c(c1)CCN(Cc1cc[nH]n1)CC2)c1ccc(-c2ccccn2)s1,6.8
ZINC000114599943,O=S(=O)(NCCCCN1CCN(c2noc3ccccc23)CC1)c1cnc2ccccn12,7.02
ZINC000114602570,O=S(=O)(NCCCCN1CCN(c2nsc3ccccc23)CC1)c1cnc2ccccn12,6.85
ZINC000040410636,COc1cccc(S(=O)(=O)n2c3c(c4ccccc42)CCN(Cc2ccccc2)CC3)c1,6.86
ZINC000040403276,CC1=C(CCN2CCCC2)c2cc(NS(=O)(=O)c3sc4ccc(Cl)cc4c3C)ccc2C1,7.7
ZINC000114602963,O=S(=O)(NCCCN1CCC(c2noc3cc(F)ccc23)CC1)c1cccc2scnc12,7.64
ZINC000169352075,O=S(=O)(NCCCN1CCN(c2noc3ccccc23)CC1)c1cc2ccc(Cl)cc2s1,6.25
ZINC000114602147,O=S(=O)(NCCCN1CCN(c2noc3ccccc23)CC1)c1ccc2ccccc2c1,5.8
ZINC000114602028,O=S(=O)(NCCCCN1CCN(c2noc3ccccc23)CC1)c1cc2ccccc2s1,5.96
ZINC000114600887,O=S(=O)(NCCCCN1CCN(c2nsc3ccccc23)CC1)c1cc2ccccc2s1,7.48
ZINC000064447106,CC(C)n1nc(S(=O)(=O)c2cccc3ccccc23)c2cc(N3CCN(C)CC3)ccc21,8.74
ZINC000045338295,CC(C)Cn1nc2ccc(N3CC[C@@H](N)C3)cc2c1S(=O)(=O)c1cccc2ccccc12,7.12
ZINC000045365783,CC(C)Cn1nc(S(=O)(=O)c2cccc3ccccc23)c2cc(N3CC[C@@H](N)C3)ccc21,7.43
ZINC000064447513,CC(C)Cn1nc(S(=O)(=O)c2cccc3ccccc23)c2cc(N3CCNCC3)ccc21,8.34
ZINC000064453868,CCCn1nc(S(=O)(=O)c2cccc3ccccc23)c2cc(N3CCN(C)CC3)ccc21,8.74
ZINC000114599371,O=S(=O)(NCCCN1CCN(c2nsc3ccccc23)CC1)c1ccc2ccccc2c1,7.4
ZINC000114600444,O=S(=O)(NCCCN1CCN(c2nsc3ccccc23)CC1)c1cc2ccc(Cl)cc2s1,6.96
ZINC000137287414,Cc1c(S(=O)(=O)Nc2cc3c(c(N4CCN(C)CC4)c2)OCC3)sc2ccc(Cl)cc12,8.8
ZINC000013611760,O=S(=O)(Nc1ccc2[nH]cc(CCN3CCOCC3)c2c1)c1cccc2ccccc12,6.79
ZINC000013611763,O=S(=O)(Nc1ccc2[nH]cc(CCN3CCOCC3)c2c1)c1ccc2ccccc2c1,6.88
ZINC000040862369,CC(C)N1CCN(c2nc3c(S(=O)(=O)c4cccc5ccccc45)cccc3o2)CC1,7.89
ZINC000040393383,CCCN1CCN(c2nc3c(S(=O)(=O)c4cccc5ccccc45)cccc3o2)CC1,7.44
ZINC000013611768,Cc1c(S(=O)(=O)Nc2ccc3[nH]cc(C4CCN(C)CC4)c3c2)sc2ccc(Cl)cc12,9.0
ZINC000013607598,Cc1c(S(=O)(=O)Nc2ccc3[nH]cc(C[C@@H]4CCCN4C)c3c2)sc2ccc(Cl)cc12,8.96
ZINC000013611750,Cc1c(S(=O)(=O)Nc2ccc3[nH]cc(CCN4CCCC4)c3c2)sc2ccc(Cl)cc12,8.4
ZINC000013611705,Cc1c(S(=O)(=O)Nc2ccc3ccn(CCN4CCCC4)c3c2)sc2ccc(Cl)cc12,6.96
ZINC000013611773,CN1CCC(c2c[nH]c3ccc(NS(=O)(=O)c4cccc5c(Cl)cccc45)cc23)CC1,8.02
ZINC000066252775,CCN1CCN(c2cn(S(=O)(=O)c3ccc4ccccc4c3)c3cc(Cl)ccc23)CC1,7.59
ZINC000095561779,CN1CCN(Cc2cccc3c2c(Br)cn3S(=O)(=O)c2cccc3ccccc23)CC1,7.01
ZINC000095558420,CN1CCN(Cc2cccc3c2c(Cl)cn3S(=O)(=O)c2cccc3ccccc23)CC1,6.78
ZINC000013611814,Cc1cccc2c1N(C1CCN(S(=O)(=O)c3cccc4cccnc34)CC1)C(=O)OC2,6.78
ZINC000008589274,CN(Cc1ccccc1)c1nc2c(S(=O)(=O)c3cccc(Cl)c3)nnn2c2ccsc12,8.46
ZINC000114599221,O=S(=O)(NCCCN1CCN(c2nsc3ccccc23)CC1)c1cccc2scnc12,7.57
ZINC000045300379,CN1CCOc2ccc(S(=O)(=O)Nc3ccc4c(c3)/C(=N\NC3=NCCN3)CC4)cc21,7.15
ZINC000114599692,O=S(=O)(NCCCN1CCN(c2nsc3ccccc23)CC1)c1cnc2ccccn12,7.08
ZINC000040933269,COc1cccc(S(=O)(=O)n2c3c(c4ccccc42)CCN(C2CCCCC2)CC3)c1,6.6
ZINC000028134365,O=S(=O)(c1ccccc1)n1cc(C2=CCN(Cc3ccccc3)CC2)c2ccccc21,6.61
ZINC000038560359,O=S(=O)(c1ccccc1)c1cn(C2CCN(Cc3ccccc3)CC2)c2ccccc12,7.31
ZINC000015659429,Nc1c(S(=O)(=O)c2ccccc2)sc2nc(-c3ccccc3)cc(-c3ccccc3)c12,5.19
ZINC000013611801,Cc1c(S(=O)(=O)N2CCC(N3C(=O)OCc4ccccc43)CC2)sc2ccc(Cl)cc12,6.97
ZINC000013611806,Cc1cccc2c1N(C1CCN(S(=O)(=O)c3cccc4ccccc34)CC1)C(=O)OC2,6.61
ZINC000040943355,O=C(Nc1ccc2cnn(S(=O)(=O)c3cccc4ccccc34)c2c1)C1CCNCC1,8.64
ZINC000028111992,O=S(=O)(Nc1ccc2[nH]cc(CCN3CCOCC3)c2c1)c1ccc2ccccc2n1,6.93
ZINC000169352074,O=S(=O)(NCCCN1CCN(c2noc3ccccc23)CC1)c1cc2ccccc2s1,7.46
ZINC000000538337,O=C1NCCN1CCN1CCC(c2cn(-c3ccc(F)cc3)c3ccc(Cl)cc23)CC1,8.3
ZINC000114599775,O=S(=O)(NCCCN1CCN(c2nsc3ccccc23)CC1)c1cc2ccccc2s1,7.2
ZINC000045338293,CC(C)n1nc2ccc(N3CC[C@@H](N)C3)cc2c1S(=O)(=O)c1cccc2ccccc12,7.31
ZINC000064447293,CC(C)n1nc(S(=O)(=O)c2cccc3ccccc23)c2cc(N3CCNCC3)ccc21,8.54
ZINC000043207080,CC(C)n1nc(S(=O)(=O)c2cccc3ccccc23)c2cc(N3CC[C@@H](N)C3)ccc21,7.86
ZINC000064447716,CCn1nc(S(=O)(=O)c2cccc3ccccc23)c2cc(N3CCN(C)CC3)ccc21,8.77
ZINC000064454041,CCCn1nc(S(=O)(=O)c2cccc3ccccc23)c2cc(N3CCNCC3)ccc21,8.66
ZINC000114601243,O=S(=O)(NCCN1CCN(c2nsc3ccccc23)CC1)c1ccc2ccccc2c1,6.17
ZINC000066258692,Cc1ccc2c(N3CCN(CCc4cccc(N5CCOC5=O)c4)CC3)cccc2n1,5.5
ZINC000013553357,CCN(CC)CCc1cn(S(=O)(=O)c2ccc(NC(C)=O)cc2)c2ccc(OC)cc12,6.64
ZINC000003830212,CCCCc1oc2ccccc2c1C(=O)c1cc(I)c(OCCN(CC)CC)c(I)c1,5.04
ZINC000114603609,Cc1cccc(S(=O)(=O)NCCCCN2CCC(c3noc4cc(F)ccc34)CC2)c1,6.85
ZINC000114601275,O=S(=O)(NCCCN1CCC(c2noc3cc(F)ccc23)CC1)c1ccc(F)c(Cl)c1,8.8
ZINC000114602124,O=S(=O)(NCCCN1CCC(c2noc3cc(F)ccc23)CC1)c1ccc(Cl)c(Cl)c1,8.15
ZINC000013607587,CN1CCC[C@H]1Cc1c[nH]c2ccc(NS(=O)(=O)c3ccc(OC(F)(F)F)cc3)cc12,8.1
ZINC000013607584,CN1CCC[C@@H]1Cc1c[nH]c2ccc(NS(=O)(=O)c3ccc(OC(F)(F)F)cc3)cc12,9.0
ZINC000027653789,COc1ccc(S(=O)(=O)N2CCc3cc(C)c(C(F)(F)F)cc32)cc1N1CCNCC1,8.4
ZINC000027649462,COc1ccc(S(=O)(=O)N2CCc3c(OC)ccc(OC)c3C2)cc1N1CCNCC1,8.8
ZINC000013611725,CCN(CC)CCc1c[nH]c2ccc(NS(=O)(=O)c3sc4ccc(Cl)cc4c3C)cc12,9.52
ZINC000003964104,O=C(N[C@H]1CCN(Cc2ccc(OC3CCNCC3)c(Br)c2)C1)c1ccc(Cl)c(Cl)c1,5.39
ZINC000071282108,CN1CCN(Cc2ccc3c(ccn3S(=O)(=O)c3cc(C(F)(F)F)ccc3Cl)c2)CC1,7.95
ZINC000013611740,CCN(CC)CCCc1c[nH]c2ccc(NS(=O)(=O)c3ccc4ccccc4c3)cc12,6.79
ZINC000013611730,CCN(CC)CCc1c[nH]c2ccc(NS(=O)(=O)c3cccc4c(Cl)cccc34)cc12,8.48
ZINC000071294340,CCN1CCN(Cc2ccc3c(ccn3S(=O)(=O)c3cccc(C(F)(F)F)c3)c2)CC1,8.24
ZINC000066251086,CCN1CCN(c2cn(S(=O)(=O)c3cc(OC)ccc3OC)c3cc(Cl)ccc23)CC1,7.2
ZINC000028525880,COc1ccc(NC(=O)N2CCN(c3ccc(Cl)cc3)CC2)cc1N1CCN(C)CC1,5.29
ZINC000028526154,COc1ccc(NC(=O)N2CCN(c3ccccc3F)CC2)cc1N1CCN(C)CC1,6.08
ZINC000028526326,COc1ccc(NC(=O)N2CCN(c3ccccc3Cl)CC2)cc1N1CCN(C)CC1,6.33
ZINC000013611788,CCN(CC)C(=O)C(=O)c1c[nH]c2ccc(NS(=O)(=O)c3c(Cl)nc4sccn34)cc12,6.65
ZINC000000590474,CN(C)CCc1cccc2c1cc(C(=O)c1ccccc1)n2S(=O)(=O)c1ccccc1,8.52
ZINC000013553354,COc1ccc2c(c1)c(CCN(C)Cc1ccccc1)cn2S(=O)(=O)c1ccccc1,7.37
ZINC000013864760,CN(C)CCc1cn(S(=O)(=O)c2ccccc2)c2ccc(OCc3ccccc3)cc12,6.49
ZINC000095576734,O=S(=O)(N[C@@H]1CCN(CCOc2ccccc2-c2ccccc2)C1)c1ccc(F)cc1,6.99
ZINC000095576198,O=S(=O)(N[C@H]1CCN(CCOc2ccccc2-c2ccccc2)C1)c1ccc(F)cc1,6.57
ZINC000013611819,COc1ccc(OC)c(S(=O)(=O)N2CCC(N3C(=O)OCc4cccc(C)c43)CC2)c1,6.88
ZINC000028331188,CC(C)(C)OC(=O)N1CC=C(c2cn(S(=O)(=O)c3ccccc3)c3ccccc23)CC1,7.27
ZINC000114601273,O=S(=O)(NCCCCN1CCN(c2noc3ccccc23)CC1)c1ccc(F)c(Cl)c1,7.57
ZINC000114601448,O=S(=O)(NCCCCN1CCN(c2noc3ccccc23)CC1)c1ccc(Cl)c(Cl)c1,7.54
ZINC000073163488,COc1ccccc1N1CCN(CCCNS(=O)(=O)c2cccc3cccnc23)CC1,5.67
ZINC000073163482,COc1ccccc1N1CCN(CCCNS(=O)(=O)c2ccc3ncccc3c2)CC1,6.08
ZINC000048999215,CC(C)Oc1ccc(S(=O)(=O)Nc2ccc3c(c2)CCN(Cc2cc[nH]n2)CC3)cc1,6.7
ZINC000064538975,COc1ccc(NS(=O)(=O)c2cccc3c(N(C)C)cccc23)cc1N1CCNCC1,8.1
ZINC000095594166,O=S(=O)(NCCCN1CCN(c2cccc(Cl)c2Cl)CC1)c1ccc2cccnc2c1,6.59
ZINC000095597478,O=S(=O)(NCCCN1CCN(c2cccc(Cl)c2Cl)CC1)c1ccc2ncccc2c1,6.49
ZINC000114600627,O=S(=O)(NCCCCN1CCN(c2nsc3ccccc23)CC1)c1ccc(F)c(Cl)c1,7.28
ZINC000114599386,O=S(=O)(NCCCCN1CCN(c2nsc3ccccc23)CC1)c1ccc(Cl)c(Cl)c1,7.15
ZINC000013441435,COc1ccc(NS(=O)(=O)c2sc3ccc(Cl)cc3c2C)cc1N1CCN(C)CC1,9.22
ZINC000045254435,CC(=O)c1ccc2c(n1)c(S(=O)(=O)c1cccc3ccccc13)cn2CCN(C)C,8.77
ZINC000114602240,Cc1cccc(S(=O)(=O)NCCCN2CCC(c3noc4cc(F)ccc34)CC2)c1,7.89
ZINC000013607642,O=S(=O)(Nc1ccc2[nH]cc(C[C@H]3CCCN3)c2c1)c1ccc(OC(F)(F)F)cc1,8.38
ZINC000071295598,CN1CCC(c2n[nH]c3ccc(S(=O)(=O)c4ccc(OC(F)(F)F)cc4)cc23)CC1,7.32
ZINC000019203912,OCCN1CCN(CCCN2c3ccccc3Sc3ccc(C(F)(F)F)cc32)CC1,7.62
ZINC000028955784,CN1CCN(c2ccc(OCc3ccccc3)c(NCCc3ccccc3)c2)CC1,5.89
ZINC000013611665,Cc1c(S(=O)(=O)Nc2cccc3c2cc(C)n3CCN(C)C)sc2ccc(Cl)cc12,7.24
ZINC000013611682,CCN(CC)CCn1ccc2cc(NS(=O)(=O)c3cccc4ccccc34)ccc21,6.93
ZINC000013611727,CCN(CC)CCc1c[nH]c2ccc(NS(=O)(=O)c3cccc4ccccc34)cc12,8.46
ZINC000013611700,CN(C)CCn1ccc2ccc(NS(=O)(=O)CCc3cccc4ccccc34)cc21,7.13
ZINC000071295278,CCN1CCN(Cc2ccc3c(ccn3S(=O)(=O)c3ccc(C(C)C)cc3)c2)CC1,8.24
ZINC000013611724,CN(C)CCc1c[nH]c2ccc(NS(=O)(=O)c3ccc(-c4ccccc4)cc3)cc12,9.4
ZINC000013611729,CCN(CC)CCc1c[nH]c2ccc(NS(=O)(=O)c3ccc4ccccc4c3)cc12,8.28
ZINC000013611683,CCN(CC)CCn1ccc2cc(NS(=O)(=O)c3ccc4ccccc4c3)ccc21,6.85
ZINC000001851149,O=C1CCc2ccc(OCCCCN3CCN(c4cccc(Cl)c4Cl)CC3)cc2N1,7.05
ZINC000095563966,CC(C)c1ccc(S(=O)(=O)n2cc(Br)c3c(CN4CCN(C)CC4)cccc32)cc1,6.56
ZINC000095558192,CC(C)c1ccc(S(=O)(=O)n2cc(Cl)c3c(CN4CCN(C)CC4)cccc32)cc1,7.0
ZINC000066251353,CCN1CCN(c2cn(S(=O)(=O)c3ccc(C(C)C)cc3)c3ccc(Br)cc23)CC1,7.52
ZINC000066251084,CCN1CCN(c2cn(S(=O)(=O)c3ccc(C(C)C)cc3)c3ccc(Cl)cc23)CC1,7.52
ZINC000071282347,CN1CCN(Cc2ccc3c(ccn3S(=O)(=O)c3cccc(C(F)(F)F)c3)c2)CC1,8.5
ZINC000013607566,CN1CCC[C@H]1Cc1c[nH]c2ccc(NS(=O)(=O)c3cccc(C(F)(F)F)c3)cc12,7.92
ZINC000013607564,CN1CCC[C@@H]1Cc1c[nH]c2ccc(NS(=O)(=O)c3cccc(C(F)(F)F)c3)cc12,9.0
ZINC000013607581,CN1CCC[C@H]1Cc1c[nH]c2ccc(NS(=O)(=O)c3ccc(C(F)(F)F)cc3)cc12,8.0
ZINC000013607578,CN1CCC[C@@H]1Cc1c[nH]c2ccc(NS(=O)(=O)c3ccc(C(F)(F)F)cc3)cc12,9.4
ZINC000015828688,Cc1ccc(S(=O)(=O)c2cnc3ccc(F)cc3c2SCc2ccc(Cl)cc2)cc1,5.19
ZINC000095576157,O=S(=O)(N[C@@H]1CCN(CCOc2ccccc2-c2ccccc2)C1)c1ccc(Cl)s1,6.69
ZINC000095573164,O=S(=O)(N[C@H]1CCN(CCOc2ccccc2-c2ccccc2)C1)c1ccc(Cl)s1,6.26
ZINC000034884630,O=S(=O)(Nc1ccc2c(c1)CNCCC2)c1csc(C(F)(F)F)c1-c1ccccc1,7.49
ZINC000008684492,CCS(=O)(=O)c1nc(S(=O)(=O)c2ccc(Cl)cc2)c(N2CCc3ccccc3C2)s1,6.92
ZINC000114601209,O=S(=O)(NCCCN1CCN(c2noc3ccccc23)CC1)c1ccc(F)c(Cl)c1,6.48
ZINC000114603417,O=S(=O)(NCCCN1CCN(c2noc3ccccc23)CC1)c1ccc(Cl)c(Cl)c1,5.96
ZINC000114602970,Cc1cccc(S(=O)(=O)NCCCCN2CCN(c3noc4ccccc34)CC2)c1,7.06
ZINC000040412296,CN(C)CCC(=O)Nc1ccc2cnn(S(=O)(=O)c3cccc4ccccc34)c2c1,8.74
ZINC000114602247,Cc1cccc(S(=O)(=O)NCCCCN2CCN(c3nsc4ccccc34)CC2)c1,7.0
ZINC000114600788,O=S(=O)(NCCCN1CCN(c2nsc3ccccc23)CC1)c1ccc(F)c(Cl)c1,8.29
ZINC000114603166,O=S(=O)(NCCCN1CCN(c2nsc3ccccc23)CC1)c1ccc(Cl)c(Cl)c1,7.82
ZINC000004687377,CN1CCN(c2ccc([N+](=O)[O-])c(NC(c3ccccc3)c3ccccc3)c2)CC1,5.35
ZINC000040862367,CCN1CCN(c2nc3c(S(=O)(=O)c4cccc5ccccc45)cccc3o2)CC1,7.92
ZINC000043196746,CN1CCN(Cc2cccc3c2ccn3S(=O)(=O)c2cccc3ccccc23)CC1,8.32
ZINC000013611752,O=S(=O)(Nc1ccc2[nH]cc(CCN3CCCC3)c2c1)c1cccc2ccccc12,8.35
ZINC000013611770,CN1CCC(c2c[nH]c3ccc(NS(=O)(=O)c4cccc5ccccc45)cc23)CC1,8.33
ZINC000013611708,O=S(=O)(Nc1ccc2ccn(CCN3CCCC3)c2c1)c1cccc2ccccc12,7.73
ZINC000013607596,CN1CCC[C@H]1Cc1c[nH]c2ccc(NS(=O)(=O)c3ccc4ccccc4c3)cc12,9.0
ZINC000013607595,CN1CCC[C@@H]1Cc1c[nH]c2ccc(NS(=O)(=O)c3ccc4ccccc4c3)cc12,9.0
ZINC000013611755,O=S(=O)(Nc1ccc2[nH]cc(CCN3CCCC3)c2c1)c1ccc2ccccc2c1,8.37
ZINC000013611710,O=S(=O)(Nc1ccc2ccn(CCN3CCCC3)c2c1)c1ccc2ccccc2c1,7.0
ZINC000003812975,CN1C[C@H](CNC(=O)OCc2ccccc2)C[C@@H]2c3cccc4c3c(cn4C)C[C@H]21,7.89
ZINC000013611812,O=C1OCc2ccccc2N1C1CCN(S(=O)(=O)c2cccc3cccnc23)CC1,6.82
ZINC000013611687,O=S(=O)(Nc1ccc2c(ccn2CCN2CCCCC2)c1)c1c(Cl)nc2sccn12,7.5
ZINC000008589522,CN(Cc1ccccc1)c1nc2c(S(=O)(=O)c3ccccc3)nnn2c2ccsc12,8.64
ZINC000053314375,O=S(=O)(c1cccc(Cl)c1)c1nnn2c1nc(NCc1cccnc1)c1sccc12,7.83
ZINC000040936425,COc1cccc(S(=O)(=O)n2c3c(c4ccccc42)CCN(C2CCCC2)CC3)c1,6.49
ZINC000028524684,Cc1c(S(=O)(=O)n2cc(C[C@@H]3CCCN3C)c3ccccc32)sc2ccc(Cl)cc12,7.96
ZINC000000589552,CN1CC=C(c2cn(S(=O)(=O)c3cccc4ccccc34)c3ccc(F)cc23)CC1,9.0
ZINC000013611804,O=C1OCc2ccccc2N1C1CCN(S(=O)(=O)c2cccc3ccccc23)CC1,7.29
ZINC000013611799,Cc1cccc2c1N(C1CCN(S(=O)(=O)c3csc4ccccc34)CC1)C(=O)OC2,6.9
ZINC000040915568,CC1=C(CCN2CCCC2)c2cc(NS(=O)(=O)c3c(Cl)nc4sccn34)ccc2C1,7.77
ZINC000040403552,O=S(=O)(Nc1ccc2c(c1)C(CCN1CCCCC1)=CC2)c1c(Cl)nc2sccn12,7.51
ZINC000045371420,Cc1ccc(S(=O)(=O)c2n[nH]c3ccc(N4CCC(N)CC4)cc23)c2ccccc12,8.44
ZINC000064454052,CN1CCN(c2ccc3c(c2)c(S(=O)(=O)c2cccc4ccccc24)nn3C)CC1,8.77
ZINC000045355968,CN(C)[C@@H]1CCN(c2ccc3[nH]nc(S(=O)(=O)c4cccc5ccccc45)c3c2)C1,9.29
ZINC000064447926,CCn1nc(S(=O)(=O)c2cccc3ccccc23)c2cc(N3CCNCC3)ccc21,8.72
ZINC000040411046,O=S(=O)(c1cccc2ccccc12)n1ncc2ccc(NCC3CCNCC3)cc21,7.74
ZINC000013611778,CN1CCC(c2c[nH]c3ccc(NS(=O)(=O)c4cccc5cccnc45)cc23)CC1,7.67
ZINC000000538312,Cc1nc2n(c(=O)c1CCN1CCC(c3noc4cc(F)ccc34)CC1)CCCC2,6.65
ZINC000045364609,NC1CCN(c2ccc3[nH]nc(S(=O)(=O)c4cccc5c(Cl)cccc45)c3c2)CC1,8.34
ZINC000027650763,COc1ccc(C(F)(F)F)cc1NS(=O)(=O)c1ccc(OC)c(N2CCNCC2)c1,8.4
ZINC000095577293,CC(C)c1ccccc1OCCN1CCC(CNS(=O)(=O)c2ccc(F)cc2)CC1,6.5
ZINC000095576816,CC(C)c1ccccc1OCCN1CCC(CNS(=O)(=O)c2cccc(Cl)c2)CC1,6.75
ZINC000004719247,CN1CCN(c2ccc([N+](=O)[O-])c(NCCOc3ccc(C(C)(C)C)cc3)c2)CC1,7.1
ZINC000027642286,COc1ccc(S(=O)(=O)Nc2ccc(Cl)cc2C(F)(F)F)cc1N1CCNCC1,7.6
ZINC000013553361,CCN(CC)CCc1cn(S(=O)(=O)c2ccc(NC(C)=O)cc2)c2ccccc12,7.05
ZINC000013553355,COc1ccc2c(c1)c(CCN(C)C)cn2S(=O)(=O)c1ccc(NC(C)=O)cc1,7.47
ZINC000029128987,COc1c(OCCF)cccc1[C@H](O)C1CCN(CCc2ccc(F)cc2)CC1,5.42
ZINC000049050696,O=S(=O)(O)CCCNC[C@@H]1CCCc2cc(S(=O)(=O)c3cccc(F)c3)ccc21,8.9
ZINC000012404516,CN(C)CCOc1ccc(/C(=C(/CCCl)c2ccccc2)c2ccccc2)cc1,5.38
ZINC000001530601,CCN(CC)CCOc1ccc(/C(=C(/Cl)c2ccccc2)c2ccccc2)cc1,6.15
ZINC000049110749,O=S(=O)(c1cccc(F)c1)c1ccc2c(c1)CCC[C@H]2CNS(=O)(=O)C(F)(F)F,7.5
ZINC000095579506,CSc1ccccc1OCCN1CCC(CNS(=O)(=O)c2cccc(Cl)c2)CC1,6.83
ZINC000095574384,CC(C)c1ccccc1OCCN1CCC(NS(=O)(=O)c2ccc(F)cc2)CC1,6.62
ZINC000026382232,COc1ccc(OC)c(S(=O)(=O)n2cc(CCN(C)C)c3cc(OC)ccc32)c1,8.89
ZINC000026386678,COc1ccc(OC)c(S(=O)(=O)n2cc(CCN(C)C)c3cccc(OC)c32)c1,6.74
ZINC000026382408,COc1ccc(OC)c(S(=O)(=O)n2cc(CCN(C)C)c3c(OC)cccc32)c1,8.13
ZINC000026388962,COc1ccc(OC)c(S(=O)(=O)n2cc(CCN(C)C)c3ccc(OC)cc32)c1,8.02
ZINC000045284183,O=S(=O)(Nc1ccc2c(c1)/C(=N/NC1=NCCN1)CC2)c1c(Cl)nc2sccn12,8.66
ZINC000006745338,O=c1n(C2=CCNCC2)c2ccccc2n1S(=O)(=O)c1ccc2ccccc2c1,8.24
ZINC000040862428,CN1CCN(c2nc3c(S(=O)(=O)c4cccc5ccccc45)cccc3o2)CC1,8.01
ZINC000071281620,CN1CCC(c2n[nH]c3ccc(S(=O)(=O)c4ccc5ccccc5c4)cc23)CC1,8.02
ZINC000071295585,CN1CCC(c2n[nH]c3ccc(S(=O)(=O)c4cccc5ccccc45)cc23)CC1,8.42
ZINC000005967023,CN1C[C@H](CNC(=O)OCc2ccccc2)C[C@@H]2c3cccc4[nH]cc(c34)C[C@H]21,6.4
ZINC000013611703,O=S(=O)(Nc1ccc2ccn(CCN3CCCC3)c2c1)c1c(Cl)nc2sccn12,7.28
ZINC000013611685,O=S(=O)(Nc1ccc2c(ccn2CCN2CCCC2)c1)c1c(Cl)nc2sccn12,8.01
ZINC000049089675,Cc1nc2c(S(=O)(=O)c3ccccc3)c(N3CCNCC3)nn2c2c1CCCC2,5.75
ZINC000001490472,CSc1nn2c(N3CCNCC3)c3c(nc2c1S(=O)(=O)c1ccccc1)CCC3,9.07
ZINC000028524816,Cc1c(S(=O)(=O)n2cc(C[C@H]3CCCN3)c3ccccc32)sc2ccc(Cl)cc12,6.55
ZINC000022108811,O=S(=O)(c1ccc(F)cc1)N1CC=c2ccccc2=C1c1c[nH]c2ccccc12,5.23
ZINC000028133481,O=S(=O)(c1cccc2ccccc12)n1cc(C2=CCNCC2)c2cc(F)ccc21,8.4
ZINC000013611796,O=C1OCc2ccccc2N1C1CCN(S(=O)(=O)c2csc3ccccc23)CC1,6.9
ZINC000045375218,NC1CCN(c2ccc3[nH]nc(S(=O)(=O)c4ccc5ccccc5c4)c3c2)CC1,7.74
ZINC000045387139,Cn1nc2ccc(N3CC[C@@H](N)C3)cc2c1S(=O)(=O)c1cccc2ccccc12,7.27
ZINC000064454230,Cn1nc(S(=O)(=O)c2cccc3ccccc23)c2cc(N3CCNCC3)ccc21,8.8
ZINC000045367360,Cn1nc(S(=O)(=O)c2cccc3ccccc23)c2cc(N3CC[C@@H](N)C3)ccc21,7.68
ZINC000064754897,CN1CCN(c2cccc3c(S(=O)(=O)c4cccc5ccccc45)n[nH]c23)CC1,8.34
ZINC000003820933,CN1CCN(c2ccc3[nH]nc(S(=O)(=O)c4cccc5ccccc45)c3c2)CC1,8.8
ZINC000045356329,NC1CCN(c2ccc3[nH]nc(S(=O)(=O)c4cccc5ccccc45)c3c2)CC1,8.37
ZINC000064539633,CN1CCC(c2cn(-c3ccc(F)cc3)c3ccc(-c4cncnc4)cc23)CC1,7.8
ZINC000003860715,C=C(C)[C@H]1Cc2c(ccc3c2O[C@@H]2COc4cc(OC)c(OC)cc4[C@@H]2C3=O)O1,6.39
ZINC000005013442,O=C1Nc2ccc(Cl)cc2C1(c1c[nH]c2ccccc12)c1c[nH]c2ccccc12,6.17
ZINC000027640007,COc1ccc(S(=O)(=O)N2CCCc3c(Cl)cc(Cl)cc32)cc1N1CCNCC1,9.1
ZINC000114599223,O=S(=O)(NCCCCN1CCC(c2noc3cc(F)ccc23)CC1)c1cccs1,6.89
ZINC000027651311,COc1ccc(S(=O)(=O)N2CCc3c(Cl)ccc(Cl)c3C2)cc1N1CCNCC1,9.3
ZINC000001489208,COc1ccc(NS(=O)(=O)c2sc3ccc(Cl)cc3c2C)cc1N1CCNCC1,9.18
ZINC000034999931,CN(C)CCCOc1ccc2[nH]nc(S(=O)(=O)c3cccc4ccccc34)c2c1,8.89
ZINC000022941941,COc1ccc2c(c1)c(CCN1CCN(C)CC1)cn2S(=O)(=O)c1ccccc1,6.31
ZINC000000537877,O=C(c1ccc(F)cc1)C1CCN(CCn2c(=O)[nH]c3ccccc3c2=O)CC1,5.55
ZINC000114599667,Cc1cccc(S(=O)(=O)NCCN2CCC(c3noc4cc(F)ccc34)CC2)c1,6.68
ZINC000299857375,CN(C)CCn1c(=O)sc2cc(S(=O)(=O)Nc3cccc4ccccc34)ccc21,7.0
ZINC000049045294,O=C(NC[C@@H]1CCCc2cc(S(=O)(=O)c3cccc(F)c3)ccc21)c1ncc[nH]1,7.8
ZINC000095562584,COc1ccc(S(=O)(=O)n2ccc3c(CN4CCN(C)CC4)cccc32)c(Br)c1,8.07
ZINC000066251085,CCN1CCN(c2cn(S(=O)(=O)c3ccc(OC)cc3)c3cc(Cl)ccc23)CC1,7.08
ZINC000013607609,COc1ccc(Cl)cc1S(=O)(=O)Nc1ccc2[nH]cc(C[C@@H]3CCCN3C)c2c1,7.62
ZINC000020381069,NC(=O)C1CCN(c2c(S(=O)(=O)c3ccccc3)cnc3ccc(Cl)cc23)CC1,5.25
ZINC000053206518,CN1CCN(c2ccc(OCc3ccccc3)c(NCc3ccccc3)c2)CC1,6.03
ZINC000071295676,CCN1CCN(Cc2ccc3c(ccn3S(=O)(=O)c3cccc(Cl)c3Cl)c2)CC1,8.26
ZINC000071294710,CCN1CCN(Cc2ccc3c(ccn3S(=O)(=O)c3ccc(F)cc3F)c2)CC1,7.91
ZINC000013611718,Cc1c(S(=O)(=O)Nc2ccc3[nH]cc(CCN(C)C)c3c2)sc2ccc(Cl)cc12,10.0
ZINC000013611691,Cc1c(S(=O)(=O)Nc2ccc3ccn(CCN(C)C)c3c2)sc2ccc(Cl)cc12,7.04
ZINC000013611677,Cc1cc2cc(NS(=O)(=O)c3cccc4ccccc34)ccc2n1CCN(C)C,6.91
ZINC000071295821,CC(C)c1ccc(S(=O)(=O)n2ccc3cc(CN4CCN(C)CC4)ccc32)cc1,7.75
ZINC000013607593,CC(C)c1ccc(S(=O)(=O)Nc2ccc3[nH]cc(C[C@@H]4CCCN4C)c3c2)cc1,8.52
ZINC000013607590,CC(C)c1ccc(S(=O)(=O)Nc2ccc3[nH]cc(C[C@H]4CCCN4C)c3c2)cc1,9.0
ZINC000095562863,CC(C)c1ccc(S(=O)(=O)n2ccc3c(CN4CCN(C)CC4)cccc32)cc1,7.95
ZINC000013611678,Cc1cc2cc(NS(=O)(=O)c3ccc4ccccc4c3)ccc2n1CCN(C)C,7.07
ZINC000066259601,CCN1CCN(c2cn(S(=O)(=O)c3ccc(C(C)C)cc3)c3ccccc23)CC1,8.07
ZINC000000643233,O=C(CCCN1CCC2(CC1)C(=O)NCN2c1ccccc1)c1ccc(F)cc1,5.8
ZINC000013611722,CN(C)CCc1c[nH]c2ccc(NS(=O)(=O)c3ccc4c(Cl)cccc4c3)cc12,9.7
ZINC000066251483,CC(C)c1ccc(S(=O)(=O)n2cc(N3CCN(C)CC3)c3ccc(Cl)cc32)cc1,7.26
ZINC000066259603,CC(C)c1ccc(S(=O)(=O)n2cc(N3CCN(C)CC3)c3cc(Br)ccc32)cc1,7.63
ZINC000013607622,O=S(=O)(Nc1ccc2[nH]cc(C[C@H]3CCCN3)c2c1)c1cccc(C(F)(F)F)c1,8.4
ZINC000045347943,O=S(=O)(Nc1ccc2[nH]cc(C[C@@H]3CCCN3)c2c1)c1ccc(C(F)(F)F)cc1,8.0
ZINC000045366872,O=S(=O)(Nc1ccc2[nH]cc(C[C@H]3CCCN3)c2c1)c1ccc(C(F)(F)F)cc1,9.4
ZINC000043196754,CN1CCN(Cc2ccc3c(c2)c(Cl)cn3S(=O)(=O)c2ccc(F)cc2F)CC1,8.47
ZINC000071295389,CN1CCC(c2n[nH]c3ccc(S(=O)(=O)c4ccc(C(F)(F)F)cc4)cc23)CC1,7.34
ZINC000013611680,CCN(CC)CCn1ccc2cc(NS(=O)(=O)c3c(Cl)nc4sccn34)ccc21,7.01
ZINC000013611786,CN(C)C(=O)C(=O)c1c[nH]c2ccc(NS(=O)(=O)c3c(Cl)nc4sccn34)cc12,7.74
ZINC000299831700,CN1CCC(c2cn(C)c3cc(OS(=O)(=O)c4c(F)cccc4F)ccc23)CC1,9.0
ZINC000013645863,COc1cccc2c(CCN(C)C)cn(S(=O)(=O)c3ccc4ccccc4c3)c12,8.3
ZINC000013645861,COc1ccc2c(c1)c(CCN(C)C)cn2S(=O)(=O)c1cccc2ccccc12,9.05
ZINC000013864752,COc1ccc2c(c1)c(CCN(C)C)cn2S(=O)(=O)c1ccc2ccccc2c1,8.8
ZINC000049035704,O=C(NC[C@@H]1CCCc2cc(S(=O)(=O)c3cccc(F)c3)ccc21)[C@H]1CCCN1,9.2
ZINC000049124613,O=C(NC[C@@H]1CCCc2cc(S(=O)(=O)c3cccc(F)c3)ccc21)c1ccc[nH]1,8.3
ZINC000142897838,COc1ccc(C)cc1S(=O)(=O)Nc1cc(OC2CCNCC2)c2occc2c1,8.92
ZINC000040915570,CC1=C(CCN(C)C)c2cc(NS(=O)(=O)c3cccc4ccccc34)ccc2C1,6.56
ZINC000040939061,CNCCC(=O)Nc1ccc2cnn(S(=O)(=O)c3cccc4ccccc34)c2c1,8.92
ZINC000169352067,Cc1cccc(S(=O)(=O)NCCCN2CCN(c3noc4ccccc34)CC2)c1,5.82
ZINC000049019862,Cc1ccc(S(=O)(=O)Nc2ccc3c(c2)CCN(Cc2cc[nH]n2)CC3)cc1Cl,8.2
ZINC000114600397,Cc1cccc(S(=O)(=O)NCCCN2CCN(c3nsc4ccccc34)CC2)c1,7.66
ZINC000114601497,O=S(=O)(NCCCN1CCC(c2noc3cc(F)ccc23)CC1)c1cccs1,7.18
ZINC000013607577,COc1ccc(S(=O)(=O)Nc2ccc3[nH]cc(C[C@@H]4CCCN4C)c3c2)cc1,7.47
ZINC000013607575,COc1ccc(S(=O)(=O)Nc2ccc3[nH]cc(C[C@H]4CCCN4C)c3c2)cc1,9.0
ZINC000027646095,COc1ccc(S(=O)(=O)N2c3ccccc3CC2(C)C)cc1N1CCNCC1,9.1
ZINC000095560616,COc1ccc(S(=O)(=O)n2ccc3c(CN4CCN(C)CC4)cccc32)cc1,7.54
ZINC000027651115,COc1ccc(S(=O)(=O)N2CCc3cccc(Cl)c3C2)cc1N1CCNCC1,8.9
ZINC000027640021,COc1ccc(S(=O)(=O)N2CCCc3ccc(Br)cc32)cc1N1CCNCC1,9.5
ZINC000027640014,COc1ccc(S(=O)(=O)N2CCCc3cc(Br)ccc32)cc1N1CCNCC1,8.5
ZINC000040865881,O=S(=O)(c1cccc(C(F)(F)F)c1)c1cccc2oc(N3CCNCC3)nc12,7.66
ZINC000040391131,O=S(=O)(c1ccc(C(F)(F)F)cc1)c1cccc2oc(N3CCNCC3)nc12,7.48
ZINC000299832829,COc1cc(Cn2c(=O)ccc3cccc(OC)c32)cc(N2CCNCC2)c1,9.05
ZINC000013607607,CN1CCC[C@H]1Cc1c[nH]c2ccc(NS(=O)(=O)c3ccc(Cl)c(Cl)c3)cc12,8.15
ZINC000013607606,CN1CCC[C@@H]1Cc1c[nH]c2ccc(NS(=O)(=O)c3ccc(Cl)c(Cl)c3)cc12,9.0
ZINC000071280459,CN1CCN(Cc2ccc3c(ccn3S(=O)(=O)c3cccc(Cl)c3Cl)c2)CC1,7.74
ZINC000013607602,CN1CCC[C@H]1Cc1c[nH]c2ccc(NS(=O)(=O)c3ccc(F)cc3Cl)cc12,7.46
ZINC000095562222,CN1CCN(Cc2cccc3c2c(Cl)cn3S(=O)(=O)c2ccccc2Br)CC1,7.04
ZINC000043176086,CCN1CCN(c2cn(S(=O)(=O)c3ccccc3Br)c3ccc(Cl)cc23)CC1,7.69
ZINC000013611714,Cc1c(S(=O)(=O)Nc2ccc3[nH]cc(CN(C)C)c3c2)sc2ccc(Cl)cc12,8.28
ZINC000043196752,CN1CCN(Cc2ccc3c(c2)c(Cl)cn3S(=O)(=O)c2ccc(F)cc2)CC1,8.53
ZINC000095558166,CN1CCN(Cc2cccc3c2c(Br)cn3S(=O)(=O)c2ccc(F)cc2)CC1,6.91
ZINC000095559096,CN1CCN(Cc2cccc3c2c(Br)cn3S(=O)(=O)c2cccc(Cl)c2)CC1,7.12
ZINC000071294843,CN1CCN(Cc2ccc3c(c2)c(Cl)cn3S(=O)(=O)c2ccc(Cl)cc2)CC1,8.03
ZINC000095563455,CN1CCN(Cc2cccc3c2c(Cl)cn3S(=O)(=O)c2cccc(Cl)c2)CC1,7.57
ZINC000043176088,CCN1CCN(c2cn(S(=O)(=O)c3ccc(F)cc3)c3ccc(Br)cc23)CC1,7.97
ZINC000043176090,CCN1CCN(c2cn(S(=O)(=O)c3ccc(F)cc3)c3ccc(Cl)cc23)CC1,7.97
ZINC000073157672,O=S(=O)(NCCCCN1CCc2ccccc2C1)c1ccc2ncccc2c1,5.82
ZINC000013611667,CN(C)CCn1ccc2c(NS(=O)(=O)c3cccc4ccccc34)cccc21,7.19
ZINC000013611671,CN(C)CCn1ccc2cc(NS(=O)(=O)c3cccc4ccccc34)ccc21,7.03
ZINC000013611720,CN(C)CCc1c[nH]c2ccc(NS(=O)(=O)c3cccc4ccccc34)cc12,9.1
ZINC000073165004,O=S(=O)(NCCCCN1CCc2ccccc2C1)c1cnc2ccccc2c1,6.23
ZINC000013611668,CN(C)CCn1ccc2c(NS(=O)(=O)c3ccc4ccccc4c3)cccc21,7.83
ZINC000071295746,CC(C)c1ccc(S(=O)(=O)n2ccc3cc(CN4CCNCC4)ccc32)cc1,7.83
ZINC000013611694,CN(C)CCn1ccc2ccc(NS(=O)(=O)c3cccc4ccccc34)cc21,7.7
ZINC000013607645,CC(C)c1ccc(S(=O)(=O)Nc2ccc3[nH]cc(C[C@H]4CCCN4)c3c2)cc1,9.0
ZINC000071296082,CCN1CCN(Cc2ccc3c(ccn3S(=O)(=O)c3ccc(C)cc3)c2)CC1,7.96
ZINC000013611672,CN(C)CCn1ccc2cc(NS(=O)(=O)c3ccc4ccccc4c3)ccc21,7.24
ZINC000013611697,CN(C)CCn1ccc2ccc(NS(=O)(=O)c3ccc4ccccc4c3)cc21,7.39
ZINC000066264086,CC(C)c1ccc(S(=O)(=O)n2cc(N3CCN(C)CC3)c3ccccc32)cc1,8.47
ZINC000071294621,CC(C)c1ccc(S(=O)(=O)c2ccc3[nH]nc(C4CCN(C)CC4)c3c2)cc1,7.85
ZINC000043196749,CCN1CCN(Cc2ccc3c(ccn3S(=O)(=O)c3ccc(F)cc3)c2)CC1,8.49
ZINC000043196750,CCN1CCN(Cc2ccc3c(ccn3S(=O)(=O)c3ccccc3Br)c2)CC1,8.59
ZINC000095559113,Cc1ccc(S(=O)(=O)n2cc(Cl)c3c(CN4CCN(C)CC4)cccc32)cc1,6.65
ZINC000071281296,CCN1CCN(Cc2ccc3c(ccn3S(=O)(=O)c3ccc(Cl)cc3)c2)CC1,7.55
ZINC000071280703,O=S(=O)(c1ccc(F)cc1F)n1cc(Cl)c2cc(CN3CCNCC3)ccc21,8.25
ZINC000028955775,CN1CCN(c2ccc(OCc3ccccc3)c(NCc3ccco3)c2)CC1,6.4
ZINC000008589497,CC(C)CCNc1nc2c(S(=O)(=O)c3ccc(Br)cc3)nnn2c2ccsc12,7.8
ZINC000013611676,Cc1cc2cc(NS(=O)(=O)c3c(Cl)nc4sccn34)ccc2n1CCN(C)C,7.13
ZINC000049051132,O=S(=O)(c1cccc(F)c1)c1ccc2c(c1)CCC[C@H]2CN1CCCS1(=O)=O,7.5
ZINC000073196699,CNc1nn2c(N3CCN(C)CC3)cc(C)nc2c1S(=O)(=O)c1ccccc1,8.36
ZINC000040935026,COc1cccc(S(=O)(=O)n2c3c(c4ccccc42)CCN(C(C)C)CC3)c1,7.07
ZINC000040919029,CCCN1CCc2c(n(S(=O)(=O)c3cccc(OC)c3)c3ccccc23)CC1,6.91
ZINC000013864756,COc1ccc2c(c1)c(CCN1CCCCC1)cn2S(=O)(=O)c1ccccc1,6.46
ZINC000049045206,O=C1CN(C[C@@H]2CCCc3cc(S(=O)(=O)c4cccc(F)c4)ccc32)CCN1,8.2
ZINC000004193543,Cc1ccc(Nc2c(S(=O)(=O)c3ccccc3)cnc3ccc(Cl)cc23)cc1,5.8
ZINC000028129910,O=S(=O)(c1ccc(C(F)(F)F)cc1)n1cc(C2=CCNCC2)c2ccccc21,7.7
ZINC000028525113,O=S(=O)(c1ccccc1C(F)(F)F)n1cc(C2=CCCNC2)c2ccccc21,7.66
ZINC000028526768,O=S(=O)(c1cccc(C(F)(F)F)c1)n1cc(C2=CCCNC2)c2ccccc21,7.35
ZINC000028526551,COc1ccc(S(=O)(=O)n2cc(C[C@@H]3CCCN3)c3ccccc32)cc1OC,7.64
ZINC000013864758,COc1ccc2c(c1)c(CCN1CCOCC1)cn2S(=O)(=O)c1ccccc1,5.77
ZINC000040410741,NCCC(=O)Nc1ccc2cnn(S(=O)(=O)c3cccc4ccccc34)c2c1,9.3
ZINC000040410485,NCCC(=O)Nc1ccc2c(cnn2S(=O)(=O)c2cccc3ccccc23)c1,7.3
ZINC000040939018,NCCC(=O)Nc1cccc2c1cnn2S(=O)(=O)c1cccc2ccccc12,8.1
ZINC000114600913,O=S(=O)(NCCCCN1CCN(c2noc3ccccc23)CC1)c1cccs1,5.28
ZINC000114601251,O=S(=O)(NCCCCN1CCN(c2nsc3ccccc23)CC1)c1cccs1,7.38
ZINC000045387177,CC(C)c1ccc(S(=O)(=O)c2n[nH]c3ccc(N4CCC(N)CC4)cc23)cc1,7.88
ZINC000114599389,Cc1cccc(S(=O)(=O)NCCN2CCN(c3nsc4ccccc34)CC2)c1,6.37
ZINC000064436949,O=S(=O)(c1ccc(C(F)(F)F)cc1)c1n[nH]c2cc(N3CCNCC3)ccc12,6.68
ZINC000013864768,COc1cccc(Cc2noc(-c3[nH]c4ccccc4c3CCN(C)C)n2)c1,8.89
ZINC000028130061,Nc1ccc(S(=O)(=O)n2cc(C3=CCNCC3)c3ccc([N+](=O)[O-])cc32)cc1,7.51
ZINC000028127759,Nc1ccc(S(=O)(=O)n2cc(C3=CCNCC3)c3cc([N+](=O)[O-])ccc32)cc1,7.54
ZINC000013553358,CCN(CC)CCc1cn(S(=O)(=O)c2ccc(N)cc2)c2ccc(OC)cc12,9.22
ZINC000013611733,CCN(CC)CCc1c[nH]c2ccc(NS(=O)(=O)c3cc(Cl)cc(Cl)c3)cc12,8.03
ZINC000003973612,COc1ccc(S(=O)(=O)Nc2cc(Cl)cc(Cl)c2OC)cc1N1CCNCC1,9.15
ZINC000027656683,COc1cc(Cl)c(C)cc1NS(=O)(=O)c1ccc(OC)c(N2CCNCC2)c1,8.7
ZINC000049034721,CC(C)(C)C(=O)NC[C@@H]1CCCc2cc(S(=O)(=O)c3cccc(F)c3)ccc21,8.4
ZINC000001530689,CC/C(=C(\c1ccccc1)c1ccc(OCCN(C)C)cc1)c1ccccc1,5.98
ZINC000049035283,CC(C)(O)C(=O)NC[C@@H]1CCCc2cc(S(=O)(=O)c3cccc(F)c3)ccc21,8.7
ZINC000003928139,COc1ccc(S(=O)(=O)Nc2ccc3[nH]cc(/C(C)=N/NC(=N)N)c3c2)cc1,9.0
ZINC000073196711,CNc1nn2c(N(C)CCN(C)C)cc(C)nc2c1S(=O)(=O)c1ccccc1,7.65
ZINC000073196712,CNc1nn2c(NCCCN(C)C)cc(C)nc2c1S(=O)(=O)c1ccccc1,6.95
ZINC000095576731,O=S(=O)(NCC1CCN(CCOc2cccc(F)c2)CC1)c1ccc(F)cc1,5.67
ZINC000095573180,O=S(=O)(NCC1CCN(CCOc2cccc(F)c2)CC1)c1cccc(Cl)c1,6.08
ZINC000028379296,CCCc1c(CCN(C)C)c2cc(OC)ccc2n1S(=O)(=O)c1ccccc1,8.64
ZINC000095579495,CCOc1ccccc1C(=O)NC1CCN(CCOc2cccc(F)c2)CC1,5.42
ZINC000049047390,CN(C)CC(=O)NC[C@@H]1CCCc2cc(S(=O)(=O)c3cccc(F)c3)ccc21,9.4
ZINC000003927137,CN(C)CCn1cc(S(=O)(=O)c2ccccc2OC(F)(F)F)c2ccccc21,7.8
ZINC000095936819,Fc1ccc2c(CCNCc3cccc(OCC(F)(F)C(F)F)c3)c[nH]c2c1,9.08
ZINC000049036399,CN(C)S(=O)(=O)NC[C@@H]1CCCc2cc(S(=O)(=O)c3cccc(F)c3)ccc21,8.7
ZINC000137285856,COc1ccc(Cl)cc1NS(=O)(=O)c1ccc(OC)c2c1CC[C@H](N(C)C)C2,8.77
ZINC000027650342,COc1ccc(S(=O)(=O)Nc2cc([N+](=O)[O-])ccc2C)cc1N1CCNCC1,7.7
ZINC000004131968,COc1ccccc1OCCNc1cc(N2CCN(C)CC2)ccc1[N+](=O)[O-],7.72
ZINC000004131974,COc1ccc(OCCNc2cc(N3CCN(C)CC3)ccc2[N+](=O)[O-])cc1,6.61
ZINC000040862426,O=S(=O)(c1cccc2ccccc12)c1cccc2nc(N3CCNCC3)oc12,8.15
ZINC000040863730,O=S(=O)(c1ccc2nc(N3CCNCC3)oc2c1)c1cccc2ccccc12,6.71
ZINC000040863140,O=S(=O)(c1ccc2oc(N3CCNCC3)nc2c1)c1cccc2ccccc12,7.28
ZINC000040860917,O=S(=O)(c1cccc2ccccc12)c1cccc2oc(N3CCNCC3)nc12,8.51
ZINC000028120557,Nc1ccc(S(=O)(=O)n2cc(C3=CCNCC3)c3cc4c(cc32)OCO4)cc1,9.0
ZINC000004316122,O=S(=O)(c1ccccc1)c1nnn2c1nc(NCc1ccco1)c1sccc12,8.55
ZINC000008589517,O=S(=O)(c1ccccc1)c1nnn2c1nc(NCc1cccs1)c1sccc12,8.77
ZINC000049047887,Cc1nc2c(S(=O)(=O)c3ccccc3)c(N3CCNCC3)nn2c2c1CCC2,6.06
ZINC000004316464,O=S(=O)(c1ccccc1)c1nnn2c1nc(NC1CCCCC1)c1sccc12,8.49
ZINC000073222760,O=S(=O)(c1cccc(F)c1)c1ccc2c3c(oc2c1)C1(CCOCC1)NCC3,8.68
ZINC000028129740,O=S(=O)(c1ccc2ccccc2c1)n1cc(C2=CCNCC2)c2ccccc21,7.57
ZINC000040936369,O=S(=O)(c1ccc2c(Cl)cccc2c1)n1c2c(c3ccccc31)CCNCC2,7.62
ZINC000045319973,CN1CCN(c2cccc3[nH]c(C(=O)c4cccc5ccccc45)nc23)CC1,8.3
ZINC000043207081,N[C@@H]1CCN(c2ccc3[nH]nc(S(=O)(=O)c4cccc5ccccc45)c3c2)C1,8.35
ZINC000045367228,N[C@H]1CCN(c2ccc3[nH]nc(S(=O)(=O)c4cccc5ccccc45)c3c2)C1,8.51
ZINC000003820936,O=S(=O)(c1cccc2ccccc12)c1n[nH]c2ccc(N3CCNCC3)cc12,8.96
ZINC000064436953,O=S(=O)(c1cccc2ccccc12)c1n[nH]c2cc(N3CCNCC3)ccc12,7.66
ZINC000064393124,O=S(=O)(c1cccc2ccccc12)c1n[nH]c2cccc(N3CCNCC3)c12,7.32
ZINC000049035902,O=S(=O)(c1ccccc1)c1cnn2c(N3CCNCC3)c3c(nc12)CCC3,9.07
ZINC000020516285,O=S(=O)(c1ccccc1)c1nnn2c1nc(NC1CCCC1)c1sccc12,8.26
ZINC000028826857,O=C(Cc1ccc2ccccc2c1)N1c2ccccc2Sc2ccccc21,5.0
ZINC000045245825,O=C(c1nc2c(N3CCNCC3)cccc2[nH]1)c1cccc2ccccc12,7.89
ZINC000045355965,NC1CN(c2ccc3[nH]nc(S(=O)(=O)c4cccc5ccccc45)c3c2)C1,8.45
ZINC000028134359,O=S(=O)(c1nccc2sncc12)n1cc(C2=CCNCC2)c2ccccc21,8.3
ZINC000045246064,CN1CCN(c2cccc3[nH]c(Cc4cccc5ccccc45)nc23)CC1,7.57
ZINC000027649612,COc1ccc(S(=O)(=O)Nc2ccccc2C(C)C)cc1N1CCNCC1,9.0
ZINC000013553359,CC(=O)Nc1ccc(S(=O)(=O)n2cc(CCN(C)C)c3ccccc32)cc1,7.57
ZINC000045283952,CC(=O)c1ccc2c(n1)c(S(=O)(=O)c1cccc(F)c1)cn2CCN(C)C,7.95
ZINC000045288556,CC(=O)c1ccc2c(n1)c(S(=O)(=O)c1ccc(Br)cc1)cn2CCN(C)C,8.41
ZINC000027656021,COc1ccc(S(=O)(=O)Nc2cc(Br)cc(Br)c2F)cc1N1CCNCC1,8.6
ZINC000027654790,COc1ccc(S(=O)(=O)Nc2cc(Br)cc(Br)c2Cl)cc1N1CCNCC1,8.6
ZINC000027654564,COc1ccc(S(=O)(=O)Nc2cc(Cl)cc(Br)c2Cl)cc1N1CCNCC1,8.7
ZINC000027655397,COc1ccc(S(=O)(=O)Nc2c(F)cc(Br)cc2F)cc1N1CCNCC1,6.8
ZINC000027650042,COc1ccc(S(=O)(=O)Nc2cc(Cl)c(Cl)cc2Cl)cc1N1CCNCC1,8.3
ZINC000027656913,COc1ccc(S(=O)(=O)Nc2cc(Br)cc(Br)c2Br)cc1N1CCNCC1,8.6
ZINC000026665704,COc1ccc(S(=O)(=O)Nc2cc(Br)cc(F)c2Br)cc1N1CCNCC1,8.59
ZINC000027657463,COc1ccc(S(=O)(=O)Nc2cc(Br)cc(Cl)c2Br)cc1N1CCNCC1,8.4
ZINC000027654568,COc1ccc(S(=O)(=O)Nc2cc(Cl)cc(Cl)c2Br)cc1N1CCNCC1,8.5
ZINC000027657083,COc1ccc(S(=O)(=O)Nc2cc(F)cc(F)c2Cl)cc1N1CCNCC1,7.5
ZINC000027656681,COc1ccc(S(=O)(=O)Nc2cc(Cl)cc(Cl)c2Cl)cc1N1CCNCC1,8.7
ZINC000027655975,COc1ccc(S(=O)(=O)Nc2cc(Br)cc(F)c2Cl)cc1N1CCNCC1,8.5
ZINC000027648537,COc1ccc(S(=O)(=O)Nc2cc(Br)cc(Cl)c2Cl)cc1N1CCNCC1,8.4
ZINC000027653115,COc1ccc(Cl)cc1NS(=O)(=O)c1ccc(OC)c(N2CCNCC2)c1,8.9
ZINC000073161951,CNc1nn2c(C)c(CCN(C)C)c(C)nc2c1S(=O)(=O)c1ccccc1,8.68
ZINC000071330592,Cc1cc(C)n2nc(NCCCN(C)C)c(S(=O)(=O)c3ccccc3)c2n1,6.12
ZINC000071296858,Cc1cc(C)n2nc(N(C)CCN(C)C)c(S(=O)(=O)c3ccccc3)c2n1,6.31
ZINC000073161541,CNc1nn2c(C)c(CN(C)C)c(C)nc2c1S(=O)(=O)c1cccc(F)c1,9.05
ZINC000073196019,CNc1nn2c(C)c(CN(C)C)c(C)nc2c1S(=O)(=O)c1cccc(Cl)c1,9.38
ZINC000049035561,CN(C[C@@H]1CCCc2cc(S(=O)(=O)c3cccc(F)c3)ccc21)S(C)(=O)=O,9.4
ZINC000049037162,O=C(CO)NC[C@@H]1CCCc2cc(S(=O)(=O)c3cccc(F)c3)cc(F)c21,9.6
ZINC000049034719,COCC(=O)NC[C@@H]1CCCc2cc(S(=O)(=O)c3cccc(F)c3)ccc21,9.1
ZINC000073196710,CNc1nn2c(NCCN(C)C)cc(C)nc2c1S(=O)(=O)c1ccccc1,7.16
ZINC000028363973,C[C@H](Nc1nc(N)nc(NCCc2ccc(F)cc2)n1)c1ccc(F)cc1,6.76
ZINC000095576745,CC(C)c1ccccc1OCCN1CC[C@@H](NS(=O)(=O)c2ccc(Cl)s2)C1,6.7
ZINC000095580620,CC(C)c1ccccc1OCCN1CC[C@H](NS(=O)(=O)c2ccc(Cl)s2)C1,6.27
ZINC000013553353,CCN(CC)CCc1cn(S(=O)(=O)c2ccccc2)c2ccc(OC)cc12,8.22
ZINC000049035110,CNCC(=O)NC[C@@H]1CCCc2cc(S(=O)(=O)c3cccc(F)c3)ccc21,9.8
ZINC000049037190,CNC(=O)CNC[C@@H]1CCCc2cc(S(=O)(=O)c3cccc(F)c3)ccc21,9.0
ZINC000049112359,CN(CC(N)=O)C[C@@H]1CCCc2cc(S(=O)(=O)c3cccc(F)c3)ccc21,8.9
ZINC000049035801,CN(C)C(=O)NC[C@@H]1CCCc2cc(S(=O)(=O)c3cccc(F)c3)ccc21,8.6
ZINC000028883980,CN(C)CCc1cn(S(=O)(=O)c2ccc(C(F)(F)F)cc2)c2ccccc12,8.72
ZINC000049110717,CN(C[C@@H]1CCCc2cc(S(=O)(=O)c3cccc(F)c3)ccc21)S(N)(=O)=O,8.4
ZINC000049053976,CNS(=O)(=O)NC[C@@H]1CCCc2cc(S(=O)(=O)c3cccc(F)c3)ccc21,9.0
ZINC000026389502,COc1ccc(S(=O)(=O)n2cc(CCN(C)C)c3cccc(OC)c32)cc1,7.03
ZINC000013864751,COc1ccc(S(=O)(=O)n2cc(CCN(C)C)c3cc(OC)ccc32)cc1,8.1
ZINC000064548813,CCCCN1CCC(COC(=O)c2cc(Cl)c(NC)c3c2OCCO3)CC1,6.31
ZINC000004180759,Cc1ccccc1OCCNc1cc(N2CCN(C)CC2)ccc1[N+](=O)[O-],7.59
ZINC000040392728,CC(C)c1ccc(S(=O)(=O)c2cccc3oc(N4CCNCC4)nc23)cc1,7.66
ZINC000071281359,COc1ccc(S(=O)(=O)c2ccc3[nH]nc(C4CCN(C)CC4)c3c2)cc1,6.91
ZINC000003819420,Cc1cc(N2CCNCC2)c2c(c1)N(S(=O)(=O)c1ccccc1Cl)CCO2,9.7
ZINC000026671525,COc1ccc(S(=O)(=O)n2ccc3ccc(Br)cc32)cc1N1CCNCC1,9.52
ZINC000027649036,COc1ccc(S(=O)(=O)N2CCc3ccc(I)cc32)cc1N1CCNCC1,9.5
ZINC000027649031,COc1ccc(S(=O)(=O)N2CCc3cc(I)ccc32)cc1N1CCNCC1,8.4
ZINC000000538183,NC(=O)C1CCN(CCCN2c3ccccc3Sc3ccc(Cl)cc32)CC1,7.28
ZINC000013607653,O=S(=O)(Nc1ccc2[nH]cc(C[C@H]3CCCN3)c2c1)c1ccc(Cl)c(Cl)c1,8.52
ZINC000003987165,O=S(=O)(c1cccc(Cl)c1Cl)N1CCc2c(cccc2N2CCNCC2)C1,10.4
ZINC000013607649,O=S(=O)(Nc1ccc2[nH]cc(C[C@@H]3CCCN3)c2c1)c1ccc(F)cc1F,6.88
ZINC000013607651,O=S(=O)(Nc1ccc2[nH]cc(C[C@H]3CCCN3)c2c1)c1ccc(F)cc1Cl,8.05
ZINC000066260120,CN1CCN(c2cn(S(=O)(=O)c3ccccc3Br)c3ccc(Br)cc23)CC1,7.99
ZINC000066251542,CN1CCN(c2cn(S(=O)(=O)c3ccccc3Br)c3cc(Cl)ccc23)CC1,7.52
ZINC000043196753,O=S(=O)(c1ccc(F)cc1)n1cc(Cl)c2cc(CN3CCNCC3)ccc21,8.59
ZINC000066259602,CN1CCN(c2cn(S(=O)(=O)c3cccc(Cl)c3)c3ccc(Br)cc23)CC1,8.11
ZINC000043176083,CN1CCN(c2cn(S(=O)(=O)c3ccc(F)cc3)c3ccc(Br)cc23)CC1,8.04
ZINC000019632628,OCCOCCN1CCN(C2=Nc3ccccc3Sc3ccccc32)CC1,5.85
ZINC000013607573,Cc1ccc(S(=O)(=O)Nc2ccc3[nH]cc(C[C@H]4CCCN4C)c3c2)cc1,9.0
ZINC000095564060,Cc1ccc(S(=O)(=O)n2ccc3c(CN4CCN(C)CC4)cccc32)cc1,8.1
ZINC000003927095,CN(C)CCn1cc(S(=O)(=O)c2cccc3ccccc23)c2cccnc21,9.0
ZINC000299830197,Cc1cc(C)cc(S(=O)(=O)c2ccc3ccnc(N4CCNCC4)c3c2)c1,7.96
ZINC000073169096,O=S(=O)(NCCCCN1CCc2sccc2C1)c1cnc2ccccc2c1,5.97
ZINC000013607568,CN1CCC[C@@H]1Cc1c[nH]c2ccc(NS(=O)(=O)c3ccc(F)cc3)cc12,9.0
ZINC000013607553,CN1CCC[C@@H]1Cc1c[nH]c2ccc(NS(=O)(=O)c3ccccc3F)cc12,9.0
ZINC000073169098,O=S(=O)(NCCCCN1CCc2sccc2C1)c1ccc2cccnc2c1,5.58
ZINC000095560682,CN1CCN(Cc2cccc3c2ccn3S(=O)(=O)c2ccc(F)cc2)CC1,8.0
ZINC000071295093,CN1CCN(Cc2ccc3c(ccn3S(=O)(=O)c3ccc(F)cc3)c2)CC1,7.84
ZINC000034374447,CN1CCN(c2cccc3cc(S(=O)(=O)c4cccc(F)c4)cnc23)CC1,9.47
ZINC000013607556,CN1CCC[C@H]1Cc1c[nH]c2ccc(NS(=O)(=O)c3ccccc3Cl)cc12,7.66
ZINC000006716964,CN1CCC[C@@H]1Cc1c[nH]c2ccc(NS(=O)(=O)c3ccccc3Cl)cc12,9.0
ZINC000071295805,CN1CCN(Cc2ccc3c(ccn3S(=O)(=O)c3ccccc3Br)c2)CC1,8.08
ZINC000043196745,CN1CCN(Cc2cccc3c2ccn3S(=O)(=O)c2ccccc2Br)CC1,8.84
ZINC000095562163,CN1CCN(Cc2cccc3c2c(Br)cn3S(=O)(=O)c2ccccc2)CC1,7.52
ZINC000095562385,CN1CCN(Cc2cccc3c2c(Cl)cn3S(=O)(=O)c2ccccc2)CC1,7.27
ZINC000013607572,CN1CCC[C@@H]1Cc1c[nH]c2ccc(NS(=O)(=O)c3ccc(I)cc3)cc12,9.52
ZINC000013607561,CN1CCC[C@H]1Cc1c[nH]c2ccc(NS(=O)(=O)c3cccc(Cl)c3)cc12,7.96
ZINC000006716963,CN1CCC[C@@H]1Cc1c[nH]c2ccc(NS(=O)(=O)c3cccc(Cl)c3)cc12,9.4
ZINC000095558549,CN1CCN(Cc2cccc3c2ccn3S(=O)(=O)c2ccc(Br)cc2)CC1,7.63
ZINC000043196751,CN1CCN(Cc2ccc3c(ccn3S(=O)(=O)c3ccc(Cl)cc3)c2)CC1,8.52
ZINC000095562527,CN1CCN(Cc2cccc3c2ccn3S(=O)(=O)c2cccc(Cl)c2)CC1,7.88
ZINC000026717675,CC[C@@](C)(CO)CNC(=O)[C@@H]1C=C2c3cccc4[nH]cc(c34)C[C@H]2N(C)C1,6.74
ZINC000073404833,CNc1nn2c(N3CCOCC3)cc(C)nc2c1S(=O)(=O)c1ccccc1,7.78
ZINC000013611690,CN(C)CCn1ccc2ccc(NS(=O)(=O)c3c(Cl)nc4sccn34)cc21,7.26
ZINC000013611670,CN(C)CCn1ccc2cc(NS(=O)(=O)c3c(Cl)nc4sccn34)ccc21,8.72
ZINC000040411143,Cc1c(OS(=O)(=O)c2cccc3ccccc23)cccc1C1CCNCC1,8.82
ZINC000040428712,Cc1c(OS(=O)(=O)c2ccc3ccccc3c2)cccc1C1CCNCC1,8.57
ZINC000299832347,CSc1nn2c(N3CCNCC3)nc(C)nc2c1S(=O)(=O)c1ccccc1,8.92
ZINC000040412426,CCN1CCc2c(n(S(=O)(=O)c3cccc(OC)c3)c3ccccc23)CC1,7.3
ZINC000013864771,CO[C@H]1c2cccc3c2c(cn3S(=O)(=O)c2ccc(C)cc2)C[C@@H]1N(C)C,6.89
ZINC000013864755,COc1ccc2c(c1)c(CCN1CCCC1)cn2S(=O)(=O)c1ccccc1,7.36
ZINC000028524641,COc1ccc(S(=O)(=O)n2cc(C[C@@H]3CCCN3C)c3ccccc32)cc1,7.71
ZINC000136531755,O=S(=O)(c1cccc(F)c1)c1c[nH]c2c(OCCN3CCCC3)cccc12,7.7
ZINC000003927123,CN(C)CCn1cc(S(=O)(=O)c2cccc3ccccc23)c2ccccc21,8.43
ZINC000299866788,O=S(=O)(Nc1ccccc1-c1nccc2ccccc12)c1ccc(Cl)cc1,5.24
ZINC000040420977,O=S(=O)(c1cccc(C(F)(F)F)c1)n1c2c(c3ccccc31)CCNCC2,7.05
ZINC000040413865,O=S(=O)(c1ccc(C(F)(F)F)cc1)n1c2c(c3ccccc31)CCNCC2,7.34
ZINC000036093356,COc1cc(OC)c2c3c(n(S(=O)(=O)c4ccc(N)cc4)c2c1)CCCC3,6.68
ZINC000064447745,COc1ccc(S(=O)(=O)c2n[nH]c3ccc(N4CCN(C)CC4)cc23)cc1,7.92
ZINC000003820939,COc1cccc(S(=O)(=O)c2n[nH]c3ccc(N4CCN(C)CC4)cc23)c1,8.96
ZINC000013607612,Cc1noc(C)c1S(=O)(=O)Nc1ccc2[nH]cc(C[C@H]3CCCN3C)c2c1,9.1
ZINC000146793951,O=S(=O)(NCCCN1CCN(c2nsc3ccccc23)CC1)c1cccs1,6.85
ZINC000064454405,CN1CCN(c2ccc3[nH]nc(S(=O)(=O)c4c(Cl)cccc4Cl)c3c2)CC1,8.59
ZINC000040393230,O=S(=O)(c1cc(Cl)ccc1Cl)c1cccc2oc(N3CCNCC3)nc12,7.89
ZINC000045348563,COc1cc2c(cc1NS(=O)(=O)c1c(Cl)nc3sccn13)C(C)=C(C)C2,7.19
ZINC000013611776,CN1CCC(c2c[nH]c3ccc(NS(=O)(=O)c4ccc(Cl)s4)cc23)CC1,7.61
ZINC000003942954,O=S(=O)(c1cc2cccc(N3CCNCC3)c2[nH]1)c1cccc(Cl)c1Cl,9.7
ZINC000003961862,O=S(=O)(c1cccc(Cl)c1)n1ccc2c(N3CCNCC3)c(Cl)ccc21,9.52
ZINC000095558474,CN1CCN(Cc2cccc3c2ccn3S(=O)(=O)c2ccccc2)CC1,8.49
ZINC000043196748,CN1CCN(Cc2ccc3c(ccn3S(=O)(=O)c3ccccc3)c2)CC1,8.42
ZINC000013607551,CN1CCC[C@H]1Cc1c[nH]c2ccc(NS(=O)(=O)c3ccccc3)cc12,7.8
ZINC000013607549,CN1CCC[C@@H]1Cc1c[nH]c2ccc(NS(=O)(=O)c3ccccc3)cc12,9.0
ZINC000013607638,Cc1ccc(S(=O)(=O)Nc2ccc3[nH]cc(C[C@H]4CCCN4)c3c2)cc1,8.4
ZINC000028527038,CN1CCC[C@H]1Cc1cn(S(=O)(=O)c2ccc(N)cc2)c2ccccc12,8.52
ZINC000169341659,CN1CCC(c2cccc3cc(S(=O)(=O)c4ccccn4)cnc23)CC1,9.66
ZINC000071295938,Cc1cccc(S(=O)(=O)c2ccc3[nH]nc(C4CCN(C)CC4)c3c2)c1,7.3
ZINC000045316662,O=S(=O)(c1cccc(Cl)c1)c1cn(CCN2CCCC2)c2ncccc12,7.35
ZINC000028130533,Nc1ccc(S(=O)(=O)n2cc(C3=CCNCC3)c3cc(F)ccc32)cc1,9.0
ZINC000013607624,O=S(=O)(Nc1ccc2[nH]cc(C[C@H]3CCCN3)c2c1)c1ccc(F)cc1,8.4
ZINC000013607616,O=S(=O)(Nc1ccc2[nH]cc(C[C@H]3CCCN3)c2c1)c1ccccc1F,8.4
ZINC000043176085,CN1CCN(c2cn(S(=O)(=O)c3ccc(F)cc3)c3ccccc23)CC1,7.93
ZINC000045257679,O=S(=O)(c1cccc(F)c1)c1cn(CCN2CCCC2)c2ncccc12,7.06
ZINC000066058829,CN1CCN(c2cn(S(=O)(=O)c3ccccc3Br)c3ccccc23)CC1,7.82
ZINC000071294819,O=S(=O)(c1ccccc1Br)n1ccc2cc(CN3CCNCC3)ccc21,8.11
ZINC000071296009,CN1CCC(c2n[nH]c3ccc(S(=O)(=O)c4cccc(F)c4)cc23)CC1,7.03
ZINC000071294393,CN1CCC(c2n[nH]c3ccc(S(=O)(=O)c4cccc(Cl)c4)cc23)CC1,7.72
ZINC000028123899,Nc1ccc(S(=O)(=O)n2cc(C3CCNCC3)c3ccc(Cl)cc32)cc1,8.52
ZINC000028130029,Nc1ccc(S(=O)(=O)n2cc(C3=CCNCC3)c3ccc(Cl)cc32)cc1,8.52
ZINC000013607633,O=S(=O)(Nc1ccc2[nH]cc(C[C@@H]3CCCN3)c2c1)c1ccc(Br)cc1,7.24
ZINC000013607630,O=S(=O)(Nc1ccc2[nH]cc(C[C@H]3CCCN3)c2c1)c1ccc(Br)cc1,8.52
ZINC000013607635,O=S(=O)(Nc1ccc2[nH]cc(C[C@H]3CCCN3)c2c1)c1ccc(I)cc1,9.0
ZINC000013607628,O=S(=O)(Nc1ccc2[nH]cc(C[C@H]3CCCN3)c2c1)c1ccc(Cl)cc1,8.52
ZINC000013607620,O=S(=O)(Nc1ccc2[nH]cc(C[C@@H]3CCCN3)c2c1)c1cccc(Cl)c1,7.44
ZINC000066058828,CN1CCN(c2cn(S(=O)(=O)c3cccc(Cl)c3)c3ccccc23)CC1,7.97
ZINC000000978671,Cc1ccc(S(=O)(=O)N/N=C2\CCCc3c2[nH]c2ccc(Cl)cc32)cc1,5.49
ZINC000028131242,Nc1ccc(S(=O)(=O)n2cc(C3=CCNCC3)c3cc(Br)ccc32)cc1,8.15
ZINC000071295457,CN1CCC(c2n[nH]c3ccc(S(=O)(=O)c4ccc(F)cc4)cc23)CC1,7.18
ZINC000090527590,COc1cc(N2CCNCC2)c2ncc(C)c(Oc3ccccc3)c2c1,9.0
ZINC000053151228,CC[C@@H](CO)NC(=O)[C@@H]1C=C2c3cccc4c3c(cn4C)C[C@H]2N(C)C1,7.12
ZINC000040862430,COc1cccc(S(=O)(=O)c2cccc3oc(N4CCNCC4)nc23)c1,7.6
ZINC000003927102,CN(C)CCn1cc(S(=O)(=O)c2c(Cl)nc3sccn23)c2cccnc21,9.05
ZINC000071317063,Cc1cc(C)n2nc(N3CCNCC3)c(S(=O)(=O)c3ccccc3)c2n1,5.86
ZINC000068197255,CNc1nn2c3c(c(C)nc2c1S(=O)(=O)c1ccccc1)CN(C)CC3,9.17
ZINC000068197256,CNc1nn2c(C)c3c(nc2c1S(=O)(=O)c1ccccc1)CCN(C)C3,9.18
ZINC000049036004,O=S(=O)(c1cccc(F)c1)c1ccc2c(c1)CCC[C@H]2CN1CC(O)C1,10.0
ZINC000073221584,COc1cccc(S(=O)(=O)c2ccc3c4c(oc3c2)C(C)(C)NCC4)c1,7.76
ZINC000040935670,COc1cccc(S(=O)(=O)n2c3c(c4ccccc42)CCN(C)CC3)c1,7.72
ZINC000028524814,COc1ccc(S(=O)(=O)n2cc(C3=CCCNC3)c3ccccc32)cc1,7.8
ZINC000013864770,Cc1ccc(S(=O)(=O)n2cc3c4c(cccc42)[C@H](O)[C@@H](N(C)C)C3)cc1,8.14
ZINC000028524395,COc1ccc(S(=O)(=O)n2cc(C[C@@H]3CCCN3)c3ccccc32)cc1,7.4
ZINC000028129986,COc1ccc(S(=O)(=O)n2cc(C3=CCNCC3)c3ccccc32)cc1,7.74
ZINC000038318544,O=S(=O)(Nc1ccc2c(c1)C(C1CCNCC1)=CCO2)c1ccccc1,9.0
ZINC000095576935,CCCN1CCC(COc2nc3c(Cl)cccc3c3ccccc23)CC1,5.2
ZINC000028526361,O=S(=O)(c1ccc(Cl)c(Cl)c1)n1cc(C[C@@H]2CCCN2)c2ccccc21,7.31
ZINC000028526590,O=S(=O)(c1cccc(Cl)c1Cl)n1cc(C2=CCCNC2)c2ccccc21,7.7
ZINC000028526369,O=S(=O)(c1ccc(Cl)c(Cl)c1)n1cc(C2=CCCNC2)c2ccccc21,7.32
ZINC000028129006,O=S(=O)(c1ccc(F)cc1)n1cc(C2=CCNCC2)c2cc(F)ccc21,8.52
ZINC000028526368,O=S(=O)(c1ccc(F)c(F)c1)n1cc(C2=CCCNC2)c2ccccc21,7.59
ZINC000028525568,O=S(=O)(c1ccc(F)cc1F)n1cc(C2=CCCNC2)c2ccccc21,7.89
ZINC000002690423,Cc1ccc(S(=O)(=O)c2nc(N3CCc4ccccc4C3)sc2Cl)cc1,5.93
ZINC000028129662,O=S(=O)(c1ccc(Cl)cc1)n1cc(C2=CCNCC2)c2cc(F)ccc21,7.85
ZINC000028524640,Cc1ccc(S(=O)(=O)n2cc(C[C@@H]3CCCN3C)c3ccccc32)cc1,8.3
ZINC000045348535,O=S(=O)(c1ccccc1)c1c[nH]c2cccc(CCN3CCCCC3)c12,6.36
ZINC000028378165,CNCCn1cc(S(=O)(=O)c2cccc3ccccc23)c2ccccc21,8.24
ZINC000028133589,CN1CC=C(c2cn(S(=O)(=O)c3ccc(F)cc3)c3ccccc23)CC1,8.3
ZINC000028526036,CN1CCC[C@H]1Cc1cn(S(=O)(=O)c2ccccc2Br)c2ccccc12,8.15
ZINC000028527099,CN1CCC[C@H]1Cc1cn(S(=O)(=O)c2ccc(I)cc2)c2ccccc12,8.52
ZINC000028525878,CN1CCC[C@H]1Cc1cn(S(=O)(=O)c2ccc(Cl)cc2)c2ccccc12,8.15
ZINC000028525877,CN1CCC[C@H]1Cc1cn(S(=O)(=O)c2cccc(Cl)c2)c2ccccc12,8.4
ZINC000028130446,CN1CC=C(c2cn(S(=O)(=O)c3cccc(Cl)c3)c3ccccc23)CC1,9.0
ZINC000028121735,CN1CCC[C@@H]1Cc1cn(S(=O)(=O)c2ccccc2)c2ccc(Cl)cc12,8.85
ZINC000064447104,COc1ccc(S(=O)(=O)c2n[nH]c3cccc(N4CCNCC4)c23)cc1,7.06
ZINC000064436545,COc1ccc(S(=O)(=O)c2n[nH]c3cc(N4CCNCC4)ccc23)cc1,6.91
ZINC000095557385,CSc1nn2cc3c(nc2c1S(=O)(=O)c1ccc(F)cc1)CCN(C)C3,5.94
ZINC000095555145,CSc1nn2c3c(cnc2c1S(=O)(=O)c1ccc(F)cc1)CN(C)CC3,7.45
ZINC000003820937,Cc1cccc(S(=O)(=O)c2n[nH]c3ccc(N4CCN(C)CC4)cc23)c1,9.05
ZINC000064454318,Cc1ccc(S(=O)(=O)c2n[nH]c3ccc(N4CCN(C)CC4)cc23)cc1,8.31
ZINC000064447540,CCn1nc(S(=O)(=O)c2ccccc2)c2cc(N3CCNCC3)ccc21,8.54
ZINC000064447579,CN1CCN(c2ccc3[nH]nc(S(=O)(=O)c4ccc(F)cc4)c3c2)CC1,8.28
ZINC000064447576,CN1CCN(c2ccc3[nH]nc(S(=O)(=O)c4cccc(F)c4)c3c2)CC1,8.77
ZINC000064448686,CN1CCN(c2ccc3[nH]nc(S(=O)(=O)c4ccccc4F)c3c2)CC1,8.26
ZINC000045364613,NC1CCN(c2ccc3[nH]nc(S(=O)(=O)c4cccc(Cl)c4)c3c2)CC1,8.09
ZINC000064447580,CN1CCN(c2ccc3[nH]nc(S(=O)(=O)c4ccccc4Cl)c3c2)CC1,8.4
ZINC000064448103,CN1CCN(c2ccc3[nH]nc(S(=O)(=O)c4ccc(Cl)cc4)c3c2)CC1,8.09
ZINC000003820941,CN1CCN(c2ccc3[nH]nc(S(=O)(=O)c4cccc(Cl)c4)c3c2)CC1,9.0
ZINC000028527097,Cc1cc(Cl)n(CS(=O)(=O)n2cc(C3=CCCNC3)c3ccccc32)n1,8.1
ZINC000053084151,FC(F)(F)c1ccc(N2CCN(Cc3c[nH]c4ncccc34)CC2)cc1,5.15
ZINC000004316466,O=S(=O)(c1ccccc1)c1nnn2c1nc(N1CCCC1)c1sccc12,7.06
ZINC000003860825,COC(=O)[C@H]1[C@@H](O)CC[C@H]2CN3CCc4c([nH]c5ccccc45)[C@@H]3C[C@@H]21,6.11
ZINC000001550276,NCCOc1cccc2c1c1cccc3c1n2[C@H](c1ccccc1)CO3,8.74
ZINC000045288507,c1ccc2c(Cc3nc4c(N5CCNCC5)cccc4[nH]3)cccc2c1,7.8
ZINC000045246065,c1ccc2cc(Cc3nc4c(N5CCNCC5)cccc4[nH]3)ccc2c1,7.77
ZINC000027653119,COc1ccc(S(=O)(=O)Nc2cc(Br)ccc2Br)cc1N1CCNCC1,9.0
ZINC000027656703,COc1ccc(S(=O)(=O)Nc2cc(Br)cc(Br)c2)cc1N1CCNCC1,9.3
ZINC000027647317,COc1ccc(S(=O)(=O)Nc2cc(Cl)cc(Cl)c2)cc1N1CCNCC1,9.2
ZINC000027655673,COc1ccc(S(=O)(=O)Nc2ccc(Cl)c(Cl)c2)cc1N1CCNCC1,8.6
ZINC000045287636,CC(=O)c1ccc2c(n1)c(S(=O)(=O)c1ccccc1)cn2CCN(C)C,7.25
ZINC000013553356,COc1ccc2c(c1)c(CCN(C)C)cn2S(=O)(=O)c1ccc(N)cc1,9.22
ZINC000027646677,COc1ccc(S(=O)(=O)Nc2cc(I)ccc2C)cc1N1CCNCC1,9.1
ZINC000013782729,COc1ccc(NS(=O)(=O)c2ccc(Br)cc2)cc1N1CCN(C)CC1,8.3
ZINC000027656759,COc1ccc(S(=O)(=O)Nc2ccc(C)cc2Br)cc1N1CCNCC1,8.1
ZINC000013553362,CCN(CC)CCc1cn(S(=O)(=O)c2ccc(N)cc2)c2ccccc12,9.22
ZINC000028955658,COC(=O)c1ccc(N2CCN(C)CC2)cc1NCCc1ccccc1,6.34
ZINC000073161523,CNc1nn2c(C)c(NC(C)=O)c(C)nc2c1S(=O)(=O)c1ccccc1,8.33
ZINC000073161539,CNc1nn2c(C)c(CN(C)C)c(C)nc2c1S(=O)(=O)c1ccccc1,9.15
ZINC000073159514,CNc1nn2c(CCN(C)C)cc(C)nc2c1S(=O)(=O)c1ccccc1,7.47
ZINC000071319305,Cc1cc(C)n2nc(NCCN(C)C)c(S(=O)(=O)c3ccccc3)c2n1,5.59
ZINC000049793062,O=S(=O)(c1cccc(F)c1)c1cc(F)c2c(c1)CCC[C@H]2CNCCO,9.8
ZINC000049046880,CC(=O)N(C)C[C@@H]1CCCc2cc(S(=O)(=O)c3cccc(F)c3)ccc21,8.8
ZINC000049112757,COCCNC[C@@H]1CCCc2cc(S(=O)(=O)c3cccc(F)c3)ccc21,9.6
ZINC000035983598,CS(=O)(=O)NC[C@@H]1CCCc2cc(S(=O)(=O)c3cccc(F)c3)ccc21,9.7
ZINC000049045290,O=C(CO)NC[C@@H]1CCCc2cc(S(=O)(=O)c3cccc(F)c3)ccc21,10.0
ZINC000049112400,COC(=O)NC[C@@H]1CCCc2cc(S(=O)(=O)c3cccc(F)c3)ccc21,8.8
ZINC000045284813,C/C(=N\NC(=N)N)c1c[nH]c2ccc(NS(=O)(=O)c3ccccc3)cc12,9.0
ZINC000095574377,O=S(=O)(NCC1CCN(CCOc2cccc(F)c2)CC1)c1cccs1,5.56
ZINC000049125604,NC(=O)NC[C@@H]1CCCc2cc(S(=O)(=O)c3cccc(F)c3)cc(F)c21,9.7
ZINC000013864766,COc1ccc2c(c1)c(CCN(C)C)c(C)n2S(=O)(=O)c1ccccc1,7.92
ZINC000013864750,COc1ccc2c(c1)c(CCN(C)C)cn2S(=O)(=O)c1ccc(C)cc1,7.35
ZINC000049111280,NCC(=O)NC[C@@H]1CCCc2cc(S(=O)(=O)c3cccc(F)c3)ccc21,9.5
ZINC000049048196,CN(C[C@@H]1CCCc2cc(S(=O)(=O)c3cccc(F)c3)ccc21)C(N)=O,7.4
ZINC000049052212,NC(=O)CNC[C@@H]1CCCc2cc(S(=O)(=O)c3cccc(F)c3)ccc21,10.0
ZINC000049035799,CNC(=O)NC[C@@H]1CCCc2cc(S(=O)(=O)c3cccc(F)c3)ccc21,9.4
ZINC000013864747,COc1ccc2c(c1)c(CCN(C)C)cn2S(=O)(=O)c1ccccc1Cl,7.96
ZINC000026386682,COc1cccc2c(CCN(C)C)cn(S(=O)(=O)c3ccc(Cl)cc3)c12,7.35
ZINC000013864749,COc1ccc2c(c1)c(CCN(C)C)cn2S(=O)(=O)c1ccc(Cl)cc1,8.51
ZINC000013864748,COc1ccc2c(c1)c(CCN(C)C)cn2S(=O)(=O)c1cccc(Cl)c1,8.1
ZINC000040405752,O=C(CCCN1CCCN(c2ccc(Cl)cc2)CC1)c1ccc(F)cc1,6.53
ZINC000049112191,NS(=O)(=O)NC[C@@H]1CCCc2cc(S(=O)(=O)c3cccc(F)c3)ccc21,9.9
ZINC000004310061,O=[N+]([O-])c1ccc(N2CCNCC2)cc1NCCOc1ccc(Cl)cc1,6.54
ZINC000071329553,Cc1cc(C)n2nc(OCCN(C)C)c(S(=O)(=O)c3ccccc3)c2n1,5.66
ZINC000003903990,Cc1ccccc1OCCNc1cc(N2CCNCC2)ccc1[N+](=O)[O-],6.79
ZINC000072124563,CCN/C(=N\S(=O)(=O)c1cccc(Cl)c1)N1N=CC[C@H]1c1ccccc1,8.03
ZINC000027651330,COc1ccc(S(=O)(=O)Nc2ccc(I)cc2)cc1N1CCNCC1,8.7
ZINC000027656184,COc1ccc(S(=O)(=O)Nc2cccc(Br)c2)cc1N1CCNCC1,8.9
ZINC000027651991,COc1ccc(S(=O)(=O)Nc2cccc(I)c2)cc1N1CCNCC1,9.3
ZINC000027649617,COc1ccc(S(=O)(=O)Nc2cccc(Cl)c2)cc1N1CCNCC1,8.9
ZINC000028466025,COc1ccc(NS(=O)(=O)c2ccc(I)cc2)cc1N1CCNCC1,8.64
ZINC000027655400,COc1ccc(S(=O)(=O)Nc2ccccc2Br)cc1N1CCNCC1,8.8
ZINC000027319374,Cc1[nH]c2cccc(NC(=O)c3ccc(F)cc3)c2c1CCN(C)C,5.75
ZINC000045258566,CN(C)CCn1cc(S(=O)(=O)c2cc(Cl)ccc2Cl)c2cccnc21,7.93
ZINC000045259878,CN(C)CCn1cc(S(=O)(=O)c2c(Cl)cccc2Cl)c2cccnc21,8.05
ZINC000045254179,CN(C)CCn1cc(S(=O)(=O)c2cc(Cl)cc(Cl)c2)c2cccnc21,8.37
ZINC000013864763,CN(C)CCc1cn(S(=O)(=O)c2ccccc2)c2ccc(C#N)cc12,7.48
ZINC000026673123,CNc1cc(N2CCCNCC2)ccc1S(=O)(=O)c1ccc(F)cc1,8.85
ZINC000038192568,CNc1cc(N2CCCNCC2)ccc1S(=O)(=O)c1cccc(F)c1,8.85
ZINC000003927100,NCCn1cc(S(=O)(=O)c2cccc(C(F)(F)F)c2)c2cccnc21,8.68
ZINC000003927098,NCCn1cc(S(=O)(=O)c2ccccc2C(F)(F)F)c2cccnc21,8.68
ZINC000028955797,COC(=O)c1cc(N2CCN(C)CC2)ccc1NCc1ccccc1,5.72
ZINC000073161526,CNc1nn2c(C)c(N(C)C)c(C)nc2c1S(=O)(=O)c1ccccc1,9.68
ZINC000073159508,CNc1nn2c(CN(C)C)cc(C)nc2c1S(=O)(=O)c1ccccc1,8.74
ZINC000073165602,CNc1nn2c(C)c(CCN)c(C)nc2c1S(=O)(=O)c1ccccc1,8.86
ZINC000073161532,CNc1nn2c(C)c(CN)c(C)nc2c1S(=O)(=O)c1cccc(F)c1,8.85
ZINC000073161536,CNc1nn2c(C)c(CN)c(C)nc2c1S(=O)(=O)c1cccc(Cl)c1,9.26
ZINC000040937943,CCc1ccc(S(=O)(=O)Oc2cccc(C3CCNCC3)c2C)cc1,7.95
ZINC000049793182,CC(=O)NC[C@@H]1CCCc2cc(S(=O)(=O)c3cccc(F)c3)ccc21,9.9
ZINC000038238325,CC(=O)NC[C@@H]1CCCc2cc(S(=O)(=O)c3ccccc3)cc(F)c21,9.5
ZINC000049037192,O=S(=O)(c1cccc(F)c1)c1ccc2c(c1)CCC[C@H]2CNCCO,9.9
ZINC000049111109,CS(=O)(=O)c1cccc(S(=O)(=O)c2ccc3c(c2)CCC[C@H]3CN)c1,8.4
ZINC000028883965,COc1ccc(S(=O)(=O)n2cc(CCN(C)C)c3ccccc32)cc1,7.89
ZINC000036093373,COc1ccc2c(CCN(C)C)cn(S(=O)(=O)c3ccccc3)c2c1,7.82
ZINC000036093378,COc1cccc2c1c(CCN(C)C)cn2S(=O)(=O)c1ccccc1,7.96
ZINC000003927134,COc1ccc2c(S(=O)(=O)c3ccccc3)cn(CCN(C)C)c2c1,7.64
ZINC000028396176,COc1cccc2c(S(=O)(=O)c3ccccc3)cn(CCN(C)C)c12,7.64
ZINC000043130654,NC(=O)NC[C@@H]1CCCc2cc(S(=O)(=O)c3cccc(F)c3)ccc21,9.7
ZINC000040938397,Cc1c(C2CCNCC2)ccnc1OCc1cccc(C(F)(F)F)c1,7.72
ZINC000036093377,CCN(CC)CCc1cn(S(=O)(=O)c2ccccc2)c2ccccc12,7.85
ZINC000014975934,COc1ccc(S(=O)(=O)n2cc(CCN)c3ccccc32)cc1OC,8.15
ZINC000028884037,CN(C)CCc1cn(Cc2ccc(C(F)(F)F)cc2)c2ccccc12,6.35
ZINC000004687393,O=[N+]([O-])c1ccc(N2CCNCC2)cc1NCCOc1ccccc1,6.94
ZINC000028955817,CC(=O)N(Cc1ccccc1)c1ccc(N2CCN(C)CC2)cc1N,6.79
ZINC000028530919,Nc1ccc(S(=O)(=O)n2ccc3c([N+](=O)[O-])cc([N+](=O)[O-])cc32)cc1,6.01
ZINC000028955473,CN1CCN(c2ccc([N+](=O)[O-])c(NCc3ccc(F)cc3)c2)CC1,6.76
ZINC000004499250,CN1CCN(c2ccc([N+](=O)[O-])c(NCc3ccc(Cl)cc3)c2)CC1,7.23
ZINC000066066658,CSc1nn2c(C)cc(C)nc2c1S(=O)(=O)c1ccc(N(C)C)cc1,7.43
ZINC000004687384,CN1CCN(c2ccc([N+](=O)[O-])c(NCCc3ccccc3)c2)CC1,6.92
ZINC000036093397,CCCCCCCCS(=O)(=O)n1cc(CCN(C)C)c2ccccc21,6.36
ZINC000028525810,Cc1nc(C)c(S(=O)(=O)n2cc(C3=CCCNC3)c3ccccc32)o1,7.24
ZINC000040391732,O=S(=O)(c1cccc(Cl)c1)c1cccc2oc(N3CCNCC3)nc12,7.51
ZINC000040864774,O=S(=O)(c1cccc(F)c1)c1cccc2oc(N3CCNCC3)nc12,7.27
ZINC000040873300,O=S(=O)(c1ccc(F)cc1)c1cccc2oc(N3CCNCC3)nc12,7.19
ZINC000013531276,CCN(CC)C(=O)[C@@H]1C=C2c3cccc4[nH]c(Br)c(c34)C[C@H]2N(C)C1,7.77
ZINC000299829537,O=C(Nc1ccccc1)n1cc(C2=CCNCC2)c2cc(F)ccc21,6.93
ZINC000028123884,CN1CC=C(c2cn(C(=O)Nc3ccccc3)c3ccccc23)CC1,6.93
ZINC000045385981,CC1=CC(C)(C)c2ccc(NS(=O)(=O)c3c(Cl)nc4sccn34)cc21,7.1
ZINC000043196747,O=S(=O)(c1ccccc1)n1ccc2cc(CN3CCNCC3)ccc21,8.6
ZINC000036093362,CNc1ccc2c3c(n(S(=O)(=O)c4ccc(N)cc4)c2c1)CCCC3,6.69
ZINC000036093361,CNc1cccc2c1c1c(n2S(=O)(=O)c2ccc(N)cc2)CCCC1,6.78
ZINC000028526360,Nc1ccc(S(=O)(=O)n2cc(C[C@@H]3CCCN3)c3ccccc32)cc1,8.15
ZINC000066259600,CN1CCN(c2cn(S(=O)(=O)c3ccccc3)c3ccccc23)CC1,7.8
ZINC000038192572,CN1CCN(c2cccc3c(S(=O)(=O)c4ccccc4)c[nH]c23)CC1,9.3
ZINC000043199965,O=S(=O)(c1ccccc1)c1cnc2c(N3CCNCC3)cccc2c1,9.78
ZINC000003927097,NCCn1cc(S(=O)(=O)c2cccc3ccccc23)c2cccnc21,8.8
ZINC000071281399,CN1CCC(c2n[nH]c3ccc(S(=O)(=O)c4ccccc4)cc23)CC1,7.26
ZINC000049052208,NC[C@@H]1CCCc2cc(S(=O)(=O)c3cc(F)cc4[nH]cnc34)ccc21,8.3
ZINC000049113924,CSc1nn2c3c(c(C)nc2c1S(=O)(=O)c1ccccc1)CCCC3,9.36
ZINC000049072715,CSc1nn2c(C)c3c(nc2c1S(=O)(=O)c1ccccc1)CCCC3,9.17
ZINC000095619105,CC[C@@H](CO)NC(=O)[C@@H]1C=C2c3cccc4[nH]cc(c34)C[C@H]2N(C)C1,8.93
ZINC000019796018,CN1CCN(CCCN2c3ccccc3Sc3ccc(Cl)cc32)CC1,6.91
ZINC000003927115,CNCCn1cc(S(=O)(=O)c2c(Cl)nc3sccn23)c2cccnc21,9.05
ZINC000095554594,CNc1nn2cc3c(nc2c1S(=O)(=O)c1ccccc1)CCN(C)C3,9.09
ZINC000068197253,CNc1nn2c3c(cnc2c1S(=O)(=O)c1ccccc1)CN(C)CC3,9.41
ZINC000004316125,CC(C)Nc1nc2c(S(=O)(=O)c3ccccc3)nnn2c2ccsc12,7.52
ZINC000072316099,CC1(C)NCCc2c1oc1cc(S(=O)(=O)c3cccc(F)c3)ccc21,8.54
ZINC000299823076,O=S(=O)(c1ccccc1)c1ccc(C2CCNCC2)c2ccccc12,8.42
ZINC000040409777,COc1cccc(S(=O)(=O)n2c3c(c4ccccc42)CCNCC3)c1,7.92
ZINC000026670936,CO[C@H]1c2cccc3c2c(cn3S(=O)(=O)c2ccc(C)cc2)C[C@@H]1N,6.89
ZINC000028108058,COc1ccc2c(c1)c1ccccc1n2S(=O)(=O)c1ccc(N)cc1,7.54
ZINC000040935343,COc1ccc(S(=O)(=O)n2c3c(c4ccccc42)CCNCC3)cc1,7.48
ZINC000038895000,COc1ccc2c(c1)c(CCN(C)C)c1n2S(=O)(=O)c2ccccc2-1,7.02
ZINC000040934086,COc1ccccc1S(=O)(=O)n1c2c(c3ccccc31)CCNCC2,7.72
ZINC000040917277,COc1cccc(S(=O)(=O)n2ccc3cc4c(cc32)CCNCC4)c1,8.7
ZINC000028524598,CN1CCC[C@H]1Cc1cn(S(=O)(=O)c2ccc(Br)s2)c2ccccc12,8.52
ZINC000028526591,CN1CCC[C@@H]1Cc1cn(S(=O)(=O)c2ccc(Br)s2)c2ccccc12,8.4
ZINC000040917942,O=S(=O)(c1cccc(Cl)c1)n1cc(Cl)c2cc3c(cc21)CCNCC3,8.4
ZINC000028331055,CN1CC=C(c2cn(S(=O)(=O)c3ccccc3)c3ccccc23)CC1,8.7
ZINC000028524390,Cc1ccc(S(=O)(=O)n2cc(C[C@@H]3CCCN3)c3ccccc32)cc1,7.48
ZINC000040919087,CCN1CCc2c(n(S(=O)(=O)c3ccccc3)c3ccccc23)CC1,7.92
ZINC000028465383,CN1CCC[C@H]1Cc1cn(S(=O)(=O)c2ccccc2)c2ccccc12,8.77
ZINC000028461233,CN1CCC[C@@H]1Cc1cn(S(=O)(=O)c2ccccc2)c2ccccc12,9.52
ZINC000028526550,O=S(=O)(c1ccc(F)cc1)n1cc(C2=CCCNC2)c2ccccc21,7.98
ZINC000028526359,O=S(=O)(c1cccc(F)c1)n1cc(C2=CCCNC2)c2ccccc21,8.07
ZINC000028525895,O=S(=O)(c1ccccc1F)n1cc(C2=CCCNC2)c2ccccc21,8.04
ZINC000028123892,O=S(=O)(c1ccccc1)n1cc(C2CCNCC2)c2cc(F)ccc21,7.7
ZINC000028130083,O=S(=O)(c1ccccc1)n1cc(C2=CCNCC2)c2cc(F)ccc21,8.62
ZINC000028130465,O=S(=O)(c1ccccc1F)n1cc(C2=CCNCC2)c2ccccc21,9.0
ZINC000028525896,O=S(=O)(c1ccccc1Cl)n1cc(C2=CCCNC2)c2ccccc21,7.89
ZINC000028524026,O=S(=O)(c1ccccc1Br)n1cc(C[C@@H]2CCCN2)c2ccccc21,7.37
ZINC000028121344,O=S(=O)(c1ccccc1Cl)n1cc(C2=CCNCC2)c2ccccc21,9.4
ZINC000028524813,O=S(=O)(c1ccc(Cl)cc1)n1cc(C2=CCCNC2)c2ccccc21,7.66
ZINC000040402866,CN1CCc2cc3ccn(S(=O)(=O)c4cccc(Cl)c4)c3cc2CC1,8.9
ZINC000028527069,O=S(=O)(c1cccc(Cl)c1)n1cc(C2=CCCNC2)c2ccccc21,7.85
ZINC000028526136,O=S(=O)(c1ccc(I)cc1)n1cc(C[C@@H]2CCCN2)c2ccccc21,7.47
ZINC000028526135,O=S(=O)(c1ccc(Cl)cc1)n1cc(C[C@@H]2CCCN2)c2ccccc21,7.31
ZINC000028524027,O=S(=O)(c1cccc(Cl)c1)n1cc(C[C@@H]2CCCN2)c2ccccc21,7.66
ZINC000003807804,Clc1ccccc1C(c1ccccc1)(c1ccccc1)n1ccnc1,5.23
ZINC000003831001,CCN(CC)C(=O)N[C@H]1C=C2c3cccc4[nH]cc(c34)C[C@H]2N(C)C1,8.26
ZINC000064436618,Cc1ccc(S(=O)(=O)c2n[nH]c3cccc(N4CCNCC4)c23)cc1,6.87
ZINC000003962825,Cn1nc(S(=O)(=O)c2ccccc2)c2cc(N3CCNCC3)ccc21,8.49
ZINC000064436544,Cc1ccc(S(=O)(=O)c2n[nH]c3cc(N4CCNCC4)ccc23)cc1,7.57
ZINC000038696951,CN1CCN(c2ccc3[nH]nc(S(=O)(=O)c4ccccc4)c3c2)CC1,8.72
ZINC000049047851,CNc1nn2c3c(c(C)nc2c1S(=O)(=O)c1ccccc1)CCCC3,9.31
ZINC000049035210,CNc1nn2c(C)c3c(nc2c1S(=O)(=O)c1ccccc1)CCCC3,9.59
ZINC000049785278,Cc1nc2c(S(=O)(=O)c3ccccc3)c(N(C)C)nn2c2c1CCC2,7.59
ZINC000115662114,Cc1nc2c(N3CCNCC3)cccc2n1S(=O)(=O)c1ccccc1,9.28
ZINC000003974379,Nc1ccc(S(=O)(=O)n2ccc3c(N4CCNCC4)cccc32)cc1,9.4
ZINC000004216874,CN1C[C@@H](NS(=O)(=O)N(C)C)C[C@@H]2c3cccc4c3c(cn4C)C[C@H]21,6.11
ZINC000064446839,O=S(=O)(c1cccc(F)c1)c1n[nH]c2cc(N3CCNCC3)ccc12,7.96
ZINC000064453865,O=S(=O)(c1cccc(F)c1)c1n[nH]c2cccc(N3CCNCC3)c12,6.87
ZINC000064446841,O=S(=O)(c1ccc(Cl)cc1)c1n[nH]c2cc(N3CCNCC3)ccc12,6.96
ZINC000064453866,O=S(=O)(c1ccc(Cl)cc1)c1n[nH]c2cccc(N3CCNCC3)c12,6.9
ZINC000095556641,CSc1nn2cc3c(nc2c1S(=O)(=O)c1ccccc1)CCN(C)C3,6.43
ZINC000068153177,CSc1nn2c3c(cnc2c1S(=O)(=O)c1ccccc1)CN(C)CC3,8.11
ZINC000028769981,CCCc1ccc(N2CCN(Cc3c[nH]c4ncccc34)CC2)cc1,5.19
ZINC000040392847,O=S(=O)(c1ccccc1)c1cccc2oc(N3CCNCC3)nc12,7.39
ZINC000096903803,CCN(CC)C(=O)[C@@H]1C=C2c3cccc4[nH]cc(c34)C[C@H]2N(C)C1,8.16
ZINC000049114951,CSc1nn2cc3c(nc2c1S(=O)(=O)c1ccccc1)CCCC3,8.1
ZINC000049073336,CSc1nn2c3c(cnc2c1S(=O)(=O)c1ccccc1)CCCC3,9.26
ZINC000019944011,O=C1COc2c(N3CCNCC3)cccc2N1Cc1ccccc1,9.7
ZINC000053174604,C[C@@H](CO)NC(=O)[C@@H]1C=C2c3cccc4[nH]cc(c34)C[C@H]2N(C)C1,8.82
ZINC000008144259,Cc1ccc2c(c1)c1c(n2CCc2ccc(C)nc2)CCN(C)C1,7.59
ZINC000045287720,NCCn1cc(S(=O)(=O)c2c(Cl)nc3sccn23)c2ncccc21,7.38
ZINC000095555124,CNc1nn2cc3c(nc2c1S(=O)(=O)c1ccccc1)CCNC3,8.68
ZINC000095552628,CNc1nn2c3c(cnc2c1S(=O)(=O)c1ccccc1)CNCC3,8.72
ZINC000020516436,Cc1ccc(C)c(S(=O)(=O)c2nnn3c2nc(N)c2sccc23)c1,7.34
ZINC000165949409,Clc1ccc(-c2[nH]c3ccccc3c2/C=N/NC2=NCCN2)cc1,8.0
ZINC000073223875,CC1(C)NCCc2c1oc1cc(S(=O)(=O)c3ccccc3)ccc21,8.11
ZINC000073223873,COc1cccc(S(=O)(=O)c2ccc3c4c(oc3c2)CNCC4)c1,8.25
ZINC000026721647,Cc1ccc(S(=O)(=O)n2cc3c4c(cccc42)[C@H](O)[C@@H](N)C3)cc1,8.14
ZINC000299822743,O=C(c1ccccc1)n1cc(C2=CCNCC2)c2cc(F)ccc21,7.0
ZINC000028123878,CN1CC=C(c2cn(C(=O)c3ccccc3)c3ccccc23)CC1,7.0
ZINC000028130048,O=S(=O)(c1ccc(Cl)s1)n1cc(C2=CCNCC2)c2ccccc21,8.52
ZINC000028525809,O=S(=O)(c1ccc(Cl)s1)n1cc(C2=CCCNC2)c2ccccc21,7.64
ZINC000028524815,O=S(=O)(c1ccc(Br)s1)n1cc(C[C@@H]2CCCN2)c2ccccc21,7.7
ZINC000028526552,O=S(=O)(c1ccc(Cl)s1)n1cc(C[C@@H]2CCCN2)c2ccccc21,7.6
ZINC000040420464,Cc1cccc(S(=O)(=O)n2c3c(c4ccccc42)CCNCC3)c1,7.17
ZINC000040917944,O=S(=O)(c1ccccc1)N1CCCc2cc3c(cc21)CCNCC3,7.4
ZINC000028137763,O=S(=O)(c1ccccc1)n1cc(C2CCNCC2)c2ccccc21,7.92
ZINC000028120714,O=S(=O)(c1ccccc1)n1cc(C2=CCNCC2)c2ccccc21,8.7
ZINC000040934233,Cc1ccc(S(=O)(=O)n2c3c(c4ccccc42)CCNCC3)cc1,7.54
ZINC000028523596,O=S(=O)(c1ccccc1)n1cc(C2=CCCNC2)c2ccccc21,8.34
ZINC000028461860,O=S(=O)(c1ccccc1)n1cc(C[C@@H]2CCCN2)c2ccccc21,7.56
ZINC000038421969,O=S(=O)(c1ccccc1)c1cn(C2CCNCC2)c2ccccc12,7.04
ZINC000040917943,Cn1cc(S(=O)(=O)c2ccccc2)c2cc3c(cc21)CCNCC3,8.7
ZINC000043130645,NC[C@@H]1CCCc2cc(S(=O)(=O)c3c[nH]c4ccccc34)ccc21,10.3
ZINC000040980067,O=S(=O)(c1cccc(F)c1)n1c2c(c3ccccc31)CCNCC2,7.48
ZINC000040891687,O=S(=O)(c1ccc(F)cc1)n1c2c(c3ccccc31)CCNCC2,7.64
ZINC000040401910,O=S(=O)(c1ccccc1Cl)n1c2c(c3ccccc31)CCNCC2,7.72
ZINC000040916799,O=S(=O)(c1ccccc1Cl)n1ccc2cc3c(cc21)CCNCC3,8.1
ZINC000028524528,O=S(=O)(c1ccccc1)c1csc2c(N3CCNCC3)cccc12,9.3
ZINC000040916318,O=S(=O)(c1ccccc1)n1cc(Cl)c2cc3c(cc21)CCNCC3,8.6
ZINC000040394271,O=S(=O)(c1ccc(Cl)cc1)n1c2c(c3ccccc31)CCNCC2,7.74
ZINC000040917276,O=S(=O)(c1ccc(Cl)cc1)n1ccc2cc3c(cc21)CCNCC3,8.1
ZINC000040893808,O=S(=O)(c1cccc(Cl)c1)n1c2c(c3ccccc31)CCNCC2,7.39
ZINC000040379328,O=S(=O)(c1cccc(Cl)c1)n1ccc2cc3c(cc21)CCNCC3,8.8
ZINC000028104785,COc1ccc2c(c1)c1c(n2C(=O)c2ccc(N)cc2)CCCC1,5.22
ZINC000045387600,Cc1ccc(CCn2c3c(c4cc(C)ccc42)CN(C)CC3)cc1,8.62
ZINC000028770345,COc1ccccc1N1CCN(Cc2c[nH]c3ncccc23)CC1,5.13
ZINC000003816551,NCCc1cn(S(=O)(=O)c2c(Cl)nc3sccn23)c2ccccc12,8.7
ZINC000049792831,CNc1nn2c3c(c(C)nc2c1S(=O)(=O)c1ccccc1)CCC3,9.69
ZINC000049034896,CNc1nn2cc3c(nc2c1S(=O)(=O)c1ccccc1)CCCC3,9.3
ZINC000049785499,CNc1nn2c3c(cnc2c1S(=O)(=O)c1ccccc1)CCCC3,9.95
ZINC000049047855,CN(C)c1nn2c3c(cnc2c1S(=O)(=O)c1ccccc1)CCC3,7.54
ZINC000068153184,Cc1nn2c3c(cnc2c1S(=O)(=O)c1ccccc1)CN(C)CC3,7.22
ZINC000064393142,CN1CCN(c2ccc3[nH]nc(S(=O)(=O)c4cccs4)c3c2)CC1,8.11
ZINC000028770344,CCc1ccc(N2CCN(Cc3c[nH]c4ncccc34)CC2)cc1,5.35
ZINC000072124599,CCN/C(=N\S(=O)(=O)c1cccc(Cl)c1)N1CC(CC)(CC)C=N1,7.3
ZINC000072125853,CCN/C(=N\S(=O)(=O)c1cccc(Cl)c1)N1CC(CF)(CF)C=N1,7.04
ZINC000066077584,COc1ccc(S(=O)(=O)c2c(SC)nn3c(C)cc(C)nc23)cc1,7.43
ZINC000066066123,COCc1cc(C)n2nc(SC)c(S(=O)(=O)c3ccccc3)c2n1,8.49
ZINC000066066122,COCc1cc(C)nc2c(S(=O)(=O)c3ccccc3)c(SC)nn12,6.81
ZINC000028955761,COc1ccc(N2CCN(C)CC2)cc1NCCc1ccccc1,5.99
ZINC000013553360,CN(C)CCc1cn(S(=O)(=O)c2ccc(N)cc2)c2ccccc12,9.1
ZINC000045245800,Cc1c(S(=O)(=O)c2ccccc2)c2cccnc2n1CCN(C)C,8.33
ZINC000034029600,CCNc1cc(N2CCNCC2)ccc1S(=O)(=O)c1ccccc1,8.57
ZINC000003927092,CN(C)CCn1cc(S(=O)(=O)c2cccc(Cl)c2)c2cccnc21,8.64
ZINC000045260958,CN(C)CCn1cc(S(=O)(=O)c2cccc(F)c2)c2ncccc21,6.7
ZINC000038542752,CN(C)CCn1cc(S(=O)(=O)c2cccc(F)c2)c2cccnc21,8.32
ZINC000045316554,CN(C)CCn1cc(S(=O)(=O)c2ccccc2)c2nc(Cl)ccc21,6.67
ZINC000066079884,CSc1nn2c(C)cc(C)nc2c1S(=O)(=O)c1ccc(F)c(Cl)c1,8.42
ZINC000071317067,Cc1cc(C)n2nc(OCCO)c(S(=O)(=O)c3ccccc3)c2n1,7.65
ZINC000073196034,CNc1nn2c(N)c(Cl)c(C)nc2c1S(=O)(=O)c1cccc(Cl)c1,7.73
ZINC000073161529,CNc1nn2c(C)c(CN)c(C)nc2c1S(=O)(=O)c1ccccc1,9.19
ZINC000073159511,CNc1nn2c(CCN)cc(C)nc2c1S(=O)(=O)c1ccccc1,8.51
ZINC000073196404,CNc1nn2c(N(C)C)cc(C)nc2c1S(=O)(=O)c1ccccc1,9.46
ZINC000004117521,CN1CCN(c2ccc([N+](=O)[O-])c(NCc3cccnc3)c2)CC1,5.9
ZINC000040423604,Cc1ccccc1S(=O)(=O)Oc1cccc(C2CCNCC2)c1C,8.0
ZINC000040937941,Cc1ccc(S(=O)(=O)Oc2cccc(C3CCNCC3)c2C)cc1,7.54
ZINC000045484415,Cc1cccc(S(=O)(=O)Oc2cccc(C3CCNCC3)c2C)c1,7.82
ZINC000045483758,Cc1c(OS(=O)(=O)c2ccccc2Cl)cccc1C1CCNCC1,8.24
ZINC000040938859,Cc1c(OS(=O)(=O)c2cccc(F)c2)cccc1C1CCNCC1,7.74
ZINC000042879064,Cc1c(OS(=O)(=O)c2ccccc2F)cccc1C1CCNCC1,7.87
ZINC000045484411,Cc1c(OS(=O)(=O)c2ccc(Cl)cc2)cccc1C1CCNCC1,7.61
ZINC000040379302,Cc1c(OS(=O)(=O)c2cccc(Cl)c2)cccc1C1CCNCC1,7.58
ZINC000003991680,OCCCNC[C@H]1CCc2ccc(OCc3ccccc3)cc2O1,8.05
ZINC000000402830,CN1CCC[C@@H]1CCO[C@](C)(c1ccccc1)c1ccc(Cl)cc1,7.44
ZINC000013473852,O=C(c1ccc(F)cc1)C1CCN(CCc2ccccc2I)CC1,6.86
ZINC000013473853,O=C(c1ccc(F)cc1)C1CCN(CCc2cccc(I)c2)CC1,7.31
ZINC000013473854,O=C(c1ccc(F)cc1)C1CCN(CCc2ccc(I)cc2)CC1,6.52
ZINC000013473865,O=C(c1ccc(F)cc1)C1CCN(CCc2ccc(F)cc2)CC1,5.52
ZINC000028525879,COc1ccc2c(c1)c(CN(C)C)cn2S(=O)(=O)c1ccccc1,8.82
ZINC000013553350,CN(C)CCc1cn(S(=O)(=O)c2ccccc2)c2ccc(O)cc12,7.72
ZINC000013553352,CNCCc1cn(S(=O)(=O)c2ccccc2)c2ccc(OC)cc12,7.64
ZINC000054146354,O=S(=O)(NC1CCN(CCOc2ccccc2)CC1)c1cccs1,6.06
ZINC000013864753,COc1ccc2c(c1)c(CCN(C)C)cn2S(=O)(=O)c1cccs1,8.08
ZINC000000026678,CN(C)CCCc1cccc2c1ccn2S(=O)(=O)c1ccccc1,8.1
ZINC000028883955,Cc1ccc(S(=O)(=O)n2cc(CCN(C)C)c3ccccc32)cc1,8.6
ZINC000003927129,Cc1c(S(=O)(=O)c2ccccc2)c2ccccc2n1CCN(C)C,7.74
ZINC000028398145,Cc1ccc(S(=O)(=O)c2cn(CCN(C)C)c3ccccc23)cc1,7.24
ZINC000028455588,CN(C)CCn1cc(S(=O)(=O)Cc2ccccc2)c2ccccc21,6.0
ZINC000028383120,CN(C)CCn1cc(S(=O)(=O)c2ccccc2)c2c(F)cccc21,7.01
ZINC000028396171,CN(C)CCn1cc(S(=O)(=O)c2ccccc2)c2cc(F)ccc21,7.36
ZINC000003927140,CN(C)CCn1cc(S(=O)(=O)c2cccc(F)c2)c2ccccc21,7.99
ZINC000028385532,CN(C)CCn1cc(S(=O)(=O)c2ccccc2)c2ccc(F)cc21,7.34
ZINC000028385538,CN(C)CCn1cc(S(=O)(=O)c2ccccc2)c2ccc(Cl)cc21,7.38
ZINC000028883985,CN(C)CCc1cn(S(=O)(=O)c2ccc(Cl)cc2)c2ccccc12,7.03
ZINC000013864754,COc1ccc2c(c1)c(CCN(C)C)cn2C(=O)c1ccccc1,7.74
ZINC000066098770,CNc1nn2c(C)cc(C)nc2c1S(=O)(=O)c1ccc(OC)cc1,8.02
ZINC000066166718,CNc1nn2c(COC)cc(C)nc2c1S(=O)(=O)c1ccccc1,8.12
ZINC000066066120,CNc1nn2c(C)cc(COC)nc2c1S(=O)(=O)c1ccccc1,9.57
ZINC000066098171,CNc1nn2c(C)cc(C)nc2c1S(=O)(=O)c1ccc(F)c(Cl)c1,9.22
ZINC000004608369,O=[N+]([O-])c1ccc(N2CCNCC2)cc1NCc1ccc(Cl)cc1,8.1
ZINC000072124600,CCN/C(=N\S(=O)(=O)c1cccc(Cl)c1)N1CC2(C=N1)CCCC2,8.2
ZINC000004182966,O=[N+]([O-])c1ccc(N2CCNCC2)cc1NCCc1ccccc1,7.48
ZINC000066077582,CSc1nn2c(C)cc(C)nc2c1S(=O)(=O)c1ccc(O)cc1,8.4
ZINC000066066124,CSc1nn2c(C)cc(CO)nc2c1S(=O)(=O)c1ccccc1,8.67
ZINC000066098677,CSc1nn2c(CO)cc(C)nc2c1S(=O)(=O)c1ccccc1,9.25
ZINC000028955614,CN1CCN(c2ccc([N+](=O)[O-])c(Oc3ccccc3)c2)CC1,7.57
ZINC000040943413,Cc1c(OCc2cccc(C#N)c2)cccc1N1CCNCC1,7.82
ZINC000053014333,COc1ccc(N2CCN(C)CC2)cc1NCc1ccccc1,6.39
ZINC000045320748,CN(C)CCn1cc(S(=O)(=O)c2ccc(Cl)s2)c2cccnc21,8.48
ZINC000066078914,CSc1nn2c(C)cc(C)nc2c1S(=O)(=O)c1ccc(Cl)cc1,8.5
ZINC000066098475,CSc1nn2c(C)cc(C)nc2c1S(=O)(=O)c1cccc(Cl)c1,9.12
ZINC000066074325,CSc1nn2c(C)cc(C)nc2c1S(=O)(=O)c1cccc(F)c1,8.97
ZINC000066078916,CSc1nn2c(C)cc(C)nc2c1S(=O)(=O)c1ccc(F)cc1,8.17
ZINC000045320070,NCCn1cc(S(=O)(=O)c2cc(Cl)cc(Cl)c2)c2cccnc21,8.54
ZINC000045290881,CN(C)CCn1cc(S(=O)(=O)c2ccccc2)c2ncccc21,6.43
ZINC000013553365,CN(C)Cc1cn(S(=O)(=O)c2ccc(N)cc2)c2ccccc12,8.16
ZINC000096142567,CN(C)CCc1cn(S(=O)(=O)c2ccccc2)c2ccncc12,7.08
ZINC000034634352,CN(C)CCn1cc(S(=O)(=O)c2ccccc2)c2cccnc21,7.64
ZINC000003927087,CNCCn1cc(S(=O)(=O)c2cccc(Cl)c2)c2cccnc21,9.52
ZINC000003927116,CNCCn1cc(S(=O)(=O)c2cccc(F)c2)c2cccnc21,9.0
ZINC000071329531,CCSc1nn2c(C)cc(C)nc2c1S(=O)(=O)c1ccccc1,8.72
ZINC000066079132,CSc1nn2ccc(C)nc2c1S(=O)(=O)c1ccc(F)c(Cl)c1,8.1
ZINC000073196035,CNc1nn2c(NC)cc(C)nc2c1S(=O)(=O)c1ccccc1,9.24
ZINC000073164833,CNc1nn2c(CN)cc(C)nc2c1S(=O)(=O)c1ccccc1,8.73
ZINC000073159517,CNc1nn2c(C)cc(CN)nc2c1S(=O)(=O)c1ccccc1,9.01
ZINC000073165600,CNc1nn2c(N)cc(C)nc2c1S(=O)(=O)c1cccc(Cl)c1,9.66
ZINC000073196033,CNc1nn2c(N)c(Cl)c(C)nc2c1S(=O)(=O)c1ccccc1,9.85
ZINC000004117348,Cc1cc(C)n(-c2cc(N3CCN(C)CC3)ccc2[N+](=O)[O-])n1,6.6
ZINC000004117526,O=[N+]([O-])c1ccc(N2CCNCC2)cc1NCc1cccnc1,5.82
ZINC000049052223,COc1cccc(S(=O)(=O)c2ccc3c(c2)CCC[C@H]3CN)c1,9.4
ZINC000040939809,Cc1c(OS(=O)(=O)c2ccccc2)cccc1C1CCNCC1,7.71
ZINC000040829463,Cc1c(O[C@@H](C)c2cccc(F)c2)cccc1C1CCNCC1,8.16
ZINC000040937078,Cc1c(O[C@H](C)c2cccc(F)c2)cccc1C1CCNCC1,7.4
ZINC000040409861,Cc1c(O[C@@H](C)c2cccc(Cl)c2)cccc1C1CCNCC1,8.55
ZINC000040939740,Cc1c(O[C@H](C)c2cccc(Cl)c2)cccc1C1CCNCC1,7.4
ZINC000040379924,Cc1c(OCc2ccc(F)c(F)c2)cccc1C1CCNCC1,7.38
ZINC000040937075,Cc1c(OCc2ccc(Cl)c(Cl)c2)cccc1C1CCNCC1,6.66
ZINC000075567004,CNc1cc(-c2ccccc2)ccc1S(=O)(=O)c1ccccc1,6.82
ZINC000013864746,COc1ccc2c(c1)c(CCN)cn2S(=O)(=O)c1ccccc1,7.4
ZINC000014975919,COc1ccc(S(=O)(=O)n2cc(CCN)c3ccccc32)cc1,7.33
ZINC000040409886,Cc1c(C2CCNCC2)ccnc1O[C@@H](C)c1cccc(Cl)c1,7.98
ZINC000040937772,Cc1c(C2CCNCC2)ccnc1O[C@H](C)c1cccc(Cl)c1,6.68
ZINC000040915128,Cc1c(C2CCNCC2)ccnc1OCc1ccc(F)cc1F,6.62
ZINC000040943417,Cc1c(OCc2ccc(F)c(F)c2)cccc1N1CCNCC1,8.03
ZINC000040936881,Cc1c(OCc2ccc(Cl)c(Cl)c2)cccc1N1CCNCC1,7.21
ZINC000040380269,Cc1c(OCc2cccc(C#N)c2)cccc1C1CCNCC1,6.76
ZINC000026719060,COc1ccc2c(c1)c(CCN(C)C)cn2Cc1ccccc1,8.19
ZINC000028884014,COc1ccc(Cn2cc(CCN(C)C)c3ccccc32)cc1,6.88
ZINC000014975927,NCCc1cn(S(=O)(=O)c2ccc(Cl)c(Cl)c2)c2ccccc12,7.52
ZINC000049037235,N#Cc1cccc(S(=O)(=O)c2ccc3c(c2)CCC[C@H]3C=N)c1,9.3
ZINC000000026677,CN(C)CCc1cccc2c1ccn2S(=O)(=O)c1ccccc1,8.82
ZINC000028883952,CN(C)CCc1cn(S(=O)(=O)C2CCCCC2)c2ccccc12,6.68
ZINC000013553351,CN(C)CCc1cn(S(=O)(=O)c2ccccc2)c2ccccc12,8.54
ZINC000028966985,CN(C)[C@@H]1CCc2c(cccc2NS(=O)(=O)c2ccccc2)C1,7.31
ZINC000028967003,CN(C)[C@H]1CCc2c(cccc2NS(=O)(=O)c2ccccc2)C1,7.05
ZINC000003927125,CN(C)CCn1cc(S(=O)(=O)c2ccccc2)c2ccccc21,7.7
ZINC000075567009,CNc1cc(-c2cccnc2)ccc1S(=O)(=O)c1ccccc1,7.32
ZINC000013864761,CN(C)CCc1cn(C(=O)c2ccccc2)c2ccc(O)cc12,7.27
ZINC000034875247,COc1cc(OC)c2ccn(S(=O)(=O)c3ccc(N)cc3)c2c1,9.1
ZINC000066098768,CNc1nn2c(C)cc(C)nc2c1S(=O)(=O)c1ccc(O)cc1,8.7
ZINC000066066121,CNc1nn2c(CO)cc(C)nc2c1S(=O)(=O)c1ccccc1,9.55
ZINC000066079256,CNc1nn2c(C)cc(CO)nc2c1S(=O)(=O)c1ccccc1,9.32
ZINC000004117522,CN1CCN(c2ccc([N+](=O)[O-])c(NCc3ccco3)c2)CC1,7.21
ZINC000071318220,Cc1cc(C)n2nc(N(C)C)c(S(=O)(=O)c3ccccc3)c2n1,7.84
ZINC000028529583,CNc1cc(NC)c2ccn(S(=O)(=O)c3ccc(N)cc3)c2c1,8.72
ZINC000066098763,CNc1nn2c(C)cc(C)nc2c1S(=O)(=O)c1cccc(F)c1,9.3
ZINC000066098764,CNc1nn2c(C)cc(C)nc2c1S(=O)(=O)c1ccc(F)cc1,9.4
ZINC000066098761,CNc1nn2c(C)cc(C)nc2c1S(=O)(=O)c1cccc(Cl)c1,9.73
ZINC000013494010,Nc1ccc(S(=O)(=O)c2cc(Br)nc(N3CCNCC3)c2)cc1,10.0
ZINC000004344180,O=[N+]([O-])c1ccc(N2CCNCC2)cc1NCc1ccccc1,7.55
ZINC000028955715,CN1CCN(c2ccc(C#N)c(NCc3ccccc3)c2)CC1,6.97
ZINC000019796158,CN1CCN(C2=Nc3ccccc3Oc3ccc(Cl)cc32)CC1,7.82
ZINC000040405362,O=S(=O)(c1ccccn1)n1ccc2cc3c(cc21)CCNCC3,7.0
ZINC000028526685,Nc1ccc(S(=O)(=O)n2c3c(c4ccccc42)CCNC3)cc1,6.94
ZINC000049073334,CSc1nn2c3c(cnc2c1S(=O)(=O)c1ccccc1)CCC3,9.34
ZINC000073224737,O=S(=O)(c1cccc(F)c1)c1ccc2c3c(oc2c1)CNCC3,8.8
ZINC000073224738,O=S(=O)(c1ccc(F)cc1)c1ccc2c3c(oc2c1)CNCC3,7.66
ZINC000100036536,CN1[C@H]2CC[C@@H]1C[C@H](OC(c1ccccc1)c1ccccc1)C2,5.89
ZINC000028089853,COc1ccc2c(c1)c1c(n2Cc2ccc(N)cc2)CCCC1,5.22
ZINC000003949852,Nc1ccc(S(=O)(=O)n2c3c(c4ccccc42)CCCC3)cc1,7.54
ZINC000040934011,O=S(=O)(c1ccccc1)n1c2c(c3ccccc31)CCNCC2,6.71
ZINC000040916226,O=S(=O)(c1ccccc1)n1ccc2cc3c(cc21)CCNCC3,8.8
ZINC000028526684,Cc1ccc(S(=O)(=O)n2c3c(c4ccccc42)CCNC3)cc1,6.57
ZINC000036093374,CN(C)CCc1c2n(c3ccccc13)S(=O)(=O)c1ccccc1-2,6.84
ZINC000028524907,O=S(=O)(c1cccc(Cl)c1)n1c2c(c3ccccc31)CCNC2,7.38
ZINC000299832886,Fc1ccc2c(c1)c(C1=CCNCC1)cn2Cc1ccccc1,8.0
ZINC000045384762,Cc1ccc2c(c1)c1c(n2/C=C\c2ccccc2)CCN(C)C1,9.21
ZINC000013731856,CN1CC=C(c2cn(Cc3ccccc3)c3ccccc23)CC1,8.0
ZINC000035875617,O=c1[nH]c2c(N3CCNCC3)cccc2n1Cc1ccccc1,9.52
ZINC000049036155,CNc1nn2c3c(cnc2c1S(=O)(=O)c1ccccc1)CCC3,10.06
ZINC000095803215,Clc1ccc(N2CCN(Cc3c[nH]c4ncccc34)CC2)cc1,5.78
ZINC000019796155,CN1CCN(C2=Nc3cc(Cl)ccc3Nc3ccccc32)CC1,8.4
ZINC000045245345,CN1CCN(c2cccc3[nH]c(Cc4ccccc4)nc23)CC1,7.8
ZINC000001530613,CCN(CC)CCOC(=O)C1(C2CCCCC2)CCCCC1,5.85
ZINC000012372564,COCCn1c(C)c(C)c(S(=O)(=O)c2ccc(Cl)cc2)c1N,5.53
ZINC000013864762,CN(C)CCc1cn(C(=O)OC(C)(C)C)c2ccc(O)cc12,6.43
ZINC000028883920,CCCCCS(=O)(=O)n1cc(CCN(C)C)c2ccccc21,6.66
ZINC000000000931,Clc1ccc2c(c1)C(N1CCNCC1)=Nc1ccccc1O2,7.46
ZINC000073224492,O=S(=O)(c1ccccc1)c1ccc2oc3c(c2c1)CCNC3,7.34
ZINC000073224736,O=S(=O)(c1ccccc1)c1ccc2c3c(oc2c1)CNCC3,8.57
ZINC000000004351,CN1CCC(=C2c3ccccc3CC(=O)c3sccc32)CC1,6.28
ZINC000000968264,CN1CCC(=C2c3ccccc3C=Cc3ccccc32)CC1,6.89
ZINC000028524906,O=S(=O)(c1ccccc1)n1c2c(c3ccccc31)CCNC2,6.6
ZINC000040404496,O=S(=O)(c1ccsc1)n1ccc2cc3c(cc21)CCNCC3,8.1
ZINC000000001261,Clc1ccc2c(c1)CCc1cccnc1C2=C1CCNCC1,6.0
ZINC000003786466,CCCN1C[C@H](CSC)C[C@@H]2c3cccc4[nH]cc(c34)C[C@H]21,7.74
ZINC000169347303,O=C1CCCN1c1cnc2c(N3CCNCC3)cccc2c1,5.31
ZINC000052957434,Cc1cc2c(s1)Nc1ccccc1N=C2N1CCN(C)CC1,8.3
ZINC000045290660,c1ccc(Cc2nc3c(N4CCNCC4)cccc3[nH]2)cc1,7.51
ZINC000103224535,CN1CCc2c(c3cccc4c3n2Cc2ccccc2C4)C1,6.56
ZINC000103224531,CN1CCc2c(c3cccc4c3n2-c2ccccc2CC4)C1,6.81
ZINC000045259792,Cc1cccc(S(=O)(=O)c2cn(CCN)c3cccnc23)c1,7.34
ZINC000036093370,O=S(=O)(Nc1cccc(N2CCNCC2)c1)c1ccccc1,7.21
ZINC000028529300,CNc1cc(NC)c2ccn(S(=O)(=O)c3ccccc3)c2c1,7.59
ZINC000014975922,NCCc1cn(S(=O)(=O)c2ccc(N)cc2)c2ccccc12,9.0
ZINC000019623212,O=S(=O)(Nc1ccc(N2CCNCC2)cc1)c1ccccc1,7.07
ZINC000045291475,Cc1c(S(=O)(=O)c2ccccc2)c2cccnc2n1CCN,8.38
ZINC000038928649,NCCn1cc(S(=O)(=O)c2cccc(Cl)c2)c2cccnc21,8.7
ZINC000045317518,NCCn1cc(S(=O)(=O)c2cccc(F)c2)c2ncccc21,7.12
ZINC000045323198,NCCn1cc(S(=O)(=O)c2ccc(F)cc2)c2cccnc21,7.66
ZINC000045288038,NCCn1cc(S(=O)(=O)c2cccc(Cl)c2)c2ncccc21,7.46
ZINC000045253705,CN(C)CCn1cc(S(=O)(=O)c2cccs2)c2cccnc21,7.82
ZINC000045258563,NCCn1cc(S(=O)(=O)c2cccc(F)c2)c2cccnc21,8.33
ZINC000003818816,CSc1nc2ccccn2c(=N)c1S(=O)(=O)c1ccccc1,8.4
ZINC000028263384,Nc1ccc(S(=O)(=O)c2cc(Br)nc(N3CCCC3)c2)cc1,9.0
ZINC000066074133,CSc1nn2c(C)cc(C)nc2c1S(=O)(=O)c1ccccc1,8.92
ZINC000066077585,CSc1nn2cccnc2c1S(=O)(=O)c1ccc(F)c(Cl)c1,7.35
ZINC000028523582,CN(C)CCn1cc(Cc2ccc(N)cc2)c2ccccc21,7.3
ZINC000028884027,CN(C)CCc1cn(Cc2ccc(N)cc2)c2ccccc12,7.36
ZINC000073156965,CNc1nn2c(N)cc(C)nc2c1S(=O)(=O)c1ccccc1,9.52
ZINC000004184114,Cc1cc(C)n(-c2cc(N3CCNCC3)ccc2[N+](=O)[O-])n1,6.32
ZINC000028955600,CN1CCN(c2ccc([N+](=O)[O-])c(Nn3cccc3)c2)CC1,6.32
ZINC000049110569,NC[C@@H]1CCCc2cc(S(=O)(=O)c3cccc(O)c3)ccc21,9.6
ZINC000040939807,Cc1c(COc2cccc(F)c2)cccc1C1CCNCC1,8.19
ZINC000040939805,Cc1c(COc2cccc(Cl)c2)cccc1C1CCNCC1,8.46
ZINC000040980679,Cc1c(OCc2cccc(F)c2)cccc1C1CCNCC1,8.6
ZINC000040939714,Cc1c(OCc2cccc(Cl)c2)cccc1C1CCNCC1,8.48
ZINC000040939340,Cc1cccc(COc2cccc(C3CCNCC3)c2C)c1,7.03
ZINC000049051200,NC[C@@H]1CCCc2cc(S(=O)(=O)Cc3ccccc3)ccc21,6.8
ZINC000049052227,NC[C@@H]1CCCc2cc(S(=O)(=O)c3cccc(F)c3)ccc21,10.1
ZINC000013985455,CNC[C@@H]1COc2ccc(S(=O)(=O)c3ccccc3)cc2O1,9.7
ZINC000040943415,Cc1c(OCc2ccccc2F)cccc1N1CCNCC1,7.94
ZINC000040412284,Cc1c(OCc2cccc(F)c2)cccc1N1CCNCC1,7.99
ZINC000040938643,Cc1c(OCc2cccc(Cl)c2)cccc1N1CCNCC1,9.22
ZINC000040938395,Cc1c(C2CCNCC2)ccnc1OCc1cccc(F)c1,7.75
ZINC000040916882,Cc1c(C2CCNCC2)ccnc1OCc1ccc(Cl)cc1,7.3
ZINC000040938393,Cc1c(C2CCNCC2)ccnc1OCc1cccc(Cl)c1,8.09
ZINC000040915130,Cc1c(C2CCNCC2)ccnc1O[C@@H](C)c1ccccc1,7.31
ZINC000028604135,COc1ccc2[nH]cc(CCN(C)Cc3ccccc3)c2c1,6.97
ZINC000013805807,COc1ccc2[nH]c(-c3ccccc3)c(CCN(C)C)c2c1,7.7
ZINC000026673485,COc1ccc2c(c1)c(CCN(C)C)cn2-c1ccccc1,7.48
ZINC000013864769,CN(C)CCc1cccc2[nH]c(C(=O)c3ccccc3)cc12,6.59
ZINC000040938136,Cc1c(O[C@H](C)c2ccccc2)cccc1N1CCNCC1,7.15
ZINC000040937770,Cc1c(O[C@@H](C)c2ccccc2)cccc1N1CCNCC1,7.34
ZINC000013553364,CN(C)Cc1cn(S(=O)(=O)c2ccccc2)c2ccccc12,8.52
ZINC000014975916,Cc1ccc(S(=O)(=O)n2cc(CCN)c3ccccc32)cc1,8.1
ZINC000028130076,CCCCS(=O)(=O)n1cc(C2=CCNCC2)c2ccccc21,7.11
ZINC000028395642,CNCCc1cn(S(=O)(=O)c2ccccc2)c2ccccc12,8.3
ZINC000028395679,CNCCn1cc(S(=O)(=O)c2ccccc2)c2ccccc21,7.81
ZINC000142905072,CN(C)CCc1cn(S(=O)(=O)c2ccccc2)c2sccc12,8.92
ZINC000014975907,NCCc1cn(S(=O)(=O)c2ccc(F)cc2)c2ccccc12,7.68
ZINC000028395674,NCCn1cc(S(=O)(=O)c2ccccc2)c2cc(F)ccc21,7.57
ZINC000014975899,NCCc1cn(S(=O)(=O)c2ccccc2Br)c2ccccc12,7.96
ZINC000014975902,NCCc1cn(S(=O)(=O)c2ccccc2I)c2ccccc12,7.8
ZINC000028371790,NCCn1cc(S(=O)(=O)c2ccccc2)c2ccc(Cl)cc21,6.85
ZINC000014975913,NCCc1cn(S(=O)(=O)c2ccc(I)cc2)c2ccccc12,7.85
ZINC000014975910,NCCc1cn(S(=O)(=O)c2ccc(Cl)cc2)c2ccccc12,8.0
ZINC000014975904,NCCc1cn(S(=O)(=O)c2cccc(Cl)c2)c2ccccc12,8.22
ZINC000014975942,NCCc1cn(S(=O)(=O)c2cc(Cl)c(Cl)s2)c2ccccc12,7.51
ZINC000000020248,CN(C)CCCN1c2ccccc2CCc2ccc(Cl)cc21,6.95
ZINC000028884042,CN(C)CCc1cn(Cc2ccc(Cl)cc2)c2ccccc12,7.7
ZINC000028884003,Cc1ccc(Cn2cc(CCN(C)C)c3ccccc32)cc1,7.54
ZINC000028523313,CN(C)CCc1cn(CCc2ccccc2)c2ccccc12,7.92
ZINC000004333956,O=[N+]([O-])c1ccc(N2CCNCC2)cc1NCc1ccco1,7.6
ZINC000028955726,CN1CCN(c2ccc(C#N)c(NCc3ccco3)c2)CC1,5.86
ZINC000066079137,CNc1nn2c(C)cc(C)nc2c1S(=O)(=O)c1ccccc1,9.7
ZINC000040936879,Cc1c(OCc2cccnc2)cccc1N1CCNCC1,6.9
ZINC000066066448,CSc1nn2cccnc2c1S(=O)(=O)c1cccc(Cl)c1,7.82
ZINC000066156817,CSc1nn2cccnc2c1S(=O)(=O)c1ccc(F)cc1,6.88
ZINC000071318229,Cc1cc(C)n2nc(C)c(S(=O)(=O)c3ccccc3)c2n1,7.16
ZINC000028529044,CNc1cccc2c1ccn2S(=O)(=O)c1ccc(N)cc1,7.68
ZINC000028562944,CNc1ccc2ccn(S(=O)(=O)c3ccc(N)cc3)c2c1,8.15
ZINC000038689768,NCCn1cc(S(=O)(=O)c2ccccc2)c2cccnc21,8.26
ZINC000026670452,Nc1ccc(S(=O)(=O)Nc2cc(Br)cc3[nH]ccc23)cc1,7.3
ZINC000066075973,CSc1nn2ccc(C)nc2c1S(=O)(=O)c1ccccc1,7.78
ZINC000066075008,CSc1nn2c(C)ccnc2c1S(=O)(=O)c1ccccc1,7.64
ZINC000000170719,Cc1ccc2nc(C(F)(F)F)cc(N3CCNCC3)c2c1,5.9
ZINC000043130652,NC[C@@H]1CCCc2cc(S(=O)(=O)c3ccccc3)ccc21,9.8
ZINC000118539538,Clc1cccc(COc2ccc(Br)cc2OC2CNC2)c1,7.33
ZINC000000001137,CN(C)CC/C=C1/c2ccccc2Sc2ccc(Cl)cc21,8.52
ZINC000028523988,CN(C)CCC1=C/C(=C\c2ccccc2)c2ccccc21,7.24
ZINC000000968257,CN(C)CCC=C1c2ccccc2CCc2ccccc21,7.19
ZINC000036093357,COc1cccc2c1ccn2S(=O)(=O)c1ccc(N)cc1,8.48
ZINC000036093358,COc1ccc2ccn(S(=O)(=O)c3ccc(N)cc3)c2c1,8.74
ZINC000040938629,Cc1c(OCc2ccccc2)cccc1N1CCNCC1,8.89
ZINC000014975939,NCCc1cn(S(=O)(=O)c2ccc(Br)s2)c2ccccc12,8.15
ZINC000014975936,NCCc1cn(S(=O)(=O)c2ccc(Cl)s2)c2ccccc12,8.22
ZINC000003716178,O=S(=O)(c1ccccc1)c1ccc(N2CCNCC2)cc1,8.16
ZINC000049035392,CNC[C@@H]1CCCc2cc(S(=O)(=O)c3cc[nH]c3)ccc21,9.8
ZINC000049111387,Cn1ccc(S(=O)(=O)c2ccc3c(c2)CCC[C@H]3CN)c1,8.1
ZINC000000008954,NCCc1cccc2c1ccn2S(=O)(=O)c1ccccc1,8.62
ZINC000014975896,NCCc1cn(S(=O)(=O)c2ccccc2)c2ccccc12,8.0
ZINC000003817044,O=S(=O)(Nc1ccc2c(c1)CCNCC2)c1ccccc1,8.7
ZINC000019723714,NCCn1cc(S(=O)(=O)c2ccccc2)c2ccccc21,7.6
ZINC000003987443,O=S(=O)(c1ccccc1)c1cccc(N2CCNCC2)c1,8.92
ZINC000036093368,O=S(=O)(c1ccccc1)c1ccccc1N1CCNCC1,5.4
ZINC000028967040,CN(C)CCc1cn(Sc2ccccc2)c2ccccc12,7.05
ZINC000000044027,CN(C)CCCN1c2ccccc2Sc2ccc(Cl)cc21,8.4
ZINC000036093354,CN(C)CCn1cc(Cc2ccccc2)c2ccccc21,7.49
ZINC000028462641,CN(C)CCc1cn(Cc2ccccc2)c2ccccc12,8.22
ZINC000084689514,C/N=C1\N(C)C(=O)/C(=C\c2c[nH]c3cccc(Br)c23)N1C,5.12
ZINC000084689179,C/N=C1\N(C)C(=O)/C(=C\c2c[nH]c3c(Br)cccc23)N1C,5.14
ZINC000000023433,CCC(=O)Nc1ccc2[nH]cc(C3CCN(C)CC3)c2n1,5.95
ZINC000066079139,CNc1nn2ccc(C)nc2c1S(=O)(=O)c1ccccc1,8.84
ZINC000066079141,CNc1nn2c(C)ccnc2c1S(=O)(=O)c1ccccc1,9.62
ZINC000066098766,CNc1nn2cccnc2c1S(=O)(=O)c1ccc(F)cc1,7.93
ZINC000066079257,CNc1nn2cccnc2c1S(=O)(=O)c1cccc(Cl)c1,8.93
ZINC000036093360,COc1ccc(NS(=O)(=O)c2ccccc2)cc1CCN,7.77
ZINC000028883910,CCCCS(=O)(=O)n1cc(CCN(C)C)c2ccccc21,6.87
ZINC000036093371,CN(C)CCc1cccc(NS(=O)(=O)c2ccccc2)c1,7.28
ZINC000026724364,CNc1cc(NC)cc(NS(=O)(=O)c2ccc(N)cc2)c1,6.7
ZINC000072123373,CCN/C(=N\S(=O)(=O)c1cccc(Cl)c1)N1CCC(C)=N1,6.64
ZINC000004046666,NCCNc1ccc([N+](=O)[O-])c(NCc2ccccc2)c1,5.83
ZINC000013233295,COc1cc(NS(=O)(=O)c2ccc(N)cc2)nc(OC)n1,6.21
ZINC000001530688,CNCCCC12CCC(c3ccccc31)c1ccccc12,6.38
ZINC000028884124,Nc1ccc(Cn2c3c(c4ccccc42)CCCC3)cc1,5.22
ZINC000001555224,c1ccc2sc(SSc3nc4ccccc4s3)nc2c1,5.61
ZINC000026670456,CNc1cc(Br)cc(NS(=O)(=O)c2ccc(N)cc2)c1,7.7
ZINC000026724954,CNc1cc(NS(=O)(=O)c2ccc(N)cc2)nc(N)n1,6.0
ZINC000040448582,C=CCN(CC=C)CCc1c[nH]c2ccc(OC)cc12,7.08
ZINC000036093367,NCCCc1cccc(NS(=O)(=O)c2ccccc2)c1,6.64
ZINC000028883718,CC(C)S(=O)(=O)n1cc(CCN(C)C)c2ccccc21,6.23
ZINC000028883903,CCCS(=O)(=O)n1cc(CCN(C)C)c2ccccc21,6.55
ZINC000036093372,CNCCc1cccc(NS(=O)(=O)c2ccccc2)c1,7.42
ZINC000072126180,CCN/C(=N\S(=O)(=O)c1cccc(Cl)c1)N1CCC=N1,7.47
ZINC000000001290,CC/C(=C(/CC)c1ccc(O)cc1)c1ccc(O)cc1,5.22
ZINC000049035394,NC[C@@H]1CCCc2cc(S(=O)(=O)c3cn[nH]c3)ccc21,8.7
ZINC000001384090,Cc1cc(C)n2ncc(S(=O)(=O)c3ccccc3)c2n1,6.63
ZINC000096142568,Cc1cn(S(=O)(=O)c2ccc(N)cc2)c2ccncc12,7.39
ZINC000066075971,CSc1nn2cccnc2c1S(=O)(=O)c1ccccc1,6.94
ZINC000096142570,CN(C)CCc1c(-c2ccccc2)[nH]c2ccncc12,6.57
ZINC000028337392,Nc1ccc(S(=O)(=O)c2cccc3ccccc23)cc1,7.47
ZINC000001530741,CNCCC=C1c2ccccc2CCc2ccccc21,6.67
ZINC000028967036,CCc1[nH]c2ccc(OC)cc2c1C[C@@H]1CCCN1C,6.66
ZINC000028967022,CCc1[nH]c2ccc(OC)cc2c1C[C@H]1CCCN1C,8.74
ZINC000013805817,COc1ccc2c(c1)c(CCN(C)C)c1n2CCCC1,5.99
ZINC000049126108,NC[C@@H]1CCCc2cc(S(=O)(=O)c3cc[nH]c3)ccc21,9.5
ZINC000013553366,Cc1cn(S(=O)(=O)c2ccc(N)cc2)c2ccccc12,7.92
ZINC000049037489,NC[C@@H]1CCCc2cc(S(=O)(=O)c3cncs3)ccc21,9.1
ZINC000000010402,CN(C)CCCN1c2ccccc2Sc2ccccc21,6.9
ZINC000013371022,C/N=C1\N(C)C(=O)/C(=C\c2c[nH]c3ccccc23)N1C,5.77
ZINC000066074052,CNc1nn2cccnc2c1S(=O)(=O)c1ccccc1,8.41
ZINC000003812944,CC(C)C(=O)Nc1ccc([N+](=O)[O-])c(C(F)(F)F)c1,5.08
ZINC000028530909,Nc1ccc(S(=O)(=O)n2ccc3ccccc32)cc1,8.0
ZINC000029042086,CN1C(=N)N(C)/C(=C/c2c[nH]c3ccccc23)C1=O,5.06
ZINC000008377406,CNS(=O)(=O)c1ccc2[nH]cc(CCN(C)C)c2c1,5.59
ZINC000000056556,CC(C)NC[C@H](O)COc1cccc2ccccc12,6.33
ZINC000000057435,Cc1cc(C(C)(C)C)c(O)c(C)c1CC1=NCCN1,6.11
ZINC000013805805,CCCc1[nH]c2ccc(OC)cc2c1CCN(C)C,6.73
ZINC000013805811,CCCn1cc(CCN(C)C)c2cc(OC)ccc21,6.7
ZINC000013805814,COc1ccc2c(c1)c(CCN(C)C)cn2C(C)C,6.89
ZINC000036093359,NCCc1cccc(NS(=O)(=O)c2ccccc2)c1,7.68
ZINC000020224442,NCCc1ccc(NS(=O)(=O)c2ccccc2)cc1,7.42
ZINC000036093364,NCCc1cccc(S(=O)(=O)Nc2ccccc2)c1,7.15
ZINC000036093369,CN(C)CCc1ccn(S(=O)(=O)c2ccccc2)c1,7.82
ZINC000013864767,CCOC(=O)c1[nH]c2ccccc2c1CCN(C)C,7.7
ZINC000026724372,Nc1ccc(S(=O)(=O)Nc2cc(N)nc(Br)c2)cc1,7.26
ZINC000000189392,Nc1ccc(S(=O)(=O)c2ccc(N)c(N)c2)cc1,6.25
ZINC000002510048,CN(C)CCN(Cc1cccs1)c1ccccn1,5.84
ZINC000096911076,CN(C)c1ccccc1S(=O)(=O)c1ccccc1,5.69
ZINC000036093363,NCCc1ccc(S(=O)(=O)c2ccccc2)cc1,7.43
ZINC000036093365,NCCc1cccc(S(=O)(=O)c2ccccc2)c1,7.3
ZINC000013805803,CCc1[nH]c2ccc(OC)cc2c1CCN(C)C,7.8
ZINC000013805809,CCn1cc(CCN(C)C)c2cc(OC)ccc21,6.62
ZINC000013864759,CN(C)CCc1cn(S(C)(=O)=O)c2ccccc12,6.21
ZINC000022142484,NCc1cccc(NS(=O)(=O)c2ccccc2)c1,6.54
ZINC000096142569,NCCc1c(-c2ccccc2)[nH]c2ccncc12,5.59
ZINC000100425076,Nc1ccc(/C=C2\C=Cc3ccccc32)cc1,6.19
ZINC000028884074,Nc1ccc(Cn2ccc3ccccc32)cc1,5.09
ZINC000005332208,Nc1ccc(Cc2c[nH]c3ccccc23)cc1,5.6
ZINC000029130610,C[C@@H]1NC(NCC(F)F)=Nc2cccc(Cl)c21,5.35
ZINC000039151592,CNc1ccccc1S(=O)(=O)c1ccccc1,7.61
ZINC000001996368,COc1ccc2[nH]c(C)c(CCN(C)C)c2c1,7.22
ZINC000013584505,COc1ccc2c(c1)c(CCN(C)C)cn2C,6.29
ZINC000000006310,Nc1ccc(S(=O)(=O)c2ccc(N)cc2)cc1,6.74
ZINC000022145186,Nc1cccc(NS(=O)(=O)c2ccccc2)c1,5.55
ZINC000032299911,COc1ccccc1S(=O)(=O)c1ccccc1,6.06
ZINC000000056434,CC(C)(c1ccc(O)cc1)c1ccc(O)cc1,5.6
ZINC000001529266,CCN(CC)C(=S)SSC(=S)N(CC)CC,5.13
ZINC000096142572,CCc1[nH]c2ccncc2c1CCN(C)C,5.54
ZINC000000119995,Nc1ccccc1S(=O)(=O)c1ccccc1,6.31
ZINC000036093366,NCCc1cccc(Sc2ccccc2)c1,6.94
ZINC000013816899,COc1ccc2c(CCN(C)C)c[nH]c2c1,5.1
ZINC000000057152,COc1ccc2[nH]cc(CCN(C)C)c2c1,7.89
ZINC000002539057,COc1cccc2[nH]cc(CCN(C)C)c12,6.81
ZINC000001999162,CCN(CC)CCc1c[nH]c2ccccc12,6.24
ZINC000000002020,c1ccc2nc(N3CCNCC3)ccc2c1,5.44
ZINC000018847046,COc1ccc2c(c1)[nH]c1c(C)nccc12,5.83
ZINC000100039598,COc1ccc2[nH]c3c(c2c1)CCN=C3C,5.71
ZINC000002516045,c1ccc2c(N3CCNCC3)cccc2c1,7.0
ZINC000003913688,CN1CC=C(c2c[nH]c3ccccc23)CC1,7.01
ZINC000004639456,c1cc(N2CCNCC2)c2cc[nH]c2c1,5.57
ZINC000002539813,NCCc1c[nH]c2ccc(C(N)=O)cc12,6.14
ZINC000000140722,COc1ccc2[nH]c(C)c(CCN)c2c1,7.1
ZINC000013805802,Cc1[nH]c2ccccc2c1CCN(C)C,6.52
ZINC000000154638,O=S(=O)(c1ccccc1)c1ccccc1,5.8
ZINC000013130932,CC1=NCCc2c1[nH]c1ccccc21,5.84
ZINC000096142566,CN(C)CCc1c[nH]c2ccncc12,7.0
ZINC000096142571,CCc1[nH]c2ccncc2c1CCN,5.31
ZINC000000012687,COc1ccccc1N1CCNCC1,8.92
ZINC000002572146,Cc1[nH]c2ccc(O)cc2c1CCN,7.34
ZINC000049769772,CN(C)CC[N+]1=CCc2ccccc21,5.72
ZINC000001530649,Clc1cc(Cl)c(OCC#CI)cc1Cl,5.73
ZINC000029130549,C[C@@H]1NC(N)=Nc2cccc(Cl)c21,5.99
ZINC000000057058,NCCc1c[nH]c2ccc(O)cc12,7.56
ZINC000000004285,Clc1cccc(N2CCNCC2)c1,5.64
ZINC000045328765,NCCc1c[nH]c2ccncc12,7.19
ZINC000000120144,NCCc1c[nH]c2ccccc12,7.15
