id,smiles,pKi
ZINC000000000504,CN1CCN2c3ccccc3Cc3ccccc3[C@@H]2C1,5.33
ZINC000000000855,CN1CCN2c3ccccc3Cc3ccccc3[C@H]2C1,5.33
ZINC000000001070,CN(C)CCc1c[nH]c2ccc(O)cc12,6.04
ZINC000000001347,c1cc2c(c(N3CCNCC3)c1)OCCO2,7.27
ZINC000000002020,c1ccc2nc(N3CCNCC3)ccc2c1,6.68
ZINC000000004285,Clc1cccc(N2CCNCC2)c1,8.36
ZINC000000004439,O=c1ccc2[nH]cc(C3=CCNCC3)c2[nH]1,7.82
ZINC000000004448,Cc1nccn1C[C@H]1CCc2c(c3ccccc3n2C)C1=O,5.43
ZINC000000005452,COc1ccc2[nH]cc(C[C@@H]3CCCN3C)c2c1,5.24
ZINC000000005933,CN(C)CCc1c[nH]c2ccc(-n3cnnc3)cc12,8.89
ZINC000000009350,Cc1[nH]c2ccc(Cl)cc2c1C1=CCNCC1,6.96
ZINC000000012687,COc1ccccc1N1CCNCC1,7.76
ZINC000000015872,Clc1ccccc1N1CCNCC1,7.93
ZINC000000016050,c1ccc2c(c1)CC(N1CCN(c3cccc4c3OCCO4)CC1)C2,5.75
ZINC000000017124,c1cc2c(N3CCNCC3)nc3ccsc3n2c1,7.86
ZINC000000018073,c1cc2[nH]cc(CCN3CCC3)c2cc1-n1cnnc1,8.36
ZINC000000018074,c1cc2[nH]cc(CCN3CCCC3)c2cc1-n1cnnc1,7.55
ZINC000000019264,c1cnc2c(c1)nc(N1CCNCC1)c1cccn12,6.82
ZINC000000019265,CN1CCN(c2nc3cccnc3n3cccc23)CC1,6.61
ZINC000000020240,CC(C)NC[C@@H](O)COc1cccc2ccccc12,7.3
ZINC000000044027,CN(C)CCCN1c2ccccc2Sc2ccc(Cl)cc21,5.74
ZINC000000056464,FC(F)(F)c1cccc(N2CCNCC2)c1,8.65
ZINC000000056645,CC(C)NC[C@H](O)COc1cccc2[nH]ccc12,7.1
ZINC000000056646,CC(C)NC[C@@H](O)COc1cccc2[nH]ccc12,7.1
ZINC000000057152,COc1ccc2[nH]cc(CCN(C)C)c2c1,7.05
ZINC000000066076,Cc1ccccc1N1CCNCC1,7.35
ZINC000000075126,Cc1nccn1C[C@@H]1CCc2c(c3ccccc3n2C)C1=O,5.43
ZINC000000120262,CCOc1ccccc1N1CCNCC1,7.86
ZINC000000120271,c1ccc(N2CCNCC2)cc1,7.2
ZINC000000140722,COc1ccc2[nH]c(C)c(CCN)c2c1,6.1
ZINC000000154399,C1=C(c2c[nH]c3ccccc23)CCNC1,8.43
ZINC000000155125,Fc1ccccc1N1CCNCC1,7.54
ZINC000000157416,Oc1ccccc1N1CCNCC1,7.13
ZINC000000338136,COc1cc2c3c(c1OC)-c1cc4c(cc1C[C@@H]3N(C)CC2)OCO4,7.0
ZINC000000338140,COc1cc2c3c(c1OC)-c1cc4c(cc1C[C@H]3N(C)CC2)OCO4,7.0
ZINC000000402830,CN1CCC[C@@H]1CCO[C@](C)(c1ccccc1)c1ccc(Cl)cc1,6.66
ZINC000000404450,C[C@H](N)Cc1c[nH]c2ccccc12,6.3
ZINC000000404451,C[C@@H](N)Cc1c[nH]c2ccccc12,6.3
ZINC000000537877,O=C(c1ccc(F)cc1)C1CCN(CCn2c(=O)[nH]c3ccccc3c2=O)CC1,5.72
ZINC000000538183,NC(=O)C1CCN(CCCN2c3ccccc3Sc3ccc(Cl)cc32)CC1,5.86
ZINC000000538194,Cc1nc2ccccn2c(=O)c1CCN1CCC(C(=O)c2ccc(F)cc2)CC1,5.18
ZINC000000538275,O=C(c1ccc(OCCN2CCCCC2)cc1)c1c(-c2ccc(O)cc2)sc2cc(O)ccc12,6.07
ZINC000000538483,O=c1n(CCCN2CCN(c3cccc(Cl)c3)CC2)nc2ccccn12,6.08
ZINC000000587807,COc1ccc(NC(=O)N2CCC(c3c[nH]c4cc(F)ccc34)CC2)cc1N1CCN(C)CC1,7.1
ZINC000000587810,COc1ccc(NC(=O)N2CCC(c3c[nH]c4cccc(F)c34)CC2)cc1N1CCN(C)CC1,7.3
ZINC000000598510,COc1ccc(NC(=O)c2ccc(-c3ccc(-c4nnc(C)o4)cc3C)cc2)cc1N1CCN(C)CC1,9.03
ZINC000000601274,COc1ccc(CCN2CCC(Nc3nc4ccccc4n3Cc3ccc(F)cc3)CC2)cc1,6.2
ZINC000000602165,O=C1CN(CCCc2c[nH]c3ccc(-n4cnnc4)cc23)CCN1Cc1ccccc1,6.55
ZINC000000602342,CN(Cc1ccccc1)CC1(O)CCN(CCCc2c[nH]c3ccc(-n4cnnc4)cc23)CC1,7.02
ZINC000000602478,COc1ccc(NC(=O)N2CCC(c3c[nH]c4ccc(F)cc34)CC2)cc1N1CCN(C)CC1,7.07
ZINC000000603789,NC(=O)c1ccc2c(c1)CCO[C@@H]2CCN1CC=C(c2c[nH]c3cc(F)ccc23)CC1,6.69
ZINC000000604739,O=c1[nH]c2ccc(CCN3CCN(c4cccc(C(F)(F)F)c4)CC3)cc2s1,6.22
ZINC000000604740,COc1ccccc1N1CCN(CCc2ccc3[nH]c(=O)sc3c2)CC1,7.7
ZINC000000607671,O=C1CN(CCCc2c[nH]c3ccc(-n4cnnc4)cc23)CCN1CCc1ccccc1,7.11
ZINC000000607971,Clc1ccc(CO[C@H](Cn2ccnc2)c2ccc(Cl)cc2Cl)c(Cl)c1,5.03
ZINC000000643153,CC(=O)N1CCN(c2ccc(OC[C@@H]3CO[C@@](Cn4ccnc4)(c4ccc(Cl)cc4Cl)O3)cc2)CC1,5.21
ZINC000000643233,O=C(CCCN1CCC2(CC1)C(=O)NCN2c1ccccc1)c1ccc(F)cc1,6.0
ZINC000000836543,COc1ccc(NC(=O)N2CCN(c3ccccc3C)CC2)cc1N1CCN(C)CC1,8.64
ZINC000000836547,COc1ccc(N2CCN(C(=O)Nc3ccc(OC)c(N4CCN(C)CC4)c3)CC2)cc1,8.08
ZINC000000836553,COc1ccc(NCC(=O)N2CCN(c3ccccc3C)CC2)cc1N1CCN(C)CC1,7.4
ZINC000000837633,Cc1ccccc1N1CCN(C(=O)COc2ccc3[nH]cc(CCN)c3c2)CC1,9.1
ZINC000000841221,c1cnc(N2CCN(CCCc3c[nH]c4ccc(-n5cnnc5)cc34)CC2)nc1,9.3
ZINC000000841701,O=c1[nH]c2ccccc2n1C1CCN(CCCc2c[nH]c3ccc(-n4cnnc4)cc23)CC1,7.13
ZINC000000896740,Clc1ccc(CO[C@@H](Cn2ccnc2)c2ccc(Cl)cc2Cl)c(Cl)c1,5.03
ZINC000000968257,CN(C)CCC=C1c2ccccc2CCc2ccccc21,5.77
ZINC000000968264,CN1CCC(=C2c3ccccc3C=Cc3ccccc32)CC1,5.9
ZINC000001485779,CCN1CCC2(CC1)COc1cc3c(cc12)N(C(=O)c1ccc(-c2ccc(-c4nnc(C)o4)cc2C)cc1)CC3,8.2
ZINC000001486791,FC1(Cc2ccccc2)CCN(CCCc2c[nH]c3ccc(-n4cnnc4)cc23)CC1,7.82
ZINC000001486792,Fc1cccc(CCC2(F)CCN(CCCc3c[nH]c4ccc(-n5cnnc5)cc34)CC2)c1,7.66
ZINC000001486793,FC1(Cc2ccccc2C(F)(F)F)CCN(CCCc2c[nH]c3ccc(-n4cnnc4)cc23)CC1,7.85
ZINC000001486794,FC1(CCc2ccccc2)CCN(CCCc2c[nH]c3ccc(-n4cnnc4)cc23)CC1,7.31
ZINC000001486798,F[C@@H](Cc1c[nH]c2ccc(-n3cnnc3)cc12)CN1CCC(Cc2ccccc2)CC1,7.21
ZINC000001486819,F[C@@H](Cc1c[nH]c2ccc(-n3cnnc3)cc12)CN1CCC(OCc2ccccc2)CC1,5.52
ZINC000001487796,COc1ccc(NC(=O)c2ccc(-c3ccc(C(N)=O)cc3C)cc2)cc1N1CCN(C)CC1,8.89
ZINC000001489002,CN(Cc1ccccc1)[C@H]1CCN(CCCc2c[nH]c3ccc(-n4cnnc4)cc23)C[C@H]1F,6.66
ZINC000001529266,CCN(CC)C(=S)SSC(=S)N(CC)CC,5.67
ZINC000001530571,O=C1CC2(CCCC2)CC(=O)N1CCCCN1CCN(c2ncccn2)CC1,7.77
ZINC000001530579,COc1ccccc1OCCNC[C@H](O)COc1cccc2[nH]c3ccccc3c12,6.23
ZINC000001530580,COc1ccccc1OCCNC[C@@H](O)COc1cccc2[nH]c3ccccc3c12,6.23
ZINC000001530741,CNCCC=C1c2ccccc2CCc2ccccc21,5.84
ZINC000001533575,COc1ccccc1N1CCN(CCCCc2ccc3[nH]c(=O)sc3c2)CC1,6.7
ZINC000001536693,c1ccc2c(c1)CC[C@H](CNCCCNC1=NCCCN1)O2,8.62
ZINC000001537496,COc1ccccc1N1CCN(CCCCN2C(=O)c3ccccc3C2=O)CC1,5.97
ZINC000001537713,COc1cccc2c1C[C@]1(CCCN1CCCCN1C(=O)CC3(CCCC3)CC1=O)CO2,5.89
ZINC000001537714,COc1cccc2c1C[C@@]1(CCCN1CCCCN1C(=O)CC3(CCCC3)CC1=O)CO2,5.89
ZINC000001542113,N#Cc1ccc2[nH]cc(CCCCN3CCN(c4ccc5oc(C(N)=O)cc5c4)CC3)c2c1,5.3
ZINC000001542241,O=C1CC2(CCCC2)CC(=O)N1OCCCN1CCN(c2nsc3ccccc23)CC1,5.26
ZINC000001554701,CCCN(CCCCNS(=O)(=O)c1ccc(C)cc1)[C@H]1COc2cccc(OC)c2C1,5.1
ZINC000001554702,CCCN(CCCCN1C(=O)[C@H]2CCC[C@H]2C1=O)[C@H]1COc2cccc(OC)c2C1,5.0
ZINC000001571800,Clc1cncc(N2CCNCC2)n1,6.75
ZINC000001592424,CNCCc1c[nH]c2ccc(O)cc12,7.35
ZINC000001635352,CN1CCN(c2nc3cc(F)ccc3n3cccc23)CC1,6.43
ZINC000001714738,CN(C)CCCSc1ccccc1NC(=O)/C=C/c1ccccc1,6.0
ZINC000001854471,O=[N+]([O-])c1ccc2[nH]cc(C3=CCNCC3)c2c1,8.46
ZINC000001894220,CCCOc1ccc2[nH]cc(C3=CCNCC3)c2n1,8.7
ZINC000002003474,CNCCc1c[nH]c(CCC(c2ccccc2)c2ccccc2)n1,5.09
ZINC000002012156,C[C@H](N)Cc1c[nH]c2ccc(O)cc12,7.07
ZINC000002012157,C[C@@H](N)Cc1c[nH]c2ccc(O)cc12,7.07
ZINC000002034700,NCCc1c[nH]c2cccc(O)c12,5.98
ZINC000002168450,CCc1ccccc1N1CCNCC1,8.09
ZINC000002379519,C[C@@H](N)Cc1c[nH]c2ccc(OCc3cccs3)cc12,6.4
ZINC000002390001,N#Cc1ccccc1N1CCNCC1,7.66
ZINC000002516018,CN1CCN(c2nc3cc(C(F)(F)F)ccc3n3cccc23)CC1,6.82
ZINC000002529848,Fc1cccc(N2CCNCC2)c1,7.51
ZINC000002539058,CCCN(CCC)CCc1c[nH]c2ccc(OC)cc12,5.74
ZINC000002557963,O=C1CC2(CCCC2)CC(=O)N1CCCCNC[C@H]1COc2ccccc2O1,6.2
ZINC000002562379,NCCc1c[nH]c2cc(O)ccc12,5.23
ZINC000002567336,COc1cccc2c1C[C@H](N)CC2,6.04
ZINC000002568243,COc1ccc2[nH]cc(C3=CCNCC3)c2c1,8.7
ZINC000002572146,Cc1[nH]c2ccc(O)cc2c1CCN,6.28
ZINC000002988837,CCCN(CCC)C[C@H](O)COc1cccc2ccccc12,5.1
ZINC000002988838,CCCN(CCC)C[C@@H](O)COc1cccc2ccccc12,5.1
ZINC000003635820,CCCN(CCCCN1C(=O)CC2(CCCC2)CC1=O)[C@@H]1COc2cccc(OC)c2C1,5.3
ZINC000003635823,CCCN(CCCCN1C(=O)CC2(CCCC2)CC1=O)[C@H]1COc2cccc(OC)c2C1,5.3
ZINC000003650259,CCCN(CCC)[C@H]1CCc2cccc(OC)c2C1,5.4
ZINC000003650260,CCCN(CCC)[C@@H]1CCc2cccc(OC)c2C1,5.4
ZINC000003716182,CC(C)c1ccccc1N1CCNCC1,8.4
ZINC000003776867,c1ccc2c(c1)C[C@H]2CCN1CCN(c2cccc3c2OCCO3)CC1,6.22
ZINC000003776870,c1ccc2c(c1)CC[C@H]2CCN1CCN(c2cccc3c2OCCO3)CC1,6.38
ZINC000003779247,COc1ccc2[nH]cc(C[C@H]3CCCN3C)c2c1,6.08
ZINC000003779258,CNS(=O)(=O)Cc1ccc2[nH]cc(C[C@H]3CCCN3C)c2c1,7.84
ZINC000003781952,CC(C)(C)c1ccc(C(=O)CCCN2CCC(OC(c3ccccc3)c3ccccc3)CC2)cc1,5.85
ZINC000003786466,CCCN1C[C@H](CSC)C[C@@H]2c3cccc4[nH]cc(c34)C[C@H]21,7.4
ZINC000003789853,NC(=O)c1ccc2[nH]c3c(c2c1)C[C@H](N)CC3,8.0
ZINC000003797946,CS(=O)(=O)Nc1ccc(Cc2noc(-c3ccc4[nH]cc(CCN)c4c3)n2)cc1,9.2
ZINC000003800232,CCCN(CCCCNS(=O)(=O)c1ccc(C)cc1)[C@@H]1COc2cccc(OC)c2C1,5.1
ZINC000003800235,CCCN(CCCCN1C(=O)[C@H]2CCC[C@H]2C1=O)[C@@H]1COc2cccc(OC)c2C1,5.0
ZINC000003807663,COc1ccc2[nH]c3c(c2c1)C[C@H](N)CC3,6.47
ZINC000003812551,COc1ccc(N2CCN(CC[C@H]3OCCc4ccccc43)CC2)cc1,5.14
ZINC000003812975,CN1C[C@H](CNC(=O)OCc2ccccc2)C[C@@H]2c3cccc4c3c(cn4C)C[C@H]21,7.96
ZINC000003826485,CNS(=O)(=O)Cc1ccc2[nH]cc(CCN3CC[C@@H](CNCc4ccccc4)C3)c2c1,7.21
ZINC000003827662,OC[C@H](NC1CCN(CCCc2c[nH]c3ccc(-n4cnnc4)cc23)CC1)c1ccc(F)cc1,6.82
ZINC000003828610,CNC(=O)c1ccc2c(c1)CCO[C@H]2CCN1CCN(c2ccc(OC)cc2)CC1,5.24
ZINC000003831001,CCN(CC)C(=O)N[C@H]1C=C2c3cccc4[nH]cc(c34)C[C@H]2N(C)C1,8.34
ZINC000003870312,CCCN(CCC)[C@@H]1CCc2cccc(O)c2C1,6.59
ZINC000003870313,CCCN(CCC)[C@H]1CCc2cccc(O)c2C1,6.59
ZINC000003883734,Brc1ccc2[nH]cc(C3=CCNCC3)c2c1,8.49
ZINC000003948260,CN(C)[C@@H]1CC[C@H](c2c[nH]c3ccc(C#N)cc23)C1,6.47
ZINC000003959350,Cc1[nH]c2ccccc2c1C1=CCNCC1,6.05
ZINC000003962635,CC(C)CN(C)CC1(O)CCN(CCCc2c[nH]c3ccc(-n4cnnc4)cc23)CC1,7.52
ZINC000003963295,COc1ccc(NC(=O)c2ccc(-c3ccc(C(=N)N)cc3C)cc2)cc1N1CCN(C)CC1,9.3
ZINC000003976847,NC(=O)c1ccc2c(c1)CCO[C@H]2CCN1CC=C(c2c[nH]c3cc(F)ccc23)CC1,6.69
ZINC000003978005,CN1C[C@H](C(=O)N[C@]2(C)O[C@@]3(O)[C@@H]4CCCN4C(=O)[C@H](Cc4ccccc4)N3C2=O)C[C@@H]2c3cccc4[nH]cc(c34)C[C@H]21,9.42
ZINC000003995603,O=C1CC2(CCCC2)CC(=O)N1CCCCNC[C@@H]1COc2ccccc2O1,6.2
ZINC000003995616,CC(C)[C@@]1(NC(=O)[C@@H]2C[C@@H]3c4cccc5[nH]cc(c45)C[C@H]3N(C)C2)O[C@@]2(O)[C@@H]3CCCN3C(=O)[C@H](Cc3ccccc3)N2C1=O,7.96
ZINC000003995822,C[C@H](N)Cc1c[nH]c2ccc(OCc3cccs3)cc12,6.4
ZINC000003995919,C1=C(CN2CCOCC2)COc2c1cccc2OC[C@H]1CNCCO1,7.33
ZINC000004244898,O=[N+]([O-])c1cccc(N2CCNCC2)c1,7.47
ZINC000004618051,COc1ccc(N2CCN(CC[C@@H]3OCCc4ccccc43)CC2)cc1,5.14
ZINC000005162056,FC(F)(F)c1ccc2c(c1)N1CCNC[C@@H]1CC2,7.17
ZINC000005162058,FC(F)(F)c1ccc2c(c1)N1CCNC[C@H]1CC2,7.17
ZINC000005162671,c1ccc2c(c1)CC[C@@H]2CCN1CCN(c2cccc3c2OCCO3)CC1,6.38
ZINC000005162693,c1ccc2c(c1)C[C@@H]2CCN1CCN(c2cccc3c2OCCO3)CC1,6.22
ZINC000005319617,COc1ccccc1N1CCN(CCCCNC(=O)C23CC4CC(CC(C4)C2)C3)CC1,6.05
ZINC000005765126,COc1cc(C[C@@H](C)N)c(OC)cc1C,5.68
ZINC000005765127,COc1cc(C[C@H](C)N)c(OC)cc1C,5.68
ZINC000005832849,CCCN(CCC)CCc1c[nH]c2ccc(O)cc12,5.37
ZINC000006093980,NC(=O)c1ccc2[nH]c3c(c2c1)C[C@@H](N)CC3,8.0
ZINC000006322580,C1=C(CN2CCOCC2)COc2c1cccc2OC[C@@H]1CNCCO1,7.22
ZINC000008750345,CNCCOc1cc(Cl)ccc1Cl,5.44
ZINC000012356089,CCCN(CC1CC1)[C@@H]1CCc2ccc3[nH]cc(C=O)c3c2C1,6.71
ZINC000012356091,CCCN(CC1CC1)[C@H]1CCc2ccc3[nH]cc(C=O)c3c2C1,6.71
ZINC000012356130,Oc1nc2ccc(CCN3CCN(c4ccccc4)CC3)cc2s1,6.52
ZINC000012356234,COc1ccccc1N1CCN(CCCc2ccc3nc(O)sc3c2)CC1,7.21
ZINC000012356246,COc1cccc2c1C[C@H](NCCCCN1C(=O)c3ccccc3C1=O)CO2,5.15
ZINC000012356247,COc1cccc2c1C[C@@H](NCCCCN1C(=O)c3ccccc3C1=O)CO2,5.15
ZINC000012650844,COc1cccc2c1C[C@@H](N)CC2,6.04
ZINC000013449380,CC[C@H](C)Oc1ccccc1N1CCN(Cc2ccc(CN3CCCCC3=O)n2C)CC1,7.35
ZINC000013449406,CC(C)Oc1ccccc1N1CCN(Cc2ccc(CN3CCCCCCC3=O)n2C)CC1,7.12
ZINC000013493019,CN1CC[C@@H](CCN2CCC(c3cn(-c4ccc(F)cc4)c4ccc(-c5ncn(C)n5)cc34)CC2)C1=O,7.0
ZINC000013493020,CN1CC[C@H](CCN2CCC(c3cn(-c4ccc(F)cc4)c4ccc(-c5ncn(C)n5)cc34)CC2)C1=O,7.0
ZINC000013523588,CN1CCC(c2c[nH]c3c[nH]/c(=N\C(=O)c4ccc(F)cc4)cc23)CC1,7.1
ZINC000013553510,CN1CCC[C@@H]1Cc1c[nH]c2ccc(C3=CCN(C(=O)NC45CC6CC(CC(C6)C4)C5)CC3)cc12,7.96
ZINC000013553516,CN1CCC[C@@H]1Cc1c[nH]c2ccc(C3=CCN(/C(S)=N/C45CC6CC(CC(C6)C4)C5)CC3)cc12,7.41
ZINC000013557014,c1ccc(CC2CCN(CCCc3c[nH]c4ccc(-n5cnnc5)cc34)CC2)cc1,7.72
ZINC000013557016,CN(Cc1ccccc1)C1CCN(CCCc2c[nH]c3ccc(-n4cnnc4)cc23)CC1,6.85
ZINC000013557022,Fc1ccccc1CC1(F)CCN(CCCc2c[nH]c3ccc(-n4cnnc4)cc23)CC1,8.51
ZINC000013557023,Fc1cccc(CC2(F)CCN(CCCc3c[nH]c4ccc(-n5cnnc5)cc34)CC2)c1,8.28
ZINC000013557024,Fc1ccccc1CCC1(F)CCN(CCCc2c[nH]c3ccc(-n4cnnc4)cc23)CC1,7.8
ZINC000013557026,Fc1ccc(CCC2(F)CCN(CCCc3c[nH]c4ccc(-n5cnnc5)cc34)CC2)cc1,7.6
ZINC000013557028,C[C@@H](CC1(F)CCN(CCCc2c[nH]c3ccc(-n4cnnc4)cc23)CC1)c1ccccc1,7.55
ZINC000013557029,C[C@H](CC1(F)CCN(CCCc2c[nH]c3ccc(-n4cnnc4)cc23)CC1)c1ccccc1,7.55
ZINC000013557072,F[C@H](Cc1c[nH]c2ccc(-n3cnnc3)cc12)CN1CCC(Cc2ccccc2)CC1,7.21
ZINC000013557073,F[C@H](Cc1c[nH]c2ccc(-n3cnnc3)cc12)CN1CCC(OCc2ccccc2)CC1,5.52
ZINC000013557075,CN(Cc1ccccc1)C1CCN(C[C@H](F)Cc2c[nH]c3ccc(-n4cnnc4)cc23)CC1,5.92
ZINC000013557077,FC(F)(Cc1c[nH]c2ccc(-n3cnnc3)cc12)CN1CCC(Cc2ccccc2)CC1,5.89
ZINC000013557079,FC(F)(Cc1c[nH]c2ccc(-n3cnnc3)cc12)CN1CCC(COc2ccccc2)CC1,5.14
ZINC000013557082,FC(F)(Cc1c[nH]c2ccc(-n3cnnc3)cc12)CN1CCC(CCc2ccccc2)CC1,5.24
ZINC000013671937,Cc1cc(N(C)CCN(C)C)nc2ccc(NC(=O)/C=C/c3ccc(OC(F)(F)F)cc3)cc12,6.1
ZINC000013671987,Cc1cc(OCCN(C)C)nc2ccc(NC(=O)COc3ccc(Cl)cc3Cl)cc12,9.7
ZINC000013733317,CCCN1CC[C@H]2c3c(cccc3OC)C[C@@H]2C1,5.3
ZINC000013733322,COc1cccc2c1[C@@H]1CCN(CCCN3C(=O)CC4(CCCC4)CC3=O)C[C@H]1C2,5.13
ZINC000013733328,COc1cccc2c1[C@@H]1CCN(CCCCN3C(=O)CC4(CCCC4)CC3=O)C[C@H]1C2,6.1
ZINC000013733331,COc1cccc2c1[C@@H]1CCN(CCCN3C(=O)c4ccccc4S3(=O)=O)C[C@H]1C2,6.07
ZINC000013733334,COc1cccc2c1[C@@H]1CCN(CCCCN3C(=O)c4ccccc4S3(=O)=O)C[C@H]1C2,6.49
ZINC000013733337,COc1cccc2c1[C@@H]1CCN(CCNC(=O)c3ccc(F)cc3)C[C@H]1C2,6.05
ZINC000013737041,CCCN(CCC)[C@@H]1COc2cccc(OC)c2C1,6.29
ZINC000013737043,CCCN(CCC)[C@H]1COc2cccc(OC)c2C1,6.29
ZINC000013737048,CCCN(CCCN1C(=O)c2ccccc2C1=O)[C@@H]1COc2cccc(OC)c2C1,5.52
ZINC000013737050,CCCN(CCCN1C(=O)c2ccccc2C1=O)[C@H]1COc2cccc(OC)c2C1,5.52
ZINC000013737052,CCCN(CCCCN1C(=O)c2ccccc2C1=O)[C@@H]1COc2cccc(OC)c2C1,6.4
ZINC000013737054,CCCN(CCCCN1C(=O)c2ccccc2C1=O)[C@H]1COc2cccc(OC)c2C1,6.4
ZINC000013737056,CCCN(CCCCn1c(=O)oc2cccnc21)[C@@H]1COc2cccc(OC)c2C1,6.0
ZINC000013737058,CCCN(CCCCn1c(=O)oc2cccnc21)[C@H]1COc2cccc(OC)c2C1,6.0
ZINC000013737073,CCCN(CCCCN1C(=O)CC(C)(C)CC1=O)[C@@H]1COc2cccc(OC)c2C1,5.0
ZINC000013737076,CCCN(CCCCN1C(=O)CC(C)(C)CC1=O)[C@H]1COc2cccc(OC)c2C1,5.0
ZINC000013737078,CCCN(CCCCN1C(=O)c2ccccc2S1(=O)=O)[C@@H]1COc2cccc(OC)c2C1,6.0
ZINC000013737080,CCCN(CCCCN1C(=O)c2ccccc2S1(=O)=O)[C@H]1COc2cccc(OC)c2C1,6.0
ZINC000013737103,CCCN(CCCNS(=O)(=O)c1ccc(C)cc1)[C@@H]1COc2cccc(OC)c2C1,5.7
ZINC000013737105,CCCN(CCCNS(=O)(=O)c1ccc(C)cc1)[C@H]1COc2cccc(OC)c2C1,5.7
ZINC000013737107,CCCN(CCCCNC(=O)c1ccc(F)cc1)[C@@H]1COc2cccc(OC)c2C1,5.52
ZINC000013737108,CCCN(CCCCNC(=O)c1ccc(F)cc1)[C@H]1COc2cccc(OC)c2C1,5.52
ZINC000013737110,CCCN(CCCCNC(=O)c1ccccc1OC)[C@@H]1COc2cccc(OC)c2C1,6.0
ZINC000013737113,CCCN(CCCCNC(=O)c1ccccc1OC)[C@H]1COc2cccc(OC)c2C1,6.0
ZINC000013738698,CCCN(CCC)[C@@H]1CCc2ccc3[nH]cc(CC(F)(F)F)c3c2C1,6.39
ZINC000013738699,CCCN(CCC)[C@H]1CCc2ccc3[nH]cc(CC(F)(F)F)c3c2C1,6.39
ZINC000013741688,CCCN[C@@H]1CCc2cc(F)ccc2C1,5.82
ZINC000013741689,CCCN[C@H]1CCc2cc(F)ccc2C1,5.82
ZINC000013741694,CCCN(CCC)[C@@H]1CCc2cc(F)c3[nH]cc(C=O)c3c2C1,7.09
ZINC000013741696,CCCN(CCC)[C@@H]1CCc2cc(F)c3[nH]cc(C#N)c3c2C1,6.92
ZINC000013741697,CCCN(CCC)[C@H]1CCc2cc(F)c3[nH]cc(C#N)c3c2C1,6.92
ZINC000013741700,CCCc1c[nH]c2c(F)cc3c(c12)C[C@H](N(CCC)CCC)CC3,6.75
ZINC000013741701,CCCc1c[nH]c2c(F)cc3c(c12)C[C@@H](N(CCC)CCC)CC3,6.75
ZINC000013741702,CCCN(CCC)[C@@H]1CCc2cc(F)c3c(ccn3C)c2C1,5.78
ZINC000013741703,CCCN(CCC)[C@H]1CCc2cc(F)c3c(ccn3C)c2C1,5.78
ZINC000013741704,CCCN(CCC)[C@@H]1CCc2cc(F)c3c(c(C=O)cn3C)c2C1,6.21
ZINC000013741705,CCCN(CCC)[C@H]1CCc2cc(F)c3c(c(C=O)cn3C)c2C1,6.21
ZINC000013741706,CCCN(CCC)[C@@H]1CCc2ccc3[nH]cc(C(=O)C(F)(F)F)c3c2C1,6.55
ZINC000013741707,CCCN(CCC)[C@H]1CCc2ccc3[nH]cc(C(=O)C(F)(F)F)c3c2C1,6.55
ZINC000013741708,CCCN(CCC)[C@@H]1CCc2ccc3[nH]cc(C(C)=O)c3c2C1,6.23
ZINC000013741709,CCCN(CCC)[C@H]1CCc2ccc3[nH]cc(C(C)=O)c3c2C1,6.23
ZINC000013741716,CCCN(CCC)[C@@H]1CCc2ccc3c(c2C1)CC(=O)N3,6.71
ZINC000013741717,CCCN(CCC)[C@H]1CCc2ccc3c(c2C1)CC(=O)N3,6.71
ZINC000013741720,CCCN(CCC)[C@@H]1CCc2ccc3[nH]cc(C)c3c2C1,6.1
ZINC000013741721,CCCN(CCC)[C@H]1CCc2ccc3[nH]cc(C)c3c2C1,6.1
ZINC000013741722,CCCN(CCC)[C@@H]1CCc2ccc3c(c(C=O)cn3C)c2C1,6.36
ZINC000013741723,CCCN(CCC)[C@H]1CCc2ccc3c(c(C=O)cn3C)c2C1,6.36
ZINC000013741727,CCCN(CCC)[C@H]1CCc2ccc3[nH]cc(S(C)(=O)=O)c3c2C1,6.43
ZINC000013741728,CCCN[C@@H]1CCc2ccc3[nH]ccc3c2C1,6.32
ZINC000013741729,CCCN[C@H]1CCc2ccc3[nH]ccc3c2C1,6.32
ZINC000013741737,CCCN(Cc1ccccc1)[C@@H]1CCc2ccc3[nH]ccc3c2C1,5.34
ZINC000013741738,CCCN(Cc1ccccc1)[C@H]1CCc2ccc3[nH]ccc3c2C1,5.34
ZINC000013741739,CCCN(CCc1ccccc1)[C@@H]1CCc2ccc3[nH]ccc3c2C1,6.6
ZINC000013741740,CCCN(CCc1ccccc1)[C@H]1CCc2ccc3[nH]ccc3c2C1,6.6
ZINC000013741743,CCCN(CCCc1ccccc1OC)[C@@H]1CCc2ccc3[nH]ccc3c2C1,7.4
ZINC000013741744,CCCN(CCCc1ccccc1OC)[C@H]1CCc2ccc3[nH]ccc3c2C1,7.4
ZINC000013741745,CCCN(CCCOc1cccc(Cl)c1)[C@@H]1CCc2ccc3[nH]ccc3c2C1,6.61
ZINC000013741746,CCCN(CCCOc1cccc(Cl)c1)[C@H]1CCc2ccc3[nH]ccc3c2C1,6.61
ZINC000013741747,CCCN(CCCCN1C(=O)CC(C)(C)CC1=O)[C@@H]1CCc2ccc3[nH]ccc3c2C1,6.65
ZINC000013741748,CCCN(CCCCN1C(=O)CC(C)(C)CC1=O)[C@H]1CCc2ccc3[nH]ccc3c2C1,6.65
ZINC000013741749,CCCN[C@@H]1CCc2ccc3[nH]cc(C=O)c3c2C1,6.64
ZINC000013741750,CCCN[C@H]1CCc2ccc3[nH]cc(C=O)c3c2C1,6.64
ZINC000013741751,CCCN(C)[C@@H]1CCc2ccc3[nH]cc(C=O)c3c2C1,6.96
ZINC000013741752,CCCN(C)[C@H]1CCc2ccc3[nH]cc(C=O)c3c2C1,6.96
ZINC000013741753,C=CCN(CCC)[C@@H]1CCc2ccc3[nH]cc(C=O)c3c2C1,7.31
ZINC000013741754,C=CCN(CCC)[C@H]1CCc2ccc3[nH]cc(C=O)c3c2C1,7.31
ZINC000013741756,CCCN(Cc1ccccc1)[C@@H]1CCc2ccc3[nH]cc(C=O)c3c2C1,6.0
ZINC000013741757,CCCN(Cc1ccccc1)[C@H]1CCc2ccc3[nH]cc(C=O)c3c2C1,6.0
ZINC000013741758,CCCN(CCc1ccccc1)[C@@H]1CCc2ccc3[nH]cc(C=O)c3c2C1,7.25
ZINC000013741759,CCCN(CCc1ccccc1)[C@H]1CCc2ccc3[nH]cc(C=O)c3c2C1,7.25
ZINC000013741760,CCCN(CCc1cccs1)[C@@H]1CCc2ccc3[nH]cc(C=O)c3c2C1,7.34
ZINC000013741761,CCCN(CCc1cccs1)[C@H]1CCc2ccc3[nH]cc(C=O)c3c2C1,7.34
ZINC000013741762,CCCN(CCCc1ccccc1OC)[C@@H]1CCc2ccc3[nH]cc(C=O)c3c2C1,7.96
ZINC000013741763,CCCN(CCCc1ccccc1OC)[C@H]1CCc2ccc3[nH]cc(C=O)c3c2C1,7.96
ZINC000013741764,CCCN(CCCOc1cccc(Cl)c1)[C@@H]1CCc2ccc3[nH]cc(C=O)c3c2C1,6.73
ZINC000013741765,CCCN(CCCOc1cccc(Cl)c1)[C@H]1CCc2ccc3[nH]cc(C=O)c3c2C1,6.73
ZINC000013741767,CCCN(CCCCN1C(=O)CC(C)(C)CC1=O)[C@H]1CCc2ccc3[nH]cc(C=O)c3c2C1,6.94
ZINC000013741769,CCCN(CCCc1ccccc1)[C@H]1CCc2ccc3[nH]cc(C=O)c3c2C1,7.96
ZINC000013741774,c1ccc(CCCNC[C@@H]2CCc3ccc4[nH]ccc4c3C2)cc1,6.64
ZINC000013741775,c1ccc(CCCNC[C@H]2CCc3ccc4[nH]ccc4c3C2)cc1,6.64
ZINC000013742133,c1ccc2c(c1)nc(N1CCNCC1)c1oc3ccccc3c12,6.55
ZINC000013742141,c1ccc2c(c1)OCCc1c(N3CCNCC3)nc3ccccc3c1-2,6.38
ZINC000013742143,CN(C)CCSc1nc2ccccc2c2c1CCOc1ccccc1-2,5.89
ZINC000013743658,c1ccc2c(c1)C[C@H]2CN1CCN(c2cccc3c2OCCO3)CC1,6.67
ZINC000013743659,c1ccc2c(c1)C[C@@H]2CN1CCN(c2cccc3c2OCCO3)CC1,6.67
ZINC000013743660,c1ccc2c(c1)C[C@H]2CCCN1CCN(c2cccc3c2OCCO3)CC1,6.19
ZINC000013743661,c1ccc2c(c1)C[C@@H]2CCCN1CCN(c2cccc3c2OCCO3)CC1,6.19
ZINC000013743662,c1ccc2c(c1)C[C@H]2CCCCN1CCN(c2cccc3c2OCCO3)CC1,6.2
ZINC000013743663,c1ccc2c(c1)C[C@@H]2CCCCN1CCN(c2cccc3c2OCCO3)CC1,6.2
ZINC000013743664,c1ccc2c(c1)CC[C@H]2CN1CCN(c2cccc3c2OCCO3)CC1,6.7
ZINC000013743665,c1ccc2c(c1)CC[C@@H]2CN1CCN(c2cccc3c2OCCO3)CC1,6.7
ZINC000013743666,c1ccc2c(c1)CC[C@H]2CCCN1CCN(c2cccc3c2OCCO3)CC1,6.69
ZINC000013743667,c1ccc2c(c1)CC[C@@H]2CCCN1CCN(c2cccc3c2OCCO3)CC1,6.69
ZINC000013743668,c1ccc2c(c1)CC(CN1CCN(c3cccc4c3OCCO4)CC1)C2,6.31
ZINC000013743669,c1ccc2c(c1)CC(CCN1CCN(c3cccc4c3OCCO4)CC1)C2,6.16
ZINC000013743670,c1ccc2c(c1)CC(CCCN1CCN(c3cccc4c3OCCO4)CC1)C2,5.73
ZINC000013743671,c1ccc2c(c1)CCC[C@H]2CCN1CCN(c2cccc3c2OCCO3)CC1,6.15
ZINC000013743672,c1ccc2c(c1)CCC[C@@H]2CCN1CCN(c2cccc3c2OCCO3)CC1,6.15
ZINC000013743673,c1ccc2c(c1)CCCC[C@@H]2CCN1CCN(c2cccc3c2OCCO3)CC1,6.11
ZINC000013743674,c1ccc2c(c1)CCCC[C@H]2CCN1CCN(c2cccc3c2OCCO3)CC1,6.11
ZINC000013743675,C1=C(CCN2CCN(c3cccc4c3OCCO4)CC2)c2ccccc2C1,6.6
ZINC000013743676,C1=C(CCN2CCN(c3cccc4c3OCCO4)CC2)Cc2ccccc21,6.03
ZINC000013743677,C1=C(CCN2CCN(c3cccc4c3OCCO4)CC2)c2ccccc2CC1,6.64
ZINC000013743678,C1=C(CCN2CCN(c3cccc4c3OCCO4)CC2)c2ccccc2CCC1,6.42
ZINC000013743679,Clc1cccc2c1C[C@@H]2CN1CCN(c2cccc3c2OCCO3)CC1,6.26
ZINC000013743680,Clc1cccc2c1C[C@H]2CN1CCN(c2cccc3c2OCCO3)CC1,6.26
ZINC000013743681,Clc1cccc2c1C[C@@H]2CCN1CCN(c2cccc3c2OCCO3)CC1,6.15
ZINC000013743682,Clc1cccc2c1C[C@H]2CCN1CCN(c2cccc3c2OCCO3)CC1,6.15
ZINC000013743683,Clc1cccc2c1C[C@@H]2CCCN1CCN(c2cccc3c2OCCO3)CC1,5.96
ZINC000013743684,Clc1cccc2c1C[C@H]2CCCN1CCN(c2cccc3c2OCCO3)CC1,5.96
ZINC000013743685,Fc1cccc2c1C[C@@H]2CN1CCN(c2cccc3c2OCCO3)CC1,6.5
ZINC000013743686,Fc1cccc2c1C[C@H]2CN1CCN(c2cccc3c2OCCO3)CC1,6.5
ZINC000013743687,COc1ccc2c(c1)[C@H](CCN1CCN(c3cccc4c3OCCO4)CC1)C2,6.5
ZINC000013743688,COc1ccc2c(c1)[C@@H](CCN1CCN(c3cccc4c3OCCO4)CC1)C2,6.5
ZINC000013743689,COc1cc2c(cc1OC)[C@H](CCN1CCN(c3cccc4c3OCCO4)CC1)C2,6.1
ZINC000013743690,COc1cc2c(cc1OC)[C@@H](CCN1CCN(c3cccc4c3OCCO4)CC1)C2,6.1
ZINC000013743691,COc1cc2c(cc1OC)[C@H](CCN1CCN(c3cccc4c3OCCO4)CC1)CC2,6.17
ZINC000013743692,COc1cc2c(cc1OC)[C@@H](CCN1CCN(c3cccc4c3OCCO4)CC1)CC2,6.17
ZINC000013743695,c1ccc2c(c1)C[C@H]2CCN1CCN(c2cccc3c2OCCCO3)CC1,6.25
ZINC000013743696,c1ccc2c(c1)C[C@@H]2CCN1CCN(c2cccc3c2OCCCO3)CC1,6.25
ZINC000013743697,c1ccc2c(c1)C[C@H]2CCCN1CCN(c2cccc3c2OCCCO3)CC1,6.21
ZINC000013743698,c1ccc2c(c1)C[C@@H]2CCCN1CCN(c2cccc3c2OCCCO3)CC1,6.21
ZINC000013743699,c1ccc2c(c1)C[C@H]2CN1CCN(c2cccc3ccoc23)CC1,6.04
ZINC000013743700,c1ccc2c(c1)C[C@@H]2CN1CCN(c2cccc3ccoc23)CC1,6.04
ZINC000013743701,c1ccc2c(c1)C[C@H]2CCN1CCN(c2cccc3ccoc23)CC1,5.82
ZINC000013743702,c1ccc2c(c1)C[C@@H]2CCN1CCN(c2cccc3ccoc23)CC1,5.82
ZINC000013743703,c1ccc2c(c1)C[C@H]2CCCN1CCN(c2cccc3ccoc23)CC1,5.85
ZINC000013743704,c1ccc2c(c1)C[C@@H]2CCCN1CCN(c2cccc3ccoc23)CC1,5.85
ZINC000013743705,c1ccc2c(c1)CC(N1CCN(c3cccc4c3OCCCO4)CC1)C2,5.85
ZINC000013745611,COc1ccc2[nH]c3c(c2c1)C[C@@H](N)CC3,6.47
ZINC000013745613,CCCCCCOc1ccc2[nH]c3c(c2c1)C[C@H](N)CC3,6.73
ZINC000013745615,CCCCCCOc1ccc2[nH]c3c(c2c1)C[C@@H](N)CC3,6.73
ZINC000013755924,CCCN1CCN(c2nc3ccsc3n3cccc23)CC1,5.96
ZINC000013755925,C=CCN1CCN(c2nc3ccsc3n3cccc23)CC1,6.24
ZINC000013755933,Clc1ccc(CN2CCN(c3nc4ccsc4n4cccc34)CC2)c(Cl)c1,5.33
ZINC000013755934,Clc1ccc(CN2CCN(c3nc4ccsc4n4cccc34)CC2)cc1Cl,5.37
ZINC000013755936,c1cc2c(N3CCN(Cc4ccc5c(c4)OCO5)CC3)nc3ccsc3n2c1,5.51
ZINC000013755944,C(=C/c1ccccc1)\CN1CCN(c2nc3ccsc3n3cccc23)CC1,6.19
ZINC000013755952,CCOC(=O)CN1CCN(c2nc3ccsc3n3cccc23)CC1,6.17
ZINC000013755960,C=CCN1CCN(c2nc3sccc3n3cccc23)CC1,6.38
ZINC000013755962,FC(F)(F)c1cccc(N2CCN(c3nc4sccc4n4cccc34)CC2)c1,5.13
ZINC000013755970,c1cc2c(N3CCN(Cc4ccc5c(c4)OCO5)CC3)nc3sccc3n2c1,5.15
ZINC000013759903,COc1cccc2c1C[C@]1(CCCN1)CO2,5.36
ZINC000013759904,COc1cccc2c1C[C@@]1(CCCN1)CO2,5.36
ZINC000013759911,CCCN1CCC[C@@]12COc1cccc(OCCCCN3C(=O)CC4(CCCC4)CC3=O)c1C2,5.57
ZINC000013759912,CCCN1CCC[C@]12COc1cccc(OCCCCN3C(=O)CC4(CCCC4)CC3=O)c1C2,5.57
ZINC000013759913,O=C1CC2(CCCC2)CC(=O)N1CCCCN1CCC[C@@]12COc1ccccc1C2,5.42
ZINC000013759914,O=C1CC2(CCCC2)CC(=O)N1CCCCN1CCC[C@]12COc1ccccc1C2,5.42
ZINC000013759917,COc1cccc2c1C[C@]1(CCCCN1CCCCN1C(=O)CC3(CCCC3)CC1=O)CO2,5.66
ZINC000013759918,COc1cccc2c1C[C@@]1(CCCCN1CCCCN1C(=O)CC3(CCCC3)CC1=O)CO2,5.66
ZINC000013761033,COc1ccccc1N1CCN(CCCSc2nc3sc(C)c(C)c3c(=O)n2N)CC1,6.15
ZINC000013762456,C=CCN1CCN(c2nc3cccnc3n3cccc23)CC1,6.69
ZINC000013762486,Cc1ccc2c(c1)nc(N1CCN(Cc3ccc(F)cc3)CC1)c1cccn12,5.0
ZINC000013762488,COc1ccc2c(c1)nc(N1CCN(CCCCn3cccn3)CC1)c1cccn12,5.45
ZINC000013765956,c1ccc(CO[C@@H]2CCN(CCc3c[nH]c4ccc(-n5cnnc5)cc34)C2)cc1,6.84
ZINC000013765959,c1ccc(CO[C@H]2CCN(CCc3c[nH]c4ccc(-n5cnnc5)cc34)C2)cc1,6.56
ZINC000013765964,c1ccc(COC[C@@H]2CCN(CCc3c[nH]c4ccc(-n5cnnc5)cc34)C2)cc1,7.07
ZINC000013765969,CN(Cc1ccccc1)C[C@@H]1CCN(CCc2c[nH]c3ccc(-n4cnnc4)cc23)C1,7.49
ZINC000013765972,c1ccc(CNC[C@H]2CCN(CCc3c[nH]c4ccc(-n5cnnc5)cc34)C2)cc1,7.33
ZINC000013765975,c1cc2[nH]cc(CCN3CCCCC3)c2cc1-n1cnnc1,6.25
ZINC000013765977,c1cc2[nH]cc(CCCN3CCCCC3)c2cc1-n1cnnc1,7.82
ZINC000013765978,CN(Cc1ccccc1)CC1CCN(CCCc2c[nH]c3ccc(-n4cnnc4)cc23)CC1,7.57
ZINC000013765979,c1ccc(CNC2CCN(CCCc3c[nH]c4ccc(-n5cnnc5)cc34)CC2)cc1,6.92
ZINC000013765980,C[C@@H](NC1CCN(CCCc2c[nH]c3ccc(-n4cnnc4)cc23)CC1)c1ccccc1,7.46
ZINC000013765983,OC[C@H](NC1CCN(CCCc2c[nH]c3ccc(-n4cnnc4)cc23)CC1)c1ccccc1,6.96
ZINC000013766145,CN1CCN(c2nc3ccccc3n3cccc23)CC1,6.63
ZINC000013766149,Fc1cccc2nc(N3CCNCC3)c3cccn3c12,6.97
ZINC000013766152,Fc1ccc2c(c1)nc(N1CCNCC1)c1cccn12,6.78
ZINC000013778662,CN1CCN(c2ccc3c(n2)-c2ccccc2C3)CC1,5.42
ZINC000013779592,N#CC1=Cc2cccc(OC[C@@H]3CNCCO3)c2CC1,6.35
ZINC000013779593,N#CC1=Cc2cccc(OC[C@H]3CNCCO3)c2CC1,6.35
ZINC000013779594,N#CC1=Cc2cccc(OC[C@@H]3CNCCO3)c2OC1,6.6
ZINC000013779595,N#CC1=Cc2cccc(OC[C@H]3CNCCO3)c2OC1,6.6
ZINC000013779596,CN1CCO[C@@H](COc2cccc3c2OCC(C#N)=C3)C1,5.44
ZINC000013779597,CN1CCO[C@H](COc2cccc3c2OCC(C#N)=C3)C1,5.44
ZINC000013779598,N#CC1=Cc2cccc(OC[C@@H]3CCCNC3)c2OC1,5.85
ZINC000013779599,N#CC1=Cc2cccc(OC[C@H]3CCCNC3)c2OC1,5.85
ZINC000013779600,O=C(C1=Cc2cccc(OC[C@@H]3CNCCO3)c2OC1)N1CCOCC1,6.62
ZINC000013779601,O=C(C1=Cc2cccc(OC[C@H]3CNCCO3)c2OC1)N1CCOCC1,6.62
ZINC000013779679,O=c1[nH]c2ccc(CCN3CCN(c4ccccc4O)CC3)cc2s1,6.59
ZINC000013779680,Cn1c(=O)sc2cc(CCN3CCN(c4ccccc4)CC3)ccc21,6.7
ZINC000013779681,Cn1c(=O)sc2cc(CCN3CCN(c4ccccc4O)CC3)ccc21,7.51
ZINC000013779682,Cn1c(=O)sc2cc(CCN3CCN(c4ccc(F)cc4)CC3)ccc21,5.52
ZINC000013779683,COc1ccccc1N1CCN(CCc2ccc3c(c2)sc(=O)n3C)CC1,6.52
ZINC000013779684,Cn1c(=O)sc2cc(CCN3CCN(c4cccc(C(F)(F)F)c4)CC3)ccc21,7.15
ZINC000013779685,COc1ccccc1N1CCN(CCCc2ccc3c(c2)sc(=O)n3C)CC1,6.44
ZINC000013779686,O=c1[nH]c2ccc(CCCCN3CCN(c4cccc(C(F)(F)F)c4)CC3)cc2s1,6.4
ZINC000013779687,COc1ccccc1N1CCN(CCCCc2ccc3c(c2)sc(=O)n3C)CC1,6.52
ZINC000013779688,Cn1c(=O)sc2cc(CCCCN3CCN(c4cccc(C(F)(F)F)c4)CC3)ccc21,6.0
ZINC000013779689,COc1ccccc1N1CCN(CCc2ccc3c(c2)OCC(=O)N3C)CC1,6.74
ZINC000013779690,CN1C(=O)COc2cc(CCN3CCN(c4cccc(C(F)(F)F)c4)CC3)ccc21,6.34
ZINC000013779692,CN1C(=O)COc2cc(CCCCN3CCN(c4cccc(C(F)(F)F)c4)CC3)ccc21,6.55
ZINC000013779784,COc1ccc(N2CCN(CC[C@@H]3OCCc4cc(C(N)=O)ccc43)CC2)cc1,5.52
ZINC000013779785,COc1ccc(N2CCN(CC[C@H]3OCCc4cc(C(N)=O)ccc43)CC2)cc1,5.23
ZINC000013794013,CC(C)n1cc2c3c(cccc31)C1=C[C@@H](CO)CN(C)[C@@H]1C2,6.68
ZINC000013794016,CC(C)n1cc2c3c(cccc31)[C@H]1C[C@@H](CO)CN(C)[C@@H]1C2,5.73
ZINC000013794019,CC(C)n1cc2c3c(cccc31)[C@H]1C=C(CO)CN(C)[C@@H]1C2,6.07
ZINC000013794028,O[C@@H]1CCN(CCc2c[nH]c3ccc(-n4cnnc4)cc23)C1,7.03
ZINC000013794031,OC[C@@H]1CCN(CCc2c[nH]c3ccc(-n4cnnc4)cc23)C1,7.03
ZINC000013794034,CN(Cc1ccccc1)C[C@@H]1CCN(CCCc2c[nH]c3ccc(-n4cnnc4)cc23)C1,7.23
ZINC000013794038,c1ccc(COC[C@@H]2CCN(CCCc3c[nH]c4ccc(-n5cnnc5)cc34)C2)cc1,7.48
ZINC000013794042,c1ccc(COC[C@@H]2CCCN2CCc2c[nH]c3ccc(-n4cnnc4)cc23)cc1,8.57
ZINC000013794045,c1ccc(COC[C@H]2CCCN2CCc2c[nH]c3ccc(-n4cnnc4)cc23)cc1,6.24
ZINC000013794050,c1ccc(CNC[C@@H]2CCN(CCc3c[nH]c4ccc(-n5cnnc5)cc34)C2)nc1,7.32
ZINC000013794055,c1cncc(CNC[C@@H]2CCN(CCc3c[nH]c4ccc(-n5cnnc5)cc34)C2)c1,7.21
ZINC000013794058,c1cc(CNC[C@@H]2CCN(CCc3c[nH]c4ccc(-n5cnnc5)cc34)C2)ccn1,6.96
ZINC000013794061,c1coc(CNC[C@@H]2CCN(CCc3c[nH]c4ccc(-n5cnnc5)cc34)C2)c1,7.7
ZINC000013794064,c1cc(CNC[C@@H]2CCN(CCc3c[nH]c4ccc(-n5cnnc5)cc34)C2)co1,7.92
ZINC000013794069,C=CCNC[C@@H]1CCN(CCc2c[nH]c3ccc(-n4cnnc4)cc23)C1,6.49
ZINC000013794072,CC(=O)Nc1ccc(CNC[C@@H]2CCN(CCc3c[nH]c4ccc(-n5cnnc5)cc34)C2)cc1,6.78
ZINC000013794077,CC(=O)N(Cc1ccccc1)C[C@@H]1CCN(CCc2c[nH]c3ccc(-n4cnnc4)cc23)C1,7.96
ZINC000013794083,c1ccc(NC[C@@H]2CCN(CCc3c[nH]c4ccc(-n5cnnc5)cc34)C2)cc1,7.06
ZINC000013794085,c1ccc(CCNC[C@@H]2CCN(CCc3c[nH]c4ccc(-n5cnnc5)cc34)C2)cc1,6.9
ZINC000013794088,C[C@@H](NC[C@@H]1CCN(CCc2c[nH]c3ccc(-n4cnnc4)cc23)C1)c1ccccc1,7.13
ZINC000013794091,C[C@H](NC[C@@H]1CCN(CCc2c[nH]c3ccc(-n4cnnc4)cc23)C1)c1ccccc1,7.39
ZINC000013794095,OC[C@H](NC[C@@H]1CCN(CCc2c[nH]c3ccc(-n4cnnc4)cc23)C1)c1ccccc1,6.57
ZINC000013794098,OC[C@@H](NC[C@@H]1CCN(CCc2c[nH]c3ccc(-n4cnnc4)cc23)C1)c1ccccc1,6.78
ZINC000013794101,CC(C)(NC[C@@H]1CCN(CCc2c[nH]c3ccc(-n4cnnc4)cc23)C1)c1ccccc1,7.41
ZINC000013794104,c1ccc(CNC[C@@H]2CCN(CCc3c[nH]c4ccc(Cn5cncn5)cc34)C2)cc1,6.59
ZINC000013794109,C[C@H](NC[C@@H]1CCN(CCc2c[nH]c3ccc(Cn4cncn4)cc23)C1)c1ccccc1,6.52
ZINC000013794112,CN(Cc1ccccc1)C[C@@H]1CCN(CCc2c[nH]c3ccc(Cn4cncn4)cc23)C1,6.24
ZINC000013794115,C[C@@H](c1ccccc1)N(C)C[C@@H]1CCN(CCc2c[nH]c3ccc(Cn4cncn4)cc23)C1,7.06
ZINC000013794120,CN(Cc1ccccc1)C[C@@H]1CCN(CCc2c[nH]c3ccc(C[C@H]4COC(=O)N4C)cc23)C1,7.16
ZINC000013794124,c1cc2[nH]cc(CCCN3CCOCC3)c2cc1-n1cnnc1,8.13
ZINC000013794127,c1ccc(N2CCN(CCCc3c[nH]c4ccc(-n5cnnc5)cc34)CC2)cc1,7.89
ZINC000013794208,O=C1CN(Cc2ccccc2)CCN1CCCc1c[nH]c2ccc(-n3cnnc3)cc12,5.41
ZINC000013797040,CN1CCN(c2nc3ccccc3c3c2CCc2sccc2-3)CC1,5.82
ZINC000013797089,CN1CCN(c2nc3ccccc3c(-c3ccccc3)c2COC(=O)c2ccccc2)CC1,5.12
ZINC000013797128,CN1CCN(c2cc3c4c(cccc4n2)-c2ccccc2-3)CC1,6.19
ZINC000013802475,NC1CCN(CCCc2c[nH]c3ccc(-n4cnnc4)cc23)CC1,7.2
ZINC000013802476,CC(=O)Nc1ccc(CNC2CCN(CCCc3c[nH]c4ccc(-n5cnnc5)cc34)CC2)cc1,7.35
ZINC000013802478,CC(=O)Nc1ccc(CCNC2CCN(CCCc3c[nH]c4ccc(-n5cnnc5)cc34)CC2)cc1,6.77
ZINC000013802479,c1ccc(CNC2CCN(CCCc3c[nH]c4ccc(-n5cnnc5)cc34)CC2)nc1,7.12
ZINC000013802481,c1cncc(CNC2CCN(CCCc3c[nH]c4ccc(-n5cnnc5)cc34)CC2)c1,6.85
ZINC000013802482,c1cc(CNC2CCN(CCCc3c[nH]c4ccc(-n5cnnc5)cc34)CC2)ccn1,6.85
ZINC000013802483,c1cc(CNC2CCN(CCCc3c[nH]c4ccc(-n5cnnc5)cc34)CC2)co1,7.11
ZINC000013802485,CC(=O)Nc1ccc(CN(C)C2CCN(CCCc3c[nH]c4ccc(-n5cnnc5)cc34)CC2)cc1,7.0
ZINC000013802486,CN(Cc1ccc(S(C)(=O)=O)cc1)C1CCN(CCCc2c[nH]c3ccc(-n4cnnc4)cc23)CC1,6.85
ZINC000013802488,CC(=O)Nc1ccc(CCN(C)C2CCN(CCCc3c[nH]c4ccc(-n5cnnc5)cc34)CC2)cc1,7.18
ZINC000013802490,CN(Cc1ccoc1)C1CCN(CCCc2c[nH]c3ccc(-n4cnnc4)cc23)CC1,6.7
ZINC000013802492,CN(Cc1ccco1)C1CCN(CCCc2c[nH]c3ccc(-n4cnnc4)cc23)CC1,7.05
ZINC000013802494,CN(Cc1ccsc1)C1CCN(CCCc2c[nH]c3ccc(-n4cnnc4)cc23)CC1,7.46
ZINC000013802496,CN(Cc1cccs1)C1CCN(CCCc2c[nH]c3ccc(-n4cnnc4)cc23)CC1,6.85
ZINC000013802498,CN(C1CCN(CCCc2c[nH]c3ccc(-n4cnnc4)cc23)CC1)S(=O)(=O)c1ccccc1,8.0
ZINC000013802499,CN(C(=O)Nc1ccccc1)C1CCN(CCCc2c[nH]c3ccc(-n4cnnc4)cc23)CC1,6.85
ZINC000013802501,CN(CC1CC1)C1CCN(CCCc2c[nH]c3ccc(-n4cnnc4)cc23)CC1,6.59
ZINC000013802503,CC#CCN(C)C1CCN(CCCc2c[nH]c3ccc(-n4cnnc4)cc23)CC1,7.09
ZINC000013802505,C=CCN(C)C1CCN(CCCc2c[nH]c3ccc(-n4cnnc4)cc23)CC1,6.49
ZINC000013802507,CC(C)=CCN(C)C1CCN(CCCc2c[nH]c3ccc(-n4cnnc4)cc23)CC1,7.39
ZINC000013802509,CC(C)=CCCN(C)C1CCN(CCCc2c[nH]c3ccc(-n4cnnc4)cc23)CC1,7.62
ZINC000013802526,OC[C@@H](NC1CCN(CCCc2c[nH]c3ccc(-n4cnnc4)cc23)CC1)c1ccccc1,6.8
ZINC000013802528,CN(C1CCN(CCCc2c[nH]c3ccc(-n4cnnc4)cc23)CC1)[C@H](CO)c1ccccc1,7.15
ZINC000013802530,CN(C1CCN(CCCc2c[nH]c3ccc(-n4cnnc4)cc23)CC1)[C@@H](CO)c1ccccc1,6.68
ZINC000013802532,C[C@@](CO)(NC1CCN(CCCc2c[nH]c3ccc(-n4cnnc4)cc23)CC1)c1ccccc1,7.01
ZINC000013802534,C[C@](CO)(NC1CCN(CCCc2c[nH]c3ccc(-n4cnnc4)cc23)CC1)c1ccccc1,7.01
ZINC000013802536,OC[C@H](Cc1ccccc1)NC1CCN(CCCc2c[nH]c3ccc(-n4cnnc4)cc23)CC1,6.85
ZINC000013802538,OC[C@@H](Cc1ccccc1)NC1CCN(CCCc2c[nH]c3ccc(-n4cnnc4)cc23)CC1,7.0
ZINC000013802540,NC(=O)OC[C@H](NC1CCN(CCCc2c[nH]c3ccc(-n4cnnc4)cc23)CC1)c1ccccc1,6.92
ZINC000013802542,COC[C@H](NC1CCN(CCCc2c[nH]c3ccc(-n4cnnc4)cc23)CC1)c1ccccc1,6.68
ZINC000013802543,OCC[C@@H](NC1CCN(CCCc2c[nH]c3ccc(-n4cnnc4)cc23)CC1)c1ccccc1,6.82
ZINC000013802545,OCC[C@H](NC1CCN(CCCc2c[nH]c3ccc(-n4cnnc4)cc23)CC1)c1ccccc1,6.82
ZINC000013802547,CS(=O)(=O)NC[C@H](NC1CCN(CCCc2c[nH]c3ccc(-n4cnnc4)cc23)CC1)c1ccccc1,7.11
ZINC000013802551,C[C@H](O)[C@H](NC1CCN(CCCc2c[nH]c3ccc(-n4cnnc4)cc23)CC1)c1ccccc1,6.82
ZINC000013802553,C[C@@H](O)[C@H](NC1CCN(CCCc2c[nH]c3ccc(-n4cnnc4)cc23)CC1)c1ccccc1,7.32
ZINC000013802555,COC[C@H](NC1CCN(CCCc2c[nH]c3ccc(-n4cnnc4)cc23)CC1)c1ccc(F)cc1,7.05
ZINC000013802557,c1ccc2c(c1)CC[C@H]2NC1CCN(CCCc2c[nH]c3ccc(-n4cnnc4)cc23)CC1,6.55
ZINC000013802559,c1ccc2c(c1)CC[C@@H]2NC1CCN(CCCc2c[nH]c3ccc(-n4cnnc4)cc23)CC1,6.55
ZINC000013802561,O[C@H]1Cc2ccccc2[C@@H]1NC1CCN(CCCc2c[nH]c3ccc(-n4cnnc4)cc23)CC1,6.52
ZINC000013802562,O[C@@H]1Cc2ccccc2[C@H]1NC1CCN(CCCc2c[nH]c3ccc(-n4cnnc4)cc23)CC1,6.68
ZINC000013802564,c1ccc([C@H]2CCCCN2C2CCN(CCCc3c[nH]c4ccc(-n5cnnc5)cc34)CC2)cc1,6.39
ZINC000013802566,c1ccc([C@@H]2CCCCN2C2CCN(CCCc3c[nH]c4ccc(-n5cnnc5)cc34)CC2)cc1,6.39
ZINC000013802567,C[C@@H](NC1CCN(CCCc2c[nH]c3ccc(-n4cncn4)cc23)CC1)c1ccccc1,6.38
ZINC000013802569,OC[C@H](NC1CCN(CCCc2c[nH]c3ccc(-n4cncn4)cc23)CC1)c1ccccc1,6.4
ZINC000013802571,C[C@@H](NC1CCN(CCCc2c[nH]c3ccc(-n4ccnc4)cc23)CC1)c1ccccc1,6.96
ZINC000013802572,OC[C@H](NC1CCN(CCCc2c[nH]c3ccc(-n4ccnc4)cc23)CC1)c1ccccc1,7.0
ZINC000013802574,OC[C@H](NC1CCN(CCCc2c[nH]c3ccc(Cn4cncn4)cc23)CC1)c1ccccc1,5.89
ZINC000013802576,COC[C@H](NC1CCN(CCCc2c[nH]c3ccc(Cn4cncn4)cc23)CC1)c1ccc(F)cc1,5.92
ZINC000013802578,O=C1N[C@@H](Cc2ccc3[nH]cc(CCCN4CCC(N[C@@H](CO)c5ccccc5)CC4)c3c2)CO1,6.34
ZINC000013802580,CNS(=O)(=O)Cc1ccc2[nH]cc(CCCN3CCC(N[C@H](C)c4ccccc4)CC3)c2c1,6.59
ZINC000013802582,c1ccc(CNCC2CCN(CCCc3c[nH]c4ccc(-n5cnnc5)cc34)CC2)cc1,7.55
ZINC000013802584,CC(=O)Nc1ccc(CNCC2CCN(CCCc3c[nH]c4ccc(-n5cnnc5)cc34)CC2)cc1,8.05
ZINC000013802586,c1ccc(NCC2CCN(CCCc3c[nH]c4ccc(-n5cnnc5)cc34)CC2)nc1,8.48
ZINC000013802587,CC(=O)Nc1ccc(CN(C)CC2CCN(CCCc3c[nH]c4ccc(-n5cnnc5)cc34)CC2)cc1,7.62
ZINC000013802589,CN(Cc1ccc(S(C)(=O)=O)cc1)CC1CCN(CCCc2c[nH]c3ccc(-n4cnnc4)cc23)CC1,7.18
ZINC000013802591,O=S(=O)(NCC1CCN(CCCc2c[nH]c3ccc(-n4cnnc4)cc23)CC1)c1ccccc1,7.22
ZINC000013802593,CN(CC1CCN(CCCc2c[nH]c3ccc(-n4cnnc4)cc23)CC1)S(=O)(=O)c1ccccc1,7.74
ZINC000013802596,CN(CC1CCN(CCCc2c[nH]c3ccc(-n4cnnc4)cc23)CC1)C(=O)Nc1ccccc1,8.21
ZINC000013802598,CC(=O)Nc1ccc(C(=O)N(C)CC2CCN(CCCc3c[nH]c4ccc(-n5cnnc5)cc34)CC2)cc1,7.4
ZINC000013802600,C[C@@H](NCC1CCN(CCCc2c[nH]c3ccc(-n4cnnc4)cc23)CC1)c1ccccc1,7.85
ZINC000013802602,C[C@H](NCC1CCN(CCCc2c[nH]c3ccc(-n4cnnc4)cc23)CC1)c1ccccc1,7.24
ZINC000013802604,CC(=O)Nc1ccc([C@@H](C)NCC2CCN(CCCc3c[nH]c4ccc(-n5cnnc5)cc34)CC2)cc1,8.05
ZINC000013802606,CC(=O)Nc1ccc([C@H](C)NCC2CCN(CCCc3c[nH]c4ccc(-n5cnnc5)cc34)CC2)cc1,8.03
ZINC000013802608,OC[C@@H](NCC1CCN(CCCc2c[nH]c3ccc(-n4cnnc4)cc23)CC1)c1ccccc1,7.47
ZINC000013802610,OC[C@H](NCC1CCN(CCCc2c[nH]c3ccc(-n4cnnc4)cc23)CC1)c1ccccc1,7.1
ZINC000013802612,CN(CC1CCN(CCCc2c[nH]c3ccc(-n4cnnc4)cc23)CC1)[C@@H](CO)c1ccccc1,7.07
ZINC000013802614,c1ccc2c(c1)CC[C@H]2NCC1CCN(CCCc2c[nH]c3ccc(-n4cnnc4)cc23)CC1,7.6
ZINC000013802616,c1ccc2c(c1)CC[C@@H]2NCC1CCN(CCCc2c[nH]c3ccc(-n4cnnc4)cc23)CC1,7.6
ZINC000013805063,Cc1nc(-c2ccc(-c3ccc(C(=O)Nc4ccc(O)c(N5CCN(C)CC5)c4)cc3)c(C)c2)no1,8.14
ZINC000013805066,Cc1nnc(-c2ccc(-c3ccc(C(=O)Nc4ccc(O)c(N5CCN(C)CC5)c4)cc3)c(C)c2)o1,8.2
ZINC000013805069,Cc1nc(-c2ccc(-c3ccc(C(=O)Nc4ccc(OCCF)c(N5CCN(C)CC5)c4)cc3)c(C)c2)no1,8.0
ZINC000013806209,COc1ccc(NC(=O)NCCc2c[nH]c3ccc(F)cc23)cc1N1CCN(C)CC1,7.2
ZINC000013806212,COc1ccc(NC(=O)N2CCN(CCCCc3c[nH]c4ccc(F)cc34)CC2)cc1N1CCN(C)CC1,7.11
ZINC000013806216,COc1ccc(NC(=O)N2CC[C@@H](c3c[nH]c4ccc(F)cc34)C2)cc1N1CCN(C)CC1,6.63
ZINC000013806220,COc1ccc(NC(=O)N2CC[C@H](c3c[nH]c4ccc(F)cc34)C2)cc1N1CCN(C)CC1,6.63
ZINC000013806224,COc1ccc(NC(=O)NCCN2CCC(c3c[nH]c4cc(F)ccc34)CC2)cc1N1CCN(C)CC1,6.65
ZINC000013806228,COc1ccc(NC(=O)N2CCc3[nH]c4ccc(F)cc4c3C2)cc1N1CCN(C)CC1,6.25
ZINC000013806230,COc1ccc(NC(=O)N2CCC(c3c[nH]c4ccc(C#N)cc34)CC2)cc1N1CCN(C)CC1,6.57
ZINC000013806235,COc1ccc(NC(=O)N2CCC(c3c[nH]c4ccccc34)CC2)cc1N1CCN(C)CC1,7.3
ZINC000013806240,COc1ccc(NC(=O)N2CCC(CCc3c[nH]c4ccccc34)CC2)cc1N1CCN(C)CC1,6.92
ZINC000013806244,COc1ccc(NC(=O)NCCc2c[nH]c3ccc(O)cc23)cc1N1CCN(C)CC1,6.33
ZINC000013806248,COc1ccc(NC(=O)N2CCC(c3c[nH]c4ccc(C(N)=O)cc34)CC2)cc1N1CCN(C)CC1,6.95
ZINC000013806251,CN1CCC2(CC1)COc1ccc(NC(=O)N3CCC(c4c[nH]c5ccc(F)cc45)CC3)cc12,7.64
ZINC000013806253,CN1CCC2(CC1)COc1ccc(NC(=O)NCCN3CCC(c4c[nH]c5cc(F)ccc45)CC3)cc12,6.52
ZINC000013806257,COc1ccc(NC(=O)N2CCC(c3c[nH]c4ccc(F)cc34)CC2)cc1OCCN(C)C,6.2
ZINC000013806260,COc1ccc(NC(=O)NCCN2CCC(c3c[nH]c4cc(F)ccc34)CC2)cc1OCCN(C)C,6.88
ZINC000013864289,O=C(OCc1cc2c(cc1Cl)OCO2)N1CCC(n2c(=O)[nH]c3ccccc32)CC1,6.15
ZINC000013864334,N#Cc1ccc(CCOC(=O)NC2CCN(CCCC(c3ccc(F)cc3)c3ccc(F)cc3)CC2)cc1,5.45
ZINC000019203912,OCCN1CCN(CCCN2c3ccccc3Sc3ccc(C(F)(F)F)cc32)CC1,6.06
ZINC000019362650,CSc1ccc2c(c1)[C@@H](N1CCN(C)CC1)Cc1ccccc1S2,6.74
ZINC000019362651,CSc1ccc2c(c1)[C@H](N1CCN(C)CC1)Cc1ccccc1S2,5.49
ZINC000019367808,CN1CCN(CCCCc2c[nH]c3ccc(-n4cnnc4)cc23)CC1,5.29
ZINC000019776817,CNCCOc1ccc(Cl)cc1Cl,5.56
ZINC000019776818,CNCCOc1cccc(Cl)c1Cl,7.44
ZINC000019796018,CN1CCN(CCCN2c3ccccc3Sc3ccc(Cl)cc32)CC1,5.92
ZINC000021986609,Oc1ccc2[nH]cc(C3=CCNCC3)c2c1,8.92
ZINC000022010815,Fc1ccc2[nH]cc(C3=CCNCC3)c2c1,8.72
ZINC000022446212,CN1CCN(CCc2c[nH]c3ccc(-n4cnnc4)cc23)CC1,6.52
ZINC000022446217,c1cc2[nH]cc(CCCN3CCNCC3)c2cc1-n1cnnc1,6.84
ZINC000022446222,CN1CCN(CCCc2c[nH]c3ccc(-n4cnnc4)cc23)CC1,6.51
ZINC000022446233,Fc1cccc(CCN2CCN(CCCc3c[nH]c4ccc(-n5cnnc5)cc34)CC2)c1,7.14
ZINC000022446238,Fc1ccccc1CCN1CCN(CCCc2c[nH]c3ccc(-n4cnnc4)cc23)CC1,7.01
ZINC000022446243,Fc1ccc(CCN2CCN(CCCc3c[nH]c4ccc(-n5cnnc5)cc34)CC2)cc1,6.92
ZINC000022446259,Fc1ccc(CCN2CCN(CCCc3c[nH]c4ccc(-n5cnnc5)cc34)CC2)cc1F,7.08
ZINC000022446269,Fc1cc(F)cc(CCN2CCN(CCCc3c[nH]c4ccc(-n5cnnc5)cc34)CC2)c1,7.33
ZINC000022446360,Fc1cccc(CCN2CCN(C[C@@H](F)Cc3c[nH]c4ccc(-n5cnnc5)cc34)CC2)c1,6.17
ZINC000022446459,CC(=O)Nc1ccc(CN2CCN(CCCc3c[nH]c4ccc(-n5cnnc5)cc34)CC2)cc1,7.25
ZINC000022446486,NC(=O)[C@H](c1ccccc1)N1CCN(CCCc2c[nH]c3ccc(-n4cnnc4)cc23)CC1,7.89
ZINC000022930962,c1ccc(CN2CCN(CCCc3c[nH]c4ccc(-n5cnnc5)cc34)CC2)cc1,8.09
ZINC000022930965,O[C@H](Cc1c[nH]c2ccc(-n3cnnc3)cc12)CN1CCN(Cc2ccccc2)CC1,6.44
ZINC000022930968,O[C@@H](Cc1c[nH]c2ccc(-n3cnnc3)cc12)CN1CCN(Cc2ccccc2)CC1,6.44
ZINC000022930970,F[C@H](Cc1c[nH]c2ccc(-n3cnnc3)cc12)CN1CCN(CCc2ccccc2)CC1,6.03
ZINC000022930973,F[C@@H](Cc1c[nH]c2ccc(-n3cnnc3)cc12)CN1CCN(CCc2ccccc2)CC1,6.03
ZINC000022930976,Fc1ccccc1CCN1CCN(C[C@H](F)Cc2c[nH]c3ccc(-n4cnnc4)cc23)CC1,6.28
ZINC000022930979,Fc1ccccc1CCN1CCN(C[C@@H](F)Cc2c[nH]c3ccc(-n4cnnc4)cc23)CC1,6.28
ZINC000022930982,Fc1cccc(CCN2CCN(C[C@H](F)Cc3c[nH]c4ccc(-n5cnnc5)cc34)CC2)c1,6.09
ZINC000022930985,Fc1ccc(CCN2CCN(C[C@H](F)Cc3c[nH]c4ccc(-n5cnnc5)cc34)CC2)cc1,6.27
ZINC000022930988,Fc1ccc(CCN2CCN(C[C@@H](F)Cc3c[nH]c4ccc(-n5cnnc5)cc34)CC2)cc1,6.27
ZINC000022930991,C[C@@H](CN1CCN(C[C@@H](F)Cc2c[nH]c3ccc(-n4cnnc4)cc23)CC1)c1ccccc1F,6.42
ZINC000022930994,C[C@H](CN1CCN(C[C@@H](F)Cc2c[nH]c3ccc(-n4cnnc4)cc23)CC1)c1ccccc1F,6.42
ZINC000022930998,C[C@@H](CN1CCN(C[C@H](F)Cc2c[nH]c3ccc(-n4cnnc4)cc23)CC1)c1ccccc1F,6.42
ZINC000022931001,C[C@H](CN1CCN(C[C@H](F)Cc2c[nH]c3ccc(-n4cnnc4)cc23)CC1)c1ccccc1F,6.42
ZINC000022931004,C[C@@H](CN1CCN(C[C@@H](F)Cc2c[nH]c3ccc(-n4cnnc4)cc23)CC1)c1cccc(F)c1,6.55
ZINC000022931007,C[C@H](CN1CCN(C[C@@H](F)Cc2c[nH]c3ccc(-n4cnnc4)cc23)CC1)c1cccc(F)c1,6.55
ZINC000022931011,C[C@@H](CN1CCN(C[C@H](F)Cc2c[nH]c3ccc(-n4cnnc4)cc23)CC1)c1cccc(F)c1,6.55
ZINC000022931014,C[C@H](CN1CCN(C[C@H](F)Cc2c[nH]c3ccc(-n4cnnc4)cc23)CC1)c1cccc(F)c1,6.55
ZINC000022931017,C[C@@H](CN1CCN(C[C@@H](F)Cc2c[nH]c3ccc(-n4cnnc4)cc23)CC1)c1ccc(F)cc1,6.51
ZINC000022931020,C[C@H](CN1CCN(C[C@@H](F)Cc2c[nH]c3ccc(-n4cnnc4)cc23)CC1)c1ccc(F)cc1,6.51
ZINC000022931023,C[C@@H](CN1CCN(C[C@H](F)Cc2c[nH]c3ccc(-n4cnnc4)cc23)CC1)c1ccc(F)cc1,6.51
ZINC000022931026,C[C@H](CN1CCN(C[C@H](F)Cc2c[nH]c3ccc(-n4cnnc4)cc23)CC1)c1ccc(F)cc1,6.51
ZINC000022931029,Fc1cccc(CCN2CCN(CC(F)(F)Cc3c[nH]c4ccc(-n5cnnc5)cc34)CC2)c1,5.8
ZINC000022931032,C[C@@H](CN1CCN(CC(F)(F)Cc2c[nH]c3ccc(-n4cnnc4)cc23)CC1)c1ccccc1,5.74
ZINC000022931035,C[C@H](CN1CCN(CC(F)(F)Cc2c[nH]c3ccc(-n4cnnc4)cc23)CC1)c1ccccc1,5.74
ZINC000022931038,C[C@@H](CN1CCN(CC(F)(F)Cc2c[nH]c3ccc(-n4cnnc4)cc23)CC1)c1ccc(F)cc1,6.0
ZINC000022931041,C[C@H](CN1CCN(CC(F)(F)Cc2c[nH]c3ccc(-n4cnnc4)cc23)CC1)c1ccc(F)cc1,6.0
ZINC000022938828,CN(Cc1ccccc1)[C@@H]1CCN(CCc2c[nH]c3ccc(-n4cnnc4)cc23)C1,6.68
ZINC000022938832,c1ccc(CCN2CCN(CCCc3c[nH]c4ccc(-n5cnnc5)cc34)CC2)cc1,6.78
ZINC000022938835,CC(=O)Nc1cccc(CCN2CCN(CCCc3c[nH]c4ccc(-n5cnnc5)cc34)CC2)c1,6.77
ZINC000022938838,CC(=O)Nc1ccc(CCN2CCN(CCCc3c[nH]c4ccc(-n5cnnc5)cc34)CC2)cc1,6.6
ZINC000022939181,CN(Cc1ccccc1)C[C@@H]1CCCN1CCc1c[nH]c2ccc(-n3cnnc3)cc12,7.82
ZINC000022939185,c1ccc(CCCN2CCN(CCCc3c[nH]c4ccc(-n5cnnc5)cc34)CC2)cc1,7.07
ZINC000022939188,c1ccc(CN2CCN(CCCc3c[nH]c4ccc(-n5cnnc5)cc34)CC2)nc1,7.74
ZINC000022939191,c1cncc(CN2CCN(CCCc3c[nH]c4ccc(-n5cnnc5)cc34)CC2)c1,7.66
ZINC000022939194,c1cc(CN2CCN(CCCc3c[nH]c4ccc(-n5cnnc5)cc34)CC2)ccn1,7.64
ZINC000022939197,c1coc(CN2CCN(CCCc3c[nH]c4ccc(-n5cnnc5)cc34)CC2)c1,7.74
ZINC000022939200,c1cc(CN2CCN(CCCc3c[nH]c4ccc(-n5cnnc5)cc34)CC2)co1,7.57
ZINC000022939203,c1c[nH]c(CN2CCN(CCCc3c[nH]c4ccc(-n5cnnc5)cc34)CC2)n1,7.44
ZINC000022939207,CC(=O)Nc1cccc(CN2CCN(CCCc3c[nH]c4ccc(-n5cnnc5)cc34)CC2)c1,8.62
ZINC000022939210,FC(F)(F)c1ccc(CN2CCN(CCCc3c[nH]c4ccc(-n5cnnc5)cc34)CC2)cc1,6.55
ZINC000022939213,Clc1ccc(CN2CCN(CCCc3c[nH]c4ccc(-n5cnnc5)cc34)CC2)cc1,7.23
ZINC000022939216,N#Cc1ccc(CN2CCN(CCCc3c[nH]c4ccc(-n5cnnc5)cc34)CC2)cc1,6.89
ZINC000022939219,Fc1ccc(CN2CCN(CCCc3c[nH]c4ccc(-n5cnnc5)cc34)CC2)cc1,7.7
ZINC000022939222,c1cncc(CCN2CCN(CCCc3c[nH]c4ccc(-n5cnnc5)cc34)CC2)c1,7.03
ZINC000022939225,Cc1noc(-c2ccc(CCN3CCN(CCCc4c[nH]c5ccc(-n6cnnc6)cc45)CC3)cc2)n1,7.34
ZINC000022939228,C[C@H](c1ccccc1)N1CCN(CCCc2c[nH]c3ccc(-n4cnnc4)cc23)CC1,7.89
ZINC000022939231,C[C@@H](c1ccccc1)N1CCN(CCCc2c[nH]c3ccc(-n4cnnc4)cc23)CC1,7.89
ZINC000022939234,OC[C@H](c1ccccc1)N1CCN(CCCc2c[nH]c3ccc(-n4cnnc4)cc23)CC1,8.02
ZINC000022939237,OC[C@@H](c1ccccc1)N1CCN(CCCc2c[nH]c3ccc(-n4cnnc4)cc23)CC1,8.02
ZINC000022939240,NC(=O)[C@@H](c1ccccc1)N1CCN(CCCc2c[nH]c3ccc(-n4cnnc4)cc23)CC1,7.89
ZINC000022939243,CN(C)C(=O)[C@H](c1ccccc1)N1CCN(CCCc2c[nH]c3ccc(-n4cnnc4)cc23)CC1,6.99
ZINC000022939246,CN(C)C(=O)[C@@H](c1ccccc1)N1CCN(CCCc2c[nH]c3ccc(-n4cnnc4)cc23)CC1,6.99
ZINC000022939249,CNC[C@H](c1ccccc1)N1CCN(CCCc2c[nH]c3ccc(-n4cnnc4)cc23)CC1,7.77
ZINC000022939252,CNC[C@@H](c1ccccc1)N1CCN(CCCc2c[nH]c3ccc(-n4cnnc4)cc23)CC1,7.77
ZINC000022939257,C[C@@H](CN1CCN(CCCc2c[nH]c3ccc(-n4cnnc4)cc23)CC1)c1ccccc1,7.35
ZINC000022939260,C[C@H](CN1CCN(CCCc2c[nH]c3ccc(-n4cnnc4)cc23)CC1)c1ccccc1,7.35
ZINC000022939391,CN(C)C[C@H](NC1CCN(CCCc2c[nH]c3ccc(-n4cnnc4)cc23)CC1)c1ccccc1,7.89
ZINC000025997855,CCCCOc1ccccc1N1CCNCC1,8.4
ZINC000026001539,CC(C)Oc1ccccc1N1CCNCC1,8.16
ZINC000026002737,CCCc1ccccc1N1CCNCC1,7.8
ZINC000026002752,CCCCc1ccccc1N1CCNCC1,8.08
ZINC000026015477,CCCN(CCCCN1C(=O)CC2(CCCC2)CC1=O)C[C@@H]1COc2cccc(OC)c2C1,5.13
ZINC000026015484,CCCN(CCCCN1C(=O)CC2(CCCC2)CC1=O)C[C@H]1COc2cccc(OC)c2C1,5.13
ZINC000026018213,O=C1CC2(CCCC2)CC(=O)N1CCCCNC[C@@H]1COc2ccccc2C1,5.16
ZINC000026018220,O=C1CC2(CCCC2)CC(=O)N1CCCCNC[C@H]1COc2ccccc2C1,5.16
ZINC000026018312,CCCN1CCN(CCCCN2C(=O)CC3(CCCC3)CC2=O)C[C@@]12COc1cccc(OC)c1C2,5.8
ZINC000026018733,COc1cccc2c1C[C@H](CNCCCCN1C(=O)CC3(CCCC3)CC1=O)CO2,5.52
ZINC000026018741,COc1cccc2c1C[C@@H](CNCCCCN1C(=O)CC3(CCCC3)CC1=O)CO2,5.52
ZINC000026025300,O=C1CC2(CCCC2)CC(=O)N1CCCCNC[C@@H]1COc2c(ccc3ccccc23)O1,5.5
ZINC000026025309,O=C1CC2(CCCC2)CC(=O)N1CCCCNC[C@H]1COc2c(ccc3ccccc23)O1,5.5
ZINC000026028473,O=C1CC2(CCCC2)CC(=O)N1CCCCNC[C@@H]1COc2ccc3ccccc3c2O1,6.4
ZINC000026028482,O=C1CC2(CCCC2)CC(=O)N1CCCCNC[C@H]1COc2ccc3ccccc3c2O1,6.4
ZINC000026165310,COc1cc2ccccc2c2c1C[C@H](N)CC2,7.12
ZINC000026165315,COc1cc2ccccc2c2c1C[C@@H](N)CC2,7.12
ZINC000026165336,CCCN(CCC)[C@@H]1CCc2c(c(OC)cc3ccccc23)C1,5.2
ZINC000026165340,CCCN(CCC)[C@H]1CCc2c(c(OC)cc3ccccc23)C1,5.2
ZINC000026166657,COc1c2c(cc3ccccc13)CC[C@H](N)C2,7.64
ZINC000026166661,COc1c2c(cc3ccccc13)CC[C@@H](N)C2,7.64
ZINC000026174485,CCCN(CCC)[C@@H]1CCc2c(C)ccc(OC)c2C1,6.24
ZINC000026174489,CCCN(CCC)[C@H]1CCc2c(C)ccc(OC)c2C1,6.24
ZINC000026183323,CN(Cc1ccccc1)C1CCN(C[C@@H](F)Cc2c[nH]c3ccc(-n4cnnc4)cc23)CC1,5.92
ZINC000026186728,CN(Cc1ccccc1)[C@H]1CCN(CCCc2c[nH]c3ccc(-n4cnnc4)cc23)C[C@@H]1F,7.89
ZINC000026189465,CN(Cc1ccccc1)C1CCN(CC(F)(F)Cc2c[nH]c3ccc(-n4cnnc4)cc23)CC1,5.68
ZINC000026248814,CN(Cc1ccccc1C(F)(F)F)[C@H]1CCN(CCCc2c[nH]c3ccc(-n4cnnc4)cc23)C[C@@H]1F,6.66
ZINC000026250884,F[C@@H]1CN(CCCc2c[nH]c3ccc(-n4cnnc4)cc23)CC[C@@H]1NCc1ccccc1C(F)(F)F,6.52
ZINC000026250893,F[C@H]1CN(CCCc2c[nH]c3ccc(-n4cnnc4)cc23)CC[C@@H]1NCc1ccccc1C(F)(F)F,6.77
ZINC000026283302,CCCN(CCC)[C@@H]1CCc2c(ccc(F)c2N)C1,5.69
ZINC000026283307,CCCN(CCC)[C@H]1CCc2c(ccc(F)c2N)C1,5.69
ZINC000026490195,NC(=O)c1ccc2c(c1)CCO[C@@H]2CCN1CC=C(c2csc3cc(F)ccc23)CC1,6.73
ZINC000026490199,NC(=O)c1ccc2c(c1)CCO[C@H]2CCN1CC=C(c2csc3cc(F)ccc23)CC1,6.73
ZINC000026493953,NC(=O)c1ccc2c(c1)CCO[C@@H]2CCN1CC=C(c2n[nH]c3cc(F)ccc23)CC1,6.68
ZINC000026493957,NC(=O)c1ccc2c(c1)CCO[C@H]2CCN1CC=C(c2n[nH]c3cc(F)ccc23)CC1,6.68
ZINC000026493960,NC(=O)c1ccc2c(c1)CCO[C@@H]2CCN1CC=C(c2coc3cc(F)ccc23)CC1,6.81
ZINC000026493962,NC(=O)c1ccc2c(c1)CCO[C@H]2CCN1CC=C(c2coc3cc(F)ccc23)CC1,6.81
ZINC000026494490,NC(=O)c1ccc2c(c1)CCO[C@@H]2CCN1CC=C(c2noc3cc(F)ccc23)CC1,6.81
ZINC000026494494,NC(=O)c1ccc2c(c1)CCO[C@H]2CCN1CC=C(c2noc3cc(F)ccc23)CC1,6.81
ZINC000026495159,NC(=O)c1ccc2c(c1)CCO[C@@H]2CCN1CC[C@@H](c2c[nH]c3cc(F)ccc23)C1,7.02
ZINC000026495163,NC(=O)c1ccc2c(c1)CCO[C@H]2CCN1CC[C@@H](c2c[nH]c3cc(F)ccc23)C1,7.02
ZINC000026495165,NC(=O)c1ccc2c(c1)CCO[C@@H]2CCN1CCC(c2c[nH]c3cc(F)ccc23)CC1,6.88
ZINC000026495168,NC(=O)c1ccc2c(c1)CCO[C@H]2CCN1CCC(c2c[nH]c3cc(F)ccc23)CC1,6.88
ZINC000026496426,NC(=O)c1ccc2c(c1)CCO[C@@H]2CCN1CCC(c2cccc3ccccc23)CC1,7.14
ZINC000026496430,NC(=O)c1ccc2c(c1)CCO[C@H]2CCN1CCC(c2cccc3ccccc23)CC1,7.14
ZINC000026496434,NC(=O)c1ccc2c(c1)CCO[C@@H]2CCN1CC=C(c2cccc3ccccc23)CC1,6.82
ZINC000026496438,NC(=O)c1ccc2c(c1)CCO[C@H]2CCN1CC=C(c2cccc3ccccc23)CC1,6.82
ZINC000026496618,NC(=O)c1ccc2c(c1)CCO[C@@H]2CCN1CCN(c2c[nH]c3cc(F)ccc23)CC1,6.51
ZINC000026496622,NC(=O)c1ccc2c(c1)CCO[C@H]2CCN1CCN(c2c[nH]c3cc(F)ccc23)CC1,6.51
ZINC000026498910,COc1ccc2[nH]cc(C3=CCN(CC[C@@H]4OCCc5cc(C(N)=O)ccc54)CC3)c2c1,6.5
ZINC000026498914,COc1ccc2[nH]cc(C3=CCN(CC[C@H]4OCCc5cc(C(N)=O)ccc54)CC3)c2c1,6.5
ZINC000026499416,NC(=O)c1ccc2c(c1)CCO[C@@H]2CCN1CCC(c2nsc3cc(F)ccc23)CC1,6.7
ZINC000026499419,NC(=O)c1ccc2c(c1)CCO[C@H]2CCN1CCC(c2nsc3cc(F)ccc23)CC1,6.7
ZINC000026500538,NC(=O)c1ccc2c(c1)CCO[C@@H]2CCN1CC=C(c2cccc3ccc(F)cc23)CC1,6.68
ZINC000026500541,NC(=O)c1ccc2c(c1)CCO[C@H]2CCN1CC=C(c2cccc3ccc(F)cc23)CC1,6.68
ZINC000026504305,c1ccc(CNC[C@@H]2CCN(CCc3c[nH]c4ccc(-n5cnnc5)cc34)C2)cc1,7.43
ZINC000026935128,Cc1ccccc1N1CCN(C(=O)COc2ccc(Cl)c(N3CCN(C)CC3)c2)CC1,7.96
ZINC000026937661,COc1ccc(NC(=O)N2CCN(c3ccc(C)cc3C)CC2)cc1N1CCN(C)CC1,8.74
ZINC000026938926,COc1ccc(NC(=O)N2CCN(c3ccccc3)CC2)cc1N1CCN(C)CC1,7.74
ZINC000026944781,Cc1ccccc1N1CCN(C(=O)Oc2ccc(Cl)c(N3CCN(C)CC3)c2)CC1,6.82
ZINC000026951960,COc1cccc(N2CCN(C(=O)Nc3ccc(OC)c(N4CCN(C)CC4)c3)CC2)c1,8.1
ZINC000026954602,COc1ccc(NC(=O)N2CCN(c3cccc4c3CCCC4)CC2)cc1N1CCN(C)CC1,9.3
ZINC000026957464,COc1ccc(NC(=O)N2CCN(c3c(C)cccc3C)CC2)cc1N1CCN(C)CC1,8.89
ZINC000026992736,OC1(CNCc2ccccc2)CCN(CCCc2c[nH]c3ccc(-n4cnnc4)cc23)CC1,7.33
ZINC000026993012,OC1(Cc2ccccc2)CCN(CCCc2c[nH]c3ccc(-n4cnnc4)cc23)CC1,7.49
ZINC000026993926,OC1(CNCc2ccccn2)CCN(CCCc2c[nH]c3ccc(-n4cnnc4)cc23)CC1,7.26
ZINC000026996001,CN(CC1CCCCC1)CC1(O)CCN(CCCc2c[nH]c3ccc(-n4cnnc4)cc23)CC1,7.57
ZINC000026997746,CC(=O)Nc1ccc(CNCC2(O)CCN(CCCc3c[nH]c4ccc(-n5cnnc5)cc34)CC2)cc1,7.52
ZINC000026998033,Cc1ccccc1CNCC1(O)CCN(CCCc2c[nH]c3ccc(-n4cnnc4)cc23)CC1,7.08
ZINC000027073544,CN(CC(C)(C)C)CC1(O)CCN(CCCc2c[nH]c3ccc(-n4cnnc4)cc23)CC1,7.21
ZINC000027074188,OC1(CNCC2CC2)CCN(CCCc2c[nH]c3ccc(-n4cnnc4)cc23)CC1,7.24
ZINC000027074195,CN(CC1CC1)CC1(O)CCN(CCCc2c[nH]c3ccc(-n4cnnc4)cc23)CC1,7.57
ZINC000027074492,CC(C)(C)OC(=O)NCC1(O)CCN(CCCc2c[nH]c3ccc(-n4cnnc4)cc23)CC1,6.47
ZINC000027074810,CC1(C)CCCN(CC2(O)CCN(CCCc3c[nH]c4ccc(-n5cnnc5)cc34)CC2)C1,7.72
ZINC000027080022,Cc1ccccc1CN(C)CC1(O)CCN(CCCc2c[nH]c3ccc(-n4cnnc4)cc23)CC1,7.05
ZINC000027080506,CC(C)(C)CNCC1(O)CCN(CCCc2c[nH]c3ccc(-n4cnnc4)cc23)CC1,7.07
ZINC000027315789,COc1ccc(NC(=O)c2ccc(-c3ccc(C4=N[C@@H](C)ON4)cc3C)cc2)cc1N1CCN(C)CC1,9.85
ZINC000027315795,COc1ccc(NC(=O)c2ccc(-c3ccc(C4=N[C@H](C)ON4)cc3C)cc2)cc1N1CCN(C)CC1,9.85
ZINC000027553271,C[C@@H](NC1CCN(CCCc2c[nH]c3ccc(-n4cnnc4)cc23)CC1)[C@@H](O)c1ccccc1,6.68
ZINC000027553313,O[C@H]1Cc2ccccc2[C@H]1NC1CCN(CCCc2c[nH]c3ccc(-n4cnnc4)cc23)CC1,6.52
ZINC000027555570,C[C@@H](NC1CCN(CCCc2c[nH]c3ccc(-n4cnnc4)cc23)CC1)C(=O)Nc1ccccc1,7.07
ZINC000027556868,C[C@@H](NC1CCN(CCCc2c[nH]c3ccc(-n4cnnc4)cc23)CC1)c1ccc(F)cc1,6.64
ZINC000027556870,C[C@H](NC1CCN(CCCc2c[nH]c3ccc(-n4cnnc4)cc23)CC1)c1ccc(F)cc1,6.64
ZINC000027556885,C[C@H](NC1CCN(CCCc2c[nH]c3ccc(-n4cnnc4)cc23)CC1)c1ccccc1,7.02
ZINC000027557055,C[C@H](Cc1ccccc1)NC1CCN(CCCc2c[nH]c3ccc(-n4cnnc4)cc23)CC1,6.77
ZINC000027557784,C[C@@H](NC1CCN(CCCc2c[nH]c3ccc(-n4cnnc4)cc23)CC1)[C@H](O)c1ccccc1,6.7
ZINC000027558128,CC(=O)Nc1ccc([C@@H](C)NC2CCN(CCCc3c[nH]c4ccc(-n5cnnc5)cc34)CC2)cc1,6.46
ZINC000027563662,CNC(=O)C1=C(C)NC(C)=C(C(=O)NCCCN2CCC(C(=O)OC)(c3ccccc3)CC2)[C@@H]1c1ccc([N+](=O)[O-])cc1,5.58
ZINC000027563665,CNC(=O)C1=C(C)NC(C)=C(C(=O)NCCCN2CCC(C(=O)OC)(c3ccccc3)CC2)[C@H]1c1ccc([N+](=O)[O-])cc1,5.58
ZINC000027564210,COc1ccc(NS(=O)(=O)c2ccc(-c3ccc(-c4nnc(C)o4)cc3C)cc2)cc1N1CCN(C)CC1,7.22
ZINC000027564216,Cc1nnc(-c2ccc(-c3ccc(C(=O)Nc4ccc(OS(C)(=O)=O)c(N5CCN(C)CC5)c4)cc3)c(C)c2)o1,7.15
ZINC000027646752,Clc1ccc(C2=CCNCC2)cn1,5.57
ZINC000027651441,COc1ccccc1C1CCN(CCCSc2nc3sc(C)c(C)c3c(=O)n2N)CC1,5.85
ZINC000027749547,S=C1CN(CCCc2c[nH]c3ccc(-n4cnnc4)cc23)CCN1Cc1ccccc1,7.74
ZINC000027761013,C[C@H](NC[C@@H]1CCN(CCc2c[nH]c3ccc(C[C@H]4COC(=O)N4)cc23)C1)c1ccccc1,7.31
ZINC000027761021,O=C1N[C@@H](Cc2ccc3[nH]cc(CCN4CC[C@@H](CNCc5ccccc5)C4)c3c2)CO1,7.31
ZINC000027849110,CCCN1CCC=C2c3c(OC)cccc3OC[C@@H]21,5.88
ZINC000027849116,CCCN1CCC=C2c3c(OC)cccc3OC[C@H]21,5.88
ZINC000027850736,COc1cc(C)cc2c1[C@H]1CCCN(C)[C@@H]1CO2,6.08
ZINC000027864314,COc1cccc2c1[C@H]1CCN(CCCN3C(=O)c4ccccc4S3(=O)=O)C[C@H]1C2,6.07
ZINC000027991253,CCCCN(CCCC)CCCOc1cccc2ccccc12,5.25
ZINC000027994869,CCCN(CCC)CCCOc1cccc2ccccc12,5.21
ZINC000028009523,C[C@@H]1CC[C@@H](C)N1CCc1c[nH]c2ccc(-c3cccs3)cc12,7.15
ZINC000028009529,C[C@H]1CC[C@@H](C)N1CCc1c[nH]c2ccc(-c3cccs3)cc12,7.15
ZINC000028009537,C[C@H]1CC[C@H](C)N1CCc1c[nH]c2ccc(-c3cccs3)cc12,7.15
ZINC000028359956,Cc1cc(Br)cc(C)c1NC1=NCCN1,5.84
ZINC000028526528,COc1ccc2[nH]c(C)c(C3=CCNCC3)c2c1,6.51
ZINC000028642423,CCN1CC[C@@H](N(CC)c2cc(OC)cc3c(=O)cc(C(=O)Nc4ccc(N5CCOCC5)cc4)[nH]c23)C1,6.77
ZINC000028642425,CCN1CC[C@H](N(CC)c2cc(OC)cc3c(=O)cc(C(=O)Nc4ccc(N5CCOCC5)cc4)[nH]c23)C1,6.77
ZINC000028762941,FC(F)(F)c1ccc2c(c1)nc(N1CCNCC1)c1cccn12,7.68
ZINC000028763956,Clc1ccc2[nH]cc(C3=CCNCC3)c2c1,8.48
ZINC000028763980,N#Cc1ccc2[nH]cc(C3=CCNCC3)c2c1,9.1
ZINC000028821527,C[C@H]1CN(c2cccc3cc(F)ccc23)CCN1CC[C@@H]1OCC2=CC(C(N)=O)=CC[C@H]21,6.94
ZINC000028821529,C[C@H]1CN(c2cccc3cc(C#N)ccc23)CCN1CC[C@H]1OCC2=CC(C(N)=O)=CC[C@H]21,7.06
ZINC000028880812,CN1CCN(c2cccc3ccc(OCc4noc(-c5ccc(Cl)cc5)n4)cc23)CC1,9.0
ZINC000028880823,CC(C)N1CCN([C@@H]2CCc3ccc(OCc4noc(-c5ccc(Cl)cc5)n4)cc32)CC1,7.51
ZINC000028880831,CC(C)N1CCN([C@H]2CCc3ccc(OCc4noc(-c5ccc(Cl)cc5)n4)cc32)CC1,7.51
ZINC000028880873,OCC1(N2CCN([C@@H]3CCc4ccc(OCc5noc(-c6ccc(Cl)cc6)n5)cc43)CC2)CCCC1,5.83
ZINC000028880881,OCC1(N2CCN([C@H]3CCc4ccc(OCc5noc(-c6ccc(Cl)cc6)n5)cc43)CC2)CCCC1,5.83
ZINC000029128986,COc1c(OCCF)cccc1[C@@H](O)C1CCN(CCc2ccc(F)cc2)CC1,5.73
ZINC000029213859,CCCN(CCC)[C@@H]1CCc2cccc(OCCCCCCOc3cccc4c3C[C@H](N(CCC)CCC)CC4)c2C1,8.19
ZINC000029213864,CCCN(CCC)[C@H]1CCc2cccc(OCCCCCCOc3cccc4c3C[C@H](N(CCC)CCC)CC4)c2C1,8.19
ZINC000029213872,CCCN(CCC)[C@H]1CCc2cccc(OCCCCCCOc3cccc4c3C[C@@H](N(CCC)CCC)CC4)c2C1,8.19
ZINC000034051848,Cc1ccc(Sc2ccccc2N2CCNCC2)c(C)c1,7.48
ZINC000034801051,CCCCCCCCCOc1ccc2[nH]cc(C[C@@H](C)N)c2c1,7.28
ZINC000034801052,CCCCCCCCCOc1ccc2[nH]cc(C[C@H](C)N)c2c1,7.28
ZINC000034801054,CCCCCCCCCOc1ccc2[nH]c3c(c2c1)C[C@@H](N)CC3,6.76
ZINC000034801055,CCCCCCCCCOc1ccc2[nH]c3c(c2c1)C[C@H](N)CC3,6.76
ZINC000035278957,O=S(=O)(c1cccc(Cl)c1)c1n[nH]c2ccc(NC3CCNCC3)cc12,5.78
ZINC000035279646,CC(C)c1ccc(S(=O)(=O)c2n[nH]c3ccc(NC4CCNCC4)cc23)cc1,5.56
ZINC000036089146,Cc1nc(-c2ccc(-c3ccc(C(=O)Nc4ccc(OS(=O)(=O)C(F)(F)F)c(N5CCN(C)CC5)c4)cc3)c(C)c2)no1,6.15
ZINC000036126805,C[C@@H]1CC(N2CCN([C@@H]3CCc4ccc(OCc5noc(-c6ccc(Cl)cc6)n5)cc43)CC2)C[C@H]1C,6.38
ZINC000036187737,COc1cccc2c1[C@@H]1CCN(CCCN3C(=O)c4ccccc4S3(=O)=O)C[C@@H]1C2,6.07
ZINC000036187738,COc1cccc2c1[C@H]1CCN(CCCN3C(=O)c4ccccc4S3(=O)=O)C[C@@H]1C2,6.07
ZINC000036187739,COc1cccc2c1[C@@H]1CCN(CCNC(=O)c3ccc(F)cc3)C[C@@H]1C2,6.05
ZINC000036187740,COc1cccc2c1[C@H]1CCN(CCNC(=O)c3ccc(F)cc3)C[C@@H]1C2,6.05
ZINC000036187741,COc1cccc2c1[C@@H]1CCN(CCCCN3C(=O)c4ccccc4S3(=O)=O)C[C@@H]1C2,6.49
ZINC000036187742,COc1cccc2c1[C@H]1CCN(CCCCN3C(=O)c4ccccc4S3(=O)=O)C[C@@H]1C2,6.49
ZINC000036237956,NC(=O)c1ccc2c(c1)CCO[C@@H]2CCN1CC[C@H](c2c[nH]c3cc(F)ccc23)C1,7.02
ZINC000036237958,NC(=O)c1ccc2c(c1)CCO[C@H]2CCN1CC[C@H](c2c[nH]c3cc(F)ccc23)C1,7.02
ZINC000038418471,CN(C)[C@H]1CC[C@@H](c2c[nH]c3ccc(F)cc23)C1,6.3
ZINC000038512358,Cc1ccc2c(N3CCN(CCc4ccc5c(c4)NC(=O)CO5)C[C@@H]3C)cccc2n1,8.7
ZINC000040402848,COc1c(OCCF)cccc1[C@@H](O)C1CCN(CCc2ccc(C)cc2)CC1,5.31
ZINC000040402851,COc1c(OCCF)cccc1[C@H](O)C1CCN(CCc2ccc(C)cc2)CC1,5.31
ZINC000040464948,CCCN1CCN(CCCCN2C(=O)CC3(CCCC3)CC2=O)C[C@]12COc1cccc(OC)c1C2,5.8
ZINC000040892487,Cc1ccc2c(N3CCN(CCCc4cccc5c4OCC(=O)N5C)CC3)cccc2n1,7.2
ZINC000040892489,Cc1ccc2c(N3CCN(CCCc4cccc5c4OCC(=O)N5C)[C@H](C)C3)cccc2n1,7.6
ZINC000040893702,Cc1ccc2c(N3CCN(CCCc4cccc5c4OCC(=O)N5)CC3)cccc2n1,7.8
ZINC000040894319,FC(F)(F)c1nc2c(OCCN3CCN(c4cccc5[nH]c(C(F)(F)F)nc45)CC3)cccc2[nH]1,7.22
ZINC000040914032,Cc1ccc2c(N3CCN(CCc4ccc5c(c4)OCC(=O)N5C)CC3)cccc2n1,8.2
ZINC000040937326,Cc1ccc2c(OC[C@@H](C)N3CCC(Cc4ccc5c(c4)NC(=O)CO5)CC3)cccc2n1,7.4
ZINC000040937328,Cc1ccc2c(OC[C@H](C)N3CCC(Cc4ccc5c(c4)NC(=O)CO5)CC3)cccc2n1,7.4
ZINC000040937384,O=C(Nc1ccc2cnn(S(=O)(=O)c3cccc4ccccc34)c2c1)[C@H]1CCCNC1,5.74
ZINC000040938104,Cc1ccc2c(O[C@@H](C)CN3CCC(Cc4ccc5c(c4)NC(=O)CO5)CC3)cccc2n1,6.7
ZINC000040938106,Cc1ccc2c(O[C@H](C)CN3CCC(Cc4ccc5c(c4)NC(=O)CO5)CC3)cccc2n1,6.7
ZINC000040938589,O=C(Nc1ccc2cnn(S(=O)(=O)c3cccc4ccccc34)c2c1)[C@@H]1CCCNC1,5.74
ZINC000045373901,COC1(c2ccc(NC(=O)[C@@H]3CCc4cc(F)cc(-c5c(C)nn(C)c5C)c4O3)cn2)CCOCC1,9.02
ZINC000045373903,COC1(c2ccc(NC(=O)[C@H]3CCc4cc(F)cc(-c5c(C)nn(C)c5C)c4O3)cn2)CCOCC1,9.02
ZINC000052968850,c1ccc(CN2CCN(c3nc4ccsc4n4cccc34)CC2)cc1,5.99
ZINC000053074262,CCc1ccccc1N1CCN(Cc2ccc(CN3CCCCC3=O)n2C)CC1,7.0
ZINC000053151228,CC[C@@H](CO)NC(=O)[C@@H]1C=C2c3cccc4c3c(cn4C)C[C@H]2N(C)C1,6.97
ZINC000053151337,FC(F)(Cc1c[nH]c2ccc(-n3cnnc3)cc12)CN1CCC(OCc2ccccc2)CC1,6.0
ZINC000053174604,C[C@@H](CO)NC(=O)[C@@H]1C=C2c3cccc4[nH]cc(c34)C[C@H]2N(C)C1,8.89
ZINC000053231057,CC[C@@H](C)Oc1ccccc1N1CCN(Cc2ccc(CN3CCCCC3=O)n2C)CC1,7.35
ZINC000053231173,Cn1c(CN2CCN(c3cccc(Cl)c3)CC2)ccc1CN1CCCCC1=O,7.02
ZINC000053255684,CC(C)Oc1ccccc1N1CCN(Cc2ccc(CN3CCCCC3=O)n2C)CC1,7.07
ZINC000053586742,CNCCOc1ccc(Br)cc1Br,5.9
ZINC000053683151,CC(C)C[C@H]1C(=O)N2CCC[C@H]2[C@]2(O)O[C@](NC(=O)[C@@H]3C=C4c5cccc6[nH]c(Br)c(c56)C[C@H]4N(C)C3)(C(C)C)C(=O)N12,7.33
ZINC000056871297,CC(C)[C@H]1C(=O)N2CCC[C@H]2[C@]2(O)O[C@](NC(=O)[C@@H]3C=C4c5cccc6[nH]cc(c56)C[C@H]4N(C)C3)(C(C)C)C(=O)N12,7.72
ZINC000058685730,C[C@H]1CN(c2cccc3cc(C#N)ccc23)CCN1CC[C@H]1OCC2=CC(C(N)=O)=CC[C@@H]21,7.06
ZINC000059796557,CC(C)C[C@H]1C(=O)N2CCC[C@H]2[C@]2(O)O[C@](NC(=O)[C@@H]3C=C4c5cccc6[nH]cc(c56)C[C@H]4N(C)C3)(C(C)C)C(=O)N12,8.3
ZINC000064549647,Cc1ccc2c(N3CCN(CCc4c(C)ccc5c4ccc(=O)n5C)CC3)cccc2n1,7.2
ZINC000064559654,Cc1ccc2c(N3CCN(CCc4c(Cl)ccc5c4ccc(=O)n5C)CC3)cccc2n1,6.5
ZINC000064560424,Cc1ccc2c(N3CCN(CCc4c(C)ccc5c4CCC(=O)N5)CC3)cccc2n1,6.7
ZINC000064560425,Cc1ccc2c(N3CCN(CCc4c(C)ccc5c4CCC(=O)N5C)CC3)cccc2n1,6.4
ZINC000064573590,Cc1ccc2c(N3CCN(CCc4c(C)ccc5[nH]c(=O)ccc45)CC3)cccc2n1,6.3
ZINC000073160260,Cc1nc(-c2ccc(C)c(-c3ccc4c(c3)NC(=O)C43CCOCC3)c2)n[nH]1,5.0
ZINC000084298917,Cc1[nH]c2ccc(F)cc2c1C1=CCNCC1,6.7
ZINC000095552631,CN(Cc1ccccc1C(F)(F)F)[C@H]1CCN(CCCc2c[nH]c3ccc(-n4cnnc4)cc23)C[C@H]1F,6.66
ZINC000095559917,N=C(Nc1ccc2c(c1)CCN2C1CCNCC1)c1cccs1,5.66
ZINC000095619105,CC[C@@H](CO)NC(=O)[C@@H]1C=C2c3cccc4[nH]cc(c34)C[C@H]2N(C)C1,8.03
ZINC000096284094,O=C(Cc1ccc(OC2CCNCC2)cc1OCCF)N1CCC(N2C(=O)CCc3ccccc32)CC1,6.15
ZINC000096910224,Cc1[nH]c2ccc(Br)cc2c1C1=CCNCC1,7.12
ZINC000096910225,Cc1[nH]c2ccc(OS(=O)(=O)C(F)(F)F)cc2c1C1=CCNCC1,7.54
ZINC000096910228,Cc1[nH]c2ccc([N+](=O)[O-])cc2c1C1=CCNCC1,6.24
ZINC000096910231,Cc1[nH]c2ccc(-c3ccsc3)cc2c1C1=CCNCC1,7.92
ZINC000096910232,Cc1[nH]c2ccc(-c3ccccc3)cc2c1C1=CCNCC1,6.85
ZINC000098176929,COc1ccc(CNC(=O)c2cc(-c3cc(Cl)cc(Cl)c3)cnc2-c2cccnc2)cc1OC,5.64
ZINC000100802965,CN1CCN(c2nc3ccccc3c3c2C[C@H]2CC[C@H]3C2)CC1,5.64
ZINC000101299773,Cc1csc2c1-n1cccc1/C2=N/OCCN(C)C,5.57
ZINC000103239858,O=S(=O)(c1cccc(CCCCOCCCCCCNC[C@H](O)c2ccc(O)c(CO)c2)c1)C1CCCC1,7.0
ZINC000103283196,CN[C@@H](C)COc1cc(Cl)ccc1Cl,5.17
ZINC000103283198,CN[C@H](C)COc1cc(Cl)ccc1Cl,5.17
ZINC000103283200,CN[C@@H](C)COc1ccc(Br)cc1Br,5.64
ZINC000103283203,CN[C@H](C)COc1ccc(Br)cc1Br,5.64
ZINC000103283205,CN[C@@H](C)COc1c(Br)cccc1Br,7.15
ZINC000103283208,CN[C@H](C)COc1c(Br)cccc1Br,7.15
ZINC000103283210,CN[C@@H](C)COc1cccc(Oc2ccccc2)c1,6.12
ZINC000103283212,CN[C@H](C)COc1cccc(Oc2ccccc2)c1,6.12
ZINC000103285264,CN1CCN([C@@H](COc2cccc(Cl)c2Cl)c2ccccc2)CC1,6.08
ZINC000103285266,CN1CCN([C@H](COc2cccc(Cl)c2Cl)c2ccccc2)CC1,6.04
ZINC000103288537,CN1CCN(CCOc2ccc(Br)cc2Br)CC1,5.84
ZINC000103288540,CN[C@@H](C)COc1cccc(Cl)c1Cl,5.61
ZINC000103288542,CN[C@H](C)COc1cccc(Cl)c1Cl,5.61
ZINC000103288544,CN[C@@H](C)COc1ccc(Cl)cc1Cl,5.38
ZINC000103288546,CN[C@H](C)COc1ccc(Cl)cc1Cl,5.38
ZINC000116695499,CNc1nc(C(F)(F)c2ccccc2)nc2c1CCNCC2,6.21
ZINC000118595483,Cc1ccc2c(N3CCN(CCc4ccc5c(c4)NC(=O)CO5)C[C@H]3C)cccc2n1,8.7
ZINC000140510647,CN1CC[C@H]2[C@@H](C1)c1cccc3c1N2c1ccccc1CS3,6.5
ZINC000140512435,CN1CC[C@@H]2[C@@H](C1)c1cccc3c1N2c1ccccc1CS3,6.5
ZINC000169355587,C[C@H]1CN(c2cccc3cc(F)ccc23)CCN1CC[C@@H]1OCC2=CC(C(N)=O)=CC[C@@H]21,6.94
ZINC000169737782,N[C@H]1C[C@@H](c2c[nH]c3ccc(C[C@H]4COC(=O)N4)cc23)C1,7.74
ZINC000194874761,COc1cccc2c1[C@H]1CCN(CCNC(=O)c3ccc(F)cc3)C[C@H]1C2,6.05
ZINC000194875370,COc1cccc2c1[C@H]1CCN(CCCCN3C(=O)c4ccccc4S3(=O)=O)C[C@H]1C2,6.49
ZINC000247749760,CO[C@H]1C[C@@H](O[C@H]2C[C@H]([C@H]3O[C@](C)(O)[C@H](C)C[C@@H]3C)O[C@H]2[C@]2(C)CC[C@H]([C@]3(C)CC[C@]4(C[C@H](O)[C@@H](C)[C@@H]([C@@H](C)[C@@H]5O[C@](O)(CC(=O)O)[C@@H](C)[C@H](OC)[C@H]5OC)O4)O3)O2)O[C@@H](C)[C@@H]1OC,8.87
ZINC000253632927,COc1cccc2c1[C@@H]1CCN(CCCCN3C(=O)[C@@H]4[C@H]5C=C[C@@H]([C@@H]6C=C[C@@H]65)[C@H]4C3=O)C[C@@H]1C2,5.88
ZINC000253632929,COc1cccc2c1[C@@H]1CCN(CCCCN3C(=O)[C@@H]4[C@H]5C=C[C@@H]([C@@H]6C=C[C@@H]65)[C@H]4C3=O)C[C@H]1C2,5.88
ZINC000253632931,COc1cccc2c1[C@@H]1CCN(CCCCN3C(=O)[C@H]4[C@H]5C=C[C@@H]([C@H]6C=C[C@H]65)[C@H]4C3=O)C[C@@H]1C2,5.88
ZINC000253632932,COc1cccc2c1[C@@H]1CCN(CCCCN3C(=O)[C@H]4[C@H]5C=C[C@@H]([C@H]6C=C[C@H]65)[C@H]4C3=O)C[C@H]1C2,5.88
ZINC000253634135,CCCN(CCCCN1C(=O)[C@@H]2CCC[C@H]2C1=O)[C@H]1COc2cccc(OC)c2C1,5.0
ZINC000253634137,CCCN(CCCCN1C(=O)[C@@H]2CCC[C@H]2C1=O)[C@@H]1COc2cccc(OC)c2C1,5.0
ZINC000253660117,C[C@@H]1CC(N2CCN([C@H]3CCc4ccc(OCc5noc(-c6ccc(Cl)cc6)n5)cc43)CC2)C[C@H]1C,6.38
ZINC000253660119,C[C@H]1C[C@H](N2CCN([C@H]3CCc4ccc(OCc5noc(-c6ccc(Cl)cc6)n5)cc43)CC2)C[C@H]1C,6.38
ZINC000253660121,C[C@H]1C[C@H](N2CCN([C@@H]3CCc4ccc(OCc5noc(-c6ccc(Cl)cc6)n5)cc43)CC2)C[C@H]1C,6.38
ZINC000253663233,CN(C)[C@@H]1C[C@@H](c2c[nH]c3ccc(C(=O)NCc4ccccc4)cc23)C1,6.5
ZINC000253679971,CN(C)[C@@H]1C[C@@H](c2c[nH]c3ccc(CC(N)=O)cc23)C1,5.87
ZINC000253682293,Cc1noc(-c2ccc3[nH]cc([C@@H]4C[C@@H](N(C)C)C4)c3c2)n1,6.08
ZINC000253713692,CN(C)[C@@H]1C[C@@H](c2c[nH]c3ccc(C(N)=O)cc23)C1,7.35
ZINC000253839110,CN(C)[C@@H]1C[C@@H](c2c[nH]c3ccc(CC(=O)NCc4ccccc4)cc23)C1,6.58
ZINC000253917840,Cc1noc(Cc2ccc3[nH]cc([C@@H]4C[C@@H](N(C)C)C4)c3c2)n1,5.82
ZINC000254085917,O[C@@]12[C@@H]3[C@H]4C[C@H]5[C@@H]6[C@@H]4[C@@H]1[C@@H]6[C@@H]([C@H]53)N2CCc1ccccn1,6.02
ZINC000254085918,O[C@]12[C@H]3[C@@H]4[C@@H]5[C@@H]6C[C@@H]([C@H]53)[C@@H]1[C@@H]6[C@H]4N2CCc1ccccn1,6.02
ZINC000254085919,O[C@@]12[C@@H]3[C@H]4C[C@@H]5[C@@H]3[C@H]([C@@H]3[C@H]5[C@@H]4[C@H]31)N2CCc1ccccn1,6.02
ZINC000254085920,O[C@@]12[C@@H]3[C@H]4C[C@@H]5[C@@H]3[C@H]([C@H]3[C@H]5[C@@H]4[C@H]31)N2CCc1ccccn1,6.02
ZINC000254124481,N[C@H]1C[C@H](c2c[nH]c3ccc(C[C@@H]4COC(=O)N4)cc23)C1,7.74
ZINC000254124551,CN(C)[C@@H]1C[C@@H](c2c[nH]c3ccc(C[C@H]4COC(=O)N4)cc23)C1,6.95
ZINC000254124556,CN(C)[C@@H]1C[C@@H](c2c[nH]c3ccc(C[C@@H]4COC(=O)N4)cc23)C1,6.95
ZINC000254133735,COc1cccc(CCN2[C@H]3[C@@H]4[C@H]5C[C@@H]6[C@@H]4[C@]2(O)[C@@H]2[C@H]6[C@@H]5[C@@H]32)c1,5.2
ZINC000254133736,COc1cccc(CCN2[C@H]3[C@@H]4[C@H]5C[C@H]6[C@@H]7[C@@H]5[C@@H]3[C@@H]7[C@@]2(O)[C@H]64)c1,5.2
ZINC000254133737,COc1cccc(CCN2[C@@H]3[C@H]4[C@@H]5[C@@H]6[C@@H]7C[C@H]([C@@H]3[C@@H]7[C@]52O)[C@H]64)c1,5.2
ZINC000254133738,COc1cccc(CCN2[C@H]3[C@@H]4[C@H]5C[C@@H]6[C@@H]4[C@]2(O)[C@H]2[C@H]6[C@@H]5[C@@H]32)c1,5.2
ZINC000257971626,CN(C)[C@@H]1C[C@@H](c2c[nH]c3ccc(CCN4C(=O)NC(C)(C)C4=O)cc23)C1,5.92
ZINC000258016980,CC1(C)NC(=O)N(CCc2ccc3[nH]cc([C@H]4C[C@H](N)C4)c3c2)C1=O,5.95
ZINC000261100518,O[C@@]12[C@@H]3[C@H]4C[C@H]5[C@@H]6[C@@H]4[C@@H]1[C@@H]6[C@@H]([C@H]53)N2CCc1cccnc1,5.15
ZINC000261100524,O[C@]12[C@H]3[C@@H]4[C@@H]5[C@@H]6C[C@@H]([C@H]53)[C@@H]1[C@@H]6[C@H]4N2CCc1cccnc1,5.15
ZINC000261100528,O[C@@]12[C@@H]3[C@H]4C[C@@H]5[C@@H]3[C@H]([C@@H]3[C@H]5[C@@H]4[C@H]31)N2CCc1cccnc1,5.15
ZINC000261100532,O[C@@]12[C@@H]3[C@H]4C[C@@H]5[C@@H]3[C@H]([C@H]3[C@H]5[C@@H]4[C@H]31)N2CCc1cccnc1,5.15
ZINC000299805851,Cc1nc(Cc2ccc3[nH]cc([C@@H]4C[C@@H](N(C)C)C4)c3c2)n[nH]1,5.41
ZINC000299845159,CN(C)[C@@H]1C[C@@H](c2c[nH]c3ccc(CCN4C(=O)c5ccccc5C4=O)cc23)C1,6.69
ZINC000299845841,CN(C)[C@@H]1C[C@@H](c2c[nH]c3ccc(Oc4ccccc4)cc23)C1,7.01
ZINC000299845859,CNS(=O)(=O)Cc1ccc2[nH]cc([C@@H]3C[C@@H](N(C)C)C3)c2c1,6.56
ZINC000299845860,N[C@H]1C[C@H](c2c[nH]c3ccc(Oc4ccccc4)cc23)C1,8.02
ZINC000299845944,CN(C)[C@@H]1C[C@@H](Cc2c[nH]c3ccc(C[C@H]4COC(=O)N4)cc23)C1,6.85
ZINC000299846385,CN(C)[C@@H]1C[C@@H](c2c[nH]c3ccc(CN4C(=O)NC(C)(C)C4=O)cc23)C1,5.42
ZINC000299846486,CN(C)[C@@H]1C[C@@H](c2c[nH]c3ccc(C[C@H]4COC(=O)N4C)cc23)C1,7.01
ZINC000299846487,CN(C)[C@@H]1C[C@@H](c2c[nH]c3ccc(C[C@@H]4COC(=O)N4C)cc23)C1,7.01
ZINC000299846934,CN[C@@H]1C[C@@H](c2c[nH]c3ccc(C[C@H]4COC(=O)N4)cc23)C1,7.49
ZINC000299846936,CN[C@@H]1C[C@@H](c2c[nH]c3ccc(C[C@@H]4COC(=O)N4)cc23)C1,7.49
ZINC000299847083,CN(C)[C@@H]1C[C@@H](c2c[nH]c3ccc(CN4C(=O)CNC4=O)cc23)C1,5.2
ZINC000299849934,CN1CC[C@@H]2[C@H](C1)c1cccc3c1N2c1ccccc1CS3,6.5
ZINC000299849935,CN1CC[C@H]2[C@H](C1)c1cccc3c1N2c1ccccc1CS3,6.5
CHEMBL103503,CN1CCC(c2c[nH]c3cnc(NC(=O)c4ccc(F)cc4)cc23)CC1,7.1
CHEMBL105970,COc1ccc(NC(=O)N2CCN(c3ccccc3C)CC2)cc1N1CCN(C)CC1.O=C(O)/C=C/C(=O)O,8.64
CHEMBL106807,Cc1ccccc1N1CCN(C(=O)COc2ccc(Cl)c(N3CCN(C)CC3)c2)CC1.O=C(O)/C=C/C(=O)O,7.96
CHEMBL107487,CCCCCCCCCOc1ccc2[nH]cc(CC(C)N)c2c1,7.28
CHEMBL107772,Cc1ccccc1N1CCN(C(=O)Oc2ccc(Cl)c(N3CCN(C)CC3)c2)CC1.O=C(O)/C=C/C(=O)O,6.82
CHEMBL108337,COc1ccc2[nH]c3c(c2c1)CC(N)CC3,6.47
CHEMBL108645,COc1ccc(N2CCN(C(=O)Nc3ccc(OC)c(N4CCN(C)CC4)c3)CC2)cc1.O=C(O)/C=C/C(=O)O,8.08
CHEMBL108722,COc1cccc(N2CCN(C(=O)Nc3ccc(OC)c(N4CCN(C)CC4)c3)CC2)c1.O=C(O)/C=C/C(=O)O,8.1
CHEMBL108818,CCCCCCOc1ccc2[nH]c3c(c2c1)CC(N)CC3,6.73
CHEMBL110601,COc1ccc(NCC(=O)N2CCN(c3ccccc3C)CC2)cc1N1CCN(C)CC1.O=C(O)/C=C/C(=O)O,7.4
CHEMBL111107,CCCCCCCCCOc1ccc2[nH]c3c(c2c1)CC(N)CC3,6.76
CHEMBL111302,COc1ccc(NC(=O)N2CCN(c3c(C)cccc3C)CC2)cc1N1CCN(C)CC1.O=C(O)/C=C/C(=O)O,8.89
CHEMBL111316,NC(=O)c1ccc2[nH]c3c(c2c1)CC(N)CC3,8.0
CHEMBL1159649,NC(=O)c1ccc2c(c1)CCO[C@@H]2CCN1CC=C(c2c[nH]c3c(F)cccc23)CC1,6.7
CHEMBL116448,CC1CCN(CC[C@H]2CCCN2S(=O)(=O)c2cccc(Br)c2)CC1,6.0
CHEMBL12624,Cc1cccc(S(=O)(=O)N2CCC[C@@H]2CCN2CCC(C)CC2)c1,5.8
CHEMBL146942,NCCCC1(CCCN)CCc2cccc(O)c2C1,6.5
CHEMBL147077,CNC(=O)C1=C(C)NC(C)=C(C(=O)NCCCN2CCC(C(=O)OC)(c3ccccc3)CC2)C1c1ccc([N+](=O)[O-])cc1,5.58
CHEMBL158627,CS(=O)(=O)Oc1ccc2c(c1)CN(CC[C@H]1CC[C@H](NC(=O)/C=C/c3ccc(F)cc3)CC1)C2,5.3
CHEMBL1642882,Cl.O=S(=O)(c1cccc(Cl)c1)c1n[nH]c2ccc(NC3CCNCC3)cc12,5.78
CHEMBL1642886,CC(C)c1ccc(S(=O)(=O)c2n[nH]c3ccc(NC4CCNCC4)cc23)cc1.Cl,5.56
CHEMBL173656,CC1CCC(C)N1CCc1c[nH]c2ccc(-c3cccs3)cc12,7.16
CHEMBL182837,Cc1cc(Br)cc(C)c1N=C1NCCN1,5.84
CHEMBL183704,Cc1cc([N+](=O)[O-])cc(C)c1NC1=NCCN1,4.99
CHEMBL187928,O=C(/C=C/c1ccccc1)N(Cc1ccc(-c2ccc(CNCCc3ccccc3)cc2)cc1)Cc1cccnc1.O=C(O)C(F)(F)F,6.2
CHEMBL188486,CN(C)CCN(Cc1ccc(-c2ccc(CNCCc3ccccc3)cc2)cc1)C(=O)/C=C/c1ccccc1.O=C(O)C(F)(F)F,6.2
CHEMBL190190,Cc1ccc2c(OCCN3CCN(Cc4cccc5cc[nH]c45)CC3)cccc2n1,6.4
CHEMBL190298,Cc1ccc2c(OCCN3CCN(Cc4cccc5[nH]cnc45)CC3)cccc2n1,7.2
CHEMBL191460,CN(C)CCN(Cc1ccc(-c2ccc(CNCCc3ccccc3)cc2)cc1)C(=O)CCC1CCCC1.O=C(O)C(F)(F)F.O=C(O)C(F)(F)F,6.5
CHEMBL191605,Cc1ccc2c(OCCN3CCN(Cc4ccc(C)c([N+](=O)[O-])c4)CC3)cccc2n1,7.1
CHEMBL191895,Cc1ccc2c(OCCN3CCN(Cc4ccc(O)c(N)c4)CC3)cccc2n1,6.6
CHEMBL191921,Cc1ccc2c(OCCN3CCN(Cc4cccc5ncccc45)CC3)cccc2n1,6.6
CHEMBL191980,Cc1ccc2c(OCCN3CCN(Cc4ccc(Cl)c(Cl)c4)CC3)cccc2n1,5.7
CHEMBL192176,Cc1ccc2c(OCCN3CCN(CN4C=CC5=CC(=O)CC=C5O4)CC3)cccc2n1,7.0
CHEMBL192536,Cc1ccc2c(OCCN3CCN(Cc4ccc(F)c([N+](=O)[O-])c4)CC3)cccc2n1,6.6
CHEMBL193268,COc1ccc(CN2CCN(CCOc3cccc4nc(C)ccc34)CC2)cc1[N+](=O)[O-],6.5
CHEMBL193616,COc1cc2c(cc1N1C[C@H](C)N[C@H](C)C1)N(C(=O)c1ccc(-c3cc(C)ncc3C)cc1)CC2,8.1
CHEMBL194610,COc1cc2c(cc1N1C[C@H](C)N(C)[C@H](C)C1)N(C(=O)c1cccc(Cl)c1)CC2,7.7
CHEMBL195114,COc1cc2c(cc1N1CCN(C)CC1)N(C(=O)c1ccc(-c3cccc(C)n3)c3ccccc13)CC2,8.7
CHEMBL195432,COc1cc2c(cc1N1CCN(C)CC1)N(C(=O)Nc1cccc(Cl)c1Cl)CC2,8.4
CHEMBL195497,COc1cc2c(cc1N1C[C@H](C)N(C)[C@H](C)C1)N(C(=O)c1ccc(-c3cccc(C)n3)c3ccccc13)CC2,8.5
CHEMBL195651,COc1cc2c(cc1N1C[C@H](C)N(C)[C@H](C)C1)N(C(=O)Cc1cccc(F)c1C(F)(F)F)CC2,8.5
CHEMBL195897,COc1cc2c(cc1N1C[C@H](C)N[C@H](C)C1)N(C(=O)c1ccc(-c3cccc(C)n3)c3ccccc13)CC2,7.3
CHEMBL195898,COc1cc2c(cc1N1C[C@H](C)N(C)[C@H](C)C1)N(C(=O)Cc1cccc(Cl)c1F)CC2,8.7
CHEMBL196600,COc1cc2c(cc1N1C[C@H](C)N(C)[C@H](C)C1)N(C(=O)Cc1cccc(C(F)(F)F)c1F)CC2,8.8
CHEMBL196666,COc1cc2c(cc1N1C[C@H](C)N[C@H](C)C1)N(C(=O)c1ccc(-c3ccc(-c4noc(C)n4)cc3C)cc1)CC2,8.5
CHEMBL196848,COc1cc2c(cc1N1C[C@H](C)N(C)[C@H](C)C1)N(C(=O)c1ccc(-c3ccccc3C)cc1)CC2,9.2
CHEMBL196951,COc1cc2c(cc1N1C[C@H](C)N[C@H](C)C1)N(C(=O)c1ccc(-c3ccc(C(C)=O)cc3C)cc1)CC2,8.5
CHEMBL197505,COc1cc2c(cc1N1C[C@H](C)N(C)[C@H](C)C1)N(C(=O)Oc1cccc(C(F)(F)F)c1F)CC2,8.6
CHEMBL200315,CN1CCc2c(sc3ncn(CCN4CCN(c5cccc6c5OCC6)CC4)c(=O)c23)C1,9.3
CHEMBL2112317,CCCN(CCCCN1C(=O)CC(C)(C)CC1=O)[C@H]1CCc2ccc3[nH]cc(C=O)c3c2C1.O,5.79
CHEMBL2112882,CC(C)C[C@H]1C(=O)N[C@@H](Cc2ccccc2)[C@]2(O)O[C@@](C)(NC(=O)[C@@H]3C=C4c5cccc6[nH]cc(c56)C[C@H]4N(C)C3)C(=O)N12,8.5
CHEMBL2113061,Cc1ccc2c(OCCN3CCN(Cc4ccc5[nH]ccc5c4)CC3)cccc2n1,6.8
CHEMBL2113097,COc1cc2c(cc1N1CCN(C)CC1)N(C(=O)Cc1cccc([N+](=O)[O-])c1)CC2,8.1
CHEMBL2113098,COc1cc2c(cc1N1C[C@H](C)N(C)[C@H](C)C1)N(C(=O)Cc1cccc([N+](=O)[O-])c1)CC2,7.8
CHEMBL2113347,Cl.N#Cc1ccc2c(c1)CN(CC[C@H]1CC[C@H](NC(=O)c3cc4ccccc4[nH]3)CC1)CC2,6.2
CHEMBL2113350,Cl.N#Cc1ccc2c(c1)CN(CC[C@H]1CC[C@H](NC(=O)/C=C/c3ccccc3)CC1)CC2,6.8
CHEMBL2113352,CS(=O)(=O)c1cccc(/C=C/C(=O)N[C@H]2CC[C@H](CCN3CCc4cc(C#N)ccc4C3)CC2)c1.Cl,5.2
CHEMBL2204360,Cc1ccc(Sc2ccccc2N2CCNCC2)c(C)c1.Cl,7.48
CHEMBL2205811,COc1cccc(CCN2C3C4C5CC6C7C5C3C7C2(O)C64)c1,5.2
CHEMBL2205816,OC12C3C4CC5C6C4C1C6C(C53)N2CCc1ccccn1,6.02
CHEMBL2205817,OC12C3C4CC5C6C4C1C6C(C53)N2CCc1cccnc1,5.15
CHEMBL225310,CCN1CCC(N(CC)c2cc(OC)cc3c(=O)cc(C(=O)Nc4ccc(N5CCOCC5)cc4)[nH]c23)C1,6.77
CHEMBL2260920,CNCCOc1cccc(Cl)c1Cl.O=C(O)C(=O)O,7.44
CHEMBL2260921,CNCCOc1ccc(Cl)cc1Cl.O=C(O)C(=O)O,5.56
CHEMBL2260922,CNCCOc1cc(Cl)ccc1Cl.O=C(O)C(=O)O,5.44
CHEMBL2260923,CNCCOc1ccc(Br)cc1Br.O=C(O)C(=O)O,5.9
CHEMBL2260924,CN1CCN(CCOc2ccc(Br)cc2Br)CC1.O=C(O)C(=O)O,5.84
CHEMBL2260925,CNC(C)COc1cccc(Cl)c1Cl.O=C(O)C(=O)O,5.61
CHEMBL2260926,CNC(C)COc1ccc(Cl)cc1Cl.O=C(O)C(=O)O,5.38
CHEMBL2260927,CNC(C)COc1cc(Cl)ccc1Cl.O=C(O)C(=O)O,5.17
CHEMBL2260928,CNC(C)COc1ccc(Br)cc1Br.O=C(O)C(=O)O,5.63
CHEMBL2260929,CNC(C)COc1c(Br)cccc1Br.O=C(O)C(=O)O,7.15
CHEMBL2260930,CNC(C)COc1cccc(Oc2ccccc2)c1.O=C(O)C(=O)O,6.12
CHEMBL2260933,CN1CCN([C@@H](COc2cccc(Cl)c2Cl)c2ccccc2)CC1.O=C(O)C(=O)O,6.08
CHEMBL2260934,CN1CCN([C@H](COc2cccc(Cl)c2Cl)c2ccccc2)CC1.O=C(O)C(=O)O,6.04
CHEMBL234447,C[C@@H]1CN(c2cccc3cc(F)ccc23)CCN1CCC1OCCc2cc(C(N)=O)ccc21,6.55
CHEMBL2368612,Cl.N#Cc1ccc2c(c1)CCN(CC[C@H]1CC[C@H](NC(=O)/C=C/c3ccccc3)CC1)C2,6.0
CHEMBL238519,Cc1ccc2c(OCCN3CCC(Cc4ccc5c(c4F)NC(=O)CO5)CC3)cc(Cl)cc2n1,5.8
CHEMBL238520,Cc1ccc2c(OCCN3CCC(Cc4cc5c(cc4F)OCC(=O)N5)CC3)cc(F)cc2n1,6.0
CHEMBL238730,Cc1ccc2c(OCCN3CCC(Cc4cc(F)c5c(c4)NC(=O)CO5)CC3)cc(F)cc2n1,6.5
CHEMBL238732,Cc1ccc2c(OCCN3CCC(Cc4cc(F)c5c(c4)NC(=O)CO5)CC3)cc(Cl)cc2n1,6.2
CHEMBL239166,Cc1ccc2c(OCCN3CCC(Cc4ccc5c(c4)NC(=O)CO5)CC3)cc(Cl)cc2n1,5.9
CHEMBL239167,Cc1ccc2c(OCCN3CCC(Cc4ccc5c(c4)NC(=O)CO5)CC3)cc(C#N)cc2n1,6.0
CHEMBL239168,Cc1ccc2c(OCCN3CCC(Cc4cc5c(cc4F)OCC(=O)N5)CC3)cccc2n1,7.7
CHEMBL239596,CC(C)N1CCN(C2CCc3ccc(OCc4noc(-c5ccc(Cl)cc5)n4)cc32)CC1,7.51
CHEMBL239598,CC1CC(N2CCN(C3CCc4ccc(OCc5noc(-c6ccc(Cl)cc6)n5)cc43)CC2)CC1C,6.38
CHEMBL241463,Cc1ccc2c(OCCN3CCC(Cc4cc(F)c5c(c4)NC(=O)CO5)CC3)cccc2n1,9.1
CHEMBL241499,Cc1ccc2c(OCCN3CCC(Cc4ccc5c(c4)NC(=O)CO5)CC3)ccc(F)c2n1,6.1
CHEMBL241500,Cc1ccc2c(OCCN3CCC(Cc4ccc5c(c4)NC(=O)CO5)CC3)ccc(Cl)c2n1,6.8
CHEMBL241503,Cc1ccc2c(OCCN3CCC(Cc4ccc5c(c4F)NC(=O)CO5)CC3)cccc2n1,8.6
CHEMBL2424668,Cl.O=C(Cc1ccc(OC2CCNCC2)cc1OCCF)N1CCC(N2C(=O)CCc3ccccc32)CC1,6.16
CHEMBL246597,Cc1ccc2c(OCCN3CCC(Cc4ccc5c(c4)N(C)C(=O)CO5)CC3)cccc2n1,8.2
CHEMBL246598,CCN1C(=O)COc2ccc(CC3CCN(CCOc4cccc5nc(C)ccc45)CC3)cc21,8.4
CHEMBL246599,CCCN1C(=O)COc2ccc(CN3CCN(CCOc4cccc5nc(C)ccc45)CC3)cc21,7.5
CHEMBL247428,Cc1ccc2c(OCCN3CCN(Cc4cc(F)c5c(c4)N(C)C(=O)CO5)CC3)cccc2n1,9.7
CHEMBL247609,Cc1ccc2c(OCCN3CCN(Cc4ccc5c(c4F)N(C)C(=O)CO5)CC3)cccc2n1,8.8
CHEMBL248229,CCCCN1C(=O)COc2ccc(CN3CCN(CCOc4cccc5nc(C)ccc45)CC3)cc21,7.5
CHEMBL248230,Cc1ccc2c(OCCN3CCN(Cc4ccc5c(c4)N(CC(C)C)C(=O)CO5)CC3)cccc2n1,7.5
CHEMBL248231,Cc1ccc2c(OCCN3CCN(Cc4ccc5c(c4)N(Cc4ccccc4)C(=O)CO5)CC3)cccc2n1,7.2
CHEMBL248407,Cc1ccc2c(OCCN3CCN(Cc4ccc5c(c4)N(CCc4ccccc4)C(=O)CO5)CC3)cccc2n1,7.6
CHEMBL248456,Cc1ccc2c(OCCN3CCC(Cc4ccc5c(c4)N(C(C)C)C(=O)CO5)CC3)cccc2n1,7.4
CHEMBL248457,Cc1ccc2c(OCCN3CCN(Cc4ccc5c(c4)NC(=O)CO5)CC3)cccc2n1,7.0
CHEMBL248458,CCN1C(=O)COc2ccc(CN3CCN(CCOc4cccc5nc(C)ccc45)CC3)cc21,7.6
CHEMBL250973,CCOc1ccc(CC(=O)N2CCc3cc(OC)c(N4C[C@H](C)N(C)[C@H](C)C4)cc32)cc1Cl,7.9
CHEMBL261917,CC(C)(C)c1ccc(S(=O)(=O)Nc2ccc3nccc(N4CCNCC4)c3c2)cc1,5.8
CHEMBL274256,COc1cc2c(cc1N1C[C@H](C)N(C)[C@H](C)C1)N(C(=O)c1ccc(-c3ccc(-c4noc(C)n4)cc3C)cc1)CC2,8.3
CHEMBL275854,CC(N)Cc1c[nH]c2ccc(O)cc12,6.6
CHEMBL282199,CC1CCN(CC[C@H]2CCCN2S(=O)(=O)c2cccc(O)c2)CC1,6.0
CHEMBL282971,COc1ccc(NS(=O)(=O)c2sc3ccc(Cl)cc3c2C)cc1N1CCN2CCC[C@@H]2C1,6.2
CHEMBL292759,COc1ccc(NS(=O)(=O)c2ccc(Br)cc2)cc1N1CCN(C)CC1,6.4
CHEMBL29410,COc1ccc(NS(=O)(=O)c2sc3ccc(Cl)cc3c2C)cc1N1CCN2CCCCC2C1,5.4
CHEMBL29433,COc1ccc(NS(=O)(=O)c2sc3ccc(Cl)cc3c2C)cc1N1CCN2CCC[C@H]2C1,6.2
CHEMBL29846,COc1ccc(NS(=O)(=O)c2sc3ccc(Cl)cc3c2C)cc1N1CCN(C)CC1,6.1
CHEMBL29951,CCCN(CCC)C1CCc2cccc(OCCCCCCOc3cccc4c3CC(N(CCC)CCC)CC4)c2C1,8.19
CHEMBL302263,CCCN(CCC)C1CCc2ccc3[nH]cc(C(=O)C(F)(F)F)c3c2C1,6.55
CHEMBL302373,CCCNC1CCc2cc(F)ccc2C1,5.82
CHEMBL303269,CCCN(CCC)C1CCc2ccc3[nH]cc(S(C)(=O)=O)c3c2C1,6.43
CHEMBL303921,CCCN(CCCOc1cccc(Cl)c1)C1CCc2ccc3[nH]cc(C=O)c3c2C1,6.73
CHEMBL304426,CCCN(CCC)C1CCc2ccc3[nH]cc(C=O)c3c2C1,6.44
CHEMBL304767,CCCN(CCc1ccccc1)C1CCc2ccc3[nH]cc(C=O)c3c2C1,7.25
CHEMBL304984,C=CCN(CCC)C1CCc2ccc3[nH]cc(C=O)c3c2C1,7.31
CHEMBL305743,CCCN(CCC)C1CCc2cc(F)c3[nH]ccc3c2C1,6.67
CHEMBL305837,CCCN(CCCc1ccccc1OC)C1CCc2ccc3[nH]cc(C=O)c3c2C1,7.96
CHEMBL305976,CCCNC1CCc2ccc3[nH]ccc3c2C1,6.32
CHEMBL306197,CCCN(CCCc1ccccc1OC)C1CCc2ccc3[nH]ccc3c2C1,7.4
CHEMBL30713,CC(N)Cc1c[nH]c2ccccc12,6.3
CHEMBL310744,NC(=O)c1ccc2c(c1)CCOC2CCN1CCN(c2c[nH]c3cc(F)ccc23)CC1,6.51
CHEMBL312525,CCCNC1CCc2ccc3[nH]cc(C=O)c3c2C1,6.64
CHEMBL316081,Cc1c(S(=O)(=O)Nc2ccc3nccc(N4CCN(C)CC4)c3c2)sc2ccc(Cl)cc12,6.3
CHEMBL318018,Cc1sc2ccc(Cl)cc2c1S(=O)(=O)Nc1ccc2nccc(N3CCNCC3)c2c1,6.3
CHEMBL3217984,CN1CCC2C(C1)c1cccc3c1N2c1ccccc1CS3,6.5
CHEMBL321818,Cc1ccccc1N1CCN(C(=O)COc2ccc3[nH]cc(CCN)c3c2)CC1.O=C(O)/C=C/C(=O)O,9.1
CHEMBL323705,CN1CCC[C@@H]1Cc1c[nH]c2ccc(C3=CCN(/C(S)=N/C45C[C@H]6C[C@@H](C4)C[C@@H](C5)C6)CC3)cc12,7.41
CHEMBL323986,COc1ccc(NC(=O)N2CCN(c3ccc(C)cc3C)CC2)cc1N1CCN(C)CC1.O=C(O)/C=C/C(=O)O,8.74
CHEMBL325131,COc1ccc(NC(=O)N2CCN(c3ccccc3)CC2)cc1N1CCN(C)CC1.O=C(O)/C=C/C(=O)O,7.75
CHEMBL325359,COc1ccc(NC(=O)N2CCN(c3cccc4c3CCCC4)CC2)cc1N1CCN(C)CC1.O=C(O)/C=C/C(=O)O,9.3
CHEMBL332484,CN1CCC[C@@H]1Cc1c[nH]c2ccc(C3=CCN(C(=O)NC45C[C@H]6C[C@@H](C4)C[C@@H](C5)C6)CC3)cc12,7.96
CHEMBL333784,CC1CCN(CC[C@H]2CCCN2S(=O)(=O)c2ccc(Cl)c(Cl)c2)CC1,5.8
CHEMBL339308,COc1ccc(NC(=O)c2ccc(-c3ccc(C4=NC(C)ON4)cc3C)cc2)cc1N1CCN(C)CC1,9.85
CHEMBL3609140,CCCOc1c(OC)cc2c3c1-c1cc4c(cc1CC3N(C)CC2c1ccccc1)OCO4,5.79
CHEMBL3609143,COc1cc2c3c(c1OCC1CC1)-c1cc4c(cc1CC3N(C)CC2c1ccccc1)OCO4,5.61
CHEMBL362992,Cc1ccc2c(OCCN3CCN(Cc4cccc5ncncc45)CC3)cccc2n1,6.5
CHEMBL363413,Cc1ccc2c(OCCN3CCN(Cc4cc(Cl)ccc4Cl)CC3)cccc2n1,6.2
CHEMBL364056,COc1cc2c(cc1N1C[C@H](C)N[C@H](C)C1)N(C(=O)c1ccc(-c3ccc(-c4ncccn4)cc3C)cc1)CC2,8.3
CHEMBL364495,Cc1ccc2c(OCCN3CCN(Cc4ccc(Cl)c([N+](=O)[O-])c4)CC3)cccc2n1,6.7
CHEMBL365810,Cc1ccc2c(OCCN3CCN(Cc4ccc(O)c([N+](=O)[O-])c4)CC3)cccc2n1,6.4
CHEMBL370214,COc1cc2c(cc1N1C[C@H](C)N(C)[C@H](C)C1)N(C(=O)Nc1cccc(C(F)(F)F)c1Cl)CC2,8.6
CHEMBL3706923,C[C@H]1CN(c2cccc3cc(F)ccc23)CCN1CC[C@@H]1OCc2cc(C(N)=O)ccc21,6.94
CHEMBL3706925,C[C@H]1CN(c2cccc3cc(C#N)ccc23)CCN1CC[C@H]1OCc2cc(C(N)=O)ccc21,7.06
CHEMBL370896,COc1cc2c(cc1N1C[C@H](C)N(C)[C@H](C)C1)N(C(=O)c1cccc(Cl)c1Cl)CC2,7.9
CHEMBL371655,CCCN1[C@@H](C)CN(c2cc3c(cc2OC)CCN3C(=O)c2ccc(-c3cccc(C)n3)c3ccccc23)C[C@H]1C,7.5
CHEMBL372731,COc1cc2c(cc1N1C[C@H](C)N(C)[C@H](C)C1)N(C(=O)Oc1cccc(C(F)(F)F)c1Cl)CC2,8.6
CHEMBL3752900,C=CCN(CC=C)CCc1c[nH]c2ccc(Cl)cc12,6.05
CHEMBL3753318,C=CCN(CC=C)CCc1c[nH]c2ccc(C)cc12,5.87
CHEMBL3754166,C=CCN(CC=C)CCc1c[nH]c2ccc(Br)cc12,6.02
CHEMBL3754496,C=CCN(CC=C)CCc1c[nH]c2ccc(F)cc12,5.75
CHEMBL3763779,COc1ccccc1N1CCN(CCCCC(=O)n2c3ccccc3c3ccccc32)CC1.Cl,5.43
CHEMBL3764650,COc1ccccc1N1CCN(CCCCCC(=O)n2c3ccccc3c3ccccc32)CC1.Cl,6.07
CHEMBL3770981,CCOC(=O)c1cccc(NC2=NC(N(C)C)=NC3(CCCCC3)N2)c1,5.01
CHEMBL381035,COc1cc2c(cc1N1C[C@H](C)N(C)[C@H](C)C1)N(C(=O)Nc1cccc(Cl)c1F)CC2,8.1
CHEMBL391033,Cc1ccc2c(OCCN3CCC(Cc4ccc5c(c4)NC(=O)CO5)CC3)c(F)ccc2n1,7.5
CHEMBL391661,Cc1ccc2c(OCCN3CCC(Cc4cc5c(cc4F)OCC(=O)N5)CC3)cc(Cl)cc2n1,5.7
CHEMBL392770,OCC1(N2CCN(C3CCc4ccc(OCc5noc(-c6ccc(Cl)cc6)n5)cc43)CC2)CCCC1,5.83
CHEMBL393539,Cc1ccc2c(OCCN3CCC(Cc4ccc5c(c4F)NC(=O)CO5)CC3)cc(F)cc2n1,6.4
CHEMBL399704,COc1cc2c(cc1N1C[C@H](C)N(C)[C@H](C)C1)N(S(=O)(=O)c1cccc(Br)c1)CC2,5.7
CHEMBL399719,Cc1ccc2c(OCCN3CCN(Cc4ccc5c(c4)N(C)C(=O)CO5)CC3)cccc2n1,8.1
CHEMBL402143,COc1c(OCCF)cccc1C(O)C1CCN(CCc2ccc(F)cc2)CC1,5.73
CHEMBL413105,CN(C)C1CCc2ccc3[nH]ccc3c2C1,6.57
CHEMBL4163428,CN1CCN(c2ccc3c(c2)CN(C(=O)OCc2ccccc2)C3)CC1,5.84
CHEMBL4169689,CCOC(=O)CCN1CCN(c2ccc3c(c2)CN(C(=O)OCc2ccccc2)CC3)CC1,5.61
CHEMBL420191,CCCN(Cc1ccccc1)C1CCc2ccc3[nH]cc(C=O)c3c2C1,6.0
CHEMBL420748,CCCN(CCCOc1cccc(Cl)c1)C1CCc2ccc3[nH]ccc3c2C1,6.61
CHEMBL423127,CCCN(CCCCN1C(=O)CC(C)(C)CC1=O)C1CCc2ccc3[nH]cc(C=O)c3c2C1,6.94
CHEMBL424837,COc1cc2c(cc1N1C[C@H](C)N(C)[C@H](C)C1)N(C(=O)Nc1cccc(C(F)(F)F)c1F)CC2,8.4
CHEMBL425919,COc1cc2c(cc1N1C[C@H](C)N[C@H](C)C1)N(C(=O)c1ccc(-c3ccc(N4CCCC4=O)nc3C)cc1)CC2,8.3
CHEMBL4282117,O=C(NCCc1c[nH]c2ccccc12)C1CCN(C(=O)c2ccccc2)CC1,5.12
CHEMBL4285281,COc1cc2c3c(c1OC)-c1ccccc1[C@@H](O)[C@@H]3NCC2,5.92
CHEMBL4292326,O=C(NCCc1c[nH]c2ccccc12)C1CCN(C(=O)c2ccc(-c3ccccc3)cc2)CC1,5.47
CHEMBL4292719,O=C(NCc1ccccc1)C1CCN(C(=O)c2ccc(-c3ccccc3)cc2)CC1,5.07
CHEMBL430500,COc1ccc(NC(=O)N2CCN(c3ccccc3OC)CC2)cc1N1CCN(C)CC1.O=C(O)/C=C/C(=O)O,8.7
CHEMBL431298,COc1ccc(NS(=O)(=O)c2sc3ccc(Cl)cc3c2C)cc1N1CCNCC1,6.1
CHEMBL432713,O=C(/C=C/c1ccc(Cl)c(Cl)c1)NCCCCCN1CCC(c2c[nH]c3ccc(O)cc23)CC1,7.9
CHEMBL434355,CCN1[C@@H](C)CN(c2cc3c(cc2OC)CCN3C(=O)c2ccc(-c3cccc(C)n3)c3ccccc23)C[C@H]1C,8.4
CHEMBL435936,COc1cc2c(cc1N1C[C@H](C)N(C)[C@H](C)C1)N(C(=O)Nc1cccc(Cl)c1Cl)CC2,8.1
CHEMBL441256,CCCN(CCC)C1CCc2cc(F)c3[nH]cc(C=O)c3c2C1,7.09
CHEMBL441259,NC(=O)c1ccc2c(c1)CCOC2CCN1CC=C(c2[nH]nc3cc(F)ccc23)CC1,6.68
CHEMBL443060,CCN1C(=O)COc2ccc(CN3CCN(CCOc4cccc5nc(C)ccc45)CC3)c(F)c21,8.8
CHEMBL444843,NC(=O)c1ccc2c(c1)CCOC2CCN1CCC(c2nsc3cc(F)ccc23)CC1,6.7
CHEMBL467094,COc1cc2c3c(c1OC)-c1cc4c(cc1CC3N(C)CC2)OCO4,7.0
CHEMBL472117,FC(F)(F)c1nc2c(N3CCN(CCOc4cccc5nc(C(F)(F)F)[nH]c45)CC3)cccc2[nH]1,7.22
CHEMBL473186,CC(C)c1cc(-c2ccc(F)c3ccccc23)nc(N)n1,9.5
CHEMBL476839,COc1c(OCCF)cccc1C(O)C1CCN(CCc2ccc(C)cc2)CC1,5.31
CHEMBL484216,Cc1ccc2c(OCC(C)N3CCC(Cc4ccc5c(c4)NC(=O)CO5)CC3)cccc2n1,7.4
CHEMBL484386,Cc1ccc2c(OC(C)CN3CCC(Cc4ccc5c(c4)NC(=O)CO5)CC3)cccc2n1,6.7
CHEMBL495705,Cc1ccc2c(N3CCN(CCc4ccc5c(c4)NC(=O)CO5)CC3C)cccc2n1,8.7
CHEMBL500,CC(C)NCC(O)COc1cccc2[nH]ccc12,5.58
CHEMBL520129,O=C(Nc1ccc2cnn(S(=O)(=O)c3cccc4ccccc34)c2c1)C1CCCNC1,5.75
CHEMBL542139,COc1ccc(NS(=O)(=O)c2sc3ccc(Cl)cc3c2C)cc1N1CCNCC1.Cl,6.1
CHEMBL552599,Cl.O=C(/C=C/c1c[nH]c2ccccc12)NCCCCN1CCc2ccc(OS(=O)(=O)C(F)(F)F)cc2C1,7.0
CHEMBL553591,Cl.N#Cc1ccc2c(c1)CN(CCCCNC(=O)/C=C/c1c[nH]c3ccccc13)CC2,6.8
CHEMBL56,CCCN(CCC)C1CCc2cccc(O)c2C1,6.25
CHEMBL582877,CC1(C)N=C(N)N=C(Nc2cccc(Br)c2)N1,5.82
CHEMBL601013,COC1(c2ccc(NC(=O)C3CCc4cc(F)cc(-c5c(C)nn(C)c5C)c4O3)cn2)CCOCC1,9.02
CHEMBL65196,CCCN(CCC)C1CCc2ccc3[nH]ccc3c2C1,6.46
CHEMBL69562,CCCN(CCC)C1CCc2ccc3[nH]cc(C)c3c2C1,6.1
CHEMBL69943,CCCN(CCCCN1C(=O)CC(C)(C)CC1=O)C1CCc2ccc3[nH]ccc3c2C1,6.65
CHEMBL70431,CCCN(CCC)C1CCc2ccc3[nH]cc(C(=O)C(N)=O)c3c2C1,6.26
CHEMBL70589,CCCN(CCC)C1CCc2ccc3[nH]cc(C#N)c3c2C1,7.42
CHEMBL70606,CCCN(Cc1ccccc1)C1CCc2ccc3[nH]ccc3c2C1,5.34
CHEMBL70680,CCCN(CCCc1ccccc1)C1CCc2ccc3[nH]cc(C=O)c3c2C1,7.96
CHEMBL70882,CCCN(CCC)C1CCc2cc(F)c3c(ccn3C)c2C1,5.78
CHEMBL70980,c1ccc(CCCNCC2CCc3ccc4[nH]ccc4c3C2)cc1,6.64
CHEMBL71091,CCCN(CCC)C1CCc2ccc3c(c2C1)CC(=O)N3,6.71
CHEMBL71299,CCCN(CCC)C1CCc2ccc3c(c(C=O)cn3C)c2C1,6.36
CHEMBL71319,CCCN(CCC)C1CCc2cc(F)c3c(c(C=O)cn3C)c2C1,6.21
CHEMBL71395,CCCN(CCC)C1CCc2ccc3[nH]cc(C(C)=O)c3c2C1,6.23
CHEMBL71469,CCCN(C)C1CCc2ccc3[nH]cc(C=O)c3c2C1,6.96
CHEMBL71474,CCCN(CCC)C1CCc2cc(F)c3[nH]cc(C#N)c3c2C1,6.92
CHEMBL71640,CCCN(CC1CC1)C1CCc2ccc3[nH]cc(C=O)c3c2C1,6.71
CHEMBL71663,CCCc1c[nH]c2c(F)cc3c(c12)CC(N(CCC)CCC)CC3,6.75
CHEMBL71676,CCCN(CCC)C1CCc2c(ccc(F)c2N)C1,5.69
CHEMBL71707,O=C(/C=C/c1ccc(Cl)c(Cl)c1)N[C@H]1CC[C@@H](CN2[C@H]3CC[C@@H]2C[C@@H](c2c[nH]c4ccc(O)cc24)C3)CC1,6.0
CHEMBL71899,CCCN(CCC)C1CCc2ccc3[nH]cc(CC(F)(F)F)c3c2C1,6.39
CHEMBL72062,CCCN(CCc1cccs1)C1CCc2ccc3[nH]cc(C=O)c3c2C1,7.34
CHEMBL72285,CCCN(CCc1ccccc1)C1CCc2ccc3[nH]ccc3c2C1,6.6
CHEMBL79674,NC(=O)c1ccc2c(c1)CCOC2CCN1CCC(c2c[nH]c3cc(F)ccc23)CC1,6.88
CHEMBL79693,NC(=O)c1ccc2c(c1)CCOC2CCN1CCC(c2cccc3ccccc23)CC1,7.14
CHEMBL79725,NC(=O)c1ccc2c(c1)CCOC2CCN1CCC(c2c[nH]c3cc(F)ccc23)C1,7.02
CHEMBL79853,NC(=O)c1ccc2c(c1)CCOC2CCN1CC=C(c2noc3cc(F)ccc23)CC1,6.81
CHEMBL81191,NC(=O)c1ccc2c(c1)CCOC2CCN1CC=C(c2cccc3ccccc23)CC1,6.82
CHEMBL81703,NC(=O)c1ccc2c(c1)CCOC2CCN1CC=C(c2csc3cc(F)ccc23)CC1,6.73
CHEMBL82488,NC(=O)c1ccc2c(c1)CCOC2CCN1CC=C(c2coc3cc(F)ccc23)CC1,6.81
CHEMBL83617,NC(=O)c1ccc2c(c1)CCOC2CCN1CC=C(c2c[nH]c3cc(F)ccc23)CC1,6.69
CHEMBL83732,NC(=O)c1ccc2c(c1)CCOC2CCN1CC=C(c2cccc3ccc(F)cc23)CC1,6.68
CHEMBL84171,COc1ccc2[nH]cc(C3=CCN(CCC4OCCc5cc(C(N)=O)ccc54)CC3)c2c1,6.5
CHEMBL94984,CC1CCN(CC[C@H]2CCCN2S(=O)(=O)c2cccc3ccccc23)CC1,5.4
CHEMBL95104,O=S(=O)(c1ccc2cc[nH]c2c1)N1CCC[C@@H]1CCN1CCC(Oc2ccc(Cl)cc2)CC1,6.2
CHEMBL95823,Cc1c(S(=O)(=O)Nc2ccc3nccc(N4CCN[C@@H](C)C4)c3c2)sc2ccc(Cl)cc12,5.6
CHEMBL97158,Cc1c(S(=O)(=O)Nc2ccc3nccc(N4CCNCC4)c3c2)sc2ccc(Cl)cc12,5.7
CHEMBL97211,Cc1cc(N2CCNCC2)c2cc(NS(=O)(=O)c3sc4ccc(Cl)cc4c3C)ccc2n1,5.9
CHEMBL97333,CN1CCC(CCN2CCC(c3cn(-c4ccc(F)cc4)c4ccc(-c5ncn(C)n5)cc34)CC2)C1=O,7.0
CHEMBL97596,O=S(=O)(Nc1ccc2nccc(N3CCNCC3)c2c1)c1ccc2c(Cl)cccc2c1,6.2
CHEMBL97637,O=S(=O)(Nc1ccc2nccc(N3CCNCC3)c2c1)c1ccc(-c2ccccc2)cc1,6.5
CHEMBL98965,CCc1c(S(=O)(=O)Nc2ccc3nccc(N4CCNCC4)c3c2)sc2ccc(Cl)cc12,5.5
ZINC000001529109,CNCCOc1ccccc1,5.22
ZINC000013776458,CNCCCOc1ccccc1,5.51
ZINC000000120144,NCCc1c[nH]c2ccccc12,7.44
ZINC000000057058,NCCc1c[nH]c2ccc(O)cc12,8.96
ZINC000013779794,Oc1cccc(CC2=NCCN2)c1,5.43
ZINC000009246074,CNCCOc1cccc(C)c1C,6.5
ZINC000000200993,CCc1ccc2[nH]cc(CCN)c2c1,8.11
ZINC000013779795,COc1cccc(CC2=NCCN2)c1,5.79
ZINC000000057163,COc1ccc2[nH]cc(CCN)c2c1,8.46
ZINC000005876462,NCCOc1cccc2ccccc12,7.0
ZINC000013779800,CC(C)c1ccc(CC2=NCCN2)cc1,5.56
ZINC000013779802,Cc1cc(C)c(CC2=NCCN2)c(C)c1,5.46
ZINC000013779804,Cc1cc(Br)cc(C)c1CC1=NCCN1,5.8
ZINC000000000870,CC(=O)c1ccc2[nH]cc(CCN)c2c1,8.13
ZINC000013779796,Cc1ccc(O)c(C)c1CC1=NCCN1,5.24
ZINC000013779797,Cc1ccc(CC2=NCCN2)c(C)c1O,5.7
ZINC000002844549,CNCCOc1cccc2ccccc12,7.59
ZINC000013776461,NCCCOc1cccc2ccccc12,6.54
ZINC000002539822,Clc1cc(I)cc(Cl)c1N=C1NCCN1,5.7
ZINC000019425860,Cc1cc(C(C)(C)C)cc(C)c1CC(=N)N,6.22
ZINC000003798324,CN(C)[C@@H]1CCc2ccc3[nH]ccc3c2C1,6.64
ZINC000002516045,c1ccc2c(N3CCNCC3)cccc2c1,8.0
ZINC000013745601,CCc1ccc2[nH]cc(CCN(C)C)c2c1,8.26
ZINC000013779792,CC(C)(C)c1ccc(CC2=NCCN2)cc1,5.17
ZINC000013776478,CC(C)NCCOc1cccc2[nH]ccc12,5.95
ZINC000013745590,CCCOc1ccc2[nH]cc(CCN)c2c1,8.34
ZINC000002518841,CN(C)CCOc1cccc2ccccc12,7.03
ZINC000013776465,CCNCCOc1cccc2ccccc12,7.18
ZINC000002005821,CNCCc1c[nH]c2ccc(C(C)(C)C)cc12,8.72
ZINC000002599103,CC(C)c1ccc2[nH]cc(CCN(C)C)c2c1,7.85
ZINC000013779806,Cc1cc(C(C)(C)C)ccc1CC1=NCCN1,6.15
ZINC000013779803,Cc1cc(C(C)C)cc(C)c1CC1=NCCN1,7.43
ZINC000002930815,OCCNCCOc1cccc2ccccc12,6.97
ZINC000013776468,CC(C)NCCOc1cccc2ccccc12,6.92
ZINC000013776467,CCCNCCOc1cccc2ccccc12,6.7
ZINC000013776463,CN(C)CCCOc1cccc2ccccc12,6.59
ZINC000013523619,CN1CCC(c2c[nH]c3ccc(N)nc23)CC1,6.1
ZINC000029463057,Cc1ccc2[nH]cc(C[C@H]3CCCN3C)c2c1,6.93
ZINC000000022992,NCCc1c[nH]c2ccc(-c3cccs3)cc12,7.49
ZINC000003964609,C[C@H](N)Cc1c[nH]c2ccc3c(c12)CCCO3,5.48
ZINC000036467752,CN1CCC(c2c[nH]c3ccc(N)cc23)CC1,6.45
ZINC000029463834,CCc1ccc2[nH]cc(CCN3CCCC3)c2c1,5.79
ZINC000004393760,CCc1ccc2[nH]cc(C[C@H]3CCCN3C)c2c1,7.33
ZINC000027313663,COc1ccc2ccc(N3CCNCC3)cc2c1,8.7
ZINC000003798321,CN(C)[C@@H]1CCc2ccc3[nH]cc(C=O)c3c2C1,7.7
ZINC000000018635,CN[C@@H]1CCc2[nH]c3ccc(C(N)=O)cc3c2C1,7.99
ZINC000000007594,COc1ccc2[nH]cc(C3CCN(C)CC3)c2n1,6.96
ZINC000000057534,Cc1cc(C(C)(C)C)cc(C)c1CC1=NCCN1,7.89
ZINC000013745592,CCCCCOc1ccc2[nH]cc(CCN)c2c1,8.8
ZINC000013776470,CCCN(C)CCOc1cccc2ccccc12,6.12
ZINC000013776460,CC(C)NCCCOc1cccc2ccccc12,5.12
ZINC000013776464,CN(C)CCCCOc1cccc2ccccc12,6.33
ZINC000028390916,Cc1cc(C(C)(C)C)cc(C)c1NC1=NCCN1,7.92
ZINC000000026809,Cc1cc(C(C)(C)C)cc(C)c1CC1=NCCCN1,5.35
ZINC000013745605,CCC(=O)Oc1ccc2[nH]cc(CCN(C)C)c2c1,7.23
ZINC000013864767,CCOC(=O)c1[nH]c2ccccc2c1CCN(C)C,6.04
ZINC000000057435,Cc1cc(C(C)(C)C)c(O)c(C)c1CC1=NCCN1,9.52
ZINC000013776476,CCCN(C)CCOc1ccccc1C1CCCC1,6.37
ZINC000000007395,CC(C)c1ccc2[nH]cc(CCN3CCCC3)c2c1,6.33
ZINC000029406787,CC(C)c1ccc2[nH]cc(C[C@H]3CCCN3C)c2c1,7.98
ZINC000000022988,CN(C)CCc1c[nH]c2ccc(-c3ccsc3)cc12,7.77
ZINC000000022989,CN(C)CCc1c[nH]c2ccc(-c3cccs3)cc12,7.64
ZINC000013523612,CC(=O)Nc1ccc2[nH]cc(C3CCN(C)CC3)c2n1,6.57
ZINC000000010048,CC(C)(C)c1ccc2[nH]cc(CCN3CCCC3)c2c1,6.51
ZINC000029462726,CN1CCC[C@@H]1Cc1c[nH]c2ccc(C(C)(C)C)cc12,7.81
ZINC000003798326,CCCN(CCC)[C@@H]1CCc2ccc3[nH]ccc3c2C1,6.86
ZINC000000022994,CN(C)CCc1c[nH]c2ccc(-c3ccc(Cl)s3)cc12,6.52
ZINC000000022997,Cc1ccc(-c2ccc3[nH]cc(CCN(C)C)c3c2)s1,6.88
ZINC000000005895,CN(C)CCc1c[nH]c2ccc(Cn3cncn3)cc12,8.0
ZINC000013523616,CC(=O)Nc1ncc2[nH]cc(C3CCN(C)CC3)c2n1,5.54
ZINC000013523601,CC(=O)Nc1ccc2[nH]cc(C3CCN(C)CC3)c2c1,6.41
ZINC000013745607,CC(C)C(=O)Oc1ccc2[nH]cc(CCN(C)C)c2c1,7.28
ZINC000034801053,CCCCCCCOc1ccc2[nH]cc(CCN)c2c1,9.0
ZINC000040448582,C=CCN(CC=C)CCc1c[nH]c2ccc(OC)cc12,6.89
ZINC000034801066,NCCc1c[nH]c2ccc(OS(=O)(=O)C(F)(F)F)cc12,7.85
ZINC000013776471,CCCCN(CC)CCOc1cccc2ccccc12,5.96
ZINC000013776474,CCCN(C)CCCOc1ccccc1C1CCCC1,5.92
ZINC000028007546,C1=CCN(CCc2c[nH]c3ccc(-c4cccs4)cc23)C1,6.97
ZINC000028003706,c1csc(-c2ccc3[nH]cc(CCN4CCCC4)c3c2)c1,6.15
ZINC000013745609,CN(C)CCc1c[nH]c2ccc(OC(=O)C(C)(C)C)cc12,7.2
ZINC000034801060,CCCCCCCCOc1ccc2[nH]cc(CCN)c2c1,9.0
ZINC000013523762,CN1CCC(c2c[nH]c3ccc(NS(C)(=O)=O)nc23)CC1,6.21
ZINC000000023433,CCC(=O)Nc1ccc2[nH]cc(C3CCN(C)CC3)c2n1,6.14
ZINC000013741734,CCCN(CC(C)C)[C@@H]1CCc2ccc3[nH]ccc3c2C1,6.66
ZINC000013741692,CCCN(CCC)[C@@H]1CCc2cc(F)c3[nH]ccc3c2C1,6.85
ZINC000000008954,NCCc1cccc2c1ccn2S(=O)(=O)c1ccccc1,8.19
ZINC000013523773,CNC(=O)Nc1ccc2[nH]cc(C3CCN(C)CC3)c2n1,7.85
ZINC000000023516,CN(C)CCc1c[nH]c2ccc(C3=CCN(C)CC3)cc12,6.21
ZINC000013523627,CN1CCC(c2c[nH]c3ccc(OS(C)(=O)=O)nc23)CC1,7.6
ZINC000013779798,Cc1ccc(CC2=NCCN2)c(C)c1OCc1ccccc1,5.41
ZINC000003782839,CCCN(CCC)[C@@H]1CCc2ccc3[nH]cc(C=O)c3c2C1,6.68
ZINC000004845200,CN(CCOc1cccc2ccccc12)Cc1ccccc1,6.59
ZINC000013738694,CCCN(CCC)[C@@H]1CCc2ccc3[nH]cc(C#N)c3c2C1,7.59
ZINC000103224531,CN1CCc2c(c3cccc4c3n2-c2ccccc2CC4)C1,5.87
ZINC000103224535,CN1CCc2c(c3cccc4c3n2Cc2ccccc2C4)C1,6.15
ZINC000103224541,CN1CCc2c(c3cccc4c3n2CCc2ccccc2-4)C1,5.91
ZINC000013523738,CN1CCC(c2c[nH]c3ccc(NC(=O)C4CC4)nc23)CC1,5.77
ZINC000028007204,Clc1ccc(-c2ccc3[nH]cc(CCN4CCCC4)c3c2)s1,6.32
ZINC000013589468,C1=C(c2ccc3[nH]cc(CCN4CCCC4)c3c2)CCNC1,6.12
ZINC000034801050,CCCCCCCCCCc1ccc2[nH]cc(CCN)c2c1,6.56
ZINC000001541570,CCCCCCCCCOc1ccc2[nH]cc(CCN)c2c1,8.92
ZINC000013745595,CC(C)CCCCCCOc1ccc2[nH]cc(CCN)c2c1,7.85
ZINC000014299870,CN(C)CCc1c[nH]c2ccc(OS(=O)(=O)C(F)(F)F)cc12,7.55
ZINC000013776472,CCCCN(CCCC)CCOc1cccc2ccccc12,5.57
ZINC000034801059,CCCCCCCCCCOc1ccc2[nH]cc(CCN)c2c1,7.46
ZINC000001541572,CC(C)(C)CCCCCCOc1ccc2[nH]cc(CCN)c2c1,8.64
ZINC000019796155,CN1CCN(C2=Nc3cc(Cl)ccc3Nc3ccccc32)CC1,6.02
ZINC000013523743,CN1CCC(c2c[nH]c3ccc(NC(=O)C4CCC4)nc23)CC1,6.42
ZINC000028012217,OC[C@@H]1CCCN1CCc1c[nH]c2ccc(-c3cccs3)cc12,6.95
ZINC000013864761,CN(C)CCc1cn(C(=O)c2ccccc2)c2ccc(O)cc12,6.38
ZINC000013553351,CN(C)CCc1cn(S(=O)(=O)c2ccccc2)c2ccccc12,5.64
ZINC000000026677,CN(C)CCc1cccc2c1ccn2S(=O)(=O)c1ccccc1,7.96
ZINC000013745599,NCCc1c[nH]c2ccc(OCCCCC3CCCCC3)cc12,7.66
ZINC000000004076,CNS(=O)(=O)CCc1ccc2[nH]cc(C3CCN(C)CC3)c2c1,8.48
ZINC000013779300,Cc1cc(C(=O)Nc2cccc(N3CCN(C)CC3)c2)ccc1Br,6.9
ZINC000034801058,CCCCCCCCCOc1ccc2[nH]cc(CCN(C)C)c2c1,7.4
ZINC000034801056,CCCCCCCCCCCOc1ccc2[nH]cc(CCN)c2c1,7.68
ZINC000013745597,CC(C)(C)CCCCCCCOc1ccc2[nH]cc(CCN)c2c1,8.7
ZINC000034801067,CCN(CC)CCc1c[nH]c2ccc(OS(=O)(=O)C(F)(F)F)cc12,7.43
ZINC000013523701,CN1CCC(c2c[nH]c3ccc(NC(=O)c4ccoc4)nc23)CC1,6.03
ZINC000013523706,CN1CCC(c2c[nH]c3ccc(NC(=O)c4ccco4)nc23)CC1,5.96
ZINC000013523748,CN1CCC(c2c[nH]c3ccc(NC(=O)C4CCCC4)nc23)CC1,6.19
ZINC000013523692,CN1CCC(c2c[nH]c3ccc(NC(=O)c4ccsc4)nc23)CC1,6.0
ZINC000013523696,CN1CCC(c2c[nH]c3ccc(NC(=O)c4cccs4)nc23)CC1,6.41
ZINC000040934869,O=C(OCCN1CCCC1)N1c2ccccc2Sc2ccccc21,5.66
ZINC000028012212,COC[C@@H]1CCCN1CCc1c[nH]c2ccc(-c3cccs3)cc12,8.0
ZINC000013523634,CN1CCC(c2c[nH]c3ccc(NC(=O)c4ccccc4)nc23)CC1,6.09
ZINC000013523711,CN1CCC(c2c[nH]c3ccc(NC(=O)c4ccccn4)nc23)CC1,6.0
ZINC000013523716,CN1CCC(c2c[nH]c3ccc(NC(=O)c4ccncc4)nc23)CC1,6.48
ZINC000034801061,CCCCCCCCC(=O)Oc1ccc2[nH]cc(CCN(C)C)c2c1,8.96
ZINC000028391308,Cc1cc(C(C)(C)C)cc(C)c1CC1=NCCN1Cc1ccccc1,5.73
ZINC000013553349,COc1ccc2c(c1)c(CCN(C)C)cn2S(=O)(=O)c1ccccc1,5.66
ZINC000013779302,Cc1cc(C(=O)Nc2ccc(C)c(N3CCN(C)CC3)c2)ccc1Br,7.9
ZINC000027319374,Cc1[nH]c2cccc(NC(=O)c3ccc(F)cc3)c2c1CCN(C)C,5.97
ZINC000034801049,CCCCCCCC(=O)Nc1ccc2[nH]cc(C3CCN(C)CC3)c2n1,7.49
ZINC000013779299,COc1ccc(NC(=O)c2ccc(Br)c(C)c2)cc1N1CCN(C)CC1,8.2
ZINC000066258430,Cc1ccc2c(N3CCN(CCc4cccc(N)c4)CC3)cccc2n1,8.1
ZINC000013523667,Cc1cccc(C(=O)Nc2ccc3[nH]cc(C4CCN(C)CC4)c3n2)c1,5.92
ZINC000013523651,Cc1ccccc1C(=O)Nc1ccc2[nH]cc(C3CCN(C)CC3)c2n1,6.82
ZINC000000587656,CN1CCC(c2n[nH]c3ccc(NC(=O)c4ccc(F)cc4)cc23)CC1,5.64
ZINC000013523654,CN1CCC(c2c[nH]c3ccc(NC(=O)c4cccc(F)c4)nc23)CC1,5.8
ZINC000013523593,CN1CCC(c2c[nH]c3ccc(NC(=O)c4ccc(F)cc4)nc23)CC1,5.92
ZINC000028394940,CN1CCC(n2ncc3ccc(NC(=O)c4ccc(F)cc4)cc32)CC1,5.62
ZINC000013864770,Cc1ccc(S(=O)(=O)n2cc3c4c(cccc42)[C@H](O)[C@@H](N(C)C)C3)cc1,5.51
ZINC000013523597,CN1CCC(c2c[nH]c3cnc(NC(=O)c4ccc(F)cc4)nc23)CC1,5.22
ZINC000006716962,O=S(=O)(Nc1ccc2[nH]cc(C[C@H]3CCCN3)c2c1)c1ccccc1Cl,7.06
ZINC000001488294,CN1CCC(c2c[nH]c3ccc(NC(=O)c4ccc(F)cc4)cc23)CC1,7.08
ZINC000028396991,CN1CCC(n2ccc3ccc(NC(=O)c4ccc(F)cc4)cc32)CC1,6.59
ZINC000028376519,CN1CCC(N2CCc3ccc(NC(=O)c4ccc(F)cc4)cc32)CC1,6.36
ZINC000034801057,CCCCCCCCCOc1ccc2[nH]cc(CCNCCCC)c2c1,6.87
ZINC000034801068,CCCN(CCC)CCc1c[nH]c2ccc(OS(=O)(=O)C(F)(F)F)cc12,7.06
ZINC000013523647,COc1ccccc1C(=O)Nc1ccc2[nH]cc(C3CCN(C)CC3)c2n1,6.12
ZINC000013523675,CN1CCC(c2c[nH]c3ccc(NC(=O)c4ccc(C#N)cc4)nc23)CC1,6.51
ZINC000013523671,CN1CCC(c2c[nH]c3ccc(NC(=O)c4cccc(C#N)c4)nc23)CC1,6.23
ZINC000013523768,CN1CCC(c2c[nH]c3ccc(NC(=O)Nc4ccc(F)cc4)nc23)CC1,8.49
ZINC000006716963,CN1CCC[C@@H]1Cc1c[nH]c2ccc(NS(=O)(=O)c3cccc(Cl)c3)cc12,8.37
ZINC000006716964,CN1CCC[C@@H]1Cc1c[nH]c2ccc(NS(=O)(=O)c3ccccc3Cl)cc12,7.82
ZINC000095607884,O=S(=O)(Cc1ccccc1I)Nc1ccc2[nH]cc(C[C@H]3CCCN3)c2c1,8.03
ZINC000040953283,Cc1ccc2c(OCCN3CCN(Cc4ccccc4)CC3)cccc2n1,6.6
ZINC000027649036,COc1ccc(S(=O)(=O)N2CCc3ccc(I)cc32)cc1N1CCNCC1,5.9
ZINC000064548813,CCCCN1CCC(COC(=O)c2cc(Cl)c(NC)c3c2OCCO3)CC1,6.09
ZINC000034801069,COc1cccc(N2CCN(CCCCn3ncc(=O)n(C)c3=O)CC2)c1,6.64
ZINC000035907025,COc1ccccc1N1CCN(CCCCn2ncc(=O)n(C)c2=O)CC1,6.19
ZINC000043207081,N[C@@H]1CCN(c2ccc3[nH]nc(S(=O)(=O)c4cccc5ccccc45)c3c2)C1,5.22
ZINC000000840177,COc1ccc(CNC(=O)/C=C/c2ccc3[nH]cc(CCN(C)C)c3c2)cc1,9.7
ZINC000000599925,CN(C)CCCc1cc(C(=O)Nc2ccc(-c3ccncc3)cc2)ccc1O,7.92
ZINC000013604964,NCCc1c[nH]c2ccc(OCCOc3ccc4[nH]cc(CCN)c4c3)cc12,8.6
ZINC000013523658,CN1CCC(c2c[nH]c3ccc(NC(=O)c4cccc([N+](=O)[O-])c4)nc23)CC1,6.41
ZINC000013523679,CN1CCC(c2c[nH]c3ccc(NC(=O)c4ccc([N+](=O)[O-])cc4)nc23)CC1,6.57
ZINC000013979445,CC(=O)Nc1cccc(CCN2CCN(c3cccc4nc(C)ccc34)CC2)c1,9.3
ZINC000034374687,COc1cccc(CN2CCN(CCOc3cccc4nc(C)ccc34)CC2)c1,6.8
ZINC000040972341,COc1ccc(CN2CCN(CCOc3cccc4nc(C)ccc34)CC2)cc1,6.3
ZINC000064539633,CN1CCC(c2cn(-c3ccc(F)cc3)c3ccc(-c4cncnc4)cc23)CC1,7.89
ZINC000034097343,O=C1COc2ccc(CCN3CCN(c4nccc5ccccc45)CC3)cc2N1,9.1
ZINC000038896689,O=C1COc2ccc(CCN3CCN(c4cccc5cccnc45)CC3)cc2N1,7.5
ZINC000040829651,Cc1cc2c(N3CCN(CCc4ccc5c(c4)NC(=O)CO5)CC3)cccc2[nH]1,9.4
ZINC000064454230,Cn1nc(S(=O)(=O)c2cccc3ccccc23)c2cc(N3CCNCC3)ccc21,5.44
ZINC000028526866,CN1CCN(c2nccc3cc4c(cc23)N(C(=O)c2ccccc2Cl)CC4)CC1,8.9
ZINC000028528868,CN1CCN(c2nccc3cc4c(cc23)N(C(=O)c2ccc(Cl)cc2)CC4)CC1,9.5
ZINC000028528929,Cc1nc(C)c(C(=O)N2CCc3cc4ccnc(N5CCN(C)CC5)c4cc32)o1,7.8
ZINC000040918122,COc1c(OCCF)cccc1C(=O)C1CCN(CCc2ccc(F)cc2)CC1,5.66
ZINC000029128987,COc1c(OCCF)cccc1[C@H](O)C1CCN(CCc2ccc(F)cc2)CC1,6.05
ZINC000040950365,COc1c(OCCF)cccc1C(=O)C1CCN(CCc2ccc(C)cc2)CC1,5.47
ZINC000096282452,Cn1c(=O)cnn(CCCCN2CCN(c3ccccc3OCCF)CC2)c1=O,6.39
ZINC000013766057,COc1ccc(C(=O)Nc2ccc(-c3ccncc3)cc2)cc1/C=C\CN(C)C,8.21
ZINC000013766060,COc1ccc(C(=O)Nc2ccc(-c3ccncc3)cc2)cc1/C=C/CN(C)C,7.87
ZINC000000599924,COc1ccc(C(=O)Nc2ccc(-c3ccncc3)cc2)cc1CCCN(C)C,7.81
ZINC000013766054,COc1ccc(C(=O)Nc2ccc(-c3ccncc3)cc2)cc1C#CCN(C)C,7.79
ZINC000064540721,CCCCOc1ccc(-c2nn3c(C)cc(C)nc3c2CC(=O)N(CC)CC)cc1,5.8
ZINC000003959323,Cc1ccc2c(N3CCN(CCc4ccc5c(c4)NC(=O)CO5)CC3)cccc2n1,9.7
ZINC000040407279,Cc1ccc2c(N3CCN(CCc4cccc5c4OCC(=O)N5)CC3)cccc2n1,9.0
ZINC000040896897,Cc1ccc2c(N3CCN(CCc4ccc5c(c4)OCC(=O)N5)CC3)cccc2n1,7.5
ZINC000000538312,Cc1nc2n(c(=O)c1CCN1CCC(c3noc4cc(F)ccc34)CC1)CCCC2,8.0
ZINC000064560537,Cc1ccc2c(N3CCN(CCc4cccc5[nH]c(=O)ccc45)CC3)cccc2n1,8.7
ZINC000064560265,Cc1ccc2c(N3CCN(CCc4cccc5c4CCC(=O)N5)CC3)cccc2n1,9.2
ZINC000066252315,Cc1ccc2c(N3CCN(CCc4cccc(-n5cccn5)c4)CC3)cccc2n1,8.8
ZINC000003959327,Cc1ncc2c(N3CCN(CCc4ccc5c(c4)NC(=O)CO5)CC3)cccc2n1,9.2
ZINC000028525988,CN1CCN(c2nccc3cc4c(cc23)N(C(=O)c2ccc(C#N)cc2)CC4)CC1,9.3
ZINC000028529879,CN1CCc2c(sc3ncn(CCN4CCN(c5ccccc5Cl)CC4)c(=O)c23)C1,8.77
ZINC000028529851,Cc1ccccc1N1CCN(CCn2cnc3sc4c(c3c2=O)CCN(C)C4)CC1,8.46
ZINC000053178362,CC1(C)Cc2cccc(N3CCN(CCc4ccc5c(c4)NC(=O)CO5)CC3)c2O1,9.2
ZINC000066259361,COC(=O)Nc1cccc(CCN2CCN(c3cccc4nc(C)ccc34)CC2)c1,9.3
ZINC000066252316,Cc1ccc2c(N3CCN(CCc4cccc(NS(C)(=O)=O)c4)CC3)cccc2n1,9.1
ZINC000066260205,CCC(=O)Nc1cccc(CCN2CCN(c3cccc4nc(C)ccc34)CC2)c1,8.9
ZINC000066260009,CC(=O)N(C)c1cccc(CCN2CCN(c3cccc4nc(C)ccc34)CC2)c1,7.9
ZINC000001851149,O=C1CCc2ccc(OCCCCN3CCN(c4cccc(Cl)c4Cl)CC3)cc2N1,6.0
ZINC000053165105,C[C@H](CN1CCN(c2cc(F)c(F)cc2F)CC1)N1C(=O)CC2(CCCC2)CC1=O,5.11
ZINC000040957739,Cc1ccc2c(N3C[C@H]4C[C@@H]3CN4CCc3ccc4c(c3)NC(=O)CO4)cccc2n1,9.1
ZINC000028525706,CN1CCN(c2nccc3cc4c(cc23)N(C(=O)c2cnn3ccccc23)CC4)CC1,9.0
ZINC000052541473,COc1ccccc1N1CCN(CCN(C(=O)C2CCCCC2)c2ccccn2)CC1,7.62
ZINC000038412348,CC(=O)Nc1cccc(CN2CCN(CCOc3cccc4nc(C)ccc34)CC2)c1,7.7
ZINC000040972636,CC(=O)Nc1ccc(CN2CCN(CCOc3cccc4nc(C)ccc34)CC2)cc1,5.9
ZINC000040972638,CC(=O)Nc1ccccc1CN1CCN(CCOc2cccc3nc(C)ccc23)CC1,5.8
ZINC000066258993,CCOC(=O)Nc1cccc(CCN2CCN(c3cccc4nc(C)ccc34)CC2)c1,8.9
ZINC000066259959,Cc1ccc2c(N3CCN(CCc4cccc(NC(=O)C(C)C)c4)CC3)cccc2n1,8.8
ZINC000000590474,CN(C)CCc1cccc2c1cc(C(=O)c1ccccc1)n2S(=O)(=O)c1ccccc1,6.72
ZINC000028526326,COc1ccc(NC(=O)N2CCN(c3ccccc3Cl)CC2)cc1N1CCN(C)CC1,7.95
ZINC000028526154,COc1ccc(NC(=O)N2CCN(c3ccccc3F)CC2)cc1N1CCN(C)CC1,7.74
ZINC000028525880,COc1ccc(NC(=O)N2CCN(c3ccc(Cl)cc3)CC2)cc1N1CCN(C)CC1,8.74
ZINC000028525691,COc1ccc(NC(=O)N2CCN(c3ccc(F)cc3)CC2)cc1N1CCN(C)CC1,7.42
ZINC000066262490,CCNC(=O)Nc1cccc(CCN2CCN(c3cccc4nc(C)ccc34)CC2)c1,8.9
ZINC000034375648,CC(=O)Nc1cccc(CC2CCN(CCOc3cccc4nc(C)ccc34)CC2)c1,7.7
ZINC000052956332,CC(C)Oc1ccccc1N1CCN(Cc2cccc(C(=O)N3CCCCC3)c2)CC1,5.54
ZINC000027857316,S=C(NN1CC=C(c2ccc3[nH]cc(CCN4CCCC4)c3c2)CC1)c1ccccc1,7.17
ZINC000027856384,S=C(NN1CC=C(c2ccc3[nH]cc(CCN4CCCC4)c3c2)CC1)C1CCCCC1,7.42
ZINC000013553517,CN1CCC[C@@H]1Cc1c[nH]c2ccc(C3=CCN(/C(S)=N/c4ccccc4)CC3)cc12,8.24
ZINC000013553515,CN1CCC[C@@H]1Cc1c[nH]c2ccc(C3=CCN(/C(S)=N/C4CCCCC4)CC3)cc12,7.89
ZINC000042890069,Cc1ccc2c(N3CCN(CCc4ccc5c(c4)N(C)C(=O)CO5)CC3)cccc2n1,9.3
ZINC000040894847,Cc1ccc2c(N3CCN(CCc4cccc5c4OCC(=O)N5C)CC3)cccc2n1,8.8
ZINC000034105721,Cc1ccc2c(N3CCN(CCCc4ccc5c(c4)NC(=O)CO5)CC3)cccc2n1,7.3
ZINC000003959324,Cc1cc(N2CCN(CCc3ccc4c(c3)NC(=O)CO4)CC2)c2ccc(C)nc2c1,9.2
ZINC000003959333,Cc1ccc2c(N3CCN(CCc4ccc5c(c4)NC(=O)CO5)[C@@H](C)C3)cccc2n1,8.9
ZINC000038565493,Cc1ccc2c(N3CCN(CCc4ccc5c(c4)NC(=O)CO5)[C@H](C)C3)cccc2n1,8.1
ZINC000066258692,Cc1ccc2c(N3CCN(CCc4cccc(N5CCOC5=O)c4)CC3)cccc2n1,8.7
ZINC000003959332,Cc1ccc2c(N3CCN(CCc4cc(F)c5c(c4)NC(=O)CO5)CC3)cccc2n1,9.0
ZINC000038940638,Cc1ccc2c(N3CCN(CCc4ccc5c(c4)NC(=O)CO5)CC3)ccc(Cl)c2n1,9.3
ZINC000040973093,Cc1ccc2c(N3CCN(CCc4ccc5c(c4)NC(=O)CO5)CC3)ccc(F)c2n1,6.9
ZINC000038900466,Cc1ccc2c(N3CCN(CCc4ccc5c(c4F)NC(=O)CO5)CC3)cccc2n1,9.4
ZINC000003959329,Cc1ccc2c(N3CCN(CCc4cc5c(cc4F)OCC(=O)N5)CC3)cccc2n1,8.8
ZINC000042888145,Cc1ccc2c(N3CCN(CCc4ccc5c(c4)NC(=O)CO5)CC3)cc(Cl)cc2n1,9.3
ZINC000038939619,Cc1ccc2c(N3CCN(CCc4ccc5c(c4)NC(=O)CO5)CC3)cc(F)cc2n1,8.6
ZINC000027853747,O=C(NN1CC=C(c2ccc3[nH]cc(CCN4CCCC4)c3c2)CC1)c1ccccc1,7.4
ZINC000027847653,O=C(NN1CC=C(c2ccc3[nH]cc(CCN4CCCC4)c3c2)CC1)C1CCCCC1,6.89
ZINC000064560538,Cc1ccc2c(N3CCN(CCc4cccc5c4ccc(=O)n5C)CC3)cccc2n1,9.1
ZINC000064560267,Cc1ccc2c(N3CCN(CCc4cccc5c4CCC(=O)N5C)CC3)cccc2n1,9.1
ZINC000013553511,CN1CCC[C@@H]1Cc1c[nH]c2ccc(C3=CCN(C(=O)Nc4ccccc4)CC3)cc12,8.32
ZINC000013553509,CN1CCC[C@@H]1Cc1c[nH]c2ccc(C3=CCN(C(=O)NC4CCCCC4)CC3)cc12,7.85
ZINC000022445253,Cc1ccc2c(OCCN3CCN(Cc4cccc5cccnc45)CC3)cccc2n1,6.7
ZINC000000538337,O=C1NCCN1CCN1CCC(c2cn(-c3ccc(F)cc3)c3ccc(Cl)cc23)CC1,7.25
ZINC000028529982,CN1CCc2c(sc3ncn(CCN4CCN(c5ccccc5C#N)CC4)c(=O)c23)C1,8.85
ZINC000000591024,COc1ccccc1N1CCN(CCn2cnc3sc4c(c3c2=O)CCN(C)C4)CC1,8.85
ZINC000034451922,Cc1ccc2c(N3CCN(CCc4cccc(N5CCNC5=O)c4)CC3)cccc2n1,8.5
ZINC000040938108,Cc1ccc2c(OCCN3CC(COc4ccc5c(c4)NC(=O)CO5)C3)cccc2n1,7.3
ZINC000042888178,Cc1ccc2c(OCCCN3CC(Oc4ccc5c(c4)NC(=O)CO5)C3)cccc2n1,6.4
ZINC000026496752,NC(=O)c1ccc2c(c1)CCO[C@H]2CCN1CC=C(c2c[nH]c3c(F)cccc23)CC1,6.41
ZINC000013589453,O=S(=O)(c1ccccc1)N1CC=C(c2ccc3[nH]cc(CCN4CCCC4)c3c2)CC1,6.36
ZINC000040412384,Cc1ccc2c(OC3CCN(CCc4ccc5c(c4)NC(=O)CO5)CC3)cccc2n1,7.6
ZINC000027851464,S=C(NN1CC=C(c2ccc3[nH]cc(CCN4CCCC4)c3c2)CC1)c1ccc(Cl)cc1,7.44
ZINC000013553518,CN1CCC[C@@H]1Cc1c[nH]c2ccc(C3=CCN(/C(S)=N/c4ccc(Cl)cc4)CC3)cc12,8.82
ZINC000027853621,Cc1ccc(C(=S)NN2CC=C(c3ccc4[nH]cc(CCN5CCCC5)c4c3)CC2)cc1,7.49
ZINC000013553520,Cc1ccc(/N=C(\S)N2CC=C(c3ccc4[nH]cc(C[C@H]5CCCN5C)c4c3)CC2)cc1,8.82
ZINC000040897216,Cc1ccc2c(N3CCN(CCc4cccc5c4OCC(=O)N5C)[C@@H](C)C3)cccc2n1,7.8
ZINC000040897213,Cc1ccc2c(N3CCN(CCc4cccc5c4OCC(=O)N5C)[C@H](C)C3)cccc2n1,8.6
ZINC000003959331,CCN1C(=O)COc2ccc(CCN3CCN(c4cccc5nc(C)ccc45)CC3)cc21,9.1
ZINC000040406535,CCN1C(=O)COc2c(CCN3CCN(c4cccc5nc(C)ccc45)CC3)cccc21,8.4
ZINC000066252314,Cc1ccc2c(N3CCN(CCc4cccc(N5C(=O)CCC5=O)c4)CC3)cccc2n1,7.4
ZINC000040939235,Cc1ccc2c(N3CCN(CCCCc4ccc5c(c4)NC(=O)CO5)CC3)cccc2n1,8.2
ZINC000013979452,Cc1ccc2c(N3CCN(CCc4cccc(N5CCCOC5=O)c4)CC3)cccc2n1,7.5
ZINC000040892224,Cc1ccc2c(N3CCN(CCc4cccc5c4OCC(=O)N5C)CC3)cc(F)cc2n1,8.6
ZINC000028528928,Cc1cc(C(=O)N2CCc3cc4ccnc(N5CCN(C)CC5)c4cc32)c(C(F)(F)F)o1,8.7
ZINC000027858450,Cc1ccc(C(=O)NN2CC=C(c3ccc4[nH]cc(CCN5CCCC5)c4c3)CC2)cc1,7.2
ZINC000064559550,Cc1ccc2c(N3CCN(CCc4cccc5c4ccc(=O)n5C)[C@@H](C)C3)cccc2n1,6.4
ZINC000013553513,Cc1ccc(NC(=O)N2CC=C(c3ccc4[nH]cc(C[C@H]5CCCN5C)c4c3)CC2)cc1,8.52
ZINC000064559843,Cc1ccc2c(N3CCN(CCc4c(F)ccc5c4ccc(=O)n5C)CC3)cccc2n1,7.5
ZINC000027847270,O=C(NN1CC=C(c2ccc3[nH]cc(CCN4CCCC4)c3c2)CC1)c1ccc(Cl)cc1,7.09
ZINC000013553508,CN1CCC[C@@H]1Cc1c[nH]c2ccc(C3=CCN(C(=O)Nc4ccc(Cl)cc4)CC3)cc12,8.42
ZINC000028525989,CN1CCN(c2nccc3cc4c(cc23)N(C(=O)c2ccccc2C(F)(F)F)CC4)CC1,7.8
ZINC000034271111,Cc1ccc2c(OCCN3CCC(Cc4cccc(-c5ccoc5)c4)CC3)cccc2n1,7.4
ZINC000001554072,Cn1cnc(-c2ccc3c(c2)c(C2CCN(CCC#N)CC2)cn3-c2ccc(F)cc2)n1,6.47
ZINC000028525705,CN1CCN(c2nccc3cc4c(cc23)N(C(=O)c2cnn(C)c2C(F)(F)F)CC4)CC1,8.3
ZINC000013493022,N#CCCN1CCC(c2cn(-c3ccc(F)cc3)c3ccc(-c4ncccn4)cc23)CC1,6.7
ZINC000028530241,COc1c(Cl)cccc1N1CCN(CCn2cnc3sc4c(c3c2=O)CCN(C)C4)CC1,9.3
ZINC000028529899,COc1ccc(Cl)cc1N1CCN(CCn2cnc3sc4c(c3c2=O)CCN(C)C4)CC1,7.15
ZINC000028530492,COc1cc(Cl)ccc1N1CCN(CCn2cnc3sc4c(c3c2=O)CCN(C)C4)CC1,8.48
ZINC000028530066,COc1ccc(C)cc1N1CCN(CCn2cnc3sc4c(c3c2=O)CCN(C)C4)CC1,7.92
ZINC000013979450,Cc1ccc2c(N3CCN(CCc4cccc(N5CCCNC5=O)c4)CC3)cccc2n1,7.4
ZINC000028528391,CN1CCN(c2nccc3cc4c(cc23)N(C(=O)c2ccc(C(F)(F)F)nc2)CC4)CC1,9.6
ZINC000040410343,Cc1ccc2c(OCCCN3CC(COc4ccc5c(c4)NC(=O)CO5)C3)cccc2n1,6.5
ZINC000013589451,O=S(=O)(c1ccc(Cl)cc1)N1CC=C(c2ccc3[nH]cc(CCN4CCCC4)c3c2)CC1,6.96
ZINC000013589452,Cc1ccc(S(=O)(=O)N2CC=C(c3ccc4[nH]cc(CCN5CCCC5)c4c3)CC2)cc1,6.85
ZINC000013553507,Cc1ccc(S(=O)(=O)N2CC=C(c3ccc4[nH]cc(C[C@H]5CCCN5C)c4c3)CC2)cc1,7.77
ZINC000034376079,Cc1ccc2c(OCCN3CCC(Cc4cccc(N5CCCC5)c4)CC3)cccc2n1,7.4
ZINC000006717045,Cc1ccc2c(OCCN3CCC(Cc4ccc5c(c4)NC(=O)CO5)CC3)cccc2n1,8.0
ZINC000028528111,CN1CCN(c2nccc3cc4c(cc23)N(C(=O)c2cccc3ncccc23)CC4)CC1,9.1
ZINC000064553656,Cc1ccc2c(N3CCN(CCc4cccc5c4OCc4nccn4-5)CC3)cccc2n1,8.8
ZINC000064504159,Cc1ccc2c(N3CCN(CCc4cccc5c4OCc4cncn4-5)CC3)cccc2n1,9.0
ZINC000028530464,CN1CCc2c(sc3ncn(CCN4CCN(c5cccc6ccsc56)CC4)c(=O)c23)C1,9.4
ZINC000064504067,Cc1ccc2c(N3CCN(CCc4cccc5c4OCc4nnnn4-5)CC3)cccc2n1,8.1
ZINC000003919049,NCCc1c[nH]c2ccc(OCCCCCCOc3ccc4[nH]cc(CCN)c4c3)cc12,9.3
ZINC000022445263,CC(=O)N(C)c1cccc(CN2CCN(CCOc3cccc4nc(C)ccc34)CC2)c1,7.3
ZINC000066252682,CCCS(=O)(=O)Nc1cccc(CCN2CCN(c3cccc4nc(C)ccc34)CC2)c1,8.7
ZINC000066259960,Cc1ccc2c(N3CCN(CCc4cccc(NC(=O)C(C)(C)C)c4)CC3)cccc2n1,8.7
ZINC000028524685,COc1ccccc1N1CCC(C(=O)Nc2ccc(OC)c(N3CCN(C)CC3)c2)CC1,8.01
ZINC000028527042,COc1ccc(NC(=O)N2CCN(c3ccc(SC)cc3)CC2)cc1N1CCN(C)CC1,7.78
ZINC000066262491,CCCNC(=O)Nc1cccc(CCN2CCN(c3cccc4nc(C)ccc34)CC2)c1,8.7
ZINC000013604976,NCCc1c[nH]c2ccc(OCCNC(=O)COc3ccc4[nH]cc(CCN)c4c3)cc12,9.8
ZINC000013604984,CC(=O)Nc1ccc(N2CCN(C(=O)COc3ccc4[nH]cc(CCN)c4c3)CC2)cc1,8.48
ZINC000000836545,COc1ccc(NC(=O)N2CCN(c3ccccc3OC)CC2)cc1N1CCN(C)CC1,8.7
ZINC000040430354,CCC(=O)Nc1cccc(CC2CCN(CCOc3cccc4nc(C)ccc34)CC2)c1,7.8
ZINC000003816898,CC(=O)N(C)c1cccc(CC2CCN(CCOc3cccc4nc(C)ccc34)CC2)c1,7.4
ZINC000040424180,Cc1ccc2c(OCCN3CCC(Cc4cccc(NS(C)(=O)=O)c4)CC3)cccc2n1,8.7
ZINC000071296654,O=C(N(CCN1CCN(c2ccccc2O)CC1)c1ccccn1)C12C3C4C1C1C2C3C41I,6.57
ZINC000034324249,CCNC(=O)Nc1cccc(CC2CCN(CCOc3cccc4nc(C)ccc34)CC2)c1,7.6
ZINC000066262492,Cc1ccc2c(N3CCN(CCc4cccc(NC(=O)NC(C)(C)C)c4)CC3)cccc2n1,8.4
ZINC000040974438,Cc1ccc2c(OCCN3CCC(Cc4cccc(NC(=O)C(C)C)c4)CC3)cccc2n1,7.3
ZINC000040974591,CCN(C(C)=O)c1cccc(CC2CCN(CCOc3cccc4nc(C)ccc34)CC2)c1,7.0
ZINC000013741766,CCCN(CCCCN1C(=O)CC(C)(C)CC1=O)[C@@H]1CCc2ccc3[nH]cc(C=O)c3c2C1,6.94
ZINC000040972359,Cc1ccc2c(OCCN3CCC(Cc4cccc(N(C)S(C)(=O)=O)c4)CC3)cccc2n1,7.9
ZINC000040894455,Cc1ccc2c(N3CCN(CCc4cccc5c4OCC(=O)N5C4CC4)CC3)cccc2n1,8.3
ZINC000064503943,Cc1ccc2c(N3CCN(CCc4cccc5c4OCc4nnc(C)n4-5)CC3)cccc2n1,9.1
ZINC000064499114,Cc1ccc2c(N3CCN(CCc4cccc5c4OCc4c(C)nnn4-5)CC3)cccc2n1,8.6
ZINC000028530337,CN1CCc2c(sc3ncn(CCN4CCN(c5cccc6cnccc56)CC4)c(=O)c23)C1,9.05
ZINC000028564328,CN1CCc2c(sc3ncn(CCN4CCN(c5ccc6ccccc6n5)CC4)c(=O)c23)C1,7.44
ZINC000028529969,CN1CCc2c(sc3ncn(CCN4CCN(c5nccc6ccccc56)CC4)c(=O)c23)C1,9.3
ZINC000028530466,CN1CCc2c(sc3ncn(CCN4CCN(c5cncc6ccccc56)CC4)c(=O)c23)C1,8.6
ZINC000001494477,CN1CCc2c(sc3ncn(CCN4CCN(c5cccc6cccnc56)CC4)c(=O)c23)C1,9.52
ZINC000028529901,CN1CCc2c(sc3ncn(CCN4CCN(c5ccnc6ccccc56)CC4)c(=O)c23)C1,8.01
ZINC000028530335,CN1CCc2c(sc3ncn(CCN4CCN(c5cccc6ncccc56)CC4)c(=O)c23)C1,8.77
ZINC000028564410,CN1CCc2c(sc3ncn(CCN4CCN(c5cccc6ccncc56)CC4)c(=O)c23)C1,10.0
ZINC000064503413,Cc1cn2c(n1)COc1c(CCN3CCN(c4cccc5nc(C)ccc45)CC3)cccc1-2,8.8
ZINC000028530037,CN1CCc2c(sc3ncn(CCN4CCN(c5cccc6ccccc56)CC4)c(=O)c23)C1,9.3
ZINC000028530575,CN1CCc2c(sc3ncn(CCN4CCN(c5ncnc6ccccc56)CC4)c(=O)c23)C1,6.5
ZINC000029208366,CN1CCN(c2cccc3ccc(OCCOc4ccc5[nH]cc(CCN)c5c4)cc23)CC1,9.12
ZINC000040894452,Cc1ccc2c(N3CCN(CCc4cccc5c4OCC(=O)N5C(C)C)CC3)cccc2n1,8.3
ZINC000027847264,COc1ccc(C(=O)NN2CC=C(c3ccc4[nH]cc(CCN5CCCC5)c4c3)CC2)cc1,7.36
ZINC000013553512,COc1ccc(NC(=O)N2CC=C(c3ccc4[nH]cc(C[C@H]5CCCN5C)c4c3)CC2)cc1,8.38
ZINC000028821526,N#Cc1ccc2c(N3CCN(CC[C@@H]4OCCc5cc(C(N)=O)ccc54)CC3)cccc2c1,7.82
ZINC000040892226,Cc1ccc2c(N3CCN(CCc4cccc5c4OCC(=O)N5C)[C@H](C)C3)cc(F)cc2n1,8.7
ZINC000040897030,Cc1ccc2c(N3CCN(CCCc4cccc5c4OCC(=O)N5C)CC3)cc(F)cc2n1,6.1
ZINC000027762986,COc1ccc(C(=S)NN2CC=C(c3ccc4[nH]cc(CCN5CCCC5)c4c3)CC2)cc1,7.24
ZINC000013553519,COc1ccc(NC(=S)N2CC=C(c3ccc4[nH]cc(C[C@H]5CCCN5C)c4c3)CC2)cc1,8.62
ZINC000064559549,Cc1ccc2c(N3CCN(CCc4cccc5c4ccc(=O)n5C)[C@H](C)C3)cc(F)cc2n1,9.1
ZINC000064573298,Cc1ccc2c(N3CCN(CCc4cccc5c4ccc(=O)n5C)[C@@H](C)C3)cc(F)cc2n1,6.5
ZINC000038389490,Cc1ccc2c(OCCN3CCC(Cc4cccc(-c5ccccc5)c4)CC3)cccc2n1,7.2
ZINC000028529905,CC(C)Oc1ccccc1N1CCN(CCn2cnc3sc4c(c3c2=O)CCN(C)C4)CC1,8.6
ZINC000028530597,COc1c(Cl)cc(Cl)cc1N1CCN(CCn2cnc3sc4c(c3c2=O)CCN(C)C4)CC1,8.42
ZINC000028530243,COc1cc(Cl)c(Cl)cc1N1CCN(CCn2cnc3sc4c(c3c2=O)CCN(C)C4)CC1,8.31
ZINC000028530064,COc1ccc(OC)c(N2CCN(CCn3cnc4sc5c(c4c3=O)CCN(C)C5)CC2)c1,7.3
ZINC000040939437,Cc1ccc2c(OCC3CCN(CC(=O)c4ccc5c(c4)NC(=O)CO5)CC3)cccc2n1,6.2
ZINC000038389629,Cc1ccc2c(OCCN3CCC(Cc4cccc(N5CCCC5=O)c4)CC3)cccc2n1,7.7
ZINC000038480598,Cc1ccc2c(OCCN3CCC(Cc4cccc(N5CCOCC5)c4)CC3)cccc2n1,6.9
ZINC000028821521,C[C@@H]1CN(c2cccc3cc(F)ccc23)CCN1CC[C@@H]1OCCc2cc(C(N)=O)ccc21,6.99
ZINC000028821522,C[C@@H]1CN(c2cccc3cc(F)ccc23)CCN1CC[C@H]1OCCc2cc(C(N)=O)ccc21,7.04
ZINC000040860818,Cc1ccc2c(OCCN3CCC(Cc4cccc(C5CCNCC5)c4)CC3)cccc2n1,8.2
ZINC000038460631,Cc1ccc2c(OCCN3CCC(Cc4cccc(-c5ccncc5)c4)CC3)cccc2n1,8.1
ZINC000034271455,Cc1ccc2c(OCCN3CCC(Cc4cccc(N5CCCCC5)c4)CC3)cccc2n1,8.7
ZINC000038480415,Cc1ccc2c(OCCN3CCC(Cc4cccc(-c5cccnc5)c4)CC3)cccc2n1,7.9
ZINC000013589449,COc1ccc(S(=O)(=O)N2CC=C(c3ccc4[nH]cc(CCN5CCCC5)c4c3)CC2)cc1,6.85
ZINC000013553505,COc1ccc(S(=O)(=O)N2CC=C(c3ccc4[nH]cc(C[C@H]5CCCN5C)c4c3)CC2)cc1,7.85
ZINC000034962144,COc1cc2c(c(N3CCN(C)CC3)c1)O[C@@H](C(=O)Nc1ccc(N3CCOCC3)cc1)CC2,7.92
ZINC000000836555,Cc1ccccc1N1CCN(C(=O)COc2ccc3cccc(N4CCN(C)CC4)c3c2)CC1,9.52
ZINC000028821525,C[C@H]1CN(c2cccc3cc(C#N)ccc23)CCN1CC[C@@H]1OCCc2cc(C(N)=O)ccc21,7.68
ZINC000013604966,NCCc1c[nH]c2ccc(OCc3ccc(COc4ccc5[nH]cc(CCN)c5c4)cc3)cc12,10.0
ZINC000013604968,NCCc1c[nH]c2ccc(OCc3cccc(COc4ccc5[nH]cc(CCN)c5c4)c3)cc12,9.49
ZINC000013604970,NCCc1c[nH]c2ccc(OCc3ccccc3COc3ccc4[nH]cc(CCN)c4c3)cc12,8.77
ZINC000040891807,Cc1ccc2c(N3CCN(CCc4cccc5c4OCC(=O)N5CC(F)F)CC3)cccc2n1,7.8
ZINC000040401142,Cc1ccc2c(N3CCN(CCCc4cccc5c4OCC(=O)N5C)[C@H](C)C3)cc(F)cc2n1,6.8
ZINC000066259961,Cc1ccc2c(N3CCN(CCc4cccc(NC(=O)c5ccccc5)c4)CC3)cccc2n1,8.6
ZINC000038413122,Cc1ccc2c(OCCN3CCC(Cc4cccc(N5CCN[C@H](C)C5)c4)CC3)cccc2n1,8.7
ZINC000038413121,Cc1ccc2c(OCCN3CCC(Cc4cccc(N5CCN[C@@H](C)C5)c4)CC3)cccc2n1,7.8
ZINC000040865788,Cc1ccc2c(OCCN3CCC(Cc4cccc(N5CCN(C)CC5)c4)CC3)cccc2n1,8.2
ZINC000066258742,Cc1ccc2c(N3CCN(CCc4cccc(NC(=O)c5cnccn5)c4)CC3)cccc2n1,8.9
ZINC000066258947,Cc1ccc2c(N3CCN(CCc4cccc(NC(=O)c5scnc5C)c4)CC3)cccc2n1,8.7
ZINC000066258946,Cc1ccc2c(N3CCN(CCc4cccc(NC(=O)c5csc(C)n5)c4)CC3)cccc2n1,8.5
ZINC000045373897,Cc1n[nH]c(C)c1-c1ccc(C)c2c(=O)cc(C(=O)Nc3ccc(N4CCOCC4)cc3)[nH]c12,8.03
ZINC000028642574,CN1CCN(c2cc(F)cc3c(=O)cc(C(=O)Nc4ccc(N5CCOCC5)cc4)[nH]c23)CC1,8.03
ZINC000003816888,Cc1ccc2c(OCCN3CCC(Cc4cccc(C5CCN(C)CC5)c4)CC3)cccc2n1,8.3
ZINC000040424920,Cc1ccc2c(OCCN3CCC(Cc4cccc(N5CCCS5(=O)=O)c4)CC3)cccc2n1,7.9
ZINC000071318667,COc1ccccc1N1CCN(CCN(C(=O)C23C4C5C2C2C3C4C52I)c2ccccn2)CC1,6.92
ZINC000034271768,Cc1ccc2c(OCCN3CCC(Cc4cccc(NC(=O)CN(C)C)c4)CC3)cccc2n1,8.2
ZINC000013604978,NCCc1c[nH]c2ccc(OCCNC(=O)NCCOc3ccc4[nH]cc(CCN)c4c3)cc12,9.7
ZINC000028524643,COc1ccc(NC(=O)N2CCN(c3ccc(C(F)(F)F)cc3)CC2)cc1N1CCN(C)CC1,7.55
ZINC000034272275,COc1ccc(CC2CCN(CCOc3cccc4nc(C)ccc34)CC2)cc1NS(C)(=O)=O,7.4
ZINC000034379109,Cc1ccc2c(OCCN3CCC(Cc4cccc(NS(=O)(=O)C(C)C)c4)CC3)cccc2n1,8.9
ZINC000040395180,Cc1ccc2c(N3CCN(CCc4cccc5c4OCC(=O)N5CC4CC4)CC3)cccc2n1,8.2
ZINC000001494085,Cc1c(C(=O)N2CCc3cc4ccnc(N5CCN(C)CC5)c4cc32)cnn1-c1ccccc1,9.2
ZINC000064516768,Cc1ccc2c(N3CCN(CCc4cccc5c4OCc4c(C#N)ncn4-5)CC3)cccc2n1,8.8
ZINC000064499351,Cc1ccc2c(N3CCN(CCc4cccc5c4OCc4nc(C)c(C)n4-5)CC3)cccc2n1,8.7
ZINC000027854878,S=C(NN1CC=C(c2ccc3[nH]cc(CCN4CCCC4)c3c2)CC1)c1cccc2ccccc12,7.02
ZINC000013553521,CN1CCC[C@@H]1Cc1c[nH]c2ccc(C3=CCN(/C(S)=N/c4cccc5ccccc45)CC3)cc12,8.49
ZINC000040937693,O=C1COc2ccc(CCN3CCN(c4cccc5nc(-c6ccccc6)ccc45)CC3)cc2N1,9.5
ZINC000027852237,O=C(NN1CC=C(c2ccc3[nH]cc(CCN4CCCC4)c3c2)CC1)c1cccc2ccccc12,7.19
ZINC000013553514,CN1CCC[C@@H]1Cc1c[nH]c2ccc(C3=CCN(C(=O)Nc4cccc5ccccc45)CC3)cc12,8.42
ZINC000064510370,Cc1ccc2c(N3CCN(CCc4cccc5c4OCc4c(C(N)=O)ncn4-5)CC3)cccc2n1,9.1
ZINC000064504169,CC(=O)c1ncn2c1COc1c(CCN3CCN(c4cccc5nc(C)ccc45)CC3)cccc1-2,9.0
ZINC000028564326,COc1ccc2ccccc2c1N1CCN(CCn2cnc3sc4c(c3c2=O)CCN(C)C4)CC1,8.27
ZINC000028530010,CN1CCc2c(sc3ncn(CCN4CCN(c5ccccc5-c5ccccc5)CC4)c(=O)c23)C1,8.96
ZINC000013589450,O=S(=O)(c1cccc2ccccc12)N1CC=C(c2ccc3[nH]cc(CCN4CCCC4)c3c2)CC1,6.39
ZINC000013553506,CN1CCC[C@@H]1Cc1c[nH]c2ccc(C3=CCN(S(=O)(=O)c4cccc5ccccc45)CC3)cc12,7.64
ZINC000013493016,O=C1NCCN1CCN1CCC(c2cn(-c3ccc(F)cc3)c3ccc(-c4c[nH]nn4)cc23)CC1,7.51
ZINC000028642091,COc1cc(N(C)CCN(C)C)c2[nH]c(C(=O)Nc3ccc(N4CCOCC4)cc3)cc(=O)c2c1,6.41
ZINC000207280702,COc1ccccc1N1CCN(CCCCC(=O)NCc2ccccc2-c2ccccc2Cl)CC1,6.88
ZINC000027842774,S=C(NN1CC=C(c2ccc3[nH]cc(CCN4CCCC4)c3c2)CC1)C12CC3CC(CC(C3)C1)C2,6.77
ZINC000027768721,O=C(NN1CC=C(c2ccc3[nH]cc(CCN4CCCC4)c3c2)CC1)C12CC3CC(CC(C3)C1)C2,7.19
ZINC000095607457,Cc1ccccc1CN1CCN(C(=O)COc2ccc3cccc(N4CCN(C)CC4)c3c2)CC1,9.7
ZINC000038413361,Cc1ccc2c(OCCN3CCC(Cc4cccc(N5CCN(C)CC5=O)c4)CC3)cccc2n1,7.2
ZINC000038413362,Cc1ccc2c(OCCN3CCC(Cc4cccc(N5CCN(C)C(=O)C5)c4)CC3)cccc2n1,6.9
ZINC000034272026,Cc1ccc2c(OCCN3CCC(Cc4cccc(N5CCCN(C)CC5)c4)CC3)cccc2n1,8.1
ZINC000003816902,Cc1ccc2c(OCCN3CCC(Cc4cccc(N5C[C@H](C)N[C@H](C)C5)c4)CC3)cccc2n1,8.4
ZINC000040861614,Cc1ccc2c(OCCN3CCC(Cc4cccc(N5C[C@@H](C)NC[C@@H]5C)c4)CC3)cccc2n1,7.5
ZINC000066259962,Cc1ccc2c(N3CCN(CCc4cccc(NC(=O)c5ccccc5F)c4)CC3)cccc2n1,8.5
ZINC000066259963,Cc1ccc2c(N3CCN(CCc4cccc(NC(=O)c5cccc(F)c5)c4)CC3)cccc2n1,8.5
ZINC000066259964,Cc1ccc2c(N3CCN(CCc4cccc(NC(=O)c5ccc(F)cc5)c4)CC3)cccc2n1,8.3
ZINC000028641907,COc1cc(N2CCN(C)CC2)c2[nH]c(C(=O)Nc3ccc(N4CCOCC4)cc3)cc(=O)c2c1,8.46
ZINC000013606631,CN1CCN(c2cccc3ccc(OCC(=O)N4CCN(c5ccccc5C#N)CC4)cc23)CC1,9.42
ZINC000028564278,COc1ccc(C(F)(F)F)cc1N1CCN(CCn2cnc3sc4c(c3c2=O)CCN(C)C4)CC1,7.37
ZINC000028529907,CN1CCc2c(sc3ncn(CCN4CCN(c5ccccc5OCC(C)(C)C)CC4)c(=O)c23)C1,8.27
ZINC000066262495,Cc1ccc2c(N3CCN(CCc4cccc(NC(=O)Nc5ccccc5)c4)CC3)cccc2n1,8.5
ZINC000028639928,COc1cc(C(=O)Nc2ccc(N3CCOCC3)cc2)nc2c(N3CCN(C)CC3)cc(F)cc12,7.52
ZINC000034377308,Cc1ccc2c(OCCN3CCC(Cc4cccc(N5C[C@H](C)O[C@H](C)C5)c4)CC3)cccc2n1,6.8
ZINC000013606646,Cc1cc(C)c(N2CCN(C(=O)COc3ccc4cccc(N5CCN(C)CC5)c4c3)CC2)c(C)c1,8.85
ZINC000066251188,COc1ccc(C(=O)Nc2cccc(CCN3CCN(c4cccc5nc(C)ccc45)CC3)c2)cc1,8.4
ZINC000066251186,COc1ccccc1C(=O)Nc1cccc(CCN2CCN(c3cccc4nc(C)ccc34)CC2)c1,8.4
ZINC000066251187,COc1cccc(C(=O)Nc2cccc(CCN3CCN(c4cccc5nc(C)ccc45)CC3)c2)c1,8.8
ZINC000028639616,CNc1cc(C(=O)Nc2ccc(N3CCOCC3)cc2)nc2c(N3CCN(C)CC3)cc(OC)cc12,5.89
ZINC000028642440,COc1cc(N2CCCN(C)CC2)c2[nH]c(C(=O)Nc3ccc(N4CCOCC4)cc3)cc(=O)c2c1,9.05
ZINC000028642093,COc1cc(N2CC[C@@H](N(C)C)C2)c2[nH]c(C(=O)Nc3ccc(N4CCOCC4)cc3)cc(=O)c2c1,7.46
ZINC000028524642,COc1ccc(NC(=O)N2CCN(c3ccc(-c4ccccc4)cc3)CC2)cc1N1CCN(C)CC1,7.86
ZINC000040391174,O=C(Nc1cccc(Cn2ncc(N3CCNCC3)c(Cl)c2=O)c1)c1ccc(-c2ccccc2)cc1,6.28
ZINC000066252761,Cc1ccc2c(N3CCN(CCc4cccc(NC(=O)Nc5ccccc5F)c4)CC3)cccc2n1,9.0
ZINC000066252467,Cc1ccc2c(N3CCN(CCc4cccc(NC(=O)Nc5cccc(F)c5)c4)CC3)cccc2n1,8.4
ZINC000014022479,Cc1ccc2c(N3CCN(CCc4cccc(NC(=O)Nc5ccc(F)cc5)c4)CC3)cccc2n1,8.5
ZINC000040391807,CC(=O)N1CCC(c2cccc(CC3CCN(CCOc4cccc5nc(C)ccc45)CC3)c2)CC1,6.8
ZINC000013493002,Cn1nnc(-c2ccc3c(c2)c(C2CCN(CCN4CCNC4=O)CC2)cn3-c2ccc(F)cc2)n1,7.32
ZINC000013493011,Cn1nnnc1-c1ccc2c(c1)c(C1CCN(CCN3CCNC3=O)CC1)cn2-c1ccc(F)cc1,7.7
ZINC000034637755,CNC(=O)c1ncn2c1COc1c(CCN3CCN(c4cccc5nc(C)ccc45)CC3)cccc1-2,8.9
ZINC000013493018,Cn1cnc(-c2ccc3c(c2)c(C2CCN(CCN4CCOC4=O)CC2)cn3-c2ccc(F)cc2)n1,6.32
ZINC000013493013,O=C1NCCN1CCN1CCC(c2cn(-c3ccc(F)cc3)c3ccc(-c4cncnc4)cc23)CC1,8.38
ZINC000013493004,Cn1cc(-c2ccc3c(c2)c(C2CCN(CCN4CCNC4=O)CC2)cn3-c2ccc(F)cc2)cn1,7.35
ZINC000013493003,Cn1ccc(-c2ccc3c(c2)c(C2CCN(CCN4CCNC4=O)CC2)cn3-c2ccc(F)cc2)n1,6.96
ZINC000013493008,Cn1nccc1-c1ccc2c(c1)c(C1CCN(CCN3CCNC3=O)CC1)cn2-c1ccc(F)cc1,8.23
ZINC000013493012,O=C1NCCN1CCN1CCC(c2cn(-c3ccc(F)cc3)c3ccc(-c4ncccn4)cc23)CC1,7.12
ZINC000013493009,Cn1ccnc1-c1ccc2c(c1)c(C1CCN(CCN3CCNC3=O)CC1)cn2-c1ccc(F)cc1,7.96
ZINC000028530016,CN1CCc2c(sc3ncn(CCN4CCN(c5ccccc5Oc5ccccc5)CC4)c(=O)c23)C1,8.96
ZINC000013493021,O=C1OCCN1CCN1CCC(c2cn(-c3ccc(F)cc3)c3ccc(-c4ncccn4)cc23)CC1,6.44
ZINC000013493014,O=C1NCCN1CCN1CCC(c2cn(-c3ccc(F)cc3)c3ccc(-c4cccnc4)cc23)CC1,7.85
ZINC000064499263,Cc1ccc2c(N3CCN(CCc4cccc5c4OCc4nc(C(F)(F)F)cn4-5)CC3)cccc2n1,9.0
ZINC000013493017,Cn1nnc(-c2ccc3c(c2)c(C2CCN(CCN4CCOC4=O)CC2)cn3-c2ccc(F)cc2)n1,6.66
ZINC000028526102,CCc1c(C(=O)N2CCc3cc4ccnc(N5CCNCC5)c4cc32)cnn1-c1ccc(C#N)cc1,8.6
ZINC000013493000,Cn1ncc(-c2ccc3c(c2)c(C2CCN(CCN4CCNC4=O)CC2)cn3-c2ccc(F)cc2)n1,7.17
ZINC000001485923,Cn1cc(-c2ccc3c(c2)c(C2CCN(CCN4CCNC4=O)CC2)cn3-c2ccc(F)cc2)nn1,7.44
ZINC000013493010,Cn1nncc1-c1ccc2c(c1)c(C1CCN(CCN3CCNC3=O)CC1)cn2-c1ccc(F)cc1,8.55
ZINC000013493007,Cn1ncnc1-c1ccc2c(c1)c(C1CCN(CCN3CCNC3=O)CC1)cn2-c1ccc(F)cc1,8.19
ZINC000013493005,Cn1cnc(-c2ccc3c(c2)c(C2CCN(CCN4CCNC4=O)CC2)cn3-c2ccc(F)cc2)n1,7.17
ZINC000013493006,Cn1cnnc1-c1ccc2c(c1)c(C1CCN(CCN3CCNC3=O)CC1)cn2-c1ccc(F)cc1,7.7
ZINC000000600564,COc1ccc(NC(=O)c2ccc(-c3ccc(-c4noc(C)n4)cc3C)cc2)cc1OCCN(C)C,9.0
ZINC000013779294,COc1ccc(NC(=O)c2ccc(-c3ccc(-c4noc(C)n4)cc3C)cc2)cc1CCCN(C)C,8.5
ZINC000028641905,COc1cc(N(C)CCCN(C)C)c2[nH]c(C(=O)Nc3ccc(N4CCOCC4)cc3)cc(=O)c2c1,6.53
ZINC000013779292,COc1ccc(NC(=O)c2ccc(-c3ccc(-c4noc(C)n4)cc3C)cc2)cc1NCCN(C)C,8.6
ZINC000207280890,COc1ccccc1N1CCN(CCCCCC(=O)NCc2ccccc2-c2ccccc2Cl)CC1,8.15
ZINC000013606643,CN1CCN(c2cccc3ccc(OCC(=O)N4CCN(c5cccc6c5OCCO6)CC4)cc23)CC1,9.37
ZINC000013606633,CN1CCN(c2cccc3ccc(OCC(=O)N4CCN(c5cccc6ccccc56)CC4)cc23)CC1,9.37
ZINC000064516625,Cc1ccc2c(N3CCN(CCc4cccc5c4OCc4c(C(=O)N(C)C)ncn4-5)CC3)cccc2n1,9.2
ZINC000064510238,CO/N=C(\C)c1ncn2c1COc1c(CCN3CCN(c4cccc5nc(C)ccc45)CC3)cccc1-2,8.6
ZINC000028530490,COc1ccc(-c2ccccc2)cc1N1CCN(CCn2cnc3sc4c(c3c2=O)CCN(C)C4)CC1,6.93
ZINC000053261420,CN1CCc2c(sc3ncn(CCN4CCN(c5ccccc5OCc5ccccc5)CC4)c(=O)c23)C1,8.92
ZINC000064504069,CCOC(=O)c1ncn2c1COc1c(CCN3CCN(c4cccc5nc(C)ccc45)CC3)cccc1-2,8.9
ZINC000000591332,CCc1c(C(=O)N2CCc3cc4ccnc(N5CCN(C)CC5)c4cc32)cnn1-c1ccc(C#N)cc1,9.0
ZINC000013493001,CCn1ncc(-c2ccc3c(c2)c(C2CCN(CCN4CCNC4=O)CC2)cn3-c2ccc(F)cc2)n1,6.68
ZINC000013492999,CCn1cc(-c2ccc3c(c2)c(C2CCN(CCN4CCNC4=O)CC2)cn3-c2ccc(F)cc2)nn1,7.55
ZINC000013606640,COc1cccc(N2CCN(C(=O)COc3ccc4cccc(N5CCN(C)CC5)c4c3)CC2)c1OC,9.36
ZINC000000601006,Cc1nc(-c2ccc(-c3ccc(C(=O)Nc4cc5c(c(OCCN(C)C)c4)OCC5)cc3)c(C)c2)no1,8.8
ZINC000045374900,COC1(c2ccc(NC(=O)c3cc(=O)c4cc(F)cc(-c5c(C)nn(C)c5C)c4o3)cn2)CCOCC1,9.37
ZINC000013604972,NCCc1c[nH]c2ccc(OCCN3CCN(C(=O)COc4ccc5[nH]cc(CCN)c5c4)CC3)cc12,9.96
ZINC000028642707,COc1cc(N2CCN(C)CC2)c2nc(C(=O)Nc3ccc(N4CCOCC4)cc3)cc(N(C)C)c2c1,7.29
ZINC000040863575,Cc1ccc(Cn2ncc(N3CCNCC3)c(Cl)c2=O)cc1NC(=O)c1ccc(-c2ccccc2)cc1,6.11
ZINC000040862271,Cc1c(Cn2ncc(N3CCNCC3)c(Cl)c2=O)cccc1NC(=O)c1ccc(-c2ccccc2)cc1,6.23
ZINC000000598509,COc1ccc(NC(=O)c2ccc(-c3ccc(-c4noc(C)n4)cc3C)cc2)cc1N1CCN(C)CC1,9.85
ZINC000013779296,Cc1nc(-c2ccc(-c3ccc(C(=O)Nc4ccc5c(c4)N(CCN(C)C)CCO5)cc3)c(C)c2)no1,8.6
ZINC000040872887,Cc1ccc2c(OCCN3CCC(Cc4cccc(C5CCN(S(C)(=O)=O)CC5)c4)CC3)cccc2n1,7.1
ZINC000064521340,Cc1ccc2c(N3CCN(CCc4cccc5c4OCc4c(C(=O)N6CCC6)ncn4-5)CC3)cccc2n1,8.8
ZINC000064516440,Cc1ccc2c(N3CCN(CCc4cccc5c4OCc4c(C(=O)NC6CC6)ncn4-5)CC3)cccc2n1,9.3
ZINC000001484771,COc1cc2c(cc1OCCN(C)C)N(C(=O)c1ccc(-c3ccc(-c4noc(C)n4)cc3C)cc1)CC2,9.3
ZINC000033975018,CCC(=O)N1CCN(c2ccc(NC(=O)c3cc(=O)c4cc(F)cc(N5CCN(C)CC5)c4o3)cc2)CC1,8.77
ZINC000073138075,COc1ccc(NC(=O)c2ccc3c(c2)N(C)C(=O)CN3c2ccc(Cl)c(Cl)c2)cc1N1CCN(C)CC1,6.92
ZINC000029212591,CN1CCN(c2cccc3ccc(OCCOc4ccc5cccc(N6CCN(C)CC6)c5c4)cc23)CC1,8.68
ZINC000064479859,Cc1ccc2c(N3CCN(CCc4cccc5c4OCc4c(C(=O)NC(C)C)ncn4-5)CC3)cccc2n1,8.6
ZINC000028528223,CCc1c(C(=O)N2CCc3cc4ccnc(N5C[C@H](C)N[C@H](C)C5)c4cc32)cnn1-c1ccc(C#N)cc1,8.1
ZINC000028526152,CCc1c(C(=O)N2CCc3cc4ccnc(N5CCN(CC)CC5)c4cc32)cnn1-c1ccc(C#N)cc1,8.8
ZINC000040423830,CN1CCC(c2c[nH]c3ccc(NC(=O)CC(=O)Nc4ccc5[nH]cc(C6CCN(C)CC6)c5c4)cc23)CC1,7.8
ZINC000028528310,CCc1c(C(=O)N2CCc3cc4ccnc(N5CCN(C(C)C)CC5)c4cc32)cnn1-c1ccc(C#N)cc1,8.4
ZINC000064527783,Cc1ccc2c(N3CCN(CCc4cccc5c4OCc4c(C(=O)N6CCCC6)ncn4-5)CC3)cccc2n1,9.0
ZINC000064516308,Cc1ccc2c(N3CCN(CCc4cccc5c4OCc4c(C(=O)NC6CCC6)ncn4-5)CC3)cccc2n1,9.2
ZINC000064527861,Cc1ccc2c(N3CCN(CCc4cccc5c4OCc4c(C(=O)NCC6CC6)ncn4-5)CC3)cccc2n1,8.8
ZINC000028526956,CCc1c(C(=O)N2CCc3cc4ccnc(N5CCN6CCC[C@@H]6C5)c4cc32)cnn1-c1ccc(C#N)cc1,9.0
ZINC000028527821,CCc1c(C(=O)N2CCc3cc4ccnc(N5CCN6CCC[C@H]6C5)c4cc32)cnn1-c1ccc(C#N)cc1,8.7
ZINC000003919050,NCCc1c[nH]c2ccc(OCC(=O)Nc3ccc(NC(=O)COc4ccc5[nH]cc(CCN)c5c4)cc3)cc12,9.57
ZINC000064527877,Cc1ccc2c(N3CCN(CCc4cccc5c4OCc4c(C(=O)N6CCCCC6)ncn4-5)CC3)cccc2n1,8.8
ZINC000064527701,Cc1ccc2c(N3CCN(CCc4cccc5c4OCc4c(C(=O)NC6CCCC6)ncn4-5)CC3)cccc2n1,8.7
ZINC000064553044,Cc1ccc2c(N3CCN(CCc4cccc5c4OCc4c(C(=O)N6CCOCC6)ncn4-5)CC3)cccc2n1,9.0
ZINC000044305230,CN1CCC(c2c[nH]c3ccc(NC(=O)CCCC(=O)Nc4ccc5[nH]cc(C6CCN(C)CC6)c5c4)cc23)CC1,9.12
ZINC000026721222,Cn1cnc(-c2ccc3c(c2)c(C2CCN(CCn4c(=O)[nH]c5ccccc5c4=O)CC2)cn3-c2ccc(F)cc2)n1,6.25
ZINC000027551612,NCCc1c[nH]c2ccc(OCC(=O)N3CCC(C4CCN(C(=O)COc5ccc6[nH]cc(CCN)c6c5)CC4)CC3)cc12,9.66
ZINC000044351350,CN1CCC(c2c[nH]c3ccc(NC(=O)CCCCCCC(=O)Nc4ccc5[nH]cc(C6CCN(C)CC6)c5c4)cc23)CC1,8.89
ZINC000029207829,CN1CCN(c2cccc3ccc(OCC(=O)Nc4ccc(NC(=O)COc5ccc6[nH]cc(CCN)c6c5)cc4)cc23)CC1,9.15
ZINC000003919047,NCCc1c[nH]c2ccc(OCC(=O)Nc3ccc(N4CCN(C(=O)COc5ccc6[nH]cc(CCN)c6c5)CC4)cc3)cc12,9.85
ZINC000044307517,CN1CCC(c2c[nH]c3ccc(NC(=O)CCCCCCCCC(=O)Nc4ccc5[nH]cc(C6CCN(C)CC6)c5c4)cc23)CC1,9.1
ZINC000044307250,CN1CCC(c2c[nH]c3ccc(NC(=O)CCCCCCCCCC(=O)Nc4ccc5[nH]cc(C6CCN(C)CC6)c5c4)cc23)CC1,8.89
ZINC000029209235,CN1CCN(c2cccc3ccc(OCC(=O)N4CCN(C(=O)COc5ccc6cccc(N7CCN(C)CC7)c6c5)CC4)cc23)CC1,8.59
ZINC000049776277,CN1CCC(c2c[nH]c3ccc(NC(=O)CCCCCCCCCCCC(=O)Nc4ccc5[nH]cc(C6CCN(C)CC6)c5c4)cc23)CC1,10.0
ZINC000049888980,CN1CCC(c2c[nH]c3ccc(NC(=O)CCCCCCCCCCCCC(=O)Nc4ccc5[nH]cc(C6CCN(C)CC6)c5c4)cc23)CC1,9.3
ZINC000049889318,CN1CCC(c2c[nH]c3ccc(NC(=O)CCCCCCCCCCCCCC(=O)Nc4ccc5[nH]cc(C6CCN(C)CC6)c5c4)cc23)CC1,9.24
ZINC000049889416,CN1CCC(c2c[nH]c3ccc(NC(=O)CCCCCCCCCCCCCCC(=O)Nc4ccc5[nH]cc(C6CCN(C)CC6)c5c4)cc23)CC1,9.09
ZINC000049833494,O=C(Nc1ccc2[nH]cc(C3CCN(C/C=C/CN4CCC(c5c[nH]c6ccc(NC(=O)c7ccc(F)cc7)cc56)CC4)CC3)c2c1)c1ccc(F)cc1,6.99
ZINC000095615856,O=C(Nc1ccc2[nH]cc(C3CCN(CCCCCCN4CCC(c5c[nH]c6ccc(NC(=O)c7ccc(F)cc7)cc56)CC4)CC3)c2c1)c1ccc(F)cc1,7.0
ZINC000095615904,O=C(Nc1ccc2[nH]cc(C3CCN(CCCCCCCN4CCC(c5c[nH]c6ccc(NC(=O)c7ccc(F)cc7)cc56)CC4)CC3)c2c1)c1ccc(F)cc1,7.1
ZINC000095614954,O=C(Nc1ccc2[nH]cc(C3CCN(Cc4cccc(CN5CCC(c6c[nH]c7ccc(NC(=O)c8ccc(F)cc8)cc67)CC5)c4)CC3)c2c1)c1ccc(F)cc1,6.34
ZINC000095540389,O=C(Nc1ccc2[nH]cc(C3CCN(CCOCCOCCN4CCC(c5c[nH]c6ccc(NC(=O)c7ccc(F)cc7)cc56)CC4)CC3)c2c1)c1ccc(F)cc1,7.74
ZINC000095540776,O=C(Nc1ccc2[nH]cc(C3CCN(CCCCCCCCCN4CCC(c5c[nH]c6ccc(NC(=O)c7ccc(F)cc7)cc56)CC4)CC3)c2c1)c1ccc(F)cc1,6.9
ZINC000095615759,O=C(Nc1ccc2[nH]cc(C3CCN(CCCCCCCCCCN4CCC(c5c[nH]c6ccc(NC(=O)c7ccc(F)cc7)cc56)CC4)CC3)c2c1)c1ccc(F)cc1,7.42
ZINC000095615869,O=C(Nc1ccc2[nH]cc(C3CCN(CCCCCCCCCCCN4CCC(c5c[nH]c6ccc(NC(=O)c7ccc(F)cc7)cc56)CC4)CC3)c2c1)c1ccc(F)cc1,6.9
ZINC000095615789,O=C(Nc1ccc2[nH]cc(C3CCN(CCOCCOCCOCCN4CCC(c5c[nH]c6ccc(NC(=O)c7ccc(F)cc7)cc56)CC4)CC3)c2c1)c1ccc(F)cc1,7.49
