id,smiles,pKi
ZINC000000000504,CN1CCN2c3ccccc3Cc3ccccc3[C@@H]2C1,7.25
ZINC000000000509,CN1CCN2c3ncccc3Cc3ccccc3[C@@H]2C1,6.58
ZINC000000000855,CN1CCN2c3ccccc3Cc3ccccc3[C@H]2C1,7.25
ZINC000000001137,CN(C)CC/C=C1/c2ccccc2Sc2ccc(Cl)cc21,8.25
ZINC000000009073,CN1CCc2cccc3c2[C@H]1Cc1ccc(O)c(O)c1-3,6.73
ZINC000000009096,C[C@H](N)Cn1ncc2ccc(O)cc21,5.25
ZINC000000009253,O[C@H](c1ccc(F)cc1)C1CCN(CCc2ccc(F)cc2)CC1,5.87
ZINC000000009350,Cc1[nH]c2ccc(Cl)cc2c1C1=CCNCC1,5.52
ZINC000000012687,COc1ccccc1N1CCNCC1,6.61
ZINC000000338136,COc1cc2c3c(c1OC)-c1cc4c(cc1C[C@@H]3N(C)CC2)OCO4,7.17
ZINC000000338140,COc1cc2c3c(c1OC)-c1cc4c(cc1C[C@H]3N(C)CC2)OCO4,7.17
ZINC000000404450,C[C@H](N)Cc1c[nH]c2ccccc12,6.99
ZINC000000404451,C[C@@H](N)Cc1c[nH]c2ccccc12,6.99
ZINC000000595350,O=C1[C@H]2CCCN2C(=O)CN1CN1CCN(c2cccc3ccccc23)CC1,7.0
ZINC000000898438,COc1cc2c(cc1O)-c1c(O)c(OC)cc3c1[C@H](C2)N(C)CC3,7.1
ZINC000000968310,CN1CCN2c3ncccc3Cc3ccccc3[C@H]2C1,6.58
ZINC000001216211,O=S(=O)(c1ccccc1)N1C=Cc2ccccc2[C@H]1c1c[nH]c2ccccc12,5.83
ZINC000001216213,O=S(=O)(c1ccccc1)N1C=Cc2ccccc2[C@@H]1c1c[nH]c2ccccc12,5.83
ZINC000001489492,O=C1c2ccccc2CCCN1CCN1CCC(n2c(=O)[nH]c3cc(F)ccc32)CC1,8.65
ZINC000001530695,CSc1ccc2c(c1)N(CC[C@@H]1CCCCN1C)c1ccccc1S2,7.15
ZINC000001530697,CSc1ccc2c(c1)N(CC[C@H]1CCCCN1C)c1ccccc1S2,7.15
ZINC000001542113,N#Cc1ccc2[nH]cc(CCCCN3CCN(c4ccc5oc(C(N)=O)cc5c4)CC3)c2c1,5.52
ZINC000001545565,CCCCCNC(=N)N/N=C/c1c[nH]c2ccc(OC)cc12,7.0
ZINC000001546255,COc1ccccc1N1CCC(CNC[C@@H]2COc3ccc(Cl)cc3O2)CC1,7.57
ZINC000001851675,CN(C)CCc1cn(-c2ccccc2)c2ccccc12,5.92
ZINC000001896324,O=C1Nc2cccc3c2[C@]1(CCCCN1CCN(c2ccccn2)CC1)CCC3,8.7
ZINC000001896330,COc1ccccc1N1CCN(CCCC[C@]23CCCc4cccc(c42)NC3=O)CC1,8.3
ZINC000002007270,O=C1Nc2cccc3c2[C@]1(CCCCN1CCc2sccc2C1)CCC3,8.19
ZINC000002008410,CC(C)(C)[C@]1(O)CCN2C[C@H]3c4ccccc4CCc4cccc(c43)[C@@H]2C1,7.2
ZINC000002009671,COc1ccccc1N1CCN(CCCCN2C(=O)CCC2=O)CC1,7.05
ZINC000002386800,CN1CCc2cccc3c2[C@H]1Cc1ccccc1-3,7.06
ZINC000002654726,O[C@H](CNC[C@H]1COc2ccccc2O1)COCc1ccccc1Cl,6.58
ZINC000002654727,O[C@@H](CNC[C@H]1COc2ccccc2O1)COCc1ccccc1Cl,6.58
ZINC000002654728,O[C@H](CNC[C@@H]1COc2ccccc2O1)COCc1ccccc1Cl,6.58
ZINC000002654729,O[C@@H](CNC[C@@H]1COc2ccccc2O1)COCc1ccccc1Cl,6.58
ZINC000003825883,CNC[C@@H]1C[C@H]2c3ccccc3Cc3ccccc3N2O1,7.73
ZINC000003827662,OC[C@H](NC1CCN(CCCc2c[nH]c3ccc(-n4cnnc4)cc23)CC1)c1ccc(F)cc1,6.27
ZINC000003828188,COc1ccccc1N1CCN(CCCC[C@@]23CCCc4cccc(c42)NC3=O)CC1,8.3
ZINC000003828998,COc1ccccc1N1CCC(CNC[C@H]2COc3ccc(Cl)cc3O2)CC1,7.57
ZINC000003870312,CCCN(CCC)[C@@H]1CCc2cccc(O)c2C1,8.06
ZINC000003870313,CCCN(CCC)[C@H]1CCc2cccc(O)c2C1,6.82
ZINC000003874895,CCCN(CCC)[C@H]1CCc2c(F)ccc(O)c2C1,5.5
ZINC000003927092,CN(C)CCn1cc(S(=O)(=O)c2cccc(Cl)c2)c2cccnc21,5.91
ZINC000003927095,CN(C)CCn1cc(S(=O)(=O)c2cccc3ccccc23)c2cccnc21,6.29
ZINC000003941384,O=C1Nc2cccc3c2[C@@]1(CCCCN1CCc2sccc2C1)CCC3,8.19
ZINC000003947621,COc1cc2c(cc1O)-c1c(O)c(OC)cc3c1[C@@H](C2)N(C)CC3,7.1
ZINC000003978905,O=C1Nc2cccc3c2[C@@]1(CCCCN1CCN(c2ccccn2)CC1)CCC3,8.7
ZINC000003985556,O=C1Nc2cccc3c2[C@@]1(CCCCN1CC=C(c2ccccc2)CC1)CCC3,8.7
ZINC000004175630,Oc1nc2ccccc2n1C1CCN(CCCC(c2ccc(F)cc2)c2ccc(F)cc2)CC1,9.3
ZINC000004215367,COc1cc(N)c(Cl)cc1C(=O)N[C@H]1CCN(CCCOc2ccc(F)cc2)C[C@H]1OC,6.0
ZINC000004634575,CNC[C@H]1C[C@@H]2c3ccccc3Cc3ccccc3N2O1,7.73
ZINC000005845906,CCN(CC)C(=O)[C@@H]1C=C2c3cccc4[nH]cc(c34)C[C@H]2NC1,6.84
ZINC000006716248,COc1cc2c(cc1OC)CN(/C=N/c1ccc3c(c1)[C@H](O)CC3)CC2,6.4
ZINC000006716249,O[C@@H]1CCc2ccc(/N=C/N3CCc4ccccc4C3)cc21,5.57
ZINC000007653962,O[C@@H](CNC[C@H]1COc2ccccc2O1)COc1ccccc1F,6.71
ZINC000007653965,O[C@@H](CNC[C@@H]1COc2ccccc2O1)COc1ccccc1F,6.71
ZINC000007653967,O[C@H](CNC[C@H]1COc2ccccc2O1)COc1ccccc1F,6.71
ZINC000007653971,O[C@H](CNC[C@@H]1COc2ccccc2O1)COc1ccccc1F,6.71
ZINC000012068670,COc1ccccc1N1CCN(CCCNS(=O)(=O)c2ccc(C)cc2)CC1,7.28
ZINC000012068672,COc1ccc(S(=O)(=O)NCCCN2CCN(c3ccccc3OC)CC2)cc1,7.43
ZINC000012068831,O=S(=O)(NCCCN1CCN(c2ccccc2F)CC1)c1ccc2ccccc2c1,6.85
ZINC000012068836,COc1ccc(S(=O)(=O)NCCCN2CCN(c3ccccc3F)CC2)cc1,6.54
ZINC000012068913,O=S(=O)(NCCCN1CCN(c2ccccc2)CC1)c1ccc2ccccc2c1,6.17
ZINC000012068995,COc1ccc(N2CCN(CCCNS(=O)(=O)c3ccc4ccccc4c3)CC2)cc1,5.49
ZINC000012069000,COc1ccc(N2CCN(CCCNS(=O)(=O)c3ccc(OC)cc3)CC2)cc1,5.03
ZINC000012069077,O=S(=O)(NCCCN1CCN(c2ccc(F)cc2)CC1)c1ccc2ccccc2c1,7.28
ZINC000012069082,COc1ccc(S(=O)(=O)NCCCN2CCN(c3ccc(F)cc3)CC2)cc1,7.33
ZINC000013436892,CNC[C@H]1C[C@H]2c3ccccc3Cc3ccccc3N2O1,7.73
ZINC000013436895,CNC[C@@H]1C[C@@H]2c3ccccc3Cc3ccccc3N2O1,7.73
ZINC000013473674,O=C1Nc2cccc3c2[C@]1(CCCCN1CCN(c2ccccc2)CC1)CCC3,8.67
ZINC000013473675,O=C1Nc2cccc3c2[C@@]1(CCCCN1CCN(c2ccccc2)CC1)CCC3,8.67
ZINC000013473682,N#Cc1ccccc1N1CCN(CCCC[C@]23CCCc4cccc(c42)NC3=O)CC1,8.4
ZINC000013473683,N#Cc1ccccc1N1CCN(CCCC[C@@]23CCCc4cccc(c42)NC3=O)CC1,8.4
ZINC000013473700,O=C1Nc2cccc3c2[C@]1(CCCCN1CCC(c2ccccc2)CC1)CCC3,8.7
ZINC000013473701,O=C1Nc2cccc3c2[C@@]1(CCCCN1CCC(c2ccccc2)CC1)CCC3,8.7
ZINC000013473739,CNC(=O)Cn1c2c(c3ccccc31)CCN(CCCC[C@]13CCCc4cccc(c41)NC3=O)C2,8.4
ZINC000013473740,CNC(=O)Cn1c2c(c3ccccc31)CCN(CCCC[C@@]13CCCc4cccc(c41)NC3=O)C2,8.4
ZINC000013473855,O[C@H](c1ccc(F)cc1)C1CCN(CCc2ccccc2I)CC1,7.0
ZINC000013473856,O[C@@H](c1ccc(F)cc1)C1CCN(CCc2ccccc2I)CC1,7.0
ZINC000013473864,O[C@@H](c1ccc(F)cc1)C1CCN(CCc2ccc(F)cc2)CC1,5.87
ZINC000013491358,C[C@H]1C[C@@H](C)N1C(=O)[C@@H]1C=C2c3cccc4[nH]cc(c34)C[C@H]2N(C)C1,7.92
ZINC000013491359,C[C@@H]1C[C@@H](C)N1C(=O)[C@@H]1C=C2c3cccc4[nH]cc(c34)C[C@H]2N(C)C1,7.51
ZINC000013491360,C[C@H]1C[C@H](C)N1C(=O)[C@@H]1C=C2c3cccc4[nH]cc(c34)C[C@H]2N(C)C1,7.85
ZINC000013493235,COc1cccc(C(=O)CCCN2CCN(c3ccccc3OC)CC2)c1,6.96
ZINC000013493236,COc1cccc(C(=O)CCCCN2CCN(c3ccccc3OC)CC2)c1,7.07
ZINC000013493237,COc1cccc(C(=O)CCCCCN2CCN(c3ccccc3OC)CC2)c1,7.34
ZINC000013493238,COc1ccccc1N1CCN(CCCCC(=O)c2cccc(O)c2)CC1,7.82
ZINC000013493239,COc1ccccc1N1CCN(CCCCC(=O)c2ccccc2)CC1,7.36
ZINC000013493240,COc1ccccc1N1CCN(CCCCCC(=O)c2cccc(O)c2)CC1,7.57
ZINC000013493241,COc1ccccc1N1CCN(CCCCCC(=O)c2ccccc2)CC1,7.55
ZINC000013493242,COc1ccccc1N1CCN(CCCCC(=O)c2ccccc2O)CC1,7.79
ZINC000013493243,COc1ccccc1N1CCN(CCCCC(=O)c2ccc(O)cc2)CC1,7.23
ZINC000013493244,COc1ccccc1N1CCN(CCCCCC(=O)c2ccccc2O)CC1,8.24
ZINC000013493245,COc1ccccc1N1CCN(CCCCCC(=O)c2ccc(O)cc2)CC1,7.63
ZINC000013493248,O=C(CCCCCN1CCN(c2ccccn2)CC1)c1ccccc1O,6.98
ZINC000013493249,O=C(CCCCCN1CCN(c2ccccc2)CC1)c1ccccc1O,7.37
ZINC000013493250,O=C(CCCCCN1CCN(c2cccc(C(F)(F)F)c2)CC1)c1ccccc1O,6.42
ZINC000013493251,O=C(CCCCCN1CCN(c2nc3ccccc3o2)CC1)c1ccccc1O,6.83
ZINC000013493252,O=C(CCCCCN1CCN(c2nc3ccccc3[nH]2)CC1)c1ccccc1O,6.17
ZINC000013493253,COc1ccc2onc(N3CCN(CCCCCC(=O)c4ccccc4O)CC3)c2c1,6.34
ZINC000013493254,O=C(CCCCCN1CCN(c2noc3ccccc23)CC1)c1ccccc1O,8.53
ZINC000013493255,O=C(CCCN1CCN(c2noc3ccccc23)CC1)c1ccccc1O,7.71
ZINC000013493256,O=C(CCCCN1CCN(c2noc3ccccc23)CC1)c1ccccc1O,7.28
ZINC000013493257,COc1ccccc1C(=O)CCCCCN1CCN(c2noc3ccccc23)CC1,9.05
ZINC000013531145,CC(C)C1CCN(CCCCN2C(=O)c3cccc4cccc2c34)CC1,6.7
ZINC000013531166,COc1ccccc1N1CCN(CCCCN2C(=O)c3cccc4cccc2c34)CC1,7.2
ZINC000013531182,COc1ccccc1N1CCN(CCCCCN2C(=O)c3cccc4cccc2c34)CC1,7.0
ZINC000013531203,COc1ccccc1N1CCN(CCCCN2c3cccc4cccc(c34)S2(=O)=O)CC1,6.7
ZINC000013531213,O=S1(=O)c2cccc3cccc(c23)N1CCCCCN1CCN(c2ccccc2)CC1,6.7
ZINC000013531216,COc1ccccc1N1CCN(CCCCCN2c3cccc4cccc(c34)S2(=O)=O)CC1,6.6
ZINC000013531225,COc1ccccc1N1CCN(CCCCCCN2c3cccc4cccc(c34)S2(=O)=O)CC1,6.7
ZINC000013531231,O=C1Nc2cccc3c2[C@]1(CCN1CCN(c2ccccc2)CC1)CCC3,7.0
ZINC000013531234,O=C1Nc2cccc3c2[C@@]1(CCN1CCN(c2ccccc2)CC1)CCC3,7.0
ZINC000013531237,O=C1Nc2cccc3c2[C@]1(CCCN1CCN(c2ccccc2)CC1)CCC3,8.3
ZINC000013531240,O=C1Nc2cccc3c2[C@@]1(CCCN1CCN(c2ccccc2)CC1)CCC3,8.3
ZINC000013531270,COc1cccc(OC)c1-c1cccc2c1-c1cccc3c1[C@@H](C2)N(C)CC3,7.89
ZINC000013531273,Cc1cccc(O)c1-c1cccc2c1-c1cccc3c1[C@@H](C2)N(C)CC3,7.64
ZINC000013581248,CCCN(CCC)[C@H]1CCc2c(cccc2-c2ccccc2OC)C1,8.76
ZINC000013581250,CCCN(CCC)[C@H]1CCc2c(cccc2-c2ccc(OC)cc2)C1,7.91
ZINC000013581251,CCCN(CCC)[C@H]1CCc2c(cccc2-c2c(OC)cccc2OC)C1,8.1
ZINC000013581253,COc1cccc(OC)c1-c1cccc2c1CC[C@H](N)C2,7.1
ZINC000013581255,COc1cccc(OC)c1-c1cccc2c1CC[C@H](N(C)C)C2,8.59
ZINC000013581259,CCCN(CCC)[C@H]1COc2c(cccc2-c2ccccc2OC)C1,8.57
ZINC000013581261,CCCN(CCC)[C@@H]1COc2c(cccc2-c2ccccc2OC)C1,6.44
ZINC000013581263,CCCN(CCC)[C@H]1COc2c(cccc2-c2ccc(OC)cc2)C1,7.9
ZINC000013581265,CCCN(CCC)[C@H]1COc2c(cccc2-c2c(OC)cccc2OC)C1,8.19
ZINC000013584486,COc1ccc2c(c1)CCN(CCCNS(=O)(=O)c1ccccc1)C2,7.12
ZINC000013584488,CCN(CCCN1CCc2cc(OC)ccc2C1)S(=O)(=O)c1ccccc1,7.27
ZINC000013584490,COc1ccc2c(c1)CCN(CCCNS(=O)(=O)c1ccc(C)cc1)C2,6.28
ZINC000013584492,CCN(CCCN1CCc2cc(OC)ccc2C1)S(=O)(=O)c1ccc(C)cc1,7.96
ZINC000013584495,COc1ccc(S(=O)(=O)NCCCN2CCc3cc(OC)ccc3C2)cc1,6.44
ZINC000013584497,CCN(CCCN1CCc2cc(OC)ccc2C1)S(=O)(=O)c1ccc(OC)cc1,7.72
ZINC000013584499,COc1ccc2c(c1)CCN(CCCNS(=O)(=O)c1cccc3ccccc13)C2,6.41
ZINC000013584502,CCN(CCCN1CCc2cc(OC)ccc2C1)S(=O)(=O)c1cccc2ccccc12,6.25
ZINC000013584505,COc1ccc2c(c1)c(CCN(C)C)cn2C,5.93
ZINC000013584507,COc1ccc2[nH]cc(C3=CCN(Cc4ccccc4)CC3)c2c1,5.96
ZINC000013584512,COc1ccc2c(c1)N(CCN(C)C)CCO2,5.96
ZINC000013586503,COc1ccccc1N1CCN(CCC(=O)N[C@H]2CCCc3c(OC)cccc32)CC1,6.57
ZINC000013586504,COc1ccccc1N1CCN(CCC(=O)N[C@@H]2CCCc3c(OC)cccc32)CC1,6.57
ZINC000013586505,COc1ccccc1N1CCN(CCCC(=O)N[C@H]2CCCc3c(OC)cccc32)CC1,7.46
ZINC000013586506,COc1ccccc1N1CCN(CCCC(=O)N[C@@H]2CCCc3c(OC)cccc32)CC1,7.46
ZINC000013586507,COc1ccccc1N1CCN(CCCCC(=O)N[C@H]2CCCc3c(OC)cccc32)CC1,7.55
ZINC000013586508,COc1ccccc1N1CCN(CCCCC(=O)N[C@@H]2CCCc3c(OC)cccc32)CC1,7.55
ZINC000013586509,COc1ccccc1N1CCN(CCCCCC(=O)N[C@H]2CCCc3c(OC)cccc32)CC1,7.7
ZINC000013586510,COc1ccccc1N1CCN(CCCCCC(=O)N[C@@H]2CCCc3c(OC)cccc32)CC1,7.7
ZINC000013586511,COc1ccc2c(c1)CCC[C@@H]2NC(=O)CCCN1CCN(c2ccccc2OC)CC1,6.73
ZINC000013586512,COc1ccc2c(c1)CCC[C@H]2NC(=O)CCCN1CCN(c2ccccc2OC)CC1,6.73
ZINC000013586513,COc1ccc2c(c1)CCC[C@@H]2NC(=O)CCCCN1CCN(c2ccccc2OC)CC1,7.37
ZINC000013586514,COc1ccc2c(c1)CCC[C@H]2NC(=O)CCCCN1CCN(c2ccccc2OC)CC1,7.37
ZINC000013586515,COc1ccc2c(c1)CCC[C@@H]2NC(=O)CCCCCN1CCN(c2ccccc2OC)CC1,7.52
ZINC000013586516,COc1ccc2c(c1)CCC[C@H]2NC(=O)CCCCCN1CCN(c2ccccc2OC)CC1,7.52
ZINC000013586517,COc1ccc2c(c1)[C@H](NC(=O)CCCN1CCN(c3ccccc3OC)CC1)CCC2,6.89
ZINC000013586518,COc1ccc2c(c1)[C@@H](NC(=O)CCCN1CCN(c3ccccc3OC)CC1)CCC2,6.89
ZINC000013586519,COc1ccc2c(c1)[C@H](NC(=O)CCCCN1CCN(c3ccccc3OC)CC1)CCC2,7.42
ZINC000013586520,COc1ccc2c(c1)[C@@H](NC(=O)CCCCN1CCN(c3ccccc3OC)CC1)CCC2,7.42
ZINC000013586521,COc1ccc2c(c1)[C@H](NC(=O)CCCCCN1CCN(c3ccccc3OC)CC1)CCC2,7.39
ZINC000013586522,COc1ccc2c(c1)[C@@H](NC(=O)CCCCCN1CCN(c3ccccc3OC)CC1)CCC2,7.39
ZINC000013586523,COc1ccccc1N1CCN(CCCC(=O)N[C@@H]2CCCc3cccc(OC)c32)CC1,6.81
ZINC000013586524,COc1ccccc1N1CCN(CCCC(=O)N[C@H]2CCCc3cccc(OC)c32)CC1,6.81
ZINC000013586525,COc1ccccc1N1CCN(CCCCC(=O)N[C@@H]2CCCc3cccc(OC)c32)CC1,7.19
ZINC000013586526,COc1ccccc1N1CCN(CCCCC(=O)N[C@H]2CCCc3cccc(OC)c32)CC1,7.19
ZINC000013586527,COc1ccccc1N1CCN(CCCCCC(=O)N[C@@H]2CCCc3cccc(OC)c32)CC1,7.5
ZINC000013586528,COc1ccccc1N1CCN(CCCCCC(=O)N[C@H]2CCCc3cccc(OC)c32)CC1,7.5
ZINC000013586529,COc1ccccc1N1CCN(CCCC(=O)N[C@@H]2CCCc3ccccc32)CC1,7.04
ZINC000013586530,COc1ccccc1N1CCN(CCCC(=O)N[C@H]2CCCc3ccccc32)CC1,7.04
ZINC000013586531,COc1ccccc1N1CCN(CCCCC(=O)N[C@@H]2CCCc3ccccc32)CC1,8.22
ZINC000013586532,COc1ccccc1N1CCN(CCCCC(=O)N[C@H]2CCCc3ccccc32)CC1,8.22
ZINC000013586533,COc1ccccc1N1CCN(CCCCCC(=O)N[C@@H]2CCCc3ccccc32)CC1,8.18
ZINC000013586534,COc1ccccc1N1CCN(CCCCCC(=O)N[C@H]2CCCc3ccccc32)CC1,8.18
ZINC000013586535,O=C(CCCCCN1CCN(c2noc3ccccc23)CC1)N[C@@H]1CCCc2ccccc21,6.9
ZINC000013586536,O=C(CCCCCN1CCN(c2noc3ccccc23)CC1)N[C@H]1CCCc2ccccc21,6.9
ZINC000013586537,O=C(CCCCCN1CCN(c2nc3ccccc3o2)CC1)N[C@@H]1CCCc2ccccc21,6.09
ZINC000013586538,O=C(CCCCCN1CCN(c2nc3ccccc3o2)CC1)N[C@H]1CCCc2ccccc21,6.09
ZINC000013586539,O=C(CCCCCN1CCN(c2nc3ccccc3[nH]2)CC1)N[C@@H]1CCCc2ccccc21,6.45
ZINC000013586540,O=C(CCCCCN1CCN(c2nc3ccccc3[nH]2)CC1)N[C@H]1CCCc2ccccc21,6.45
ZINC000013586541,COc1ccc2oc(N3CCN(CCCCCC(=O)N[C@@H]4CCCc5ccccc54)CC3)nc2c1,6.15
ZINC000013586542,COc1ccc2oc(N3CCN(CCCCCC(=O)N[C@H]4CCCc5ccccc54)CC3)nc2c1,6.15
ZINC000013586543,N#Cc1ccccc1N1CCN(CCCCCC(=O)N[C@@H]2CCCc3ccccc32)CC1,7.31
ZINC000013586544,N#Cc1ccccc1N1CCN(CCCCCC(=O)N[C@H]2CCCc3ccccc32)CC1,7.31
ZINC000013586545,CC(=O)c1ccccc1N1CCN(CCCCCC(=O)N[C@@H]2CCCc3ccccc32)CC1,8.38
ZINC000013586546,CC(=O)c1ccccc1N1CCN(CCCCCC(=O)N[C@H]2CCCc3ccccc32)CC1,8.38
ZINC000013586547,COc1cc(Cl)ccc1N1CCN(CCCCCC(=O)N[C@@H]2CCCc3ccccc32)CC1,6.91
ZINC000013586548,COc1cc(Cl)ccc1N1CCN(CCCCCC(=O)N[C@H]2CCCc3ccccc32)CC1,6.91
ZINC000013586549,COc1ccc(OC)c(N2CCN(CCCCCC(=O)N[C@@H]3CCCc4ccccc43)CC2)c1,7.15
ZINC000013586550,COc1ccc(OC)c(N2CCN(CCCCCC(=O)N[C@H]3CCCc4ccccc43)CC2)c1,7.15
ZINC000013586551,COc1cccc(N2CCN(CCCCCC(=O)N[C@@H]3CCCc4ccccc43)CC2)c1,6.92
ZINC000013586552,COc1cccc(N2CCN(CCCCCC(=O)N[C@H]3CCCc4ccccc43)CC2)c1,6.92
ZINC000013586553,COc1ccc(N2CCN(CCCCCC(=O)N[C@@H]3CCCc4ccccc43)CC2)cc1,5.68
ZINC000013586554,COc1ccc(N2CCN(CCCCCC(=O)N[C@H]3CCCc4ccccc43)CC2)cc1,5.68
ZINC000013586555,N#Cc1cccc(N2CCN(CCCCCC(=O)N[C@@H]3CCCc4ccccc43)CC2)c1,7.01
ZINC000013586556,N#Cc1cccc(N2CCN(CCCCCC(=O)N[C@H]3CCCc4ccccc43)CC2)c1,7.01
ZINC000013586557,N#Cc1ccc(N2CCN(CCCCCC(=O)N[C@@H]3CCCc4ccccc43)CC2)cc1,5.85
ZINC000013586558,N#Cc1ccc(N2CCN(CCCCCC(=O)N[C@H]3CCCc4ccccc43)CC2)cc1,5.85
ZINC000013586559,CC(=O)c1cccc(N2CCN(CCCCCC(=O)N[C@@H]3CCCc4ccccc43)CC2)c1,6.3
ZINC000013586560,CC(=O)c1cccc(N2CCN(CCCCCC(=O)N[C@H]3CCCc4ccccc43)CC2)c1,6.3
ZINC000013586561,CC(=O)c1ccc(N2CCN(CCCCCC(=O)N[C@@H]3CCCc4ccccc43)CC2)cc1,5.58
ZINC000013586562,CC(=O)c1ccc(N2CCN(CCCCCC(=O)N[C@H]3CCCc4ccccc43)CC2)cc1,5.58
ZINC000013586563,NC(=O)c1ccccc1N1CCN(CCCCCC(=O)N[C@@H]2CCCc3ccccc32)CC1,6.64
ZINC000013586564,NC(=O)c1ccccc1N1CCN(CCCCCC(=O)N[C@H]2CCCc3ccccc32)CC1,6.64
ZINC000013586565,CSc1ccccc1N1CCN(CCCCCC(=O)N[C@@H]2CCCc3ccccc32)CC1,9.66
ZINC000013586566,CSc1ccccc1N1CCN(CCCCCC(=O)N[C@H]2CCCc3ccccc32)CC1,9.66
ZINC000013586567,CS(=O)(=O)c1ccccc1N1CCN(CCCCCC(=O)N[C@@H]2CCCc3ccccc32)CC1,6.53
ZINC000013586568,CS(=O)(=O)c1ccccc1N1CCN(CCCCCC(=O)N[C@H]2CCCc3ccccc32)CC1,6.53
ZINC000013586569,O=C(CCCCCN1CCN(c2ccccc2O)CC1)N[C@@H]1CCCc2ccccc21,7.94
ZINC000013586570,O=C(CCCCCN1CCN(c2ccccc2O)CC1)N[C@H]1CCCc2ccccc21,7.94
ZINC000013586571,O=C(CCCCCN1CCN(c2ccccc2Cl)CC1)N[C@@H]1CCCc2ccccc21,7.4
ZINC000013586572,O=C(CCCCCN1CCN(c2ccccc2Cl)CC1)N[C@H]1CCCc2ccccc21,7.4
ZINC000013586573,O=C(CCCCCN1CCN(c2ccccc2[N+](=O)[O-])CC1)N[C@@H]1CCCc2ccccc21,7.2
ZINC000013586574,O=C(CCCCCN1CCN(c2ccccc2[N+](=O)[O-])CC1)N[C@H]1CCCc2ccccc21,7.2
ZINC000013586575,Cc1ccccc1N1CCN(CCCCCC(=O)N[C@@H]2CCCc3ccccc32)CC1,7.82
ZINC000013586576,Cc1ccccc1N1CCN(CCCCCC(=O)N[C@H]2CCCc3ccccc32)CC1,7.82
ZINC000013586577,O=C(CCCCCN1CCN(c2ccccc2)CC1)N[C@@H]1CCCc2ccccc21,7.18
ZINC000013586578,O=C(CCCCCN1CCN(c2ccccc2)CC1)N[C@H]1CCCc2ccccc21,7.18
ZINC000013589373,,9.15
ZINC000013611459,CN(C)C[C@@H]1C[C@@H]2c3ccccc3Oc3ccc(F)cc3[C@H]2O1,7.24
ZINC000013611461,CN(C)C[C@H]1C[C@@H]2c3ccccc3Oc3ccc(F)cc3[C@H]2O1,7.1
ZINC000013611462,CN(C)C[C@@H]1C[C@@H]2c3ccccc3Oc3ccc(Cl)cc3[C@H]2O1,7.04
ZINC000013611464,CN(C)C[C@H]1C[C@@H]2c3ccccc3Oc3ccc(Cl)cc3[C@H]2O1,6.6
ZINC000013611467,CN(C)C[C@H]1C[C@@H]2c3ccccc3Oc3ccc(Br)cc3[C@H]2O1,7.46
ZINC000013611468,CN(C)C[C@@H]1C[C@@H]2c3ccccc3Sc3ccc(F)cc3[C@H]2O1,7.47
ZINC000013757612,Cc1cccc2c1-c1cccc3c1[C@@H](C2)N(C)CC3,7.42
ZINC000013806903,CN1CCc2ccc3c4c2[C@H]1Cc1cccc(c1-4)C3,8.16
ZINC000013806905,CN1CCc2ccc3c4c2[C@H]1Cc1cccc(c1-4)C3=O,6.54
ZINC000013806907,CN1CCc2ccc3c4c2[C@H]1Cc1cccc(c1-4)[C@H]3O,7.87
ZINC000013806910,CN1CCc2ccc3c4c2[C@H]1Cc1cccc(c1-4)[C@@H]3O,6.99
ZINC000013806913,CN1CCc2ccc3c4c2[C@H]1Cc1cccc(c1-4)[C@@]3(C)O,7.56
ZINC000013806915,CN1CCc2ccc3c4c2[C@H]1Cc1cccc(c1-4)[C@]3(C)O,8.37
ZINC000013806916,CC(=O)N[C@@H]1c2cccc3c2-c2c1ccc1c2[C@@H](C3)N(C)CC1,6.27
ZINC000013806918,CC(=O)N[C@H]1c2cccc3c2-c2c1ccc1c2[C@@H](C3)N(C)CC1,5.88
ZINC000013806925,C[C@@H]1c2cccc3c2-c2c1ccc1c2[C@@H](C3)N(C)CC1,8.47
ZINC000013806928,C[C@H]1c2cccc3c2-c2c1ccc1c2[C@@H](C3)N(C)CC1,8.25
ZINC000013806937,CCO[C@]1(CC)c2cccc3c2-c2c1ccc1c2[C@@H](C3)N(C)CC1,7.59
ZINC000013806939,CCO[C@@]1(CC)c2cccc3c2-c2c1ccc1c2[C@@H](C3)N(C)CC1,8.52
ZINC000013862602,CN1CCc2cccc3c2[C@H]1Cc1cccc(-c2c(O)cccc2O)c1-3,7.44
ZINC000013864297,O=c1[nH]c2ccccc2n1C1CCN(Cc2cc3c(cc2Cl)OCO3)CC1,6.12
ZINC000013864300,O=c1[nH]c2ccccc2n1C1=CCN(Cc2cc3c(cc2[N+](=O)[O-])OCO3)CC1,5.35
ZINC000013864302,Cc1ccc2[nH]c(=O)n(C3CCN(Cc4cc5c(cc4Cl)OCO5)CC3)c2c1,6.18
ZINC000013864325,Cc1ccc(CN2CCC(n3c(=O)[nH]c4ccccc43)CC2)c(Cl)c1,6.07
ZINC000013864326,N#Cc1ccc(CCOC(=O)N2CCN(CCCC(c3ccc(F)cc3)c3ccc(F)cc3)CC2)cc1,5.84
ZINC000013864327,O=C(OCCc1ccc(F)cc1)N1CCN(CCCC(c2ccc(F)cc2)c2ccc(F)cc2)CC1,6.14
ZINC000013864328,O=C(CCc1ccc(F)cc1)N1CCN(CCCC(c2ccc(F)cc2)c2ccc(F)cc2)CC1,5.93
ZINC000013864331,CCOc1ccc(CCOC(=O)N2CCN(CCCc3ccccc3)CC2)cc1,5.84
ZINC000013864332,CCOc1ccc(CCNC(=O)N2CCN(CCCC(c3ccc(F)cc3)c3ccc(F)cc3)CC2)cc1,5.69
ZINC000013864333,O=C(CCCc1ccccc1)N1CCN(CCCC(c2ccc(F)cc2)c2ccc(F)cc2)CC1,5.67
ZINC000013864334,N#Cc1ccc(CCOC(=O)NC2CCN(CCCC(c3ccc(F)cc3)c3ccc(F)cc3)CC2)cc1,6.0
ZINC000013978038,COc1cc2c(cc1OC)CN(/C=N/c1ccc3c(c1)[C@@H](O)CC3)CC2,6.4
ZINC000013978040,O[C@H]1CCc2ccc(/N=C/N3CCc4ccccc4C3)cc21,5.57
ZINC000013980700,CN(C)C[C@@H]1C[C@H]2c3ccccc3Oc3ccc(Cl)cc3[C@H]2O1,7.04
ZINC000013983000,NC(N)=NC(=O)c1ccc2c(c1)[C@@H](O)c1ccccc1-2,7.75
ZINC000013983002,NC(N)=NC(=O)c1ccc2c(c1)[C@H](O)c1ccccc1-2,7.75
ZINC000013986847,CC[C@@]1(CCCCN2CC=C(c3ccc(F)cc3)CC2)C(=O)Nc2ccccc21,8.92
ZINC000013986851,CC[C@]1(CCCCN2CC=C(c3ccc(F)cc3)CC2)C(=O)Nc2ccccc21,8.92
ZINC000014975951,CCc1ccccc1N1CCN(CCCCCC(=O)N[C@@H]2CCCc3ccccc32)CC1,8.15
ZINC000014975956,CCc1ccccc1N1CCN(CCCCCC(=O)N[C@H]2CCCc3ccccc32)CC1,8.15
ZINC000014975960,CCCc1ccccc1N1CCN(CCCCCC(=O)N[C@@H]2CCCc3ccccc32)CC1,7.3
ZINC000014975964,CCCc1ccccc1N1CCN(CCCCCC(=O)N[C@H]2CCCc3ccccc32)CC1,7.3
ZINC000014975967,CCCCc1ccccc1N1CCN(CCCCCC(=O)N[C@@H]2CCCc3ccccc32)CC1,5.55
ZINC000014975970,CCCCc1ccccc1N1CCN(CCCCCC(=O)N[C@H]2CCCc3ccccc32)CC1,5.55
ZINC000014975974,CC(C)c1ccccc1N1CCN(CCCCCC(=O)N[C@@H]2CCCc3ccccc32)CC1,8.96
ZINC000014975978,CC(C)c1ccccc1N1CCN(CCCCCC(=O)N[C@H]2CCCc3ccccc32)CC1,8.96
ZINC000014975981,CC(C)(C)c1ccccc1N1CCN(CCCCCC(=O)N[C@@H]2CCCc3ccccc32)CC1,6.27
ZINC000014975984,CC(C)(C)c1ccccc1N1CCN(CCCCCC(=O)N[C@H]2CCCc3ccccc32)CC1,6.27
ZINC000014975987,O=C(CCCCCN1CCN(c2ccccc2-c2ccccc2)CC1)N[C@@H]1CCCc2ccccc21,9.89
ZINC000014975990,O=C(CCCCCN1CCN(c2ccccc2-c2ccccc2)CC1)N[C@H]1CCCc2ccccc21,9.89
ZINC000014975993,CN(C)c1ccccc1N1CCN(CCCCCC(=O)N[C@@H]2CCCc3ccccc32)CC1,9.05
ZINC000014975996,CN(C)c1ccccc1N1CCN(CCCCCC(=O)N[C@H]2CCCc3ccccc32)CC1,9.05
ZINC000014976000,CNc1ccccc1N1CCN(CCCCCC(=O)N[C@@H]2CCCc3ccccc32)CC1,7.7
ZINC000014976004,CNc1ccccc1N1CCN(CCCCCC(=O)N[C@H]2CCCc3ccccc32)CC1,7.7
ZINC000014976007,Nc1ccccc1N1CCN(CCCCCC(=O)N[C@@H]2CCCc3ccccc32)CC1,5.09
ZINC000014976010,Nc1ccccc1N1CCN(CCCCCC(=O)N[C@H]2CCCc3ccccc32)CC1,5.09
ZINC000014976014,CC(=O)Nc1ccccc1N1CCN(CCCCCC(=O)N[C@@H]2CCCc3ccccc32)CC1,6.47
ZINC000014976017,CC(=O)Nc1ccccc1N1CCN(CCCCCC(=O)N[C@H]2CCCc3ccccc32)CC1,6.47
ZINC000014976021,CS(=O)(=O)Nc1ccccc1N1CCN(CCCCCC(=O)N[C@@H]2CCCc3ccccc32)CC1,5.37
ZINC000014976024,CS(=O)(=O)Nc1ccccc1N1CCN(CCCCCC(=O)N[C@H]2CCCc3ccccc32)CC1,5.37
ZINC000014976027,O=C(CCCCCN1CCN(c2ccccc2F)CC1)N[C@@H]1CCCc2ccccc21,6.88
ZINC000014976030,O=C(CCCCCN1CCN(c2ccccc2F)CC1)N[C@H]1CCCc2ccccc21,6.88
ZINC000014976033,O=C(CCCCCN1CCN(c2ccccn2)CC1)N[C@@H]1CCCc2ccccc21,6.56
ZINC000014976037,O=C(CCCCCN1CCN(c2ccccn2)CC1)N[C@H]1CCCc2ccccc21,6.56
ZINC000014976041,O=C(CCCCCN1CCN(c2cccc[n+]2[O-])CC1)N[C@@H]1CCCc2ccccc21,5.1
ZINC000014976045,O=C(CCCCCN1CCN(c2cccc[n+]2[O-])CC1)N[C@H]1CCCc2ccccc21,5.1
ZINC000019362651,CSc1ccc2c(c1)[C@H](N1CCN(C)CC1)Cc1ccccc1S2,9.22
ZINC000019688764,COc1cccc([C@@H]2NCCc3c2[nH]c2ccccc32)c1,5.77
ZINC000019688766,COc1cccc([C@H]2NCCc3c2[nH]c2ccccc32)c1,5.77
ZINC000019688794,Oc1cccc([C@@H]2NCCc3c2[nH]c2ccccc32)c1,5.96
ZINC000019688796,Oc1cccc([C@H]2NCCc3c2[nH]c2ccccc32)c1,5.96
ZINC000019796158,CN1CCN(C2=Nc3ccccc3Oc3ccc(Cl)cc32)CC1,7.37
ZINC000022002214,CCc1c(C)[nH]c2c1C(=O)[C@H](CN1CCOCC1)CC2,6.58
ZINC000022002218,CCc1c(C)[nH]c2c1C(=O)[C@@H](CN1CCOCC1)CC2,6.58
ZINC000022925772,O=C1Nc2cccc3c2[C@]1(CCCCN1CCN(C2CCCCC2)CC1)CCC3,5.0
ZINC000022925775,O=C1Nc2cccc3c2[C@@]1(CCCCN1CCN(C2CCCCC2)CC1)CCC3,5.0
ZINC000022939895,Brc1ccc2c(ccn2CCN2CCN3CCCC[C@@H]3C2)c1,6.8
ZINC000022939898,Brc1ccc2ccn(CCN3CCN4CCCC[C@@H]4C3)c2c1,7.15
ZINC000022939993,Brc1ccc2ccn(CCN3CCCN4CCCC[C@@H]4C3)c2c1,8.52
ZINC000022940028,Clc1ccc2ccn(CCN3CCCN4CCCC[C@@H]4C3)c2c1,8.0
ZINC000022940031,FC(F)(F)c1ccc2ccn(CCN3CCCN4CCCC[C@@H]4C3)c2c1,8.15
ZINC000026479212,C[C@H](Nc1nc(N)nc(NC[C@H]2C[C@@H]2c2ccc(F)cc2)n1)c1ccccc1,7.3
ZINC000026669536,COc1cccc(C[C@@H]2NCCc3c2[nH]c2ccccc32)c1,7.59
ZINC000026669541,COc1cccc(C[C@H]2NCCc3c2[nH]c2ccccc32)c1,7.59
ZINC000026673935,c1ccc2c3c([nH]c2c1)[C@@H](Cc1ccc2c(c1)OCO2)NCC3,8.05
ZINC000026673938,c1ccc2c3c([nH]c2c1)[C@H](Cc1ccc2c(c1)OCO2)NCC3,8.05
ZINC000027192954,CN1CCc2cccc3c2[C@H]1C[C@H]1C=CC(O)=C(O)[C@H]31,6.73
ZINC000027192958,CN1CCc2cccc3c2[C@H]1C[C@H]1C=CC(O)=C(O)[C@@H]31,6.73
ZINC000027193018,CN1CCc2ccc3cnc4cccc5c4c3c2[C@H]1C5,7.57
ZINC000027194163,CN1CCc2ccc3oc(=O)c4cccc5c4c3c2[C@H]1C5,5.83
ZINC000027197072,CN1CCc2ccc3c(=O)[nH]c4cccc5c4c3c2[C@H]1C5,7.26
ZINC000027199038,CN1CCc2ccc3ncc4cccc5c4c3c2[C@H]1C5,7.09
ZINC000027200035,CN1CCc2ccc3c4c2[C@H]1C[C@H]1C=CC=C(C3)[C@@H]41,8.16
ZINC000027200041,CN1CCc2ccc3c4c2[C@H]1C[C@@H]1C=CC=C(C3)[C@@H]41,8.16
ZINC000027200443,CSc1ccc2c(c1)C(CCN)=CC2,8.66
ZINC000027201394,CN1CCc2ccc3c(=O)oc4cccc5c4c3c2[C@H]1C5,6.55
ZINC000027431636,C[C@H]1C[C@H](C)N1C(=O)[C@@H]1C=C2c3cccc4[nH]cc(c34)C[C@@H]2N(C)C1,7.85
ZINC000027431914,C[C@H]1C[C@@H](C)N1C(=O)[C@@H]1C=C2c3cccc4[nH]cc(c34)C[C@@H]2N(C)C1,7.92
ZINC000027442436,C[C@@H]1C[C@@H](C)N1C(=O)[C@@H]1C=C2c3cccc4[nH]cc(c34)C[C@@H]2N(C)C1,7.51
ZINC000028114276,COc1ccccc1N1CCN(Cc2ccn(-c3ccccc3C(F)(F)F)c2)CC1,6.98
ZINC000028342073,C[C@@H](Nc1nc(N)nc(NCCc2cccs2)n1)c1ccc(F)cc1,8.7
ZINC000028342079,C[C@H](Nc1nc(N)nc(NCCc2cccs2)n1)c1ccc(F)cc1,8.7
ZINC000028349608,COc1c(-c2ccc3c(c2)C[C@H](N(C)C)CO3)ccc2ccccc12,7.12
ZINC000028358597,COc1cccc(OC)c1-c1ccc2c(c1)C[C@H](N(C)C)CO2,6.44
ZINC000028359573,C[C@@H](Nc1nc(N)nc(NCCc2ccccc2)n1)c1ccc(F)cc1,8.1
ZINC000028359578,C[C@H](Nc1nc(N)nc(NCCc2ccccc2)n1)c1ccc(F)cc1,8.1
ZINC000028363034,C[C@@H](Nc1nccc(NCCc2ccccc2)n1)c1ccccc1,8.22
ZINC000028363041,C[C@H](Nc1nccc(NCCc2ccccc2)n1)c1ccccc1,8.22
ZINC000028363048,C[C@@H](Nc1nccc(NCCOc2ccc(F)cc2)n1)c1ccccc1,9.0
ZINC000028363056,C[C@H](Nc1nccc(NCCOc2ccc(F)cc2)n1)c1ccccc1,9.0
ZINC000028363350,C[C@@H](Nc1nc(N)nc(NCCCc2ccccc2)n1)c1ccccc1,7.22
ZINC000028363358,C[C@H](Nc1nc(N)nc(NCCCc2ccccc2)n1)c1ccccc1,7.22
ZINC000028363497,C[C@@H](Nc1nc(N)nc(NCCOc2ccccc2)n1)c1ccccc1,8.1
ZINC000028372929,C[C@@H](Nc1ccnc(NCCc2ccc(F)cc2)n1)c1ccccc1,8.22
ZINC000028372938,C[C@H](Nc1ccnc(NCCc2ccc(F)cc2)n1)c1ccccc1,8.22
ZINC000028385398,COc1ccccc1N1CCN(C/C=C/CN2C(=O)CCC2=O)CC1,7.2
ZINC000028396726,COc1ccccc1N1CCN(Cc2ccccc2CN2C(=O)c3ccccc3C2=O)CC1,6.44
ZINC000028397710,COc1ccccc1N1CCN(C/C=C\CN2C(=O)CCC2=O)CC1,6.1
ZINC000028397714,COc1ccccc1N1CCN(Cc2ccccc2CN2C(=O)CCC2=O)CC1,6.04
ZINC000028458307,CC1=CC=C[C@H](C#N)[C@H]1c1cccc2c1-c1cccc3c1[C@@H](C2)N(C)CC3,7.68
ZINC000028458743,O=S(=O)(c1ccc2c(c1)CC=C2)N1CCC[C@@H]1CCN1CCC(Oc2ccc(Cl)cc2)CC1,8.7
ZINC000028475410,O=C1[C@@H]2CCCN2C(=O)CN1CN1CCN(c2cccc3ccccc23)CC1,7.0
ZINC000028521179,CN(C)C[C@H]1C[C@H]2c3ccccc3Oc3ccc(Cl)cc3[C@H]2O1,6.6
ZINC000028523021,CN(C)C[C@H]1C[C@H]2c3ccccc3Oc3ccc(F)cc3[C@H]2O1,7.1
ZINC000028523216,CN(C)C[C@@H]1C[C@H]2c3ccccc3Oc3ccc(F)cc3[C@H]2O1,7.24
ZINC000028523621,CN(C)C[C@H]1C[C@H]2c3ccccc3Sc3ccc(F)cc3[C@H]2O1,8.21
ZINC000028523812,CN(C)C[C@H]1C[C@H]2c3ccccc3Oc3ccc(Br)cc3[C@H]2O1,7.46
ZINC000028523813,CN(C)C[C@@H]1C[C@H]2c3ccccc3Sc3ccc(F)cc3[C@H]2O1,7.47
ZINC000028526528,COc1ccc2[nH]c(C)c(C3=CCNCC3)c2c1,5.01
ZINC000028652662,CCOc1nc2c(c(=O)n(C)c(=O)n2C)n1CCCN1CCN(c2ccccc2)CC1,6.32
ZINC000028652670,CCOc1nc2c(c(=O)n(C)c(=O)n2C)n1CCCN1CCN(c2ccccc2OC)CC1,6.39
ZINC000028652678,CCOc1nc2c(c(=O)n(C)c(=O)n2C)n1CCCN1CCN(c2cccc(Cl)c2)CC1,6.89
ZINC000028652682,CCCOc1nc2c(c(=O)n(C)c(=O)n2C)n1CCCN1CCN(c2ccccc2)CC1,6.01
ZINC000028652686,CCCOc1nc2c(c(=O)n(C)c(=O)n2C)n1CCCN1CCN(c2ccccc2OC)CC1,6.48
ZINC000028652694,CCCOc1nc2c(c(=O)n(C)c(=O)n2C)n1CCCN1CCN(c2cccc(Cl)c2)CC1,6.57
ZINC000028652698,CCOc1nc2c(c(=O)n(C)c(=O)n2C)n1CCCCN1CCN(c2ccccc2)CC1,6.71
ZINC000028652706,CCOc1nc2c(c(=O)n(C)c(=O)n2C)n1CCCCN1CCN(c2cccc(Cl)c2)CC1,7.29
ZINC000028652736,CCCOc1nc2c(c(=O)n(C)c(=O)n2C)n1CCCCN1CCN(c2ccccc2)CC1,6.17
ZINC000028652744,CCCOc1nc2c(c(=O)n(C)c(=O)n2C)n1CCCCN1CCN(c2ccccc2OC)CC1,6.8
ZINC000028652748,CCCOc1nc2c(c(=O)n(C)c(=O)n2C)n1CCCCN1CCN(c2cccc(Cl)c2)CC1,6.9
ZINC000028652760,CCOc1nc2c(c(=O)n(C)c(=O)n2C)n1CCCN1CCc2ccccc2C1,5.24
ZINC000028652764,CCCOc1nc2c(c(=O)n(C)c(=O)n2C)n1CCCN1CCc2ccccc2C1,5.36
ZINC000028652768,CCOc1nc2c(c(=O)n(C)c(=O)n2C)n1CCCCN1CCc2ccccc2C1,7.08
ZINC000028652773,CCCOc1nc2c(c(=O)n(C)c(=O)n2C)n1CCCCN1CCc2ccccc2C1,7.24
ZINC000028652782,Cn1c(=O)c2c(nc(O)n2CCCN2CCN(c3cccc(Cl)c3)CC2)n(C)c1=O,5.73
ZINC000028652785,Cn1c(=O)c2c(nc(O)n2CCCCN2CCN(c3ccccc3)CC2)n(C)c1=O,5.74
ZINC000028652789,Cn1c(=O)c2c(nc(O)n2CCCCN2CCN(c3cccc(Cl)c3)CC2)n(C)c1=O,5.44
ZINC000028873107,COc1ccccc1N1CCN(CCc2cccc(OCCOc3cccc(CCN4CCN(c5ccccc5OC)CC4)c3)c2)CC1,8.66
ZINC000028873114,COc1ccccc1N1CCN(CCc2cccc(OCCCOc3cccc(CCN4CCN(c5ccccc5OC)CC4)c3)c2)CC1,8.25
ZINC000028873119,COc1ccccc1N1CCN(CCc2cccc(OCCCCOc3cccc(CCN4CCN(c5ccccc5OC)CC4)c3)c2)CC1,9.05
ZINC000028873124,COc1ccccc1N1CCN(CCc2cccc(OCCCCCOc3cccc(CCN4CCN(c5ccccc5OC)CC4)c3)c2)CC1,8.76
ZINC000028873139,COc1ccccc1N1CCN(CCc2cccc(OCCCCCCOc3cccc(CCN4CCN(c5ccccc5OC)CC4)c3)c2)CC1,8.8
ZINC000028873144,COc1ccccc1N1CCN(CCc2cccc(OCCCCCCCCOc3cccc(CCN4CCN(c5ccccc5OC)CC4)c3)c2)CC1,8.32
ZINC000028873150,COc1ccccc1N1CCN(CCc2cccc(OCCCCCCCCCCOc3cccc(CCN4CCN(c5ccccc5OC)CC4)c3)c2)CC1,7.55
ZINC000028873155,COc1ccccc1N1CCN(CCc2cccc(OCCOCCOc3cccc(CCN4CCN(c5ccccc5OC)CC4)c3)c2)CC1,9.21
ZINC000028873160,COc1ccccc1N1CCN(CCc2cccc(OC(=O)COCC(=O)Oc3cccc(CCN4CCN(c5ccccc5OC)CC4)c3)c2)CC1,8.56
ZINC000028876268,O=C1[C@H]2CC=CC[C@@H]2C(=O)N1CCCCN1CCN(c2cccc(C(F)(F)F)c2)CC1,7.51
ZINC000028876290,O=C1[C@@H]2CC=CC[C@H]2C(=O)N1C1CCC(N2CCN(c3cccc(C(F)(F)F)c3)CC2)CC1,6.47
ZINC000028876318,C[C@H]1C(=O)N(CCCCN2CCN(c3cccc(C(F)(F)F)c3)CC2)C(=O)[C@@H]1C,6.97
ZINC000028889393,COc1cccc(C[C@@H]2NCCc3c2[nH]c2ccc(OC)cc32)c1,7.35
ZINC000028889399,COc1cccc(C[C@H]2NCCc3c2[nH]c2ccc(OC)cc32)c1,7.35
ZINC000028889406,COc1ccc2[nH]c3c(c2c1)CCN[C@@H]3Cc1ccc2c(c1)OCO2,7.44
ZINC000028889411,COc1ccc2[nH]c3c(c2c1)CCN[C@H]3Cc1ccc2c(c1)OCO2,7.44
ZINC000028889417,CCCSc1ccccc1C[C@@H]1NCCc2c1[nH]c1ccccc21,7.7
ZINC000028889421,CCCSc1ccccc1C[C@H]1NCCc2c1[nH]c1ccccc21,7.7
ZINC000028889426,CSc1ccccc1C[C@@H]1NCCc2c1[nH]c1ccccc21,7.46
ZINC000028889430,CSc1ccccc1C[C@H]1NCCc2c1[nH]c1ccccc21,7.46
ZINC000028889437,CSc1ccc(C[C@@H]2NCCc3c2[nH]c2ccccc32)cc1,6.77
ZINC000028889442,CSc1ccc(C[C@H]2NCCc3c2[nH]c2ccccc32)cc1,6.77
ZINC000028889447,Oc1c(F)cccc1C[C@@H]1NCCc2c1[nH]c1ccccc21,7.34
ZINC000028889453,Oc1c(F)cccc1C[C@H]1NCCc2c1[nH]c1ccccc21,7.34
ZINC000028978554,C[C@@]1(c2cccc(OCc3ccccc3)c2)C(=O)Nc2cc(Cl)cc(Cl)c2C1=O,6.22
ZINC000028978558,C[C@]1(c2cccc(OCc3ccccc3)c2)C(=O)Nc2cc(Cl)cc(Cl)c2C1=O,6.22
ZINC000029052504,CC[C@@]1(CCCCN2CCN(c3ccc(Cl)cc3)CC2)C(=O)Nc2ccc(Cl)cc21,8.96
ZINC000029052509,CC[C@]1(CCCCN2CCN(c3ccc(Cl)cc3)CC2)C(=O)Nc2ccc(Cl)cc21,8.96
ZINC000029052514,CC[C@@]1(CCCCN2CCN(c3cccc(Cl)c3)CC2)C(=O)Nc2c(Cl)cc(Cl)cc21,8.02
ZINC000029052520,CC[C@]1(CCCCN2CCN(c3cccc(Cl)c3)CC2)C(=O)Nc2c(Cl)cc(Cl)cc21,8.02
ZINC000029052525,CC[C@@]1(CCCCN2CCN(c3ccc(Cl)cc3)CC2)C(=O)Nc2ccc(F)cc21,8.55
ZINC000029052530,CC[C@]1(CCCCN2CCN(c3ccc(Cl)cc3)CC2)C(=O)Nc2ccc(F)cc21,8.55
ZINC000029052535,CC(C)C[C@@]1(CCCCN2CCN(c3cccc(Cl)c3)CC2)C(=O)Nc2ccccc21,8.74
ZINC000029052539,CC(C)C[C@]1(CCCCN2CCN(c3cccc(Cl)c3)CC2)C(=O)Nc2ccccc21,8.74
ZINC000029052542,CC[C@@]1(CCCCN2CCN(c3cccc(Cl)c3)CC2)C(=O)Nc2c(Cl)cc(F)cc21,8.32
ZINC000029052547,CC[C@]1(CCCCN2CCN(c3cccc(Cl)c3)CC2)C(=O)Nc2c(Cl)cc(F)cc21,8.32
ZINC000029052552,O=C1Nc2ccc(F)cc2[C@H]1CCCCN1CCN(c2ccc(F)cc2)CC1,8.47
ZINC000029052564,CC[C@@]1(CCCCN2CCN(c3ccc(F)cc3)CC2)C(=O)Nc2ccc(F)cc21,8.82
ZINC000029052569,CC[C@]1(CCCCN2CCN(c3ccc(F)cc3)CC2)C(=O)Nc2ccc(F)cc21,8.82
ZINC000029052738,CC[C@@]1(CCCCN2CCN(c3cccc(Cl)c3)CC2)C(=O)Nc2cc(F)c(Cl)cc21,8.04
ZINC000029052743,CC[C@]1(CCCCN2CCN(c3cccc(Cl)c3)CC2)C(=O)Nc2cc(F)c(Cl)cc21,8.04
ZINC000029052746,CC[C@@]1(CCCCN2CCN(c3cccc(Cl)c3)CC2)C(=O)Nc2ccc(Cl)cc21,8.08
ZINC000029052751,CC[C@]1(CCCCN2CCN(c3cccc(Cl)c3)CC2)C(=O)Nc2ccc(Cl)cc21,8.08
ZINC000029052756,CC[C@@]1(CCCCN2CCN(c3cccc(Cl)c3)CC2)C(=O)Nc2cc(F)ccc21,9.17
ZINC000029052761,CC[C@]1(CCCCN2CCN(c3cccc(Cl)c3)CC2)C(=O)Nc2cc(F)ccc21,9.17
ZINC000029052765,CC[C@@]1(CCCCN2CCN(c3cccc(Cl)c3)CC2)C(=O)Nc2ccc(F)cc21,8.68
ZINC000029052770,CC[C@]1(CCCCN2CCN(c3cccc(Cl)c3)CC2)C(=O)Nc2ccc(F)cc21,8.68
ZINC000029052774,O=C1Nc2ccc(F)cc2[C@H]1CCCCN1CCN(c2cccc(Cl)c2)CC1,8.71
ZINC000029052786,CC[C@@]1(CCCCN2CCN(c3ccccc3OC)CC2)C(=O)N(Cc2ccccc2)c2ccccc21,8.18
ZINC000029052791,CC[C@]1(CCCCN2CCN(c3ccccc3OC)CC2)C(=O)N(Cc2ccccc2)c2ccccc21,8.18
ZINC000029052974,CC[C@@]1(CCCCN2CCN(c3ccccc3)CC2)C(=O)N(C)c2ccccc21,7.48
ZINC000029052978,CC[C@]1(CCCCN2CCN(c3ccccc3)CC2)C(=O)N(C)c2ccccc21,7.48
ZINC000029052982,CC[C@@]1(CCCCN2CCN(c3ccccc3OC)CC2)C(=O)Nc2ccccc21,8.27
ZINC000029052987,CC[C@]1(CCCCN2CCN(c3ccccc3OC)CC2)C(=O)Nc2ccccc21,8.27
ZINC000029052992,CC[C@@]1(CCCCCN2CCN(c3ccc(Cl)cc3)CC2)C(=O)Nc2ccccc21,8.91
ZINC000029052997,CC[C@]1(CCCCCN2CCN(c3ccc(Cl)cc3)CC2)C(=O)Nc2ccccc21,8.91
ZINC000029053001,CC[C@@]1(CCCCN2CCN(c3ccccc3)CC2)C(=O)Nc2ccccc21,8.68
ZINC000029053005,CC[C@]1(CCCCN2CCN(c3ccccc3)CC2)C(=O)Nc2ccccc21,8.68
ZINC000029053256,CC[C@@]1(CCCCN2CCN(c3ccc(Cl)cc3)CC2)C(=O)Nc2ccccc21,9.42
ZINC000029053261,CC[C@]1(CCCCN2CCN(c3ccc(Cl)cc3)CC2)C(=O)Nc2ccccc21,9.42
ZINC000029053265,CC[C@@]1(CCCCCN2CCN(c3cccc(Cl)c3)CC2)C(=O)Nc2ccccc21,8.84
ZINC000029053270,CC[C@]1(CCCCCN2CCN(c3cccc(Cl)c3)CC2)C(=O)Nc2ccccc21,8.84
ZINC000029053275,CC[C@@]1(CCCCN2CCN(c3cccc(Cl)c3)CC2)C(=O)Nc2ccccc21,9.4
ZINC000029053280,CC[C@]1(CCCCN2CCN(c3cccc(Cl)c3)CC2)C(=O)Nc2ccccc21,9.4
ZINC000029053475,CC[C@@]1(CCCN2CCN(c3cccc(Cl)c3)CC2)C(=O)Nc2ccccc21,7.68
ZINC000029053477,CC[C@]1(CCCN2CCN(c3cccc(Cl)c3)CC2)C(=O)Nc2ccccc21,7.68
ZINC000029053660,CC[C@@]1(CCCCN2CCc3ccccc3C2)C(=O)Nc2ccccc21,8.12
ZINC000029053665,CC[C@]1(CCCCN2CCc3ccccc3C2)C(=O)Nc2ccccc21,8.12
ZINC000029053852,CC[C@@]1(CCCCN2CCc3sccc3C2)C(=O)Nc2ccccc21,8.37
ZINC000029053857,CC[C@]1(CCCCN2CCc3sccc3C2)C(=O)Nc2ccccc21,8.37
ZINC000029054081,CC[C@@]1(CCCCN2CCC(c3ccc(F)cc3)CC2)C(=O)Nc2ccccc21,8.28
ZINC000029054084,CC[C@]1(CCCCN2CCC(c3ccc(F)cc3)CC2)C(=O)Nc2ccccc21,8.28
ZINC000029054847,CC[C@@]1(CCCCN2CC=C(c3ccc(Cl)cc3)CC2)C(=O)Nc2ccccc21,8.99
ZINC000029054852,CC[C@]1(CCCCN2CC=C(c3ccc(Cl)cc3)CC2)C(=O)Nc2ccccc21,8.99
ZINC000029054964,CC[C@@]1(CCCCN2CCN(c3ccc(F)c(Cl)c3)CC2)C(=O)Nc2ccccc21,9.22
ZINC000029054969,CC[C@]1(CCCCN2CCN(c3ccc(F)c(Cl)c3)CC2)C(=O)Nc2ccccc21,9.22
ZINC000029054974,CC[C@@]1(CCCCN2CCN(c3ccc(C)c(Cl)c3)CC2)C(=O)Nc2ccccc21,9.18
ZINC000029054979,CC[C@]1(CCCCN2CCN(c3ccc(C)c(Cl)c3)CC2)C(=O)Nc2ccccc21,9.18
ZINC000029054982,CC[C@@]1(CCCCN2CCN(c3ccc(Cl)c(Cl)c3)CC2)C(=O)Nc2ccccc21,9.22
ZINC000029054987,CC[C@]1(CCCCN2CCN(c3ccc(Cl)c(Cl)c3)CC2)C(=O)Nc2ccccc21,9.22
ZINC000029055151,CC[C@@]1(CCCCN2CCN(c3ccc(Cl)cc3)CC2)C(=O)Nc2c(Cl)cc(Cl)cc21,8.02
ZINC000029055155,CC[C@]1(CCCCN2CCN(c3ccc(Cl)cc3)CC2)C(=O)Nc2c(Cl)cc(Cl)cc21,8.02
ZINC000029055159,CC[C@@]1(CCCCN2CCN(c3ccc(F)cc3)CC2)C(=O)Nc2ccccc21,9.37
ZINC000029055164,CC[C@]1(CCCCN2CCN(c3ccc(F)cc3)CC2)C(=O)Nc2ccccc21,9.37
ZINC000029055169,CC[C@@]1(CCCCN2CCN(c3ccc(OC)cc3)CC2)C(=O)Nc2ccccc21,7.6
ZINC000029055173,CC[C@]1(CCCCN2CCN(c3ccc(OC)cc3)CC2)C(=O)Nc2ccccc21,7.6
ZINC000029055178,CC[C@@]1(CCCCN2CCN(c3ccccc3Cl)CC2)C(=O)Nc2ccccc21,8.29
ZINC000029055182,CC[C@]1(CCCCN2CCN(c3ccccc3Cl)CC2)C(=O)Nc2ccccc21,8.29
ZINC000029055337,CC[C@@]1(CCCCN2CCN(c3ccc(Cl)cc3)CC2)C(=O)Nc2cc(F)c(Cl)cc21,8.16
ZINC000029055342,CC[C@]1(CCCCN2CCN(c3ccc(Cl)cc3)CC2)C(=O)Nc2cc(F)c(Cl)cc21,8.16
ZINC000029055345,CC[C@@]1(CCCCN2CCN(c3ccc(Cl)cc3)CC2)C(=O)Nc2c(Cl)cc(F)cc21,8.22
ZINC000029055350,CC[C@]1(CCCCN2CCN(c3ccc(Cl)cc3)CC2)C(=O)Nc2c(Cl)cc(F)cc21,8.22
ZINC000029055355,CC[C@@]1(CCCCN2CCN(c3cccc(OC)c3)CC2)C(=O)Nc2ccccc21,8.59
ZINC000029055359,CC[C@]1(CCCCN2CCN(c3cccc(OC)c3)CC2)C(=O)Nc2ccccc21,8.59
ZINC000029055364,CC[C@@]1(CCCCN2CCN(c3ccc(Cl)cc3)CC2)C(=O)Nc2cc(F)ccc21,9.1
ZINC000029055368,CC[C@]1(CCCCN2CCN(c3ccc(Cl)cc3)CC2)C(=O)Nc2cc(F)ccc21,9.1
ZINC000029055372,O=C1Nc2ccccc2[C@@H]1CCCCN1CCN(c2ccc(Cl)cc2)CC1,9.42
ZINC000029055379,O=C1Nc2ccc(F)cc2[C@H]1CCCCN1CCN(c2ccccc2)CC1,7.36
ZINC000029055391,O=C1Nc2ccccc2[C@@H]1CCCCN1CCN(c2cccc(Cl)c2)CC1,9.31
ZINC000029064434,COc1ccccc1N1CCN(CCCC(=O)NCc2nc3ccc(F)cc3c(=O)n2-c2ccccc2)CC1,6.92
ZINC000029064445,O=C(CCCN1CCN(c2ccc(Cl)cc2)CC1)NCc1nc2cc(F)ccc2c(=O)n1-c1ccccc1,5.66
ZINC000029064451,CCOc1ccccc1N1CCN(CCC(=O)NCc2nc3ccccc3c(=O)n2-c2ccc(F)cc2)CC1,5.89
ZINC000029123075,O=C(CCN1CCN(c2ccc(Cl)cc2)CC1)NCc1nc2ccccc2c(=O)n1-c1ccccc1,6.43
ZINC000029123093,Cc1ccc(N2CCN(CCCC(=O)NCc3nc4ccc(F)cc4c(=O)n3-c3ccccc3)CC2)cc1C,6.59
ZINC000029123094,Cc1ccc(C)c(N2CCN(CCCC(=O)NCc3nc4ccc(F)cc4c(=O)n3-c3ccccc3)CC2)c1,6.7
ZINC000029123095,O=C(CCCN1CCN(c2cccc(Cl)c2)CC1)NCc1nc2cc(F)ccc2c(=O)n1-c1ccccc1,6.72
ZINC000029123097,COc1ccc(N2CCN(CCC(=O)NCc3nc4ccccc4c(=O)n3-c3ccc(F)cc3)CC2)cc1,5.6
ZINC000029123099,Cc1cccc(C)c1N1CCN(CCC(=O)NCc2nc3ccccc3c(=O)n2-c2ccc(F)cc2)CC1,6.3
ZINC000029123117,Cc1ccc(N2CCN(CCCC(=O)NCc3nc4ccc(F)cc4c(=O)n3-c3ccccc3)CC2)c(C)c1,6.21
ZINC000029123118,CCOc1ccccc1N1CCN(CCCC(=O)NCc2nc3ccc(F)cc3c(=O)n2-c2ccc(OC)cc2)CC1,7.8
ZINC000029123120,Cc1cccc(N2CCN(CCCC(=O)NCc3nc4ccc(F)cc4c(=O)n3-c3ccccc3)CC2)c1C,7.26
ZINC000029123122,Cc1ccc(N2CCN(CCC(=O)NCc3nc4ccccc4c(=O)n3-c3ccc(F)cc3)CC2)c(C)c1,6.3
ZINC000029123123,O=C(CCN1CCN(c2ccccc2)CC1)NCc1nc2ccccc2c(=O)n1-c1ccccc1,6.03
ZINC000029123124,O=C(CCN1CCN(c2ccccc2Cl)CC1)NCc1nc2ccccc2c(=O)n1-c1ccccc1,6.29
ZINC000029123152,COc1ccc(-n2c(CNC(=O)CCCN3CCN(c4ccccc4OC)CC3)nc3ccc(F)cc3c2=O)cc1,6.72
ZINC000029123153,O=C(CCCN1CCN(c2ccc(Cl)c(Cl)c2)CC1)NCc1nc2ccc(F)cc2c(=O)n1-c1ccccc1,6.57
ZINC000029123154,CCOc1ccccc1N1CCN(CCCC(=O)NCc2nc3cc(F)ccc3c(=O)n2-c2ccc(OC)cc2)CC1,7.31
ZINC000029123155,O=C(CCCN1CCN(c2ccccc2Cl)CC1)NCc1nc2cc(F)ccc2c(=O)n1-c1ccccc1,7.38
ZINC000029123157,O=C(CCN1CCN(c2ccccc2)CC1)NCc1nc2ccccc2c(=O)n1-c1ccc(F)cc1,6.17
ZINC000029123187,CCOc1ccccc1N1CCN(CCCC(=O)NCc2nc3ccccc3c(=O)n2-c2ccc(OC)cc2)CC1,7.54
ZINC000029123188,O=C(CCCN1CCN(c2ccc(Cl)cc2)CC1)NCc1nc2ccc(F)cc2c(=O)n1-c1ccccc1,5.92
ZINC000029123189,O=C(CCCN1CCN(c2cccc(Cl)c2)CC1)NCc1nc2ccc(F)cc2c(=O)n1-c1ccccc1,6.89
ZINC000029123190,O=C(CCCN1CCN(c2ccc(F)cc2)CC1)NCc1nc2cc(F)ccc2c(=O)n1-c1ccccc1,6.11
ZINC000029123191,O=C(CCCN1CCN(c2ccccc2F)CC1)NCc1nc2cc(F)ccc2c(=O)n1-c1ccccc1,6.11
ZINC000029123192,CC(=O)c1ccc(N2CCN(CCC(=O)NCc3nc4ccccc4c(=O)n3-c3ccccc3)CC2)cc1,5.05
ZINC000029123227,COc1ccc(-n2c(CNC(=O)CCCN3CCN(c4ccccc4OC)CC3)nc3ccccc3c2=O)cc1,7.01
ZINC000029123229,O=C(CCCN1CCN(c2ccccc2Cl)CC1)NCc1nc2ccc(F)cc2c(=O)n1-c1ccccc1,6.7
ZINC000029123230,O=C(CCCN1CCN(c2ccc(F)cc2)CC1)NCc1nc2ccc(F)cc2c(=O)n1-c1ccccc1,6.38
ZINC000029123231,O=C(CCCN1CCN(c2ccccc2)CC1)NCc1nc2cc(F)ccc2c(=O)n1-c1ccccc1,6.03
ZINC000029123269,O=C(CCCN1CCN(c2ccccc2F)CC1)NCc1nc2ccc(F)cc2c(=O)n1-c1ccccc1,6.0
ZINC000029123270,CCOc1ccccc1N1CCN(CCCC(=O)NCc2nc3ccc(F)cc3c(=O)n2-c2cccc(OC)c2)CC1,7.8
ZINC000029123272,O=C(CCCN1CCN(c2ccccc2)CC1)NCc1nc2ccc(F)cc2c(=O)n1-c1ccccc1,6.33
ZINC000029123273,O=C(CCCN1CCN(c2cccc(C(F)(F)F)c2)CC1)NCc1nc2ccccc2c(=O)n1-c1ccccc1,6.46
ZINC000029123301,COc1cccc(-n2c(CNC(=O)CCCN3CCN(c4ccccc4OC)CC3)nc3ccc(F)cc3c2=O)c1,6.64
ZINC000029123303,CC(=O)c1ccc(N2CCN(CCCC(=O)NCc3nc4cc(F)ccc4c(=O)n3-c3ccccc3)CC2)cc1,6.17
ZINC000029123304,O=C(CCCN1CCN(c2cccc(C(F)(F)F)c2)CC1)NCc1nc2cc(F)ccc2c(=O)n1-c1ccccc1,7.04
ZINC000029123305,CCOc1ccccc1N1CCN(CCCC(=O)NCc2nc3ccccc3c(=O)n2-c2ccccc2)CC1,7.59
ZINC000029123306,COc1ccc(N2CCN(CCCC(=O)NCc3nc4ccccc4c(=O)n3-c3ccccc3)CC2)cc1,5.7
ZINC000029123336,CCOc1ccccc1N1CCN(CCCC(=O)NCc2nc3cc(F)ccc3c(=O)n2-c2ccccc2)CC1,7.72
ZINC000029123337,CCOc1ccccc1N1CCN(CCCC(=O)NCc2nc3cc(F)ccc3c(=O)n2-c2cccc(OC)c2)CC1,7.04
ZINC000029123339,COc1ccccc1N1CCN(CCCC(=O)NCc2nc3ccccc3c(=O)n2-c2ccccc2)CC1,7.68
ZINC000029123340,CCOc1ccccc1N1CCN(CCC(=O)NCc2nc3ccccc3c(=O)n2-c2ccccc2)CC1,7.35
ZINC000029123372,CCOc1ccccc1N1CCN(CCCC(=O)NCc2nc3ccccc3c(=O)n2-c2cccc(OC)c2)CC1,7.26
ZINC000029123374,COc1cccc(-n2c(CNC(=O)CCCN3CCN(c4ccccc4OC)CC3)nc3ccccc3c2=O)c1,7.01
ZINC000029123375,Cc1ccc(N2CCN(CCCC(=O)NCc3nc4ccccc4c(=O)n3-c3ccccc3)CC2)cc1C,6.7
ZINC000029123376,Cc1ccc(C)c(N2CCN(CCCC(=O)NCc3nc4ccccc4c(=O)n3-c3ccccc3)CC2)c1,6.38
ZINC000029123378,COc1ccc(N2CCN(CCC(=O)NCc3nc4ccccc4c(=O)n3-c3ccccc3)CC2)cc1,6.15
ZINC000029123424,CCOc1ccccc1N1CCN(CCCC(=O)NCc2nc3ccc(F)cc3c(=O)n2-c2ccccc2OC)CC1,7.32
ZINC000029123428,COc1ccc(N2CCN(CCCC(=O)NCc3nc4cc(F)ccc4c(=O)n3-c3ccccc3)CC2)cc1,5.96
ZINC000029123432,Cc1ccc(N2CCN(CCCC(=O)NCc3nc4ccccc4c(=O)n3-c3ccccc3)CC2)c(C)c1,6.16
ZINC000029123434,Cc1cccc(N2CCN(CCCC(=O)NCc3nc4ccccc4c(=O)n3-c3ccccc3)CC2)c1C,6.34
ZINC000029123436,COc1cccc(N2CCN(CCC(=O)NCc3nc4ccccc4c(=O)n3-c3ccccc3)CC2)c1,5.85
ZINC000029123438,COc1ccccc1N1CCN(CCC(=O)NCc2nc3ccccc3c(=O)n2-c2ccccc2)CC1,7.1
ZINC000029123478,COc1ccccc1N1CCN(CCCC(=O)NCc2nc3ccc(F)cc3c(=O)n2-c2ccccc2OC)CC1,7.1
ZINC000029123484,CCOc1ccccc1N1CCN(CCCC(=O)NCc2nc3cc(F)ccc3c(=O)n2-c2ccccc2OC)CC1,6.96
ZINC000029123487,COc1ccccc1N1CCN(CCCC(=O)NCc2nc3cc(F)ccc3c(=O)n2-c2ccccc2)CC1,7.07
ZINC000029123489,O=C(CCCN1CCN(c2ccc(Cl)c(Cl)c2)CC1)NCc1nc2ccccc2c(=O)n1-c1ccccc1,6.8
ZINC000029123493,O=C(CCCN1CCN(c2ccc(Cl)cc2)CC1)NCc1nc2ccccc2c(=O)n1-c1ccccc1,6.35
ZINC000029123497,Cc1ccc(N2CCN(CCC(=O)NCc3nc4ccccc4c(=O)n3-c3ccccc3)CC2)cc1C,5.96
ZINC000029123550,CCOc1ccccc1N1CCN(CCCC(=O)NCc2nc3ccccc3c(=O)n2-c2ccccc2OC)CC1,7.54
ZINC000029123554,COc1ccccc1N1CCN(CCCC(=O)NCc2nc3ccccc3c(=O)n2-c2ccccc2OC)CC1,6.68
ZINC000029123556,Cc1ccc(N2CCN(CCCC(=O)NCc3nc4cc(F)ccc4c(=O)n3-c3ccccc3)CC2)cc1C,6.23
ZINC000029123559,Cc1ccc(C)c(N2CCN(CCCC(=O)NCc3nc4cc(F)ccc4c(=O)n3-c3ccccc3)CC2)c1,5.82
ZINC000029123562,O=C(CCCN1CCN(c2cccc(Cl)c2)CC1)NCc1nc2ccccc2c(=O)n1-c1ccccc1,6.96
ZINC000029123564,O=C(CCCN1CCN(c2ccccc2Cl)CC1)NCc1nc2ccccc2c(=O)n1-c1ccccc1,6.89
ZINC000029123567,Cc1ccc(N2CCN(CCC(=O)NCc3nc4ccccc4c(=O)n3-c3ccccc3)CC2)c(C)c1,6.19
ZINC000029123615,CC(=O)c1ccc(N2CCN(CCCC(=O)NCc3nc4ccc(F)cc4c(=O)n3-c3ccccc3)CC2)cc1,6.23
ZINC000029123621,Cc1ccc(N2CCN(CCCC(=O)NCc3nc4cc(F)ccc4c(=O)n3-c3ccccc3)CC2)c(C)c1,6.03
ZINC000029123623,O=C(CCCN1CCN(c2ccc(F)cc2)CC1)NCc1nc2ccccc2c(=O)n1-c1ccccc1,5.62
ZINC000029123629,Cc1cccc(N2CCN(CCC(=O)NCc3nc4ccccc4c(=O)n3-c3ccccc3)CC2)c1C,7.02
ZINC000029123661,O=C(CCCN1CCN(c2cccc(C(F)(F)F)c2)CC1)NCc1nc2ccc(F)cc2c(=O)n1-c1ccccc1,7.13
ZINC000029123667,CCOc1ccccc1N1CCN(CCCC(=O)NCc2nc3ccc(F)cc3c(=O)n2-c2ccccc2)CC1,7.92
ZINC000029123670,Cc1cccc(N2CCN(CCCC(=O)NCc3nc4cc(F)ccc4c(=O)n3-c3ccccc3)CC2)c1C,7.12
ZINC000029123673,O=C(CCCN1CCN(c2ccc(Cl)c(Cl)c2)CC1)NCc1nc2cc(F)ccc2c(=O)n1-c1ccccc1,6.35
ZINC000029123675,O=C(CCCN1CCN(c2ccccc2F)CC1)NCc1nc2ccccc2c(=O)n1-c1ccccc1,6.4
ZINC000029123679,O=C(CCCN1CCN(c2ccccc2)CC1)NCc1nc2ccccc2c(=O)n1-c1ccccc1,6.19
ZINC000029123681,Cc1ccc(N2CCN(CCC(=O)NCc3nc4ccccc4c(=O)n3-c3ccccc3)CC2)cc1,6.14
ZINC000029123734,COc1ccc(N2CCN(CCCC(=O)NCc3nc4ccc(F)cc4c(=O)n3-c3ccccc3)CC2)cc1,6.46
ZINC000029123738,COc1cccc(N2CCN(CCCC(=O)NCc3nc4ccc(F)cc4c(=O)n3-c3ccccc3)CC2)c1,6.04
ZINC000029123745,O=C(CCN1CCN(c2ccc([N+](=O)[O-])cc2)CC1)NCc1nc2ccccc2c(=O)n1-c1ccc(F)cc1,5.14
ZINC000029128986,COc1c(OCCF)cccc1[C@@H](O)C1CCN(CCc2ccc(F)cc2)CC1,6.94
ZINC000029130379,C[C@H]1NC(NCC(F)F)=Nc2cccc(Cl)c21,7.48
ZINC000029130448,CC[C@@H]1NC(N)=Nc2ccc(Cl)c(Cl)c21,7.14
ZINC000029130450,CC[C@H]1NC(N)=Nc2ccc(Cl)c(Cl)c21,7.14
ZINC000029130452,C[C@@H]1NC(=N)Nc2ccc(Cl)c(Cl)c21,8.06
ZINC000029130454,C[C@H]1NC(N)=Nc2ccc(Cl)c(Cl)c21,8.06
ZINC000029130460,CNC1=Nc2cccc(Cl)c2[C@@H](C)N1,7.82
ZINC000029130462,CNC1=Nc2cccc(Cl)c2[C@H](C)N1,7.82
ZINC000029130506,C[C@H]1NC(N)=Nc2cccc(Cl)c21,7.8
ZINC000029130546,CC[C@@H]1NC(N)=Nc2cccc(Cl)c21,7.01
ZINC000029130548,CC[C@H]1NC(N)=Nc2cccc(Cl)c21,7.01
ZINC000029130761,C[C@@H]1NC(NCC(F)F)=Nc2c(Cl)ccc(Cl)c21,6.44
ZINC000029130762,C[C@H]1NC(NCC(F)F)=Nc2c(Cl)ccc(Cl)c21,6.44
ZINC000029130869,N=C1NCc2c(ccc(Cl)c2Cl)N1,6.53
ZINC000029130899,CC(C)Oc1cccc2c1N=C(NCC(F)F)N[C@@H]2C,8.38
ZINC000029130901,CC(C)Oc1cccc2c1N=C(NCC(F)F)N[C@H]2C,8.38
ZINC000029130904,COc1c(Cl)ccc2c1[C@H](C)NC(NCC(F)F)=N2,7.75
ZINC000029130905,COc1c(Cl)ccc2c1[C@@H](C)NC(NCC(F)F)=N2,7.75
ZINC000029130996,COc1cccc2c1N=C(NCC(F)F)N[C@@H]2C,7.41
ZINC000029130997,COc1cccc2c1N=C(NCC(F)F)N[C@H]2C,7.41
ZINC000029131351,C[C@@H]1NC(N)=Nc2c(Cl)ccc(Cl)c21,8.62
ZINC000029131353,C[C@H]1NC(N)=Nc2c(Cl)ccc(Cl)c21,8.62
ZINC000029131423,COc1cc(Cl)c(C)c2c1N=C(N)N[C@@H]2C,8.6
ZINC000029131425,COc1cc(Cl)c(C)c2c1N=C(N)N[C@H]2C,8.6
ZINC000029131427,COc1c(Cl)ccc2c1[C@H](C)NC(=N)N2,7.91
ZINC000029131429,COc1c(Cl)ccc2c1[C@@H](C)NC(=N)N2,7.91
ZINC000029131431,CNC1=Nc2c(OC(C)C)cccc2[C@@H](C)N1,8.62
ZINC000029131432,CNC1=Nc2c(OC(C)C)cccc2[C@H](C)N1,8.62
ZINC000029131435,CC(C)Oc1cccc2c1N=C(N)N[C@@H]2C,9.0
ZINC000029131437,CC(C)Oc1cccc2c1N=C(N)N[C@H]2C,9.0
ZINC000029131439,N=C1NCc2cc(Cl)ccc2N1,5.94
ZINC000029131609,CNC1=Nc2ccc(Cl)c(Cl)c2[C@@H](C)N1,7.88
ZINC000029131611,C/N=C1\Nc2ccc(Cl)c(Cl)c2[C@H](C)N1,7.88
ZINC000029131613,COc1cccc2c1N=C(N)N[C@@H]2C,8.09
ZINC000029131615,COc1cccc2c1N=C(N)N[C@H]2C,8.09
ZINC000029231225,O=S(=O)(NCCCN1CCN(Cc2ccccc2)CC1)c1ccccc1,6.02
ZINC000029231234,O=S(=O)(NCCCN1CCN(Cc2ccccc2)CC1)c1ccc2ccccc2c1,6.32
ZINC000034002819,CCOc1ccccc1C/N=C(\N)NC(=O)NC,7.31
ZINC000034442640,Cc1ccc(-c2cn(Cc3ccccc3)c3c2CNCC3)cc1,7.46
ZINC000035278957,O=S(=O)(c1cccc(Cl)c1)c1n[nH]c2ccc(NC3CCNCC3)cc12,5.4
ZINC000035279646,CC(C)c1ccc(S(=O)(=O)c2n[nH]c3ccc(NC4CCNCC4)cc23)cc1,5.49
ZINC000035825601,O=C1[C@@H]2CCCN2C(=O)N1C/C=C/CNC[C@H]1CCc2ccccc2O1,7.2
ZINC000035825602,O=C1[C@@H]2CCCN2C(=O)N1C/C=C/CNC[C@@H]1CCc2ccccc2O1,7.2
ZINC000035825603,O=C1[C@H]2CCCN2C(=O)N1C/C=C/CNC[C@H]1CCc2ccccc2O1,7.2
ZINC000035825604,O=C1[C@H]2CCCN2C(=O)N1C/C=C/CNC[C@@H]1CCc2ccccc2O1,7.2
ZINC000035845951,O=C1[C@@H]2CCCN2C(=O)N1CCCNC[C@H]1CCc2ccccc2O1,7.22
ZINC000035845953,O=C1[C@@H]2CCCN2C(=O)N1CCCNC[C@@H]1CCc2ccccc2O1,7.22
ZINC000035845954,O=C1[C@H]2CCCN2C(=O)N1CCCNC[C@H]1CCc2ccccc2O1,7.22
ZINC000035845956,O=C1[C@H]2CCCN2C(=O)N1CCCNC[C@@H]1CCc2ccccc2O1,7.22
ZINC000035860082,O=C1Nc2cc(F)ccc2[C@H]1CCCCN1CCN(c2ccc(Cl)cc2)CC1,7.6
ZINC000035900535,O=C1Nc2cc(F)ccc2[C@H]1CCCCN1CCN(c2ccccn2)CC1,7.77
ZINC000035907396,O=C1CSC(=O)N1CCCCCCCCNC[C@H]1CCc2ccccc2O1,7.92
ZINC000035907397,O=C1CSC(=O)N1CCCCCCCCNC[C@@H]1CCc2ccccc2O1,7.92
ZINC000035919048,O=C1[C@@H]2CCCN2C(=O)N1CCCCNCCOc1ccccc1-c1ccccc1,7.0
ZINC000035919050,O=C1[C@H]2CCCN2C(=O)N1CCCCNCCOc1ccccc1-c1ccccc1,7.0
ZINC000035977251,C[C@]1(O)c2ccccc2-c2ccc(C(=O)NC(=N)N)cc21,8.37
ZINC000035977627,CO[C@@]1(C)c2ccccc2-c2ccc(C(=O)NC(=N)N)cc21,8.85
ZINC000035977629,CO[C@]1(C)c2ccccc2-c2ccc(C(=O)NC(=N)N)cc21,8.85
ZINC000035996465,O=C1Nc2ccccc2[C@H]1CCCCN1CCN(c2ccc(F)cc2)CC1,8.3
ZINC000035996628,CCOc1ccccc1OCCNCCCCN1C(=O)[C@@H]2CCCN2C1=O,7.77
ZINC000035996629,CCOc1ccccc1OCCNCCCCN1C(=O)[C@H]2CCCN2C1=O,7.77
ZINC000036093206,COc1ccccc1C[C@@H](c1ccccc1)N1CCNCC1,6.08
ZINC000036093207,COc1ccccc1C[C@H](c1ccccc1)N1CCNCC1,6.08
ZINC000036248152,CN1CCc2cccc3c2[C@H]1C[C@@H]1C=CC(O)=C(O)[C@H]31,6.73
ZINC000036248154,CN1CCc2ccc3c4c2[C@H]1C[C@H]1C=CC=C(C3)[C@H]41,8.16
ZINC000036248156,CN1CCc2ccc3c4c2[C@H]1C[C@@H]1C=CC=C(C3)[C@H]41,8.16
ZINC000036248252,CN1CCc2cccc3c2[C@H]1Cc1cccc(-c2c(OS(=O)(=O)C(F)(F)F)cccc2OS(=O)(=O)C(F)(F)F)c1-3,6.15
ZINC000036248259,CC1=CC=C[C@@H](C#N)[C@H]1c1cccc2c1-c1cccc3c1[C@@H](C2)N(C)CC3,7.68
ZINC000036248261,C[C@@H]1C=CC=C(C#N)[C@@H]1c1cccc2c1-c1cccc3c1[C@@H](C2)N(C)CC3,8.4
ZINC000036248262,C[C@H]1C=CC=C(C#N)[C@@H]1c1cccc2c1-c1cccc3c1[C@@H](C2)N(C)CC3,8.4
ZINC000038213738,N=C(N)NC(=O)c1ccc2c(c1)[C@@H](O)c1c(Cl)cccc1-2,7.48
ZINC000038213739,N=C(N)NC(=O)c1ccc2c(c1)[C@H](O)c1c(Cl)cccc1-2,7.48
ZINC000038214595,O=C1Nc2ccccc2[C@@H]1CCCCN1CCN(c2ccccn2)CC1,7.96
ZINC000038214789,CCc1ccccc1OCCNCCCCN1C(=O)[C@@H]2CCCN2C1=O,6.73
ZINC000038214790,CCc1ccccc1OCCNCCCCN1C(=O)[C@H]2CCCN2C1=O,6.73
ZINC000038225519,COc1ccccc1N1CCN(CCCCCC(=O)N2Cc3ccccc3C2)CC1,6.75
ZINC000038237102,CC[C@]1(OC)c2ccccc2-c2ccc(C(=O)NC(=N)N)cc21,9.22
ZINC000038237104,CC[C@@]1(OC)c2ccccc2-c2ccc(C(=O)NC(=N)N)cc21,9.22
ZINC000038239418,O=C1Nc2ccccc2[C@H]1CCCCN1CC=C(c2cccc(C(F)(F)F)c2)CC1,7.95
ZINC000038247584,N=C(N)NC(=O)c1ccc2c(c1)C1(CC1)c1ccccc1-2,8.31
ZINC000038264983,C[C@@]1(O)c2ccccc2-c2ccc(C(=O)NC(=N)N)cc21,8.37
ZINC000038542752,CN(C)CCn1cc(S(=O)(=O)c2cccc(F)c2)c2cccnc21,5.32
ZINC000038603510,N=C1N=C(O)/C(=C\c2c[nH]c3ccc(Br)cc23)N1,6.29
ZINC000038928649,NCCn1cc(S(=O)(=O)c2cccc(Cl)c2)c2cccnc21,5.87
ZINC000040402848,COc1c(OCCF)cccc1[C@@H](O)C1CCN(CCc2ccc(C)cc2)CC1,6.3
ZINC000040402851,COc1c(OCCF)cccc1[C@H](O)C1CCN(CCc2ccc(C)cc2)CC1,6.3
ZINC000040422455,COc1ccc(S(=O)(=O)NCCCN2CCN(c3ccc(Cl)c(Cl)c3)CC2)cc1,6.99
ZINC000040422491,O=C1Cc2ccccc2N1CCCCN1CCC[C@@H](c2ccccc2)C1,6.71
ZINC000040422492,O=C1Cc2ccccc2N1CCCCN1CCC[C@H](c2ccccc2)C1,6.71
ZINC000040429332,COc1cccc(N2CCN(CCCNS(=O)(=O)c3ccc4ccccc4c3)CC2)c1,6.65
ZINC000040429340,CC(C)c1ccccc1N1CCN(CCCCCC(=O)N2Cc3ccccc3C2)CC1,7.27
ZINC000040429392,CS(=O)(=O)Oc1ccc(CNC(=O)CCCCCN2CCN(c3ccccc3-c3ccccc3)CC2)cc1,8.24
ZINC000040429672,COc1ccc(S(=O)(=O)N[C@@H](C)CCN2CCN(c3ccc(F)cc3)CC2)cc1,6.43
ZINC000040429674,COc1ccc(S(=O)(=O)N[C@H](C)CCN2CCN(c3ccc(F)cc3)CC2)cc1,6.43
ZINC000040429849,CSc1ccccc1N1CCN(CCCCCC(=O)N2Cc3ccccc3C2)CC1,7.38
ZINC000040429977,O=S(=O)(NCCCN1CCN(c2cccc(C(F)(F)F)c2)CC1)c1ccc2ccccc2c1,7.92
ZINC000040431283,CC(C)c1ccccc1N1CCN(CCCCCC(=O)NCc2ccccc2)CC1,6.67
ZINC000040431320,COc1ccc(S(=O)(=O)N[C@@H](C)CCN2CCN(c3cccc(C(F)(F)F)c3)CC2)cc1,6.97
ZINC000040431323,COc1ccc(S(=O)(=O)N[C@H](C)CCN2CCN(c3cccc(C(F)(F)F)c3)CC2)cc1,6.97
ZINC000040917473,COc1c(OCCF)cccc1[C@H](O)C1CCN(CCc2ccc([N+](=O)[O-])cc2)CC1,5.29
ZINC000040917475,COc1c(OCCF)cccc1[C@@H](O)C1CCN(CCc2ccc([N+](=O)[O-])cc2)CC1,5.29
ZINC000040937384,O=C(Nc1ccc2cnn(S(=O)(=O)c3cccc4ccccc34)c2c1)[C@H]1CCCNC1,5.24
ZINC000040938589,O=C(Nc1ccc2cnn(S(=O)(=O)c3cccc4ccccc34)c2c1)[C@@H]1CCCNC1,5.24
ZINC000040949423,CC(C)c1ccccc1N1CCN(CCCCCC(=O)N2CCc3ccccc3C2)CC1,8.22
ZINC000040952570,CSc1ccccc1N1CCN(CCCCCC(=O)N2CCc3ccccc3C2)CC1,7.48
ZINC000040952640,CC(C)c1ccccc1N1CCN(CCCCCC(=O)NCc2ccc(C#N)cc2)CC1,8.07
ZINC000040952715,O=S(=O)(NCCCN1CCN(c2ccc(Cl)c(Cl)c2)CC1)c1ccc2ccccc2c1,6.91
ZINC000040952721,CSc1ccccc1N1CCN(CCCCCC(=O)NCc2ccncc2)CC1,7.46
ZINC000040953516,CSc1ccccc1N1CCN(CCCCCC(=O)NCc2ccc(C#N)cc2)CC1,8.05
ZINC000040953821,COc1ccc(S(=O)(=O)NCCCN2CCN(c3cccc(OC)c3)CC2)cc1,6.47
ZINC000040953856,O=C(CCCCCN1CCN(c2ccccc2-c2ccccc2)CC1)N1Cc2ccccc2C1,8.08
ZINC000040953955,COc1ccccc1N1CCN(CCCCCC(=O)NCc2ccccc2)CC1,6.65
ZINC000040954125,CC(C)c1ccccc1N1CCN(CCCCCC(=O)NCc2ccncc2)CC1,8.29
ZINC000040954321,O=S(=O)(NCCCN1CCN(c2ccc(C(F)(F)F)cc2)CC1)c1ccc2ccccc2c1,6.25
ZINC000040954466,COc1ccccc1N1CCN(CCCCCC(=O)NCc2ccncc2)CC1,6.41
ZINC000040955018,COc1ccc(S(=O)(=O)N[C@@H](C)CCN2CCN(c3ccccc3)CC2)cc1,6.42
ZINC000040955019,COc1ccc(S(=O)(=O)N[C@H](C)CCN2CCN(c3ccccc3)CC2)cc1,6.42
ZINC000040956122,O=C(CCCCCN1CCN(c2ccccc2-c2ccccc2)CC1)NCc1ccncc1,9.01
ZINC000040957031,COc1ccccc1N1CCN(CCCCCC(=O)NCc2ccc(C#N)cc2)CC1,6.53
ZINC000040957034,CSc1ccccc1N1CCN(CCCCCC(=O)NCc2ccc(OS(C)(=O)=O)cc2)CC1,6.83
ZINC000040957045,CC(C)c1ccccc1N1CCN(CCCCCC(=O)NCc2ccc(OS(C)(=O)=O)cc2)CC1,7.12
ZINC000040957048,COc1ccccc1N1CCN(CCCCCC(=O)NCc2ccc(OS(C)(=O)=O)cc2)CC1,7.15
ZINC000040957874,COc1ccc(S(=O)(=O)NCCCN2CCN(c3cccc(C(F)(F)F)c3)CC2)cc1,7.05
ZINC000040957877,COc1ccc(S(=O)(=O)NCCCN2CCN(c3ccc(C(F)(F)F)cc3)CC2)cc1,6.42
ZINC000040972487,COc1ccc(S(=O)(=O)N[C@@H](C)CCN2CCN(c3ccccc3OC)CC2)cc1,6.24
ZINC000040972489,COc1ccc(S(=O)(=O)N[C@H](C)CCN2CCN(c3ccccc3OC)CC2)cc1,6.24
ZINC000043016107,COc1ccccc1N1CCN(/C(N)=N/CCNS(=O)(=O)c2cccc(C)c2)CC1,6.47
ZINC000043065853,COc1ccccc1N1CCN(C(=O)/N=C(\N)NCc2cccc3ccccc23)CC1,8.22
ZINC000043172197,Nn1c(CCCCN2CCN(c3ccc4ccccc4n3)CC2)nc2c(c1=O)CCCC2,6.0
ZINC000045350099,CN(C)Cc1nc(-c2ccc(C(C)(C)C)cc2)n(-c2cccc(O)c2)n1,5.77
ZINC000045367632,O=S(=O)(c1cccc2ccccc12)N(CCCN1CCN(c2ccccc2)CC1)CC1CC1,6.82
ZINC000045367635,O=S(=O)(c1ccc(C(F)(F)F)cc1)N(CCCN1CCN(c2ccccc2)CC1)CC1CC1,6.48
ZINC000045367660,COc1ccc(S(=O)(=O)N(CCCN2CCN(c3cccc(C(F)(F)F)c3)CC2)CC2CC2)cc1,6.91
ZINC000045367719,O=S(=O)(c1ccc2ccccc2c1)N(CCCN1CCN(c2ccccc2)CC1)CC1CC1,6.93
ZINC000045367848,COc1ccccc1N1CCN(CCCN(CC2CCCCC2)S(=O)(=O)c2ccc3ccccc3c2)CC1,6.3
ZINC000045367993,COc1ccc(S(=O)(=O)N(CCCN2CCN(c3ccc(F)cc3)CC2)CC2CC2)cc1,7.03
ZINC000045368533,O=S(=O)(c1ccc2ccccc2c1)N(CCCN1CCN(c2ccc(F)cc2)CC1)CC1CC1,7.3
ZINC000045368535,O=S(=O)(c1cccc2cccnc12)N(CCCN1CCN(c2ccccc2)CC1)CC1CC1,6.13
ZINC000045369014,COc1ccc(S(=O)(=O)N(CCCN2CCN(c3ccccc3OC)CC2)CC2CCCCC2)cc1,6.76
ZINC000045369100,COc1ccc(S(=O)(=O)N(CCCN2CCN(c3ccccc3)CC2)CC2CC2)cc1,6.92
ZINC000045369104,COc1ccc(S(=O)(=O)N(CCCN2CCN(c3ccccc3OC)CC2)CC2CC2)cc1,6.5
ZINC000045369425,O=S(=O)(c1ccc2ccccc2c1)N(CCCN1CCN(c2ccccc2)CC1)CC1CCCCC1,5.91
ZINC000045369706,COc1ccc(S(=O)(=O)N(CCCN2CCN(c3ccccc3)CC2)CC2CCCCC2)cc1,6.25
ZINC000045370151,O=[N+]([O-])c1ccc(S(=O)(=O)N(CCCN2CCN(c3ccccc3)CC2)CC2CC2)cc1,6.3
ZINC000045370326,O=S(=O)(c1ccc(C(F)(F)F)cc1)N(CCCN1CCN(c2ccccc2)CC1)CC1CCCCC1,6.34
ZINC000045371167,O=S(=O)(c1ccc(F)cc1)N(CCCN1CCN(c2ccccc2)CC1)CC1CCCCC1,6.96
ZINC000045371278,C[C@@H](CCN1CCN(c2ccc(F)cc2)CC1)NS(=O)(=O)c1ccc2ccccc2c1,6.28
ZINC000045371283,C[C@H](CCN1CCN(c2ccc(F)cc2)CC1)NS(=O)(=O)c1ccc2ccccc2c1,6.28
ZINC000045371750,COc1ccccc1N1CCN(CCCN(CC2CCCCC2)S(=O)(=O)c2cccc3cccnc23)CC1,7.62
ZINC000045372100,O=S(=O)(c1ccc2ccccc2c1)N(CCCN1CCN(c2cccc(C(F)(F)F)c2)CC1)CC1CC1,6.47
ZINC000045372219,O=S(=O)(c1cccc2cccnc12)N(CCCN1CCN(c2ccc(F)cc2)CC1)CC1CCCCC1,6.35
ZINC000045372252,O=S(=O)(c1ccc2ccccc2c1)N(CCCN1CCN(c2ccc(F)cc2)CC1)CC1CCCCC1,5.82
ZINC000045372257,O=S(=O)(c1cccc2cccnc12)N(CCCN1CCN(c2ccccc2)CC1)CC1CCCCC1,6.38
ZINC000045373098,O=S(=O)(c1ccc(F)cc1)N(CCCN1CCN(c2ccccc2)CC1)CC1CC1,6.83
ZINC000045374536,COc1ccccc1N1CCN(CCCN(CC2CC2)S(=O)(=O)c2cccc3cccnc23)CC1,7.91
ZINC000045384219,COc1ccc(S(=O)(=O)N(CCCN2CCN(c3ccc(F)cc3)CC2)CC2CCCCC2)cc1,6.01
ZINC000045385734,C[C@@H](CCN1CCN(c2ccccc2)CC1)NS(=O)(=O)c1ccc2ccccc2c1,6.18
ZINC000045385736,C[C@H](CCN1CCN(c2ccccc2)CC1)NS(=O)(=O)c1ccc2ccccc2c1,6.18
ZINC000045386310,C[C@@H](CCN1CCN(c2cccc(C(F)(F)F)c2)CC1)NS(=O)(=O)c1ccc2ccccc2c1,6.44
ZINC000045386315,C[C@H](CCN1CCN(c2cccc(C(F)(F)F)c2)CC1)NS(=O)(=O)c1ccc2ccccc2c1,6.44
ZINC000045386809,O=S(=O)(c1cccc2ccccc12)N(CCCN1CCN(c2ccccc2)CC1)CC1CCCCC1,6.71
ZINC000045386894,COc1ccccc1N1CCN(CC[C@H](C)NS(=O)(=O)c2ccc3ccccc3c2)CC1,6.5
ZINC000045386897,COc1ccccc1N1CCN(CC[C@@H](C)NS(=O)(=O)c2ccc3ccccc3c2)CC1,6.5
ZINC000045387915,O=S(=O)(c1cccc2cccnc12)N(CCCN1CCN(c2ccc(F)cc2)CC1)CC1CC1,7.45
ZINC000045388534,COc1ccccc1N1CCN(CCCN(CC2CC2)S(=O)(=O)c2ccc3ccccc3c2)CC1,6.73
ZINC000045389951,O=[N+]([O-])c1ccc(S(=O)(=O)N(CCCN2CCN(c3ccccc3)CC2)CC2CCCCC2)cc1,7.06
ZINC000045505755,O=C(CCCCCN1CCN(c2ccccc2-c2ccccc2)CC1)N1CCc2ccccc2C1,8.42
ZINC000045506114,COc1ccccc1N1CCN(CCCCCC(=O)N2CCc3ccccc3C2)CC1,7.51
ZINC000045506281,CSc1ccccc1N1CCN(CCCCCC(=O)NCc2ccccc2)CC1,7.66
ZINC000049052293,CCCn1c(-c2ccccc2)cc(C(=O)NCCCN2CCN(c3cccc(Cl)c3Cl)CC2)c1C,6.39
ZINC000049053982,Cc1[nH]c(-c2ccccc2)cc1C(=O)NCCCN1CCN(c2cccc(Cl)c2Cl)CC1,6.34
ZINC000049089135,CN1CCc2[nH]c3ccc(S(=O)(=O)Nc4cccc(F)c4)cc3c2C1,7.38
ZINC000049089254,Cc1c(C(=O)NCCCN2CCN(c3cccc(Cl)c3Cl)CC2)cc(-c2ccccc2)n1C,6.48
ZINC000049763102,COc1ccc(S(=O)(=O)N(CCCN2CCN(c3cccc(C(F)(F)F)c3)CC2)CC2CCCCC2)cc1,6.17
ZINC000049766391,O=S(=O)(c1cccc2cccnc12)N(CCCN1CCN(c2cccc(C(F)(F)F)c2)CC1)CC1CCCCC1,6.8
ZINC000049766688,O=S(=O)(c1cccc2cccnc12)N(CCCN1CCN(c2cccc(C(F)(F)F)c2)CC1)CC1CC1,8.2
ZINC000049766844,O=S(=O)(c1ccc2ccccc2c1)N(CCCN1CCN(c2cccc(C(F)(F)F)c2)CC1)CC1CCCCC1,6.05
ZINC000049767267,O=S(=O)(c1cccc2cccnc12)N(CCCN1CCN(c2ccc(Cl)c(Cl)c2)CC1)CC1CCCCC1,5.64
ZINC000049780323,Cc1c(C(=O)NCCCN2CCN(c3cccc(Cl)c3Cl)CC2)cc(-c2ccccc2)n1N1CCCCC1,6.31
ZINC000049793471,Cc1c(C(=O)NCCCN2CCN(c3cccc(Cl)c3Cl)CC2)cc(-c2ccccc2)n1-c1ccc(F)cc1,6.28
ZINC000053122813,COc1ccccc1N1CCN(C/C=C\CN2C(=O)c3ccccc3C2=O)CC1,6.45
ZINC000053151228,CC[C@@H](CO)NC(=O)[C@@H]1C=C2c3cccc4c3c(cn4C)C[C@H]2N(C)C1,7.9
ZINC000053166142,CN1CCN(C2=Nc3ccccc3Nc3sccc32)CC1,6.98
ZINC000055662780,COc1ccccc1N1CCN(C/C=C/CN2C(=O)c3ccccc3C2=O)CC1,7.44
ZINC000055669661,COc1ccccc1N1CCN(CCNS(=O)(=O)c2ccc(C)cc2)CC1,7.12
ZINC000056768878,COc1cccc(OC)c1-c1cccc2c1OC[C@@H](N(C)C)C2,8.28
ZINC000058534605,COc1ccc(OC)c([C@@H]2CCN(Cc3cnn(-c4ccccc4F)c3C)C2)c1,7.82
ZINC000058576549,CC(C)N(c1cccc(N2CCN(C)CC2)c1)S(=O)(=O)c1cccc2ccccc12,5.54
ZINC000058581160,CN1CCN(c2cccc(N(C)S(=O)(=O)c3ccc4ccccc4c3)c2)CC1,5.35
ZINC000058581504,CCCN(c1cccc(N2CCN(C)CC2)c1)S(=O)(=O)c1ccc2ccccc2c1,5.41
ZINC000058581779,CCN(c1cccc(N2CCN(C)CC2)c1)S(=O)(=O)c1ccc2ccccc2c1,5.69
ZINC000058582410,CC(C)N(c1cccc(N2CCN(C)CC2)c1)S(=O)(=O)c1ccccc1,6.0
ZINC000058583354,CN1CCN(c2cccc(N(Cc3ccccc3)S(=O)(=O)c3ccc4ccccc4c3)c2)CC1,5.69
ZINC000058583642,CN1CCN(c2cccc(N(CC3CC3)S(=O)(=O)c3ccc4ccccc4c3)c2)CC1,5.52
ZINC000058590149,Brc1ccc2ccn(CCN3CCCN4CCCC[C@H]4C3)c2c1,8.52
ZINC000058590812,CN1CCN(c2cccc(NS(=O)(=O)c3ccc4ccccc4c3)c2)CC1,5.8
ZINC000058666226,Brc1ccc2c(ccn2CCN2CCN3CCCC[C@H]3C2)c1,6.8
ZINC000058668435,FC(F)(F)c1ccc2ccn(CCN3CCCN4CCCC[C@H]4C3)c2c1,8.15
ZINC000058668485,Clc1ccc2ccn(CCN3CCCN4CCCC[C@H]4C3)c2c1,8.0
ZINC000058668854,Brc1ccc2ccn(CCN3CCN4CCCC[C@H]4C3)c2c1,7.15
ZINC000059817342,NC(N)=NC(=O)c1ccc2c(c1)[C@H](N)c1ccccc1-2,7.37
ZINC000059817345,NC(N)=NC(=O)c1ccc2c(c1)[C@@H](N)c1ccccc1-2,7.37
ZINC000062184360,Oc1cccc(CCCN2CCN(c3ccccc3)CC2)c1,7.4
ZINC000062224408,COc1ccc(OC)c([C@H]2CCN(Cc3cnn(-c4ccccc4F)c3C)C2)c1,7.82
ZINC000066111803,O=[N+]([O-])c1ccc(-c2cn(Cc3ccccc3)c3c2CNCC3)cc1,6.35
ZINC000066111804,CC(C)(C)c1ccc(-c2cn(Cc3ccccc3)c3c2CNCC3)cc1,5.0
ZINC000066111805,Fc1cccc(-c2cn(Cc3ccccc3)c3c2CNCC3)c1,5.56
ZINC000066111806,Fc1ccc(-c2cn(Cc3ccccc3)c3c2CNCC3)cc1,7.35
ZINC000066111807,COc1ccc(-c2cn(Cc3ccccc3)c3c2CNCC3)cc1,6.54
ZINC000066112000,FC(F)(F)Oc1ccc(-c2cn(Cc3ccccc3)c3c2CNCC3)cc1,5.0
ZINC000066112001,Clc1ccc(-c2cn(Cc3ccccc3)c3c2CNCC3)cc1Cl,5.35
ZINC000066112002,FC(F)(F)c1ccc(-c2cn(Cc3ccccc3)c3c2CNCC3)cc1,6.78
ZINC000066112003,Clc1ccc(-c2cn(Cc3ccccc3)c3c2CNCC3)c(Cl)c1,5.68
ZINC000066112087,Oc1ccc(-c2cn(Cc3ccccc3)c3c2CNCC3)cc1,5.0
ZINC000066251822,c1ccc(Cn2cc(-c3ccccc3)c3c2CCNC3)cc1,6.66
ZINC000066252450,Clc1cccc(Cn2cc(-c3ccccc3)c3c2CCNC3)c1,5.18
ZINC000066252451,Clc1ccc(Cn2cc(-c3ccccc3)c3c2CCNC3)cc1,6.12
ZINC000066252659,Clc1ccc(-c2cn(Cc3cccc(Cl)c3)c3c2CNCC3)cc1,6.27
ZINC000066252660,CN1CCc2c(c(-c3ccc(Cl)cc3)cn2Cc2ccccc2)C1,7.44
ZINC000066252661,CCN1CCc2c(c(-c3ccc(Cl)cc3)cn2Cc2ccccc2)C1,6.6
ZINC000066258722,Clc1cccc(-c2cn(Cc3ccccc3)c3c2CNCC3)c1,5.0
ZINC000066259027,CN1CCN(c2ccc3c(c2)N(S(=O)(=O)c2ccc4ccccc4c2)CCC3=O)CC1,6.84
ZINC000066259028,CN1CCN(c2cccc3c2C(=O)CCN3S(=O)(=O)c2ccc3ccccc3c2)CC1,6.21
ZINC000066259090,Clc1ccc(-c2cn(Cc3ccccc3)c3c2CNCC3)cc1,6.97
ZINC000066259986,CC(C)N1CCc2c(c(-c3ccc(Cl)cc3)cn2Cc2ccccc2)C1,6.43
ZINC000066263531,C[C@@H]1CC(=O)c2c(N3CCN(C)CC3)cccc2N1S(=O)(=O)c1ccc2ccccc2c1,5.7
ZINC000066263534,C[C@H]1CC(=O)c2c(N3CCN(C)CC3)cccc2N1S(=O)(=O)c1ccc2ccccc2c1,5.7
ZINC000068249174,Cc1nc(C(=O)NCCN2CCN(c3cccc(Cl)c3Cl)CC2)c(C)n1-c1ccccc1,8.17
ZINC000068249175,Cc1nc(C(=O)NCCCN2CCN(c3cccc(Cl)c3Cl)CC2)c(C)n1-c1ccccc1,7.96
ZINC000071294636,O=[N+]([O-])c1ccc(N2CCCN(CC[C@@H](O)c3csc4ccccc34)CC2)c(C(F)(F)F)c1,5.06
ZINC000071294637,O=[N+]([O-])c1ccc(N2CCCN(CC[C@H](O)c3csc4ccccc34)CC2)c(C(F)(F)F)c1,5.06
ZINC000071294679,N#Cc1ccc(N2CCCN(CC[C@@H](O)c3csc4ccccc34)CC2)cc1,6.58
ZINC000071294680,N#Cc1ccc(N2CCCN(CC[C@H](O)c3csc4ccccc34)CC2)cc1,6.58
ZINC000071295916,N#Cc1ccc(N2CCC(NCC[C@@H](O)c3csc4ccccc34)CC2)cc1,5.78
ZINC000071295917,N#Cc1ccc(N2CCC(NCC[C@H](O)c3csc4ccccc34)CC2)cc1,5.78
ZINC000072104598,O=c1c2cnc3ccccc3c2ncn1CCCCN1CCN(c2cccc(C(F)(F)F)c2)CC1,6.38
ZINC000072104739,Cc1ccccc1N1CCN(CCCCn2cnc3c(cnc4ccccc43)c2=O)CC1,6.53
ZINC000072105344,O=c1c2cnc3ccccc3c2ncn1CCCCN1CCN(c2ccccc2F)CC1,6.13
ZINC000072105499,O=c1c2cnc3ccccc3c2ncn1CCCCN1CCN(c2ccc(F)cc2)CC1,6.39
ZINC000072106740,O=c1c2cnc3ccccc3c2ncn1CCCCN1CCN(c2ccccc2)CC1,6.21
ZINC000072107029,COc1ccccc1N1CCN(CCCCn2cnc3c(cnc4ccccc43)c2=O)CC1,6.56
ZINC000072107548,O=c1c2cnc3ccccc3c2ncn1CCCCN1CCN(c2cccc(Cl)c2)CC1,6.74
ZINC000072107549,O=c1c2cnc3ccccc3c2ncn1CCCCN1CCN(c2ccc(Cl)cc2)CC1,6.48
ZINC000072108111,COc1cccc(N2CCN(CCCCn3cnc4c(cnc5ccccc54)c3=O)CC2)c1,6.32
ZINC000072108676,O=c1c2cnc3ccccc3c2ncn1CCCCN1CCN(c2ccc(-c3ncccn3)cc2)CC1,5.24
ZINC000072111166,O=c1c2cnc3ccccc3c2ncn1CCCCN1CCN(c2ccccc2Cl)CC1,6.82
ZINC000072123261,O=C1Nc2ccc(F)cc2[C@@H]1CCCCN1CCN(c2ccc(Cl)cc2)CC1,7.4
ZINC000072123327,O=C1Nc2ccccc2[C@H]1CCCCN1CCN(c2ccccc2)CC1,7.8
ZINC000072123335,O=C1Nc2cc(F)ccc2[C@H]1CCCCN1CC=C(c2cccc(Cl)c2)CC1,7.89
ZINC000072123417,CC[C@@]1(CCCCN2CC=C(c3cccc(Cl)c3)CC2)C(=O)Nc2ccc(F)cc21,7.28
ZINC000072123418,CC[C@]1(CCCCN2CC=C(c3cccc(Cl)c3)CC2)C(=O)Nc2ccc(F)cc21,7.28
ZINC000072124270,CC[C@@]1(CCCCN2CCN(c3ccc(Cl)cc3)CC2)C(=O)Nc2c1cc(Cl)c(F)c2Cl,7.02
ZINC000072124271,CC[C@]1(CCCCN2CCN(c3ccc(Cl)cc3)CC2)C(=O)Nc2c1cc(Cl)c(F)c2Cl,7.02
ZINC000072124338,CC[C@@]1(CCCCN2CCN(c3ccccn3)CC2)C(=O)Nc2ccccc21,8.4
ZINC000072124339,CC[C@]1(CCCCN2CCN(c3ccccn3)CC2)C(=O)Nc2ccccc21,8.4
ZINC000072124351,O=C1Nc2c(Cl)cc(Cl)cc2[C@H]1CCCCN1CCN(c2ccc(Cl)cc2)CC1,6.97
ZINC000072124513,CC[C@@]1(CCCCN2CCN(c3ccc(Cl)cc3Cl)CC2)C(=O)Nc2ccccc21,6.86
ZINC000072124514,CC[C@]1(CCCCN2CCN(c3ccc(Cl)cc3Cl)CC2)C(=O)Nc2ccccc21,6.86
ZINC000072124528,CC[C@@]1(CCCCN2CCN(c3cccc(Cl)c3)CC2)C(=O)Nc2c1cc(Cl)c(F)c2Cl,7.14
ZINC000072124529,CC[C@]1(CCCCN2CCN(c3cccc(Cl)c3)CC2)C(=O)Nc2c1cc(Cl)c(F)c2Cl,7.14
ZINC000072140989,CC[C@@]1(CCCCN2CCN(c3cccc(C(F)(F)F)c3)CC2)C(=O)Nc2ccccc21,8.29
ZINC000072140990,CC[C@]1(CCCCN2CCN(c3cccc(C(F)(F)F)c3)CC2)C(=O)Nc2ccccc21,8.29
ZINC000072140993,O=C1Nc2ccc(F)cc2[C@H]1CCCCN1CC=C(c2cccc(C(F)(F)F)c2)CC1,7.4
ZINC000072141073,CC[C@@]1(CCCCN2CCN(c3cccc(F)c3)CC2)C(=O)Nc2ccccc21,7.96
ZINC000072141074,CC[C@]1(CCCCN2CCN(c3cccc(F)c3)CC2)C(=O)Nc2ccccc21,7.96
ZINC000072142706,O=C1Nc2cc(F)ccc2[C@H]1CCCCN1CCN(c2cccc(Cl)c2)CC1,8.17
ZINC000073168438,O=S(=O)(NCCCCN1CC[C@@H]2CCCC[C@@H]2C1)c1cccc2cccnc12,5.9
ZINC000073168442,O=S(=O)(NCCCCN1CC[C@H]2CCCC[C@@H]2C1)c1cccc2cccnc12,5.9
ZINC000073169100,O=S(=O)(NCCCCN1CC[C@@H]2CCCC[C@@H]2C1)c1cnc2ccccc2c1,6.0
ZINC000073169101,O=S(=O)(NCCCCN1CC[C@H]2CCCC[C@@H]2C1)c1cnc2ccccc2c1,6.0
ZINC000073169104,O=S(=O)(NCCCN1CC[C@@H]2CCCC[C@@H]2C1)c1ccc2ncccc2c1,5.85
ZINC000073169105,O=S(=O)(NCCCN1CC[C@H]2CCCC[C@@H]2C1)c1ccc2ncccc2c1,5.85
ZINC000073169517,CCN(CCCCN1CC[C@@H]2CCCC[C@@H]2C1)S(=O)(=O)c1cnc2ccccc2c1,6.73
ZINC000073170059,CN1C(=O)N(CCCCCN2CCN(c3ccccc3)CC2)C(c2ccccc2)(c2ccccc2)C1=O,7.11
ZINC000073170061,CN1C(=O)N(C[C@H](O)CN2CCN(c3ccccc3)CC2)C(c2ccccc2)(c2ccccc2)C1=O,6.45
ZINC000073170062,CN1C(=O)N(C[C@@H](O)CN2CCN(c3ccccc3)CC2)C(c2ccccc2)(c2ccccc2)C1=O,6.45
ZINC000073170188,CCN(CCCCN1CC[C@@H]2CCCC[C@@H]2C1)S(=O)(=O)c1cccc2cccnc12,7.89
ZINC000073170189,CCN(CCCCCN1CC[C@@H]2CCCC[C@@H]2C1)S(=O)(=O)c1cccc2cccnc12,7.48
ZINC000073197439,O=S(=O)(NCCCN1CCN(c2ccc(Cl)cc2)CC1)c1cnc2ccccc2c1,6.22
ZINC000073197697,O=C1[C@@H]2CCCCN2C(=O)N1CCCCNC[C@H]1CCc2ccccc2O1,7.18
ZINC000073197698,O=C1[C@@H]2CCCCN2C(=O)N1CCCCNC[C@@H]1CCc2ccccc2O1,7.18
ZINC000073197699,O=C1[C@H]2CCCCN2C(=O)N1CCCCNC[C@H]1CCc2ccccc2O1,7.18
ZINC000073197700,O=C1[C@H]2CCCCN2C(=O)N1CCCCNC[C@@H]1CCc2ccccc2O1,7.18
ZINC000073197810,O=S(=O)(NCCCCN1CCN(c2cccc(Cl)c2)CC1)c1cnc2ccc(Cl)cc2c1,7.06
ZINC000073198268,O=C1[C@@H]2CCCN2C(=O)N1CCCCNC[C@H]1CCc2ccccc2O1,7.39
ZINC000073198269,O=C1[C@@H]2CCCN2C(=O)N1CCCCNC[C@@H]1CCc2ccccc2O1,7.17
ZINC000073198270,O=C1[C@H]2CCCN2C(=O)N1CCCCNC[C@H]1CCc2ccccc2O1,7.39
ZINC000073198271,O=C1[C@H]2CCCN2C(=O)N1CCCCNC[C@@H]1CCc2ccccc2O1,7.17
ZINC000073199003,O=C1[C@@H]2CCCN2C(=O)N1CCCCNCc1ccc2ccccc2c1,8.1
ZINC000073199004,O=C1[C@H]2CCCN2C(=O)N1CCCCNCc1ccc2ccccc2c1,8.1
ZINC000073199171,OC1(c2ccc(Cl)cc2)C[C@@H]2CC[C@H](C1)N2CCCCc1ccc(F)cc1,6.33
ZINC000073199950,O=S(=O)(c1cnc2ccccc2c1)N1CCC(CCN2CCN(c3ccc(Cl)cc3)CC2)CC1,7.4
ZINC000073241813,O=S(=O)(NCCCCN1CCN(c2ccc(Cl)cc2)CC1)c1ccc2cccnc2c1,6.42
ZINC000073258613,O=C1[C@@H]2CCCN2C(=O)N1CCCCNCCc1ccc2ccccc2c1,7.13
ZINC000073258615,O=C1[C@H]2CCCN2C(=O)N1CCCCNCCc1ccc2ccccc2c1,7.13
ZINC000073258617,O=C1[C@@H]2CCSN2C(=O)N1CCCCNC[C@H]1CCc2ccccc2O1,6.31
ZINC000073258618,O=C1[C@@H]2CCSN2C(=O)N1CCCCNC[C@@H]1CCc2ccccc2O1,6.31
ZINC000073258620,O=C1[C@H]2CCSN2C(=O)N1CCCCNC[C@H]1CCc2ccccc2O1,6.31
ZINC000073258621,O=C1[C@H]2CCSN2C(=O)N1CCCCNC[C@@H]1CCc2ccccc2O1,6.31
ZINC000073258850,O=C1CSC(=O)N1CCCCNC[C@H]1CCc2ccccc2O1,6.77
ZINC000073258851,O=C1CSC(=O)N1CCCCNC[C@@H]1CCc2ccccc2O1,6.77
ZINC000073274263,O=S(=O)(c1cnc2ccccc2c1)N1CCC(CN2CCN(c3ccc(Cl)cc3)CC2)CC1,6.84
ZINC000073274645,O=S(=O)(NCCCCN1CCN(c2ccc(Cl)cc2)CC1)c1ccc2ncccc2c1,6.47
ZINC000073274649,O=S(=O)(NCCCCN1CCN(c2cccc(Cl)c2)CC1)c1ccc2ccccc2c1,7.3
ZINC000073274654,O=S(=O)(NCCCN1CCN(c2cccc(Cl)c2)CC1)c1cnc2ccccc2c1,6.9
ZINC000073274863,O=S(=O)(NCCCCN1CCN(c2cccc(Cl)c2)CC1)c1cnc2ccccc2c1,7.25
ZINC000073275090,O=C1CSC(=O)N1CCCCCCNC[C@H]1CCc2ccccc2O1,7.06
ZINC000073275093,O=C1CSC(=O)N1CCCCCCNC[C@@H]1CCc2ccccc2O1,7.06
ZINC000073275712,O=C1[C@@H]2CCCN2C(=O)N1CCCCCCNC[C@H]1CCc2ccccc2O1,8.12
ZINC000073275715,O=C1[C@@H]2CCCN2C(=O)N1CCCCCCNC[C@@H]1CCc2ccccc2O1,8.12
ZINC000073275716,O=C1[C@H]2CCCN2C(=O)N1CCCCCCNC[C@H]1CCc2ccccc2O1,8.12
ZINC000073275720,O=C1[C@H]2CCCN2C(=O)N1CCCCCCNC[C@@H]1CCc2ccccc2O1,8.12
ZINC000073277194,O=C1[C@@H]2CCCN2C(=O)N1CCCCCNC[C@H]1CCc2ccccc2O1,7.03
ZINC000073277198,O=C1[C@@H]2CCCN2C(=O)N1CCCCCNC[C@@H]1CCc2ccccc2O1,7.03
ZINC000073277201,O=C1[C@H]2CCCN2C(=O)N1CCCCCNC[C@H]1CCc2ccccc2O1,7.03
ZINC000073277206,O=C1[C@H]2CCCN2C(=O)N1CCCCCNC[C@@H]1CCc2ccccc2O1,7.03
ZINC000073278068,O=S(=O)(NCCCCN1CCN(c2cccc(Cl)c2)CC1)c1ccc2ncccc2c1,7.16
ZINC000073278070,O=S(=O)(NCCCCN1CCN(c2cccc(Cl)c2)CC1)c1cccc2cccnc12,7.6
ZINC000073278774,O=S(=O)(NCCCCN1CCN(c2ccc(Cl)cc2)CC1)c1cnc2ccccc2c1,6.51
ZINC000073278780,O=S(=O)(c1ccc2cccnc2c1)N1CCC(CN2CCN(c3ccc(Cl)cc3)CC2)CC1,6.68
ZINC000073280359,O=C1[C@H]2CCCN2C(=O)CN1CCCCNC[C@H]1CCc2ccccc2O1,6.38
ZINC000073280360,O=C1[C@H]2CCCN2C(=O)CN1CCCCNC[C@@H]1CCc2ccccc2O1,6.38
ZINC000073280364,O=C1[C@@H]2CCCN2C(=O)CN1CCCCNC[C@H]1CCc2ccccc2O1,6.38
ZINC000073280366,O=C1[C@@H]2CCCN2C(=O)CN1CCCCNC[C@@H]1CCc2ccccc2O1,6.38
ZINC000073280373,O=C1CSC(=O)N1CCCCCNC[C@H]1CCc2ccccc2O1,6.91
ZINC000073280374,O=C1CSC(=O)N1CCCCCNC[C@@H]1CCc2ccccc2O1,6.91
ZINC000073280994,O=S(=O)(NCCCN1CCN(c2ccc(Cl)cc2)CC1)c1cncc2ccccc12,6.95
ZINC000073280996,O=S(=O)(NCCCCN1CCN(c2ccc(Cl)cc2)CC1)c1cncc2ccccc12,7.17
ZINC000073280998,O=S(=O)(NCCCCCN1CCN(c2ccc(Cl)cc2)CC1)c1cnc2ccccc2c1,6.48
ZINC000073281000,O=S(=O)(NCCCCN1CCN(c2cccc(Cl)c2)CC1)c1cccc2ccccc12,7.44
ZINC000073281002,O=S(=O)(c1cncc2ccccc12)N1CCC(CCN2CCN(c3ccc(Cl)cc3)CC2)CC1,7.33
ZINC000082149909,OC1(c2ccc(Cl)cc2)C[C@@H]2CC[C@H](C1)N2CCCOc1ccc(F)cc1,6.38
ZINC000084298917,Cc1[nH]c2ccc(F)cc2c1C1=CCNCC1,5.51
ZINC000084441638,CNC1=NC(=O)/C(=C\c2c[nH]c3ccc(Br)cc23)N1C,5.39
ZINC000084466495,O=C1Nc2ccccc2[C@@H]1CCCCN1CCN(c2ccc(F)cc2)CC1,8.3
ZINC000084687568,CN1C(=N)N=C(O)/C1=C\c1c[nH]c2cccc(Br)c12,6.1
ZINC000095541575,O=C1Nc2ccccc2[C@H]1CCCCN1CCN(c2ccc(Cl)cc2)CC1,9.42
ZINC000095571979,CSc1ccccc1OCCN1CC[C@H](NS(=O)(=O)c2cccc(Cl)c2)C1,7.82
ZINC000095571980,CSc1ccccc1OCCN1CC[C@@H](NS(=O)(=O)c2cccc(Cl)c2)C1,7.82
ZINC000095571984,CCOc1ccccc1C(=O)N[C@@H]1CCN(CCOc2ccccc2-c2ccccc2)C1,7.07
ZINC000095571985,CCOc1ccccc1C(=O)N[C@H]1CCN(CCOc2ccccc2-c2ccccc2)C1,7.07
ZINC000095571997,CC(C)c1ccccc1OCCN1CC[C@H](NS(=O)(=O)c2cccs2)C1,7.54
ZINC000095571998,CC(C)c1ccccc1OCCN1CC[C@@H](NS(=O)(=O)c2cccs2)C1,7.54
ZINC000095572057,O=S(=O)(N[C@H]1CCN(CCOc2ccccc2-c2ccccc2)C1)c1cc(F)ccc1F,8.05
ZINC000095572058,O=S(=O)(N[C@@H]1CCN(CCOc2ccccc2-c2ccccc2)C1)c1cc(F)ccc1F,8.05
ZINC000095572564,O=S(=O)(N[C@H]1CCN(CCOc2cccc3c2CCCC3)C1)c1cccs1,7.57
ZINC000095572565,O=S(=O)(N[C@@H]1CCN(CCOc2cccc3c2CCCC3)C1)c1cccs1,7.57
ZINC000095572659,O=S(=O)(N[C@H]1CCN(CCOc2ccccc2)C1)c1ccc(F)cc1,8.05
ZINC000095572660,O=S(=O)(N[C@@H]1CCN(CCOc2ccccc2)C1)c1ccc(F)cc1,8.05
ZINC000095573150,CCOc1ccccc1C(=O)N[C@@H]1CCN(CCOc2ccccc2C(C)C)C1,6.69
ZINC000095573151,CCOc1ccccc1C(=O)N[C@H]1CCN(CCOc2ccccc2C(C)C)C1,6.69
ZINC000095573157,CCOc1ccccc1C(=O)N[C@@H]1CCN(CCOc2cccc(-c3ccccc3)c2)C1,5.96
ZINC000095573158,CCOc1ccccc1C(=O)N[C@H]1CCN(CCOc2cccc(-c3ccccc3)c2)C1,5.96
ZINC000095573174,O=S(=O)(N[C@H]1CCN(CCOc2ccccc2)C1)c1ccc(Cl)s1,6.92
ZINC000095573175,O=S(=O)(N[C@@H]1CCN(CCOc2ccccc2)C1)c1ccc(Cl)s1,6.92
ZINC000095573757,O=C(N[C@@H]1CCN(CCOc2cccc3c2CCCC3)C1)c1cccc(F)c1,5.65
ZINC000095573758,O=C(N[C@H]1CCN(CCOc2cccc3c2CCCC3)C1)c1cccc(F)c1,5.65
ZINC000095573762,Cc1ccccc1C(=O)N[C@@H]1CCN(CCSc2cccc(Cl)c2Cl)C1,6.37
ZINC000095573763,Cc1ccccc1C(=O)N[C@H]1CCN(CCSc2cccc(Cl)c2Cl)C1,6.37
ZINC000095573775,CCOc1ccccc1C(=O)N[C@@H]1CCN(CCOc2cccc(NC(C)=O)c2)C1,5.47
ZINC000095573776,CCOc1ccccc1C(=O)N[C@H]1CCN(CCOc2cccc(NC(C)=O)c2)C1,5.47
ZINC000095574342,O=S(=O)(N[C@H]1CCN(CCOc2cccc3c2CCCC3)C1)c1cc(F)ccc1F,7.8
ZINC000095574343,O=S(=O)(N[C@@H]1CCN(CCOc2cccc3c2CCCC3)C1)c1cc(F)ccc1F,7.8
ZINC000095574394,CSc1ccccc1OCCN1CC[C@H](NS(=O)(=O)c2ccc(F)cc2)C1,7.96
ZINC000095574395,CSc1ccccc1OCCN1CC[C@@H](NS(=O)(=O)c2ccc(F)cc2)C1,7.96
ZINC000095575545,CC(C)c1ccccc1OCCN1CC[C@H](NS(=O)(=O)c2cccc3cccnc23)C1,8.0
ZINC000095575546,CC(C)c1ccccc1OCCN1CC[C@@H](NS(=O)(=O)c2cccc3cccnc23)C1,8.0
ZINC000095576150,O=S(=O)(N[C@H]1CCN(CCOc2ccccc2-c2ccccc2)C1)c1ccc(F)c(F)c1,8.15
ZINC000095576151,O=S(=O)(N[C@@H]1CCN(CCOc2ccccc2-c2ccccc2)C1)c1ccc(F)c(F)c1,8.15
ZINC000095576235,CC(C)c1ccccc1OCCN1CC[C@H](NS(=O)(=O)c2cccc(Cl)c2)C1,8.4
ZINC000095576236,CC(C)c1ccccc1OCCN1CC[C@@H](NS(=O)(=O)c2cccc(Cl)c2)C1,8.4
ZINC000095576824,CSc1ccccc1OCCN1CC[C@H](NS(=O)(=O)c2ccc(Cl)s2)C1,8.3
ZINC000095576825,CSc1ccccc1OCCN1CC[C@@H](NS(=O)(=O)c2ccc(Cl)s2)C1,8.3
ZINC000095577290,O=S(=O)(N[C@@H]1CCN(CCOc2cc(Cl)ccc2Cl)C1)c1ccc(F)c(F)c1,7.01
ZINC000095577291,O=S(=O)(N[C@H]1CCN(CCOc2cc(Cl)ccc2Cl)C1)c1ccc(F)c(F)c1,7.01
ZINC000095577396,O=S(=O)(N[C@H]1CCN(CCOc2cccc(Cl)c2Cl)C1)c1ccc(Cl)s1,7.85
ZINC000095577397,O=S(=O)(N[C@@H]1CCN(CCOc2cccc(Cl)c2Cl)C1)c1ccc(Cl)s1,7.85
ZINC000095577818,O=C(N[C@H]1CCN(CCOc2ccccc2-c2ccccc2)C1)c1ccc2ccccc2n1,7.39
ZINC000095577819,O=C(N[C@@H]1CCN(CCOc2ccccc2-c2ccccc2)C1)c1ccc2ccccc2n1,7.39
ZINC000095577843,O=C(N[C@@H]1CCN(CCSc2cccc(Cl)c2Cl)C1)c1ccc2ccccc2n1,5.96
ZINC000095577844,O=C(N[C@H]1CCN(CCSc2cccc(Cl)c2Cl)C1)c1ccc2ccccc2n1,5.96
ZINC000095577863,O=S(=O)(N[C@H]1CCN(CCOc2cccc(F)c2)C1)c1cccs1,5.84
ZINC000095577864,O=S(=O)(N[C@@H]1CCN(CCOc2cccc(F)c2)C1)c1cccs1,5.84
ZINC000095578379,CC(C)c1ccccc1OCCN1CC[C@H](NC(=O)c2ccc3ccccc3n2)C1,6.75
ZINC000095578380,CC(C)c1ccccc1OCCN1CC[C@@H](NC(=O)c2ccc3ccccc3n2)C1,6.75
ZINC000095579504,O=S(=O)(N[C@H]1CCN(CCOc2cccc(F)c2)C1)c1ccc(F)c(F)c1,6.53
ZINC000095579505,O=S(=O)(N[C@@H]1CCN(CCOc2cccc(F)c2)C1)c1ccc(F)c(F)c1,6.53
ZINC000095579513,Cc1ccccc1C(=O)N[C@@H]1CCN(CCOc2ccccc2-c2ccccc2)C1,7.23
ZINC000095579514,Cc1ccccc1C(=O)N[C@H]1CCN(CCOc2ccccc2-c2ccccc2)C1,7.23
ZINC000095579517,O=S(=O)(N[C@H]1CCN(CCOc2cc(Cl)ccc2Cl)C1)c1ccc(Cl)s1,7.24
ZINC000095579518,O=S(=O)(N[C@@H]1CCN(CCOc2cc(Cl)ccc2Cl)C1)c1ccc(Cl)s1,7.24
ZINC000095579554,O=S(=O)(N[C@H]1CCN(CCOc2ccccc2-c2ccccc2)C1)c1cccs1,8.0
ZINC000095579555,O=S(=O)(N[C@@H]1CCN(CCOc2ccccc2-c2ccccc2)C1)c1cccs1,8.0
ZINC000095580101,O=C(N[C@H]1CCN(CCOc2cccc(-c3ccccc3)c2)C1)c1cccc(F)c1,6.15
ZINC000095580102,O=C(N[C@@H]1CCN(CCOc2cccc(-c3ccccc3)c2)C1)c1cccc(F)c1,6.15
ZINC000095580141,O=S(=O)(N[C@H]1CCN(CCOc2cccc3c2CCCC3)C1)c1ccc(F)cc1,7.8
ZINC000095580142,O=S(=O)(N[C@@H]1CCN(CCOc2cccc3c2CCCC3)C1)c1ccc(F)cc1,7.8
ZINC000095580606,O=C(N[C@H]1CCN(CCOc2cccc(Cl)c2Cl)C1)c1ccc2c(c1)OCCO2,6.79
ZINC000095580607,O=C(N[C@@H]1CCN(CCOc2cccc(Cl)c2Cl)C1)c1ccc2c(c1)OCCO2,6.79
ZINC000095607165,O=C(N[C@H]1CCN(CCOc2ccccc2-c2ccccc2)C1)c1cccc(F)c1F,7.68
ZINC000095607166,O=C(N[C@@H]1CCN(CCOc2ccccc2-c2ccccc2)C1)c1cccc(F)c1F,7.68
ZINC000095607499,COc1ccccc1N1CCN(CCc2cccc(OCCCCCCCCCCCCOc3cccc(CCN4CCN(c5ccccc5OC)CC4)c3)c2)CC1,6.6
ZINC000096258472,O=C1C[C@H](c2c[nH]c3ccccc23)C(=O)N1CCN1CCC(c2c[nH]c3ccc(F)cc23)CC1,5.93
ZINC000096258474,COc1ccc2[nH]cc(C3CCN(CCCN4C(=O)C[C@@H](c5c[nH]c6ccccc56)C4=O)CC3)c2c1,6.23
ZINC000096258479,COc1ccc2[nH]cc(C3CCN(CCCCN4C(=O)C[C@@H](c5c[nH]c6ccccc56)C4=O)CC3)c2c1,6.46
ZINC000096258483,O=C1C[C@H](c2c[nH]c3ccccc23)C(=O)N1CCCCN1CCC(c2c[nH]c3ccc(F)cc23)CC1,6.71
ZINC000096271157,COc1ccccc1N1CCN(CCCCCN2Cc3ccc4ccccc4c3C2=O)CC1,7.21
ZINC000096271307,Fc1cccc(Nc2nc(Cc3ccccc3)nc3c2CCNCC3)c1,5.98
ZINC000096271308,COc1cccc(Nc2nc(Cc3ccccc3)nc3c2CCNCC3)c1,6.3
ZINC000096271309,c1ccc(Cc2nc3c(c(Nc4ccccc4)n2)CCNCC3)cc1,5.81
ZINC000096271310,Clc1cccc(Nc2nc(Cc3ccccc3)nc3c2CCNCC3)c1,6.0
ZINC000096910224,Cc1[nH]c2ccc(Br)cc2c1C1=CCNCC1,6.32
ZINC000096910225,Cc1[nH]c2ccc(OS(=O)(=O)C(F)(F)F)cc2c1C1=CCNCC1,5.74
ZINC000096910231,Cc1[nH]c2ccc(-c3ccsc3)cc2c1C1=CCNCC1,6.16
ZINC000096910232,Cc1[nH]c2ccc(-c3ccccc3)cc2c1C1=CCNCC1,5.43
ZINC000096927924,COc1ccc2c(=O)c3cccc(CN4CCN(c5ccccc5OC)CC4)c3oc2c1,6.71
ZINC000096927927,COc1ccc2c(=O)c3cc(CN4CCN(c5ccccc5OC)CC4)ccc3oc2c1,5.94
ZINC000096927928,COc1ccccc1N1CCN(Cc2ccc3oc4ccccc4c(=O)c3c2)CC1,6.37
ZINC000096933068,O=C1[C@@H]2CCCN2C(=O)N1CCCCNCCOc1cccc2ccccc12,7.37
ZINC000096933069,O=C1[C@H]2CCCN2C(=O)N1CCCCNCCOc1cccc2ccccc12,7.37
ZINC000096933072,COc1ccc(OCCNCCCCN2C(=O)[C@@H]3CCCN3C2=O)c2ccccc12,6.52
ZINC000096933073,COc1ccc(OCCNCCCCN2C(=O)[C@H]3CCCN3C2=O)c2ccccc12,6.52
ZINC000096933074,O=C1[C@@H]2CCCN2C(=O)N1CCCCNCCOc1cccc2cccnc12,7.82
ZINC000096933075,O=C1[C@H]2CCCN2C(=O)N1CCCCNCCOc1cccc2cccnc12,7.82
ZINC000100374472,CC(C)n1c(=O)c(C(=O)N[C@@H]2C[C@@H]3CC[C@H](C2)N3C[C@@H](O)CN(C)S(C)(=O)=O)cc2ccccc21,7.0
ZINC000100421789,O=C1[C@H]2CC=CC[C@H]2C(=O)N1CCCCN1CCN(c2cccc(C(F)(F)F)c2)CC1,7.51
ZINC000100421796,O=C1[C@@H]2CC=CC[C@H]2C(=O)N1CCCCN1CCN(c2cccc(C(F)(F)F)c2)CC1,7.51
ZINC000100421805,O=C1[C@H]2CC=CC[C@H]2C(=O)N1C1CCC(N2CCN(c3cccc(C(F)(F)F)c3)CC2)CC1,6.47
ZINC000100421808,O=C1[C@H]2CC=CC[C@@H]2C(=O)N1C1CCC(N2CCN(c3cccc(C(F)(F)F)c3)CC2)CC1,6.47
ZINC000101099977,CCCO[C@@H]1CCCc2ccc(/N=C/N3CCc4cc(OC)c(OC)cc4C3)cc21,5.28
ZINC000101099978,CCCO[C@H]1CCCc2ccc(/N=C/N3CCc4cc(OC)c(OC)cc4C3)cc21,5.28
ZINC000101100046,COc1cc2c(cc1OC)CN(/C=N/c1ccc3c(c1)[C@H](OC(C)=O)CCC3)CC2,6.4
ZINC000101100048,COc1cc2c(cc1OC)CN(/C=N/c1ccc3c(c1)[C@@H](OC(C)=O)CCC3)CC2,6.4
ZINC000101100054,COc1cc2c(cc1OC)CN(/C=N/c1ccc3c(c1)[C@H]1SCCS[C@@H]1C3)CC2,6.7
ZINC000101100059,COc1cc2c(cc1OC)CN(/C=N/c1ccc3c(c1)[C@@H]1SCCS[C@@H]1C3)CC2,6.7
ZINC000101100060,COc1cc2c(cc1OC)CN(/C=N/c1ccc3c(c1)[C@H]1SCCS[C@H]1C3)CC2,6.7
ZINC000101100061,COc1cc2c(cc1OC)CN(/C=N/c1ccc3c(c1)[C@@H]1SCCS[C@H]1C3)CC2,6.7
ZINC000101100064,CC(=O)O[C@@H]1CCc2ccc(/N=C/N(C)Cc3ccccc3)cc21,7.0
ZINC000101100067,CC(=O)O[C@H]1CCc2ccc(/N=C/N(C)Cc3ccccc3)cc21,7.0
ZINC000101100140,C[C@@H]1C(=O)N(CCCCN2CCN(c3cccc(C(F)(F)F)c3)CC2)C(=O)[C@@H]1C,6.97
ZINC000101100144,C[C@@H]1C(=O)N(CCCCN2CCN(c3cccc(C(F)(F)F)c3)CC2)C(=O)[C@H]1C,6.97
ZINC000101103222,CC(=O)O[C@@H]1CCCc2ccc(/N=C/N3CCc4ccccc4C3)cc21,6.7
ZINC000101103224,CC(=O)O[C@H]1CCCc2ccc(/N=C/N3CCc4ccccc4C3)cc21,6.7
ZINC000101103228,COc1cc2c(cc1OC)CN(/C=N/c1ccc3c(c1)[C@H]1SCCS[C@@H]1CC3)CC2,6.52
ZINC000101103229,COc1cc2c(cc1OC)CN(/C=N/c1ccc3c(c1)[C@@H]1SCCS[C@@H]1CC3)CC2,6.52
ZINC000101103232,COc1cc2c(cc1OC)CN(/C=N/c1ccc3c(c1)[C@H]1SCCS[C@H]1CC3)CC2,6.52
ZINC000101103234,COc1cc2c(cc1OC)CN(/C=N/c1ccc3c(c1)[C@@H]1SCCS[C@H]1CC3)CC2,6.52
ZINC000101106164,CC(=O)O[C@@H]1CCc2ccc(/N=C/N3CCc4ccccc4C3)cc21,7.0
ZINC000101106165,CC(=O)O[C@H]1CCc2ccc(/N=C/N3CCc4ccccc4C3)cc21,7.0
ZINC000101118103,CN(/C=N/c1ccc2c(c1)[C@H](O)CC2)Cc1ccccc1,5.44
ZINC000101118107,CN(/C=N/c1ccc2c(c1)[C@@H](O)CC2)Cc1ccccc1,5.44
ZINC000101118169,COc1cc2c(cc1OC)CN(/C=N/c1ccc3c(c1)[C@H](OC(C)=O)CC3)CC2,6.0
ZINC000101118170,COc1cc2c(cc1OC)CN(/C=N/c1ccc3c(c1)[C@@H](OC(C)=O)CC3)CC2,6.0
ZINC000101118188,COc1cc2c(cc1OC)CN(/C=N/c1ccc3c(c1)[C@H](O)CCCC3)CC2,6.1
ZINC000101118193,COc1cc2c(cc1OC)CN(/C=N/c1ccc3c(c1)[C@@H](O)CCCC3)CC2,6.1
ZINC000101118233,COc1cc2c(cc1OC)CN(/C=N/c1ccc3c(c1)[C@H](OC(C)=O)CCCC3)CC2,6.3
ZINC000101118236,COc1cc2c(cc1OC)CN(/C=N/c1ccc3c(c1)[C@@H](OC(C)=O)CCCC3)CC2,6.3
ZINC000101150331,O=C1Nc2ccccc2[C@H]1CCCCN1CCN(c2cccc(Cl)c2)CC1,9.31
ZINC000101446105,O=C1Nc2cc(F)ccc2[C@@H]1CCCCN1CC=C(c2cccc(Cl)c2)CC1,7.89
ZINC000101446122,O=C1Nc2ccc(F)cc2[C@@H]1CCCCN1CC=C(c2cccc(C(F)(F)F)c2)CC1,7.4
ZINC000101446125,O=C1Nc2ccccc2[C@@H]1CCCCN1CC=C(c2cccc(C(F)(F)F)c2)CC1,7.95
ZINC000101446132,O=C1Nc2cc(F)ccc2[C@@H]1CCCCN1CCN(c2ccccn2)CC1,7.77
ZINC000101446143,O=C1Nc2ccccc2[C@H]1CCCCN1CCN(c2ccccn2)CC1,7.96
ZINC000101446184,O=C1Nc2c(Cl)cc(Cl)cc2[C@@H]1CCCCN1CCN(c2ccc(Cl)cc2)CC1,6.97
ZINC000101446202,O=C1Nc2cc(F)ccc2[C@@H]1CCCCN1CCN(c2ccc(Cl)cc2)CC1,7.6
ZINC000101446206,O=C1Nc2ccc(F)cc2[C@H]1CCCCN1CCN(c2ccc(Cl)cc2)CC1,7.4
ZINC000101446219,O=C1Nc2cc(F)ccc2[C@@H]1CCCCN1CCN(c2cccc(Cl)c2)CC1,8.17
ZINC000101446233,O=C1Nc2ccc(F)cc2[C@@H]1CCCCN1CCN(c2ccccc2)CC1,7.36
ZINC000101446236,O=C1Nc2ccccc2[C@@H]1CCCCN1CCN(c2ccccc2)CC1,7.8
ZINC000101461539,O=C1Nc2ccc(F)cc2[C@@H]1CCCCN1CCN(c2cccc(Cl)c2)CC1,8.71
ZINC000101465467,O=C1Nc2ccc(F)cc2[C@@H]1CCCCN1CCN(c2ccc(F)cc2)CC1,8.47
ZINC000101514829,CC(=O)N1CCN(CCN2[C@H]3CC[C@@H]2C[C@H](NC(=O)c2nn(C(C)C)c4ccccc24)C3)CC1,7.0
ZINC000101675456,O=C1C[C@@H](c2c[nH]c3ccccc23)C(=O)N1CCN1CCC(c2c[nH]c3ccc(F)cc23)CC1,5.93
ZINC000101675464,COc1ccc2[nH]cc(C3CCN(CCCN4C(=O)C[C@H](c5c[nH]c6ccccc56)C4=O)CC3)c2c1,6.23
ZINC000101675474,COc1ccc2[nH]cc(C3CCN(CCCCN4C(=O)C[C@H](c5c[nH]c6ccccc56)C4=O)CC3)c2c1,6.46
ZINC000101675482,O=C1C[C@@H](c2c[nH]c3ccccc23)C(=O)N1CCCCN1CCC(c2c[nH]c3ccc(F)cc23)CC1,6.71
ZINC000103241377,NC(N)=NC(=O)c1ccc2c(c1)[nH]c1ccccc12,7.38
ZINC000103241379,NC(N)=NC(=O)c1ccc2c(c1)Nc1ccccc1O2,6.84
ZINC000103241384,NC(N)=NC(=O)c1cccc2c1Cc1ccccc1-2,6.62
ZINC000103265548,Cc1ccccc1-n1cc(CN2CC=C(c3ccccc3)CC2)c2ccccc21,7.48
ZINC000103265552,Cc1ccccc1-n1cc(CCN(C)C)c2ccccc21,6.55
ZINC000103265555,Cc1cccc(-n2cc(CCN(C)C)c3ccccc32)c1C,6.5
ZINC000103265558,CN(C)CCc1cn(-c2cccc3ccccc23)c2ccccc12,6.19
ZINC000103265561,CCc1ccccc1-n1cc(CN2CCN(c3ccccc3)CC2)c2ccccc21,7.32
ZINC000103265567,CC(C)c1ccccc1-n1cc(CN2CCN(c3ccccc3)CC2)c2ccccc21,7.82
ZINC000103265569,COc1ccccc1N1CCN(Cc2cn(-c3ccccc3C(C)C)c3ccccc23)CC1,7.77
ZINC000103265572,Cc1cccc(-n2cc(CN3CCN(c4ccccc4)CC3)c3ccccc32)c1C,7.74
ZINC000103265577,c1ccc(N2CCN(Cc3cn(-c4cccc5ccccc45)c4ccccc34)CC2)cc1,7.47
ZINC000103265581,COc1ccccc1N1CCN(Cc2cn(-c3cccc4ccccc34)c3ccccc23)CC1,8.35
ZINC000103265585,Oc1ccccc1N1CCN(Cc2cn(-c3cccc4ccccc34)c3ccccc23)CC1,7.7
ZINC000103265589,c1ccc(N2CCN(Cc3cn(-c4ccc5ccccc5c4)c4ccccc34)CC2)cc1,5.35
ZINC000103265593,FC(F)(F)c1ccccc1-n1cc(CN2CCN(c3ccccc3)CC2)c2ccccc21,7.7
ZINC000103265596,COc1ccccc1-n1cc(CN2CCN(c3ccccc3)CC2)c2ccccc21,7.15
ZINC000103265600,N#Cc1ccccc1-n1cc(CN2CCN(c3ccccc3)CC2)c2ccccc21,7.39
ZINC000103265607,COc1ccccc1N1CCN(Cc2cn(-c3ccccn3)c3ccccc23)CC1,7.21
ZINC000103265613,c1ccc(N2CCN(Cc3cn(-c4cccnc4)c4ccccc34)CC2)cc1,7.22
ZINC000103265618,C1=C(c2ccccc2)CCN(Cc2cn(-c3ccccc3)c3ccccc23)C1,7.04
ZINC000103265623,c1ccc(N2CCN(Cc3cn(-c4ccccc4)c4ccccc34)CC2)cc1,7.27
ZINC000103266302,COc1ccccc1N1CCN(Cc2cn(-c3ccccc3)c3ccccc23)CC1,7.97
ZINC000103266304,Oc1ccccc1N1CCN(Cc2cn(-c3ccccc3)c3ccccc23)CC1,7.57
ZINC000103266306,Cc1ccccc1-n1cc(CN2CCN(c3ccccc3)CC2)c2ccccc21,7.74
ZINC000103266307,COc1ccccc1N1CCN(Cc2cn(-c3ccccc3C)c3ccccc23)CC1,8.06
ZINC000103266308,Cc1ccccc1-n1cc(CN2CCN(C)CC2)c2ccccc21,5.41
ZINC000103266310,Cc1cccc(-n2cc(CN3CCN(c4ccccc4)CC3)c3ccccc32)c1,7.19
ZINC000103266313,Cc1ccc(-n2cc(CN3CCN(c4ccccc4)CC3)c3ccccc32)cc1,7.03
ZINC000118521370,FC(F)(COc1ccc(Cl)cc1OC1CNC1)c1ccccc1,7.64
ZINC000118527394,CC(C)c1noc(COc2ccc(Cl)cc2OC2CNC2)n1,6.56
ZINC000118539468,C[C@@H](Oc1ccc(C(F)(F)F)cc1OC1CNC1)c1cccc(C(F)(F)F)c1,7.51
ZINC000118539538,Clc1cccc(COc2ccc(Br)cc2OC2CNC2)c1,7.92
ZINC000118542109,Cc1nc(COc2ccc(Cl)cc2OC2CNC2)cs1,7.08
ZINC000140510647,CN1CC[C@H]2[C@@H](C1)c1cccc3c1N2c1ccccc1CS3,7.1
ZINC000140512435,CN1CC[C@@H]2[C@@H](C1)c1cccc3c1N2c1ccccc1CS3,7.1
ZINC000144146518,COc1ccccc1N1CCN(CCCCn2cnc3c2c(=O)n(C)c(=O)n3C)CC1,6.36
ZINC000169311165,CN1C(=O)N(CCCCCN2CCN(c3ccccc3F)CC2)[C@@](C)(c2ccccc2)C1=O,6.8
ZINC000169311166,CN1C(=O)N(CCCCCN2CCN(c3ccccc3F)CC2)[C@](C)(c2ccccc2)C1=O,6.8
ZINC000169311167,COc1ccccc1N1CCN(CCCCCN2C(=O)N(C)C(=O)[C@@]2(C)c2ccccc2)CC1,7.47
ZINC000169311168,COc1ccccc1N1CCN(CCCCCN2C(=O)N(C)C(=O)[C@]2(C)c2ccccc2)CC1,7.47
ZINC000169311169,CC1(C)C(=O)N(Cc2ccccc2)C(=O)N1CCCCCN1CCN(c2ccccc2)CC1,7.15
ZINC000169311315,COc1ccccc1N1CCN(CCCCCN2C(=O)N(Cc3ccccc3)C(=O)C2(C)C)CC1,7.14
ZINC000169311317,COc1cccc(N2CCN(CCCCCN3C(=O)N(Cc4ccccc4)C(=O)C3(C)C)CC2)c1,6.91
ZINC000169311319,CC1(C)C(=O)N(Cc2ccccc2)C(=O)N1CCCCCN1CCN(c2ccccc2F)CC1,6.87
ZINC000169311321,CC1(C)C(=O)N(Cc2ccccc2)C(=O)N1CCCCCN1CCN(c2ccc(F)cc2)CC1,7.35
ZINC000169311323,CC1(C)C(=O)N(Cc2ccccc2)C(=O)N1CCCCCN1CCN(c2ccc(F)cc2F)CC1,6.76
ZINC000169311324,CC1(C)C(=O)N(Cc2ccc(F)cc2)C(=O)N1CCCCCN1CCN(c2ccc(F)cc2F)CC1,6.91
ZINC000169311325,CC1(C)C(=O)N(Cc2ccc(F)cc2)C(=O)N1CCCCCN1CCN(c2ccc(F)cc2)CC1,7.34
ZINC000169311327,CC1(C)C(=O)N(Cc2ccc(Cl)cc2Cl)C(=O)N1CCCCCN1CCN(c2cccc(Cl)c2Cl)CC1,7.51
ZINC000169311330,CC1(C)C(=O)N(Cc2ccc(Cl)cc2Cl)C(=O)N1CCCCCN1CCN(c2ccc(Cl)c(Cl)c2)CC1,7.11
ZINC000169311333,CC1(C)C(=O)N(Cc2ccc(Cl)cc2Cl)C(=O)N1CCCCCN1CCN(c2ccc(Cl)cc2)CC1,6.34
ZINC000169311334,COc1ccccc1N1CCN(C[C@@H](O)CN2C(=O)N[C@@](C)(c3ccc(F)cc3)C2=O)CC1,8.52
ZINC000169311336,COc1ccccc1N1CCN(C[C@H](O)CN2C(=O)N[C@@](C)(c3ccc(F)cc3)C2=O)CC1,8.52
ZINC000169311337,COc1ccccc1N1CCN(C[C@@H](O)CN2C(=O)N[C@](C)(c3ccc(F)cc3)C2=O)CC1,8.52
ZINC000169311339,COc1ccccc1N1CCN(C[C@H](O)CN2C(=O)N[C@](C)(c3ccc(F)cc3)C2=O)CC1,8.52
ZINC000169314266,CN1CCc2cccc3c2[C@H]1C[C@@H]1C=CC(O)=C(O)[C@@H]31,6.73
ZINC000169326014,CN(CCCCCCN1CCC(c2ccccc2)CC1)c1cccc(O)c1,6.65
ZINC000169326015,CN(CCCCCCN1CCN(c2cccc(C(F)(F)F)c2)CC1)c1cccc(O)c1,7.02
ZINC000169326017,Oc1cccc(N(CCCCCCN2CCN(c3ccccc3)CC2)Cc2ccccc2)c1,6.86
ZINC000169328525,CN(CCCCCCN1CCN(c2cccc3ccccc23)CC1)c1cccc(O)c1,7.4
ZINC000169329011,CCN(CCCCCCN1CCN(c2ccccc2)CC1)c1cccc(O)c1,6.72
ZINC000169331285,CN(CCN1CCN(c2ccccc2)CC1)c1cccc(NS(C)(=O)=O)c1,7.24
ZINC000169331686,CN(CCN1CCN(c2ccccc2)CC1)c1cccc([N+](=O)[O-])c1,6.48
ZINC000169331908,CN(C(=O)CCCCCN1CCN(c2cccc3ccccc23)CC1)c1cccc(O)c1,8.09
ZINC000169339894,Oc1cccc2c1C[C@@H](N1CCN(c3ccccc3)CC1)CC2,7.09
ZINC000169339896,Oc1cccc2c1C[C@H](N1CCN(c3ccccc3)CC1)CC2,7.09
ZINC000250846553,COc1ccc2c(c1OC)C[N@@+]1(C)CCc3cc4c(cc3[C@@H]1C2)OCO4,5.3
ZINC000250846557,COc1ccc2c(c1OC)C[N@+]1(C)CCc3cc4c(cc3[C@@H]1C2)OCO4,5.3
ZINC000250846561,COc1ccc2c(c1OC)C[N@@+]1(C)CCc3cc4c(cc3[C@H]1C2)OCO4,5.3
ZINC000250846565,COc1ccc2c(c1OC)C[N@+]1(C)CCc3cc4c(cc3[C@H]1C2)OCO4,5.3
ZINC000254100292,CCN(CCCCN1CC[C@H]2CCCC[C@@H]2C1)S(=O)(=O)c1cnc2ccccc2c1,6.73
ZINC000254100294,CCN(CCCCN1CC[C@H]2CCCC[C@H]2C1)S(=O)(=O)c1cnc2ccccc2c1,6.73
ZINC000254100296,CCN(CCCCN1CC[C@@H]2CCCC[C@H]2C1)S(=O)(=O)c1cnc2ccccc2c1,6.73
ZINC000254100313,CCN(CCCCN1CC[C@H]2CCCC[C@@H]2C1)S(=O)(=O)c1cccc2cccnc12,7.89
ZINC000254100316,CCN(CCCCN1CC[C@H]2CCCC[C@H]2C1)S(=O)(=O)c1cccc2cccnc12,7.89
ZINC000254100318,CCN(CCCCN1CC[C@@H]2CCCC[C@H]2C1)S(=O)(=O)c1cccc2cccnc12,7.89
ZINC000254102365,CCN(CCCCCN1CC[C@H]2CCCC[C@@H]2C1)S(=O)(=O)c1cccc2cccnc12,7.48
ZINC000254102369,CCN(CCCCCN1CC[C@H]2CCCC[C@H]2C1)S(=O)(=O)c1cccc2cccnc12,7.48
ZINC000254102372,CCN(CCCCCN1CC[C@@H]2CCCC[C@H]2C1)S(=O)(=O)c1cccc2cccnc12,7.48
ZINC000254119897,O=S(=O)(NCCCCN1CC[C@@H]2CCCC[C@H]2C1)c1cccc2cccnc12,5.9
ZINC000254119901,O=S(=O)(NCCCCN1CC[C@H]2CCCC[C@H]2C1)c1cccc2cccnc12,5.9
ZINC000254120901,O=S(=O)(NCCCN1CC[C@@H]2CCCC[C@H]2C1)c1ccc2ncccc2c1,5.85
ZINC000254120905,O=S(=O)(NCCCN1CC[C@H]2CCCC[C@H]2C1)c1ccc2ncccc2c1,5.85
ZINC000254121011,O=S(=O)(NCCCCN1CC[C@@H]2CCCC[C@H]2C1)c1cnc2ccccc2c1,6.0
ZINC000254121013,O=S(=O)(NCCCCN1CC[C@H]2CCCC[C@H]2C1)c1cnc2ccccc2c1,6.0
ZINC000254132328,COc1ccc(CN2[C@H]3[C@@H]4[C@H]5C[C@H]6[C@@H]7[C@@H]5[C@@H]3[C@@H]7[C@@]2(O)[C@H]64)cc1OC,5.44
ZINC000254132330,COc1ccc(CN2[C@H]3[C@@H]4[C@H]5C[C@@H]6[C@@H]4[C@]2(O)[C@@H]2[C@H]6[C@@H]5[C@@H]32)cc1OC,5.44
ZINC000254132332,COc1ccc(CN2[C@@H]3[C@H]4[C@@H]5[C@@H]6[C@@H]7C[C@H]([C@@H]3[C@@H]7[C@]52O)[C@H]64)cc1OC,5.44
ZINC000254132334,COc1ccc(CN2[C@H]3[C@@H]4[C@H]5C[C@@H]6[C@@H]4[C@]2(O)[C@H]2[C@H]6[C@@H]5[C@@H]32)cc1OC,5.44
ZINC000254132541,COc1ccccc1CCN1[C@H]2[C@@H]3[C@H]4C[C@@H]5[C@@H]3[C@]1(O)[C@@H]1[C@H]5[C@@H]4[C@@H]21,5.46
ZINC000254132543,COc1ccccc1CCN1[C@H]2[C@@H]3[C@H]4C[C@@H]5[C@@H]3[C@]1(O)[C@H]1[C@H]5[C@@H]4[C@@H]21,5.46
ZINC000254132545,COc1ccccc1CCN1[C@@H]2[C@H]3[C@@H]4[C@@H]5[C@@H]6C[C@H]([C@@H]2[C@@H]6[C@]41O)[C@H]53,5.46
ZINC000254132547,COc1ccccc1CCN1[C@H]2[C@@H]3[C@H]4C[C@H]5[C@@H]6[C@@H]4[C@@H]2[C@@H]6[C@@]1(O)[C@H]53,5.46
ZINC000254133109,COc1ccc(CCN2[C@H]3[C@@H]4[C@H]5C[C@@H]6[C@@H]4[C@]2(O)[C@@H]2[C@H]6[C@@H]5[C@@H]32)cc1,5.2
ZINC000254133113,COc1ccc(CCN2[C@H]3[C@@H]4[C@H]5C[C@H]6[C@@H]7[C@@H]5[C@@H]3[C@@H]7[C@@]2(O)[C@H]64)cc1,5.2
ZINC000254133117,COc1ccc(CCN2[C@@H]3[C@H]4[C@@H]5[C@@H]6[C@@H]7C[C@H]([C@@H]3[C@@H]7[C@]52O)[C@H]64)cc1,5.2
ZINC000254133122,COc1ccc(CCN2[C@H]3[C@@H]4[C@H]5C[C@@H]6[C@@H]4[C@]2(O)[C@H]2[C@H]6[C@@H]5[C@@H]32)cc1,5.2
ZINC000254133735,COc1cccc(CCN2[C@H]3[C@@H]4[C@H]5C[C@@H]6[C@@H]4[C@]2(O)[C@@H]2[C@H]6[C@@H]5[C@@H]32)c1,5.44
ZINC000254133736,COc1cccc(CCN2[C@H]3[C@@H]4[C@H]5C[C@H]6[C@@H]7[C@@H]5[C@@H]3[C@@H]7[C@@]2(O)[C@H]64)c1,5.44
ZINC000254133737,COc1cccc(CCN2[C@@H]3[C@H]4[C@@H]5[C@@H]6[C@@H]7C[C@H]([C@@H]3[C@@H]7[C@]52O)[C@H]64)c1,5.44
ZINC000254133738,COc1cccc(CCN2[C@H]3[C@@H]4[C@H]5C[C@@H]6[C@@H]4[C@]2(O)[C@H]2[C@H]6[C@@H]5[C@@H]32)c1,5.44
ZINC000261100518,O[C@@]12[C@@H]3[C@H]4C[C@H]5[C@@H]6[C@@H]4[C@@H]1[C@@H]6[C@@H]([C@H]53)N2CCc1cccnc1,5.61
ZINC000261100524,O[C@]12[C@H]3[C@@H]4[C@@H]5[C@@H]6C[C@@H]([C@H]53)[C@@H]1[C@@H]6[C@H]4N2CCc1cccnc1,5.61
ZINC000261100528,O[C@@]12[C@@H]3[C@H]4C[C@@H]5[C@@H]3[C@H]([C@@H]3[C@H]5[C@@H]4[C@H]31)N2CCc1cccnc1,5.61
ZINC000261100532,O[C@@]12[C@@H]3[C@H]4C[C@@H]5[C@@H]3[C@H]([C@H]3[C@H]5[C@@H]4[C@H]31)N2CCc1cccnc1,5.61
ZINC000261129312,COc1ccc(CCN2[C@H]3[C@@H]4[C@H]5C[C@@H]6[C@@H]4[C@]2(O)[C@H]2[C@H]6[C@@H]5[C@@H]32)cc1OC,5.16
ZINC000261129313,COc1ccc(CCN2[C@H]3[C@@H]4[C@H]5C[C@@H]6[C@@H]4[C@]2(O)[C@@H]2[C@H]6[C@@H]5[C@@H]32)cc1OC,5.16
ZINC000261129315,COc1ccc(CCN2[C@H]3[C@@H]4[C@H]5C[C@H]6[C@@H]7[C@@H]5[C@@H]3[C@@H]7[C@@]2(O)[C@H]64)cc1OC,5.16
ZINC000261129317,COc1ccc(CCN2[C@@H]3[C@H]4[C@@H]5[C@@H]6[C@@H]7C[C@H]([C@@H]3[C@@H]7[C@]52O)[C@H]64)cc1OC,5.16
ZINC000261137335,CN(CCc1ccccc1)[C@H]1[C@H]2[C@H]3C[C@@H]4[C@H]5[C@@H](C[C@H]42)[C@@H]1[C@@H]53,5.35
ZINC000261137336,CN(CCc1ccccc1)[C@@H]1[C@H]2[C@@H]3C[C@@H]4[C@@H]5C[C@@H]([C@@H]2[C@@H]53)[C@H]14,5.35
ZINC000261137337,CN(CCc1ccccc1)[C@H]1[C@H]2[C@H]3C[C@@H]4[C@@H]5[C@H]3[C@H]1[C@@H]5C[C@H]42,5.35
ZINC000261137338,CN(CCc1ccccc1)[C@@H]1[C@@H]2[C@@H]3[C@H]4[C@H]5C[C@@H]3[C@H]1[C@@H]5C[C@H]42,5.35
ZINC000261151519,COc1ccccc1N1CCN([C@@H]2CC[C@@H](N3C(=O)c4ccccc4C3=O)CC2)CC1,5.69
ZINC000285188979,Cn1c(=O)c2c(ncn2CCCN2CCN(c3ccccc3)CC2)n(C)c1=O,5.84
ZINC000299819358,COc1ccccc1N1CCN(CCCCCn2cnc3c2c(=O)n(C)c(=O)n3C)CC1,6.53
ZINC000299819361,Cn1c(=O)c2c(ncn2CCCCN2CCN(c3ccc(Cl)c(Cl)c3)CC2)n(C)c1=O,6.75
ZINC000299820012,COc1ccccc1N1CCN(CCCn2cnc3c2c(=O)n(C)c(=O)n3C)CC1,5.66
ZINC000299820057,Cn1c(=O)c2c(ncn2CCCCCN2CCN(c3cccc(Cl)c3)CC2)n(C)c1=O,6.88
ZINC000299822942,Cn1c(=O)c2c(ncn2CCCCCN2CCN(c3ccccc3)CC2)n(C)c1=O,6.46
ZINC000299823734,Cn1c(=O)c2c(ncn2CCCCN2CCN(c3ccccc3)CC2)n(C)c1=O,5.94
ZINC000299825094,Cn1c(=O)c2c(ncn2CCCN2CCN(c3cccc(Cl)c3)CC2)n(C)c1=O,5.55
ZINC000299825177,Cn1c(=O)c2c(ncn2CCCCN2CCN(c3cccc(Cl)c3)CC2)n(C)c1=O,6.32
ZINC000299825198,Cn1c(=O)c2c(ncn2CCCCN2CCN(c3cccc(Cl)c3Cl)CC2)n(C)c1=O,7.14
ZINC000299825206,Cn1c(=O)c2c(ncn2CCCN2CCc3ccccc3C2)n(C)c1=O,5.44
ZINC000299828717,Cn1c(=O)c2c(ncn2CCCCCN2CCc3ccccc3C2)n(C)c1=O,6.0
ZINC000299829856,OC1(c2ccc(Cl)cc2)C[C@@H]2CC[C@H](C1)N2CCCSc1ccc(F)cc1,7.01
ZINC000299830085,Cn1c(=O)c2c(ncn2CCCCN2CCc3ccccc3C2)n(C)c1=O,6.2
ZINC000299831510,OC1(c2ccc(Cl)cc2)C[C@@H]2CC[C@H](C1)N2CCCSc1ccccc1F,6.05
ZINC000299831545,OC1(c2ccc(Cl)cc2)C[C@@H]2CC[C@H](C1)N2CCCSc1cccc(F)c1,6.04
ZINC000299831705,NC(N)=NC(=O)c1ccc2c(c1)C1(CCCC1)c1ccccc1-2,8.74
ZINC000299835300,NC(N)=NC(=O)c1ccc2c(c1)[C@@H](O)c1cccc(CO)c1-2,7.39
ZINC000299835302,NC(N)=NC(=O)c1ccc2c(c1)[C@H](O)c1cccc(CO)c1-2,7.39
ZINC000299835406,C[C@@H]1c2ccccc2-c2ccc(C(=O)N=C(N)N)cc21,8.39
ZINC000299835408,C[C@H]1c2ccccc2-c2ccc(C(=O)N=C(N)N)cc21,8.39
ZINC000299836638,N=C(N)NC(=O)c1ccc2c(c1)[C@H](F)c1ccccc1-2,7.24
ZINC000299836643,N=C(N)NC(=O)c1ccc2c(c1)[C@@H](F)c1ccccc1-2,7.24
ZINC000299836842,NC(N)=NC(=O)c1ccc2c(c1)[C@H](O)c1ccc(Cl)cc1-2,6.8
ZINC000299836843,NC(N)=NC(=O)c1ccc2c(c1)[C@@H](O)c1ccc(Cl)cc1-2,6.8
ZINC000299837327,Cc1cccc2c1-c1ccc(C(=O)N=C(N)N)cc1[C@H]2O,7.85
ZINC000299837332,Cc1cccc2c1-c1ccc(C(=O)N=C(N)N)cc1[C@@H]2O,7.85
ZINC000299838153,COCc1cccc2c1-c1ccc(C(=O)N=C(N)N)cc1[C@H]2O,7.3
ZINC000299838154,COCc1cccc2c1-c1ccc(C(=O)N=C(N)N)cc1[C@@H]2O,7.3
ZINC000299838488,NC(N)=NC(=O)c1ccc2c(c1)[C@H](O)c1cccc(Cl)c1-2,7.39
ZINC000299838489,NC(N)=NC(=O)c1ccc2c(c1)[C@@H](O)c1cccc(Cl)c1-2,7.39
ZINC000299838640,CC[C@]1(O)c2ccccc2-c2ccc(C(=O)N=C(N)N)cc21,8.92
ZINC000299838642,CC[C@@]1(O)c2ccccc2-c2ccc(C(=O)N=C(N)N)cc21,8.92
ZINC000299838654,CCc1cccc2c1-c1ccc(C(=O)N=C(N)N)cc1[C@H]2O,8.39
ZINC000299838661,CCc1cccc2c1-c1ccc(C(=O)N=C(N)N)cc1[C@@H]2O,8.39
ZINC000299839088,CCc1cccc2c1-c1ccc(C(=O)N=C(N)N)cc1[C@]2(C)O,8.64
ZINC000299839089,CCc1cccc2c1-c1ccc(C(=O)N=C(N)N)cc1[C@@]2(C)O,8.64
ZINC000299839497,NC(N)=NC(=O)c1ccc2c(c1)C1(CCOCC1)c1ccccc1-2,8.89
ZINC000299839520,COC[C@@]1(OC)c2ccccc2-c2ccc(C(=O)N=C(N)N)cc21,9.12
ZINC000299839523,COC[C@]1(OC)c2ccccc2-c2ccc(C(=O)N=C(N)N)cc21,9.12
ZINC000299839693,Cc1cccc2c1[C@@H](O)c1cc(C(=O)N=C(N)N)ccc1-2,7.06
ZINC000299839694,Cc1cccc2c1[C@H](O)c1cc(C(=O)N=C(N)N)ccc1-2,7.06
ZINC000299840250,NC(N)=NC(=O)c1ccc2c(c1)[C@H](O)c1cccc(F)c1-2,7.54
ZINC000299840251,NC(N)=NC(=O)c1ccc2c(c1)[C@@H](O)c1cccc(F)c1-2,7.54
ZINC000299840462,CC(=O)N[C@H]1c2ccccc2-c2ccc(C(=O)N=C(N)N)cc21,6.74
ZINC000299840463,CC(=O)N[C@@H]1c2ccccc2-c2ccc(C(=O)N=C(N)N)cc21,6.74
ZINC000299840876,Cc1cccc2c1-c1ccc(C(=O)N=C(N)N)cc1[C@@]2(C)O,8.4
ZINC000299840877,Cc1cccc2c1-c1ccc(C(=O)N=C(N)N)cc1[C@]2(C)O,8.4
ZINC000299849934,CN1CC[C@@H]2[C@H](C1)c1cccc3c1N2c1ccccc1CS3,7.1
ZINC000299849935,CN1CC[C@H]2[C@H](C1)c1cccc3c1N2c1ccccc1CS3,7.1
ZINC000299853120,C=CCOc1ccc(F)cc1[C@H]1C[C@@H]1CN,6.0
ZINC000299855343,Cc1sc2nc(CCCCN3CCN(c4ccccc4)CC3)nc(O)c2c1C,6.45
ZINC000299857435,Cc1sc2nc(CCCCCN3CCN(c4cccc(Cl)c4)CC3)nc(O)c2c1C,7.16
ZINC000299859231,Oc1nc(CCCCN2CCN(c3cccc(Cl)c3)CC2)nc2ccccc12,7.67
ZINC000299867085,Oc1nc(CCCCCN2CCN(c3cccc(Cl)c3)CC2)nc2ccccc12,7.92
ZINC000299868547,Cc1cc2c(O)nc(CCCCCN3CCN(Cc4ccccc4)CC3)nc2s1,6.83
ZINC000299868698,Oc1nc(CCCCN2CCN(c3ccccc3)CC2)nc2ccccc12,6.84
ZINC000299868705,Cc1sc2nc(CCCCCN3CCC(Cc4ccccc4)CC3)nc(O)c2c1C,6.73
ZINC000299869027,Cc1sc2nc(CCCCCN3CCN(c4ccc(Cl)cc4)CC3)nc(O)c2c1C,5.83
ZINC000299870283,Cc1sc2nc(CCCCCN3CCN(c4ccccc4)CC3)nc(O)c2c1C,7.52
ZINC000299870752,Oc1nc(CCCCCN2CCN(c3ccc(Cl)cc3)CC2)nc2ccccc12,7.0
ZINC000299871561,Oc1nc(CCCCN2CCN(c3ccc(Cl)cc3)CC2)nc2ccccc12,5.95
ZINC000299871762,Oc1nc(CCCCCN2CCN(c3ccccc3)CC2)nc2ccccc12,6.64
CHEMBL225284,CSc1ccccc1N1CCN(CCCCCC(=O)NC2CCCc3ccccc32)CC1,9.66
CHEMBL4291322,Fc1ccc2[nH]cc(CCN3CCN(c4ccccc4-c4ccccc4)CC3)c2c1,9.59
CHEMBL1256863,NCCc1c[nH]c2ccc(C(N)=O)cc12.O=C(O)/C=C\C(=O)O,9.52
CHEMBL261719,CCC1(CCCCN2CCN(c3ccc(Cl)cc3)CC2)C(=O)Nc2ccccc21,9.42
CHEMBL260994,O=C1Nc2ccccc2C1CCCCN1CCN(c2ccc(Cl)cc2)CC1,9.42
CHEMBL408976,CCC1(CCCCN2CCN(c3cccc(Cl)c3)CC2)C(=O)Nc2ccccc21,9.4
CHEMBL4245263,O=S(=O)(c1cncc2ccccc12)N1CCC[C@H]1CCN1CCC(c2noc3cc(F)ccc23)CC1,9.4
CHEMBL267062,O=C1c2ccccc2CCCN1CCN1CCC(c2c[nH]c3ccccc23)CC1,9.39
CHEMBL260872,CCC1(CCCCN2CCN(c3ccc(F)cc3)CC2)C(=O)Nc2ccccc21,9.37
CHEMBL3898250,Cl.O=C1c2ccc(Cl)cc2CC1CCN1CCc2ccccc2C1,9.33
CHEMBL4216782,Cc1nn(C)c(C)c1-c1ccc(O)c(CCN(C)C)c1,9.33
CHEMBL261209,O=C1Nc2ccccc2C1CCCCN1CCN(c2cccc(Cl)c2)CC1,9.31
CHEMBL413707,O=S(=O)(c1ccc2cc[nH]c2c1)N1CCC[C@@H]1CCN1CCC(Oc2ccc(F)cc2)CC1,9.3
CHEMBL4277476,Fc1cccc(-c2c(F)cccc2N2CCN(CCCc3c[nH]c4ccc(F)cc34)CC2)c1,9.26
CHEMBL9951,O=C1c2ccccc2CCCN1CCN1CCC(n2ccc3cc(F)ccc32)CC1,9.25
CHEMBL406414,CCC1(CCCCN2CCN(c3ccc(F)c(Cl)c3)CC2)C(=O)Nc2ccccc21,9.22
CHEMBL259087,CCC1(CCCCN2CCN(c3ccc(Cl)c(Cl)c3)CC2)C(=O)Nc2ccccc21,9.22
CHEMBL3343666,CCC1(OC)c2ccccc2-c2ccc(C(=O)N=C(N)N)cc21.Cl,9.22
CHEMBL4065568,Cc1cccc(S(=O)(=O)NCCN2CC=C(c3c[nH]c4ccc(Cl)cc34)CC2)c1,9.22
CHEMBL259086,CCC1(CCCCN2CCN(c3ccc(C)c(Cl)c3)CC2)C(=O)Nc2ccccc21,9.18
CHEMBL259549,CCC1(CCCCN2CCN(c3cccc(Cl)c3)CC2)C(=O)Nc2cc(F)ccc21,9.17
CHEMBL158402,CN(C)CCSc1cccc(C2CCCCC2)n1,9.15
CHEMBL115262,O=S(=O)(c1ccc2cc[nH]c2c1)N1CCC[C@@H]1CCN1CCC(n2c(O)nc3ccccc32)CC1,9.15
CHEMBL3343667,COCC1(OC)c2ccccc2-c2ccc(C(=O)N=C(N)N)cc21.Cl,9.12
CHEMBL4215605,Clc1ccc(CCN2CCN(c3ccccc3-c3ccccc3)CC2)cc1Cl,9.12
CHEMBL409662,CCC1(CCCCN2CCN(c3ccc(Cl)cc3)CC2)C(=O)Nc2cc(F)ccc21,9.1
CHEMBL116292,O=C(c1ccc(Cl)cc1)C1CCN(CC[C@H]2CCCN2S(=O)(=O)c2ccc3cc[nH]c3c2)CC1,9.1
CHEMBL4285796,Fc1cccc(-c2ccccc2N2CCN(CCc3c[nH]c4ccc(F)cc34)CC2)c1,9.1
CHEMBL114345,O=C(c1ccc(F)cc1)C1CCN(CC[C@H]2CCCN2S(=O)(=O)c2ccc3cc[nH]c3c2)CC1,9.08
CHEMBL93240,CSc1ccc2c(c1)C(N1CCN(C)CC1)Cc1ccccc1S2,9.05
CHEMBL182071,CC(Nc1nccc(NCCOc2ccc(F)cc2)n1)c1ccccc1,9.0
CHEMBL258075,CC(C)Oc1cccc2c1N=C(N)NC2C,9.0
CHEMBL4239091,O=S(=O)(c1cccc2cnccc12)N1CCC[C@@H]1CCN1CCN(c2nsc3ccccc23)CC1,9.0
CHEMBL4242858,O=S(=O)(c1cccc2ncccc12)N1CCC[C@@H]1CCN1CCN(c2nsc3ccccc23)CC1,9.0
CHEMBL3759205,CC(C)c1cccc(OCCN2C3CCC2CC(NS(=O)(=O)c2ccc(F)cc2)C3)c1,9.0
CHEMBL4243848,O=S(=O)(c1cccc2ncccc12)N1CCC[C@@H]1CCN1CCN(c2cccc3sccc23)CC1,9.0
CHEMBL4104622,O=S(=O)(NCCN1CC=C(c2c[nH]c3ccc(Cl)cc23)CC1)c1cccc(O)c1,9.0
CHEMBL410226,CCC1(CCCCN2CC=C(c3ccc(Cl)cc3)CC2)C(=O)Nc2ccccc21,8.99
CHEMBL269083,CCC1(CCCCN2CCN(c3ccc(Cl)cc3)CC2)C(=O)Nc2ccc(Cl)cc21,8.96
CHEMBL4286174,Fc1ccc2[nH]cc(CCCN3CCN(c4ccccc4-c4ccccc4)CC3)c2c1,8.96
CHEMBL4278933,Fc1cccc(-c2ccccc2N2CCN(CCCc3c[nH]c4ccc(F)cc34)CC2)c1,8.96
CHEMBL410225,CCC1(CCCCN2CC=C(c3ccc(F)cc3)CC2)C(=O)Nc2ccccc21,8.92
CHEMBL3343663,CCC1(O)c2ccccc2-c2ccc(C(=O)N=C(N)N)cc21.Cl,8.92
CHEMBL262068,CCC1(CCCCCN2CCN(c3ccc(Cl)cc3)CC2)C(=O)Nc2ccccc21,8.91
CHEMBL1256844,CC1CCN(CC[C@H]2CCCN2S(=O)(=O)c2cccc(O)c2)CC1.Cl,8.9
CHEMBL3343671,Cl.NC(N)=NC(=O)c1ccc2c(c1)C1(CCOCC1)c1ccccc1-2,8.89
CHEMBL3343665,COC1(C)c2ccccc2-c2ccc(C(=O)N=C(N)N)cc21.Cl,8.85
CHEMBL258496,CCC1(CCCCCN2CCN(c3cccc(Cl)c3)CC2)C(=O)Nc2ccccc21,8.84
CHEMBL259216,CCC1(CCCCN2CCN(c3ccc(F)cc3)CC2)C(=O)Nc2ccc(F)cc21,8.82
CHEMBL3958215,O=C1c2ccc(F)cc2CC1CCN1CCc2ccccc2C1,8.8
CHEMBL4204059,CCCCc1cc(-c2ccoc2)nc(N2CCN(C)CC2)n1,8.8
CHEMBL9616,O=C(c1ccc(F)cc1)C1CCN(CCN2CCCc3ccccc3C2=O)CC1,8.78
CHEMBL3343670,Cl.NC(N)=NC(=O)c1ccc2c(c1)C1(CCCO1)c1ccccc1-2,8.77
CHEMBL323778,O=c1oc2ccccc2n1C1CCN(CC[C@H]2CCCN2S(=O)(=O)c2ccc3cc[nH]c3c2)CC1,8.74
CHEMBL408191,CC(C)CC1(CCCCN2CCN(c3cccc(Cl)c3)CC2)C(=O)Nc2ccccc21,8.74
CHEMBL3343669,Cl.NC(N)=NC(=O)c1ccc2c(c1)C1(CCCC1)c1ccccc1-2,8.74
CHEMBL428494,O=C1Nc2cccc3c2C1(CCCCN1CCN(c2ccccn2)CC1)CCC3,8.73
CHEMBL408450,O=C1Nc2ccc(F)cc2C1CCCCN1CCN(c2cccc(Cl)c2)CC1,8.71
CHEMBL12846,O=C1Nc2cccc3c2C1(CCCCN1CCC(c2ccccc2)CC1)CCC3,8.7
CHEMBL69257,O=C1Nc2cccc3c2C1(CCCCN1CC=C(c2ccccc2)CC1)CCC3,8.7
CHEMBL347286,CC1CCN(CC[C@@H]2CCCN2S(=O)(=O)c2cccc(Br)c2)CC1,8.7
CHEMBL180086,CC(Nc1nc(N)nc(NCCc2cccs2)n1)c1ccc(F)cc1,8.7
CHEMBL116448,CC1CCN(CC[C@H]2CCCN2S(=O)(=O)c2cccc(Br)c2)CC1,8.7
CHEMBL4218549,O=S(=O)(c1ccc2cc[nH]c2c1)N1CCC[C@@H]1CCN1CCC(Cc2ccc(Cl)cc2)CC1,8.7
CHEMBL4080399,O=S(=O)(NCCCN1CC=C(c2c[nH]c3ccc(Cl)cc23)CC1)c1cccc(O)c1,8.7
CHEMBL3759617,CC(C)c1cccc(OCCN2C3CCC2CC(NS(=O)(=O)c2cccc(F)c2)C3)c1,8.7
CHEMBL4095555,O=S(=O)(NCCN1CC=C(c2c[nH]c3ccc(Cl)cc23)CC1)c1cccc(F)c1,8.7
CHEMBL422869,O=C1Nc2ccc(Cl)c3c2C1(CCCCN1CC=C(c2ccc(F)cc2)CC1)CCC3,8.69
CHEMBL9347,O=C1c2ccccc2CCCN1CCN1CCC(n2nnc3cc(F)ccc32)CC1,8.69
CHEMBL259550,CCC1(CCCCN2CCN(c3cccc(Cl)c3)CC2)C(=O)Nc2ccc(F)cc21,8.68
CHEMBL410628,CCC1(CCCCN2CCN(c3ccccc3)CC2)C(=O)Nc2ccccc21,8.68
CHEMBL12427,O=C1Nc2cccc3c2C1(CCCCN1CCN(c2ccccc2)CC1)CCC3,8.67
CHEMBL12702,COc1ccccc1N1CCN(CCCCC23CCCc4cccc(c42)NC3=O)CC1,8.67
CHEMBL273921,O=C1c2ccccc2CCCN1CCN1CCC(n2c(O)nc3cc(F)ccc32)CC1,8.65
CHEMBL3310714,CCc1cccc2c1-c1ccc(C(=O)N=C(N)N)cc1C2(C)O.Cl,8.64
CHEMBL4294077,Fc1ccc2[nH]cc(CCN3CCN(c4ccccc4-c4ccccc4F)CC3)c2c1,8.64
CHEMBL71847,COc1cccc(N2CCN(CCCCC34CCCc5cccc(c53)NC4=O)CC2)c1,8.63
CHEMBL272781,CC1NC(N)=Nc2c(Cl)ccc(Cl)c21,8.62
CHEMBL402179,CNC1=Nc2c(OC(C)C)cccc2C(C)N1,8.62
CHEMBL275343,O=C(c1ccc(Cl)cc1)C1CCN(CCN2CCCc3ccccc3C2=O)CC1,8.6
CHEMBL401745,COc1cc(Cl)c(C)c2c1N=C(N)NC2C,8.6
CHEMBL4205349,Cc1nn(C)c(C)c1-c1cccc(CCN(C)C)c1,8.6
CHEMBL260762,CCC1(CCCCN2CCN(c3cccc(OC)c3)CC2)C(=O)Nc2ccccc21,8.59
CHEMBL4288120,Fc1cccc(-c2ccc(F)cc2N2CCN(CCCc3c[nH]c4ccc(F)cc34)CC2)c1,8.59
CHEMBL9952,O=C1c2ccccc2CCCN1CCN1CCC(n2ccc3ccccc32)CC1,8.56
CHEMBL259010,CCC1(CCCCN2CCN(c3ccc(Cl)cc3)CC2)C(=O)Nc2ccc(F)cc21,8.55
CHEMBL309750,Brc1ccc2ccn(CCN3CCCN4CCCCC4C3)c2c1,8.52
CHEMBL3233679,COc1ccccc1N1CCN(CC(O)CN2C(=O)NC(C)(c3ccc(F)cc3)C2=O)CC1.Cl,8.52
CHEMBL4292237,CC1(c2ccc3ccccc3c2)NC(=O)N(CC(O)CN2CCN(c3ccccc3C#N)CC2)C1=O,8.52
CHEMBL4238679,O=S(=O)(c1cncc2ccccc12)N1CCC[C@@H]1CCN1CCN(c2nsc3ccccc23)CC1,8.52
CHEMBL4238479,O=S(=O)(c1cccc2cnccc12)N1CCC[C@@H]1CCN1CCN(c2cccc3sccc23)CC1,8.52
CHEMBL4284331,COc1ccccc1N1CCN(CC(O)CN2C(=O)NC(C)(c3ccc4ccccc4c3)C2=O)CC1,8.52
CHEMBL146942,NCCCC1(CCCN)CCc2cccc(O)c2C1,8.5
CHEMBL4203932,OC(CN1CCN(c2ccccc2)CC1)c1ccc(Cl)c(Cl)c1,8.49
CHEMBL4289783,Fc1ccc(N2CCN(CCCc3c[nH]c4ccc(F)cc34)CC2)c(-c2ccccc2)c1,8.48
CHEMBL408426,O=C1Nc2ccc(F)cc2C1CCCCN1CCN(c2ccc(F)cc2)CC1,8.47
CHEMBL418888,O=C1Nc2cccc3c2C1(CCCCN1CC=C(c2ccc(F)cc2)CC1)CCC3,8.45
CHEMBL553794,CNC(=O)Cn1c2c(c3ccccc31)CCN(CCCCC13CCCc4cccc(c41)NC3=O)C2,8.45
CHEMBL3818047,O=C(CCCN1CCc2ccccc2C1)c1ccc(Cl)cc1,8.45
CHEMBL273246,N#Cc1ccccc1N1CCN(CCCCC23CCCc4cccc(c42)NC3=O)CC1,8.42
CHEMBL333784,CC1CCN(CC[C@H]2CCCN2S(=O)(=O)c2ccc(Cl)c(Cl)c2)CC1,8.4
CHEMBL2159485,CC(C)c1ccccc1OCCN1CCC(NS(=O)(=O)c2cccc(Cl)c2)C1,8.4
CHEMBL153398,CC1CCN(CC[C@@H]2CCCN2S(=O)(=O)c2ccc(Cl)c(Cl)c2)CC1,8.4
CHEMBL3310713,Cc1cccc2c1-c1ccc(C(=O)N=C(N)N)cc1C2(C)O.Cl,8.4
CHEMBL1836789,CCC1(CCCCN2CCN(c3ccccn3)CC2)C(=O)Nc2ccccc21,8.4
CHEMBL3758286,CC(C)c1cccc(OCCN2C3CCC2CC(NS(=O)(=O)c2cccc(Cl)c2)C3)c1,8.4
CHEMBL4245997,O=S(=O)(c1cncc2ccccc12)N1CCC[C@@H]1CCN1CCN(c2cccc3[nH]ccc23)CC1,8.4
CHEMBL4248491,O=S(=O)(c1cncc2ccccc12)N1CCC[C@@H]1CCN1CCN(c2cccc3sccc23)CC1,8.4
CHEMBL4211987,CNC(=O)CN1c2ccccc2C2CCN(CCCCC34CCCc5cccc(c53)NC4=O)CC21,8.4
CHEMBL3759233,CC(C)c1cccc(OCCN2C3CCC2CC(NS(=O)(=O)c2cc(F)ccc2F)C3)c1,8.4
CHEMBL3310122,CC1c2ccccc2-c2ccc(C(=O)N=C(N)N)cc21.Cl,8.39
CHEMBL3310113,CCc1cccc2c1-c1ccc(C(=O)N=C(N)N)cc1C2O,8.39
CHEMBL446459,CC(C)Oc1cccc2c1N=C(NCC(F)F)NC2C,8.38
CHEMBL3310123,CC1(O)c2ccccc2-c2ccc(C(=O)N=C(N)N)cc21.Cl,8.37
CHEMBL410128,CCC1(CCCCN2CCc3sccc3C2)C(=O)Nc2ccccc21,8.37
CHEMBL275451,O=C1c2ccccc2CCCN1CCN1CCC(Oc2ccc(F)cc2)CC1,8.35
CHEMBL314830,O=C1Nc2cccc3c2C1(CCCCN1CCc2ccccc2C1)CCC3,8.35
CHEMBL3985152,COCOc1ccc(CNC(=O)CCCCCN2CCN(c3ccccc3-c3ccccc3)CC2)cc1,8.35
CHEMBL3121424,COc1ccccc1N1CCN(Cc2cn(-c3cccc4ccccc34)c3ccccc23)CC1.O=C(O)/C=C/C(=O)O,8.35
CHEMBL304731,Cc1ccc(C2=CCN(CCCCC34CCCc5cccc(c53)NC4=O)CC2)cc1,8.32
CHEMBL259215,CCC1(CCCCN2CCN(c3cccc(Cl)c3)CC2)C(=O)Nc2c(Cl)cc(F)cc21,8.32
CHEMBL3343668,Cl.NC(N)=NC(=O)c1ccc2c(c1)C1(CC1)c1ccccc1-2,8.31
CHEMBL13052,O=C1Nc2cccc3c2C1(CCCN1CCN(c2ccccc2)CC1)CCC3,8.3
CHEMBL182322,CC(Nc1nc(N)nc(NCCOc2ccc(F)cc2)n1)c1ccc(F)cc1,8.3
CHEMBL348410,O=C1Nc2ccc(Cl)c3c2C1(CCCCN1CC=C(c2ccccc2)CC1)CCC3,8.3
CHEMBL2159323,O=S(=O)(NC1CCN(CCOc2ccccc2-c2ccccc2)C1)c1ccc(F)cc1,8.3
CHEMBL2159322,CSc1ccccc1OCCN1CCC(NS(=O)(=O)c2ccc(Cl)s2)C1,8.3
CHEMBL1836785,O=C1Nc2ccccc2C1CCCCN1CCN(c2ccc(F)cc2)CC1,8.3
CHEMBL4077040,Cc1cccc(S(=O)(=O)NCCCN2CC=C(c3c[nH]c4ccc(Cl)cc34)CC2)c1,8.3
CHEMBL3745815,CN(C1CCN(CCOc2ccccc2-c2ccccc2)CC1)S(=O)(=O)c1ccc(F)cc1,8.3
CHEMBL4280511,COc1ccccc1N1CCN(CC(O)CN2C(=O)NC(C)(c3cccc4ccccc34)C2=O)CC1,8.3
CHEMBL407412,CCC1(CCCCN2CCN(c3ccccc3Cl)CC2)C(=O)Nc2ccccc21,8.29
CHEMBL1836786,CCC1(CCCCN2CCN(c3cccc(C(F)(F)F)c3)CC2)C(=O)Nc2ccccc21,8.29
CHEMBL258537,CCC1(CCCCN2CCC(c3ccc(F)cc3)CC2)C(=O)Nc2ccccc21,8.28
CHEMBL3961059,CNCc1ccc(Cl)c(-c2ccccc2OC)c1,8.28
CHEMBL265927,CCC1(CCCCN2CCN(c3ccccc3OC)CC2)C(=O)Nc2ccccc21,8.27
CHEMBL71383,O=C1Nc2cccc3c2C1(CCCCN1CCc2c([nH]c4ccccc24)C1)CCC3,8.24
CHEMBL185437,CC(Nc1ccnc(NCCc2ccc(F)cc2)n1)c1ccccc1,8.22
CHEMBL557330,COc1ccccc1N1CCN(C(=O)NC(=N)NCc2cccc3ccccc23)CC1,8.22
CHEMBL260761,CCC1(CCCCN2CCN(c3ccc(Cl)cc3)CC2)C(=O)Nc2c(Cl)cc(F)cc21,8.22
CHEMBL302766,C=CCn1c2c(c3ccccc31)CCN(CCCCC13CCCc4cccc(c41)NC3=O)C2,8.22
CHEMBL182070,CC(Nc1nccc(NCCc2ccccc2)n1)c1ccccc1,8.22
CHEMBL4103725,O=S(=O)(NCCCN1CC=C(c2c[nH]c3ccc(Cl)cc23)CC1)c1ccc(Cl)cc1,8.22
CHEMBL4216263,CCn1cncc1-c1c[nH]c2ccc(I)cc12,8.22
CHEMBL3740055,O=S(=O)(NC1CCN(CCOc2ccccc2-c2ccccc2)CC1)c1cccc(Cl)c1,8.22
CHEMBL4176950,CCOc1ccccc1N1CCN(CC(O)CN2C(=O)NC(C)(c3ccccc3)C2=O)CC1.Cl,8.22
CHEMBL4249640,O=S(=O)(c1cncc2ccccc12)N1CCC[C@H]1CCN1CCN(c2noc3ccccc23)CC1,8.22
CHEMBL4163778,COc1ccc(C2(C)NC(=O)N(CC(O)CN3CCN(c4ccccc4OC)CC3)C2=O)cc1.Cl,8.22
CHEMBL193639,CN(C)C[C@H]1CC2c3ccccc3Sc3ccc(F)cc3[C@H]2O1,8.21
CHEMBL331803,O=S(=O)(c1ccc2cc[nH]c2c1)N1CCC[C@@H]1CCN1CCC(c2cc3ccccc3[nH]2)CC1,8.2
CHEMBL2112882,CC(C)C[C@H]1C(=O)N[C@@H](Cc2ccccc2)[C@]2(O)O[C@@](C)(NC(=O)[C@@H]3C=C4c5cccc6[nH]cc(c56)C[C@H]4N(C)C3)C(=O)N12,8.2
CHEMBL3908870,CC1(C)CC(=O)N(CCCCN2Cc3ccccc3C2)C(=O)C1,8.2
CHEMBL111922,CC1CCN(CC[C@H]2CCCN2S(=O)(=O)c2ccc3c[nH]nc3c2)CC1,8.19
CHEMBL314055,O=C1Nc2cccc3c2C1(CCCCN1CCc2sccc2C1)CCC3,8.19
CHEMBL71225,CC(=O)n1c2c(c3ccccc31)CCN(CCCCC13CCCc4cccc(c41)NC3=O)C2,8.19
CHEMBL112876,CC1CCN(CC[C@H]2CCCN2S(=O)(=O)c2ccc3[nH]cnc3c2)CC1,8.19
CHEMBL3983496,COCOc1ccc(CNC(=O)CCCCCN2CCN(c3ccccc3-c3ccc(OC)cc3)CC2)cc1,8.19
CHEMBL408451,CCC1(CCCCN2CCN(c3ccccc3OC)CC2)C(=O)N(Cc2ccccc2)c2ccccc21,8.18
CHEMBL1836857,O=C1Nc2cc(F)ccc2C1CCCCN1CCN(c2cccc(Cl)c2)CC1,8.17
CHEMBL9446,O=C1c2ccccc2CCCN1CCN1CCC(N2C(=O)Cc3cc(F)ccc32)CC1,8.16
CHEMBL81276,FC(F)(F)c1ccc2ccn(CCN3CCCN4CCCCC4C3)c2c1,8.15
CHEMBL71959,CN(C)C(=O)n1c2c(c3ccccc31)CCN(CCCCC13CCCc4cccc(c41)NC3=O)C2,8.15
CHEMBL3739680,CC(C)c1ccccc1OCCN1CCC(NS(=O)(=O)c2cccc3ncccc23)CC1,8.15
CHEMBL2159481,O=S(=O)(NC1CCN(CCOc2ccccc2-c2ccccc2)C1)c1ccc(F)c(F)c1,8.15
CHEMBL2159321,CC(C)c1ccccc1OCCN1CCC(NS(=O)(=O)c2ccc(Cl)s2)C1,8.15
CHEMBL4249179,O=S(=O)(c1cccc2ncccc12)N1CCC[C@H]1CCN1CCN(c2noc3ccccc23)CC1,8.15
CHEMBL3758978,CC(C)c1ccccc1OCCN1CC(NS(=O)(=O)c2ccc(F)cc2)C1,8.15
CHEMBL3740913,O=S(=O)(NC1CCN(CCOc2ccccc2-c2ccccc2)CC1)c1ccc(F)cc1,8.15
CHEMBL4246202,O=S(=O)(c1cccc2ncccc12)N1CCC[C@H]1CCN1CCN(c2nsc3ccccc23)CC1,8.15
CHEMBL3740801,O=S(=O)(NC1CCN(CCOc2ccccc2-c2ccccc2)CC1)c1cc(F)ccc1F,8.15
CHEMBL4170613,CC1(c2ccc(Br)cc2)NC(=O)N(CC(O)CN2CCN(c3ccccc3C#N)CC2)C1=O.Cl,8.15
CHEMBL3747003,CN(C1CCN(CCOc2ccccc2-c2ccccc2)CC1)S(=O)(=O)c1cnn(C)c1,8.15
CHEMBL4208934,CCc1cc(-c2ccoc2)nc(N2CCN(C)CC2)n1,8.15
CHEMBL348890,O=C1Nc2ccc(Cl)c3c2C1(CCCCN1CC=C(c2ccc(Cl)cc2)CC1)CCC3,8.14
CHEMBL407263,CCC1(CCCCN2CCc3ccccc3C2)C(=O)Nc2ccccc21,8.12
CHEMBL3742251,CC(C)c1ccccc1OCCN1CCC(NS(=O)(=O)c2cccc(Cl)c2)CC1,8.1
CHEMBL196514,C[C@H]1Oc2c(cccc2N2CCN(CCCc3c[nH]c4ccc(F)cc34)CC2)NC1=O,8.1
CHEMBL3739582,O=S(=O)(NC1CCN(CCOc2ccccc2-c2ccccc2)CC1)c1cccc2ncccc12,8.1
CHEMBL183462,CC(Nc1nc(N)nc(NCCc2ccccc2)n1)c1ccc(F)cc1,8.1
CHEMBL182797,CC(Nc1nc(N)nc(NCCOc2ccccc2)n1)c1ccccc1,8.1
CHEMBL303166,CC(=O)c1ccccc1N1CCN(CCCCC23CCCc4cccc(c42)NC3=O)CC1,8.1
CHEMBL3740235,CC(C)c1ccccc1OCCN1CCC(NS(=O)(=O)c2cc(F)ccc2F)CC1,8.1
CHEMBL3924375,COc1ccc(-c2ccccc2N2CCN(CCCCCC(=O)NCc3ccc(C#N)cc3)CC2)cc1,8.1
CHEMBL4166804,CC1(c2ccc(Cl)cc2)NC(=O)N(CC(O)CN2CCN(C(c3ccccc3)c3ccccc3)CC2)C1=O.Cl,8.1
CHEMBL4246630,O=S(=O)(c1cncc2ccccc12)N1CCC[C@@H]1CCN1CC=C(c2c[nH]c3ccc(Cl)cc23)CC1,8.1
CHEMBL408152,COc1cccc2c1N=C(N)NC2C,8.09
CHEMBL422587,O=C1Nc2ccc(O)c3c2C1(CCCCN1CC=C(c2ccccc2)CC1)CCC3,8.09
CHEMBL3262432,CN(C(=O)CCCCCN1CCN(c2cccc3ccccc23)CC1)c1cccc(O)c1.Cl,8.09
CHEMBL85814,O=C1Nc2cccc3c2C1(CCCN1CCc2ccccc2C1)CCC3,8.08
CHEMBL411919,CCC1(CCCCN2CCN(c3cccc(Cl)c3)CC2)C(=O)Nc2ccc(Cl)cc21,8.08
CHEMBL3884095,CCOc1ccccc1N1CCN(CCCCCn2c(C)nc3ccccc3c2=O)CC1,8.07
CHEMBL273241,O=C1c2ccccc2C(=O)N1CCCCN1CCc2ccccc2C1,8.07
CHEMBL70889,NC(=O)Cn1c2c(c3ccccc31)CCN(CCCCC13CCCc4cccc(c41)NC3=O)C2,8.06
CHEMBL273170,CC1NC(N)=Nc2ccc(Cl)c(Cl)c21,8.06
CHEMBL3121438,COc1ccccc1N1CCN(Cc2cn(-c3ccccc3C)c3ccccc23)CC1.O=C(O)/C=C/C(=O)O,8.06
CHEMBL222864,COc1ccccc1N1CCN(CCCCC(=O)NC2CCCc3ccccc32)CC1,8.05
CHEMBL2159479,O=S(=O)(NC1CCN(CCOc2ccccc2)C1)c1ccc(F)cc1,8.05
CHEMBL328476,c1ccc2c3c([nH]c2c1)C(Cc1ccc2c(c1)OCO2)NCC3,8.05
CHEMBL3740054,CC(C)c1ccccc1OCCN1CCC(NS(=O)(=O)c2cccc(F)c2)CC1,8.05
CHEMBL4088249,O=S(=O)(NCCN1CC=C(c2c[nH]c3ccc(Cl)cc23)CC1)c1ccc(F)cc1,8.05
CHEMBL3741445,O=S(=O)(NC1CCN(CCOc2ccccc2-c2ccccc2)CC1)c1cncc2ccccc12,8.05
CHEMBL4174055,CC1(c2ccc(Cl)cc2)NC(=O)N(CC(O)CN2CCN(c3ccccc3C#N)CC2)C1=O.Cl,8.05
CHEMBL3747052,CC(C)c1ccccc1OCCN1CCC(N(C)S(=O)(=O)c2ccccc2)CC1,8.05
CHEMBL2159483,O=S(=O)(NC1CCN(CCOc2ccccc2-c2ccccc2)C1)c1cc(F)ccc1F,8.05
CHEMBL4246655,O=S(=O)(c1cncc2ccccc12)N1CCC[C@H]1CCN1CCN(c2nsc3ccccc23)CC1,8.05
CHEMBL3759262,CC(C)c1cccc(OCCN2C3CCC2CC(NS(=O)(=O)c2ccc(F)c(F)c2)C3)c1,8.05
CHEMBL9770,Cc1ccc(OC2CCN(CCN3CCCc4ccccc4C3=O)CC2)cc1,8.04
CHEMBL199824,Cn1c(=O)cnn(CCCCN2CCN(c3cccc4ccc(O[11CH3])cc34)CC2)c1=O,8.04
CHEMBL261009,CCC1(CCCCN2CCN(c3cccc(Cl)c3)CC2)C(=O)Nc2cc(F)c(Cl)cc21,8.04
CHEMBL9250,O=C1c2ccccc2CCCN1CCN1CCC(n2c(=O)oc3cc(F)ccc32)CC1,8.03
CHEMBL260870,CCC1(CCCCN2CCN(c3ccc(Cl)cc3)CC2)C(=O)Nc2c(Cl)cc(Cl)cc21,8.02
CHEMBL259009,CCC1(CCCCN2CCN(c3cccc(Cl)c3)CC2)C(=O)Nc2c(Cl)cc(Cl)cc21,8.02
CHEMBL3906408,O=C(CCCCCN1CCN(c2ccccc2-c2ccccc2)CC1)NCc1ccc(OCCCN2CCOCC2)cc1,8.02
CHEMBL85602,CN1C(=O)C2(CCCCN3CCc4sccc4C3)CCCc3cccc1c32,8.01
CHEMBL2311141,[11CH3]N1C(=O)C2(CCCCN3CCc4sccc4C3)CCCc3cccc1c32,8.01
CHEMBL2413451,[11CH3]N1C(=O)C2(CCCCCN3CCc4sccc4C3)CCCc3cccc1c32,8.01
CHEMBL3769534,CCOc1ccccc1N1CCN(CC(O)CN2C(=O)NC(C)(c3ccc(F)cc3)C2=O)CC1,8.0
CHEMBL153156,COc1cccc(S(=O)(=O)N2CCC[C@H]2CCN2CCC(C)CC2)c1,8.0
CHEMBL81607,Clc1ccc2ccn(CCN3CCCN4CCCCC4C3)c2c1,8.0
CHEMBL260551,CCC1(CCCCN2CCN(c3ccc(Cl)cc3)CC2)C(=O)Nc2cc(F)c(Cl)cc21,8.0
CHEMBL332701,COc1cccc(S(=O)(=O)N2CCC[C@@H]2CCN2CCC(C)CC2)c1,8.0
CHEMBL2159477,CC(C)c1ccccc1OCCN1CCC(NS(=O)(=O)c2cccc3cccnc23)C1,8.0
CHEMBL2159471,O=S(=O)(NC1CCN(CCOc2ccccc2-c2ccccc2)C1)c1cccs1,8.0
CHEMBL3747240,Cn1cc(S(=O)(=O)N(CC2CC2)C2CCN(CCOc3ccccc3-c3ccccc3)CC2)cn1,8.0
CHEMBL3818056,O=C(CCCN1CCc2ccccc2C1)c1ccc(O)cc1,8.0
CHEMBL3941529,C[C@H](NC(=O)CCCCCN1CCN(c2ccccc2-c2ccccc2)CC1)c1ccccc1,8.0
CHEMBL4170657,COc1ccccc1N1CCN(CC(O)CN2C(=O)NC(C)(c3ccc(Br)cc3)C2=O)CC1.Cl,8.0
CHEMBL3747459,CC(C)c1ccccc1OCCN1CCC(N(C)S(=O)(=O)c2cnn(C)c2)CC1,8.0
CHEMBL4077937,O=S(=O)(NCCCN1CC=C(c2c[nH]c3ccc(Cl)cc23)CC1)c1ccc(F)cc1,8.0
CHEMBL4243579,O=S(=O)(c1cccc2cnccc12)N1CCC[C@H]1CCN1CCN(c2noc3ccccc23)CC1,8.0
CHEMBL4168743,COc1ccccc1N1CCN(CC(O)CN2C(=O)NC(C)(c3ccccc3)C2=O)CC1.Cl,8.0
CHEMBL273872,O=C1c2ccccc2CCCN1CCN1CCC(n2c(O)nc3ccccc32)CC1,7.99
CHEMBL304167,Cc1ccccc1N1CCN(CCCCC23CCCc4cccc(c42)NC3=O)CC1,7.98
CHEMBL3960056,C[C@@H](NC(=O)CCCCCN1CCN(c2ccccc2-c2ccccc2)CC1)c1ccccc1,7.98
CHEMBL3121435,COc1ccccc1N1CCN(Cc2cn(-c3ccccc3)c3ccccc23)CC1.O=C(O)/C=C/C(=O)O,7.97
CHEMBL1836791,O=C1Nc2ccccc2C1CCCCN1CC=C(c2cccc(C(F)(F)F)c2)CC1,7.96
CHEMBL1836784,CCC1(CCCCN2CCN(c3cccc(F)c3)CC2)C(=O)Nc2ccccc21,7.96
CHEMBL1836788,O=C1Nc2ccccc2C1CCCCN1CCN(c2ccccn2)CC1,7.96
CHEMBL4282860,CC1(c2ccc(F)cc2)NC(=O)N(CC(O)CN2CCN(c3cccc4ccccc34)CC2)C1=O,7.96
CHEMBL2159478,CSc1ccccc1OCCN1CCC(NS(=O)(=O)c2ccc(F)cc2)C1,7.96
CHEMBL269400,Cc1ccccc1OC1CCN(CCC2CCCc3ccccc3C2=O)CC1,7.95
CHEMBL9840,COc1ccccc1C1CCN(CC2CCc3ccccc3C(=O)C2)CC1,7.95
CHEMBL3932551,COc1ccc(-c2ccccc2N2CCN(CCCCCC(=O)N[C@H](C)c3ccccc3)CC2)cc1,7.94
CHEMBL429202,O=C1c2ccccc2CCCN1CCN1CCC(Oc2ccc(Cl)cc2)CC1,7.93
CHEMBL3819427,NC(=O)c1ccc(C(=O)CCCN2CCc3ccccc3C2)cc1,7.92
CHEMBL3401482,O=c1[nH]c(CCCCCN2CCN(c3cccc(Cl)c3)CC2)nc2ccccc12,7.92
CHEMBL137781,C[C@H]1C[C@@H](C)N1C(=O)[C@@H]1C=C2c3cccc4[nH]cc(c34)CC2N(C)C1,7.92
CHEMBL3759281,O=S(=O)(NC1CC2CCC(C1)N2CCOc1cccc(-c2ccccc2)c1)c1cccc(F)c1,7.92
CHEMBL4289605,Fc1cccc(-c2cc(F)ccc2N2CCN(CCCc3c[nH]c4ccc(F)cc34)CC2)c1,7.92
CHEMBL4242392,O=S(=O)(c1cccc2cnccc12)N1CCC[C@H]1CCN1CCN(c2nsc3ccccc23)CC1,7.92
CHEMBL4250475,O=S(=O)(c1cccc2ncccc12)N1CCC[C@@H]1CCN1CCC(c2noc3cc(F)ccc23)CC1,7.92
CHEMBL4091193,O=S(=O)(NCCCN1CC=C(c2c[nH]c3ccc(Cl)cc23)CC1)c1cccc(Cl)c1,7.92
CHEMBL4209430,Clc1ccc(CCN2CCN(c3nsc4ccccc34)CC2)cc1Cl,7.92
CHEMBL3971125,COc1ccc(-c2ccccc2N2CCN(CCCCCC(=O)N[C@H](C)c3ccc(C#N)cc3)CC2)cc1,7.92
CHEMBL4245622,O=S(=O)(c1cccc2ncccc12)N1CCC[C@@H]1CCN1CC=C(c2c[nH]c3ccc(Cl)cc23)CC1,7.92
CHEMBL4162279,CC1(c2ccccc2)NC(=O)N(CC(O)CN2CCN(c3ccccc3C#N)CC2)C1=O.Cl,7.92
CHEMBL4241050,O=S(=O)(c1cccc2ncccc12)N1CCC[C@H]1CCN1CCC(c2noc3cc(F)ccc23)CC1,7.92
CHEMBL258073,COc1c(Cl)ccc2c1C(C)NC(N)=N2,7.91
CHEMBL307101,O=C1Nc2cccc3c2C1(CCCCN1CCN(c2ccccc2Cl)CC1)CCC3,7.91
CHEMBL71057,O=C1Nc2ccc(Br)c3c2C1(CCCCN1CC=C(c2ccccc2)CC1)CCC3,7.91
CHEMBL314672,O=C1Nc2cccc3c2C1(CCCCCN1CCc2ccccc2C1)CCC3,7.9
CHEMBL485253,CCC(CO)NC(=O)[C@@H]1C=C2c3cccc4c3c(cn4C)C[C@H]2N(C)C1,7.9
CHEMBL3747071,CC(C)c1ccccc1OCCN1CCC(N(C)S(=O)(=O)c2ccc(F)cc2)CC1,7.89
CHEMBL1836794,O=C1Nc2cc(F)ccc2C1CCCCN1CC=C(c2cccc(Cl)c2)CC1,7.89
CHEMBL1917359,CCN(CCCCN1CCC2CCCCC2C1)S(=O)(=O)c1cccc2cccnc12,7.89
CHEMBL271298,CNC1=Nc2ccc(Cl)c(Cl)c2C(C)N1,7.88
CHEMBL275475,O=C1c2ccccc2CCCN1CCN1CCC(n2nnc3ccccc32)CC1,7.85
CHEMBL2159474,O=S(=O)(NC1CCN(CCOc2cccc(Cl)c2Cl)C1)c1ccc(Cl)s1,7.85
CHEMBL343755,C[C@H]1C[C@H](C)N1C(=O)[C@@H]1C=C2c3cccc4[nH]cc(c34)CC2N(C)C1,7.85
CHEMBL3958956,C[C@@H]1CN(c2ccccc2-c2ccccc2)CCN1CCCCCC(=O)NCc1ccccc1,7.85
CHEMBL3770639,CC1(c2ccc(F)cc2)NC(=O)N(CC(O)CN2CCN(c3ccccc3C#N)CC2)C1=O,7.85
CHEMBL4089427,O=S(=O)(c1cncc2ccccc12)N1CCC(CCN2CCN(c3ccc(F)cc3)CC2)CC1,7.85
CHEMBL3759342,O=S(=O)(NC1CC2CCC(C1)N2CCOc1cccc(-c2ccccc2)c1)c1ccc(F)cc1,7.85
CHEMBL4075144,O=S(=O)(NCCCN1CC=C(c2c[nH]c3ccc(Cl)cc23)CC1)c1cccc(F)c1,7.85
CHEMBL3310111,Cc1cccc2c1-c1ccc(C(=O)N=C(N)N)cc1C2O.Cl,7.85
CHEMBL3759819,O=S(=O)(NC1CC2CCC(C1)N2CCOc1cccc(-c2ccccc2)c1)c1cccc(Cl)c1,7.85
CHEMBL3759577,CC(C)c1ccccc1OCCN1CC(NS(=O)(=O)c2cccc(F)c2)C1,7.85
CHEMBL4248597,O=S(=O)(c1cccc2ncccc12)N1CCC[C@@H]1CCN1CCN(c2cccc3[nH]ccc23)CC1,7.85
CHEMBL3984541,COc1ccc(-c2ccccc2N2CCN(CCCCCC(=O)NCc3ccc(OCCO)cc3)CC2)cc1,7.84
CHEMBL269964,CNC1=Nc2cccc(Cl)c2C(C)N1,7.82
CHEMBL2159486,CSc1ccccc1OCCN1CCC(NS(=O)(=O)c2cccc(Cl)c2)C1,7.82
CHEMBL3121419,CC(C)c1ccccc1-n1cc(CN2CCN(c3ccccc3)CC2)c2ccccc21.O=C(O)/C=C/C(=O)O,7.82
CHEMBL1209157,COc1ccc(OC)c(C2CCN(Cc3cnn(-c4ccccc4F)c3C)C2)c1,7.82
CHEMBL3581245,CCCCOc1cc2c(cc1OC)-c1c(OC)c(OC)cc3c1[C@H](C2)N(C)CC3,7.82
CHEMBL4100951,O=S(=O)(NCCCN1CC=C(c2c[nH]c3ccc(Cl)cc23)CC1)c1ccc2ccccc2c1,7.82
CHEMBL4209888,COc1ccccc1N1CCN(CCCOc2ccc(C)cc2C)CC1.Cl,7.82
CHEMBL3928716,COc1ccccc1-c1cccc(CN2CCN(c3ccccc3OC)CC2)c1,7.82
CHEMBL3943658,CNCc1ccc(C)c(-c2ccccc2OC)c1,7.82
CHEMBL3892201,COc1ccc(-c2ccccc2N2CCN(CCCCCC(=O)N[C@@H](C)c3ccccc3)CC2)cc1,7.81
CHEMBL152595,CC1CCN(CC[C@@H]2CCCCN2S(=O)(=O)c2cccc3ccccc23)CC1,7.8
CHEMBL270177,CC1NC(N)=Nc2cccc(Cl)c21,7.8
CHEMBL85249,O=C1Nc2cccc3c2C1(CCCCN1CCc2occc2C1)CCC3,7.8
CHEMBL1836856,O=C1Nc2ccccc2C1CCCCN1CCN(c2ccccc2)CC1,7.8
CHEMBL154090,CC1CCN(CC[C@@H](C)C(C)S(=O)(=O)c2cc(Br)c(Br)cc2-c2cccs2)CC1,7.8
CHEMBL1788231,CC1CCN(CC[C@H]2CCCCN2S(=O)(=O)c2cccc3ccccc23)CC1,7.8
CHEMBL2159484,O=S(=O)(NC1CCN(CCOc2cccc3c2CCCC3)C1)c1cc(F)ccc1F,7.8
CHEMBL3914155,N#Cc1ccc(CNC(=O)CCOCCN2CCN(c3ccccc3-c3ccccc3)CC2)cc1,7.8
CHEMBL3977072,O=C(CCCCCN1CCN(c2ccccc2-c2ccccc2)CC1)NCc1ccc(OCCN2CCOCC2)cc1,7.8
CHEMBL3758622,O=S(=O)(NC1CCN(CCOc2ccccc2C2CCCC2)CC1)c1ccc(F)cc1,7.8
CHEMBL2159480,O=S(=O)(NC1CCN(CCOc2cccc3c2CCCC3)C1)c1ccc(F)cc1,7.8
CHEMBL4215875,Cc1ccc(-c2noc3c2CCNCC3)cc1,7.8
CHEMBL1836790,O=C1Nc2cc(F)ccc2C1CCCCN1CCN(c2ccccn2)CC1,7.78
CHEMBL3817898,COc1ccc(C(=O)CCCN2CCc3ccccc3C2)cc1,7.77
CHEMBL71224,COCn1c2c(c3ccccc31)CCN(CCCCC13CCCc4cccc(c41)NC3=O)C2,7.77
CHEMBL3121420,COc1ccccc1N1CCN(Cc2cn(-c3ccccc3C(C)C)c3ccccc23)CC1.O=C(O)/C=C/C(=O)O,7.77
CHEMBL3760017,O=S(=O)(NC1CCN(CCOc2ccccc2C2CCCC2)CC1)c1cccc(Cl)c1,7.77
CHEMBL4066532,O=S(=O)(NCCN1CC=C(c2c[nH]c3ccc(Cl)cc23)CC1)c1cccc(Cl)c1,7.77
CHEMBL4240162,O=S(=O)(c1cccc2ncccc12)N1CCCCC[C@H]1CCN1CCN(c2nsc3ccccc23)CC1,7.77
CHEMBL3771309,CC1(c2ccc(F)cc2)NC(=O)N(CC(O)CN2CCN(c3cccc(Cl)c3Cl)CC2)C1=O,7.77
CHEMBL70869,NC(=O)c1ccccc1N1CCN(CCCCC23CCCc4cccc(c42)NC3=O)CC1,7.76
CHEMBL257744,COc1c(Cl)ccc2c1C(C)NC(NCC(F)F)=N2,7.75
CHEMBL3745853,O=S(=O)(c1ccc(F)cc1)N(CC1CC1)C1CCN(CCOc2ccccc2-c2ccccc2)CC1,7.75
CHEMBL3139188,NC(N)=NC(=O)c1ccc2c(c1)C(O)c1ccccc1-2,7.75
CHEMBL3121421,Cc1cccc(-n2cc(CN3CCN(c4ccccc4)CC3)c3ccccc32)c1C.O=C(O)/C=C/C(=O)O,7.75
CHEMBL3092759,Cl.NC(N)=NC(=O)c1ccc2c(c1)C(O)c1ccccc1-2,7.75
CHEMBL3121437,Cc1ccccc1-n1cc(CN2CCN(c3ccccc3)CC2)c2ccccc21.O=C(O)/C=C/C(=O)O,7.75
CHEMBL4096866,O=S(=O)(c1cncc2ccccc12)N1CCC(CCN2CCN(c3cccc(Cl)c3)CC2)CC1,7.75
CHEMBL3892079,COc1ccccc1-c1cc(CN2CCN(c3ccccc3OC)CC2)ccc1C,7.75
CHEMBL3931889,COc1ccccc1-c1cc(CN(C)C)ccc1Cl,7.75
CHEMBL4069237,O=S(=O)(NCCCN1CC=C(c2c[nH]c3ccc(Cl)cc23)CC1)c1cccc2ccccc12,7.75
CHEMBL3747114,CC(C)c1ccccc1OCCN1CCC(N(C)S(=O)(=O)c2cccc(F)c2)CC1,7.75
CHEMBL9696,O=C1CC(CN2CCC(Oc3ccccc3)CC2)CCc2ccccc21,7.73
CHEMBL3896355,COc1ccc(-c2ccccc2N2CCN(CCCCCC(=O)NCc3ccc(OCCCN4CCOCC4)cc3)CC2)cc1,7.73
CHEMBL2204360,Cc1ccc(Sc2ccccc2N2CCNCC2)c(C)c1.Cl,7.72
CHEMBL305526,Cn1c2c(c3ccccc31)CCN(CCCCC13CCCc4cccc(c41)NC3=O)C2,7.72
CHEMBL3741281,Cn1cc(S(=O)(=O)NC2CCN(CCOc3ccccc3-c3ccccc3)CC2)cn1,7.72
CHEMBL3739745,CC(C)c1ccccc1OCCN1CCC(NS(=O)(=O)c2cnn(C)c2)CC1,7.72
CHEMBL71170,CN(C)C(=O)Cn1c2c(c3ccccc31)CCN(CCCCC13CCCc4cccc(c41)NC3=O)C2,7.72
CHEMBL4294549,CC1(c2cccc3ccccc23)NC(=O)N(CC(O)CN2CCN(c3ccccc3C#N)CC2)C1=O,7.72
CHEMBL4250274,O=S(=O)(c1ccnc2ccccc12)N1CCCCC[C@H]1CCN1CCN(c2nsc3ccccc23)CC1,7.72
CHEMBL4239823,O=S(=O)(c1cncc2ccccc12)N1CCC[C@H]1CCN1CCN(c2cccc3sccc23)CC1,7.72
CHEMBL3986254,COc1ccc(-c2ccccc2N2CCN(CCCCCC(=O)N[C@@H](C)c3ccc(C#N)cc3)CC2)cc1,7.72
CHEMBL3758591,O=S(=O)(NC1CCN(CCOc2ccccc2C2CCCC2)CC1)c1cccc(F)c1,7.72
CHEMBL4241497,O=S(=O)(c1cccc2ncccc12)N1CCCCC[C@H]1CCN1CCN(c2cccc3sccc23)CC1,7.72
CHEMBL4240954,O=S(=O)(c1cccc2ncccc12)N1CCC[C@H]1CCN1CCN(c2cccc3sccc23)CC1,7.72
CHEMBL3121427,FC(F)(F)c1ccccc1-n1cc(CN2CCN(c3ccccc3)CC2)c2ccccc21.O=C(O)/C=C/C(=O)O,7.7
CHEMBL3121425,O=C(O)/C=C/C(=O)O.Oc1ccccc1N1CCN(Cc2cn(-c3cccc4ccccc34)c3ccccc23)CC1,7.7
CHEMBL241100,CCCSc1ccccc1CC1NCCc2c1[nH]c1ccccc21,7.7
CHEMBL152292,CC1CCN(CC[C@@H](C)C(C)S(=O)(=O)c2ccc(Br)c(Br)c2)CC1,7.7
CHEMBL3759581,O=S(=O)(NC1CN(CCOc2ccccc2-c2ccccc2)C1)c1cccc(Cl)c1,7.7
CHEMBL3758569,O=S(=O)(NC1CC2CCC(C1)N2CCOc1cccc(-c2ccccc2)c1)c1ccc(F)c(F)c1,7.7
CHEMBL464099,COc1cc2c(cc1O)C[C@H]1c3c(cc(OC)c(OC)c3-2)CCN1C,7.7
CHEMBL3581254,C=CCOc1cc2c(cc1OC)-c1c(OC)c(OC)cc3c1[C@H](C2)N(C)CC3,7.7
CHEMBL4159967,COc1ccccc1N1CCN(CC(O)CN2C(=O)NC(C)(c3ccc(Cl)cc3)C2=O)CC1.Cl,7.7
CHEMBL71390,COc1ccc(N2CCN(CCCCC34CCCc5cccc(c53)NC4=O)CC2)cc1,7.69
CHEMBL9564,O=C1c2ccccc2CCCN1CCN1CCC(Oc2ccccc2)CC1,7.69
CHEMBL3739561,CC(C)c1ccccc1OCCN1CCC(NS(=O)(=O)c2cncc3ccccc23)CC1,7.68
CHEMBL412143,CCC1(CCCN2CCN(c3cccc(Cl)c3)CC2)C(=O)Nc2ccccc21,7.68
CHEMBL2159467,O=C(NC1CCN(CCOc2ccccc2-c2ccccc2)C1)c1cccc(F)c1F,7.68
CHEMBL4207835,O=C1Nc2ccccc2C12CCN(CCN1CCN(c3ccc(F)cc3)CC1)C2,7.68
CHEMBL3968569,CN(C)Cc1ccc(CNC(=O)CCCCCN2CCN(c3ccccc3-c3ccccc3)CC2)cc1,7.68
CHEMBL3401479,O=c1[nH]c(CCCCN2CCN(c3cccc(Cl)c3)CC2)nc2ccccc12,7.67
CHEMBL307352,COC1(c2ccccc2)CCN(CCCCC23CCCc4cccc(c42)NC3=O)CC1,7.66
CHEMBL3581252,COc1cc2c(cc1OCC1CC1)C[C@H]1c3c(cc(OC)c(OC)c3-2)CCN1C,7.66
CHEMBL4248544,O=S(=O)(c1cccc2ncccc12)N1CCCC[C@@H]1CCN1CCN(c2cccc3sccc23)CC1,7.66
CHEMBL3818710,Cl.[O-][S+](CCCN1CCc2ccccc2C1)c1ccc(F)cc1,7.65
CHEMBL113192,CC1CCN(CC[C@H]2CCCN2S(=O)(=O)c2ccc3c(c2)NCC3)CC1,7.64
CHEMBL3581255,COc1cc2c(cc1OCc1ccccc1)C[C@H]1c3c(cc(OC)c(OC)c3-2)CCN1C,7.64
CHEMBL3901042,COc1ccccc1-c1cc(CN(C)C)ccc1C,7.64
CHEMBL4244691,O=S(=O)(c1cccc2cnccc12)N1CCC[C@H]1CCN1CCN(c2cccc3sccc23)CC1,7.64
CHEMBL4171652,COc1ccc(C2(C)NC(=O)N(CC(O)CN3CCN(c4ccccc4C#N)CC3)C2=O)cc1.Cl,7.64
CHEMBL429136,CC1NC(NCC(F)F)=Nc2ccc(Cl)c(Cl)c21,7.63
CHEMBL3883640,CCOc1ccccc1N1CCN(CCCCCOc2cc(-c3ccccc3)ncn2)CC1,7.63
CHEMBL69040,O=C1Nc2cccc3c2C1(CCCCN1CCN(c2ccccc2[N+](=O)[O-])CC1)CCC3,7.62
CHEMBL3581250,CCCC(C)Oc1cc2c(cc1OC)-c1c(OC)c(OC)cc3c1[C@H](C2)N(C)CC3,7.62
CHEMBL3580670,CCCCCOc1cc2c(cc1OC)-c1c(OC)c(OC)cc3c1[C@H](C2)N(C)CC3,7.62
CHEMBL3742257,CC(C)c1ccccc1OCCN1CCC(NS(=O)(=O)c2ccc(Cl)s2)CC1,7.62
CHEMBL4104596,Cc1cccc(S(=O)(=O)NCCN2CC=C(c3c(C)[nH]c4ccc(Cl)cc34)CC2)c1,7.62
CHEMBL4245607,O=S(=O)(c1cncc2ccccc12)N1CCCCC[C@H]1CCN1CCN(c2cccc3sccc23)CC1,7.62
CHEMBL70819,CN1C(=O)C2(CCCCN3CC=C(c4ccccc4)CC3)CCCc3cccc1c32,7.6
CHEMBL1949966,Cl.O=S(=O)(NCCCCN1CCN(c2cccc(Cl)c2)CC1)c1cccc2cccnc12,7.6
CHEMBL243712,CCN1CCCC1CNC(=O)c1cc(S(=O)(=O)CC)c(N)cc1OC,7.6
CHEMBL9615,O=C1c2ccccc2CCCC1CCN1CCC(Oc2ccccc2)CC1,7.6
CHEMBL3970299,Cl.Clc1ccc2sc(CCCCN3CCc4ccccc4C3)nc2c1,7.6
CHEMBL3955917,COc1ccc(-c2ccccc2N2CCN(CCCCCC(=O)NCc3ccc(OCCN4CCOCC4)cc3)CC2)cc1,7.6
CHEMBL1836860,O=C1Nc2cc(F)ccc2C1CCCCN1CCN(c2ccc(Cl)cc2)CC1,7.6
CHEMBL112765,CC1CCN(CC[C@H]2CCCN2S(=O)(=O)c2ccc3[nH]nnc3c2)CC1,7.59
CHEMBL258593,CCC1(CCCCN2CCN(c3ccc(OC)cc3)CC2)C(=O)Nc2ccccc21,7.59
CHEMBL3897426,COc1ccc(-c2cc(F)ccc2N2CCN(CCCCCC(=O)NCc3ccc(C#N)cc3)CC2)cc1,7.59
CHEMBL319005,COc1cccc(CC2NCCc3c2[nH]c2ccccc32)c1,7.58
CHEMBL3759948,Nc1ccc(S(=O)(=O)NC2CCN(CCOc3ccccc3-c3ccccc3)CC2)cc1,7.58
CHEMBL3979261,COc1ccccc1N1CCN(CCCOc2c(C)cccc2C)CC1.Cl,7.58
CHEMBL2159472,O=S(=O)(NC1CCN(CCOc2cccc3c2CCCC3)C1)c1cccs1,7.57
CHEMBL3910730,N#Cc1ccc(CNC(=O)CCCCCN2CCN(c3ccc(F)cc3-c3ccc(C#N)cc3)CC2)cc1,7.57
CHEMBL3121436,O=C(O)/C=C/C(=O)O.Oc1ccccc1N1CCN(Cc2cn(-c3ccccc3)c3ccccc23)CC1,7.57
CHEMBL3759651,CC(C)Oc1ccccc1OCCN1CCC(NS(=O)(=O)c2ccc(F)cc2)CC1,7.57
CHEMBL3818128,Cl.Fc1ccc(CCCCN2CCc3ccccc3C2)cc1,7.57
CHEMBL273821,O=C1c2ccccc2CCCN1CCN1CCC(n2c(=O)oc3ccccc32)CC1,7.56
CHEMBL3581248,COc1cc2c(cc1OC(C)C)C[C@H]1c3c(cc(OC)c(OC)c3-2)CCN1C,7.55
CHEMBL3747744,CC(C)c1ccccc1OCCN1CCC(N(CC2CC2)S(=O)(=O)c2ccc(F)cc2)CC1,7.55
CHEMBL3741657,CC(C)c1ccccc1OCCN1CCC(NS(=O)(=O)c2ccc(F)c(F)c2)CC1,7.55
CHEMBL2159470,CC(C)c1ccccc1OCCN1CCC(NS(=O)(=O)c2cccs2)C1,7.54
CHEMBL3310112,Cl.NC(N)=NC(=O)c1ccc2c(c1)C(O)c1cccc(F)c1-2,7.54
CHEMBL4104216,O=S(=O)(NCCN1CC=C(c2c[nH]c3ccc(Cl)cc23)CC1)c1cccc2ccccc12,7.54
CHEMBL4076525,O=S(=O)(c1cccc2ncccc12)N1CCC(CCN2CCN(c3ccc(F)cc3)CC2)CC1,7.54
CHEMBL4218625,O=C1Nc2ccccc2C12CCN(CCN1CCN(c3ccc(Cl)cc3)CC1)C2,7.54
CHEMBL308461,COc1ccc2[nH]c3c(c2c1)CCN(CCCCC12CCCc4cccc(c41)NC2=O)C3,7.53
CHEMBL3763779,COc1ccccc1N1CCN(CCCCC(=O)n2c3ccccc3c3ccccc32)CC1.Cl,7.52
CHEMBL3401473,Cc1sc2nc(CCCCCN3CCN(c4ccccc4)CC3)[nH]c(=O)c2c1C,7.52
CHEMBL4207884,Clc1ccc(-c2n[nH]c3c2CCNCC3)cc1,7.52
CHEMBL4204595,CCn1cncc1-c1c[nH]c2ccc(OC)cc12,7.52
CHEMBL3233676,CC1(C)C(=O)N(Cc2ccc(Cl)cc2Cl)C(=O)N1CCCCCN1CCN(c2cccc(Cl)c2Cl)CC1.Cl,7.51
CHEMBL239898,O=C1C2CC=CCC2C(=O)N1CCCCN1CCN(c2cccc(C(F)(F)F)c2)CC1,7.51
CHEMBL138989,C[C@@H]1C[C@@H](C)N1C(=O)[C@@H]1C=C2c3cccc4[nH]cc(c34)CC2N(C)C1,7.51
CHEMBL4239705,O=S(=O)(c1cncc2ccccc12)N1CC[C@@H]1CCN1CCN(c2cccc3sccc23)CC1,7.51
CHEMBL13049,CC1CCCN(CCC(C)N(C)S(=O)(=O)c2cccc3ccccc23)C1,7.5
CHEMBL422146,CC1CCN(CC[C@@H](C)C(C)S(=O)(=O)c2ccc(Cl)c(Cl)c2)CC1,7.5
CHEMBL347115,CC1CCN(CC[C@@H](C)C(C)S(=O)(=O)c2cccc3ccccc23)CC1,7.5
CHEMBL4206203,CC(COc1ccccc1-c1ccccc1)N1CCC(NS(=O)(=O)c2cccc(Cl)c2)CC1,7.5
CHEMBL3894679,O=C(CCOCCN1CCN(c2ncccc2-c2ccc(F)cc2)CC1)NCc1ccc(C(F)(F)F)cc1,7.5
CHEMBL4092243,O=S(=O)(NCCCN1CC=C(c2c[nH]c3ccc(F)cc23)CC1)c1ccc2ccccc2c1,7.5
CHEMBL4216126,CC(C)c1ccccc1OCCCN1CCC(NS(=O)(=O)c2ccc(F)cc2)CC1,7.5
CHEMBL4244280,O=S(=O)(c1cncc2ccccc12)N1CCCC[C@@H]1CCN1CCN(c2cccc3sccc23)CC1,7.5
CHEMBL404511,CC1NC(NCC(F)F)=Nc2cccc(Cl)c21,7.48
CHEMBL1917360,CCN(CCCCCN1CCC2CCCCC2C1)S(=O)(=O)c1cccc2cccnc12,7.48
CHEMBL408429,CCC1(CCCCN2CCN(c3ccccc3)CC2)C(=O)N(C)c2ccccc21,7.48
CHEMBL3310115,Cl.NC(N)=NC(=O)c1ccc2c(c1)C(O)c1c(Cl)cccc1-2,7.48
CHEMBL3121412,Cc1ccccc1-n1cc(CN2CC=C(c3ccccc3)CC2)c2ccccc21.O=C(O)/C=C/C(=O)O,7.48
CHEMBL4212199,O=S(=O)(NC1CCN(CC(O)COc2ccccc2-c2ccccc2)CC1)c1cccc(Cl)c1,7.48
CHEMBL363581,CN(C)C[C@@H]1CC2c3ccccc3Sc3ccc(F)cc3[C@H]2O1,7.47
CHEMBL3121423,O=C(O)/C=C/C(=O)O.c1ccc(N2CCN(Cc3cn(-c4cccc5ccccc45)c4ccccc34)CC2)cc1,7.47
CHEMBL3233667,COc1ccccc1N1CCN(CCCCCN2C(=O)N(C)C(=O)C2(C)c2ccccc2)CC1.Cl,7.47
CHEMBL3581249,CCC(C)Oc1cc2c(cc1OC)-c1c(OC)c(OC)cc3c1[C@H](C2)N(C)CC3,7.47
CHEMBL3927929,COc1ccccc1-c1cc(CN2CCN(c3ccccc3OC)CC2)cc2c1OCO2,7.47
CHEMBL4205806,CC(COc1ccccc1-c1ccccc1)N1CCC(NS(=O)(=O)c2ccc(F)cc2)CC1,7.47
CHEMBL241279,CSc1ccccc1CC1NCCc2c1[nH]c1ccccc21,7.46
CHEMBL3895172,O=C(CCOCCN1CCN(c2ccccc2-c2ccccc2)CC1)NCc1ccc(C(F)(F)F)cc1,7.46
CHEMBL193435,CN(C)C[C@H]1CC2c3ccccc3Oc3ccc(Br)cc3[C@H]2O1,7.46
CHEMBL3883542,Cc1nc2ccccc2c(=O)n1CCCCCN1CCN(c2cccc(Cl)c2)CC1,7.46
CHEMBL391190,COc1ccc2[nH]c3c(c2c1)CCNC3Cc1ccc2c(c1)OCO2,7.44
CHEMBL3740302,O=S(=O)(NC1CCN(CCOc2ccccc2-c2ccccc2)CC1)c1cccc(F)c1,7.44
CHEMBL1949972,Cl.O=S(=O)(NCCCCN1CCN(c2cccc(Cl)c2)CC1)c1cccc2ccccc12,7.44
CHEMBL3979307,C[C@H]1CN(c2ccccc2-c2ccccc2)CCN1CCCCCC(=O)NCc1ccccc1,7.44
CHEMBL4086211,O=S(=O)(c1cncc2ccccc12)N1CCC(CCN2CCN(c3ccc(Cl)c(Cl)c3)CC2)CC1,7.44
CHEMBL275258,O=C1c2ccccc2CCCN1CCN1CCC(N2C(=O)Cc3ccccc32)CC1,7.43
CHEMBL3890153,Br.c1ccc2c(c1)CCN(CCCc1nc3ccccc3s1)C2,7.43
CHEMBL4080398,O=S(=O)(c1cccc2ncccc12)N1CCC(CCN2CCN(c3ccc(Cl)cc3)CC2)CC1,7.43
CHEMBL4076408,O=S(=O)(c1cccc2ncccc12)N1CCC(CCN2CCN(c3cccc(Cl)c3)CC2)CC1,7.43
CHEMBL3581251,CCCCC(C)Oc1cc2c(cc1OC)-c1c(OC)c(OC)cc3c1[C@H](C2)N(C)CC3,7.42
CHEMBL4214709,O=C1Nc2ccccc2C12CCN(CCN1CCN(c3ccc(Cl)c(Cl)c3)CC1)C2,7.42
CHEMBL3764335,Cl.O=C(CCCCCN1CCN(c2ccccc2O)CC1)n1c2ccccc2c2ccccc21,7.42
CHEMBL404248,COc1cccc2c1N=C(NCC(F)F)NC2C,7.41
CHEMBL4093971,O=S(=O)(c1cncc2ccccc12)N1CCC(CCN2CCN(c3cccc(Cl)c3Cl)CC2)CC1,7.41
CHEMBL3259846,CN(CCCCCCN1CCN(c2cccc3ccccc23)CC1)c1cccc(O)c1.Cl,7.41
CHEMBL3759161,CC(C)c1ccccc1OCCN1CCC(NS(=O)(=O)c2ccc(N)cc2)CC1,7.41
CHEMBL238520,Cc1ccc2c(OCCN3CCC(Cc4cc5c(cc4F)OCC(=O)N5)CC3)cc(F)cc2n1,7.4
CHEMBL114012,CC1CCN(CCC2CCCCN2S(=O)(=O)c2cccc3ccccc23)CC1,7.4
CHEMBL1836792,O=C1Nc2ccc(F)cc2C1CCCCN1CC=C(c2cccc(C(F)(F)F)c2)CC1,7.4
CHEMBL1949976,Cl.O=S(=O)(c1cnc2ccccc2c1)N1CCC(CCN2CCN(c3ccc(Cl)cc3)CC2)CC1,7.4
CHEMBL3759558,Cn1cc(S(=O)(=O)NC2CN(CCOc3ccccc3-c3ccccc3)C2)cn1,7.4
CHEMBL391661,Cc1ccc2c(OCCN3CCC(Cc4cc5c(cc4F)OCC(=O)N5)CC3)cc(Cl)cc2n1,7.4
CHEMBL1836859,O=C1Nc2ccc(F)cc2C1CCCCN1CCN(c2ccc(Cl)cc2)CC1,7.4
CHEMBL3262406,Cl.Oc1cccc(CCCN2CCN(c3ccccc3)CC2)c1,7.4
CHEMBL3121429,N#Cc1ccccc1-n1cc(CN2CCN(c3ccccc3)CC2)c2ccccc21.O=C(O)/C=C/C(=O)O,7.39
CHEMBL2159469,O=C(NC1CCN(CCOc2ccccc2-c2ccccc2)C1)c1ccc2ccccc2n1,7.39
CHEMBL3310117,Cl.NC(N)=NC(=O)c1ccc2c(c1)C(O)c1cccc(CO)c1-2,7.39
CHEMBL3310109,Cl.NC(N)=NC(=O)c1ccc2c(c1)C(O)c1cccc(Cl)c1-2,7.39
CHEMBL4206468,O=S(=O)(NC1CCN(CCOc2cccc(Br)c2)CC1)c1ccccc1,7.39
CHEMBL3741279,CC(C)c1ccccc1OCCN1CCC(NS(=O)(=O)c2ccccc2)CC1,7.38
CHEMBL1099284,CN1CCc2[nH]c3ccc(S(=O)(=O)Nc4cccc(F)c4)cc3c2C1.Cl,7.38
CHEMBL3092755,Cl.NC(N)=NC(=O)c1ccc2c(c1)[nH]c1ccccc12,7.38
CHEMBL228082,COc1cc2c(cc1OC)-c1c(OC)c(OC)cc3c1[C@H](C2)N(C)CC3,7.37
CHEMBL3310120,Cl.NC(N)=NC(=O)c1ccc2c(c1)C(N)c1ccccc1-2,7.37
CHEMBL4202947,O=C1Nc2ccccc2C12CCN(CCN1CC=C(c3ccc(F)cc3)CC1)C2,7.37
CHEMBL411663,O=C1Nc2ccc(F)cc2C1CCCCN1CCN(c2ccccc2)CC1,7.36
CHEMBL302093,O=C1Nc2cccc3c2C1(CCCCN1CCC(O)(c2ccccc2)CC1)CCC3,7.36
CHEMBL3740209,CC(C)CS(=O)(=O)NC1CCN(CCOc2ccccc2-c2ccccc2)CC1,7.36
CHEMBL3941795,Cl.Clc1ccc2sc(CCCCN3CCC4CCCCC4C3)nc2c1,7.36
CHEMBL3941102,O=C(CCOCCN1CCN(c2cccnc2-c2ccccc2)CC1)NCc1ccc(C(F)(F)F)cc1,7.36
CHEMBL393275,COc1cccc(CC2NCCc3c2[nH]c2ccc(OC)cc32)c1,7.35
CHEMBL3884714,Clc1cccc(N2CCN(CCCCCOc3cc(-c4ccccc4)ncn3)CC2)c1,7.35
CHEMBL3884778,CCOc1ccccc1N1CCN(CCCCCn2cnc(-c3ccccc3)cc2=O)CC1,7.35
CHEMBL3899099,Cl.Clc1cccc2c1CN(CCCCc1nc3ccccc3s1)CC2,7.35
CHEMBL3233672,CC1(C)C(=O)N(Cc2ccccc2)C(=O)N1CCCCCN1CCN(c2ccc(F)cc2)CC1.Cl,7.35
CHEMBL4243932,O=S(=O)(c1cccc2ncccc12)N1CC[C@@H]1CCN1CCN(c2cccc3sccc23)CC1,7.35
CHEMBL72008,O=C1Nc2cccc3c2C1(CCCCN1CCN(c2ncccn2)CC1)CCC3,7.34
CHEMBL241280,Oc1c(F)cccc1CC1NCCc2c1[nH]c1ccccc21,7.34
CHEMBL3233675,CC1(C)C(=O)N(Cc2ccc(F)cc2)C(=O)N1CCCCCN1CCN(c2ccc(F)cc2)CC1.Cl,7.34
CHEMBL3769606,CC1(c2ccc(F)cc2)NC(=O)N(CC(O)CN2CCN(c3ccccc3Cl)CC2)C1=O,7.33
CHEMBL1949977,Cl.O=S(=O)(c1cncc2ccccc12)N1CCC(CCN2CCN(c3ccc(Cl)cc3)CC2)CC1,7.33
CHEMBL4210782,Cc1ccc(-c2n[nH]c3c2CCNCC3)cc1,7.33
CHEMBL3121417,CCc1ccccc1-n1cc(CN2CCN(c3ccccc3)CC2)c2ccccc21.O=C(O)/C=C/C(=O)O,7.32
CHEMBL561346,CCOc1ccccc1CNC(=N)NC(=O)NC,7.31
CHEMBL3740691,O=S(=O)(NC1CCN(CCOc2ccccc2-c2ccccc2)CC1)c1ccccc1,7.31
CHEMBL3746493,Cn1cc(S(=O)(=O)N(CC2CC2)C2CCN(CCOc3ccccc3C(C)(C)C)CC2)cn1,7.31
CHEMBL3819556,Cl.Fc1ccc(SCCCN2CCc3ccccc3C2)cc1,7.31
CHEMBL3754166,C=CCN(CC=C)CCc1c[nH]c2ccc(Br)cc12,7.31
CHEMBL3758488,Cn1cc(S(=O)(=O)NC2CC3CCC(C2)N3CCOc2cccc(-c3ccccc3)c2)cn1,7.3
CHEMBL3310118,COCc1cccc2c1-c1ccc(C(=O)N=C(N)N)cc1C2O.Cl,7.3
CHEMBL1949973,Cl.O=S(=O)(NCCCCN1CCN(c2cccc(Cl)c2)CC1)c1ccc2ccccc2c1,7.3
CHEMBL4176588,COc1ccccc1N1CCN(CC(O)CN2C(=O)NC(C)(c3ccc(C)cc3)C2=O)CC1.Cl,7.3
CHEMBL3581253,COc1cc2c(cc1OC1CCCCC1)C[C@H]1c3c(cc(OC)c(OC)c3-2)CCN1C,7.3
CHEMBL3819494,c1ccc2c(c1)CCN(CCCCc1c[nH]c3ccccc13)C2,7.29
CHEMBL4085802,O=S(=O)(NCCN1CC=C(c2c[nH]c3ccc(Cl)cc23)CC1)c1ccc(Cl)cc1,7.29
CHEMBL4243497,O=S(=O)(c1cncc2ccccc12)N1CC[C@@H]1CCN1CCN(c2nsc3ccccc23)CC1,7.29
CHEMBL1836793,CCC1(CCCCN2CC=C(c3cccc(Cl)c3)CC2)C(=O)Nc2ccc(F)cc21,7.28
CHEMBL3746083,CC(C)(C)c1ccccc1OCCN1CCC(N(CC2CC2)S(=O)(=O)c2ccc(F)cc2)CC1,7.28
CHEMBL3923145,O=C(CCOCCN1CCN(c2ccccc2-c2ccccc2)CC1)NCc1ccncc1,7.28
CHEMBL3581247,COc1cc2c(cc1OCCF)C[C@H]1c3c(cc(OC)c(OC)c3-2)CCN1C,7.28
CHEMBL4218672,Fc1ccc(-c2noc3c2CCNCC3)cc1,7.28
CHEMBL4242268,O=S(=O)(c1cncc2ccccc12)N1CCC[C@@H]1CCN1CCN(c2cccc3c2OCCO3)CC1,7.28
CHEMBL3758378,O=S(=O)(NC1CCN(CCOc2ccccc2-c2ccccc2)CC1)c1cccnc1,7.28
CHEMBL4100470,O=S(=O)(c1cncc2ccccc12)N1CCC(CCN2CCN(c3cccc(C(F)(F)F)c3)CC2)CC1,7.28
CHEMBL4066426,O=S(=O)(c1cccc2ncccc12)N1CCC(CCN2CCN(c3ccc(Cl)c(Cl)c3)CC2)CC1,7.28
CHEMBL4204459,O=S(=O)(NC1CCN(CCCOc2ccccc2-c2ccccc2)CC1)c1cccc(Cl)c1,7.28
CHEMBL4217506,CC(C)c1ccccc1OCCCN1CCC(NS(=O)(=O)c2cccc(F)c2)CC1,7.28
CHEMBL3950020,O=C(CCOCCN1CCN(c2ncccc2-c2ccccc2)CC1)NCc1ccc(C(F)(F)F)cc1,7.28
CHEMBL4241081,O=S(=O)(c1cccc2ncccc12)N1CCCC[C@@H]1CCN1CCN(c2nsc3ccccc23)CC1,7.28
CHEMBL3759925,CC(C)(C)c1ccccc1OCCN1CCC(NS(=O)(=O)c2ccc(F)cc2)CC1,7.27
CHEMBL3581256,COc1cc2c(cc1OCc1ccc(Br)cc1)C[C@H]1c3c(cc(OC)c(OC)c3-2)CCN1C,7.27
CHEMBL3121434,O=C(O)/C=C/C(=O)O.c1ccc(N2CCN(Cc3cn(-c4ccccc4)c4ccccc34)CC2)cc1,7.27
CHEMBL3885389,Cc1nc2ccccc2c(=O)n1CCCCCN1CCN(c2ccccc2)CC1,7.27
CHEMBL3922670,N#Cc1ccc(CNC(=O)CCOCCN2CCN(c3ncccc3-c3ccc(F)cc3)CC2)cc1,7.27
CHEMBL4211253,O=C1Nc2ccccc2C12CCN(CCN1CCN(c3cccc(Cl)c3)CC1)C2,7.26
CHEMBL4082456,O=S(=O)(c1cccc2ncccc12)N1CCC(CCN2CCN(c3cccc(Cl)c3Cl)CC2)CC1,7.26
CHEMBL6437,CN1CCN2c3ccccc3Cc3ccccc3C2C1,7.25
CHEMBL1949963,Cl.O=S(=O)(NCCCCN1CCN(c2cccc(Cl)c2)CC1)c1cnc2ccccc2c1,7.25
CHEMBL3769612,Cc1ccc(C)c(N2CCN(CC(O)CN3C(=O)NC(C)(c4ccc(F)cc4)C3=O)CC2)c1,7.25
CHEMBL3747148,CC(C)c1ccccc1OCCN1CCC(N(CC2CC2)S(=O)(=O)c2cccc(F)c2)CC1,7.25
CHEMBL3745882,CC(C)c1ccccc1OCCN1CCC(N(CC2CC2)S(=O)(=O)c2cnn(C)c2)CC1,7.25
CHEMBL4081383,O=S(=O)(c1cccc2ncccc12)N1CCC(CCN2CCN(c3cccc(C(F)(F)F)c3)CC2)CC1,7.25
CHEMBL112150,CC1CCN(CC[C@H]2CCCN2S(=O)(=O)c2ccc3[nH]c(O)nc3c2)CC1,7.24
CHEMBL195706,CN(C)C[C@@H]1CC2c3ccccc3Oc3ccc(F)cc3[C@H]2O1,7.24
CHEMBL2159475,O=S(=O)(NC1CCN(CCOc2cc(Cl)ccc2Cl)C1)c1ccc(Cl)s1,7.24
CHEMBL3310121,Cl.N=C(N)NC(=O)c1ccc2c(c1)C(F)c1ccccc1-2,7.24
CHEMBL3262402,CN(CCN1CCN(c2ccccc2)CC1)c1cccc(NS(C)(=O)=O)c1.Cl,7.24
CHEMBL4238897,O=S(=O)(c1cccc2ncccc12)N1CC[C@@H]1CCN1CCN(c2nsc3ccccc23)CC1,7.24
CHEMBL3581246,CCCCCCOc1cc2c(cc1OC)-c1c(OC)c(OC)cc3c1[C@H](C2)N(C)CC3,7.24
CHEMBL4203908,O=S(=O)(NC1CCN(CCCOc2ccccc2-c2ccccc2)CC1)c1ccc(F)cc1,7.24
CHEMBL3746771,CN(C1CCN(CCOc2ccccc2C(C)(C)C)CC1)S(=O)(=O)c1cnn(C)c1,7.24
CHEMBL3746079,CN(C1CCN(CCOc2ccccc2C(C)(C)C)CC1)S(=O)(=O)c1ccc(F)cc1,7.24
CHEMBL2159315,Cc1ccccc1C(=O)NC1CCN(CCOc2ccccc2-c2ccccc2)C1,7.23
CHEMBL4211665,O=S(=O)(NC1CCN(CC(O)COc2ccccc2-c2ccccc2)CC1)c1ccc(F)cc1,7.23
CHEMBL3121432,O=C(O)/C=C/C(=O)O.c1ccc(N2CCN(Cc3cn(-c4cccnc4)c4ccccc34)CC2)cc1,7.22
CHEMBL182121,CC(Nc1nc(N)nc(NCCCc2ccccc2)n1)c1ccccc1,7.22
CHEMBL3121431,COc1ccccc1N1CCN(Cc2cn(-c3ccccn3)c3ccccc23)CC1.O=C(O)/C=C/C(=O)O,7.21
CHEMBL4066971,O=S(=O)(NCCCCN1CC=C(c2c[nH]c3ccc(Cl)cc23)CC1)c1cccc(O)c1,7.21
CHEMBL260551,Fc1ccc(-c2cncc(CN3CCN(c4cccc5c4OCCO5)CC3)c2)cc1,7.2
CHEMBL432713,O=C(/C=C/c1ccc(Cl)c(Cl)c1)NCCCCCN1CCC(c2c[nH]c3ccc(O)cc23)CC1,7.2
CHEMBL1255588,CC(C)(C)[C@@]1(O)CCN2C[C@@H]3c4ccccc4CCc4cccc(c43)[C@H]2C1,7.2
CHEMBL3121440,Cc1cccc(-n2cc(CN3CCN(c4ccccc4)CC3)c3ccccc32)c1.O=C(O)/C=C/C(=O)O,7.19
CHEMBL4208185,O=S(=O)(NC1CCN(CCOc2ccccc2I)CC1)c1ccccc1,7.19
CHEMBL3970994,C1=C(CCN2CCc3ccccc3C2)CCc2ccccc21,7.19
CHEMBL4249426,O=S(=O)(c1cccc2ncccc12)N1CCC[C@H]1CCN1CC=C(c2c[nH]c3ccc(Cl)cc23)CC1,7.19
CHEMBL4070254,O=S(=O)(NCCCCN1CC=C(c2c[nH]c3ccc(Cl)cc23)CC1)c1cccc(Cl)c1,7.19
CHEMBL4238124,O=S(=O)(c1cccc2ncccc12)N1CCC[C@@H]1CCN1CCN(c2cccc3c2OCCO3)CC1,7.18
CHEMBL3401476,Cc1sc2nc(CCCCCN3CCN(c4cccc(Cl)c4)CC3)[nH]c(=O)c2c1C,7.17
CHEMBL467094,COc1cc2c3c(c1OC)-c1cc4c(cc1CC3N(C)CC2)OCO4,7.17
CHEMBL1949970,Cl.O=S(=O)(NCCCCN1CCN(c2ccc(Cl)cc2)CC1)c1cncc2ccccc12,7.17
CHEMBL3745975,CN(C1CCN(CCOc2ccccc2C(C)(C)C)CC1)S(=O)(=O)c1cccc(F)c1,7.17
CHEMBL3959919,COc1cc2c(cc1OC)CN(CCCCc1nc3cc(Cl)ccc3s1)CC2.Cl,7.17
CHEMBL4212539,O=S(=O)(NC1CCN(CCOc2cccc(Br)c2)CC1)c1cccc(Br)c1,7.17
CHEMBL4206881,O=C1Nc2ccccc2C12CCN(CCCN1CCN(c3ccc(Cl)cc3)CC1)C2,7.17
CHEMBL84270,Brc1ccc2ccn(CCN3CCN4CCCCC4C3)c2c1,7.16
CHEMBL479,CSc1ccc2c(c1)N(CCC1CCCCN1C)c1ccccc1S2,7.16
CHEMBL3746806,CN(C1CCN(CCOc2ccccc2C(C)(C)C)CC1)S(=O)(=O)c1ccccc1,7.16
CHEMBL3121428,COc1ccccc1-n1cc(CN2CCN(c3ccccc3)CC2)c2ccccc21.O=C(O)/C=C/C(=O)O,7.16
CHEMBL1949965,Cl.O=S(=O)(NCCCCN1CCN(c2cccc(Cl)c2)CC1)c1ccc2ncccc2c1,7.16
CHEMBL3581244,CCOc1cc2c(cc1OC)-c1c(OC)c(OC)cc3c1[C@H](C2)N(C)CC3,7.16
CHEMBL3233668,CC1(C)C(=O)N(Cc2ccccc2)C(=O)N1CCCCCN1CCN(c2ccccc2)CC1.Cl,7.16
CHEMBL3760010,CC(C)c1cccc(OCCN2C3CCC2CC(NS(=O)(=O)c2cnn(C)c2)C3)c1,7.16
CHEMBL4240642,O=S(=O)(c1ccnc2ccccc12)N1CCCC[C@@H]1CCN1CCN(c2nsc3ccccc23)CC1,7.16
CHEMBL4084492,O=S(=O)(NCCN1CC=C(c2c[nH]c3ccc(Cl)cc23)CC1)c1ccc2ccccc2c1,7.16
CHEMBL4207653,COc1ccccc1N1CCN(CCOCCOc2c(C)cc(C)cc2C)CC1.Cl.Cl,7.16
CHEMBL4218801,Clc1ccc(-c2noc3c2CCNCC3)cc1,7.16
CHEMBL4080369,Cc1cccc(S(=O)(=O)NCCCCN2CC=C(c3c[nH]c4ccc(Cl)cc34)CC2)c1,7.16
CHEMBL439240,CCC1NC(N)=Nc2ccc(Cl)c(Cl)c21,7.14
CHEMBL307686,CC(=O)C1(c2ccccc2)CCN(CCCCC23CCCc4cccc(c42)NC3=O)CC1,7.14
CHEMBL1836858,CCC1(CCCCN2CCN(c3cccc(Cl)c3)CC2)C(=O)Nc2c1cc(Cl)c(F)c2Cl,7.14
CHEMBL3984812,COc1ccccc1-c1cc(CN2CCN(c3ccccc3OC)CC2)ccc1Cl,7.14
CHEMBL3233669,COc1ccccc1N1CCN(CCCCCN2C(=O)N(Cc3ccccc3)C(=O)C2(C)C)CC1.Cl,7.14
CHEMBL3758466,CC(C)c1ccccc1OCCN1CCC(NS(=O)(=O)c2cccnc2)CC1,7.14
CHEMBL3360997,Cl.Cn1c(=O)c2c(ncn2CCCCN2CCN(c3cccc(Cl)c3Cl)CC2)n(C)c1=O,7.14
CHEMBL69388,O=C1Nc2cccc3c2C1(CCCCN1CCN(c2ccccc2C(F)(F)F)CC1)CCC3,7.13
CHEMBL3764650,COc1ccccc1N1CCN(CCCCCC(=O)n2c3ccccc3c3ccccc32)CC1.Cl,7.13
CHEMBL3752900,C=CCN(CC=C)CCc1c[nH]c2ccc(Cl)cc12,7.13
CHEMBL3759298,CC(C)(C)c1ccccc1OCCN1CCC(NS(=O)(=O)c2cccc(Cl)c2)CC1,7.13
CHEMBL4211091,CC(C)c1ccccc1OCC(C)N1CCC(NS(=O)(=O)c2ccc(F)cc2)CC1,7.13
CHEMBL4242170,O=S(=O)(c1cncc2ccccc12)N1CCC[C@H]1CCN1CCN(c2cccc3[nH]ccc23)CC1,7.12
CHEMBL3904094,N#Cc1ccc(CNC(=O)CCOCCN2CCN(c3ncccc3-c3ccccc3)CC2)cc1,7.12
CHEMBL3233677,CC1(C)C(=O)N(Cc2ccc(Cl)cc2Cl)C(=O)N1CCCCCN1CCN(c2ccc(Cl)c(Cl)c2)CC1.Cl,7.11
CHEMBL3233402,CN1C(=O)N(CCCCCN2CCN(c3ccccc3)CC2)C(c2ccccc2)(c2ccccc2)C1=O.Cl,7.11
CHEMBL410604,COc1cc2c(cc1O)-c1c(O)c(OC)cc3c1C(C2)N(C)CC3,7.1
CHEMBL194659,CN(C)C[C@H]1CC2c3ccccc3Oc3ccc(F)cc3[C@H]2O1,7.1
CHEMBL238732,Cc1ccc2c(OCCN3CCC(Cc4cc(F)c5c(c4)NC(=O)CO5)CC3)cc(Cl)cc2n1,7.1
CHEMBL238730,Cc1ccc2c(OCCN3CCC(Cc4cc(F)c5c(c4)NC(=O)CO5)CC3)cc(F)cc2n1,7.1
CHEMBL3818881,Cl.O=C(CCCCN1C2CCC1CC(O)(c1ccc(Cl)cc1)C2)c1nc2ccccc2s1,7.1
CHEMBL3973160,COc1ccccc1-c1cc(CN2CCN(c3ccccc3OC)CC2)ccc1OC,7.1
CHEMBL3217984,CN1CCC2C(C1)c1cccc3c1N2c1ccccc1CS3,7.1
CHEMBL3771222,CC1(c2ccc(F)cc2)NC(=O)N(CC(O)CN2CCN(C(c3ccccc3)c3ccccc3)CC2)C1=O,7.1
CHEMBL4071451,O=S(=O)(NCCN1CC=C(c2c[nH]c3ccc(F)cc23)CC1)c1ccc2ccccc2c1,7.1
CHEMBL4095979,O=S(=O)(NCCCCN1CC=C(c2c[nH]c3ccc(Cl)cc23)CC1)c1ccc(F)cc1,7.1
CHEMBL3262398,Oc1cccc2c1CC(N1CCN(c3ccccc3)CC1)CC2,7.09
CHEMBL3747117,Cn1cc(S(=O)(=O)NC2CCN(CCOc3ccccc3C(C)(C)C)CC2)cn1,7.08
CHEMBL2159313,CCOc1ccccc1C(=O)NC1CCN(CCOc2ccccc2-c2ccccc2)C1,7.07
CHEMBL4203295,O=S(=O)(NC1CCN(CCOc2cccc(Br)c2)CC1)c1cccc(Cl)c1,7.07
CHEMBL4174681,COc1ccccc1N1CCN(CC(O)CN2C(=O)NC(C)(c3cccc(F)c3)C2=O)CC1.Cl,7.07
CHEMBL3819082,Cl.Fc1ccc2c(c1)CC(CCN1CCc3ccccc3C1)C2,7.07
CHEMBL3764133,Cl.O=C(CCCCN1CCN(c2ccccc2O)CC1)n1c2ccccc2c2ccccc21,7.07
CHEMBL1949964,Cl.O=S(=O)(NCCCCN1CCN(c2cccc(Cl)c2)CC1)c1cnc2ccc(Cl)cc2c1,7.06
CHEMBL3913100,N#Cc1ccc(CNC(=O)CCOCCN2CCN(c3cccnc3-c3ccccc3)CC2)cc1,7.06
CHEMBL3310116,Cc1cccc2c1C(O)c1cc(C(=O)N=C(N)N)ccc1-2.Cl,7.06
CHEMBL3769441,COc1cccc(N2CCN(CC(O)CN3C(=O)NC(C)(c4ccc(F)cc4)C3=O)CC2)c1,7.05
CHEMBL4070715,O=S(=O)(NCCCCN1CC=C(c2c[nH]c3ccc(Cl)cc23)CC1)c1ccc(Cl)cc1,7.05
CHEMBL4212812,Cc1cc(OCCCN2CCN(c3ccccc3)CC2)ccc1Cl.Cl.Cl,7.05
CHEMBL4213352,COc1ccccc1N1CCN(CCOCCOc2cc(C)cc(C)c2C)CC1.Cl.Cl,7.05
CHEMBL3121433,C1=C(c2ccccc2)CCN(Cc2cn(-c3ccccc3)c3ccccc23)C1.O=C(O)/C=C/C(=O)O,7.04
CHEMBL364270,CN(C)C[C@@H]1CC2c3ccccc3Oc3ccc(Cl)cc3[C@H]2O1,7.04
CHEMBL3959209,Cl.Cl.c1ccc2c(c1)CCN(CCCc1nc3ccccc3[nH]1)C2,7.04
CHEMBL4087852,O=S(=O)(NCCCCN1CC=C(c2c[nH]c3ccc(Cl)cc23)CC1)c1cccc(F)c1,7.04
CHEMBL3121441,Cc1ccc(-n2cc(CN3CCN(c4ccccc4)CC3)c3ccccc32)cc1.O=C(O)/C=C/C(=O)O,7.03
CHEMBL4163626,COc1ccc(C2(C)NC(=O)N(CC(O)CN3CCN(C(c4ccccc4)c4ccccc4)CC3)C2=O)cc1.Cl,7.03
CHEMBL4212254,O=S(=O)(NC1CCN(CCOc2cc(Br)ccc2I)CC1)c1ccccc1,7.03
CHEMBL1836783,CCC1(CCCCN2CCN(c3ccc(Cl)cc3)CC2)C(=O)Nc2c1cc(Cl)c(F)c2Cl,7.02
CHEMBL3262433,CN(CCCCCCN1CCN(c2cccc(C(F)(F)F)c2)CC1)c1cccc(O)c1.Cl,7.02
CHEMBL3884584,O=c1cc(-c2ccccc2)ncn1CCCCCN1CCN(c2cccc(Cl)c2)CC1,7.02
CHEMBL4060649,Cc1cccc(S(=O)(=O)NCCCN2CC=C(c3c[nH]c4ccc(F)cc34)CC2)c1,7.02
CHEMBL270176,CCC1NC(N)=Nc2cccc(Cl)c21,7.01
CHEMBL3321790,OC1(c2ccc(Cl)cc2)CC2CCC(C1)N2CCCSc1ccc(F)cc1,7.01
CHEMBL2159454,O=S(=O)(NC1CCN(CCOc2cc(Cl)ccc2Cl)C1)c1ccc(F)c(F)c1,7.01
CHEMBL71165,CC(=O)c1ccc2c3c1CCCC3(CCCCN1CC=C(c3ccccc3)CC1)C(=O)N2,7.01
CHEMBL4250244,O=S(=O)(c1cncc2ccccc12)N1CCC[C@H]1CCN1CC=C(c2c[nH]c3ccc(Cl)cc23)CC1,7.01
CHEMBL268921,O=C1Nc2cccc3c2C1(CCN1CCN(c2ccccc2)CC1)CCC3,7.0
CHEMBL240025,CC(=O)OC1CCc2ccc(/N=C/N(C)Cc3ccccc3)cc21,7.0
CHEMBL3401483,O=c1[nH]c(CCCCCN2CCN(c3ccc(Cl)cc3)CC2)nc2ccccc12,7.0
CHEMBL241103,CC(=O)OC1CCc2ccc(/N=C/N3CCc4ccccc4C3)cc21,7.0
CHEMBL3746713,CN(C1CCN(CCOc2ccccc2-c2ccccc2)CC1)S(=O)(=O)c1ccccc1,7.0
CHEMBL77855,OC(c1ccc(F)cc1)C1CCN(CCc2ccccc2I)CC1,7.0
CHEMBL131495,O=C1c2ccccc2C(=O)N1CCCCN1CC=C(c2c[nH]c3ccc(F)cc23)CC1,7.0
CHEMBL3819366,Cl.Fc1ccc(OCCCN2CCc3ccccc3C2)cc1,7.0
CHEMBL4206366,O=C1Nc2ccccc2C12CCN(CCN1CCN(c3ccccc3)CC1)C2,7.0
CHEMBL30713,CC(N)Cc1c[nH]c2ccccc12,6.99
CHEMBL4209274,Fc1ccc(-c2n[nH]c3c2CCNCC3)cc1,6.98
CHEMBL4207310,CC(C)c1ccccc1OCC(O)CN1CCC(NS(=O)(=O)c2ccc(F)cc2)CC1,6.98
CHEMBL1836782,O=C1Nc2c(Cl)cc(Cl)cc2C1CCCCN1CCN(c2ccc(Cl)cc2)CC1,6.97
CHEMBL240110,CC1C(=O)N(CCCCN2CCN(c3cccc(C(F)(F)F)c3)CC2)C(=O)C1C,6.97
CHEMBL3947670,N#Cc1ccc(CNC(=O)CCOCCN2CCN(c3cccnc3-c3ccc(F)cc3)CC2)cc1,6.97
CHEMBL70048,COc1ccc2c3c1CCCC3(CCCCN1CC=C(c3ccccc3)CC1)C(=O)N2,6.96
CHEMBL4074195,O=S(=O)(NCCCCN1CC=C(c2c[nH]c3ccc(Cl)cc23)CC1)c1ccc2ccccc2c1,6.96
CHEMBL3818805,O=c1[nH]c2cc(Cl)ccc2n1C1CCN(CCCCc2c[nH]c3ccccc23)CC1,6.96
CHEMBL4207365,O=S(=O)(NC1CCN(CCOc2cccc(Br)c2I)CC1)c1ccccc1,6.96
CHEMBL1949962,Cl.O=S(=O)(NCCCN1CCN(c2ccc(Cl)cc2)CC1)c1cncc2ccccc12,6.95
CHEMBL402143,COc1c(OCCF)cccc1C(O)C1CCN(CCc2ccc(F)cc2)CC1,6.94
CHEMBL2159476,O=S(=O)(NC1CCN(CCOc2ccccc2)C1)c1ccc(Cl)s1,6.92
CHEMBL4075673,Cc1cccc(S(=O)(=O)NCCCCN2CC=C(c3c[nH]c4ccc(F)cc34)CC2)c1,6.92
CHEMBL4208468,O=C1Nc2ccccc2C12CCN(CCN1CCC(Oc3ccc(Cl)cc3)CC1)C2,6.92
CHEMBL4285281,COc1cc2c3c(c1OC)-c1ccccc1[C@@H](O)[C@@H]3NCC2,6.92
CHEMBL3233670,COc1cccc(N2CCN(CCCCCN3C(=O)N(Cc4ccccc4)C(=O)C3(C)C)CC2)c1.Cl,6.91
CHEMBL3233674,CC1(C)C(=O)N(Cc2ccc(F)cc2)C(=O)N1CCCCCN1CCN(c2ccc(F)cc2F)CC1.Cl,6.91
CHEMBL1949978,Cl.O=S(=O)(NCCCN1CCN(c2cccc(Cl)c2)CC1)c1cnc2ccccc2c1,6.9
CHEMBL238519,Cc1ccc2c(OCCN3CCC(Cc4ccc5c(c4F)NC(=O)CO5)CC3)cc(Cl)cc2n1,6.9
CHEMBL152873,CC([C@H](C)CCN1CCC[C@@H](C)C1)S(=O)(=O)c1cccc2ccccc12,6.9
CHEMBL3918663,COc1ccccc1-c1cccc(CN(C)C)c1,6.9
CHEMBL393539,Cc1ccc2c(OCCN3CCC(Cc4ccc5c(c4F)NC(=O)CO5)CC3)cc(F)cc2n1,6.9
CHEMBL3986927,O=C1Cc2cc(C(=O)CCCN3CCc4ccccc4C3)ccc2N1,6.9
CHEMBL3763677,Cl.O=C(CCCCCN1CCN(Cc2ccccc2)CC1)n1c2ccccc2c2ccccc21,6.9
CHEMBL4277406,COc1ccccc1N1CCN(CC(O)CN2C(=O)NC(C)(C)C2=O)CC1,6.9
CHEMBL3890841,C1=C(CCN2CCc3ccccc3C2)Cc2ccccc21,6.88
CHEMBL3361001,Cl.Cn1c(=O)c2c(ncn2CCCCCN2CCN(c3cccc(Cl)c3)CC2)n(C)c1=O,6.88
CHEMBL3233671,CC1(C)C(=O)N(Cc2ccccc2)C(=O)N1CCCCCN1CCN(c2ccccc2F)CC1.Cl,6.87
CHEMBL1836787,CCC1(CCCCN2CCN(c3ccc(Cl)cc3Cl)CC2)C(=O)Nc2ccccc21,6.86
CHEMBL3262436,Cl.Oc1cccc(N(CCCCCCN2CCN(c3ccccc3)CC2)Cc2ccccc2)c1,6.86
CHEMBL3952251,Cl.O=C(CCCN1CCc2ccccc2CC1)c1ccc(Cl)cc1,6.86
CHEMBL4061131,O=S(=O)(c1cncc2ccccc12)N1CCC(CCN2CCN(c3cccc(F)c3)CC2)CC1,6.85
CHEMBL3770581,CC1(c2ccc(F)cc2)NC(=O)N(CC(O)CN2CCN(c3ccc(Cl)c(Cl)c3)CC2)C1=O,6.85
CHEMBL4096479,O=S(=O)(NCCCCN1CC=C(c2c[nH]c3ccc(Cl)cc23)CC1)c1cccc2ccccc12,6.85
CHEMBL4247770,O=S(=O)(c1cncc2ccccc12)N1CCC[C@H]1CCN1CCN(c2cccc3c2OCCO3)CC1,6.85
CHEMBL3092756,Cl.NC(N)=NC(=O)c1ccc2c(c1)Nc1ccccc1O2,6.84
CHEMBL3401478,O=c1[nH]c(CCCCN2CCN(c3ccccc3)CC2)nc2ccccc12,6.84
CHEMBL1949974,Cl.O=S(=O)(c1cnc2ccccc2c1)N1CCC(CN2CCN(c3ccc(Cl)cc3)CC2)CC1,6.84
CHEMBL3971383,Cl.Clc1ccc2sc(CCCCN3CCc4c(Cl)cccc4C3)nc2c1,6.84
CHEMBL3885319,c1ccc(-c2cc(OCCCCCN3CCN(c4ccccc4)CC3)ncn2)cc1,6.84
CHEMBL3401474,Cc1cc2c(=O)[nH]c(CCCCCN3CCN(Cc4ccccc4)CC3)nc2s1,6.83
CHEMBL302723,Cc1cccc(C)c1N1CCN(CCCCC23CCCc4cccc(c42)NC3=O)CC1,6.83
CHEMBL3216277,Cl.Cl.Cl.O=c1c2cnc3ccccc3c2ncn1CCCCN1CCN(c2ccccc2Cl)CC1,6.82
CHEMBL3763582,Cl.O=C(CCCCN1CCC(c2ccccc2)CC1)n1c2ccccc2c2ccccc21,6.82
CHEMBL4081987,Cc1cccc(S(=O)(=O)NCCCN2CC=C(c3c(C)[nH]c4ccc(Cl)cc34)CC2)c1,6.82
CHEMBL4088925,Cc1[nH]c2ccc(Cl)cc2c1C1=CCN(CCCNS(=O)(=O)c2ccc3ccccc3c2)CC1,6.82
CHEMBL3753318,C=CCN(CC=C)CCc1c[nH]c2ccc(C)cc12,6.81
CHEMBL81069,Brc1ccc2c(ccn2CCN2CCN3CCCCC3C2)c1,6.8
CHEMBL3310114,Cl.NC(N)=NC(=O)c1ccc2c(c1)C(O)c1ccc(Cl)cc1-2,6.8
CHEMBL4218586,COc1ccccc1N1CCN(CCCOc2c(C)cc(C)cc2C)CC1.Cl,6.8
CHEMBL3233666,CN1C(=O)N(CCCCCN2CCN(c3ccccc3F)CC2)C(C)(c2ccccc2)C1=O.Cl,6.8
CHEMBL3765511,Cl.Cl.O=C(CCCCCN1CCC(c2ccccc2)CC1)n1c2ccccc2c2ccccc21,6.8
CHEMBL2159320,O=C(NC1CCN(CCOc2cccc(Cl)c2Cl)C1)c1ccc2c(c1)OCCO2,6.79
CHEMBL3759927,CC(C)c1ccccc1OCCN1CC2CC1CN2S(=O)(=O)c1ccc(F)cc1,6.79
CHEMBL3760121,Cc1ccccc1OCCN1CCC(NS(=O)(=O)c2ccc(F)cc2)CC1,6.79
CHEMBL111956,CC1CCN(CC[C@H]2CCCN2S(=O)(=O)c2ccc3oc(O)nc3c2)CC1,6.78
CHEMBL4077538,O=S(=O)(c1cccc2ncccc12)N1CCC(CCN2CCN(c3cccc(F)c3)CC2)CC1,6.78
CHEMBL3759570,CC(C)c1ccccc1OCCN1CC2CC1CN2S(=O)(=O)c1cccc(Cl)c1,6.78
CHEMBL4238029,O=S(=O)(c1cccc2ncccc12)N1CCC[C@H]1CCN1CCN(c2cccc3[nH]ccc23)CC1,6.78
CHEMBL4290738,CC1(c2ccc(F)cc2)NC(=O)N(CC(O)CN2CCC(Oc3ccccc3)CC2)C1=O,6.78
CHEMBL391191,CSc1ccc(CC2NCCc3c2[nH]c2ccccc32)cc1,6.77
CHEMBL4210561,CC(C)c1ccccc1OCC(C)N1CCC(NS(=O)(=O)c2cccc(F)c2)CC1,6.77
CHEMBL84660,CCN1C(=O)C2(CCCCN3CCc4sccc4C3)CCCc3cccc1c32,6.76
CHEMBL3233673,CC1(C)C(=O)N(Cc2ccccc2)C(=O)N1CCCCCN1CCN(c2ccc(F)cc2F)CC1.Cl,6.76
CHEMBL4075422,O=S(=O)(c1cncc2ccccc12)N1CCC(CCN2CCN(c3ccccc3)CC2)CC1,6.76
CHEMBL4291141,CC1(c2ccc(F)cc2)NC(=O)N(CC(O)CN2CCC(Oc3ccc(Cl)cc3)CC2)C1=O,6.76
CHEMBL4216040,CC(C)(C)c1ccccc1OCCN1CCC(NS(=O)(=O)c2ccccc2)CC1,6.76
CHEMBL2159468,CC(C)c1ccccc1OCCN1CCC(NC(=O)c2ccc3ccccc3n2)C1,6.75
CHEMBL3310119,CC(=O)NC1c2ccccc2-c2ccc(C(=O)N=C(N)N)cc21.Cl,6.75
CHEMBL3360998,Cl.Cn1c(=O)c2c(ncn2CCCCN2CCN(c3ccc(Cl)c(Cl)c3)CC2)n(C)c1=O,6.75
CHEMBL4078873,Cc1cccc(S(=O)(=O)NCCN2CC=C(c3c[nH]c4ccc(F)cc34)CC2)c1,6.75
CHEMBL3770110,Cc1ccc(N2CCN(CC(O)CN3C(=O)NC(C)(c4ccc(F)cc4)C3=O)CC2)cc1C,6.75
CHEMBL3883995,Cc1nc(OCCCCCN2CCN(c3ccc(Cl)cc3)CC2)c2ccccc2n1,6.74
CHEMBL3216729,Cl.Cl.Cl.O=c1c2cnc3ccccc3c2ncn1CCCCN1CCN(c2cccc(Cl)c2)CC1,6.74
CHEMBL1917358,CCN(CCCCN1CCC2CCCCC2C1)S(=O)(=O)c1cnc2ccccc2c1,6.73
CHEMBL3401475,Cc1sc2nc(CCCCCN3CCC(Cc4ccccc4)CC3)[nH]c(=O)c2c1C,6.73
CHEMBL3262435,CCN(CCCCCCN1CCN(c2ccccc2)CC1)c1cccc(O)c1.Cl,6.72
CHEMBL3819642,Cl.OC1(c2ccc(Cl)cc2)CCN(CCCc2nc3ccccc3s2)CC1,6.72
CHEMBL489255,O=C1Cc2ccccc2N1CCCCN1CCCC(c2ccccc2)C1,6.71
CHEMBL3759593,O=C(NC1CCN(CCOc2ccccc2-c2ccccc2)CC1)c1cccc(Cl)c1,6.71
CHEMBL2377590,O=C1CC(c2c[nH]c3ccccc23)C(=O)N1CCCCN1CCC(c2c[nH]c3ccc(F)cc23)CC1,6.71
CHEMBL2401931,COc1ccc2c(=O)c3cccc(CN4CCN(c5ccccc5OC)CC4)c3oc2c1.Cl,6.71
CHEMBL1091933,OC(CNCC1COc2ccccc2O1)COc1ccccc1F,6.71
CHEMBL240024,COc1cc2c(cc1OC)CN(/C=N/c1ccc3c(c1)C1SCCSC1C3)CC2,6.7
CHEMBL183460,Cc1ccc2c(OCCN3CCC(Cc4ccc5c(c4)NC(=O)CO5)CC3)cccc2n1,6.7
CHEMBL241281,CC(=O)OC1CCCc2ccc(/N=C/N3CCc4ccccc4C3)cc21,6.7
CHEMBL3758814,CC(C)c1ccccc1OCCN1CCC(NC(=O)Nc2ccc(F)cc2)CC1,6.7
CHEMBL3759437,O=C(Nc1cccc(Cl)c1)NC1CCN(CCOc2ccccc2-c2ccccc2)CC1,6.7
CHEMBL3740624,CC(C)CS(=O)(=O)NC1CCN(CCOc2ccccc2C(C)C)CC1,6.7
CHEMBL2159311,CCOc1ccccc1C(=O)NC1CCN(CCOc2ccccc2C(C)C)C1,6.69
CHEMBL4204033,O=S(=O)(NC1CCN(CCOc2ccccc2)CC1)c1ccccc1Br,6.69
CHEMBL4208306,O=S(=O)(NC1CCN(CCOc2cccc(I)c2)CC1)c1ccccc1,6.69
CHEMBL1949975,Cl.O=S(=O)(c1ccc2cccnc2c1)N1CCC(CN2CCN(c3ccc(Cl)cc3)CC2)CC1,6.68
CHEMBL4288040,CC1(C)NC(=O)N(CC(O)CN2CCN(c3ccccc3C#N)CC2)C1=O,6.68
CHEMBL4076903,O=S(=O)(c1cccc2ncccc12)N1CCC(CCN2CCN(c3ccccc3)CC2)CC1,6.68
CHEMBL4208791,CC(C)c1ccccc1OCC(O)CN1CCC(NS(=O)(=O)c2cccc(F)c2)CC1,6.67
CHEMBL4203823,O=S(=O)(NC1CCN(CCOc2ccccc2C(F)(F)F)CC1)c1ccccc1,6.67
CHEMBL4160262,COc1ccccc1N1CCN(CC(O)CN2C(=O)NC(C)(c3ccccc3F)C2=O)CC1.Cl,6.67
CHEMBL68094,NC(=O)C1(c2ccccc2)CCN(CCCCC23CCCc4cccc(c42)NC3=O)CC1,6.65
CHEMBL3769836,CC1(c2ccc(F)cc2)NC(=O)N(CC(O)CN2CCN(c3ccccc3)CC2)C1=O,6.65
CHEMBL4283960,CC1(c2cccc3ccccc23)NC(=O)N(CC(O)CN2CCN(C(c3ccccc3)c3ccccc3)CC2)C1=O,6.65
CHEMBL3952849,CNCc1cccc(-c2ccccc2OC)c1,6.65
CHEMBL3262431,CN(CCCCCCN1CCC(c2ccccc2)CC1)c1cccc(O)c1.Cl,6.65
CHEMBL3401481,O=c1[nH]c(CCCCCN2CCN(c3ccccc3)CC2)nc2ccccc12,6.64
CHEMBL4208165,O=S(=O)(NC1CCN(CCOc2cccc(Br)c2)CC1)c1ccccc1Br,6.64
CHEMBL3770473,CC1(c2ccc(F)cc2)NC(=O)N(CC(O)CN2CCN(c3ccccc3F)CC2)C1=O,6.63
CHEMBL3092760,Cl.NC(N)=NC(=O)c1cccc2c1Cc1ccccc1-2,6.62
CHEMBL4062817,O=S(=O)(NCCCCN1CC=C(c2c[nH]c3ccc(F)cc23)CC1)c1ccc2ccccc2c1,6.62
CHEMBL4209807,O=C1Nc2ccccc2C12CCN(CCN1CCN(c3ccccc3Cl)CC1)C2,6.61
CHEMBL435301,CN(C)C[C@H]1CC2c3ccccc3Oc3ccc(Cl)cc3[C@H]2O1,6.6
CHEMBL3763329,Cl.O=C(CCCCCN1CCC(Cc2ccccc2)CC1)n1c2ccccc2c2ccccc21,6.6
CHEMBL3976948,O=C(CCOCCN1CCN(c2cccnc2-c2ccc(F)cc2)CC1)NCc1ccc(C(F)(F)F)cc1,6.59
CHEMBL4208911,O=S(=O)(NC1CCN(CCOc2ccccc2)CC1)c1ccccc1I,6.59
CHEMBL3915374,O=C(CCCCCN1CCN(c2ccccc2-c2ccccc2)CC1)NCc1ccc(OCCO)cc1,6.59
CHEMBL3924565,Cl.O=C(CCCN1CCCc2ccccc2C1)c1ccc(Cl)cc1,6.59
CHEMBL1782809,N#Cc1ccc(N2CCCN(CCC(O)c3csc4ccccc34)CC2)cc1,6.58
CHEMBL460,CCc1c(C)[nH]c2c1C(=O)C(CN1CCOCC1)CC2,6.58
CHEMBL654,CN1CCN2c3ncccc3Cc3ccccc3C2C1,6.58
CHEMBL3978642,Cl.O=C1c2ccccc2CC1CCN1CCc2ccccc2C1,6.58
CHEMBL1094908,OC(CNCC1COc2ccccc2O1)COCc1ccccc1Cl,6.58
CHEMBL3758684,CC(C)c1ccccc1OCCN1CCC(NC(=O)Nc2cccc(Cl)c2)CC1,6.58
CHEMBL3883517,Cc1nc(OCCCCCN2CCN(c3ccccc3)CC2)c2ccccc2n1,6.56
CHEMBL3216945,COc1ccccc1N1CCN(CCCCn2cnc3c(cnc4ccccc43)c2=O)CC1.Cl.Cl,6.56
CHEMBL4202520,O=C1Nc2ccccc2C12CCN(CCN1CCC(c3ccc(F)cc3)CC1)C2,6.56
CHEMBL3121414,Cc1ccccc1-n1cc(CCN(C)C)c2ccccc21.O=C(O)/C=C/C(=O)O,6.55
CHEMBL3764418,Cl.O=C(CCCCN1CCN(Cc2ccccc2)CC1)n1c2ccccc2c2ccccc21,6.55
CHEMBL4214208,O=C1Nc2ccccc2C12CCN(CCN1CCC(c3ccc(Cl)cc3)CC1)C2,6.55
CHEMBL47050,OC1(c2ccc(Cl)c(C(F)(F)F)c2)CCN(CCCC(c2ccc(F)cc2)c2ccc(F)cc2)CC1,6.55
CHEMBL3818398,O=c1[nH]c2cc(Cl)ccc2n1C1CCN(CCCCc2nc3ccccc3s2)CC1,6.54
CHEMBL3759273,CC(C)c1ccccc1OCCN1CCC(NC(=O)c2ccc(F)cc2)CC1,6.54
CHEMBL3758619,O=S(=O)(c1ccc(F)cc1)N1CC2CC1CN2CCOc1ccccc1-c1ccccc1,6.54
CHEMBL365751,Cc1[nH]c2ccc(Cl)cc2c1CCN(C)C,6.54
CHEMBL4212339,O=S(=O)(NC1CCN(CCOc2ccccc2)CC1)c1ccccc1Cl,6.54
CHEMBL1548,NC1=Nc2ccc(Cl)c(Cl)c2CN1,6.53
CHEMBL3216488,Cc1ccccc1N1CCN(CCCCn2cnc3c(cnc4ccccc43)c2=O)CC1.Cl.Cl,6.53
CHEMBL2159482,O=S(=O)(NC1CCN(CCOc2cccc(F)c2)C1)c1ccc(F)c(F)c1,6.53
CHEMBL3361000,COc1ccccc1N1CCN(CCCCCn2cnc3c2c(=O)n(C)c(=O)n3C)CC1.Cl,6.53
CHEMBL241282,COc1cc2c(cc1OC)CN(/C=N/c1ccc3c(c1)C1SCCSC1CC3)CC2,6.52
CHEMBL1949967,Cl.O=S(=O)(NCCCCN1CCN(c2ccc(Cl)cc2)CC1)c1cnc2ccccc2c1,6.51
CHEMBL3763275,Cl.O=C(CCCCN1CCC(Cc2ccccc2)CC1)n1c2ccccc2c2ccccc21,6.51
CHEMBL3121415,Cc1cccc(-n2cc(CCN(C)C)c3ccccc32)c1C.O=C(O)/C=C/C(=O)O,6.5
CHEMBL3819153,O=c1[nH]c2cc(Cl)ccc2n1C1CCN(CCCCc2nc3ccccc3o2)CC1,6.5
CHEMBL3759885,O=S(=O)(c1cccc(Cl)c1)N1CC2CC1CN2CCOc1ccccc1-c1ccccc1,6.5
CHEMBL4215925,c1ccc(-c2noc3c2CCNCC3)cc1,6.5
CHEMBL4216022,O=S(=O)(NC1CCN(CCOc2cccc(Br)c2)CC1)c1ccc(Br)cc1,6.5
CHEMBL3885178,Cc1nc2ccccc2c(=O)n1CCCCCN1CCN(c2ccc(Cl)cc2)CC1,6.49
CHEMBL4213135,c1ccc(-c2n[nH]c3c2CCNCC3)cc1,6.49
CHEMBL1644980,OC1(c2ccc(Cl)c(C(F)(F)F)c2)CCN(CCCC(c2ccccc2)c2ccccc2)CC1,6.49
CHEMBL1949971,Cl.O=S(=O)(NCCCCCN1CCN(c2ccc(Cl)cc2)CC1)c1cnc2ccccc2c1,6.48
CHEMBL3817911,O=C1c2ccccc2C(=O)N1CCCCN1CCC2CCCCC2C1,6.48
CHEMBL3262401,CN(CCN1CCN(c2ccccc2)CC1)c1cccc([N+](=O)[O-])c1.Cl,6.48
CHEMBL3215834,Cl.Cl.Cl.O=c1c2cnc3ccccc3c2ncn1CCCCN1CCN(c2ccc(Cl)cc2)CC1,6.48
CHEMBL239899,O=C1C2CC=CCC2C(=O)N1C1CCC(N2CCN(c3cccc(C(F)(F)F)c3)CC2)CC1,6.47
CHEMBL1949968,Cl.O=S(=O)(NCCCCN1CCN(c2ccc(Cl)cc2)CC1)c1ccc2ncccc2c1,6.47
CHEMBL550740,COc1ccccc1N1CCN(C(=N)NCCNS(=O)(=O)c2cccc(C)c2)CC1,6.47
CHEMBL3360999,Cl.Cn1c(=O)c2c(ncn2CCCCCN2CCN(c3ccccc3)CC2)n(C)c1=O,6.46
CHEMBL2377591,COc1ccc2[nH]cc(C3CCN(CCCCN4C(=O)CC(c5c[nH]c6ccccc56)C4=O)CC3)c2c1,6.46
CHEMBL4241830,O=S(=O)(c1cccc2ncccc12)N1CCC[C@H]1CCN1CCN(c2cccc3c2OCCO3)CC1,6.46
CHEMBL3759120,COc1ccccc1OCCN1CCC(NS(=O)(=O)c2ccc(F)cc2)CC1,6.46
CHEMBL3401470,Cc1sc2nc(CCCCN3CCN(c4ccccc4)CC3)[nH]c(=O)c2c1C,6.45
CHEMBL1916746,CN1C(=O)N(CC(O)CN2CCN(c3ccccc3)CC2)C(c2ccccc2)(c2ccccc2)C1=O,6.45
CHEMBL3818989,O=C(CCCN1CCc2ccccc2C1)c1ccccc1,6.45
CHEMBL3818994,O=C(CCCN1CCc2ccccc2C1)c1ccc(F)cc1,6.44
CHEMBL271253,CC1NC(NCC(F)F)=Nc2c(Cl)ccc(Cl)c21,6.44
CHEMBL3764178,CC1CCN(CCCCCC(=O)n2c3ccccc3c3ccccc32)CC1.Cl,6.44
CHEMBL4206411,Fc1ccccc1-c1noc2c1CCNCC2,6.44
CHEMBL4207073,Clc1cccc(-c2noc3c2CCNCC3)c1,6.43
CHEMBL1949969,Cl.O=S(=O)(NCCCCN1CCN(c2ccc(Cl)cc2)CC1)c1ccc2cccnc2c1,6.42
CHEMBL4099997,Cc1cccc(S(=O)(=O)NCCCCN2CC=C(c3c(C)[nH]c4ccc(Cl)cc34)CC2)c1,6.42
CHEMBL56,CCCN(CCC)C1CCc2cccc(O)c2C1,6.41
CHEMBL4214171,Clc1ccccc1-c1n[nH]c2c1CCNCC2,6.41
CHEMBL3959382,COc1ccccc1-c1cc(CN2CCC(C)CC2)ccc1Cl,6.41
CHEMBL4217761,Cc1cccc(OCCOCCN2CCN(CCc3ccccc3)CC2)c1C.Cl.Cl,6.41
CHEMBL240022,COc1cc2c(cc1OC)CN(/C=N/c1ccc3c(c1)C(OC(C)=O)CCC3)CC2,6.4
CHEMBL391192,COc1cc2c(cc1OC)CN(/C=N/c1ccc3c(c1)C(O)CC3)CC2,6.4
CHEMBL3770342,NC1=NC2(CCCCC2)NC(Nc2cccc(Br)c2)=N1,6.4
CHEMBL3754496,C=CCN(CC=C)CCc1c[nH]c2ccc(F)cc12,6.4
CHEMBL4207633,O=S(=O)(NC1CCN(CCOc2cccc(Br)c2)CC1)c1ccc(Cl)cc1,6.39
CHEMBL1812288,Cl.O=c1c2cnc3ccccc3c2ncn1CCCCN1CCN(c2ccc(F)cc2)CC1,6.39
CHEMBL70764,NC(=O)c1ccc2c3c1CCCC3(CCCCN1CC=C(c3ccccc3)CC1)C(=O)N2,6.38
CHEMBL3321789,OC1(c2ccc(Cl)cc2)CC2CCC(C1)N2CCCOc1ccc(F)cc1,6.38
CHEMBL1812290,Cl.O=c1c2cnc3ccccc3c2ncn1CCCCN1CCN(c2cccc(C(F)(F)F)c2)CC1,6.38
CHEMBL4207656,O=S(=O)(NC1CCN(CCOc2ccccc2Br)CC1)c1ccccc1,6.38
CHEMBL2159316,Cc1ccccc1C(=O)NC1CCN(CCSc2cccc(Cl)c2Cl)C1,6.37
CHEMBL3771331,CCNC(=O)c1cccc(NC2=NC(N)=NC3(CCCCC3)N2)c1,6.37
CHEMBL2401935,COc1ccccc1N1CCN(Cc2ccc3oc4ccccc4c(=O)c3c2)CC1.Cl,6.37
CHEMBL4213067,Clc1ccccc1-c1noc2c1CCNCC2,6.37
CHEMBL3360995,COc1ccccc1N1CCN(CCCCn2cnc3c2c(=O)n(C)c(=O)n3C)CC1.Cl,6.36
CHEMBL4083059,CN(C)Cc1cc2cn(S(=O)(=O)c3cccc4ccccc34)c3cccc(o1)c23,6.36
CHEMBL3233678,CC1(C)C(=O)N(Cc2ccc(Cl)cc2Cl)C(=O)N1CCCCCN1CCN(c2ccc(Cl)cc2)CC1.Cl,6.34
CHEMBL3770106,CCOC(=O)c1cccc(NC2=NC(N)=NC3(CCCCC3)N2)c1,6.33
CHEMBL3321788,OC1(c2ccc(Cl)cc2)CC2CCC(C1)N2CCCCc1ccc(F)cc1,6.33
CHEMBL273273,CCCN(CCC)C1CCc2c(O)cccc2C1,6.33
CHEMBL3217162,COc1cccc(N2CCN(CCCCn3cnc4c(cnc5ccccc54)c3=O)CC2)c1.Cl.Cl,6.32
CHEMBL3360996,Cl.Cn1c(=O)c2c(ncn2CCCCN2CCN(c3cccc(Cl)c3)CC2)n(C)c1=O,6.32
CHEMBL3819403,O=C(CCCCN1CCN(C(c2ccc(F)cc2)c2ccc(F)cc2)CC1)c1nc2ccccc2s1,6.3
CHEMBL425190,Cc1ccc2c(OCCN3CCN(Cc4cccc5cccnc45)CC3)cccc2n1,6.3
CHEMBL476839,COc1c(OCCF)cccc1C(O)C1CCN(CCc2ccc(C)cc2)CC1,6.3
CHEMBL392970,COc1cc2c(cc1OC)CN(/C=N/c1ccc3c(c1)C(OC(C)=O)CCCC3)CC2,6.3
CHEMBL3899822,Cl.Clc1ccc(C(=CCCN2CCc3ccccc3C2)c2ccc(Cl)cc2)cc1,6.3
CHEMBL4207901,Cc1cccc(-c2noc3c2CCNCC3)c1,6.3
CHEMBL2442272,N=C1NC(=O)/C(=C\c2c[nH]c3ccc(Br)cc23)N1,6.29
CHEMBL3770981,CCOC(=O)c1cccc(NC2=NC(N(C)C)=NC3(CCCCC3)N2)c1,6.29
CHEMBL3763883,CN(CCCCC(=O)n1c2ccccc2c2ccccc21)Cc1ccccc1.Cl,6.29
CHEMBL4067700,Cc1[nH]c2ccc(Cl)cc2c1C1=CCN(CCNS(=O)(=O)c2ccc3ccccc3c2)CC1,6.28
CHEMBL4203581,O=C(c1ccc(Cl)cc1)N1CCN(CCN2CCC3(C2)C(=O)Nc2ccccc23)CC1,6.28
CHEMBL4203312,Cc1ccccc1OCCN1CCC(NS(=O)(=O)c2ccccc2)CC1,6.27
CHEMBL3764136,CC1CCCN(CCCCCC(=O)n2c3ccccc3c3ccccc32)C1.Cl,6.26
CHEMBL4210708,CC(C)c1cccc(OCCN2CCC(NS(=O)(=O)c3ccccc3)CC2)c1,6.26
CHEMBL316039,O=C1Nc2cccc3c2C1(CCCCN1CCc2[nH]cnc2C1)CCC3,6.25
CHEMBL4170484,COc1ccccc1N1CCN(CC(O)CN2C(=O)NC(c3ccccc3)(c3ccccc3)C2=O)CC1.Cl,6.25
CHEMBL2377443,COc1ccc2[nH]cc(C3CCN(CCCN4C(=O)CC(c5c[nH]c6ccccc56)C4=O)CC3)c2c1,6.23
CHEMBL3764661,CC1CCN(CCCCC(=O)n2c3ccccc3c3ccccc32)CC1,6.23
CHEMBL1949979,Cl.O=S(=O)(NCCCN1CCN(c2ccc(Cl)cc2)CC1)c1cnc2ccccc2c1,6.22
CHEMBL253096,CC1(c2cccc(OCc3ccccc3)c2)C(=O)Nc2cc(Cl)cc(Cl)c2C1=O,6.22
CHEMBL3765794,CN(CCCCCC(=O)n1c2ccccc2c2ccccc21)Cc1ccccc1.Cl,6.22
CHEMBL4203872,O=S(=O)(NC1CCN(CCOc2cccc(-c3ccccc3)c2)CC1)c1ccccc1,6.22
CHEMBL3884137,O=c1cc(-c2ccccc2)ncn1CCCCCN1CCN(c2ccccc2)CC1,6.21
CHEMBL3764364,Cl.O=C(CCCCCN1CCCCCC1)n1c2ccccc2c2ccccc21,6.21
CHEMBL3216068,Cl.Cl.O=c1c2cnc3ccccc3c2ncn1CCCCN1CCN(c2ccccc2)CC1,6.21
CHEMBL4079972,Cc1[nH]c2ccc(Cl)cc2c1C1=CCN(CCCCNS(=O)(=O)c2ccc3ccccc3c2)CC1,6.21
CHEMBL151858,CC([C@H](C)CCN1CCC[C@H](C)C1)S(=O)(=O)c1cccc2ccccc12,6.2
CHEMBL3819567,O=C1NCN(c2ccccc2)C12CCN(CCCCc1nc3ccccc3s1)CC2,6.2
CHEMBL282971,COc1ccc(NS(=O)(=O)c2sc3ccc(Cl)cc3c2C)cc1N1CCN2CCC[C@@H]2C1,6.2
CHEMBL3361003,Cl.Cn1c(=O)c2c(ncn2CCCCN2CCc3ccccc3C2)n(C)c1=O,6.2
CHEMBL3899934,CNCc1ccc(OC)c(-c2ccccc2OC)c1,6.19
CHEMBL3121416,CN(C)CCc1cn(-c2cccc3ccccc23)c2ccccc12.O=C(O)/C=C/C(=O)O,6.19
CHEMBL3765223,CCCCN(C)CCCCCC(=O)n1c2ccccc2c2ccccc21.Cl,6.17
CHEMBL4247275,O=c1[nH]c2c(N3CCN(CC[C@@H]4CCCN4S(=O)(=O)c4cncc5ccccc45)CC3)cccc2o1,6.17
CHEMBL3967387,COc1ccccc1-c1cc(CN2CCC(C)CC2)cc2c1OCO2,6.16
CHEMBL3735756,COc1ccc(CCN(CCCc2ccccc2)CCc2ccc3c(c2)OCO3)cc1OC,6.16
CHEMBL2159317,O=C(NC1CCN(CCOc2cccc(-c3ccccc3)c2)C1)c1cccc(F)c1,6.15
CHEMBL4205846,Fc1ccccc1-c1n[nH]c2c1CCNCC2,6.15
CHEMBL3215835,Cl.Cl.O=c1c2cnc3ccccc3c2ncn1CCCCN1CCN(c2ccccc2F)CC1,6.13
CHEMBL3818200,N#Cc1ccc(C(=O)CCCN2CCc3ccccc3C2)cc1,6.12
CHEMBL3937741,COc1ccccc1-c1cc(CN(C)C)cc2c1OCO2,6.11
CHEMBL3818799,Fc1ccc(C(c2ccc(F)cc2)N2CCN(CCCCc3nc4ccccc4s3)CC2)cc1,6.11
CHEMBL392887,COc1cc2c(cc1OC)CN(/C=N/c1ccc3c(c1)C(O)CCCC3)CC2,6.1
CHEMBL2058407,CN1C(=N)NC(=O)/C1=C\c1c[nH]c2cccc(Br)c12,6.1
CHEMBL3764970,CC1CCCN(CCCCC(=O)n2c3ccccc3c3ccccc32)C1.Cl,6.1
CHEMBL85897,O=C1Nc2cccc3c2C1(CCCCN1CCc2n[nH]cc2C1)CCC3,6.09
CHEMBL4278465,OC1(c2ccc(Cl)c(C(F)(F)F)c2)CCN(CCCCN(c2ccc(F)cc2)c2ccc(F)cc2)CC1,6.09
CHEMBL3763858,CC1CC(C)CN(CCCCCC(=O)n2c3ccccc3c3ccccc32)C1.Cl,6.08
CHEMBL214335,COc1ccccc1CC(c1ccccc1)N1CCNCC1,6.08
CHEMBL3770293,CC1(c2ccc(F)cc2)NC(=O)N(CC(O)CN2CCN(c3ccc(F)cc3)CC2)C1=O,6.08
CHEMBL4292541,CC1(C)NC(=O)N(CC(O)CN2CCN(C(c3ccccc3)c3ccccc3)CC2)C1=O,6.08
CHEMBL3759874,O=S(=O)(NC1CCN(CCOc2ccccc2)CC1)c1ccc(F)cc1,6.07
CHEMBL4213238,Cc1cccc(OCCN2CCC(NS(=O)(=O)c3ccccc3)CC2)c1,6.05
CHEMBL4202995,Clc1cccc(-c2n[nH]c3c2CCNCC3)c1,6.05
CHEMBL4215197,Cc1ccccc1-c1n[nH]c2c1CCNCC2,6.05
CHEMBL3321792,OC1(c2ccc(Cl)cc2)CC2CCC(C1)N2CCCSc1ccccc1F,6.05
CHEMBL4284656,CC1(c2ccc(F)cc2)NC(=O)N(CC(O)CN2CCc3ccccc3C2)C1=O,6.05
CHEMBL3321791,OC1(c2ccc(Cl)cc2)CC2CCC(C1)N2CCCSc1cccc(F)c1,6.04
CHEMBL3770522,CC1(c2ccc(F)cc2)NC(=O)N(CC(O)CN2CCN(c3ccc(Cl)cc3)CC2)C1=O,6.04
CHEMBL4211094,O=S(=O)(NC1CCN(CCOc2ccccc2)CC1)c1ccc(Br)cc1,6.04
CHEMBL4207568,CC(C)(C)c1cccc(OCCN2CCC(NS(=O)(=O)c3ccccc3)CC2)c1,6.03
CHEMBL3764477,Cl.O=C(CCCCN1CCCCCC1)n1c2ccccc2c2ccccc21,6.02
CHEMBL4293307,COc1ccc(N(CCCCN2CCC(O)(c3ccc(Cl)c(C(F)(F)F)c3)CC2)c2ccc(OC)cc2)cc1,6.02
CHEMBL1644978,OC1(c2ccc(Cl)c(C(F)(F)F)c2)CCN(CCCCC(c2ccc(F)cc2)c2ccc(F)cc2)CC1,6.01
CHEMBL188486,CN(C)CCN(Cc1ccc(-c2ccc(CNCCc3ccccc3)cc2)cc1)C(=O)/C=C/c1ccccc1.O=C(O)C(F)(F)F,6.0
CHEMBL1729,COc1cc(N)c(Cl)cc1C(=O)NC1CCN(CCCOc2ccc(F)cc2)CC1OC,6.0
CHEMBL29433,COc1ccc(NS(=O)(=O)c2sc3ccc(Cl)cc3c2C)cc1N1CCN2CCC[C@H]2C1,6.0
CHEMBL3361004,Cl.Cn1c(=O)c2c(ncn2CCCCCN2CCc3ccccc3C2)n(C)c1=O,6.0
CHEMBL241102,COc1cc2c(cc1OC)CN(/C=N/c1ccc3c(c1)C(OC(C)=O)CC3)CC2,6.0
CHEMBL1917351,O=S(=O)(NCCCCN1CCC2CCCCC2C1)c1cnc2ccccc2c1,6.0
CHEMBL3819434,Cl.OC1(c2ccc(Cl)cc2)CC2CCC(C1)N2CCCCc1nc2ccccc2s1,6.0
CHEMBL3884743,c1ccc(CN2CCN(CCCCCOc3cc(-c4ccccc4)ncn3)CC2)cc1,6.0
CHEMBL3769968,C=CCOc1cc(F)c(F)cc1C1CC1CN.Cl,5.99
CHEMBL3948597,COc1ccccc1-c1cc(CN(C)C)ccc1OC,5.99
CHEMBL4212558,O=S(=O)(NC1CCN(CCOc2ccccc2Cl)CC1)c1ccccc1,5.99
CHEMBL3906019,COc1ccccc1-c1cccc(CN2CCC(C)CC2)c1,5.98
CHEMBL3763534,Cl.O=C(CCCCCN1CCCC1)n1c2ccccc2c2ccccc21,5.98
CHEMBL4203310,Cc1cc(C)c(OCCOCCN2CCN(CCc3ccccc3)CC2)c(C)c1.Cl.Cl,5.98
CHEMBL3763504,CC(=O)N1CCN(CCCCC(=O)n2c3ccccc3c3ccccc32)CC1.Cl,5.97
CHEMBL2159314,CCOc1ccccc1C(=O)NC1CCN(CCOc2cccc(-c3ccccc3)c2)C1,5.96
CHEMBL2159319,O=C(NC1CCN(CCSc2cccc(Cl)c2Cl)C1)c1ccc2ccccc2n1,5.96
CHEMBL392401,Oc1cccc(C2NCCc3c2[nH]c2ccccc32)c1,5.96
CHEMBL3401480,O=c1[nH]c(CCCCN2CCN(c3ccc(Cl)cc3)CC2)nc2ccccc12,5.95
CHEMBL3972166,COc1ccccc1-c1cc(CN2CCC(C)CC2)ccc1C,5.95
CHEMBL4282702,OC1(c2ccc(Cl)c(C(F)(F)F)c2)CCN(CCCCCc2ccc(F)cc2)CC1,5.95
CHEMBL4240910,O=c1[nH]c2c(N3CCN(CC[C@@H]4CCCN4S(=O)(=O)c4cccc5ncccc45)CC3)cccc2o1,5.95
CHEMBL2401934,COc1ccc2c(=O)c3cc(CN4CCN(c5ccccc5OC)CC4)ccc3oc2c1.Cl,5.94
CHEMBL2436555,Cl.NC1=Nc2ccc(Cl)cc2CN1,5.94
CHEMBL4215182,O=S(=O)(NC1CCN(CCOc2ccccc2)CC1)c1cccc(Br)c1,5.94
CHEMBL3360994,Cl.Cn1c(=O)c2c(ncn2CCCCN2CCN(c3ccccc3)CC2)n(C)c1=O,5.94
CHEMBL4214853,O=S(=O)(NC1CCN(CCOc2ccccc2)CC1)c1ccc(Cl)cc1,5.94
CHEMBL2377445,O=C1CC(c2c[nH]c3ccccc23)C(=O)N1CCN1CCC(c2c[nH]c3ccc(F)cc23)CC1,5.93
CHEMBL3769536,CC1(c2ccc(F)cc2)NC(=O)N(CC(O)CN2CCN(c3ccc(F)cc3F)CC2)C1=O,5.92
CHEMBL3121413,CN(C)CCc1cn(-c2ccccc2)c2ccccc12.O=C(O)/C=C/C(=O)O,5.92
CHEMBL4162548,Cl.N#Cc1ccccc1N1CCN(CC(O)CN2C(=O)NC(c3ccccc3)(c3ccccc3)C2=O)CC1,5.92
CHEMBL4217548,Fc1cccc(-c2n[nH]c3c2CCNCC3)c1,5.91
CHEMBL187928,O=C(/C=C/c1ccccc1)N(Cc1ccc(-c2ccc(CNCCc3ccccc3)cc2)cc1)Cc1cccnc1.O=C(O)C(F)(F)F,5.9
CHEMBL1917353,O=S(=O)(NCCCCN1CCC2CCCCC2C1)c1cccc2cccnc12,5.9
CHEMBL3765208,CCCCN(C)CCCCC(=O)n1c2ccccc2c2ccccc21.Cl,5.89
CHEMBL3763567,Cl.O=C(CCCCCN1CCOCC1)n1c2ccccc2c2ccccc21,5.88
CHEMBL3884728,O=c1cc(-c2ccccc2)ncn1CCCCCN1CCN(c2ccc(Cl)cc2)CC1,5.88
CHEMBL3884634,O=c1cc(-c2ccccc2)ncn1CCCCCN1CCN(Cc2ccccc2)CC1,5.88
CHEMBL420010,OC(c1ccc(F)cc1)C1CCN(CCc2ccc(F)cc2)CC1,5.87
CHEMBL4202769,O=S(=O)(NC1CCN(CCOc2cccc(Cl)c2)CC1)c1ccccc1,5.87
CHEMBL4243036,O=c1[nH]c2c(N3CCN(CC[C@H]4CCCN4S(=O)(=O)c4cncc5ccccc45)CC3)cccc2o1,5.87
CHEMBL3885282,Clc1ccc(N2CCN(CCCCCOc3cc(-c4ccccc4)ncn3)CC2)cc1,5.86
CHEMBL1917352,O=S(=O)(NCCCN1CCC2CCCCC2C1)c1ccc2ncccc2c1,5.85
CHEMBL3764307,CC1CC(C)CN(CCCCC(=O)n2c3ccccc3c3ccccc32)C1.Cl,5.85
CHEMBL4211303,Fc1cccc(-c2noc3c2CCNCC3)c1,5.85
CHEMBL4207433,O=S(=O)(NC1CCN(CCOc2ccccc2)CC1)c1ccccc1,5.85
CHEMBL2159473,O=S(=O)(NC1CCN(CCOc2cccc(F)c2)C1)c1cccs1,5.84
CHEMBL3360991,Cl.Cn1c(=O)c2c(ncn2CCCN2CCN(c3ccccc3)CC2)n(C)c1=O,5.84
CHEMBL4203526,Cc1cccc(-c2n[nH]c3c2CCNCC3)c1,5.84
CHEMBL3401477,Cc1sc2nc(CCCCCN3CCN(c4ccc(Cl)cc4)CC3)[nH]c(=O)c2c1C,5.83
CHEMBL3403335,O=S(=O)(c1ccccc1)N1C=Cc2ccccc2C1c1c[nH]c2ccccc12,5.83
CHEMBL3956286,CNCc1cc2c(c(-c3ccccc3OC)c1)OCO2,5.83
CHEMBL3818935,O=C1NCN(c2ccccc2)C12CCN(CCCCc1nc3ccccc3o1)CC2,5.82
CHEMBL347511,CC([C@@H](C)CCN1CCC[C@@H](C)C1)S(=O)(=O)c1cccc2ccccc12,5.8
CHEMBL3818124,O=C1NCN(c2ccccc2)C12CCN(CCCCc1nc3cc(Cl)ccc3s1)CC2,5.8
CHEMBL318018,Cc1sc2ccc(Cl)cc2c1S(=O)(=O)Nc1ccc2nccc(N3CCNCC3)c2c1,5.8
CHEMBL4212698,O=S(=O)(NC1CCN(CCOc2cccc(C(F)(F)F)c2)CC1)c1ccccc1,5.8
CHEMBL4291048,OC1(c2ccc(Cl)c(C(F)(F)F)c2)CCN(CCCN(c2ccc(F)cc2)c2ccc(F)cc2)CC1,5.8
CHEMBL1782811,N#Cc1ccc(N2CCC(NCCC(O)c3csc4ccccc34)CC2)cc1,5.78
CHEMBL4216244,O=S(=O)(NC1CCN(CCOc2ccccc2)CC1)c1cccc(Cl)c1,5.78
CHEMBL241098,COc1cccc(C2NCCc3c2[nH]c2ccccc32)c1,5.77
CHEMBL3764934,CN1CCN(CCCCCC(=O)n2c3ccccc3c3ccccc32)CC1.Cl,5.72
CHEMBL3759170,CC(C)c1cccc(C(C)C)c1OCCN1CCC(NS(=O)(=O)c2ccc(F)cc2)CC1,5.72
CHEMBL316081,Cc1c(S(=O)(=O)Nc2ccc3nccc(N4CCN(C)CC4)c3c2)sc2ccc(Cl)cc12,5.7
CHEMBL582877,CC1(C)N=C(N)N=C(Nc2cccc(Br)c2)N1,5.68
CHEMBL4288077,CC1(c2ccc(F)cc2)NC(=O)N(CC(O)CN2CCN(Cc3ccccc3)CC2)C1=O,5.68
CHEMBL3763670,Cl.O=C(CCCCN1CCCC1)n1c2ccccc2c2ccccc21,5.67
CHEMBL3360992,COc1ccccc1N1CCN(CCCn2cnc3c2c(=O)n(C)c(=O)n3C)CC1.Cl,5.66
CHEMBL4287320,CC1(c2ccc(F)cc2)NC(=O)N(CC(O)CN2CCN(Cc3cccc4ccccc34)CC2)C1=O,5.66
CHEMBL2159318,O=C(NC1CCN(CCOc2cccc3c2CCCC3)C1)c1cccc(F)c1,5.65
CHEMBL4126145,c1ccc2c(OCCCCCN3CCCCC3)cccc2c1,5.64
CHEMBL3764889,CC(=O)N1CCN(CCCCCC(=O)n2c3ccccc3c3ccccc32)CC1.Cl,5.63
CHEMBL2205817,OC12C3C4CC5C6C4C1C6C(C53)N2CCc1cccnc1,5.61
CHEMBL97596,O=S(=O)(Nc1ccc2nccc(N3CCNCC3)c2c1)c1ccc2c(Cl)cccc2c1,5.6
CHEMBL292759,COc1ccc(NS(=O)(=O)c2ccc(Br)cc2)cc1N1CCN(C)CC1,5.6
CHEMBL4217334,O=S(=O)(NC1CCN(CCOc2ccc(Cl)cc2)CC1)c1ccccc1,5.59
CHEMBL442093,OC1CCc2ccc(/N=C/N3CCc4ccccc4C3)cc21,5.57
CHEMBL3360993,Cl.Cn1c(=O)c2c(ncn2CCCN2CCN(c3cccc(Cl)c3)CC2)n(C)c1=O,5.55
CHEMBL4129589,c1ccc2c(OCCCCCN3CCCCCC3)cccc2c1,5.55
CHEMBL4205526,COc1ccc(N2CCN(CCCOc3c(C)cc(C)cc3C)CC2)cc1.Cl.Cl,5.52
CHEMBL3952371,COc1ccccc1-c1cc(CN2CCC(C)CC2)ccc1OC,5.51
CHEMBL29846,COc1ccc(NS(=O)(=O)c2sc3ccc(Cl)cc3c2C)cc1N1CCN(C)CC1,5.5
CHEMBL4208181,Cc1cc(C)c(OCCOCCN2CCN(Cc3ccccc3)CC2)c(C)c1.Cl.Cl,5.5
CHEMBL4208428,Cc1cc(C)c(C)c(OCCOCCN2CCN(CCO)CC2)c1.Cl.Cl,5.5
CHEMBL4213576,O=S(=O)(NC1CCN(CCOc2ccc(Br)cc2)CC1)c1ccccc1,5.5
CHEMBL1642886,CC(C)c1ccc(S(=O)(=O)c2n[nH]c3ccc(NC4CCNCC4)cc23)cc1.Cl,5.49
CHEMBL4204036,C[C@@H]1SC(c2ccccc2)=N[C@@H]1Cc1c[nH]cn1,5.48
CHEMBL2159312,CCOc1ccccc1C(=O)NC1CCN(CCOc2cccc(NC(C)=O)c2)C1,5.47
CHEMBL2205836,COc1ccccc1CCN1C2C3C4CC5C6C4C2C6C1(O)C53,5.46
CHEMBL2205827,COc1ccc(CN2C3C4C5CC6C7C5C3C7C2(O)C64)cc1OC,5.44
CHEMBL392888,CN(/C=N/c1ccc2c(c1)C(O)CC2)Cc1ccccc1,5.44
CHEMBL2205811,COc1cccc(CCN2C3C4C5CC6C7C5C3C7C2(O)C64)c1,5.44
CHEMBL3361002,Cl.Cn1c(=O)c2c(ncn2CCCN2CCc3ccccc3C2)n(C)c1=O,5.44
CHEMBL4212435,C[C@@H]1SC(c2ccccc2O)=N[C@H]1Cc1c[nH]cn1,5.44
CHEMBL4279397,CC1(c2ccc(F)cc2)NC(=O)N(CC(O)CN2CCN(C(=O)c3ccccc3)CC2)C1=O,5.44
CHEMBL4061189,CN(C)CC1=CC2=CN(S(=O)(=O)c3ccccc3)C3=CC=CC(O1)C23,5.43
CHEMBL4166667,Cc1ccc(COc2ccc(Br)cc2CNC(C)c2ccccc2)cc1,5.43
CHEMBL4162688,CC(NCCC(Cc1ccccc1)c1ccco1)c1ccc(Cl)cc1,5.42
CHEMBL3121439,Cc1ccccc1-n1cc(CN2CCN(C)CC2)c2ccccc21.O=C(O)/C=C/C(=O)O,5.41
CHEMBL542139,COc1ccc(NS(=O)(=O)c2sc3ccc(Cl)cc3c2C)cc1N1CCNCC1.Cl,5.4
CHEMBL1642882,Cl.O=S(=O)(c1cccc(Cl)c1)c1n[nH]c2ccc(NC3CCNCC3)cc12,5.4
CHEMBL191460,CN(C)CCN(Cc1ccc(-c2ccc(CNCCc3ccccc3)cc2)cc1)C(=O)CCC1CCCC1.O=C(O)C(F)(F)F.O=C(O)C(F)(F)F,5.4
CHEMBL2058416,C/N=C1\NC(=O)/C(=C\c2c[nH]c3ccc(Br)cc23)N1C,5.39
CHEMBL2432058,CN(CCc1ccccc1)[C@H]1C2C3CC4C5C3CC2C5C41,5.35
CHEMBL3121426,O=C(O)/C=C/C(=O)O.c1ccc(N2CCN(Cc3cn(-c4ccc5ccccc5c4)c4ccccc34)CC2)cc1,5.35
CHEMBL441356,COc1ccc2c(c1OC)C[N+]1(C)CCc3cc4c(cc3C1C2)OCO4,5.3
CHEMBL476838,COc1c(OCCF)cccc1C(O)C1CCN(CCc2ccc([N+](=O)[O-])cc2)CC1,5.29
CHEMBL240023,CCCOC1CCCc2ccc(/N=C/N3CCc4cc(OC)c(OC)cc4C3)cc21,5.28
CHEMBL520129,O=C(Nc1ccc2cnn(S(=O)(=O)c3cccc4ccccc34)c2c1)C1CCCNC1,5.24
CHEMBL3216275,Cl.Cl.O=c1c2cnc3ccccc3c2ncn1CCCCN1CCN(c2ccc(-c3ncccn3)cc2)CC1,5.24
CHEMBL4160177,Cc1ccc(C(C)(C)CC(C)NCc2ccc(C(F)(F)F)cc2)o1,5.21
CHEMBL2205812,COc1ccc(CCN2C3C4C5CC6C7C5C3C7C2(O)C64)cc1,5.2
CHEMBL2205814,COc1ccc(CCN2C3C4C5CC6C7C5C3C7C2(O)C64)cc1OC,5.16
CHEMBL4161308,CC(C)c1nc2c(N3CCNCC3)ccnc2n1Cc1cccc(Cl)c1,5.15
CHEMBL4205064,Oc1ccccc1C1=NC(Cc2c[nH]cn2)CS1,5.13
CHEMBL4164250,COc1cc(CNCCC2=CCCCC2)ccc1OCc1ccccc1,5.1
CHEMBL4164143,Cc1ccc(C(CCNC(C)c2ccc(Cl)cc2)c2ccco2)cc1,5.08
CHEMBL1782795,O=[N+]([O-])c1ccc(N2CCCN(CCC(O)c3csc4ccccc34)CC2)c(C(F)(F)F)c1,5.06
CHEMBL4164541,CCc1nc2c(N3CCNCC3)ccnc2n1Cc1cccc(Cl)c1,5.06
CHEMBL273890,O=C1Nc2cccc3c2C1(CCCCN1CCN(C2CCCCC2)CC1)CCC3,5.0
CHEMBL4170813,CCC1(C)CC(CCNCc2ccccc2)(c2ccc(C)cc2)CCO1,5.0
CHEMBL4287623,OC1(c2ccc(Cl)c(C(F)(F)F)c2)CCN(CCCC=C(c2ccc(F)cc2)c2ccc(F)cc2)CC1,5.0
CHEMBL3215698,CN1CCN(Cc2cccc3c(=O)c4ccc(Cl)cc4oc23)CC1.Cl.Cl.Cl,4.98
CHEMBL4174845,COc1ccc(CNCCC(c2ccco2)c2ccccc2OC)cc1,4.98
CHEMBL4169236,CC(C)c1nc2c(N3CCNCC3)ccnc2n1Cc1cccc(F)c1,4.92
CHEMBL3403336,Brc1ccc2c(c1)c1c3n2CCN(Cc2ccccc2)C3CCC1,4.91
CHEMBL4175829,CCc1nc2c(N3CCNCC3)ccnc2n1Cc1cccc(F)c1,4.91
CHEMBL3403343,Cc1ccc(S(=O)(=O)c2cnc3ccc(F)cc3c2SCc2ccc(Cl)cc2)cc1,4.9
CHEMBL3403330,O=S(=O)(Nc1ccn(Cc2cccc3ccccc23)n1)c1ccc(Br)s1,4.9
CHEMBL1782808,N#Cc1ccc(N2CCN(CCC(O)c3csc4ccccc34)CC2)cc1,4.9
CHEMBL4177293,Cc1ccc(C(C)NCCC(c2ccc(F)cc2)c2ccco2)cc1,4.9
CHEMBL3403344,COCCn1c(C)c(C)c(S(=O)(=O)c2ccc(Cl)cc2)c1N,4.88
CHEMBL3403334,Nc1c(S(=O)(=O)c2ccccc2)sc2nc(-c3ccccc3)cc(-c3ccccc3)c12,4.88
CHEMBL3217036,COc1ccc2c(=O)c3cc(CN4CCN(Cc5ccccc5)CC4)ccc3oc2c1.Cl.Cl,4.87
CHEMBL1782796,Nc1ccc(N2CCN(CCC(=O)c3csc4ccccc34)CC2)cc1,4.85
CHEMBL1083390,O=S(=O)(c1ccccc1)c1cnc2c(N3CCNCC3)cccc2c1,4.85
CHEMBL1613157,COc1ccc(CNCCC(c2ccccc2)c2ccc3c(c2)OCO3)cc1,4.85
CHEMBL1782800,N#Cc1ccc(N2CCCN(CCC(=O)c3csc4ccccc34)CC2)cc1,4.82
CHEMBL1580288,CCS(=O)(=O)c1nc(S(=O)(=O)c2ccc(Cl)cc2)c(N2CCc3ccccc3C2)s1,4.8
CHEMBL3403333,O=S(=O)(c1ccc(F)cc1)N1CC=c2ccccc2=C1c1c[nH]c2ccccc12,4.79
CHEMBL3215930,COc1ccc2c(=O)c3cc(CN4CCN(C)CC4)ccc3oc2c1.Cl.Cl,4.77
CHEMBL3216145,Cl.Cl.Cl.O=c1c2ccc(Cl)cc2oc2c(CN3CCN(CCO)CC3)cccc12,4.76
CHEMBL515789,Cc1ccccc1N1CCN(CCn2c(=O)n(-c3ccccc3C)c3ccccc32)CC1,4.75
CHEMBL3403338,O=S(=O)(Nc1ccccc1-c1nccc2ccccc12)c1ccc(Cl)cc1,4.75
CHEMBL2011865,O=C1Nc2ccc(Cl)cc2C1(c1c[nH]c2ccccc12)c1c[nH]c2ccccc12,4.74
CHEMBL3403332,O=S(=O)(Nc1cc2c(c3ccccc13)OC1(N3CCOCC3)CCCCC21)c1ccccc1,4.7
CHEMBL3403345,Cc1ccc(Cl)cc1N(C)C(=O)c1cn(-c2ccc(F)cc2F)c(=O)c2ccccc12,4.67
CHEMBL133868,CC(N)Cc1c[nH]c2ccc3c(c12)CCCO3,4.62
CHEMBL241101,COC(=O)N1CCc2ccc(/N=C/N3CCc4cc(OC)c(OC)cc4C3)cc21,4.6
CHEMBL1576791,O=S(=O)(Nc1cc(Sc2cccc3cccnc23)c(O)c2ccccc12)c1ccccc1,4.59
CHEMBL3403339,O=c1ccc(-c2ccc(S(=O)(=O)Nc3cccc4c3CCCC4)s2)n[nH]1,4.58
CHEMBL3403340,COc1cccc(-n2cc(C(=O)N(C)c3cccc(Cl)c3)c3ccccc3c2=O)c1,4.57
CHEMBL1782812,OC(CCN1CCC(N2CCOCC2)CC1)c1csc2ccccc12,4.56
CHEMBL429644,CCCCSC1CCc2ccc(/N=C/N3CCc4cc(OC)c(OC)cc4C3)cc21,4.44
CHEMBL4175296,CCC1(C)CC(CCNCc2ccc(OC)c(OC)c2)(c2ccc(C)cc2)CCO1,4.43
CHEMBL1782794,O=C(CCN1CCC(N2CCOCC2)CC1)c1csc2ccccc12,4.27
CHEMBL4166092,O[C@H](CCN1CCc2onc(-c3ccc(F)c(F)c3)c2C1)c1ccccc1,4.15
CHEMBL4174981,O=C1N(Cc2ccccc2)C(c2ccccc2)=NC1(Nc1ccccn1)C(F)(F)F,4.07
CHEMBL1782798,O=C(CCN1CCN(c2ccc([N+](=O)[O-])cc2)CC1)c1csc2ccc(F)cc12,4.04
CHEMBL241083,c1ccc(C2NCCc3c2[nH]c2ccccc32)cc1,4.01
CHEMBL345971,CC([C@@H](C)CCN1CCC[C@H](C)C1)S(=O)(=O)c1cccc2ccccc12,4.0
ZINC000027737750,CN(C)CCSC(C)(C)C,8.89
ZINC000013589364,CN(C)CCSc1nccs1,5.17
ZINC000029130867,NC1=Nc2cccc(Cl)c2CN1,6.1
ZINC000000004285,Clc1cccc(N2CCNCC2)c1,6.52
ZINC000000057058,NCCc1c[nH]c2ccc(O)cc12,9.96
ZINC000029130549,C[C@@H]1NC(N)=Nc2cccc(Cl)c21,8.22
ZINC000001845777,CCCCC(=O)c1ccc(F)cc1,6.85
ZINC000013589372,CN(C)CCSc1cccc(Br)n1,8.39
ZINC000045355183,CN(C)CCOc1cccc(Br)n1,5.65
ZINC000045393968,CN(C)CCSc1ccccc1Br,5.39
ZINC000004914895,CN(C)CCOc1ccccc1Br,5.57
ZINC000002572146,Cc1[nH]c2ccc(O)cc2c1CCN,5.9
ZINC000000057163,COc1ccc2[nH]cc(CCN)c2c1,8.7
ZINC000013130932,CC1=NCCc2c1[nH]c1ccccc21,6.55
ZINC000013589368,CN(C)CCSc1nc(C(C)(C)C)cs1,7.66
ZINC000000985328,CN(C)CCSc1nc2ccccc2s1,7.08
ZINC000013587968,COc1ccc2c3c([nH]c2c1)CNCC3,5.85
ZINC000002516045,c1ccc2c(N3CCNCC3)cccc2c1,7.08
ZINC000100039598,COc1ccc2[nH]c3c(c2c1)CCN=C3C,5.53
ZINC000018847046,COc1ccc2c(c1)[nH]c1c(C)nccc12,5.26
ZINC000000002020,c1ccc2nc(N3CCNCC3)ccc2c1,5.52
ZINC000000057152,COc1ccc2[nH]cc(CCN(C)C)c2c1,7.52
ZINC000000895330,N[C@@H](Cc1c[nH]c2ccc(O)cc12)C(=O)O,8.67
ZINC000028821767,Cc1ccccc1-c1cccc(CCN)c1,8.12
ZINC000013589369,CN(C)CCSc1n[nH]c(-c2ccccc2)n1,5.92
ZINC000013589366,CN(C)CCSc1ncc(-c2ccccc2)s1,5.49
ZINC000013589365,CN(C)CCSc1nc(-c2ccccc2)cs1,7.92
ZINC000001996368,COc1ccc2[nH]c(C)c(CCN(C)C)c2c1,6.84
ZINC000045370392,CN(C)CCSc1cccc(-c2ccoc2)n1,7.59
ZINC000005848683,CN(C)CCSc1nc(-c2ccncc2)cs1,7.57
ZINC000029130610,C[C@@H]1NC(NCC(F)F)=Nc2cccc(Cl)c21,7.61
ZINC000072114930,COc1cccc2[nH]cc(-c3ccnc(N)n3)c12,5.7
ZINC000004240855,c1ccc(-c2cccc(N3CCNCC3)c2)cc1,7.6
ZINC000002243427,c1ccc(-c2ccccc2N2CCNCC2)cc1,8.85
ZINC000095555399,c1ccc(-c2ccccc2N2CCNCC2)nc1,7.64
ZINC000095556427,c1ccc(-c2cccc(N3CCNCC3)c2)nc1,7.1
ZINC000013589367,Cc1sc(SCCN(C)C)nc1-c1ccccc1,6.77
ZINC000013589370,CN(C)CCSc1ccnc(-c2ccccc2)c1,7.0
ZINC000013589371,CN(C)CCSc1cccc(-c2ccccc2)n1,9.22
ZINC000013805803,CCc1[nH]c2ccc(OC)cc2c1CCN(C)C,6.52
ZINC000028821759,Cc1ccccc1-c1cccc(CCN(C)C)c1,8.12
ZINC000045387798,CN(C)CCSc1ccccc1-c1ccccc1,6.26
ZINC000004913607,CN(C)CCOc1ccccc1-c1ccccc1,6.81
ZINC000029131081,C[C@@H]1NC(NCC(F)F)=Nc2ccc(Cl)c(Cl)c21,8.11
ZINC000013864767,CCOC(=O)c1[nH]c2ccccc2c1CCN(C)C,6.29
ZINC000013589374,CN(C)CCSc1cccc(C2(O)CCCCC2)n1,8.14
ZINC000028821761,Cc1cccc(C)c1-c1cccc(CCN(C)C)c1,8.21
ZINC000028821760,COc1ccccc1-c1cccc(CCN(C)C)c1,8.08
ZINC000008377406,CNS(=O)(=O)c1ccc2[nH]cc(CCN(C)C)c2c1,6.02
ZINC000096937899,CN1C(=N)N/C(=C/c2c[nH]c3ccc(Br)cc23)C1=O,5.91
ZINC000041322596,Cc1ccccc1-c1cccc(N2CCNCC2)c1,8.85
ZINC000095554707,Cc1ccccc1-c1ccccc1N1CCNCC1,8.16
ZINC000041326652,Fc1ccc(-c2cccc(N3CCNCC3)c2)cc1,6.96
ZINC000059688471,Fc1ccc(-c2ccccc2N2CCNCC2)cc1,8.57
ZINC000013487079,Cc1c(NC2=NCCN2)cccc1-c1ccccc1,7.8
ZINC000103241373,NC(N)=NC(=O)c1ccc2c(c1)Cc1ccccc1-2,7.91
ZINC000013806922,CN1CCc2ccc3c4c2[C@H]1Cc1cccc(c1-4)[C@@H]3N,7.74
ZINC000013806920,CN1CCc2ccc3c4c2[C@H]1Cc1cccc(c1-4)[C@H]3N,7.87
ZINC000096937892,C/N=C1/N/C(=C/c2c[nH]c3ccc(Br)cc23)C(=O)N1C,5.47
ZINC000041383862,Cc1ccc(-c2cccc(N3CCNCC3)c2)cc1C,7.03
ZINC000095554437,Cc1ccc(-c2ccccc2N2CCNCC2)cc1C,8.72
ZINC000041388083,COc1ccccc1-c1cccc(N2CCNCC2)c1,8.09
ZINC000095552415,COc1ccc(-c2ccccc2N2CCNCC2)cc1,8.59
ZINC000059938805,COc1ccccc1-c1ccccc1N1CCNCC1,7.74
ZINC000022939926,Cc1ccc2ccn(CCN3CCCN(C)CC3)c2c1,6.9
ZINC000022939901,CN1CCCN(CCn2ccc3cc(Br)ccc32)CC1,7.06
ZINC000022939908,CN1CCCN(CCn2ccc3ccc(Cl)cc32)CC1,7.47
ZINC000022939906,CN1CCCN(CCn2ccc3ccc(F)cc32)CC1,6.54
ZINC000022939903,CN1CCCN(CCn2ccc3ccc(Br)cc32)CC1,7.51
ZINC000059817427,NC(N)=NC(=O)c1ccc2c(c1)C(=O)c1ccccc1-2,6.73
ZINC000045355187,Cc1cccc(C)c1-c1cccc(SCCN(C)C)n1,6.89
ZINC000040448582,C=CCN(CC=C)CCc1c[nH]c2ccc(OC)cc12,7.77
ZINC000045337082,Cc1cccc(C)c1-c1cccc(OCCN(C)C)n1,5.79
ZINC000045315350,Cc1cccc(C)c1-c1ccccc1SCCN(C)C,5.84
ZINC000045371452,COc1ccccc1-c1ccccc1OCCN(C)C,6.17
ZINC000028889378,COc1cccc(C2=NCCc3c2[nH]c2ccccc32)c1,6.1
ZINC000000001968,CN1CCC(=C2c3ccccc3CCc3sccc32)CC1,7.6
ZINC000028821758,COc1cccc(OC)c1-c1cccc(CCN(C)C)c1,8.07
ZINC000045390148,COc1cccc(OC)c1-c1ccnc(CCN(C)C)n1,5.83
ZINC000027199044,CN1CCc2ccc3[nH]c(=O)c4cccc5c4c3c2[C@H]1C5,7.26
ZINC000084707345,C/N=C1\N(C)C(=O)/C(=C\c2c[nH]c3ccc(Br)cc23)N1C,5.27
ZINC000000044027,CN(C)CCCN1c2ccccc2Sc2ccc(Cl)cc21,7.97
ZINC000000008954,NCCc1cccc2c1ccn2S(=O)(=O)c1ccccc1,7.54
ZINC000028345727,Cc1cccc(C)c1-c1ccc2c(c1)C[C@H](N(C)C)CO2,7.87
ZINC000013816347,Cc1nn(C)c(C)c1-c1cccc2c1CC[C@H](N(C)C)C2,9.22
ZINC000022939920,C=Cc1ccc2ccn(CCN3CCCN(C)CC3)c2c1,6.96
ZINC000022939929,CCc1ccc2ccn(CCN3CCCN(C)CC3)c2c1,6.78
ZINC000022939923,C#Cc1ccc2ccn(CCN3CCCN(C)CC3)c2c1,6.85
ZINC000095555743,O=[N+]([O-])c1ccc(-c2ccccc2N2CCNCC2)cc1,8.15
ZINC000095554682,O=[N+]([O-])c1ccc(-c2cccc(N3CCNCC3)c2)cc1,7.89
ZINC000022939917,COc1ccc2ccn(CCN3CCCN(C)CC3)c2c1,5.8
ZINC000013817494,CN1CCCN(CCn2ccc3ccc([N+](=O)[O-])cc32)CC1,6.86
ZINC000095553609,COc1cccc(OC)c1-c1ccccc1N1CCNCC1,7.02
ZINC000095552494,COc1cccc(OC)c1-c1cccc(N2CCNCC2)c1,8.15
ZINC000028043104,O=S(=O)(NCCN1CCc2ccccc2C1)c1ccccc1,6.11
ZINC000013805807,COc1ccc2[nH]c(-c3ccccc3)c(CCN(C)C)c2c1,6.81
ZINC000040952990,CN1CCN(c2cc(-c3ccc(C#N)cc3)nc(N)n2)CC1,5.23
ZINC000022939935,C=C(C)c1ccc2ccn(CCN3CCCN(C)CC3)c2c1,7.15
ZINC000022939932,CC(C)c1ccc2ccn(CCN3CCCN(C)CC3)c2c1,6.84
ZINC000022939942,CC(C)N1CCCN(CCn2ccc3ccc(Br)cc32)CC1,7.85
ZINC000169339906,Oc1cccc(NCCN2CCN(c3ccccc3)CC2)c1,6.6
ZINC000103224531,CN1CCc2c(c3cccc4c3n2-c2ccccc2CC4)C1,7.0
ZINC000103224535,CN1CCc2c(c3cccc4c3n2Cc2ccccc2C4)C1,6.7
ZINC000103224541,CN1CCc2c(c3cccc4c3n2CCc2ccccc2-4)C1,6.71
ZINC000013806934,CO[C@@]1(C)c2cccc3c2-c2c1ccc1c2[C@@H](C3)N(C)CC1,8.96
ZINC000013806931,CO[C@]1(C)c2cccc3c2-c2c1ccc1c2[C@@H](C3)N(C)CC1,8.96
ZINC000084724324,c1ccc2c(c1)CN(CCCCc1nc3ccccc3s1)C2,6.68
ZINC000045497032,O=C1Cc2ccccc2N1CCN1CCc2ccccc2C1,6.46
ZINC000000968264,CN1CCC(=C2c3ccccc3C=Cc3ccccc32)CC1,7.3
ZINC000003959715,CN(C)C[C@H]1C[C@@H]2c3ccccc3Cc3ccccc3[C@H]2O1,7.89
ZINC000022939955,Brc1ccc2ccn(CCN3CCCN(C4CC4)CC3)c2c1,7.8
ZINC000000000931,Clc1ccc2c(c1)C(N1CCNCC1)=Nc1ccccc1O2,6.3
ZINC000043020865,Cc1cccc(S(=O)(=O)NCCNC(=N)N2CCC(C)CC2)c1,6.75
ZINC000001487237,CC1CCN(CC[C@@H](C)N(C)S(=O)(=O)c2cc(Br)c(Br)s2)CC1,7.8
ZINC000000007275,Cc1cccc(S(=O)(=O)N(C)[C@H](C)CCN2CCC(C)CC2)c1,7.5
ZINC000028769079,Fc1ccccc1N1CCN(Cc2c[nH]c3ncccc23)CC1,6.67
ZINC000019796155,CN1CCN(C2=Nc3cc(Cl)ccc3Nc3ccccc32)CC1,8.26
ZINC000095803215,Clc1ccc(N2CCN(Cc3c[nH]c4ncccc34)CC2)cc1,6.65
ZINC000053045062,Fc1ccc(N2CCN(Cc3c[nH]c4ncccc34)CC2)cc1,6.38
ZINC000045384762,Cc1ccc2c(c1)c1c(n2/C=C\c2ccccc2)CCN(C)C1,9.68
ZINC000084670854,c1ccc2c(c1)CCN(CCCCc1nc3ccccc3s1)C2,7.45
ZINC000028889383,COc1cccc(C2=NCCc3c2[nH]c2ccc(OC)cc32)c1,5.46
ZINC000039130173,O=C1Cc2ccccc2N1CCCN1CCc2ccccc2C1,6.98
ZINC000013611470,CN(C)C[C@H]1C[C@@H]2c3ccccc3Sc3ccc(F)cc3[C@H]2O1,8.21
ZINC000066112330,Clc1ccc(-c2nn(Cc3ccccc3)c3c2CNCC3)cc1,7.85
ZINC000022939952,Brc1ccc2ccn(CCN3CCCN(CC4CC4)CC3)c2c1,8.05
ZINC000013864761,CN(C)CCc1cn(C(=O)c2ccccc2)c2ccc(O)cc12,5.8
ZINC000013553351,CN(C)CCc1cn(S(=O)(=O)c2ccccc2)c2ccccc12,5.43
ZINC000000026677,CN(C)CCc1cccc2c1ccn2S(=O)(=O)c1ccccc1,6.34
ZINC000043104959,O=S(=O)(NCCCN1CCc2ccccc2C1)c1ccccc1,6.57
ZINC000169339917,Oc1cccc(CCCCN2CCN(c3ccccc3)CC2)c1,8.51
ZINC000013581246,CCCN(CCC)[C@H]1CCc2c(cccc2-c2ccccc2)C1,8.54
ZINC000013581257,CCCN(CCC)[C@H]1COc2c(cccc2-c2ccccc2)C1,8.53
ZINC000013581267,COc1cccc(OC)c1-c1cccc2c1OC[C@H](N(C)C)C2,8.59
ZINC000073222863,Fc1ccc(SCCCN2CCN(c3ccccn3)CC2)cc1,6.54
ZINC000022939944,CC(C)CN1CCCN(CCn2ccc3ccc(Br)cc32)CC1,7.43
ZINC000001888172,Fc1ccc(CCCCN2CCN(c3ccccn3)CC2)cc1,7.05
ZINC000022939911,CN1CCCN(CCn2ccc3ccc(C(F)(F)F)cc32)CC1,7.64
ZINC000169339898,CN(CCN1CCN(c2ccccc2)CC1)c1cccc(O)c1,6.79
ZINC000169339920,Oc1cccc(NCCCN2CCN(c3ccccc3)CC2)c1,8.0
ZINC000001888141,Fc1ccc(OCCCN2CCN(c3ccccn3)CC2)cc1,6.68
ZINC000013757621,CN1CCc2cccc3c2[C@H]1Cc1cccc(-c2ccccc2)c1-3,8.01
ZINC000028372923,C[C@H](Nc1ccnc(NCCc2ccccc2)n1)c1ccccc1,9.22
ZINC000028342091,C[C@H](Nc1cc(NCCc2ccccc2)ncn1)c1ccccc1,7.48
ZINC000038224001,O=S(=O)(NCCCCN1CCc2ccccc2C1)c1ccccc1,7.03
ZINC000004393149,Cc1cccc(S(=O)(=O)N2CCC[C@@H]2CCN2CCC(C)CC2)c1,8.52
ZINC000054146354,O=S(=O)(NC1CCN(CCOc2ccccc2)CC1)c1cccs1,6.81
ZINC000003982174,CC1CCN(CC[C@H]2CCCN2S(=O)(=O)c2cccc(O)c2)CC1,9.47
ZINC000013473865,O=C(c1ccc(F)cc1)C1CCN(CCc2ccc(F)cc2)CC1,7.2
ZINC000013473854,O=C(c1ccc(F)cc1)C1CCN(CCc2ccc(I)cc2)CC1,8.14
ZINC000013473853,O=C(c1ccc(F)cc1)C1CCN(CCc2cccc(I)c2)CC1,8.06
ZINC000013473852,O=C(c1ccc(F)cc1)C1CCN(CCc2ccccc2I)CC1,8.43
ZINC000169339922,Cc1cccc(N(C)CCCN2CCN(c3ccccc3)CC2)c1,7.07
ZINC000028359344,C[C@H](Nc1cncc(NCCc2ccccc2)c1)c1ccccc1,7.89
ZINC000028367688,C[C@H](Nc1cc(NCCc2ccccc2)ccn1)c1ccccc1,8.52
ZINC000028361888,C[C@H](Nc1ccnc(NCCc2ccccc2)c1)c1ccccc1,9.52
ZINC000169339926,CN(CCCN1CCN(c2ccccc2)CC1)c1cccc(Cl)c1,6.75
ZINC000169339924,CN(CCCN1CCN(c2ccccc2)CC1)c1cccc(F)c1,6.95
ZINC000022939947,CC(C)(C)CN1CCCN(CCn2ccc3ccc(Br)cc32)CC1,6.79
ZINC000169339929,CN(CCCN1CCN(c2ccccc2)CC1)c1cccc(Br)c1,6.79
ZINC000169339908,CN(CCCN1CCN(c2ccccc2)CC1)c1cccc(O)c1,7.7
ZINC000169339948,O=Cc1cccc(NCCCN2CCN(c3ccccc3)CC2)c1,7.88
ZINC000169339943,OCc1cccc(NCCCN2CCN(c3ccccc3)CC2)c1,6.96
ZINC000013531252,CC1CCN(CC[C@@H](C)N(C)S(=O)(=O)c2ccc(Cl)c(Cl)c2)CC1,7.5
ZINC000001487241,CC1CCN(CC[C@@H](C)N(C)S(=O)(=O)c2ccc(Br)c(Br)c2)CC1,7.7
ZINC000028770344,CCc1ccc(N2CCN(Cc3c[nH]c4ncccc34)CC2)cc1,6.39
ZINC000096901419,CSc1ccc(N2CCN(Cc3c[nH]c4ncccc34)CC2)cc1,6.47
ZINC000004215704,CN1C[C@@H](NS(=O)(=O)N(C)C)C[C@@H]2c3cccc4[nH]cc(c34)C[C@H]21,7.74
ZINC000003816551,NCCc1cn(S(=O)(=O)c2c(Cl)nc3sccn23)c2ccccc12,6.17
ZINC000040409309,O=c1[nH]c2ccccc2n1CCN1CCN(c2ccccc2)CC1,5.99
ZINC000028770345,COc1ccccc1N1CCN(Cc2c[nH]c3ncccc23)CC1,6.99
ZINC000028889389,COc1ccc2[nH]c3c(c2c1)CCN=C3c1cc([N+](=O)[O-])cn1C,5.11
ZINC000045387600,Cc1ccc(CCn2c3c(c4cc(C)ccc42)CN(C)CC3)cc1,9.41
ZINC000040934869,O=C(OCCN1CCCC1)N1c2ccccc2Sc2ccccc21,6.48
ZINC000040833732,O=C1Cc2ccccc2N1CCCCN1CCc2ccccc2C1,8.15
ZINC000299834521,O=C1Cc2ccccc2N1CCCCN1CC[C@H]2CCCC[C@@H]2C1,7.54
ZINC000299825872,O=c1sc2ccccc2n1CCCCN1CCc2ccccc2C1,8.55
ZINC000084669756,O=C(CCCCN1Cc2ccccc2C1)c1nc2ccccc2s1,6.62
ZINC000169350288,c1cnc(N2CCN(CCCc3nc4ccccc4s3)CC2)nc1,6.47
ZINC000008144259,Cc1ccc2c(c1)c1c(n2CCc2ccc(C)nc2)CCN(C)C1,8.1
ZINC000022939939,CN1CCCN(CCn2ccc3ccc(-c4ccsc4)cc32)CC1,6.96
ZINC000022939958,Brc1ccc2ccn(CCN3CCCN(C4CCCC4)CC3)c2c1,8.0
ZINC000169339878,Oc1ccc2[nH]cc(CCN3CCN(c4ccccc4)CC3)c2c1,7.2
ZINC000028769981,CCCc1ccc(N2CCN(Cc3c[nH]c4ncccc34)CC2)cc1,6.15
ZINC000004216874,CN1C[C@@H](NS(=O)(=O)N(C)C)C[C@@H]2c3cccc4c3c(cn4C)C[C@H]21,8.1
ZINC000038696951,CN1CCN(c2ccc3[nH]nc(S(=O)(=O)c4ccccc4)c3c2)CC1,6.12
ZINC000014753982,O=c1[nH]c2ccccc2n1CCCN1CCN(c2ccccc2)CC1,6.61
ZINC000096910032,c1ccc(-c2ccccc2CN2CCN(c3ccccc3)CC2)cc1,6.27
ZINC000299827001,O=C1Cc2ccccc2N1CCCCCN1CCc2ccccc2C1,7.55
ZINC000299832226,O=C1Cc2ccccc2N1CCCCCN1CC[C@H]2CCCC[C@@H]2C1,7.39
ZINC000006915246,O=S1(=O)c2ccccc2N(Cc2ccc(Cl)cc2F)c2ccccc21,5.28
ZINC000084670852,c1cnc(N2CCN(CCCCc3nc4ccccc4s3)CC2)nc1,6.64
ZINC000084670345,Clc1ccc(N2CCN(CCCc3nc4ccccc4s3)CC2)cc1,6.1
ZINC000022939960,Brc1ccc2ccn(CCN3CCCN(C4CCCCC4)CC3)c2c1,7.77
ZINC000028134285,Nc1ccc(S(=O)(=O)n2cc(C3=CCNCC3)c3ccccc32)cc1,5.81
ZINC000013531276,CCN(CC)C(=O)[C@@H]1C=C2c3cccc4[nH]c(Br)c(c34)C[C@H]2N(C)C1,8.0
ZINC000028358240,C[C@H](Nc1cc(NCCc2ccc(F)cc2)ncn1)c1ccccc1,8.3
ZINC000028369834,C[C@H](Nc1ccnc(NCCOc2ccccc2)n1)c1ccccc1,8.7
ZINC000169339946,NC(=O)c1cccc(NCCCN2CCN(c3ccccc3)CC2)c1,7.2
ZINC000095575595,CSc1ccccc1OCCN1CCC(NC(=O)c2cccs2)CC1,5.94
ZINC000013553349,COc1ccc2c(c1)c(CCN(C)C)cn2S(=O)(=O)c1ccccc1,6.22
ZINC000073224909,OC1(c2ccc(Cl)cc2)CCN(CCCOc2ccc(F)cc2)CC1,6.18
ZINC000028571965,CC(C)(CCCN1CC[C@@H]2CCCC[C@H]2C1)S(=O)(=O)c1ccccc1,8.1
ZINC000073224424,OC1(c2ccc(Cl)cc2)CCN(CCCCc2ccc(F)cc2)CC1,5.98
ZINC000073219170,OC1(c2ccc(Cl)cc2)CCN(CCCSc2ccc(F)cc2)CC1,5.98
ZINC000028342732,C[C@H](Nc1ncnc(NCCOc2ccccc2)n1)c1ccccc1,8.52
ZINC000028360128,C[C@H](Nc1cncc(NCCc2ccc(F)cc2)c1)c1ccccc1,7.8
ZINC000028362574,C[C@H](Nc1ccnc(NCCc2ccc(F)cc2)c1)c1ccccc1,9.4
ZINC000028367695,C[C@H](Nc1cc(NCCc2ccc(F)cc2)ccn1)c1ccccc1,8.4
ZINC000028363511,C[C@H](Nc1cncc(NCCOc2ccccc2)c1)c1ccccc1,8.4
ZINC000028336925,C[C@H](Nc1ccnc(NCCOc2ccccc2)c1)c1ccccc1,9.4
ZINC000028378556,C[C@H](Nc1cc(NCCOc2ccccc2)ccn1)c1ccccc1,9.4
ZINC000169339962,CN(CCCCN1CCN(c2ccccc2)CC1)c1cccc(O)c1,7.52
ZINC000027319374,Cc1[nH]c2cccc(NC(=O)c3ccc(F)cc3)c2c1CCN(C)C,5.84
ZINC000028358244,C[C@H](Nc1cc(NCCOc2ccc(F)cc2)ncn1)c1ccccc1,8.3
ZINC000028353544,C[C@H](Nc1ccnc(NCCOc2ccc(F)cc2)n1)c1ccccc1,9.52
ZINC000013531249,CC1CCN(CC[C@@H](C)N(C)S(=O)(=O)c2cccc3ccccc23)CC1,7.5
ZINC000095574377,O=S(=O)(NCC1CCN(CCOc2cccc(F)c2)CC1)c1cccs1,5.65
ZINC000028363504,C[C@H](Nc1nc(N)nc(NCCOc2ccccc2)n1)c1ccccc1,8.52
ZINC000000537822,O=C(CCCN1CCC(O)(c2ccc(Cl)cc2)CC1)c1ccc(F)cc1,6.58
ZINC000028367227,Cc1nc(NCCOc2ccccc2)nc(N[C@@H](C)c2ccccc2)n1,7.27
ZINC000028336917,C[C@H](Nc1nc(F)nc(NCCOc2ccccc2)n1)c1ccccc1,8.0
ZINC000169339945,COC(=O)c1cccc(NCCCN2CCN(c3ccccc3)CC2)c1,7.11
ZINC000073159853,NCCN(CCCN1CCc2ccccc2C1)S(=O)(=O)c1ccccc1,6.57
ZINC000073159848,NCCCN(CCN1CCc2ccccc2C1)S(=O)(=O)c1ccccc1,5.52
ZINC000169339949,CCCN(CCCN1CCN(c2ccccc2)CC1)c1cccc(O)c1,7.68
ZINC000169339964,CN(CCCCCN1CCN(c2ccccc2)CC1)c1cccc(O)c1,7.78
ZINC000028378562,C[C@H](Nc1cc(NCCOc2ccc(F)cc2)ccn1)c1ccccc1,9.4
ZINC000028370007,C[C@H](Nc1ccnc(NCCOc2ccc(F)cc2)c1)c1ccccc1,9.7
ZINC000028367702,C[C@H](Nc1cncc(NCCOc2ccc(F)cc2)c1)c1ccccc1,8.4
ZINC000027653119,COc1ccc(S(=O)(=O)Nc2cc(Br)ccc2Br)cc1N1CCNCC1,8.99
ZINC000028362697,C[C@H](Nc1nc(N)nc(NCCc2ccccn2)n1)c1ccc(F)cc1,8.05
ZINC000053084151,FC(F)(F)c1ccc(N2CCN(Cc3c[nH]c4ncccc34)CC2)cc1,6.5
ZINC000040916016,COc1ccccc1N1CCN(CCn2c(=O)[nH]c3ccccc32)CC1,5.74
ZINC000040917854,O=c1[nH]c2ccccc2n1CCCCN1CCN(c2ccccc2)CC1,7.32
ZINC000096910019,Cc1ccc(N2CCN(Cc3ccccc3-c3ccccc3)CC2)cc1,5.56
ZINC000096910018,Cc1cccc(N2CCN(Cc3ccccc3-c3ccccc3)CC2)c1,5.92
ZINC000096910017,Cc1ccccc1N1CCN(Cc2ccccc2-c2ccccc2)CC1,5.76
ZINC000012141459,O=S(=O)(NCCN1CCc2ccccc2C1)c1ccc2ccccc2c1,7.11
ZINC000002690423,Cc1ccc(S(=O)(=O)c2nc(N3CCc4ccccc4C3)sc2Cl)cc1,5.2
ZINC000299834845,O=C1Cc2ccccc2N1CC/C=C/CCN1CCc2ccccc2C1,9.15
ZINC000299832762,O=C1Cc2ccccc2N1CC/C=C/CCN1CC[C@H]2CCCC[C@@H]2C1,8.57
ZINC000299829950,O=C1Cc2ccccc2N1CCCCCCN1CCc2ccccc2C1,7.62
ZINC000040951729,O=C1Cc2ccccc2N1CCCCN1CCC(c2ccccc2)CC1,6.8
ZINC000095576935,CCCN1CCC(COc2nc3c(Cl)cccc3c3ccccc23)CC1,5.72
ZINC000095580402,CCCN1CCC(COc2nc3c(F)cccc3c3ccccc23)CC1,6.42
ZINC000095573989,CCCN1CCC(COc2nc3c(I)cccc3c3ccccc23)CC1,6.82
ZINC000084723103,O=C(CCCN1CCC(c2ccccc2)CC1)c1nc2ccccc2s1,6.37
ZINC000028571703,O=S(=O)(c1ccccc1)C1(CCCN2CCc3ccccc3C2)CCC1,8.1
ZINC000084670849,O=C(CCCN1CCN(c2ncccn2)CC1)c1nc2ccccc2s1,5.61
ZINC000073200411,Clc1ccc(N2CCCN(CCCc3nc4ccccc4s3)CC2)cc1,5.69
ZINC000084724332,Clc1ccc(N2CCN(CCCCc3nc4ccccc4s3)CC2)cc1,6.48
ZINC000005800028,O=c1oc2ccccc2n1CCCCN1CCN(c2ccccc2)CC1,7.58
ZINC000000978671,Cc1ccc(S(=O)(=O)N/N=C2\CCCc3c2[nH]c2ccc(Cl)cc32)cc1,5.38
ZINC000013819777,CC1CCN(CC[C@H]2CCCN2S(=O)(=O)c2ccc3cc[nH]c3c2)CC1,8.62
ZINC000028866129,O=C1Cc2ccccc2N1CCCCN1CCN(c2ccccc2)CC1,7.13
ZINC000095579150,CCCN1CCC(COc2nc3c(F)cccc3c3ncccc23)CC1,5.71
ZINC000095577628,CCCN1CCC(COc2nc3c(I)cccc3c3ncccc23)CC1,5.99
ZINC000299828972,O=c1sc2ccccc2n1CCCCN1CCN(c2ccccc2)CC1,7.44
ZINC000014753984,COc1ccccc1N1CCN(CCCn2c(=O)[nH]c3ccccc32)CC1,8.47
ZINC000146793951,O=S(=O)(NCCCN1CCN(c2nsc3ccccc23)CC1)c1cccs1,7.64
ZINC000040407726,O=c1[nH]c2ccccc2n1CCCCCN1CCN(c2ccccc2)CC1,8.22
ZINC000169352071,O=S(=O)(NCCCN1CCN(c2noc3ccccc23)CC1)c1cccs1,7.03
ZINC000095574636,CCCN1CCC(COc2nc3c(OC)cccc3c3ccccc23)CC1,5.46
ZINC000072437176,O=S(=O)(NCCCN1CCc2ccccc2C1)c1ccc2ccccc2c1,7.1
ZINC000013531258,CC1CCN(CC[C@H]2CCCN2S(=O)(=O)c2cccc3ccccc23)CC1,8.0
ZINC000299833770,O=C1Cc2ccccc2N1CCCCCCCN1CCc2ccccc2C1,7.44
ZINC000299824738,O=C1Cc2ccccc2N1CCCCCCCN1CC[C@H]2CCCC[C@@H]2C1,7.21
ZINC000096910221,COc1ccccc1N1CCN(Cc2ccccc2-c2ccccc2)CC1,6.36
ZINC000084725875,OC1(c2ccc(Cl)cc2)CCN(CCCCc2nc3ccccc3s2)CC1,6.01
ZINC000084706624,O=C(CCCCN1CCC(c2ccccc2)CC1)c1nc2ccccc2s1,6.97
ZINC000045357278,CCCN(CCC)[C@H]1CCc2c(cccc2-c2cccc3ccccc23)C1,9.52
ZINC000084714702,O=C(CCCCN1CCN(c2ncccn2)CC1)c1nc2ccccc2s1,6.47
ZINC000073200409,Clc1ccc(N2CCCN(CCCCc3nc4ccccc4s3)CC2)cc1,6.38
ZINC000026717675,CC[C@@](C)(CO)CNC(=O)[C@@H]1C=C2c3cccc4[nH]cc(c34)C[C@H]2N(C)C1,7.1
ZINC000299828163,O=c1oc2ccccc2n1CCCCCN1CCN(c2ccccc2)CC1,7.24
ZINC000006716963,CN1CCC[C@@H]1Cc1c[nH]c2ccc(NS(=O)(=O)c3cccc(Cl)c3)cc12,7.62
ZINC000006716964,CN1CCC[C@@H]1Cc1c[nH]c2ccc(NS(=O)(=O)c3ccccc3Cl)cc12,7.13
ZINC000073169098,O=S(=O)(NCCCCN1CCc2sccc2C1)c1ccc2cccnc2c1,6.48
ZINC000095607884,O=S(=O)(Cc1ccccc1I)Nc1ccc2[nH]cc(C[C@H]3CCCN3)c2c1,6.48
ZINC000045495602,O=C1Cc2ccccc2N1CCCCCN1CCN(c2ccccc2)CC1,7.2
ZINC000040949677,O=C1c2ccccc2CN1CCCCCN1CCN(c2ccccc2)CC1,6.69
ZINC000022939914,CN1CCCN(CCn2ccc3ccc(OCc4ccccc4)cc32)CC1,6.74
ZINC000028112907,COc1ccccc1N1CCN(Cc2ccn(-c3ccccc3C)c2)CC1,8.37
ZINC000299825897,O=c1sc2ccccc2n1CCCCN1CCN(c2cccc(Cl)c2)CC1,8.76
ZINC000019228902,OCCN1CCN(CCCN2c3ccccc3Sc3ccc(Cl)cc32)CC1,7.64
ZINC000299823477,O=c1sc2ccccc2n1CCCCN1CCN(c2ccc(Cl)cc2)CC1,7.33
ZINC000299824880,O=c1sc2ccccc2n1CCCCN1CCN(Cc2ccccc2)CC1,7.38
ZINC000299822573,Cc1ccccc1N1CCN(CCCCn2c(=O)sc3ccccc32)CC1,9.0
ZINC000299823175,O=c1sc2ccccc2n1CCCCCN1CCN(c2ccccc2)CC1,7.7
ZINC000084706553,O=C(CCCCN1CCN(c2ccccc2)CC1)c1nc2ccccc2s1,7.2
ZINC000027649036,COc1ccc(S(=O)(=O)N2CCc3ccc(I)cc32)cc1N1CCNCC1,9.5
ZINC000169339933,CC(=O)Nc1cccc(N(C)CCCN2CCN(c3ccccc3)CC2)c1,6.79
ZINC000169310354,NC(=O)[C@@H]1CCCN1C(=O)CCCCN1CCN(c2ccccc2O)CC1,5.73
ZINC000064548813,CCCCN1CCC(COC(=O)c2cc(Cl)c(NC)c3c2OCCO3)CC1,5.24
ZINC000095577354,CC(C)c1ccccc1OCCN1CCC(CNC(=O)c2cccs2)CC1,6.39
ZINC000095578395,Cc1ccccc1C(=O)NC1CCN(CCSc2cccc(Cl)c2Cl)CC1,6.09
ZINC000095580172,CSc1ccccc1OCCN1CCC(NS(=O)(=O)c2ccc(Cl)s2)CC1,7.77
ZINC000095576745,CC(C)c1ccccc1OCCN1CC[C@@H](NS(=O)(=O)c2ccc(Cl)s2)C1,8.22
ZINC000028363973,C[C@H](Nc1nc(N)nc(NCCc2ccc(F)cc2)n1)c1ccc(F)cc1,8.7
ZINC000034801069,COc1cccc(N2CCN(CCCCn3ncc(=O)n(C)c3=O)CC2)c1,6.48
ZINC000035907025,COc1ccccc1N1CCN(CCCCn2ncc(=O)n(C)c2=O)CC1,7.89
ZINC000073159855,NCCCN(CCCN1CCc2ccccc2C1)S(=O)(=O)c1ccccc1,6.47
ZINC000169339966,CN(CCCCCCN1CCN(c2ccccc2)CC1)c1cccc(O)c1,7.92
ZINC000027656681,COc1ccc(S(=O)(=O)Nc2cc(Cl)cc(Cl)c2Cl)cc1N1CCNCC1,8.7
ZINC000001493886,Cc1cccc(C#N)c1-c1cccc2c1-c1cccc3c1[C@@H](C2)N(C)CC3,9.0
ZINC000103265604,c1ccc(N2CCN(Cc3cn(-c4ccccn4)c4ccccc34)CC2)cc1,6.72
ZINC000003820936,O=S(=O)(c1cccc2ccccc12)c1n[nH]c2ccc(N3CCNCC3)cc12,5.81
ZINC000000538550,O=C1Cc2cc(CCN3CCN(c4nsc5ccccc45)CC3)c(Cl)cc2N1,8.22
ZINC000169339882,Oc1ccc2[nH]cc(CCN3CCN(c4cccc5ccccc45)CC3)c2c1,7.94
ZINC000169310359,NC(=O)[C@@H]1CCCN1C(=O)CCCCN1CCN(c2cccc(Cl)c2Cl)CC1,6.95
ZINC000169310355,NC(=O)[C@@H]1CCCN1C(=O)CCCCCN1CCN(c2ccccc2Cl)CC1,5.88
ZINC000169310356,NC(=O)[C@@H]1CCCN1C(=O)CCCCCN1CCN(c2ccccc2F)CC1,5.5
ZINC000169310357,NC(=O)[C@@H]1CCCN1C(=O)CCCCCN1CCN(c2cccc(Cl)c2)CC1,6.32
ZINC000169310344,CSc1ccccc1N1CCN(CCCCC(=O)N2CCC[C@H]2C(N)=O)CC1,6.79
ZINC000169339939,CN(CCCN1CCN(c2ccccc2)CC1)c1cccc(NS(C)(=O)=O)c1,7.4
ZINC000042966761,Cc1cccc(S(=O)(=O)NCCNC(=N)N2CCC(c3ccccc3)CC2)c1,6.79
ZINC000169310358,NC(=O)[C@@H]1CCCN1C(=O)CCCCCN1CCN(c2ccc(F)cc2)CC1,5.93
ZINC000169310349,COc1ccccc1N1CCN(CCCCC(=O)N2CCC[C@H]2C(N)=O)CC1,6.2
ZINC000095579598,O=C(NCC1CCN(CCOc2cc(Cl)ccc2Cl)CC1)c1cccc(F)c1,6.38
ZINC000095579495,CCOc1ccccc1C(=O)NC1CCN(CCOc2cccc(F)c2)CC1,5.62
ZINC000095573180,O=S(=O)(NCC1CCN(CCOc2cccc(F)c2)CC1)c1cccc(Cl)c1,5.66
ZINC000095576731,O=S(=O)(NCC1CCN(CCOc2cccc(F)c2)CC1)c1ccc(F)cc1,5.87
ZINC000028354480,C[C@H](Nc1nc(NCCOc2ccccc2)nc(N(C)C)n1)c1ccccc1,7.64
ZINC000028362524,C[C@H](Nc1nc(N)nc(NCCOc2ccc(F)cc2)n1)c1ccc(F)cc1,8.7
ZINC000073162535,NCCCN(CCCCN1CCc2ccccc2C1)S(=O)(=O)c1ccccc1,6.63
ZINC000028876249,O=C1CCCC(=O)N1CCCCN1CCN(c2cccc(C(F)(F)F)c2)CC1,7.68
ZINC000001530694,CCOc1ccccc1OCCN[C@H](C)Cc1ccc(OC)c(S(N)(=O)=O)c1,7.08
ZINC000040917855,COc1ccccc1N1CCN(CCCCn2c(=O)[nH]c3ccccc32)CC1,7.59
ZINC000114599389,Cc1cccc(S(=O)(=O)NCCN2CCN(c3nsc4ccccc34)CC2)c1,8.42
ZINC000114601251,O=S(=O)(NCCCCN1CCN(c2nsc3ccccc23)CC1)c1cccs1,8.49
ZINC000299869874,O=c1c2ccccc2ncn1CCCCCN1CCN(c2ccccc2)CC1,6.51
ZINC000040916551,O=c1[nH]c2ccccc2n1CCCCCCN1CCN(c2ccccc2)CC1,7.7
ZINC000028137744,COc1ccccc1N1CCN(Cc2ccn(-c3ccccc3C#N)c2)CC1,8.27
ZINC000040918561,O=c1[nH]c2ccccc2n1CCCCCN1CCN(c2cccc(Cl)c2)CC1,7.96
ZINC000013839367,O=c1c2ccccc2ncn1CCCCN1CCN(c2cccc(Cl)c2)CC1,6.3
ZINC000040918142,O=c1[nH]c2ccccc2n1CCCCCN1CCN(c2ccc(Cl)cc2)CC1,8.15
ZINC000114600913,O=S(=O)(NCCCCN1CCN(c2noc3ccccc23)CC1)c1cccs1,7.17
ZINC000040939018,NCCC(=O)Nc1cccc2c1cnn2S(=O)(=O)c1cccc2ccccc12,5.29
ZINC000004193543,Cc1ccc(Nc2c(S(=O)(=O)c3ccccc3)cnc3ccc(Cl)cc23)cc1,5.02
ZINC000035816379,O=S(=O)(NCCCCN1CCc2ccccc2C1)c1cccc2ccccc12,6.53
ZINC000035932284,O=S(=O)(NCCCCN1CCc2ccccc2C1)c1ccc2ccccc2c1,7.19
ZINC000096910029,COc1ccccc1N1CCN(Cc2ccccc2-c2ccccc2C)CC1,6.51
ZINC000096910027,COc1ccccc1N1CCN(Cc2ccccc2-c2cccc(Cl)c2)CC1,6.66
ZINC000096910028,COc1ccccc1N1CCN(Cc2ccccc2-c2ccc(Cl)cc2)CC1,6.7
ZINC000096910026,COc1ccccc1N1CCN(Cc2ccccc2-c2ccccc2Cl)CC1,6.53
ZINC000096910025,COc1ccccc1N1CCN(Cc2ccccc2-c2ccccc2F)CC1,6.18
ZINC000028866146,COc1ccccc1N1CCN(CCCCN2C(=O)Cc3ccccc32)CC1,7.49
ZINC000028866180,COc1ccccc1N1CCN(CCCCN2Cc3ccccc3C2=O)CC1,6.8
ZINC000299822770,O=c1oc2ccccc2n1CCCCCCN1CCN(c2ccccc2)CC1,7.85
ZINC000299828986,COc1ccccc1N1CCN(CCCCn2c(=O)sc3ccccc32)CC1,8.11
ZINC000073162233,O=S(=O)(NCCCCN1CCc2ccccc2C1)c1cccc2cccnc12,7.06
ZINC000073165004,O=S(=O)(NCCCCN1CCc2ccccc2C1)c1cnc2ccccc2c1,6.64
ZINC000073157672,O=S(=O)(NCCCCN1CCc2ccccc2C1)c1ccc2ncccc2c1,6.65
ZINC000169339912,CN(CCCN1CCN(c2ccc3ccccc3c2)CC1)c1cccc(O)c1,6.36
ZINC000169339910,CN(CCCN1CCN(c2cccc3ccccc23)CC1)c1cccc(O)c1,8.54
ZINC000082151621,O=C(CCCN1CCCN(c2ccc(Cl)cc2)CC1)c1nc2ccccc2s1,6.45
ZINC000084714700,O=C(CCCCN1CCN(c2ccc(Cl)cc2)CC1)c1nc2ccccc2s1,5.54
ZINC000299823222,O=c1sc2ccccc2n1CCCCCCN1CCN(c2ccccc2)CC1,8.53
ZINC000071281365,N#Cc1ccc(N2CCC(NCCC(=O)c3csc4ccccc34)CC2)cc1,5.14
ZINC000005798524,COc1ccccc1N1CCN(CCCCn2c(=O)oc3ccccc32)CC1,7.99
ZINC000114601497,O=S(=O)(NCCCN1CCC(c2noc3cc(F)ccc23)CC1)c1cccs1,9.05
ZINC000040917856,COc1ccccc1N1CCN(CCCCCn2c(=O)[nH]c3ccccc32)CC1,7.42
ZINC000114600397,Cc1cccc(S(=O)(=O)NCCCN2CCN(c3nsc4ccccc34)CC2)c1,8.77
ZINC000299858863,O=c1c2ccccc2ncn1CCCCCN1CCN(Cc2ccccc2)CC1,5.97
ZINC000095553217,O=C(C1CCCCC1)N(CCN1CCN(c2ccccc2)CC1)c1ccccn1,6.7
ZINC000013979445,CC(=O)Nc1cccc(CCN2CCN(c3cccc4nc(C)ccc34)CC2)c1,7.2
ZINC000299864584,O=c1c2ccccc2ncn1CCCCCN1CCN(c2cccc(Cl)c2)CC1,7.45
ZINC000299871962,Cc1sc2ncn(CCCCCN3CCN(c4ccccc4)CC3)c(=O)c2c1C,6.84
ZINC000299861290,O=c1c2ccccc2ncn1CCCCCN1CCN(c2ccc(Cl)cc2)CC1,7.89
ZINC000169352067,Cc1cccc(S(=O)(=O)NCCCN2CCN(c3noc4ccccc34)CC2)c1,8.0
ZINC000096910024,FC(F)(F)c1cccc(N2CCN(Cc3ccccc3-c3ccccc3)CC2)c1,5.78
ZINC000096910016,COc1ccc(N2CCN(Cc3ccccc3-c3ccccc3)CC2)cc1OC,5.73
ZINC000096910030,COc1ccccc1-c1ccccc1CN1CCN(c2ccccc2OC)CC1,7.37
ZINC000096910031,COc1cccc(-c2ccccc2CN2CCN(c3ccccc3OC)CC2)c1,7.11
ZINC000096903298,COc1ccc(-c2ccccc2CN2CCN(c3ccccc3OC)CC2)cc1,7.34
ZINC000095575565,O=C(NC1CCN(CCOc2ccccc2-c2ccccc2)CC1)c1cccs1,6.56
ZINC000073157779,COc1cccc2c1CCN(CCCNS(=O)(=O)c1cccc3ccccc13)C2,6.44
ZINC000169310361,NC(=O)[C@@H]1CCCN1C(=O)CCCCN1CCN(c2noc3ccccc23)CC1,6.97
ZINC000042891134,COc1ccccc1N1CCN(CCCCCN2C(=O)Cc3ccccc32)CC1,7.2
ZINC000299829002,O=c1oc2ccccc2n1CCCCCCCN1CCN(c2ccccc2)CC1,7.34
ZINC000299825781,COc1ccccc1N1CCN(CCCCCn2c(=O)sc3ccccc32)CC1,8.29
ZINC000095553913,O=C(C1CCCCC1)N(CCN1CC=C(c2ccccc2)CC1)c1ccccn1,7.22
ZINC000169339950,Oc1cccc(N(CCCN2CCN(c3ccccc3)CC2)c2ccccc2)c1,7.05
ZINC000082151618,O=C(CCCCN1CCCN(c2ccc(Cl)cc2)CC1)c1nc2ccccc2s1,5.55
ZINC000299822662,O=c1sc2ccccc2n1CCCCCCCN1CCN(c2ccccc2)CC1,8.12
ZINC000001537496,COc1ccccc1N1CCN(CCCCN2C(=O)c3ccccc3C2=O)CC1,9.22
ZINC000299825850,COc1ccccc1N1CCN(CCCCCn2c(=O)oc3ccccc32)CC1,8.23
ZINC000020381069,NC(=O)C1CCN(c2c(S(=O)(=O)c3ccccc3)cnc3ccc(Cl)cc23)CC1,5.46
ZINC000114599667,Cc1cccc(S(=O)(=O)NCCN2CCC(c3noc4cc(F)ccc34)CC2)c1,8.96
ZINC000000537877,O=C(c1ccc(F)cc1)C1CCN(CCn2c(=O)[nH]c3ccccc3c2=O)CC1,5.87
ZINC000001489208,COc1ccc(NS(=O)(=O)c2sc3ccc(Cl)cc3c2C)cc1N1CCNCC1,6.59
ZINC000114599223,O=S(=O)(NCCCCN1CCC(c2noc3cc(F)ccc23)CC1)c1cccs1,8.2
ZINC000003820933,CN1CCN(c2ccc3[nH]nc(S(=O)(=O)c4cccc5ccccc45)c3c2)CC1,6.24
ZINC000001902852,O=C1Nc2cccc3c2[C@]1(CCCCN1CC=C(c2ccccc2)CC1)CCC3,8.7
ZINC000005967023,CN1C[C@H](CNC(=O)OCc2ccccc2)C[C@@H]2c3cccc4[nH]cc(c34)C[C@H]21,8.19
ZINC000169339885,Cc1[nH]c2ccc(O)cc2c1CCN1CCN(c2cccc3ccccc23)CC1,7.89
ZINC000169310360,NC(=O)[C@@H]1CCCN1C(=O)CCCCCN1CCN(c2cccc(Cl)c2Cl)CC1,6.75
ZINC000299865632,NC(=O)c1ccccc1NC(=O)CCCCN1CCN(c2cccc(Cl)c2)CC1,6.77
ZINC000169310345,CSc1ccccc1N1CCN(CCCCCC(=O)N2CCC[C@H]2C(N)=O)CC1,6.82
ZINC000043069367,Cc1cccc(S(=O)(=O)NCCCNC(=N)N2CCC(c3ccccc3)CC2)c1,6.56
ZINC000169310352,COc1ccccc1N1CCN(CCCCCC(=O)N2CCC[C@H]2C(N)=O)CC1,5.92
ZINC000095577292,CC(C)(C)c1ccccc1OCCN1CCC(NC(=O)c2cccc(F)c2)CC1,5.78
ZINC000095574384,CC(C)c1ccccc1OCCN1CCC(NS(=O)(=O)c2ccc(F)cc2)CC1,9.52
ZINC000095579506,CSc1ccccc1OCCN1CCC(CNS(=O)(=O)c2cccc(Cl)c2)CC1,7.11
ZINC000040918122,COc1c(OCCF)cccc1C(=O)C1CCN(CCc2ccc(F)cc2)CC1,6.68
ZINC000029128987,COc1c(OCCF)cccc1[C@H](O)C1CCN(CCc2ccc(F)cc2)CC1,7.23
ZINC000040950365,COc1c(OCCF)cccc1C(=O)C1CCN(CCc2ccc(C)cc2)CC1,6.14
ZINC000096282452,Cn1c(=O)cnn(CCCCN2CCN(c3ccccc3OCCF)CC2)c1=O,7.76
ZINC000004364558,COc1ccccc1N1CCN(CCCCNS(=O)(=O)c2ccc(C)cc2)CC1,7.52
ZINC000169310346,CSc1ccccc1N1CCN(CCCCCCC(=O)N2CCC[C@H]2C(N)=O)CC1,6.31
ZINC000043023532,Cc1cccc(S(=O)(=O)NCCCCNC(=N)N2CCC(c3ccccc3)CC2)c1,6.82
ZINC000095575622,Cc1ccccc1C(=O)NCC1CCN(CCOc2ccccc2C(C)(C)C)CC1,5.82
ZINC000095578419,CCOc1ccccc1C(=O)NC1CCN(CCOc2ccccc2C(C)C)CC1,6.51
ZINC000095576816,CC(C)c1ccccc1OCCN1CCC(CNS(=O)(=O)c2cccc(Cl)c2)CC1,7.34
ZINC000095577293,CC(C)c1ccccc1OCCN1CCC(CNS(=O)(=O)c2ccc(F)cc2)CC1,7.22
ZINC000095580145,CCOc1ccccc1C(=O)NCC1CCN(CCOc2ccccc2SC)CC1,5.93
ZINC000045496204,COc1ccc(CCN2CCC(C(=O)c3cccc(OCCF)c3OC)CC2)cc1,5.54
ZINC000013678549,CC1(C)CC(=O)N(CCCCN2CCN(c3cccc(C(F)(F)F)c3)CC2)C(=O)C1,7.34
ZINC000013584483,CCN(CCCN1CCN(c2ccccc2OC)CC1)S(=O)(=O)c1ccc(C)cc1,7.72
ZINC000040918132,O=c1n(CCN2CCN(c3ccccc3)CC2)c2ccccc2n1-c1ccccc1,5.91
ZINC000071282417,O=C(CCN1CCCN(c2cnc3ccccc3n2)CC1)c1csc2ccccc12,5.02
ZINC000066252315,Cc1ccc2c(N3CCN(CCc4cccc(-n5cccn5)c4)CC3)cccc2n1,6.9
ZINC000042891527,O=C1Cc2ccccc2N1CCCCCN1CCN(c2cccc3[nH]cnc23)CC1,7.17
ZINC000003812975,CN1C[C@H](CNC(=O)OCc2ccccc2)C[C@@H]2c3cccc4c3c(cn4C)C[C@H]21,8.2
ZINC000169339887,CCc1[nH]c2ccc(O)cc2c1CCN1CCN(c2cccc3ccccc23)CC1,8.18
ZINC000013531179,O=C1c2cccc3cccc(c23)N1CCCCCN1CCN(c2ccccc2)CC1,7.1
ZINC000040951827,O=C1Cc2ccccc2N1C/C=C\CN1CCN(c2cccc3ccccc23)CC1,6.6
ZINC000040952097,O=C1Cc2ccccc2N1C/C=C/CN1CCN(c2cccc3ccccc23)CC1,7.16
ZINC000045495600,O=C1Cc2ccccc2N1CCCCN1CCN(c2cccc3ccccc23)CC1,7.66
ZINC000040402066,COc1ccccc1N1CCN(CCCCCCn2c(=O)[nH]c3ccccc32)CC1,7.11
ZINC000066259361,COC(=O)Nc1cccc(CCN2CCN(c3cccc4nc(C)ccc34)CC2)c1,7.6
ZINC000114603166,O=S(=O)(NCCCN1CCN(c2nsc3ccccc23)CC1)c1ccc(Cl)c(Cl)c1,7.7
ZINC000114600788,O=S(=O)(NCCCN1CCN(c2nsc3ccccc23)CC1)c1ccc(F)c(Cl)c1,8.02
ZINC000114602247,Cc1cccc(S(=O)(=O)NCCCCN2CCN(c3nsc4ccccc34)CC2)c1,8.8
ZINC000066252316,Cc1ccc2c(N3CCN(CCc4cccc(NS(C)(=O)=O)c4)CC3)cccc2n1,7.0
ZINC000299858959,Cc1sc2ncn(CCCCCN3CCN(c4cccc(Cl)c4)CC3)c(=O)c2c1C,7.05
ZINC000299860632,Cc1sc2ncn(CCCCCN3CCN(c4ccc(Cl)cc4)CC3)c(=O)c2c1C,6.67
ZINC000299869034,Cc1sc2ncn(CCCCCN3CCN(Cc4ccccc4)CC3)c(=O)c2c1C,5.78
ZINC000095574514,COc1ccc(S(=O)(=O)n2cc(C)c3cc(Cl)cnc32)cc1NC1CCN(C)CC1,5.71
ZINC000114602970,Cc1cccc(S(=O)(=O)NCCCCN2CCN(c3noc4ccccc34)CC2)c1,8.96
ZINC000114603417,O=S(=O)(NCCCN1CCN(c2noc3ccccc23)CC1)c1ccc(Cl)c(Cl)c1,7.47
ZINC000114601209,O=S(=O)(NCCCN1CCN(c2noc3ccccc23)CC1)c1ccc(F)c(Cl)c1,8.0
ZINC000095576110,Cc1ccccc1C(=O)NCC1CCN(CCOc2cccc3c2CCCC3)CC1,6.39
ZINC000169339959,CN(CCCN1CCC(c2ccccc2)(c2ccccc2)CC1)c1cccc(O)c1,6.62
ZINC000095573164,O=S(=O)(N[C@H]1CCN(CCOc2ccccc2-c2ccccc2)C1)c1ccc(Cl)s1,7.92
ZINC000095576157,O=S(=O)(N[C@@H]1CCN(CCOc2ccccc2-c2ccccc2)C1)c1ccc(Cl)s1,8.4
ZINC000169310362,NC(=O)[C@@H]1CCCN1C(=O)CCCCCN1CCN(c2noc3ccccc23)CC1,7.3
ZINC000095572599,O=C(NC1CCN(CCOc2cc(Cl)ccc2Cl)CC1)c1ccc2ccccc2n1,6.06
ZINC000299823476,COc1ccccc1N1CCN(CCCCCCn2c(=O)sc3ccccc32)CC1,8.54
ZINC000028876254,O=C1CCCC(=O)N1C1CCC(N2CCN(c3cccc(C(F)(F)F)c3)CC2)CC1,5.92
ZINC000169339952,Oc1cccc(N(CCCN2CCN(c3ccccc3)CC2)Cc2ccccc2)c1,7.03
ZINC000299822620,COc1ccccc1N1CCN(CCCCCCn2c(=O)oc3ccccc32)CC1,7.93
ZINC000095573404,COc1ccc(S(=O)(=O)n2cc(C)c3cc(Cl)ccc32)cc1NC1CCN(C)CC1,5.2
ZINC000114602240,Cc1cccc(S(=O)(=O)NCCCN2CCC(c3noc4cc(F)ccc34)CC2)c1,9.22
ZINC000071294537,O=C(CCNC1CCN(c2ccc([N+](=O)[O-])cc2)CC1)c1csc2ccc(F)cc12,5.32
ZINC000299861953,CCOc1ccccc1N1CCN(CCCCCn2cnc3ccccc3c2=O)CC1,8.16
ZINC000052541473,COc1ccccc1N1CCN(CCN(C(=O)C2CCCCC2)c2ccccn2)CC1,5.0
ZINC000114599386,O=S(=O)(NCCCCN1CCN(c2nsc3ccccc23)CC1)c1ccc(Cl)c(Cl)c1,8.16
ZINC000114600627,O=S(=O)(NCCCCN1CCN(c2nsc3ccccc23)CC1)c1ccc(F)c(Cl)c1,8.28
ZINC000169310347,CSc1ccccc1N1CCN(Cc2ccc(C(=O)N3CCC[C@H]3C(N)=O)cc2)CC1,6.25
ZINC000043076608,N=C(NCCCCNS(=O)(=O)c1cccc2ccccc12)N1CCc2ccccc2C1,6.7
ZINC000095597478,O=S(=O)(NCCCN1CCN(c2cccc(Cl)c2Cl)CC1)c1ccc2ncccc2c1,7.51
ZINC000095594166,O=S(=O)(NCCCN1CCN(c2cccc(Cl)c2Cl)CC1)c1ccc2cccnc2c1,7.92
ZINC000169310353,COc1ccccc1N1CCN(Cc2ccc(C(=O)N3CCC[C@H]3C(N)=O)cc2)CC1,5.38
ZINC000073163482,COc1ccccc1N1CCN(CCCNS(=O)(=O)c2ccc3ncccc3c2)CC1,6.81
ZINC000073163488,COc1ccccc1N1CCN(CCCNS(=O)(=O)c2cccc3cccnc23)CC1,7.05
ZINC000114601448,O=S(=O)(NCCCCN1CCN(c2noc3ccccc23)CC1)c1ccc(Cl)c(Cl)c1,9.15
ZINC000114601273,O=S(=O)(NCCCCN1CCN(c2noc3ccccc23)CC1)c1ccc(F)c(Cl)c1,10.0
ZINC000095573189,O=C(NC1CCN(CCOc2ccccc2-c2ccccc2)CC1)c1cccc(F)c1,6.41
ZINC000095576734,O=S(=O)(N[C@@H]1CCN(CCOc2ccccc2-c2ccccc2)C1)c1ccc(F)cc1,8.7
ZINC000000590474,CN(C)CCc1cccc2c1cc(C(=O)c1ccccc1)n2S(=O)(=O)c1ccccc1,5.89
ZINC000095573741,O=S(=O)(NC1CCN(CCOc2ccccc2-c2ccccc2)CC1)c1ccc(Cl)s1,7.92
ZINC000028526326,COc1ccc(NC(=O)N2CCN(c3ccccc3Cl)CC2)cc1N1CCN(C)CC1,6.47
ZINC000066262490,CCNC(=O)Nc1cccc(CCN2CCN(c3cccc4nc(C)ccc34)CC2)c1,7.4
ZINC000169310363,NC(=O)[C@@H]1CCCN1C(=O)CCCCCCN1CCN(c2noc3ccccc23)CC1,7.0
ZINC000299826935,COc1ccccc1N1CCN(CCCCCCCn2c(=O)sc3ccccc32)CC1,8.07
ZINC000028876259,O=C1C2=C(CCCC2)C(=O)N1CCCCN1CCN(c2cccc(C(F)(F)F)c2)CC1,6.87
ZINC000169339960,CN(CCCN1CCC(N(c2ccccc2)c2ccccc2)CC1)c1cccc(O)c1,6.51
ZINC000299822668,COc1ccccc1N1CCN(CCCCCCCn2c(=O)oc3ccccc32)CC1,8.11
ZINC000028124330,COC(=O)c1cccc(C)c1-n1ccc(CN2CCN(c3ccccc3OC)CC2)c1,7.74
ZINC000114602124,O=S(=O)(NCCCN1CCC(c2noc3cc(F)ccc23)CC1)c1ccc(Cl)c(Cl)c1,8.92
ZINC000114601275,O=S(=O)(NCCCN1CCC(c2noc3cc(F)ccc23)CC1)c1ccc(F)c(Cl)c1,9.05
ZINC000114603609,Cc1cccc(S(=O)(=O)NCCCCN2CCC(c3noc4cc(F)ccc34)CC2)c1,8.82
ZINC000012068667,COc1ccccc1N1CCN(CCCNS(=O)(=O)c2ccc3ccccc3c2)CC1,7.7
ZINC000299871598,CC(C)c1ccccc1N1CCN(CCCCCCC(=O)N2CCC[C@H]2C(N)=O)CC1,6.94
ZINC000003963096,CC(=O)Nc1cccc(N2CCN(CCCCNS(=O)(=O)CC3CCCCC3)CC2)c1,6.15
ZINC000040422912,COc1c(OCCF)cccc1C(=O)C1CCN(CCc2ccc([N+](=O)[O-])cc2)CC1,5.2
ZINC000066258692,Cc1ccc2c(N3CCN(CCc4cccc(N5CCOC5=O)c4)CC3)cccc2n1,6.3
ZINC000114601243,O=S(=O)(NCCN1CCN(c2nsc3ccccc23)CC1)c1ccc2ccccc2c1,8.82
ZINC000114599775,O=S(=O)(NCCCN1CCN(c2nsc3ccccc23)CC1)c1cc2ccccc2s1,7.89
ZINC000040917901,Cc1ccccc1-n1c(=O)n(CCN2CCN(c3ccccc3)CC2)c2ccccc21,6.04
ZINC000053174581,Cc1ccccc1N1CCN(CCn2c(=O)n(-c3ccccc3)c3ccccc32)CC1,5.73
ZINC000096284476,COc1cc2nc(C3CC3)nc(N3CCN(c4ccccc4OC)CC3)c2cc1OC,6.03
ZINC000169352074,O=S(=O)(NCCCN1CCN(c2noc3ccccc23)CC1)c1cc2ccccc2s1,6.82
ZINC000040943355,O=C(Nc1ccc2cnn(S(=O)(=O)c3cccc4ccccc34)c2c1)C1CCNCC1,5.16
ZINC000114599692,O=S(=O)(NCCCN1CCN(c2nsc3ccccc23)CC1)c1cnc2ccccn12,8.2
ZINC000114599221,O=S(=O)(NCCCN1CCN(c2nsc3ccccc23)CC1)c1cccc2scnc12,8.7
ZINC000034451922,Cc1ccc2c(N3CCN(CCc4cccc(N5CCNC5=O)c4)CC3)cccc2n1,6.8
ZINC000114600449,O=S(=O)(NCCCN1CCN(c2noc3ccccc23)CC1)c1cccc2scnc12,7.39
ZINC000040980531,O=C1Cc2ccccc2N1CCCCCN1CCN(c2cccc3ccccc23)CC1,7.16
ZINC000040406827,COc1cccc(-n2c(=O)n(CCN3CCN(c4ccccc4)CC3)c3ccccc32)c1,6.06
ZINC000095615568,COc1ccc(-n2c(=O)n(CCN3CCN(c4ccccc4)CC3)c3ccccc32)cc1,6.25
ZINC000114600444,O=S(=O)(NCCCN1CCN(c2nsc3ccccc23)CC1)c1cc2ccc(Cl)cc2s1,7.27
ZINC000084670850,O=C(CCCCN1CCC(n2c(=O)[nH]c3cc(Cl)ccc32)CC1)c1nc2ccccc2s1,6.9
ZINC000114599371,O=S(=O)(NCCCN1CCN(c2nsc3ccccc23)CC1)c1ccc2ccccc2c1,8.82
ZINC000084713688,O=C(CCCCN1CCC2(CC1)C(=O)NCN2c1ccccc1)c1nc2ccccc2s1,6.29
ZINC000114600887,O=S(=O)(NCCCCN1CCN(c2nsc3ccccc23)CC1)c1cc2ccccc2s1,8.0
ZINC000114602028,O=S(=O)(NCCCCN1CCN(c2noc3ccccc23)CC1)c1cc2ccccc2s1,6.74
ZINC000114602147,O=S(=O)(NCCCN1CCN(c2noc3ccccc23)CC1)c1ccc2ccccc2c1,6.92
ZINC000169352075,O=S(=O)(NCCCN1CCN(c2noc3ccccc23)CC1)c1cc2ccc(Cl)cc2s1,6.05
ZINC000114602963,O=S(=O)(NCCCN1CCC(c2noc3cc(F)ccc23)CC1)c1cccc2scnc12,8.89
ZINC000114602570,O=S(=O)(NCCCCN1CCN(c2nsc3ccccc23)CC1)c1cnc2ccccn12,8.39
ZINC000114599943,O=S(=O)(NCCCCN1CCN(c2noc3ccccc23)CC1)c1cnc2ccccn12,8.23
ZINC000114602262,O=S(=O)(NCCCCN1CCN(c2nsc3ccccc23)CC1)c1cccc2scnc12,8.47
ZINC000114600980,O=S(=O)(NCCCN1CCC(c2noc3cc(F)ccc23)CC1)c1cnc2ccccn12,8.49
ZINC000114601396,O=S(=O)(NCCCCN1CCN(c2noc3ccccc23)CC1)c1cccc2scnc12,7.24
ZINC000103265574,COc1ccccc1N1CCN(Cc2cn(-c3cccc(C)c3C)c3ccccc23)CC1,8.16
ZINC000114602899,O=S(=O)(NCCN1CCC(c2noc3cc(F)ccc23)CC1)c1cccc2ccccc12,8.89
ZINC000114601359,O=S(=O)(NCCN1CCC(c2noc3cc(F)ccc23)CC1)c1ccc2ccccc2c1,9.4
ZINC000114600138,O=S(=O)(NCCCN1CCC(c2noc3cc(F)ccc23)CC1)c1cc2ccccc2s1,8.39
ZINC000114600624,O=S(=O)(NCCCN1CCC(c2noc3cc(F)ccc23)CC1)c1csc2ccccc12,9.05
ZINC000001493878,CNC(=O)c1cc(Oc2ccc(NC(=O)Nc3ccc(Cl)c(C(F)(F)F)c3)cc2)ccn1,5.15
ZINC000043019876,COc1ccccc1N1CCN(C(=N)NCCCCNS(=O)(=O)c2ccc(C)cc2)CC1,6.85
ZINC000095595382,O=S(=O)(NCCCN1CCN(c2cccc(Cl)c2Cl)CC1)c1cnc2ccc(Cl)cc2c1,7.34
ZINC000299872100,CCOc1ccccc1N1CCN(CCCCCn2cnc3sc(C)c(C)c3c2=O)CC1,8.52
ZINC000169310381,NC(=O)[C@@H]1Cc2ccccc2CN1C(=O)CCCCN1CCN(c2ccc(Cl)cc2)CC1,6.65
ZINC000169310382,NC(=O)[C@@H]1Cc2ccccc2CN1C(=O)CCCCN1CCN(c2ccc(F)cc2)CC1,6.53
ZINC000095594558,O=S(=O)(NCCCCN1CCN(c2cccc(Cl)c2Cl)CC1)c1cnc2ccccc2c1,7.52
ZINC000095595607,O=S(=O)(NCCCCN1CCN(c2cccc(Cl)c2Cl)CC1)c1cccc2cccnc12,7.57
ZINC000095597084,O=S(=O)(NCCCCN1CCN(c2cccc(Cl)c2Cl)CC1)c1ccc2ncccc2c1,6.91
ZINC000095597904,O=S(=O)(NCCCCN1CCN(c2cccc(Cl)c2Cl)CC1)c1ccc2cccnc2c1,7.51
ZINC000095593162,O=S(=O)(NCCCCN1CCN(c2cccc(Cl)c2Cl)CC1)c1cncc2ccccc12,7.68
ZINC000095593131,O=S(=O)(NCCCCN1CCN(c2cccc(Cl)c2Cl)CC1)c1cc2ccccc2cn1,7.25
ZINC000073165000,COc1ccccc1N1CCN(CCCCNS(=O)(=O)c2cccc3cccnc23)CC1,7.26
ZINC000073163894,COc1ccccc1N1CCN(CCCCNS(=O)(=O)c2cnc3ccccc3c2)CC1,7.1
ZINC000073163484,COc1ccccc1N1CCN(CCCCNS(=O)(=O)c2ccc3ncccc3c2)CC1,6.88
ZINC000095572020,Cc1ccccc1C(=O)NCC1CCN(CCOc2cccc(-c3ccccc3)c2)CC1,5.57
ZINC000095577310,O=S(=O)(NCC1CCN(CCOc2ccccc2-c2ccccc2)CC1)c1ccc(Cl)s1,7.7
ZINC000000836545,COc1ccc(NC(=O)N2CCN(c3ccccc3OC)CC2)cc1N1CCN(C)CC1,5.85
ZINC000101100044,COc1cc2c(cc1OC)CN(/C=N/c1ccc3c(c1)N(C(=O)OC(C)(C)C)CC3)CC2,5.66
ZINC000207223797,COc1ccccc1N1CCN(CCC(=O)NCc2ccccc2-c2ccccc2)CC1,6.73
ZINC000013678537,CC1(C)CC(=O)N(C2CCC(N3CCN(c4cccc(C(F)(F)F)c4)CC3)CC2)C(=O)C1,6.66
ZINC000114601350,O=S(=O)(NCCCCN1CCC(c2noc3cc(F)ccc23)CC1)c1ccc(Cl)c(Cl)c1,8.29
ZINC000114600815,O=S(=O)(NCCCCN1CCC(c2noc3cc(F)ccc23)CC1)c1ccc(F)c(Cl)c1,8.36
ZINC000169339956,O=S(=O)(c1ccccc1)N(CCCN1CCN(c2ccccc2)CC1)c1cccc(O)c1,7.92
ZINC000040424180,Cc1ccc2c(OCCN3CCC(Cc4cccc(NS(C)(=O)=O)c4)CC3)cccc2n1,7.7
ZINC000071296654,O=C(N(CCN1CCN(c2ccccc2O)CC1)c1ccccn1)C12C3C4C1C1C2C3C41I,7.3
ZINC000169352068,O=S(=O)(NCCCN1CCN(c2noc3ccccc23)CC1)c1ccc(OC(F)(F)F)cc1,6.42
ZINC000095595446,O=S(=O)(NCCCCN1CCN(c2cccc(Cl)c2Cl)CC1)c1cnc2ccc(Cl)cc2c1,7.39
ZINC000169310379,NC(=O)[C@@H]1Cc2ccccc2CN1C(=O)CCCCCN1CCN(c2ccccc2Cl)CC1,6.41
ZINC000169310380,NC(=O)[C@@H]1Cc2ccccc2CN1C(=O)CCCCCN1CCN(c2cccc(Cl)c2)CC1,6.14
ZINC000169310365,CSc1ccccc1N1CCN(CCCCC(=O)N2Cc3ccccc3C[C@H]2C(N)=O)CC1,7.29
ZINC000169310383,NC(=O)[C@@H]1Cc2ccccc2CN1C(=O)CCCCCN1CCN(c2ccc(F)cc2)CC1,6.97
ZINC000169310376,NC(=O)[C@@H]1Cc2ccccc2CN1C(=O)CCCCCN1CCN(c2ccccc2O)CC1,6.32
ZINC000169310372,COc1ccccc1N1CCN(CCCCC(=O)N2Cc3ccccc3C[C@H]2C(N)=O)CC1,6.26
ZINC000073169865,CCN(CCCN1CCN(c2ccccc2OC)CC1)S(=O)(=O)c1ccc2ncccc2c1,7.54
ZINC000114602035,O=S(=O)(NCCCN1CCN(c2nsc3ccccc23)CC1)c1ccc(OC(F)(F)F)cc1,7.54
ZINC000095571965,O=S(=O)(NC1CCN(CCSc2ccccc2-c2ccccc2)CC1)c1ccc(F)c(F)c1,7.03
ZINC000095573204,CCOc1ccccc1C(=O)NC1CCN(CCSc2ccccc2-c2ccccc2)CC1,6.48
ZINC000095577833,O=S(=O)(NCC1CCN(CCOc2ccccc2-c2ccccc2)CC1)c1ccc(F)cc1,7.89
ZINC000095572632,O=S(=O)(NC1CCN(CCOc2ccccc2-c2ccccc2)CC1)c1ccc(F)c(F)c1,8.15
ZINC000207223857,COc1ccccc1N1CCN(CCCC(=O)NCc2ccccc2-c2ccccc2)CC1,7.19
ZINC000071280991,O=C(CCNC1CCN(c2ccc([N+](=O)[O-])cc2C(F)(F)F)CC1)c1csc2ccccc12,5.04
ZINC000028530466,CN1CCc2c(sc3ncn(CCN4CCN(c5cncc6ccccc56)CC4)c(=O)c23)C1,6.28
ZINC000028529901,CN1CCc2c(sc3ncn(CCN4CCN(c5ccnc6ccccc56)CC4)c(=O)c23)C1,8.35
ZINC000053194089,COc1cccc(-n2c(=O)n(CCN3CCN(c4ccccc4C)CC3)c3ccccc32)c1,5.6
ZINC000114603147,O=S(=O)(NCCCCN1CCN(c2nsc3ccccc23)CC1)c1cc2ccc(Cl)cc2s1,8.05
ZINC000114598564,Cc1c(S(=O)(=O)NCCCN2CCN(c3nsc4ccccc34)CC2)sc2ccc(F)cc12,7.6
ZINC000114602868,O=S(=O)(NCCCCN1CCN(c2nsc3ccccc23)CC1)c1ccc2ccccc2c1,8.74
ZINC000114599467,O=S(=O)(NCCCN1CCN(c2nsc3ccccc23)CC1)c1ccc2cc(Cl)ccc2c1,7.42
ZINC000114601473,O=S(=O)(NCCCN1CCN(c2noc3ccccc23)CC1)c1ccc2cc(Cl)ccc2c1,5.6
ZINC000114600768,O=S(=O)(NCCCCN1CCN(c2noc3ccccc23)CC1)c1ccc2ccccc2c1,9.1
ZINC000114599226,O=S(=O)(NCCCCN1CCN(c2noc3ccccc23)CC1)c1cc2ccc(Cl)cc2s1,8.29
ZINC000114600024,O=S(=O)(NCCCCN1CCC(c2noc3cc(F)ccc23)CC1)c1cccc2scnc12,7.89
ZINC000114599307,Cc1c(S(=O)(=O)NCCCN2CCN(c3noc4ccccc34)CC2)sc2ccc(F)cc12,6.7
ZINC000002685365,O=S(=O)(Nc1cc(Sc2cccc3cccnc23)c(O)c2ccccc12)c1ccc(F)cc1,5.33
ZINC000114601352,O=S(=O)(NCCCCN1CCC(c2noc3cc(F)ccc23)CC1)c1cnc2ccccn12,7.85
ZINC000095580219,Fc1cccc2c1nc(OCC1CCN(CCCc3ccc(I)cc3)CC1)c1cccnc12,6.82
ZINC000114601373,O=S(=O)(NCCCN1CCC(c2noc3cc(F)ccc23)CC1)c1cc2ccc(Cl)cc2s1,7.47
ZINC000003989384,O=S(=O)(c1ccc2cc[nH]c2c1)N1CCC[C@@H]1CCN1CCC(Oc2ccc(Cl)cc2)CC1,8.7
ZINC000114600835,O=S(=O)(NCCCN1CCC(c2noc3cc(F)ccc23)CC1)c1cccc2ccccc12,9.3
ZINC000114602895,O=S(=O)(NCCCN1CCC(c2noc3cc(F)ccc23)CC1)c1ccc2ccccc2c1,9.1
ZINC000114602679,O=S(=O)(NCCCCN1CCC(c2noc3cc(F)ccc23)CC1)c1cc2ccccc2s1,8.8
ZINC000114601203,O=S(=O)(NCCCCN1CCC(c2noc3cc(F)ccc23)CC1)c1csc2ccccc12,8.37
ZINC000299862944,Cn1c(=O)c2c(nc3n(CCCCN4CCN(c5ccccc5O)CC4)ccn23)n(C)c1=O,5.87
ZINC000095576172,COc1ccc(OC)c(S(=O)(=O)NCC2CCN(CCOc3ccccc3C(C)C)CC2)c1,7.57
ZINC000114599253,Cc1c(S(=O)(=O)NCCCCN2CCN(c3nsc4ccccc34)CC2)sc2ccc(F)cc12,8.34
ZINC000073137993,COc1ccccc1N1CCN(CCN(C(=O)C23CCC(CF)(CC2)C3)c2ccccn2)CC1,7.01
ZINC000114600541,O=S(=O)(NCCCCN1CCN(c2nsc3ccccc23)CC1)c1ccc2cc(Cl)ccc2c1,7.48
ZINC000066259961,Cc1ccc2c(N3CCN(CCc4cccc(NC(=O)c5ccccc5)c4)CC3)cccc2n1,7.1
ZINC000040917233,COc1ccc(-n2c(=O)n(CCN3CCN(c4ccccc4OC)CC3)c3ccccc32)cc1,6.53
ZINC000114599682,O=S(=O)(NCCCCN1CCN(c2noc3ccccc23)CC1)c1ccc2cc(Cl)ccc2c1,8.17
ZINC000114599869,Cc1c(S(=O)(=O)NCCCCN2CCN(c3noc4ccccc34)CC2)sc2ccc(F)cc12,8.59
ZINC000066258742,Cc1ccc2c(N3CCN(CCc4cccc(NC(=O)c5cnccn5)c4)CC3)cccc2n1,6.7
ZINC000169310388,NC(=O)[C@@H]1Cc2ccccc2CN1C(=O)CCCCN1CCN(c2noc3ccccc23)CC1,7.74
ZINC000095573777,O=C(NC1CCN(CCSc2ccccc2-c2ccccc2)CC1)c1ccc2ccccc2n1,6.06
ZINC000000538314,Cc1nc2sccn2c(=O)c1CCN1CCC(=C(c2ccc(F)cc2)c2ccc(F)cc2)CC1,7.82
ZINC000114599672,O=S(=O)(NCCCCN1CCC(c2noc3cc(F)ccc23)CC1)c1cc2ccc(Cl)cc2s1,8.89
ZINC000114599457,Cc1c(S(=O)(=O)NCCCN2CCC(c3noc4cc(F)ccc34)CC2)sc2ccc(F)cc12,8.0
ZINC000114600087,O=S(=O)(NCCCCN1CCC(c2noc3cc(F)ccc23)CC1)c1cccc2ccccc12,9.1
ZINC000114599884,O=S(=O)(NCCCCN1CCC(c2noc3cc(F)ccc23)CC1)c1ccc2ccccc2c1,8.85
ZINC000040424920,Cc1ccc2c(OCCN3CCC(Cc4cccc(N5CCCS5(=O)=O)c4)CC3)cccc2n1,7.8
ZINC000114600477,O=S(=O)(NCCCN1CCC(c2noc3cc(F)ccc23)CC1)c1ccc2cc(Cl)ccc2c1,7.74
ZINC000299859904,Cn1c(=O)c2c(nc3n(CCCCCN4CCN(c5ccc(Cl)cc5)CC4)ccn23)n(C)c1=O,5.44
ZINC000299860329,Cc1cn2c3c(=O)n(C)c(=O)n(C)c3nc2n1CCCCN1CCN(c2ccc(Cl)cc2)CC1,6.44
ZINC000299867607,Cc1cn2c3c(=O)n(C)c(=O)n(C)c3nc2n1CCCCN1CCN(c2ccccc2O)CC1,6.29
ZINC000299857931,Cn1c(=O)c2c(nc3n(CCCCCN4CCN(c5ccccc5O)CC4)ccn23)n(C)c1=O,6.64
ZINC000071318667,COc1ccccc1N1CCN(CCN(C(=O)C23C4C5C2C2C3C4C52I)c2ccccn2)CC1,6.79
ZINC000146794140,O=S(=O)(NCCCCN1CCN(c2noc3ccccc23)CC1)c1ccc(OC(F)(F)F)cc1,6.57
ZINC000299864574,NC(=O)[C@@H]1CCCN1C(=O)CCCCCCN1CCN(c2ccccc2-c2ccccc2)CC1,7.74
ZINC000299868888,CC(C)c1ccccc1N1CCN(CCCCC(=O)N2Cc3ccccc3C[C@H]2C(N)=O)CC1,7.52
ZINC000169310384,NC(=O)[C@@H]1Cc2ccccc2CN1C(=O)CCCCCN1CCN(c2cccc(Cl)c2Cl)CC1,7.02
ZINC000169310366,CSc1ccccc1N1CCN(CCCCCC(=O)N2Cc3ccccc3C[C@H]2C(N)=O)CC1,7.11
ZINC000169310374,COc1ccccc1N1CCN(CCCCCC(=O)N2Cc3ccccc3C[C@H]2C(N)=O)CC1,6.52
ZINC000073169512,CCN(CCCCN1CCN(c2ccccc2OC)CC1)S(=O)(=O)c1ccc2ncccc2c1,7.39
ZINC000073169515,CCN(CCCCN1CCN(c2ccccc2OC)CC1)S(=O)(=O)c1cccc2cccnc12,7.43
ZINC000073169863,CCN(CCCCN1CCN(c2ccccc2OC)CC1)S(=O)(=O)c1cnc2ccccc2c1,7.42
ZINC000114599351,O=S(=O)(NCCCCN1CCN(c2nsc3ccccc23)CC1)c1ccc(OC(F)(F)F)cc1,7.72
ZINC000028652702,CCOc1nc2c(c(=O)n(C)c(=O)n2C)n1CCCCN1CCN(c2ccccc2OC)CC1,7.27
ZINC000103270747,O=C(CCCCCN1CCN(c2cccnc2-c2ccncc2)CC1)NCc1ccc(F)nc1,7.18
ZINC000103270742,O=C(CCCCCN1CCN(c2ncccc2-c2ccncc2)CC1)NCc1ccc(F)nc1,7.15
ZINC000043023679,COc1ccccc1N1CCN(C(=N)NCCCNS(=O)(=O)c2cccc3ccccc23)CC1,6.71
ZINC000114599901,O=S(=O)(NCCCN1CCC(c2noc3cc(F)ccc23)CC1)c1ccc(OC(F)(F)F)cc1,8.06
ZINC000207237807,COc1ccccc1N1CCN(CCCCC(=O)NCc2ccccc2-c2ccccc2)CC1,7.42
ZINC000207280637,COc1ccccc1N1CCN(CCCC(=O)NCc2ccccc2-c2ccccc2Cl)CC1,7.33
ZINC000003989383,O=S(=O)(c1ccc2cc[nH]c2c1)N1CCC[C@@H]1CCN1CCC(c2c[nH]c3ccccc23)CC1,9.17
ZINC000103265564,c1ccc(-c2ccc(-n3cc(CN4CCN(c5ccccc5)CC4)c4ccccc43)cc2)cc1,5.72
ZINC000073140433,COc1ccccc1N1CCN(CCN(C(=O)C23C4C5C2C2C3C4C52CF)c2ccccn2)CC1,6.88
ZINC000096939405,COc1ccc(-c2ccccc2N2CCN(CCCCCC(=O)NCc3ccccn3)CC2)cc1,7.82
ZINC000096286415,COc1ccc(-c2ccccc2N2CCN(CCCCCC(=O)NCc3ccncc3)CC2)cc1,8.93
ZINC000096939406,COc1ccc(-c2ccccc2N2CCN(CCCCCC(=O)NCc3cccnc3)CC2)cc1,7.9
ZINC000103270730,O=C(CCOCCN1CCN(c2ccccc2-c2ccc(F)cc2)CC1)NCc1ccc(F)nc1,7.8
ZINC000103270726,Cc1ccccc1-c1ccccc1N1CCN(CCOCCC(=O)NCc2ccc(F)nc2)CC1,7.89
ZINC000169310368,CSc1ccccc1N1CCN(CCCCCCC(=O)N2Cc3ccccc3C[C@H]2C(N)=O)CC1,6.95
ZINC000040424136,N#Cc1ccc(CNC(=O)CCCCCN2CCN(c3ccccc3-c3ccccc3)CC2)cc1,9.24
ZINC000096286414,COc1ccc(-c2ccccc2N2CCN(CCOCCC(=O)NCc3ccccn3)CC2)cc1,7.63
ZINC000096286412,COc1ccc(-c2ccccc2N2CCN(CCOCCC(=O)NCc3ccncc3)CC2)cc1,7.74
ZINC000096286413,COc1ccc(-c2ccccc2N2CCN(CCOCCC(=O)NCc3cccnc3)CC2)cc1,7.62
ZINC000103271221,COc1ccc(CNC(=O)CCCCCN2CCN(c3ncccc3-c3ccncc3)CC2)cc1,7.58
ZINC000103271223,COc1ccc(CNC(=O)CCCCCN2CCN(c3cccnc3-c3ccncc3)CC2)cc1,7.19
ZINC000114600619,O=S(=O)(NCCCCN1CCC(c2noc3cc(F)ccc23)CC1)c1ccc(OC(F)(F)F)cc1,7.82
ZINC000207237940,COc1ccccc1N1CCN(CCCCCC(=O)NCc2ccccc2-c2ccccc2)CC1,7.36
ZINC000207111872,COc1ccccc1N1CCN(CCCCC(=O)NCc2ccccc2-c2cccc(C)c2)CC1,7.32
ZINC000207111742,COc1ccccc1N1CCN(CCCCC(=O)NCc2ccccc2-c2ccccc2C)CC1,7.58
ZINC000207127823,COc1ccccc1N1CCN(CCCCC(=O)NCc2ccccc2-c2ccc(C)cc2)CC1,7.18
ZINC000207297195,COc1ccccc1N1CCN(CCCCC(=O)NCc2ccccc2-c2cccc(Cl)c2)CC1,6.39
ZINC000207297261,COc1ccccc1N1CCN(CCCCC(=O)NCc2ccccc2-c2ccc(Cl)cc2)CC1,7.59
ZINC000207280702,COc1ccccc1N1CCN(CCCCC(=O)NCc2ccccc2-c2ccccc2Cl)CC1,8.06
ZINC000207251115,COc1ccccc1N1CCN(CCCCC(=O)NCc2ccccc2-c2cccc(F)c2)CC1,7.46
ZINC000207265503,COc1ccccc1N1CCN(CCCCC(=O)NCc2ccccc2-c2ccc(F)cc2)CC1,7.46
ZINC000207250851,COc1ccccc1N1CCN(CCCCC(=O)NCc2ccccc2-c2ccccc2F)CC1,7.44
ZINC000073137991,COc1ccccc1N1CCN(CCN(C(=O)C23CCC(CF)(CC2)CC3)c2ccccn2)CC1,7.11
ZINC000040917234,COc1ccc(-n2c(=O)n(CCCN3CCN(c4ccccc4OC)CC3)c3ccccc32)cc1,6.77
ZINC000066262495,Cc1ccc2c(N3CCN(CCc4cccc(NC(=O)Nc5ccccc5)c4)CC3)cccc2n1,7.1
ZINC000169310392,NC(=O)[C@@H]1Cc2ccccc2CN1C(=O)CCCCCN1CCN(c2noc3ccccc23)CC1,7.66
ZINC000095577810,O=C(NCC1CCN(CCOc2ccccc2-c2ccccc2)CC1)c1ccc2ccccc2n1,6.48
ZINC000114601106,Cc1c(S(=O)(=O)NCCCCN2CCC(c3noc4cc(F)ccc34)CC2)sc2ccc(Cl)cc12,9.15
ZINC000114602922,Cc1c(S(=O)(=O)NCCCCN2CCC(c3noc4cc(F)ccc34)CC2)sc2ccc(F)cc12,9.7
ZINC000114599089,O=S(=O)(NCCCCN1CCC(c2noc3cc(F)ccc23)CC1)c1ccc2cc(Cl)ccc2c1,8.49
ZINC000299855515,Cc1cccc(N2CCN(CCCCn3c(C)cn4c5c(=O)n(C)c(=O)n(C)c5nc34)CC2)c1C,6.42
ZINC000299866709,Cc1cn2c3c(=O)n(C)c(=O)n(C)c3nc2n1CCCCCN1CCN(c2ccc(Cl)cc2)CC1,6.16
ZINC000299867547,Cc1cn2c3c(=O)n(C)c(=O)n(C)c3nc2n1CCCCCN1CCN(c2ccccc2O)CC1,6.91
ZINC000299859051,Cn1c(=O)c2c(nc3n(CCCCN4CCN(c5ccc(Cl)cc5)CC4)c(=O)ccn23)n(C)c1=O,7.21
ZINC000169310385,NC(=O)[C@@H]1Cc2ccccc2CN1C(=O)c1ccc(CN2CCN(c3cccc(Cl)c3Cl)CC2)cc1,5.92
ZINC000169310370,CSc1ccccc1N1CCN(Cc2ccc(C(=O)N3Cc4ccccc4C[C@H]3C(N)=O)cc2)CC1,6.83
ZINC000169310375,COc1ccccc1N1CCN(Cc2ccc(C(=O)N3Cc4ccccc4C[C@H]3C(N)=O)cc2)CC1,6.24
ZINC000040916014,COc1ccc(-n2c(=O)n(CCCCN3CCN(c4ccccc4OC)CC3)c3ccccc32)cc1,6.57
ZINC000169310394,NC(=O)[C@@H]1Cc2ccccc2CN1C(=O)CCCCCCN1CCN(c2noc3ccccc23)CC1,7.55
ZINC000299857542,Cn1c(=O)c2c(nc3n(CCCCCN4CCN(c5ccccc5O)CC4)c(=O)ccn23)n(C)c1=O,6.33
ZINC000299863769,Cc1cn2c3c(=O)n(C)c(=O)n(C)c3nc2n1CCCCCN1CCN(c2ccc(Cl)c(Cl)c2)CC1,6.95
ZINC000299831038,Cn1c(=O)c2c(nc(N3CCOCC3)n2CCCCN2CCN(c3cccc(Cl)c3)CC2)n(C)c1=O,6.95
ZINC000000580707,N[C@H]1CCCC[C@@H]1NC(=O)c1c2c(c3c4c(ncnc14)-c1ccccc1C3=O)N[C@@H]1CCCC[C@H]1N2,5.8
ZINC000299864826,CC(C)c1ccccc1N1CCN(CCCCCCC(=O)N2Cc3ccccc3C[C@H]2C(N)=O)CC1,7.37
ZINC000299854747,CC(C)c1ccccc1N1CCN(CCCCCCC(=O)N2CCC[C@H]2C(=O)N2CCCCC2)CC1,7.11
ZINC000103270719,COc1ccc(-c2ccccc2N2CCN(CCCCCC(=O)NCc3ccc(F)nc3)CC2)cc1,8.42
ZINC000299867077,CC(C)c1ccccc1N1CCN(CCCCCCC(=O)N2CCC[C@H]2C(=O)N2CCOCC2)CC1,6.87
ZINC000103270722,COc1ccc(-c2ccccc2N2CCN(CCOCCC(=O)NCc3ccc(F)nc3)CC2)cc1,7.46
ZINC000207280890,COc1ccccc1N1CCN(CCCCCC(=O)NCc2ccccc2-c2ccccc2Cl)CC1,7.8
ZINC000299828233,COc1cccc(-c2ccccc2CNC(=O)CCCCN2CCN(c3ccccc3OC)CC2)c1,7.66
ZINC000207095273,COc1ccc(-c2ccccc2CNC(=O)CCCCN2CCN(c3ccccc3OC)CC2)cc1,7.36
ZINC000207313165,COc1ccccc1-c1ccccc1CNC(=O)CCCCN1CCN(c2ccccc2OC)CC1,7.5
ZINC000103270733,COc1ccc(CNC(=O)CCOCCN2CCN(c3ccccc3-c3ccccc3C)CC2)cc1,7.48
ZINC000103270740,COc1ccc(CNC(=O)CCOCCN2CCN(c3ccccc3-c3ccc(F)cc3)CC2)cc1,7.34
ZINC000148539265,NC(=O)c1ccccc1OCCCN1CCN(c2cccc3c2ccn3S(=O)(=O)c2ccccc2)CC1,6.74
ZINC000299861531,NC(=O)[C@@H]1Cc2ccccc2CN1C(=O)CCCCN1CCN(c2ccccc2-c2ccccc2)CC1,8.22
ZINC000299857443,O=C([C@@H]1CCCN1C(=O)CCCCN1CCN(c2ccccc2-c2ccccc2)CC1)N1CCCCC1,8.3
ZINC000073170060,COc1ccccc1N1CCN(CCCN2C(=O)N(C)C(=O)C2(c2ccccc2)c2ccccc2)CC1,6.68
ZINC000299870027,NC(=O)[C@@H]1Cc2ccccc2CN1C(=O)CCCCCN1CCN(c2ccccc2-c2ccccc2)CC1,8.0
ZINC000299866393,O=C([C@@H]1CCCN1C(=O)CCCCCN1CCN(c2ccccc2-c2ccccc2)CC1)N1CCCCC1,7.8
ZINC000084668504,COc1ccccc1N1CCN(CCCCN2C(=O)N(C)C(=O)C2(c2ccccc2)c2ccccc2)CC1,7.8
ZINC000169309771,CCOc1ccccc1N1CCN(CCCN2C(=O)N(C)C(=O)C2(c2ccccc2)c2ccccc2)CC1,7.02
ZINC000207095407,COc1ccccc1N1CCN(CCCCC(=O)NCc2ccccc2-c2c(OC)cccc2OC)CC1,7.49
ZINC000299865049,Cn1c(=O)c2c(nc3n(CCCCN4CCN(c5ccc(Cl)cc5)CC4)c(-c4ccccc4)cn23)n(C)c1=O,7.43
ZINC000299866262,Cn1c(=O)c2c(nc3n(CCCCN4CCN(c5ccccc5O)CC4)c(-c4ccccc4)cn23)n(C)c1=O,7.52
ZINC000299871389,NC(=O)[C@@H]1Cc2ccccc2CN1C(=O)CCCCCCN1CCN(c2ccccc2-c2ccccc2)CC1,7.96
ZINC000299862898,O=C([C@@H]1CCCN1C(=O)CCCCCCN1CCN(c2ccccc2-c2ccccc2)CC1)N1CCCCC1,7.82
ZINC000299862191,O=C([C@@H]1CCCN1C(=O)CCCCCCN1CCN(c2ccccc2-c2ccccc2)CC1)N1CCOCC1,7.52
ZINC000299862340,CC(C)c1ccccc1N1CCN(CCCCCC(=O)N2Cc3ccccc3C[C@H]2C(=O)N2CCCCC2)CC1,7.4
ZINC000299866039,Cn1c(=O)c2c(nc3n(CCCCCN4CCN(c5ccc(Cl)cc5)CC4)c(-c4ccccc4)cn23)n(C)c1=O,6.91
ZINC000299864227,Cn1c(=O)c2c(nc3n(CCCCCN4CCN(c5ccccc5O)CC4)c(-c4ccccc4)cn23)n(C)c1=O,7.37
ZINC000299865626,CC(C)c1ccccc1N1CCN(CCCCCCC(=O)N2Cc3ccccc3C[C@H]2C(=O)N2CCCCC2)CC1,7.66
ZINC000034800770,COc1nc(NCCCN2CCOCC2)nc(OC)c1NC(=O)c1ccc(Oc2cc3c(cc2C)CCC3(C)C)o1,5.76
ZINC000299860028,O=C([C@@H]1Cc2ccccc2CN1C(=O)CCCCN1CCN(c2ccccc2-c2ccccc2)CC1)N1CCCCC1,8.0
ZINC000299862694,O=C([C@@H]1Cc2ccccc2CN1C(=O)CCCCN1CCN(c2ccccc2-c2ccccc2)CC1)N1CCOCC1,8.05
ZINC000299858297,O=C([C@@H]1Cc2ccccc2CN1C(=O)CCCCCN1CCN(c2ccccc2-c2ccccc2)CC1)N1CCCCC1,8.05
ZINC000026273260,CC(C)Oc1ccccc1N1CCN(C[C@@H](O)CNC(=O)c2ccc3c(c2)C(=O)N(c2ccc(N(C)C)cc2)C3=O)CC1,8.0
ZINC000299860029,O=C([C@@H]1Cc2ccccc2CN1C(=O)CCCCCCN1CCN(c2ccccc2-c2ccccc2)CC1)N1CCCCC1,7.92
ZINC000299862854,O=C([C@@H]1Cc2ccccc2CN1C(=O)CCCCCCN1CCN(c2ccccc2-c2ccccc2)CC1)N1CCOCC1,8.05
