id,smiles,pKi
ZINC000000000092,COc1cc(C[C@@H](C)N)c(OC)cc1Br,8.55
ZINC000000000504,CN1CCN2c3ccccc3Cc3ccccc3[C@@H]2C1,9.22
ZINC000000000509,CN1CCN2c3ncccc3Cc3ccccc3[C@@H]2C1,8.26
ZINC000000000565,Cc1ccccc1[C@H](OCCN(C)C)c1ccccc1,6.55
ZINC000000000741,C[C@@H](N)Cc1ccc2c(c1)OCO2,5.68
ZINC000000000855,CN1CCN2c3ccccc3Cc3ccccc3[C@H]2C1,9.22
ZINC000000001148,CN(C)CC/C=C1/c2ccccc2COc2ccccc21,7.62
ZINC000000001331,CN(C)CC/C=C1\c2ccccc2COc2ccccc21,7.62
ZINC000000002001,CN(C)CCc1c[nH]c2cccc(O)c12,7.52
ZINC000000003309,C[C@@H](Oc1cncc(N2CCNCC2)n1)c1cccc(F)c1,8.1
ZINC000000004035,Cc1nccn1C[C@H]1CCc2c(c3cccc4c3n2CCC4)C1=O,5.31
ZINC000000004439,O=c1ccc2[nH]cc(C3=CCNCC3)c2[nH]1,5.19
ZINC000000004448,Cc1nccn1C[C@H]1CCc2c(c3ccccc3n2C)C1=O,5.3
ZINC000000004893,CN1C[C@H]2c3ccccc3Oc3ccc(Cl)cc3[C@@H]2C1,8.61
ZINC000000005092,NCCc1c[nH]c2ccc(-c3nc(Cc4ccccc4)no3)cc12,5.4
ZINC000000005452,COc1ccc2[nH]cc(C[C@@H]3CCCN3C)c2c1,5.92
ZINC000000005475,Cn1ccc2cc(NC(=O)Nc3cccnc3)ccc21,6.91
ZINC000000005895,CN(C)CCc1c[nH]c2ccc(Cn3cncn3)cc12,5.1
ZINC000000006169,O=C(Nc1cccnc1)N1CCc2cc3sccc3cc21,8.1
ZINC000000007453,COc1cc(N)nc2[nH]c(-c3ccc(F)cc3)c(-c3ccncc3)c12,6.19
ZINC000000008795,Clc1ccc2c(c1)N1CCNC[C@H]1C2,7.51
ZINC000000009097,C[C@@H](N)Cc1cn(C)c2ccc3c(c12)CCCO3,8.57
ZINC000000009253,O[C@H](c1ccc(F)cc1)C1CCN(CCc2ccc(F)cc2)CC1,6.3
ZINC000000009262,c1cc2c3c(c1)c1c(n3CCNC2)CCCC1,6.58
ZINC000000009307,CCOc1ccc2c(c1)c(C[C@H](C)N)c1n2CCC1,8.4
ZINC000000009318,CN(C)C[C@@H]1C[C@H]2c3ccccc3Cc3ccccc3N2O1,7.91
ZINC000000009350,Cc1[nH]c2ccc(Cl)cc2c1C1=CCNCC1,6.35
ZINC000000011266,O=C(c1ccc(F)cc1)C1CCN(CCc2ccccc2)CC1,6.84
ZINC000000014360,CNS(=O)(=O)Cc1ccc2[nH]cc(CCN(C)C)c2c1,8.14
ZINC000000014692,Cc1noc(-c2ccc3[nH]cc(CCN)c3c2)n1,5.9
ZINC000000014694,Cc1noc(Cc2ccc3[nH]cc(CCN)c3c2)n1,5.9
ZINC000000014696,NCCc1c[nH]c2ccc(Cc3nc(N)no3)cc12,5.5
ZINC000000014698,NCCc1c[nH]c2ccc(CCc3nc(Cc4ccccc4)no3)cc12,6.1
ZINC000000014701,CN(C)CCc1c[nH]c2ccc(Cc3nc(N)no3)cc12,5.9
ZINC000000016077,CN1CC[C@@H]2CN3CCc4cccc(c43)[C@@H]2C1,7.8
ZINC000000017124,c1cc2c(N3CCNCC3)nc3ccsc3n2c1,7.46
ZINC000000017125,CN1CCN(c2nc3ccsc3n3cccc23)CC1,6.62
ZINC000000017154,O=C(CCCN1CCC(Cc2ccccc2)CC1)c1ccc(F)cc1,5.78
ZINC000000018235,O=C(Nc1cccnc1)N1CCc2cc3[nH]ccc3cc21,6.9
ZINC000000019264,c1cnc2c(c1)nc(N1CCNCC1)c1cccn12,6.57
ZINC000000019265,CN1CCN(c2nc3cccnc3n3cccc23)CC1,6.56
ZINC000000020240,CC(C)NC[C@@H](O)COc1cccc2ccccc12,5.92
ZINC000000020250,C[C@@H](CN1c2ccccc2Sc2ccccc21)N(C)C,8.19
ZINC000000020603,Cc1coc2cc3c(cc12)CCN3C(=O)Nc1cccnc1,8.6
ZINC000000021198,CN(C)C[C@H]1C[C@@H]2c3ccccc3Cc3ccccc3N2O1,7.91
ZINC000000026029,Clc1ccc2c(c1)N1CCNC[C@@H]1C2,7.51
ZINC000000026795,CCN1CCC(COc2nc3ccsc3n3cccc23)CC1,5.25
ZINC000000056464,FC(F)(F)c1cccc(N2CCNCC2)c1,6.82
ZINC000000056647,C[C@H](CN1c2ccccc2Sc2ccccc21)N(C)C,8.19
ZINC000000075126,Cc1nccn1C[C@@H]1CCc2c(c3ccccc3n2C)C1=O,5.3
ZINC000000084072,c1ccc2c(C3CCNCC3)c[nH]c2c1,6.89
ZINC000000111161,CN1CCC(N(C)S(=O)(=O)c2ccc(F)cc2)CC1,5.6
ZINC000000111168,COc1ccc(S(=O)(=O)N(C)C2CCN(C)CC2)cc1,5.73
ZINC000000140722,COc1ccc2[nH]c(C)c(CCN)c2c1,6.16
ZINC000000141452,O=C(c1ccc(F)cc1)C1CCNCC1,5.96
ZINC000000154399,C1=C(c2c[nH]c3ccccc23)CCNC1,6.79
ZINC000000155174,Clc1ccc(C2=CCNCC2)cc1,5.75
ZINC000000155269,Cc1ccccc1[C@@H](OCCN(C)C)c1ccccc1,6.55
ZINC000000158157,COc1ccccc1C1CCNCC1,5.74
ZINC000000256143,Cc1cc(Cl)ccc1O[C@@H](C)C(=O)O,6.92
ZINC000000256144,Cc1cc(Cl)ccc1O[C@H](C)C(=O)O,6.92
ZINC000000332024,C1=NCCc2c1[nH]c1ccccc21,5.96
ZINC000000338136,COc1cc2c3c(c1OC)-c1cc4c(cc1C[C@@H]3N(C)CC2)OCO4,5.97
ZINC000000338140,COc1cc2c3c(c1OC)-c1cc4c(cc1C[C@H]3N(C)CC2)OCO4,5.97
ZINC000000346678,CN1CCC(C(=O)c2ccc(F)cc2)CC1,5.82
ZINC000000389703,COc1ccc(OC)c(CCN)c1,5.26
ZINC000000402865,COc1cc(C[C@H](C)N)c(OC)cc1Br,8.55
ZINC000000403033,C[C@H](N)Cc1ccc2c(c1)OCO2,5.68
ZINC000000404234,COc1ccc(Br)cc1CCN,6.02
ZINC000000404450,C[C@H](N)Cc1c[nH]c2ccccc12,6.97
ZINC000000404451,C[C@@H](N)Cc1c[nH]c2ccccc12,6.97
ZINC000000488389,CCN(CC)CCc1c[nH]c2ccc(OC)cc12,7.8
ZINC000000537887,O=C(CCCN1CCC(C(=O)c2ccc(F)cc2)CC1)c1ccc(F)cc1,6.46
ZINC000000593410,Cc1cn(-c2cccc(Nc3ncnc4c3CCc3ccccc3-4)c2)cn1,8.9
ZINC000000596881,Clc1ccc(CO[C@H](Cn2ccnc2)c2ccc(Cl)cc2Cl)cc1,5.2
ZINC000000601250,Clc1ccc(CS[C@H](Cn2ccnc2)c2ccc(Cl)cc2Cl)cc1,5.84
ZINC000000604739,O=c1[nH]c2ccc(CCN3CCN(c4cccc(C(F)(F)F)c4)CC3)cc2s1,7.22
ZINC000000604740,COc1ccccc1N1CCN(CCc2ccc3[nH]c(=O)sc3c2)CC1,6.52
ZINC000000604816,O=C(NCCN1CCC(C(=O)c2ccc(F)cc2)CC1)Nc1ccccc1,6.7
ZINC000000607971,Clc1ccc(CO[C@H](Cn2ccnc2)c2ccc(Cl)cc2Cl)c(Cl)c1,5.56
ZINC000000643055,Clc1ccc(CO[C@@H](Cn2ccnc2)c2ccc(Cl)cc2Cl)cc1,5.2
ZINC000000896650,CN1CCCC[C@H]1CCN1c2ccccc2Sc2ccc([S@@](C)=O)cc21,6.39
ZINC000000896663,N[C@H]1C[C@@H]1c1ccccc1,5.57
ZINC000000896666,N[C@H]1C[C@H]1c1ccccc1,5.57
ZINC000000896740,Clc1ccc(CO[C@@H](Cn2ccnc2)c2ccc(Cl)cc2Cl)c(Cl)c1,5.56
ZINC000000968310,CN1CCN2c3ncccc3Cc3ccccc3[C@H]2C1,8.26
ZINC000001107787,O=C(Nc1cccnc1)Nc1ccc2ccccc2c1,8.21
ZINC000001295150,C1=C(c2ccccc2)CCNC1,5.61
ZINC000001481850,O[C@H](c1ccccc1)C1CCN(CCc2ccccc2)CC1,6.08
ZINC000001482197,N[C@@H]1C[C@H]1c1ccccc1,5.57
ZINC000001483557,O[C@H]1c2ccccc2CCC12CCN(CCc1ccccc1)CC2,6.64
ZINC000001530579,COc1ccccc1OCCNC[C@H](O)COc1cccc2[nH]c3ccccc3c12,7.22
ZINC000001530580,COc1ccccc1OCCNC[C@@H](O)COc1cccc2[nH]c3ccccc3c12,7.22
ZINC000001530637,CNCC[C@H](Oc1ccc(C(F)(F)F)cc1)c1ccccc1,7.21
ZINC000001530638,CNCC[C@@H](Oc1ccc(C(F)(F)F)cc1)c1ccccc1,7.21
ZINC000001530695,CSc1ccc2c(c1)N(CC[C@@H]1CCCCN1C)c1ccccc1S2,7.64
ZINC000001530697,CSc1ccc2c(c1)N(CC[C@H]1CCCCN1C)c1ccccc1S2,7.64
ZINC000001530759,CCCNC[C@H](O)COc1ccccc1C(=O)CCc1ccccc1,6.7
ZINC000001530760,CCCNC[C@@H](O)COc1ccccc1C(=O)CCc1ccccc1,6.7
ZINC000001530830,CN(C)CCc1c[nH]c2cccc(OP(=O)(O)O)c12,6.3
ZINC000001533575,COc1ccccc1N1CCN(CCCCc2ccc3[nH]c(=O)sc3c2)CC1,6.49
ZINC000001541570,CCCCCCCCCOc1ccc2[nH]cc(CCN)c2c1,6.57
ZINC000001542113,N#Cc1ccc2[nH]cc(CCCCN3CCN(c4ccc5oc(C(N)=O)cc5c4)CC3)c2c1,5.7
ZINC000001542568,O=C(c1ccc(F)cc1)C1CCN(CCCCc2ccccc2)CC1,6.21
ZINC000001542570,O=C(c1ccc(F)cc1)C1CCN(CCCCCc2ccccc2)CC1,6.38
ZINC000001545565,CCCCCNC(=N)N/N=C/c1c[nH]c2ccc(OC)cc12,7.0
ZINC000001546255,COc1ccccc1N1CCC(CNC[C@@H]2COc3ccc(Cl)cc3O2)CC1,7.24
ZINC000001571009,CC(C)(C)CC(C)(C)c1ccc(OCCOCC[N+](C)(C)Cc2ccccc2)cc1,6.27
ZINC000001578513,CC(C)(C)NC1=NCCNC(c2ccccc2)=C1,5.98
ZINC000001586284,COc1ccc(OC)c(C[C@H](C)N)c1,5.91
ZINC000001635352,CN1CCN(c2nc3cc(F)ccc3n3cccc23)CC1,6.38
ZINC000001639567,N[C@@H]1C[C@@H]1c1ccccc1,5.57
ZINC000001668943,COc1cc(C[C@H](C)N)cc(OC)c1OC,5.24
ZINC000001841010,COc1ccc(OC)c(C[C@@H](C)N)c1,6.28
ZINC000001843091,O[C@@H](c1ccccc1)C1CCN(CCc2ccccc2)CC1,6.08
ZINC000001846593,O=C1NCN(c2ccccc2)C12CCN(CCCOc1ccc(F)cc1)CC2,5.37
ZINC000001850396,CCc1cc(OC)c(C[C@@H](C)N)cc1OC,7.0
ZINC000001850397,CCc1cc(OC)c(C[C@H](C)N)cc1OC,7.0
ZINC000001850907,COc1cc(C[C@@H](C)N)cc(OC)c1OC,5.24
ZINC000001888141,Fc1ccc(OCCCN2CCN(c3ccccn3)CC2)cc1,5.08
ZINC000001912758,CCCN1CCC(COc2nc3ccccc3c3c2CCCN3)CC1,5.47
ZINC000001996368,COc1ccc2[nH]c(C)c(CCN(C)C)c2c1,5.4
ZINC000001999162,CCN(CC)CCc1c[nH]c2ccccc12,6.98
ZINC000002009554,COc1ccc2[nH]cc(C[C@H](C)N)c2c1,8.51
ZINC000002009555,COc1ccc2[nH]cc(C[C@@H](C)N)c2c1,8.51
ZINC000002012156,C[C@H](N)Cc1c[nH]c2ccc(O)cc12,8.74
ZINC000002012157,C[C@@H](N)Cc1c[nH]c2ccc(O)cc12,8.74
ZINC000002015685,COc1cc(OC)c(OC)cc1C[C@H](C)N,5.57
ZINC000002015686,COc1cc(OC)c(OC)cc1C[C@@H](C)N,5.57
ZINC000002017838,CN1CCc2cc(Cl)c(O)cc2[C@@H](c2ccccc2)C1,7.9
ZINC000002035314,COc1ccc2[nH]cc([C@H](C)CN)c2c1,9.0
ZINC000002036052,CCN(CC)CCc1c[nH]c2cc(F)ccc12,6.68
ZINC000002039001,CNCCc1c[nH]c2ccc(OC)cc12,6.08
ZINC000002379519,C[C@@H](N)Cc1c[nH]c2ccc(OCc3cccs3)cc12,6.97
ZINC000002391678,c1ccc2c(C3CCNCC3)cccc2c1,7.22
ZINC000002530001,Brc1ccc(C2=CCNCC2)cc1,5.6
ZINC000002530693,COc1cc(C[C@H](C)N)c(OC)cc1I,8.74
ZINC000002564752,COc1cc(CCN)c(OC)cc1Br,7.44
ZINC000002567726,COc1ccc2[nH]cc(CCNCc3ccc(Br)cc3)c2c1,7.0
ZINC000002572146,Cc1[nH]c2ccc(O)cc2c1CCN,6.19
ZINC000002577352,Clc1cccc(C2CCNCC2)c1,6.1
ZINC000002577355,Cc1cccc(C2CCNCC2)c1,5.7
ZINC000002577356,Cc1ccccc1C1CCNCC1,5.5
ZINC000002577358,FC(F)(F)c1ccc(C2CCNCC2)cc1,5.08
ZINC000002577359,FC(F)(F)c1cccc(C2CCNCC2)c1,5.9
ZINC000002577360,FC(F)(F)c1ccccc1C1CCNCC1,6.08
ZINC000002577367,COc1cccc(C2CCNCC2)c1,5.21
ZINC000003292410,CN1CCC(N(C)S(=O)(=O)c2ccc(C(C)(C)C)cc2)CC1,5.98
ZINC000003328480,Cc1ccc(S(=O)(=O)N(C)C2CCN(C)CC2)cc1,6.75
ZINC000003625720,COc1cc(C[C@H](C)N)cc(OC)c1Br,6.24
ZINC000003625721,COc1cc(C[C@@H](C)N)cc(OC)c1Br,6.24
ZINC000003631131,C[C@H](N)Cc1ccc(Br)cc1,5.83
ZINC000003631133,C[C@@H](N)Cc1ccc(Br)cc1,5.83
ZINC000003632919,CCCc1ccc(C[C@@H](C)NC)cc1,5.71
ZINC000003632921,CCCc1ccc(C[C@H](C)NC)cc1,5.71
ZINC000003683831,CN1CCC[C@@H](CN2c3ccccc3Sc3ccccc32)C1,6.59
ZINC000003683833,CN1CCC[C@H](CN2c3ccccc3Sc3ccccc32)C1,6.59
ZINC000003775140,COc1cc(N)c(Cl)cc1C(=O)N[C@@H]1CCN(CCCOc2ccc(F)cc2)C[C@@H]1OC,6.4
ZINC000003779247,COc1ccc2[nH]cc(C[C@H]3CCCN3C)c2c1,7.48
ZINC000003787668,NC[C@@H]1O[C@H](c2ccccc2)Cc2c1ccc(O)c2O,5.03
ZINC000003787670,NC[C@@H]1O[C@H](C2CCCCC2)Cc2c1ccc(O)c2O,6.13
ZINC000003794601,CN(C)CCC[C@]1(c2ccc(F)cc2)OCc2cc(C#N)ccc21,6.81
ZINC000003797946,CS(=O)(=O)Nc1ccc(Cc2noc(-c3ccc4[nH]cc(CCN)c4c3)n2)cc1,6.5
ZINC000003800706,CN(C)CCC[C@@]1(c2ccc(F)cc2)OCc2cc(C#N)ccc21,6.81
ZINC000003802200,O[C@@H]1c2ccccc2CCC12CCN(CCc1ccccc1)CC2,6.64
ZINC000003808341,O=C(c1ccc(F)cc1)C1CCN(CCn2c(=O)sc3cc(CCCCN4CCOCC4)ccc32)CC1,7.7
ZINC000003812888,COc1ccc(CCN(C)CCC[C@](C#N)(c2ccc(OC)c(OC)c2)C(C)C)cc1OC,6.81
ZINC000003812892,CC(C)(C)c1ccc([C@@H](O)CCCN2CCC(C(O)(c3ccccc3)c3ccccc3)CC2)cc1,6.19
ZINC000003825883,CNC[C@@H]1C[C@H]2c3ccccc3Cc3ccccc3N2O1,8.15
ZINC000003828998,COc1ccccc1N1CCC(CNC[C@H]2COc3ccc(Cl)cc3O2)CC1,7.24
ZINC000003830564,COc1cc(N)c(Cl)cc1C(=O)N[C@H]1CCN(CCCOc2ccc(F)cc2)C[C@@H]1OC,6.4
ZINC000003831041,CN1CCCC[C@@H]1CCN1c2ccccc2Sc2ccc([S@](C)=O)cc21,6.95
ZINC000003831042,CN1CCCC[C@H]1CCN1c2ccccc2Sc2ccc([S@](C)=O)cc21,6.39
ZINC000003831511,CC(C)(C)c1ccc([C@H](O)CCCN2CCC(C(O)(c3ccccc3)c3ccccc3)CC2)cc1,6.19
ZINC000003870312,CCCN(CCC)[C@@H]1CCc2cccc(O)c2C1,5.14
ZINC000003870313,CCCN(CCC)[C@H]1CCc2cccc(O)c2C1,5.14
ZINC000003871832,COc1ccc(CCN(C)CCC[C@@](C#N)(c2ccc(OC)c(OC)c2)C(C)C)cc1OC,6.81
ZINC000003872738,NC(N)=NC(=O)Cc1c(Cl)cccc1Cl,6.12
ZINC000003873371,Clc1ccc(CS[C@@H](Cn2ccnc2)c2ccc(Cl)cc2Cl)cc1,5.84
ZINC000003917082,COc1ccccc1N1CCN(CCCCc2ccc3c(c2)sc(=O)n3CCN2CCC(C(=O)c3ccc(F)cc3)CC2)CC1,6.62
ZINC000003927092,CN(C)CCn1cc(S(=O)(=O)c2cccc(Cl)c2)c2cccnc21,6.32
ZINC000003927095,CN(C)CCn1cc(S(=O)(=O)c2cccc3ccccc23)c2cccnc21,5.95
ZINC000003937620,O=C(CCCN1CC[C@@](O)(c2ccc(Cl)cc2)C1)c1ccc(F)cc1,5.9
ZINC000003954487,CN1CCCC[C@@H]1CCN1c2ccccc2Sc2ccc([S@@](C)=O)cc21,6.95
ZINC000003955065,COc1ccc(C[C@H](C)CN2C[C@@H](C(=O)N3CCN(c4ccc(F)c(F)c4)CC3)[C@H]3CCCC[C@H]3C2)cn1,6.37
ZINC000003959350,Cc1[nH]c2ccccc2c1C1=CCNCC1,5.54
ZINC000003963815,C[C@@H]1CCc2cc(F)cc3c(CCN)cn1c23,8.24
ZINC000003965841,CN(C)C[C@H]1C[C@@H]2c3cc(F)ccc3Cc3ccc(F)cc3N2O1,8.21
ZINC000003965842,CN(C)C[C@@H]1C[C@@H]2c3ccccc3Cc3ccc(Cl)cc3N2O1,8.98
ZINC000003966377,O=C1Nc2c(Cl)cc(Cl)cc2N2CCNC[C@H]12,7.7
ZINC000003973655,Cc1ccccc1-c1cccc2c1N1CCNCC[C@@H]1C2,7.52
ZINC000003994229,O=C1C[C@@H](CN2CCC(c3noc4cc(F)ccc34)CC2)Cc2occc21,6.61
ZINC000003994230,O=C1C[C@@H](CN2CCC(C(=O)c3ccc(F)cc3)CC2)Cc2occc21,5.81
ZINC000003995616,CC(C)[C@@]1(NC(=O)[C@@H]2C[C@@H]3c4cccc5[nH]cc(c45)C[C@H]3N(C)C2)O[C@@]2(O)[C@@H]3CCCN3C(=O)[C@H](Cc3ccccc3)N2C1=O,6.9
ZINC000003995822,C[C@H](N)Cc1c[nH]c2ccc(OCc3cccs3)cc12,6.97
ZINC000004175569,Oc1nc2ccccc2n1CCCN1CCC(n2c(O)nc3cc(Cl)ccc32)CC1,6.16
ZINC000004215367,COc1cc(N)c(Cl)cc1C(=O)N[C@H]1CCN(CCCOc2ccc(F)cc2)C[C@H]1OC,6.4
ZINC000004343105,COc1ccc(CNCCc2c[nH]c3ccc(OC)cc23)cc1,5.93
ZINC000004344054,COc1ccc2[nH]cc(CCNCc3ccc(Cl)cc3)c2c1,5.36
ZINC000004359272,CC(=O)N(CCN(C)C)c1nc2c(F)cccc2s1,5.7
ZINC000004359332,CC(=O)N(CCN(C)C)c1nc2cc3c(cc2s1)OCO3,5.56
ZINC000004374913,Cn1ncc2c(Nc3ccc(F)cc3)nc(NCc3ccccc3)nc21,5.59
ZINC000004631553,CN(C)C[C@@H]1C[C@H]2c3cc(F)ccc3Cc3ccc(F)cc3N2O1,8.21
ZINC000004634575,CNC[C@H]1C[C@@H]2c3ccccc3Cc3ccccc3N2O1,8.15
ZINC000004637270,NC[C@H]1O[C@@H](c2ccccc2)Cc2c1ccc(O)c2O,5.8
ZINC000004638322,C[C@H]1CCc2cc(F)cc3c(CCN)cn1c23,8.24
ZINC000004638364,O=C1Nc2c(Cl)cc(Cl)cc2N2CCNC[C@@H]12,7.7
ZINC000004857621,CN1CCC(N(C)S(=O)(=O)c2ccc(Cl)cc2)CC1,5.92
ZINC000005161581,Cn1cc(CCN)c2c3c(ccc21)OCCC3,7.0
ZINC000005162429,O=C1NCN(c2ccccc2)C12CCN(CCCCc1ccc(F)cc1)CC2,5.49
ZINC000005319617,COc1ccccc1N1CCN(CCCCNC(=O)C23CC4CC(CC(C4)C2)C3)CC1,6.65
ZINC000005735105,COc1ccc2[nH]cc([C@@H](C)CN)c2c1,9.0
ZINC000005765126,COc1cc(C[C@@H](C)N)c(OC)cc1C,7.05
ZINC000005765127,COc1cc(C[C@H](C)N)c(OC)cc1C,6.71
ZINC000005799845,O=C1NCN(c2ccccc2)C12CCN(CCc1ccccc1)CC2,5.22
ZINC000005845906,CCN(CC)C(=O)[C@@H]1C=C2c3cccc4[nH]cc(c34)C[C@H]2NC1,5.89
ZINC000006018832,COc1ccc2[nH]cc(CCNCc3ccccc3)c2c1,6.43
ZINC000006021008,COc1ccc(C[C@H](C)N)c(OC)c1,5.35
ZINC000006036825,COc1ccc(C[C@@H](C)N)c(OC)c1,5.35
ZINC000006070636,COc1cc(C)ccc1C[C@@H](C)N,6.21
ZINC000006070637,COc1cc(C)ccc1C[C@H](C)N,6.21
ZINC000006733253,COc1ccc(-c2cc3c4c(c2)[C@@H]2CNCC[C@@H]2N4CCC3)c(C(F)(F)F)c1,6.77
ZINC000006733302,COc1cc2c(cc1Cl)[C@H](C)CNCC2,7.96
ZINC000006733454,C[C@@H]1CNCCc2c(Cl)cc(Cl)cc21,7.7
ZINC000006733455,C[C@@H]1CNCCc2ccc(Cl)c(F)c21,7.66
ZINC000006733456,C[C@@H]1CNCCc2c(Cl)cccc21,6.07
ZINC000006733457,C[C@@H]1CNCCc2ccc(Cl)c(Cl)c21,8.52
ZINC000006809082,CCN1Cc2cccc(CNc3ccc(C)c(F)c3)c2C1,5.25
ZINC000006818167,CCC(=O)Nc1nn2c(-c3cccc(C)c3)nnc2s1,5.04
ZINC000006845963,CCCCCCCCCCCCCCCC[n+]1ccccc1,6.17
ZINC000006885604,NC[C@@H]1O[C@@H](c2ccccc2)Cc2c1ccc(O)c2O,5.03
ZINC000007448518,CCN(CC)c1nc(Nc2ccc(Cl)cc2)c2cnn(C)c2n1,6.0
ZINC000007504136,CCc1nnc2c(NC)nc3ccccc3n12,5.29
ZINC000009116995,Cc1ccc2onc(CNC(=O)N3CCN(C)CC3)c2c1,5.05
ZINC000009569120,Cn1ncc2c(Nc3ccc(F)cc3)nc(N3CCN(c4ccccc4)CC3)nc21,6.38
ZINC000011919626,COc1cccc2c3c([nH]c12)C=NCC3,5.87
ZINC000011919683,Brc1ccc2[nH]c3c(c2c1)CCN=C3,5.92
ZINC000012068667,COc1ccccc1N1CCN(CCCNS(=O)(=O)c2ccc3ccccc3c2)CC1,6.62
ZINC000012068672,COc1ccc(S(=O)(=O)NCCCN2CCN(c3ccccc3OC)CC2)cc1,5.01
ZINC000012069082,COc1ccc(S(=O)(=O)NCCCN2CCN(c3ccc(F)cc3)CC2)cc1,5.31
ZINC000012356130,Oc1nc2ccc(CCN3CCN(c4ccccc4)CC3)cc2s1,7.05
ZINC000012356157,O=C(CCCN1CC[C@](O)(c2ccc(Cl)cc2)C1)c1ccc(F)cc1,5.9
ZINC000012356234,COc1ccccc1N1CCN(CCCc2ccc3nc(O)sc3c2)CC1,7.0
ZINC000012356289,Cc1sc2nc(SCCCN3CCN(c4ncccn4)CC3)n(N)c(=O)c2c1C,5.7
ZINC000012356328,O=C(CCCN1CCC2(CC1)C(=O)NCN2C1CCCCC1)c1ccc(F)cc1,6.17
ZINC000012653907,CN(C)CCNC(=O)c1cc2ccccc2[nH]1,6.37
ZINC000013436804,CN(C)C[C@@H]1C[C@H]2c3ccccc3Oc3ccc(Cl)cc3N2O1,8.42
ZINC000013436808,CN(C)C[C@H]1C[C@H]2c3ccccc3Oc3ccc(Cl)cc3N2O1,8.42
ZINC000013436812,CN(C)C[C@@H]1C[C@@H]2c3ccccc3Oc3ccc(Cl)cc3N2O1,8.42
ZINC000013436814,CN(C)C[C@H]1C[C@@H]2c3ccccc3Oc3ccc(Cl)cc3N2O1,8.42
ZINC000013436817,CN(C)C[C@H]1C[C@H]2c3ccccc3Cc3ccccc3N2O1,7.91
ZINC000013436823,CN(C)CC[C@@H]1C[C@H]2c3ccccc3Cc3ccccc3N2O1,7.43
ZINC000013436827,CN(C)CC[C@H]1C[C@H]2c3ccccc3Cc3ccccc3N2O1,7.43
ZINC000013436830,CN(C)CC[C@@H]1C[C@@H]2c3ccccc3Cc3ccccc3N2O1,7.43
ZINC000013436833,CN(C)CC[C@H]1C[C@@H]2c3ccccc3Cc3ccccc3N2O1,7.43
ZINC000013436836,CN(C)CCC[C@@H]1C[C@H]2c3ccccc3Cc3ccccc3N2O1,7.73
ZINC000013436839,CN(C)CCC[C@H]1C[C@H]2c3ccccc3Cc3ccccc3N2O1,7.73
ZINC000013436842,CN(C)CCC[C@@H]1C[C@@H]2c3ccccc3Cc3ccccc3N2O1,7.73
ZINC000013436845,CN(C)CCC[C@H]1C[C@@H]2c3ccccc3Cc3ccccc3N2O1,7.73
ZINC000013436850,CCN(CC)C[C@@H]1C[C@H]2c3ccccc3Cc3ccccc3N2O1,7.84
ZINC000013436853,CCN(CC)C[C@H]1C[C@H]2c3ccccc3Cc3ccccc3N2O1,7.84
ZINC000013436857,CCN(CC)C[C@@H]1C[C@@H]2c3ccccc3Cc3ccccc3N2O1,7.84
ZINC000013436860,CCN(CC)C[C@H]1C[C@@H]2c3ccccc3Cc3ccccc3N2O1,7.84
ZINC000013436863,CC(C)N(C[C@@H]1C[C@H]2c3ccccc3Cc3ccccc3N2O1)C(C)C,6.49
ZINC000013436869,CC(C)N(C[C@H]1C[C@H]2c3ccccc3Cc3ccccc3N2O1)C(C)C,6.49
ZINC000013436872,CC(C)N(C[C@@H]1C[C@@H]2c3ccccc3Cc3ccccc3N2O1)C(C)C,6.49
ZINC000013436876,CC(C)N(C[C@H]1C[C@@H]2c3ccccc3Cc3ccccc3N2O1)C(C)C,6.49
ZINC000013436879,CN(C[C@@H]1C[C@H]2c3ccccc3Cc3ccccc3N2O1)C(=O)C(F)(F)F,6.16
ZINC000013436882,CN(C[C@H]1C[C@H]2c3ccccc3Cc3ccccc3N2O1)C(=O)C(F)(F)F,6.16
ZINC000013436885,CN(C[C@@H]1C[C@@H]2c3ccccc3Cc3ccccc3N2O1)C(=O)C(F)(F)F,6.16
ZINC000013436889,CN(C[C@H]1C[C@@H]2c3ccccc3Cc3ccccc3N2O1)C(=O)C(F)(F)F,6.16
ZINC000013436892,CNC[C@H]1C[C@H]2c3ccccc3Cc3ccccc3N2O1,8.15
ZINC000013436895,CNC[C@@H]1C[C@@H]2c3ccccc3Cc3ccccc3N2O1,8.15
ZINC000013436898,NC[C@@H]1C[C@H]2c3ccccc3Cc3ccccc3N2O1,8.25
ZINC000013436902,NC[C@H]1C[C@H]2c3ccccc3Cc3ccccc3N2O1,8.25
ZINC000013436905,NC[C@@H]1C[C@@H]2c3ccccc3Cc3ccccc3N2O1,8.25
ZINC000013436908,NC[C@H]1C[C@@H]2c3ccccc3Cc3ccccc3N2O1,8.25
ZINC000013436911,CN(C)C[C@@]1(C)C[C@H]2c3ccccc3Cc3ccccc3N2O1,7.86
ZINC000013436914,CN(C)C[C@]1(C)C[C@H]2c3ccccc3Cc3ccccc3N2O1,7.86
ZINC000013436917,CN(C)C[C@@]1(C)C[C@@H]2c3ccccc3Cc3ccccc3N2O1,7.86
ZINC000013436920,CN(C)C[C@]1(C)C[C@@H]2c3ccccc3Cc3ccccc3N2O1,7.86
ZINC000013436924,c1ccc2c(c1)Cc1ccccc1N1O[C@H](CN3CCCC3)C[C@@H]21,7.79
ZINC000013436928,c1ccc2c(c1)Cc1ccccc1N1O[C@@H](CN3CCCC3)C[C@@H]21,7.79
ZINC000013436931,c1ccc2c(c1)Cc1ccccc1N1O[C@H](CN3CCCC3)C[C@H]21,7.79
ZINC000013436934,c1ccc2c(c1)Cc1ccccc1N1O[C@@H](CN3CCCC3)C[C@H]21,7.79
ZINC000013437045,Cc1cccc2c1[C@@H]1C[C@@H](CN(C)C)ON1c1ccccc1C2,7.52
ZINC000013437048,Cc1cccc2c1[C@@H]1C[C@H](CN(C)C)ON1c1ccccc1C2,7.52
ZINC000013437050,Cc1cccc2c1[C@H]1C[C@@H](CN(C)C)ON1c1ccccc1C2,7.52
ZINC000013437053,Cc1cccc2c1[C@H]1C[C@H](CN(C)C)ON1c1ccccc1C2,7.52
ZINC000013437056,Cc1ccc2c(c1)Cc1ccccc1N1O[C@H](CN(C)C)C[C@@H]21,8.2
ZINC000013437059,Cc1ccc2c(c1)Cc1ccccc1N1O[C@@H](CN(C)C)C[C@@H]21,8.2
ZINC000013437062,Cc1ccc2c(c1)Cc1ccccc1N1O[C@H](CN(C)C)C[C@H]21,8.2
ZINC000013437065,Cc1ccc2c(c1)Cc1ccccc1N1O[C@@H](CN(C)C)C[C@H]21,8.2
ZINC000013437068,CN(C)C[C@@H]1C[C@H]2c3ccccc3Cc3cc(F)ccc3N2O1,8.33
ZINC000013437071,CN(C)C[C@H]1C[C@H]2c3ccccc3Cc3cc(F)ccc3N2O1,8.33
ZINC000013437073,CN(C)C[C@@H]1C[C@@H]2c3ccccc3Cc3cc(F)ccc3N2O1,8.33
ZINC000013437076,CN(C)C[C@H]1C[C@@H]2c3ccccc3Cc3cc(F)ccc3N2O1,8.33
ZINC000013437079,CN(C)C[C@@H]1C[C@H]2c3ccccc3Cc3ccc(Cl)cc3N2O1,8.98
ZINC000013437082,CN(C)C[C@H]1C[C@H]2c3ccccc3Cc3ccc(Cl)cc3N2O1,8.98
ZINC000013437085,CN(C)C[C@H]1C[C@@H]2c3ccccc3Cc3ccc(Cl)cc3N2O1,8.98
ZINC000013437088,Cc1ccc2c(c1)N1O[C@H](CN(C)C)C[C@H]1c1ccccc1C2,8.52
ZINC000013437091,Cc1ccc2c(c1)N1O[C@@H](CN(C)C)C[C@H]1c1ccccc1C2,8.52
ZINC000013437095,Cc1ccc2c(c1)N1O[C@H](CN(C)C)C[C@@H]1c1ccccc1C2,8.52
ZINC000013437098,Cc1ccc2c(c1)N1O[C@@H](CN(C)C)C[C@@H]1c1ccccc1C2,8.52
ZINC000013437101,CN(C)C[C@@H]1C[C@H]2c3ccccc3Cc3cccc(Cl)c3N2O1,7.99
ZINC000013437104,CN(C)C[C@H]1C[C@H]2c3ccccc3Cc3cccc(Cl)c3N2O1,7.99
ZINC000013437107,CN(C)C[C@@H]1C[C@@H]2c3ccccc3Cc3cccc(Cl)c3N2O1,7.99
ZINC000013437111,CN(C)C[C@H]1C[C@@H]2c3ccccc3Cc3cccc(Cl)c3N2O1,7.99
ZINC000013437114,CN(C)C[C@@H]1C[C@H]2c3c(cccc3C(F)(F)F)Cc3ccccc3N2O1,8.12
ZINC000013437117,CN(C)C[C@H]1C[C@H]2c3c(cccc3C(F)(F)F)Cc3ccccc3N2O1,8.12
ZINC000013437121,CN(C)C[C@@H]1C[C@@H]2c3c(cccc3C(F)(F)F)Cc3ccccc3N2O1,8.12
ZINC000013437124,CN(C)C[C@H]1C[C@@H]2c3c(cccc3C(F)(F)F)Cc3ccccc3N2O1,8.12
ZINC000013437127,COc1ccc2c(c1)[C@H]1C[C@H](CN(C)C)ON1c1ccccc1C2,7.71
ZINC000013437130,COc1ccc2c(c1)[C@H]1C[C@@H](CN(C)C)ON1c1ccccc1C2,7.71
ZINC000013437133,CN(C)C[C@@H]1C[C@H]2c3cc(F)ccc3Cc3ccccc3N2O1,7.97
ZINC000013437136,CN(C)C[C@H]1C[C@H]2c3cc(F)ccc3Cc3ccccc3N2O1,7.97
ZINC000013437140,CN(C)C[C@@H]1C[C@@H]2c3cc(F)ccc3Cc3ccccc3N2O1,7.97
ZINC000013437143,CN(C)C[C@H]1C[C@@H]2c3cc(F)ccc3Cc3ccccc3N2O1,7.97
ZINC000013437146,CN(C)C[C@@H]1C[C@H]2c3cccc(F)c3Cc3ccccc3N2O1,7.93
ZINC000013437150,CN(C)C[C@H]1C[C@H]2c3cccc(F)c3Cc3ccccc3N2O1,7.93
ZINC000013437153,CN(C)C[C@@H]1C[C@@H]2c3cccc(F)c3Cc3ccccc3N2O1,7.93
ZINC000013437156,CN(C)C[C@H]1C[C@@H]2c3cccc(F)c3Cc3ccccc3N2O1,7.93
ZINC000013437159,CN(C)C[C@@H]1C[C@H]2c3cccc(C(F)(F)F)c3Cc3ccccc3N2O1,6.36
ZINC000013437162,CN(C)C[C@H]1C[C@H]2c3cccc(C(F)(F)F)c3Cc3ccccc3N2O1,6.36
ZINC000013437165,CN(C)C[C@@H]1C[C@@H]2c3cccc(C(F)(F)F)c3Cc3ccccc3N2O1,6.36
ZINC000013437168,CN(C)C[C@H]1C[C@@H]2c3cccc(C(F)(F)F)c3Cc3ccccc3N2O1,6.36
ZINC000013437171,CN(C)C[C@@H]1C[C@H]2c3ccccc3Cc3c(F)cccc3N2O1,8.3
ZINC000013437174,CN(C)C[C@H]1C[C@H]2c3ccccc3Cc3c(F)cccc3N2O1,8.3
ZINC000013437178,CN(C)C[C@@H]1C[C@@H]2c3ccccc3Cc3c(F)cccc3N2O1,8.3
ZINC000013437181,CN(C)C[C@H]1C[C@@H]2c3ccccc3Cc3c(F)cccc3N2O1,8.3
ZINC000013437184,Cc1cccc2c1Cc1ccccc1[C@@H]1C[C@@H](CN(C)C)ON21,8.41
ZINC000013437188,Cc1cccc2c1Cc1ccccc1[C@@H]1C[C@H](CN(C)C)ON21,8.41
ZINC000013437191,Cc1cccc2c1Cc1ccccc1[C@H]1C[C@@H](CN(C)C)ON21,8.41
ZINC000013437195,Cc1cccc2c1Cc1ccccc1[C@H]1C[C@H](CN(C)C)ON21,8.41
ZINC000013437198,CN(C)C[C@@H]1C[C@H]2c3ccccc3Cc3ccc(F)cc3N2O1,8.94
ZINC000013437201,CN(C)C[C@H]1C[C@H]2c3ccccc3Cc3ccc(F)cc3N2O1,8.94
ZINC000013437204,CN(C)C[C@@H]1C[C@@H]2c3ccccc3Cc3ccc(F)cc3N2O1,8.94
ZINC000013437207,CN(C)C[C@H]1C[C@@H]2c3ccccc3Cc3ccc(F)cc3N2O1,8.94
ZINC000013437210,CN(C)C[C@H]1C[C@H]2c3cc(F)ccc3Cc3ccc(F)cc3N2O1,8.21
ZINC000013437214,CN(C)C[C@@H]1C[C@@H]2c3cc(F)ccc3Cc3ccc(F)cc3N2O1,8.21
ZINC000013437217,CN(C)C[C@@H]1C[C@H]2c3ccccc3Cc3ccc(-c4ccccc4)cc3N2O1,7.95
ZINC000013437220,CN(C)C[C@H]1C[C@H]2c3ccccc3Cc3ccc(-c4ccccc4)cc3N2O1,7.95
ZINC000013437223,CN(C)C[C@@H]1C[C@@H]2c3ccccc3Cc3ccc(-c4ccccc4)cc3N2O1,7.95
ZINC000013437226,CN(C)C[C@H]1C[C@@H]2c3ccccc3Cc3ccc(-c4ccccc4)cc3N2O1,7.95
ZINC000013444163,COc1cc(C)cc(OC)c1C[C@@H](C)N,7.3
ZINC000013444166,COc1cc(C)cc(OC)c1C[C@H](C)N,7.3
ZINC000013444169,Cc1c2c(c(C[C@@H](C)N)c3c1CCO3)OCC2,8.12
ZINC000013444172,Cc1c2c(c(C[C@H](C)N)c3c1CCO3)OCC2,8.12
ZINC000013444176,Cc1c2ccoc2c(C[C@@H](C)N)c2occc12,9.05
ZINC000013444179,Cc1c2ccoc2c(C[C@H](C)N)c2occc12,9.05
ZINC000013447125,O=C(c1ccccc1)N1CCN(CCCCc2ccccc2)CC1,5.07
ZINC000013450372,CCCc1ccc(C[C@@H](C)N)cc1,5.9
ZINC000013450376,CCCc1ccc(C[C@H](C)N)cc1,5.9
ZINC000013450381,COc1cc(C)ccc1CCN,6.96
ZINC000013450384,CN[C@@H](C)Cc1ccc(C)cc1OC,5.83
ZINC000013450388,CN[C@H](C)Cc1ccc(C)cc1OC,5.83
ZINC000013450393,COc1cc(Br)ccc1C[C@@H](C)N,7.0
ZINC000013450398,COc1cc(Br)ccc1C[C@H](C)N,7.0
ZINC000013450403,COc1cc(Br)ccc1CCN,6.66
ZINC000013450408,COc1cccc(Br)c1C[C@@H](C)N,5.81
ZINC000013450413,COc1cccc(Br)c1C[C@H](C)N,5.81
ZINC000013450417,COc1cc(I)ccc1C[C@@H](C)N,6.89
ZINC000013450421,COc1cc(I)ccc1C[C@H](C)N,6.89
ZINC000013450434,CCOc1cc(OC)c(C[C@@H](C)N)cc1OC,5.64
ZINC000013450439,CCOc1cc(OC)c(C[C@H](C)N)cc1OC,5.64
ZINC000013450445,CCCc1cc(OC)c(C[C@@H](C)N)cc1OC,7.85
ZINC000013450449,CCCc1cc(OC)c(C[C@H](C)N)cc1OC,7.85
ZINC000013450458,CN[C@H](C)Cc1cc(OC)c(Br)cc1OC,7.01
ZINC000013450472,CCCCc1cc(OC)c(C[C@@H](C)N)cc1OC,7.59
ZINC000013450477,CCCCc1cc(OC)c(C[C@H](C)N)cc1OC,7.59
ZINC000013471701,O=C1C[C@H](CN2CCC(C(=O)c3ccc(F)cc3)CC2)Cc2occc21,5.81
ZINC000013471704,O=C1C[C@H](CN2CCC(c3noc4cc(F)ccc34)CC2)Cc2occc21,6.47
ZINC000013471711,O=C(c1ccc(F)cc1)C1CCN(CC[C@@H]2CCc3occc3C2=O)CC1,6.47
ZINC000013471712,O=C(c1ccc(F)cc1)C1CCN(CC[C@H]2CCc3occc3C2=O)CC1,6.47
ZINC000013471715,O=C1c2ccoc2CC[C@H]1CCN1CCC(c2noc3cc(F)ccc23)CC1,7.46
ZINC000013471716,O=C1c2ccoc2CC[C@@H]1CCN1CCC(c2noc3cc(F)ccc23)CC1,7.46
ZINC000013472083,O[C@@H](CCc1ccccc1)CN1CCC2(CCc3cc(F)ccc3O2)CC1,5.82
ZINC000013472084,O[C@H](CCc1ccccc1)CN1CCC2(CCc3cc(F)ccc3O2)CC1,5.82
ZINC000013473855,O[C@H](c1ccc(F)cc1)C1CCN(CCc2ccccc2I)CC1,7.54
ZINC000013473856,O[C@@H](c1ccc(F)cc1)C1CCN(CCc2ccccc2I)CC1,7.54
ZINC000013473864,O[C@@H](c1ccc(F)cc1)C1CCN(CCc2ccc(F)cc2)CC1,6.3
ZINC000013475061,COc1cccc2c1N1CCN(C)C[C@H]1c1ccccc1C2,9.68
ZINC000013475062,COc1cccc2c1N1CCN(C)C[C@@H]1c1ccccc1C2,9.8
ZINC000013475063,CN1CCN2c3c(O)cccc3Cc3ccccc3[C@@H]2C1,8.7
ZINC000013475727,c1ccc(CCCCN2CCC(Cc3ccccc3)CC2)cc1,5.39
ZINC000013475730,c1ccc(CCN2CCC(Cc3ccccc3)CC2)cc1,5.75
ZINC000013476809,Cn1c2c(c3ccccc31)CN(CCCC(=O)c1ccc(F)cc1)CC2,7.22
ZINC000013476813,COc1ccc(CCCCN2CCc3c(c4ccccc4n3C)C2)cc1,6.0
ZINC000013476817,Cn1c2c(c3ccccc31)CN(CCCCCc1ccccc1)CC2,6.0
ZINC000013476818,Cn1c2c(c3ccccc31)CN(CCCCCCc1ccccc1)CC2,6.28
ZINC000013476819,Cn1c2c(c3ccccc31)CN(CCC[C@@H](O)c1ccc(F)cc1)CC2,6.41
ZINC000013476821,Cn1c2c(c3ccccc31)CN(CCC[C@H](O)c1ccc(F)cc1)CC2,6.41
ZINC000013476827,Cn1c2c(c3ccccc31)CN(CCCOc1ccc(F)cc1)CC2,7.12
ZINC000013476829,c1ccc(OCCCN2CCc3[nH]c4ccccc4c3C2)cc1,6.8
ZINC000013476831,Cn1c2c(c3ccccc31)CN(CCCOc1ccccc1)CC2,6.55
ZINC000013476833,CCn1c2c(c3ccccc31)CN(CCCOc1ccccc1)CC2,6.67
ZINC000013476835,c1ccc(Cn2c3c(c4ccccc42)CN(CCCOc2ccccc2)CC3)cc1,7.05
ZINC000013476836,Cn1c2c(c3ccccc31)CN(CCCOc1cccc3ccccc13)CC2,6.4
ZINC000013476838,Cn1c2c(c3ccccc31)CN(CCCOc1ccc3ccccc3c1)CC2,6.52
ZINC000013476840,COc1ccc2c(c1)c1c(n2C)CCN(CCCOc2ccc(F)cc2)C1,6.82
ZINC000013476842,COc1cccc2c3c(n(C)c12)CCN(CCCOc1ccc(F)cc1)C3,6.65
ZINC000013476843,Cn1c2c(c3cc(Cl)ccc31)CN(CCCOc1ccc(F)cc1)CC2,6.52
ZINC000013476844,Cn1c2c(c3cccc(Cl)c31)CN(CCCOc1ccc(F)cc1)CC2,6.65
ZINC000013491358,C[C@H]1C[C@@H](C)N1C(=O)[C@@H]1C=C2c3cccc4[nH]cc(c34)C[C@H]2N(C)C1,7.64
ZINC000013491359,C[C@@H]1C[C@@H](C)N1C(=O)[C@@H]1C=C2c3cccc4[nH]cc(c34)C[C@H]2N(C)C1,6.89
ZINC000013491360,C[C@H]1C[C@H](C)N1C(=O)[C@@H]1C=C2c3cccc4[nH]cc(c34)C[C@H]2N(C)C1,8.19
ZINC000013492999,CCn1cc(-c2ccc3c(c2)c(C2CCN(CCN4CCNC4=O)CC2)cn3-c2ccc(F)cc2)nn1,6.3
ZINC000013493000,Cn1ncc(-c2ccc3c(c2)c(C2CCN(CCN4CCNC4=O)CC2)cn3-c2ccc(F)cc2)n1,7.14
ZINC000013493001,CCn1ncc(-c2ccc3c(c2)c(C2CCN(CCN4CCNC4=O)CC2)cn3-c2ccc(F)cc2)n1,7.43
ZINC000013493003,Cn1ccc(-c2ccc3c(c2)c(C2CCN(CCN4CCNC4=O)CC2)cn3-c2ccc(F)cc2)n1,6.48
ZINC000013493004,Cn1cc(-c2ccc3c(c2)c(C2CCN(CCN4CCNC4=O)CC2)cn3-c2ccc(F)cc2)cn1,6.0
ZINC000013493005,Cn1cnc(-c2ccc3c(c2)c(C2CCN(CCN4CCNC4=O)CC2)cn3-c2ccc(F)cc2)n1,5.54
ZINC000013493006,Cn1cnnc1-c1ccc2c(c1)c(C1CCN(CCN3CCNC3=O)CC1)cn2-c1ccc(F)cc1,5.96
ZINC000013493007,Cn1ncnc1-c1ccc2c(c1)c(C1CCN(CCN3CCNC3=O)CC1)cn2-c1ccc(F)cc1,6.72
ZINC000013493008,Cn1nccc1-c1ccc2c(c1)c(C1CCN(CCN3CCNC3=O)CC1)cn2-c1ccc(F)cc1,7.35
ZINC000013493009,Cn1ccnc1-c1ccc2c(c1)c(C1CCN(CCN3CCNC3=O)CC1)cn2-c1ccc(F)cc1,6.89
ZINC000013493010,Cn1nncc1-c1ccc2c(c1)c(C1CCN(CCN3CCNC3=O)CC1)cn2-c1ccc(F)cc1,6.85
ZINC000013493011,Cn1nnnc1-c1ccc2c(c1)c(C1CCN(CCN3CCNC3=O)CC1)cn2-c1ccc(F)cc1,6.74
ZINC000013493012,O=C1NCCN1CCN1CCC(c2cn(-c3ccc(F)cc3)c3ccc(-c4ncccn4)cc23)CC1,5.92
ZINC000013493013,O=C1NCCN1CCN1CCC(c2cn(-c3ccc(F)cc3)c3ccc(-c4cncnc4)cc23)CC1,6.92
ZINC000013493014,O=C1NCCN1CCN1CCC(c2cn(-c3ccc(F)cc3)c3ccc(-c4cccnc4)cc23)CC1,7.3
ZINC000013493016,O=C1NCCN1CCN1CCC(c2cn(-c3ccc(F)cc3)c3ccc(-c4c[nH]nn4)cc23)CC1,6.82
ZINC000013525288,COc1ccc2c3c1[C@H](CN)CC[C@@H]3CO2,7.23
ZINC000013525292,COc1cc(Br)c2c3c1[C@H](CN)CC[C@@H]3CO2,8.55
ZINC000013525296,COc1ccc2c3c1[C@H](CN)CC[C@H]3CO2,7.47
ZINC000013525299,COc1cc(Br)c2c3c1[C@H](CN)CC[C@H]3CO2,8.31
ZINC000013525303,COc1ccc2occ3c2c1[C@H](CN)CC3,7.96
ZINC000013525306,COc1cc(Br)c2occ3c2c1[C@H](CN)CC3,8.96
ZINC000013526477,Cn1c2c(c3ccccc31)CN(CCC/C(=N/O)c1ccc(F)cc1)CC2,6.72
ZINC000013526480,Cn1c2c(c3ccccc31)CN(C/C=C\CCc1ccccc1)CC2,6.55
ZINC000013526483,Cn1c2c(c3ccccc31)CN(C/C=C/CCc1ccccc1)CC2,6.61
ZINC000013526491,Cn1c2c(c3ccccc31)CN(CCOc1ccc(F)cc1)CC2,6.63
ZINC000013526495,Cn1c2c(c3ccccc31)CN(CCCOCc1ccccc1)CC2,6.19
ZINC000013526498,Cn1c2c(c3ccccc31)CN(CCCOc1ccc([N+](=O)[O-])cc1)CC2,6.52
ZINC000013526510,Cn1c2c(c3ccccc31)CN(CCCOc1ccc(N)cc1)CC2,6.52
ZINC000013526513,O=C(CCCN1CCc2c([nH]c3ccccc23)C1)c1ccccc1,6.94
ZINC000013526517,c1ccc(OCCCN2CCc3c([nH]c4ccccc34)C2)cc1,6.51
ZINC000013526519,Cn1c2c(c3ccccc31)CCN(CCCOc1ccccc1)C2,6.4
ZINC000013527315,C[C@H](N)Cc1cn(C)c2ccc3c(c12)CCCO3,8.57
ZINC000013532241,CN1CCN(C2=Nc3cc(Cl)ccc3Oc3ccccc32)CC1,7.72
ZINC000013532244,CN1CCN(C2=Cc3cc(Cl)ccc3Cc3ccccc32)CC1,8.15
ZINC000013532247,CN1CCN(C2=Cc3ccccc3Cc3ccc(Cl)cc32)CC1,8.22
ZINC000013535363,c1ccc2c(c1)C[C@H]1CCNCCN21,6.14
ZINC000013535367,c1ccc2c(c1)C[C@@H]1CCNCCN21,6.14
ZINC000013535410,CCOc1ccccc1-c1ccc2c(c1)C[C@H]1CCNCCN21,5.32
ZINC000013535414,CCOc1ccccc1-c1ccc2c(c1)C[C@@H]1CCNCCN21,5.32
ZINC000013535418,CCOc1ccccc1-c1ccc2c(c1)N1CCNCC[C@H]1C2,6.03
ZINC000013535422,CCOc1ccccc1-c1ccc2c(c1)N1CCNCC[C@@H]1C2,6.03
ZINC000013535426,CCOc1ccccc1-c1cccc2c1N1CCNCC[C@H]1C2,6.99
ZINC000013535430,CCOc1ccccc1-c1cccc2c1N1CCNCC[C@@H]1C2,6.99
ZINC000013535437,CCOc1ccccc1-c1cc(Cl)cc2c1N1CCNCC[C@H]1C2,7.49
ZINC000013535441,CCOc1ccccc1-c1cc(Cl)cc2c1N1CCNCC[C@@H]1C2,7.49
ZINC000013535449,Clc1ccccc1-c1cccc2c1N1CCNCC[C@H]1C2,7.64
ZINC000013535453,Clc1ccccc1-c1cccc2c1N1CCNCC[C@@H]1C2,7.64
ZINC000013535458,Cc1ccccc1-c1cccc2c1N1CCNCC[C@H]1C2,7.52
ZINC000013535462,FC(F)(F)c1ccccc1-c1cccc2c1N1CCNCC[C@H]1C2,7.85
ZINC000013535466,FC(F)(F)c1ccccc1-c1cccc2c1N1CCNCC[C@@H]1C2,7.85
ZINC000013535471,CCOc1cccc(-c2cc(Cl)cc3c2N2CCNCC[C@H]2C3)c1,6.33
ZINC000013535474,CCOc1cccc(-c2cc(Cl)cc3c2N2CCNCC[C@@H]2C3)c1,6.33
ZINC000013535478,CCOc1ccc(-c2cc(Cl)cc3c2N2CCNCC[C@H]2C3)cc1,6.58
ZINC000013535483,CCOc1ccc(-c2cc(Cl)cc3c2N2CCNCC[C@@H]2C3)cc1,6.58
ZINC000013535488,Cc1ccccc1-c1cc(Cl)cc2c1N1CCNCC[C@H]1C2,7.37
ZINC000013535492,Cc1ccccc1-c1cc(Cl)cc2c1N1CCNCC[C@@H]1C2,7.37
ZINC000013535496,Clc1cc2c(c(-c3ccccc3Cl)c1)N1CCNCC[C@H]1C2,7.24
ZINC000013535500,Clc1cc2c(c(-c3ccccc3Cl)c1)N1CCNCC[C@@H]1C2,7.24
ZINC000013535504,Fc1ccccc1-c1cc(Cl)cc2c1N1CCNCC[C@H]1C2,6.65
ZINC000013535509,Fc1ccccc1-c1cc(Cl)cc2c1N1CCNCC[C@@H]1C2,6.65
ZINC000013535512,Fc1ccc(-c2cc(Cl)cc3c2N2CCNCC[C@H]2C3)cc1,6.51
ZINC000013535516,Fc1ccc(-c2cc(Cl)cc3c2N2CCNCC[C@@H]2C3)cc1,6.51
ZINC000013535520,Clc1ccc(-c2cc(Cl)cc3c2N2CCNCC[C@H]2C3)c(Cl)c1,6.41
ZINC000013535525,Clc1ccc(-c2cc(Cl)cc3c2N2CCNCC[C@@H]2C3)c(Cl)c1,6.41
ZINC000013535530,Clc1ccc(Cl)c(-c2cc(Cl)cc3c2N2CCNCC[C@H]2C3)c1,6.8
ZINC000013535533,Clc1ccc(Cl)c(-c2cc(Cl)cc3c2N2CCNCC[C@@H]2C3)c1,6.8
ZINC000013535537,COc1ccc(Cl)cc1-c1cc(Cl)cc2c1N1CCNCC[C@H]1C2,6.1
ZINC000013535542,COc1ccc(Cl)cc1-c1cc(Cl)cc2c1N1CCNCC[C@@H]1C2,6.1
ZINC000013536427,NC[C@@H]1c2ccccc2Cc2cc(Br)ccc21,8.48
ZINC000013536430,NC[C@H]1c2ccccc2Cc2cc(Br)ccc21,8.48
ZINC000013536439,CCCCCCc1ccc2c(c1)Cc1ccccc1[C@@H]2CN,7.21
ZINC000013536442,CCCCCCc1ccc2c(c1)Cc1ccccc1[C@H]2CN,7.21
ZINC000013536451,COc1cc(C[C@@H](C)N)c(OC)cc1CCCc1ccccc1,7.3
ZINC000013536453,COc1cc(C[C@H](C)N)c(OC)cc1CCCc1ccccc1,7.3
ZINC000013553349,COc1ccc2c(c1)c(CCN(C)C)cn2S(=O)(=O)c1ccccc1,7.64
ZINC000013557317,CN(C)[C@@H]1Cc2ccccc2[C@@H](c2ccccc2Cl)C1,6.54
ZINC000013557319,Cc1ccccc1[C@H]1C[C@H](N(C)C)Cc2ccccc21,5.8
ZINC000013557321,CN(C)[C@@H]1Cc2ccccc2[C@@H](c2ccc(Cl)cc2)C1,6.92
ZINC000013557324,CN(C)[C@@H]1Cc2ccccc2[C@@H](c2ccc(F)cc2)C1,7.17
ZINC000013559958,NC[C@@H]1C[C@@H]1c1ccccc1,7.89
ZINC000013587960,Brc1cccc2[nH]c3c(c12)CCN=C3,6.85
ZINC000013587961,Brc1ccc2c3c([nH]c2c1)C=NCC3,5.68
ZINC000013587962,Brc1cccc2c3c([nH]c12)C=NCC3,6.85
ZINC000013587963,COc1cccc2[nH]c3c(c12)CCN=C3,7.12
ZINC000013587964,COc1ccc2[nH]c3c(c2c1)CCN=C3,5.93
ZINC000013587965,Brc1cccc2[nH]c3c(c12)CCNC3,6.89
ZINC000013587966,Brc1ccc2[nH]c3c(c2c1)CCNC3,6.68
ZINC000013587967,Brc1ccc2c3c([nH]c2c1)CNCC3,6.6
ZINC000013611455,CN1CCN(C2=Cc3cc(Cl)ccc3Cn3cccc32)CC1,8.42
ZINC000013611457,Cc1ccc2n1Cc1ccccc1C=C2N1CCN(C)CC1,7.82
ZINC000013611459,CN(C)C[C@@H]1C[C@@H]2c3ccccc3Oc3ccc(F)cc3[C@H]2O1,8.12
ZINC000013611461,CN(C)C[C@H]1C[C@@H]2c3ccccc3Oc3ccc(F)cc3[C@H]2O1,8.37
ZINC000013611462,CN(C)C[C@@H]1C[C@@H]2c3ccccc3Oc3ccc(Cl)cc3[C@H]2O1,8.43
ZINC000013611464,CN(C)C[C@H]1C[C@@H]2c3ccccc3Oc3ccc(Cl)cc3[C@H]2O1,8.62
ZINC000013611465,CN(C)C[C@@H]1C[C@@H]2c3ccccc3Oc3ccc(Br)cc3[C@H]2O1,7.77
ZINC000013611467,CN(C)C[C@H]1C[C@@H]2c3ccccc3Oc3ccc(Br)cc3[C@H]2O1,8.05
ZINC000013611468,CN(C)C[C@@H]1C[C@@H]2c3ccccc3Sc3ccc(F)cc3[C@H]2O1,9.19
ZINC000013641847,COc1cc(C(F)(F)F)c(OC)cc1C[C@@H](C)N,8.42
ZINC000013641850,COc1cc(C(F)(F)F)c(OC)cc1C[C@H](C)N,8.42
ZINC000013644253,CN1CCN(c2nc3ccccc3c3c2CCCC3)CC1,5.36
ZINC000013671937,Cc1cc(N(C)CCN(C)C)nc2ccc(NC(=O)/C=C/c3ccc(OC(F)(F)F)cc3)cc12,6.05
ZINC000013671957,Cc1cc(N2CCNCC2)nc2ccc(NC(=O)COc3ccc(Cl)cc3Cl)cc12,5.7
ZINC000013671959,Cc1cc(N2CCNCC2)nc2ccc(NC(=O)/C=C/c3ccc(OC(F)(F)F)cc3)cc12,5.96
ZINC000013671961,Cc1cc(N2CCCNCC2)nc2ccc(NC(=O)/C=C/c3ccc(OC(F)(F)F)cc3)cc12,5.8
ZINC000013671975,CNCCN(C)c1cc(C)c2cc(NC(=O)COc3ccc(Cl)cc3Cl)ccc2n1,6.11
ZINC000013671976,Cc1cc(NCCN(C)C)nc2ccc(NC(=O)/C=C/c3ccc(OC(F)(F)F)cc3)cc12,5.24
ZINC000013671981,CCN1CCC[C@@H]1CNc1cc(C)c2cc(NC(=O)COc3ccc(OC(F)(F)F)cc3)ccc2n1,5.33
ZINC000013671983,CCN1CCC[C@H]1CNc1cc(C)c2cc(NC(=O)COc3ccc(OC(F)(F)F)cc3)ccc2n1,5.33
ZINC000013671985,Cc1cc(NCCCN(C)C)nc2ccc(NC(=O)COc3ccc(OC(F)(F)F)cc3)cc12,5.4
ZINC000013671987,Cc1cc(OCCN(C)C)nc2ccc(NC(=O)COc3ccc(Cl)cc3Cl)cc12,5.6
ZINC000013671991,Cc1cc(N(C)CCO)nc2ccc(NC(=O)COc3ccc(Cl)cc3Cl)cc12,5.23
ZINC000013727655,CN(C)CCc1c[nH]c2cc3c(cc12)OCCC3,5.6
ZINC000013727658,CN(C)CCc1cn(C)c2ccc3c(c12)CCCO3,7.0
ZINC000013731465,O=C(c1ccccc1)C1CCN(CCn2c(=O)[nH]c3ccccc3c2=O)CC1,6.12
ZINC000013731473,O=c1[nH]c2ccccc2c(=O)n1CCN1CCC(Cc2ccccc2)CC1,6.01
ZINC000013731476,O=c1[nH]c2ccccc2c(=O)n1CCN1CCC(Cc2ccc(F)cc2)CC1,6.7
ZINC000013731482,CN(CCCc1ccccc1)CCn1c(=O)[nH]c2ccccc2c1=O,5.86
ZINC000013731495,CCN1CCC(C(=O)c2ccc(F)cc2)CC1,5.5
ZINC000013731507,O=C(NCCN1CCC(C(=O)c2ccc(F)cc2)CC1)c1ccccc1,5.79
ZINC000013731510,O=C(CCCN1CCC(C(=O)c2ccc(F)cc2)CC1)c1ccccc1,6.46
ZINC000013731513,O=C(c1ccc(F)cc1)C1CCN(Cc2ccccc2)CC1,5.52
ZINC000013731516,O=C(c1ccc(F)cc1)C1CCN(CCCc2ccccc2)CC1,6.03
ZINC000013737373,CNCCc1cc(OC)c(Br)cc1OC,7.0
ZINC000013737374,COc1cc(CCN(C)C)c(OC)cc1Br,6.32
ZINC000013737375,CCNCCc1cc(OC)c(Br)cc1OC,5.71
ZINC000013737376,COc1cc(CCNCCCc2ccccc2)c(OC)cc1Br,6.51
ZINC000013737377,COc1cc(CCNCCCCc2ccccc2)c(OC)cc1Br,6.16
ZINC000013737378,COc1cc(CCNCc2ccccc2)c(OC)cc1Br,7.05
ZINC000013737379,COc1cc(CCN2CCCCC2)c(OC)cc1Br,5.6
ZINC000013737380,COc1cc(CCNCc2ccc(F)cc2)c(OC)cc1Br,6.44
ZINC000013737381,COc1cc(CCNCc2ccc(Cl)cc2)c(OC)cc1Br,6.15
ZINC000013737382,COc1cc(CCNCc2ccc(Br)cc2)c(OC)cc1Br,7.32
ZINC000013737383,COc1cc(CCNCc2ccc(I)cc2)c(OC)cc1Br,6.78
ZINC000013737384,COc1cc(CCNCc2ccc(C)cc2)c(OC)cc1Br,6.65
ZINC000013737385,COc1cc(CCNCc2ccc(N)cc2)c(OC)cc1Br,5.99
ZINC000013737386,COc1cc(CCNCc2ccc([N+](=O)[O-])cc2)c(OC)cc1Br,5.91
ZINC000013737387,COc1ccc(CNCCc2cc(OC)c(Br)cc2OC)cc1,6.67
ZINC000013737388,CCNCCc1c[nH]c2ccc(OC)cc12,5.57
ZINC000013737389,COc1ccc2[nH]cc(CCNCCCc3ccccc3)c2c1,6.78
ZINC000013737390,COc1ccc2[nH]cc(CCNCCCCc3ccccc3)c2c1,5.82
ZINC000013737392,COc1ccc2[nH]cc(CCNCc3ccc(F)cc3)c2c1,5.45
ZINC000013737393,COc1ccc2[nH]cc(CCNCc3ccc(I)cc3)c2c1,5.75
ZINC000013737394,COc1ccc2[nH]cc(CCNCc3ccc(C)cc3)c2c1,5.91
ZINC000013737395,COc1ccc2[nH]cc(CCNCc3ccc(N)cc3)c2c1,5.17
ZINC000013737396,COc1ccc2[nH]cc(CCNCc3ccc([N+](=O)[O-])cc3)c2c1,5.0
ZINC000013738214,CN1CCN(C2=Nc3cc(Cl)ccc3N(C)c3ccccc32)CC1,7.13
ZINC000013738215,CN1CCC(C2=Cc3cc(Cl)ccc3Cc3ccccc32)CC1,8.52
ZINC000013738217,C[C@@H]1c2ccccc2C=C(N2CCN(C)CC2)c2ccccc21,7.44
ZINC000013738218,C[C@H]1c2ccccc2C=C(N2CCN(C)CC2)c2ccccc21,7.44
ZINC000013738219,C=C1c2ccccc2C=C(N2CCN(C)CC2)c2ccccc21,7.74
ZINC000013738220,C/C=C1/c2ccccc2C=C(N2CCN(C)CC2)c2ccccc21,6.96
ZINC000013738221,CC(C)=C1c2ccc(Cl)cc2C=C(N2CCN(C)CC2)c2ccccc21,6.43
ZINC000013738222,CC(C)=C1c2ccccc2C=C(N2CCN(C)CC2)c2ccccc21,6.41
ZINC000013738223,CN1CCN(C2=Cc3cc(Cl)ccc3Oc3ccccc32)CC1,8.22
ZINC000013738224,C=C1c2ccccc2C=C(C2=CCN(C)CC2)c2ccccc21,7.46
ZINC000013738225,C[C@@H]1c2ccccc2C=C(C2=CCN(C)CC2)c2ccccc21,7.15
ZINC000013738226,C[C@H]1c2ccccc2C=C(C2=CCN(C)CC2)c2ccccc21,7.05
ZINC000013738227,CC(C)=C1c2ccccc2C=C(C2=CCN(C)CC2)c2ccccc21,6.08
ZINC000013740496,CN1CC=C(C2=Cc3ccccc3Cc3ccccc32)CC1,7.85
ZINC000013740497,CC(C)=C1c2ccccc2C=C(C2=CCN(C)CC2)c2cc(Cl)ccc21,5.92
ZINC000013740498,CCN1CC=C(C2=Cc3ccccc3Cc3ccccc32)CC1,8.15
ZINC000013740499,C=CCN1CC=C(C2=Cc3ccccc3Cc3ccccc32)CC1,7.34
ZINC000013740500,CN1CC=C(C2=Cc3ccccc3Oc3ccccc32)CC1,7.7
ZINC000013740501,CCN1CC=C(C2=Cc3ccccc3Oc3ccccc32)CC1,7.85
ZINC000013740502,C=CCN1CC=C(C2=Cc3ccccc3Oc3ccccc32)CC1,7.29
ZINC000013740503,CN1CCC(C2=Cc3ccccc3Oc3ccccc32)CC1,8.1
ZINC000013740924,O=C(c1ccccc1)C1CCN(CCc2ccccc2)CC1,6.1
ZINC000013740925,Fc1ccc(CC2CCN(CCc3ccccc3)CC2)cc1,5.7
ZINC000013740926,O[C@H](c1ccc(F)cc1)C1CCN(CCc2ccccc2)CC1,5.82
ZINC000013740927,O[C@@H](c1ccc(F)cc1)C1CCN(CCc2ccccc2)CC1,5.82
ZINC000013740928,O=C(c1ccccc1)C1CCN(CCCCc2ccccc2)CC1,5.62
ZINC000013740929,Fc1ccc(CC2CCN(CCCCc3ccccc3)CC2)cc1,5.56
ZINC000013740932,O[C@H](c1ccc(F)cc1)C1CCN(CCCCc2ccccc2)CC1,5.18
ZINC000013740933,O[C@@H](c1ccc(F)cc1)C1CCN(CCCCc2ccccc2)CC1,5.18
ZINC000013740942,c1ccc(CCCCN2CCC(=C(c3ccccc3)c3ccccc3)CC2)cc1,6.66
ZINC000013740943,c1ccc(CCN2CCC(=C(c3ccccc3)c3ccccc3)CC2)cc1,7.54
ZINC000013740944,O=c1[nH]c2ccccc2c(=O)n1CCN1CCC(C(c2ccccc2)c2ccccc2)CC1,7.28
ZINC000013741358,CN(C)CCc1c[nH]c2ccc(Cn3ccnc3)cc12,5.4
ZINC000013741359,Cc1nccn1Cc1ccc2[nH]cc(CCN(C)C)c2c1,5.5
ZINC000013741362,CN(C)CCc1c[nH]c2ccc(Cn3cnnn3)cc12,5.7
ZINC000013741363,CN(C)CCc1c[nH]c2ccc(Cn3ncnn3)cc12,6.0
ZINC000013741364,CN(C)CCc1c[nH]c2ccc(-n3cncn3)cc12,6.3
ZINC000013741365,Cc1nccn1-c1ccc2[nH]cc(CCN(C)C)c2c1,5.5
ZINC000013741368,CN(C)CCc1c[nH]c2ccc(Cc3nncn3C)cc12,5.1
ZINC000013741370,CN(C)CCc1c[nH]c2ccc(Cc3nnnn3C)cc12,5.3
ZINC000013741372,CN(C)CCc1c[nH]c2ccc(Cc3nnn(C)n3)cc12,5.6
ZINC000013741373,CCn1nnc(Cc2ccc3[nH]cc(CCN(C)C)c3c2)n1,5.6
ZINC000013742145,CN1CCN(c2nc3ccccc3c3c2CCc2ccccc2-3)CC1,5.14
ZINC000013742153,COc1cc2c(N3CCN(C)CC3)nc3ccccc3c2c2ccccc12,5.64
ZINC000013755924,CCCN1CCN(c2nc3ccsc3n3cccc23)CC1,6.46
ZINC000013755925,C=CCN1CCN(c2nc3ccsc3n3cccc23)CC1,6.77
ZINC000013755928,FC(F)(F)c1cccc(N2CCN(c3nc4ccsc4n4cccc34)CC2)c1,6.81
ZINC000013755932,Fc1ccc(CN2CCN(c3nc4ccsc4n4cccc34)CC2)cc1,5.13
ZINC000013755933,Clc1ccc(CN2CCN(c3nc4ccsc4n4cccc34)CC2)c(Cl)c1,6.07
ZINC000013755934,Clc1ccc(CN2CCN(c3nc4ccsc4n4cccc34)CC2)cc1Cl,5.41
ZINC000013755936,c1cc2c(N3CCN(Cc4ccc5c(c4)OCO5)CC3)nc3ccsc3n2c1,6.34
ZINC000013755942,FC(F)(F)c1ccccc1CCN1CCN(c2nc3ccsc3n3cccc23)CC1,5.97
ZINC000013755944,C(=C/c1ccccc1)\CN1CCN(c2nc3ccsc3n3cccc23)CC1,6.15
ZINC000013755946,c1cc2c(N3CCN(CC4CC4)CC3)nc3ccsc3n2c1,6.45
ZINC000013755954,O=C(CN1CCN(c2nc3ccsc3n3cccc23)CC1)N1CCCC1,5.08
ZINC000013755958,CN1CCN(c2nc3sccc3n3cccc23)CC1,6.45
ZINC000013755960,C=CCN1CCN(c2nc3sccc3n3cccc23)CC1,6.12
ZINC000013755962,FC(F)(F)c1cccc(N2CCN(c3nc4sccc4n4cccc34)CC2)c1,5.23
ZINC000013755964,c1ccc(CN2CCN(c3nc4sccc4n4cccc34)CC2)cc1,5.43
ZINC000013755968,Clc1ccc(CN2CCN(c3nc4sccc4n4cccc34)CC2)cc1Cl,5.06
ZINC000013755970,c1cc2c(N3CCN(Cc4ccc5c(c4)OCO5)CC3)nc3sccc3n2c1,5.59
ZINC000013755971,c1ccc(-c2cc3nc(N4CCNCC4)c4cccn4c3s2)cc1,5.0
ZINC000013755980,CN1CCN(c2nc3sc(-c4ccccc4)cc3n3cccc23)CC1,5.66
ZINC000013755983,FC(F)(F)c1cccc(N2CCN(c3nc4scc(-c5ccccc5)c4n4cccc34)CC2)c1,5.97
ZINC000013755987,c1ccc(CN2CCN(c3nc4scc(-c5ccccc5)c4n4cccc34)CC2)cc1,5.58
ZINC000013756927,COc1ccc(C[C@@H]2NCCc3c2[nH]c2cc(C)c(C)cc32)cc1OC,8.51
ZINC000013756928,COc1ccc(C[C@H]2NCCc3c2[nH]c2cc(C)c(C)cc32)cc1OC,8.51
ZINC000013756929,COc1ccc(C[C@@H]2NCCc3c2[nH]c2c(Br)c(C)ccc32)cc1OC,8.69
ZINC000013756931,COc1ccc(C[C@@H]2NCCc3c2[nH]c2ccc(C)cc32)c(Cl)c1OC,7.61
ZINC000013756932,COc1ccc(C[C@@H]2NCCc3c2[nH]c2ccc(C)cc32)c(Br)c1OC,7.73
ZINC000013756933,COc1ccc(C[C@H]2NCCc3c2[nH]c2ccc(C)cc32)c(Br)c1OC,7.73
ZINC000013757081,C[C@@H](N)Cc1c2c(cc3c1OCC3)OCC2,8.09
ZINC000013757082,C[C@H](N)Cc1c2c(cc3c1OCC3)OCC2,6.92
ZINC000013757085,C[C@H](N)Cc1c2c(c(Br)c3c1OCC3)OCC2,9.52
ZINC000013760581,Cn1ccc2cc3c(cc21)N(C(=O)Nc1cccnc1)CC3,5.9
ZINC000013760582,Cn1ccc2c3c(ccc21)CCN3C(=O)Nc1cccnc1,6.7
ZINC000013760583,Cn1ccc2ccc3c(c21)CCN3C(=O)Nc1cccnc1,7.2
ZINC000013760584,CCn1ccc2cc3c(cc21)CCN3C(=O)Nc1cccnc1,8.1
ZINC000013760585,CCCn1ccc2cc3c(cc21)CCN3C(=O)Nc1cccnc1,7.9
ZINC000013760586,CC(C)n1ccc2cc3c(cc21)CCN3C(=O)Nc1cccnc1,8.0
ZINC000013760587,O=C(Nc1cccnc1)N1CCc2cc3c(ccn3Cc3ccccc3)cc21,7.3
ZINC000013760588,Cc1cc2cc3c(cc2n1C)CCN3C(=O)Nc1cccnc1,7.4
ZINC000013760590,CN1CCc2cc3c(cc21)CCN3C(=O)Nc1cccnc1,7.2
ZINC000013761033,COc1ccccc1N1CCN(CCCSc2nc3sc(C)c(C)c3c(=O)n2N)CC1,6.22
ZINC000013762456,C=CCN1CCN(c2nc3cccnc3n3cccc23)CC1,6.43
ZINC000013762466,Fc1ccc(CN2CCN(c3nc4cccnc4n4cccc34)CC2)cc1,5.28
ZINC000013762488,COc1ccc2c(c1)nc(N1CCN(CCCCn3cccn3)CC1)c1cccn12,5.13
ZINC000013764797,Cc1ccc2c(ccn2C[C@@H](C)N)c1,7.2
ZINC000013764799,Cc1ccc2c(ccn2C[C@H](C)N)c1,7.2
ZINC000013764802,C[C@@H](N)Cn1ccc2cc(F)ccc21,8.2
ZINC000013764805,C[C@H](N)Cn1ccc2cc(F)ccc21,8.2
ZINC000013764808,C[C@@H](N)Cn1ccc2cc(Cl)ccc21,8.1
ZINC000013764811,C[C@H](N)Cn1ccc2cc(Cl)ccc21,8.1
ZINC000013764814,C[C@@H](N)Cn1ccc2cc(Br)ccc21,8.4
ZINC000013764816,C[C@H](N)Cn1ccc2cc(Br)ccc21,8.4
ZINC000013764823,C[C@@H](N)Cn1ccc2ccc(F)cc21,8.4
ZINC000013766145,CN1CCN(c2nc3ccccc3n3cccc23)CC1,6.11
ZINC000013766149,Fc1cccc2nc(N3CCNCC3)c3cccn3c12,6.11
ZINC000013766152,Fc1ccc2c(c1)nc(N1CCNCC1)c1cccn12,5.55
ZINC000013775872,COc1ccc2c(c1)C(N1CCN(C)CC1)=Nc1ccccc1N2,7.68
ZINC000013775874,CN1CCN(C2=Nc3ccccc3Nc3ccc(O)cc32)CC1,7.09
ZINC000013775875,CN1CCN(C2=Nc3cc(O)ccc3Nc3ccccc32)CC1,6.36
ZINC000013779679,O=c1[nH]c2ccc(CCN3CCN(c4ccccc4O)CC3)cc2s1,6.28
ZINC000013779680,Cn1c(=O)sc2cc(CCN3CCN(c4ccccc4)CC3)ccc21,5.7
ZINC000013779681,Cn1c(=O)sc2cc(CCN3CCN(c4ccccc4O)CC3)ccc21,5.7
ZINC000013779683,COc1ccccc1N1CCN(CCc2ccc3c(c2)sc(=O)n3C)CC1,5.4
ZINC000013779685,COc1ccccc1N1CCN(CCCc2ccc3c(c2)sc(=O)n3C)CC1,6.25
ZINC000013779687,COc1ccccc1N1CCN(CCCCc2ccc3c(c2)sc(=O)n3C)CC1,6.62
ZINC000013779689,COc1ccccc1N1CCN(CCc2ccc3c(c2)OCC(=O)N3C)CC1,5.92
ZINC000013779690,CN1C(=O)COc2cc(CCN3CCN(c4cccc(C(F)(F)F)c4)CC3)ccc21,6.44
ZINC000013779692,CN1C(=O)COc2cc(CCCCN3CCN(c4cccc(C(F)(F)F)c4)CC3)ccc21,6.1
ZINC000013782222,COc1cccc2[nH]cc([C@@H]3C[C@@H]3N)c12,7.93
ZINC000013782223,COc1cccc2[nH]cc([C@H]3C[C@@H]3N)c12,7.93
ZINC000013782224,COc1cccc2[nH]cc([C@@H]3C[C@H]3N)c12,7.93
ZINC000013782225,COc1cccc2[nH]cc([C@H]3C[C@H]3N)c12,7.93
ZINC000013782226,COc1ccc2[nH]cc([C@@H]3C[C@@H]3N)c2c1,7.75
ZINC000013782227,COc1ccc2[nH]cc([C@H]3C[C@@H]3N)c2c1,7.75
ZINC000013782228,COc1ccc2[nH]cc([C@@H]3C[C@H]3N)c2c1,7.75
ZINC000013782229,COc1ccc2[nH]cc([C@H]3C[C@H]3N)c2c1,7.75
ZINC000013782230,N[C@@H]1C[C@@H]1c1c[nH]c2ccc(F)cc12,8.72
ZINC000013782231,N[C@H]1C[C@@H]1c1c[nH]c2ccc(F)cc12,8.72
ZINC000013782232,N[C@@H]1C[C@H]1c1c[nH]c2ccc(F)cc12,8.72
ZINC000013782233,N[C@H]1C[C@H]1c1c[nH]c2ccc(F)cc12,8.72
ZINC000013782234,N[C@@H]1C[C@@H]1c1c[nH]c2ccccc12,7.52
ZINC000013782235,N[C@H]1C[C@H]1c1c[nH]c2ccccc12,7.52
ZINC000013782367,CN1CN(Cc2ccccc2)C(=O)C12CCN(CCCC(=O)c1ccc(F)cc1)CC2,5.85
ZINC000013782372,C[C@@H](N)Cc1c2ccoc2c(Br)c2ccoc12,10.7
ZINC000013782373,C[C@H](N)Cc1c2ccoc2c(Br)c2ccoc12,10.7
ZINC000013797089,CN1CCN(c2nc3ccccc3c(-c3ccccc3)c2COC(=O)c2ccccc2)CC1,7.51
ZINC000013798269,CN1CCN(C2=Nc3cc(OS(C)(=O)=O)ccc3Nc3ccccc32)CC1,5.13
ZINC000013805803,CCc1[nH]c2ccc(OC)cc2c1CCN(C)C,5.74
ZINC000013805807,COc1ccc2[nH]c(-c3ccccc3)c(CCN(C)C)c2c1,6.17
ZINC000013809595,COc1cc(CCc2ccccc2)c(OC)cc1CCN,7.12
ZINC000013809596,COc1cc(C[C@@H](C)N)c(OC)cc1CCc1ccccc1,6.85
ZINC000013809597,COc1cc(C[C@H](C)N)c(OC)cc1CCc1ccccc1,6.85
ZINC000013809598,COc1cc(CCCc2ccccc2)c(OC)cc1CCN,7.55
ZINC000013809599,COc1cc(CCCCc2ccccc2)c(OC)cc1CCN,7.6
ZINC000013809600,COc1cc(C[C@@H](C)N)c(OC)cc1CCCCc1ccccc1,8.22
ZINC000013809602,COc1cc(C[C@H](C)N)c(OC)cc1CCCCc1ccccc1,8.22
ZINC000013809603,COc1cc(C[C@@H](C)N)c(OC)cc1CCCc1ccc(Cl)cc1,7.8
ZINC000013809605,COc1cc(C[C@H](C)N)c(OC)cc1CCCc1ccc(Cl)cc1,7.8
ZINC000013809606,COc1ccc(CCCc2cc(OC)c(C[C@@H](C)N)cc2OC)cc1,7.62
ZINC000013809608,COc1ccc(CCCc2cc(OC)c(C[C@H](C)N)cc2OC)cc1,7.62
ZINC000013809609,COc1cc(CCCc2ccccc2)ccc1C[C@@H](C)N,7.05
ZINC000013809610,COc1cc(CCCc2ccccc2)ccc1C[C@H](C)N,7.05
ZINC000013809611,COc1cc(C[C@@H](C)N)ccc1CCCc1ccccc1,6.87
ZINC000013809612,COc1cc(C[C@H](C)N)ccc1CCCc1ccccc1,6.87
ZINC000013809613,COc1c(CCCc2ccccc2)ccc(C[C@@H](C)N)c1OC,7.1
ZINC000013809614,COc1c(CCCc2ccccc2)ccc(C[C@H](C)N)c1OC,7.1
ZINC000013809616,COc1cc(C[C@@H](C)N)cc(OC)c1CCCc1ccccc1,7.4
ZINC000013809617,COc1cc(C[C@H](C)N)cc(OC)c1CCCc1ccccc1,7.4
ZINC000013809619,COc1cc(CCCc2ccccc2)cc(OC)c1C[C@@H](C)N,7.41
ZINC000013809620,COc1cc(CCCc2ccccc2)cc(OC)c1C[C@H](C)N,7.41
ZINC000013809622,C[C@@H](N)Cc1ccc(CCCc2ccccc2)cc1,6.28
ZINC000013809623,C[C@H](N)Cc1ccc(CCCc2ccccc2)cc1,6.28
ZINC000013809624,NCCc1ccc(CCCc2ccccc2)cc1,6.28
ZINC000013819840,CN(C)C[C@H]1C[C@@H]2c3ccccc3Cc3ccncc3N2O1,7.9
ZINC000013819842,CN(C)C[C@H]1C[C@@H]2c3cccnc3Cc3ccccc3N2O1,6.04
ZINC000013823838,C=CCNC[C@@H]1O[C@H](C2CCCCC2)Cc2c1ccc(O)c2O,5.9
ZINC000013824652,Cc1ccc2c(c1O)C[C@@H](C1CCCCC1)O[C@H]2CN,7.23
ZINC000013824664,NC[C@@H]1O[C@H](c2ccccc2)Cc2c1ccc(Br)c2O,6.7
ZINC000013827453,NCCc1c[nH]c2ccc(-c3nc(C4CC4)no3)cc12,6.0
ZINC000013827467,COc1ccc(Cc2noc(-c3ccc4[nH]cc(CCN)c4c3)n2)cc1,6.1
ZINC000013827469,CC(=O)Nc1ccc(Cc2noc(-c3ccc4[nH]cc(CCN)c4c3)n2)cc1,5.8
ZINC000013827481,Cc1noc(Cc2ccc3[nH]cc(CCN(C)C)c3c2)n1,6.0
ZINC000013827489,CN(C)CCc1c[nH]c2ccc(CCc3nc(N)no3)cc12,6.0
ZINC000013827497,CN(C)CCc1c[nH]c2ccc(Cc3nc(N)ns3)cc12,6.6
ZINC000013832613,CN(C)CCCC(=O)c1ccc(F)cc1,5.48
ZINC000013832614,O=C(CCCN1CCC(Nc2ccccc2)CC1)c1ccc(F)cc1,5.64
ZINC000013832615,Fc1ccc(OCCCN2CCC(Nc3ccccc3)CC2)cc1,5.44
ZINC000013832616,CN(c1ccccc1)C1CCN(CCCOc2ccc(F)cc2)CC1,5.54
ZINC000013832619,O=C(c1ccc(F)cc1)C1CCN(CCCOc2ccc(F)cc2)CC1,6.47
ZINC000013835550,CN(C)CCc1c[nH]c2cc(F)cc(O)c12,8.13
ZINC000013835551,CN(C)CCc1c[nH]c2c(F)ccc(O)c12,8.27
ZINC000013835552,COc1cc2c(CCN(C)C)c[nH]c2cc1F,7.72
ZINC000013835553,COc1ccc2[nH]cc(CCN(C)C)c2c1F,7.26
ZINC000013862362,C[C@@H](N)Cc1c2c(c(C(F)(F)F)c3c1OCC3)OCC2,8.72
ZINC000013862363,C[C@H](N)Cc1c2c(c(C(F)(F)F)c3c1OCC3)OCC2,8.8
ZINC000013862364,C[C@@H](N)Cc1c2ccoc2cc2ccoc12,9.1
ZINC000013862365,C[C@H](N)Cc1c2ccoc2cc2ccoc12,8.22
ZINC000013862366,C[C@@H](N)Cc1c2ccoc2c(C(F)(F)F)c2ccoc12,9.4
ZINC000013862367,C[C@H](N)Cc1c2ccoc2c(C(F)(F)F)c2ccoc12,9.16
ZINC000013862723,c1ccc(-c2[nH]c3ccccc3c2[C@H]2CCCNC2)cc1,7.05
ZINC000013862724,c1ccc(-c2[nH]c3ccccc3c2[C@@H]2CCCNC2)cc1,7.05
ZINC000013862725,CN1CCC[C@@H](c2c(-c3ccccc3)[nH]c3ccccc23)C1,6.82
ZINC000013862726,CN1CCC[C@H](c2c(-c3ccccc3)[nH]c3ccccc23)C1,6.82
ZINC000013862727,CN1CCCC[C@@H]1c1c(-c2ccccc2)[nH]c2ccccc12,5.7
ZINC000013862728,CN1CCCC[C@H]1c1c(-c2ccccc2)[nH]c2ccccc12,5.7
ZINC000013862729,c1ccc(CN2CCC[C@@H](c3c(-c4ccccc4)[nH]c4ccccc34)C2)cc1,5.7
ZINC000013862730,c1ccc(CN2CCC[C@H](c3c(-c4ccccc4)[nH]c4ccccc34)C2)cc1,5.7
ZINC000013862731,c1ccc(CCN2CCC[C@@H](c3c(-c4ccccc4)[nH]c4ccccc34)C2)cc1,5.62
ZINC000013862732,c1ccc(CCN2CCC[C@H](c3c(-c4ccccc4)[nH]c4ccccc34)C2)cc1,5.62
ZINC000013862733,O=C1NCCN1CCN1CCC[C@@H](c2c(-c3ccccc3)[nH]c3ccccc23)C1,5.6
ZINC000013862734,O=C1NCCN1CCN1CCC[C@H](c2c(-c3ccccc3)[nH]c3ccccc23)C1,5.6
ZINC000013862751,Fc1ccc(-c2[nH]c3cc(F)ccc3c2[C@@H]2CCCNC2)cc1,7.8
ZINC000013862752,Fc1ccc(-c2[nH]c3cc(F)ccc3c2[C@H]2CCCNC2)cc1,7.8
ZINC000013864182,COc1cc(Cc2ccccc2)ccc1CCN,7.03
ZINC000013864183,COc1cc(CCc2ccccc2)ccc1CCN,6.77
ZINC000013864184,COc1cc(CCCc2ccccc2)ccc1CCN,6.53
ZINC000013864185,COc1cc(CCCCc2ccccc2)ccc1CCN,7.17
ZINC000013864186,COc1cc(CCCCCc2ccccc2)ccc1CCN,7.72
ZINC000013864187,COc1cc(CCCC2CCCCC2)ccc1CCN,6.94
ZINC000013864188,COc1cc(OCCc2ccccc2)ccc1CCN,6.09
ZINC000013864189,COc1cc(C#CCCCc2ccccc2)ccc1CCN,7.15
ZINC000013864190,COc1cc(-c2ccccc2)ccc1CCN,5.82
ZINC000013864191,COc1ccc(O)cc1CCN,5.31
ZINC000013864192,COc1ccc(I)cc1CCN,5.79
ZINC000013864193,COc1ccc(OCc2ccccc2)cc1CCN,6.39
ZINC000013864194,COc1ccc(OCCc2ccccc2)cc1CCN,5.75
ZINC000013864196,COc1ccc(Cc2ccccc2)cc1CCN,6.64
ZINC000013864197,COc1ccc(CCc2ccccc2)cc1CCN,6.36
ZINC000013864198,COc1ccc(CCCc2ccccc2)cc1CCN,6.66
ZINC000013864199,COc1ccc(CCCc2ccccc2)cc1C[C@@H](C)N,6.96
ZINC000013864200,COc1ccc(CCCc2ccccc2)cc1C[C@H](C)N,6.96
ZINC000013864201,COc1ccc(CCCCc2ccccc2)cc1CCN,7.15
ZINC000013864202,COc1ccc(CCCCCc2ccccc2)cc1CCN,6.82
ZINC000013864203,COc1ccc(CCCC2CCCCC2)cc1CCN,6.7
ZINC000013864204,COc1ccc(C#CCCCc2ccccc2)cc1CCN,6.69
ZINC000013864205,COc1ccc(-c2ccccc2)cc1CCN,5.54
ZINC000013864306,O=C(OCc1cc2c(cc1Cl)OCO2)N1CCC2(CC1)C(=O)NCN2c1ccccc1,5.74
ZINC000013864309,O=C(OCc1cccc(Oc2ccccc2)c1)N1CCC2(CC1)C(=O)NCN2c1ccccc1,6.19
ZINC000013864310,O=C(O[C@@H]1CCc2ccccc21)N1CCC2(CC1)C(=O)NCN2c1ccccc1,6.46
ZINC000013864311,O=C(O[C@H]1CCc2ccccc21)N1CCC2(CC1)C(=O)NCN2c1ccccc1,6.46
ZINC000013864327,O=C(OCCc1ccc(F)cc1)N1CCN(CCCC(c2ccc(F)cc2)c2ccc(F)cc2)CC1,5.46
ZINC000013864332,CCOc1ccc(CCNC(=O)N2CCN(CCCC(c3ccc(F)cc3)c3ccc(F)cc3)CC2)cc1,5.85
ZINC000013864333,O=C(CCCc1ccccc1)N1CCN(CCCC(c2ccc(F)cc2)c2ccc(F)cc2)CC1,5.39
ZINC000013864334,N#Cc1ccc(CCOC(=O)NC2CCN(CCCC(c3ccc(F)cc3)c3ccc(F)cc3)CC2)cc1,5.56
ZINC000013972073,C[C@H](Oc1cncc(N2CCNCC2)n1)c1cccc(F)c1,8.1
ZINC000013978817,C[C@H]1CNCCc2ccc(Cl)c(F)c21,7.66
ZINC000013978819,C[C@H]1CNCCc2c(Cl)cccc21,6.07
ZINC000013978821,C[C@H]1CNCCc2ccc(Cl)c(Cl)c21,8.22
ZINC000014114286,CN1CCN(C2=Nc3cc(Cl)ccc3Nc3ccc(OS(=O)(=O)C(F)(F)F)cc32)CC1,7.89
ZINC000014208605,C[C@H]1CNCCc2c(Cl)cc(Cl)cc21,7.7
ZINC000014299681,CN1CCN(C2=Nc3ccccc3Nc3ccc(OS(=O)(=O)C(F)(F)F)cc32)CC1,7.47
ZINC000014299682,CN1CCN(C2=Nc3ccccc3Oc3ccc(OS(=O)(=O)C(F)(F)F)cc32)CC1,7.0
ZINC000014299683,CN1CCN(C2=Nc3ccccc3Sc3ccc(OS(=O)(=O)C(F)(F)F)cc32)CC1,6.55
ZINC000015682329,CN1CCN(c2nc(Nc3ccccc3)c3cnn(C)c3n2)CC1,7.06
ZINC000015682342,CN1CCN(c2nc(Nc3ccc(Cl)cc3)c3cnn(C)c3n2)CC1,7.53
ZINC000015727427,CCCCN(C)CCNc1nc(C)nc2oc(C)c(C(=O)OCC)c12,5.38
ZINC000015727953,CC(=O)Nc1c(C(=O)N2CCN(C)CC2)oc2ccccc12,5.28
ZINC000017148895,CN(C)c1nc(Nc2ccc(F)cc2)c2cnn(C)c2n1,5.4
ZINC000017148911,Cn1ncc2c(Nc3ccc(F)cc3)nc(N3CCCCC3)nc21,5.89
ZINC000017148915,CN1CCN(c2nc(Nc3ccc(F)cc3)c3cnn(C)c3n2)CC1,7.7
ZINC000017148918,COc1cccc(Nc2nc(N3CCN(C)CC3)nc3c2cnn3C)c1,8.11
ZINC000017148924,Cn1ncc2c(Nc3ccc(F)cc3)nc(N3CCN(Cc4ccccc4)CC3)nc21,6.08
ZINC000017148928,COc1cccc(Nc2nc(N3CCN(c4ccc(F)cc4)CC3)nc3c2cnn3C)c1,5.96
ZINC000017148934,COc1ccccc1N1CCN(c2nc(Nc3ccc(F)cc3)c3cnn(C)c3n2)CC1,5.76
ZINC000017288083,CCN(CC)c1nc(Nc2ccc(F)cc2)c2cnn(C)c2n1,5.48
ZINC000019202437,COc1ccc2[nH]c3c(c2c1)CCNC3,5.66
ZINC000019362650,CSc1ccc2c(c1)[C@@H](N1CCN(C)CC1)Cc1ccccc1S2,9.42
ZINC000019362651,CSc1ccc2c(c1)[C@H](N1CCN(C)CC1)Cc1ccccc1S2,9.42
ZINC000019796158,CN1CCN(C2=Nc3ccccc3Oc3ccc(Cl)cc32)CC1,6.0
ZINC000019811379,FC(F)(F)c1cccc(C2=CCNCC2)c1,6.8
ZINC000019811383,Clc1cccc(C2=CCNCC2)c1,7.14
ZINC000020114362,Cc1cc(N2CCN(C)CC2)nc2ccc(NC(=O)COc3ccc(Cl)cc3Cl)cc12,6.21
ZINC000020621755,CCOc1cc(N)c(Cl)cc1C(=O)NC[C@@H]1CN(Cc2ccc(F)cc2)CCO1,6.68
ZINC000020621758,CCOc1cc(N)c(Cl)cc1C(=O)NC[C@H]1CN(Cc2ccc(F)cc2)CCO1,6.68
ZINC000020724491,Cn1ncc2c(Nc3ccc(F)cc3)nc(N3CCN(c4ccc(F)cc4)CC3)nc21,6.83
ZINC000020732464,Cn1ncc2c(Nc3ccc(F)cc3)nc(N3CCN(CCO)CC3)nc21,6.31
ZINC000020935141,CCN(CC)c1nc(Nc2ccccc2C)c2cnn(C)c2n1,6.62
ZINC000020986024,CN(C)CCNC(=O)c1ccc(-n2ccc3ccccc32)s1,6.65
ZINC000021530288,CCN(CC)c1nc(Nc2cccc(OC)c2)c2cnn(C)c2n1,5.27
ZINC000021538924,CCOC(=O)c1noc2ncnc(N3CCN(C)CC3)c12,5.69
ZINC000021873393,CCN(CC)c1nc(Nc2ccc(C)c(C)c2)c2cnn(C)c2n1,5.07
ZINC000021873597,CNc1nc(Nc2ccc(F)cc2)c2cnn(C)c2n1,5.11
ZINC000021873606,Cn1ncc2c(Nc3ccc(F)cc3)nc(NC3CCCCC3)nc21,5.24
ZINC000021873609,Cc1ccc(CNc2nc(Nc3ccc(F)cc3)c3cnn(C)c3n2)cc1,5.23
ZINC000021873615,Cn1ncc2c(Nc3ccc(F)cc3)nc(N3CCOCC3)nc21,5.68
ZINC000021873618,C[C@@H]1C[C@@H](C)CN(c2nc(Nc3ccc(F)cc3)c3cnn(C)c3n2)C1,5.42
ZINC000021873621,C[C@H]1C[C@@H](C)CN(c2nc(Nc3ccc(F)cc3)c3cnn(C)c3n2)C1,5.42
ZINC000021873626,C[C@H]1C[C@H](C)CN(c2nc(Nc3ccc(F)cc3)c3cnn(C)c3n2)C1,5.42
ZINC000021873629,CC1CCN(c2nc(Nc3ccc(F)cc3)c3cnn(C)c3n2)CC1,5.82
ZINC000021873720,COc1ccc(Nc2nc(N3CCN(c4ccc(F)cc4)CC3)nc3c2cnn3C)cc1,5.93
ZINC000022001974,CCN(CC)CCc1c[nH]c2cccc(O)c12,8.0
ZINC000022011749,C[C@@H]1CNCCc2ccc(Cl)cc21,7.96
ZINC000022032760,CN1CCN([C@@H]2Cc3ccccc3Sc3ccc(Cl)cc32)CC1,9.24
ZINC000022309494,CN1CCN(C2=Cc3ccccc3Oc3ccc(Cl)cc32)CC1,8.52
ZINC000022443637,O=C(NCCN1CCN([C@H]2CCCc3ccccc32)CC1)c1ccc(F)cc1,6.55
ZINC000022443642,O=C(NCCN1CCN([C@H]2CCCc3ccccc32)CC1)c1ccc(Cl)cc1,6.19
ZINC000022443647,O=C(NCCN1CCN([C@H]2CCCc3ccccc32)CC1)c1ccccc1,5.9
ZINC000022446233,Fc1cccc(CCN2CCN(CCCc3c[nH]c4ccc(-n5cnnc5)cc34)CC2)c1,5.05
ZINC000022777670,O=C(NCCN1CCN([C@@H]2CCCc3ccccc32)CC1)c1ccccc1,5.9
ZINC000022937550,O=c1[nH]c2ccccc2c(=O)n1CCN1CCN(C(c2ccccc2)c2ccccc2)CC1,6.2
ZINC000022938686,O=C(NCCN1CCN([C@@H]2CCCc3ccccc32)CC1)c1ccc(F)cc1,6.55
ZINC000022938689,O=C(NCCN1CCN([C@@H]2CCCc3ccccc32)CC1)c1ccc(Cl)cc1,6.19
ZINC000023135911,CN1CCN(c2nc(Nc3ccc(F)cc3)c3cn[nH]c3n2)CC1,7.07
ZINC000023135912,COc1ccccc1N1CCN(c2nc(Nc3ccc(F)cc3)c3cn[nH]c3n2)CC1,5.76
ZINC000023135917,Fc1ccc(Nc2nc(N3CCOCC3)nc3[nH]ncc23)cc1,5.68
ZINC000024717778,COc1ccc(C[C@@H]2NCCc3c2[nH]c2ccccc32)cc1OC,6.9
ZINC000024717781,COc1ccc(C[C@H]2NCCc3c2[nH]c2ccccc32)cc1OC,6.9
ZINC000025758512,Oc1cc2c(cc1O)[C@H]1c3ccccc3CN[C@@H]1CC2,5.62
ZINC000025963555,COc1cccc2c3c([nH]c12)CNCC3,5.9
ZINC000025964310,COc1cccc2[nH]c3c(c12)CCNC3,6.85
ZINC000025965899,Brc1cccc2c3c([nH]c12)CNCC3,7.32
ZINC000025973757,CN1CCN(C2=Nc3ccccc3Nc3ccc(Cl)cc32)CC1,8.54
ZINC000026150808,O=C1Nc2cc(F)c(F)cc2N2CCNC[C@@H]12,7.04
ZINC000026150815,O=C1Nc2cc(F)c(F)cc2N2CCNC[C@H]12,7.04
ZINC000026152121,O=C1Nc2ccc(Cl)c(Cl)c2N2CCNC[C@@H]12,6.0
ZINC000026152127,O=C1Nc2ccc(Cl)c(Cl)c2N2CCNC[C@H]12,6.0
ZINC000026377519,CN1CCN(C2=Nc3ccccc3Nc3ccc(OS(C)(=O)=O)cc32)CC1,5.92
ZINC000026377671,CN1CCN(C2=Nc3ccccc3Nc3ccccc32)CC1,7.08
ZINC000026573916,COc1ccccc1N1CCN(CCCCc2ccc3c(c2)COC(=O)N3CCN2CCC(C(=O)c3ccc(F)cc3)CC2)CC1,7.52
ZINC000026575107,COc1ccccc1N1CCN(CCCc2ccc3c(c2)sc(=O)n3CCN2CCC(C(=O)c3ccc(F)cc3)CC2)CC1,7.15
ZINC000026575279,NC[C@@H]1O[C@@H](C2CCCCC2)Cc2c1ccc(O)c2O,6.13
ZINC000026575615,COc1ccccc1N1CCN(CCCCc2ccc3c(c2)oc(=O)n3CCN2CCC(=C(c3ccc(F)cc3)c3ccc(F)cc3)CC2)CC1,6.34
ZINC000026575960,O=C(c1ccc(F)cc1)C1CCN(CCN2C(=O)OCc3cc(CCCCN4CCOCC4)ccc32)CC1,7.22
ZINC000026575961,COc1ccccc1N1CCN(CCc2ccc3c(c2)sc(=O)n3CCN2CCC(C(=O)c3ccc(F)cc3)CC2)CC1,7.3
ZINC000026576187,COc1ccccc1N1CCN(CCCCc2ccc3c(c2)COC(=O)N3CCN2CCC(=C(c3ccc(F)cc3)c3ccc(F)cc3)CC2)CC1,6.6
ZINC000026577112,COc1ccccc1N1CCN(CCCCc2ccc3c(c2)sc(=O)n3CCN2CCC(=C(c3ccc(F)cc3)c3ccc(F)cc3)CC2)CC1,6.96
ZINC000026577113,COc1ccccc1N1CCN(CCCCc2ccc3c(c2)oc(=O)n3CCN2CCC(C(=O)c3ccc(F)cc3)CC2)CC1,7.12
ZINC000026577121,C=CCNC[C@@H]1O[C@@H](C2CCCCC2)Cc2c1ccc(O)c2O,5.9
ZINC000026580328,COc1cc(OC)c(C(=O)CCCCN2CCC3(CC2)NC(=O)N=C3O)cc1NS(=O)(=O)c1ccc(C(F)(F)F)cc1,9.22
ZINC000026648468,CN1CCN(C2=Cc3ccccc3Oc3ccccc32)CC1,8.22
ZINC000026658687,CN(C)C[C@@H]1C[C@@H]2c3ccccc3COc3ccccc3[C@H]2O1,6.91
ZINC000026658692,CN(C)C[C@H]1C[C@@H]2c3ccccc3COc3ccccc3[C@H]2O1,6.91
ZINC000026659792,CNC[C@@H]1C[C@@H]2c3ccccc3Cc3ccccc3[C@H]2O1,8.01
ZINC000026659797,CNC[C@H]1C[C@@H]2c3ccccc3Cc3ccccc3[C@H]2O1,8.01
ZINC000026660380,OCCN1CCN(C[C@@H]2C[C@@H]3c4ccccc4Cc4ccccc4[C@H]3O2)CC1,6.77
ZINC000026660386,OCCN1CCN(C[C@H]2C[C@@H]3c4ccccc4Cc4ccccc4[C@H]3O2)CC1,6.77
ZINC000026662248,CN(C)C[C@@H]1C[C@@H]2c3ccccc3OCc3ccccc3[C@H]2O1,7.49
ZINC000026662254,CN(C)C[C@H]1C[C@@H]2c3ccccc3OCc3ccccc3[C@H]2O1,7.49
ZINC000026662322,O=C(c1ccc(F)cc1)C1CCN(C[C@@H]2C[C@@H]3c4ccccc4Cc4ccccc4[C@H]3O2)CC1,7.77
ZINC000026662328,O=C(c1ccc(F)cc1)C1CCN(C[C@H]2C[C@@H]3c4ccccc4Cc4ccccc4[C@H]3O2)CC1,7.77
ZINC000026662718,CN1CCN(C[C@@H]2C[C@@H]3c4ccccc4Sc4ccccc4[C@H]3O2)CC1,6.92
ZINC000026662724,CN1CCN(C[C@H]2C[C@@H]3c4ccccc4Sc4ccccc4[C@H]3O2)CC1,6.92
ZINC000026662969,CN(C)C[C@@H]1C[C@@H]2c3ccccc3Sc3ccccc3[C@H]2O1,7.61
ZINC000026662974,CN(C)C[C@H]1C[C@@H]2c3ccccc3Sc3ccccc3[C@H]2O1,7.61
ZINC000026663131,c1ccc(C2CCN(C[C@@H]3C[C@@H]4c5ccccc5Sc5ccccc5[C@H]4O3)CC2)cc1,6.62
ZINC000026663137,c1ccc(C2CCN(C[C@H]3C[C@@H]4c5ccccc5Sc5ccccc5[C@H]4O3)CC2)cc1,6.62
ZINC000026663688,Clc1cccc(N2CCN(C[C@@H]3C[C@@H]4c5ccccc5Cc5ccccc5[C@H]4O3)CC2)c1,6.97
ZINC000026663693,Clc1cccc(N2CCN(C[C@H]3C[C@@H]4c5ccccc5Cc5ccccc5[C@H]4O3)CC2)c1,6.97
ZINC000026663818,CN(C)C[C@@H]1C[C@@H]2c3ccccc3N(C)c3ccccc3[C@H]2O1,7.89
ZINC000026663823,CN(C)C[C@H]1C[C@@H]2c3ccccc3N(C)c3ccccc3[C@H]2O1,7.89
ZINC000026663888,CN(C)C[C@@H]1C[C@H]2c3ccccc3Oc3ccccc3[C@H]2O1,6.75
ZINC000026663893,CN(C)C[C@H]1C[C@H]2c3ccccc3Oc3ccccc3[C@H]2O1,6.74
ZINC000026663897,CN(C)C[C@@H]1C[C@@H]2c3ccccc3Oc3ccccc3[C@H]2O1,7.51
ZINC000026663902,CN(C)C[C@H]1C[C@@H]2c3ccccc3Oc3ccccc3[C@H]2O1,7.51
ZINC000026665488,COc1ccc(C[C@@H]2NCCc3c2[nH]c2ccc(C)cc32)cc1OC,7.92
ZINC000026665491,COc1ccc(C[C@H]2NCCc3c2[nH]c2ccc(C)cc32)cc1OC,7.92
ZINC000026667678,c1ccc(C2CCN(C[C@@H]3C[C@@H]4c5ccccc5Cc5ccccc5[C@H]4O3)CC2)cc1,7.37
ZINC000026667683,c1ccc(C2CCN(C[C@H]3C[C@@H]4c5ccccc5Cc5ccccc5[C@H]4O3)CC2)cc1,7.37
ZINC000026668142,COc1ccc(C[C@@H]2NCCc3c2[nH]c2c(C)c(C)ccc32)cc1OC,8.11
ZINC000026668147,COc1ccc(C[C@H]2NCCc3c2[nH]c2c(C)c(C)ccc32)cc1OC,8.11
ZINC000026668345,CN1CCN(C[C@@H]2C[C@@H]3c4ccccc4Cc4ccccc4[C@H]3O2)CC1,6.17
ZINC000026668349,CN1CCN(C[C@H]2C[C@@H]3c4ccccc4Cc4ccccc4[C@H]3O2)CC1,6.17
ZINC000026669483,c1ccc2c(c1)Cc1ccccc1[C@H]1C[C@@H](CN3CCOCC3)O[C@H]21,7.57
ZINC000026669488,c1ccc2c(c1)Cc1ccccc1[C@H]1C[C@H](CN3CCOCC3)O[C@H]21,7.57
ZINC000026670190,CN(C)C[C@@H]1C[C@H]2c3ccccc3Cc3ccccc3[C@H]2O1,6.78
ZINC000026670194,CN(C)C[C@H]1C[C@H]2c3ccccc3Cc3ccccc3[C@H]2O1,6.78
ZINC000026670334,COc1ccc(C[C@H]2NCCc3c2[nH]c2c(Br)c(C)ccc32)cc1OC,8.69
ZINC000026675191,COc1ccc(C[C@H]2NCCc3c2[nH]c2ccc(C)cc32)c(Cl)c1OC,7.61
ZINC000026820423,CN(C)[C@H]1Cc2ccccc2[C@H](c2ccccc2Cl)C1,7.3
ZINC000026821395,CN(C)[C@H]1Cc2ccccc2[C@H](c2ccc(Cl)cc2)C1,7.26
ZINC000026821744,Cc1ccccc1[C@@H]1C[C@@H](N(C)C)Cc2ccccc21,5.7
ZINC000026827216,CN(C)[C@H]1Cc2ccccc2[C@H](c2ccc(F)cc2)C1,7.12
ZINC000026898944,c1ccc2c(N3CCNCC3)nccc2c1,7.62
ZINC000026974374,COc1ccc(OCCc2ccc(Br)cc2)cc1CCN,6.94
ZINC000027104297,CN(C)C[C@@H]1C[C@H]2c3cccnc3Cc3ccccc3N2O1,6.04
ZINC000027104300,CN(C)C[C@H]1C[C@H]2c3cccnc3Cc3ccccc3N2O1,6.04
ZINC000027104304,CN(C)C[C@@H]1C[C@@H]2c3cccnc3Cc3ccccc3N2O1,6.04
ZINC000027182053,CN(C)C[C@@H]1C[C@H]2c3ccccc3Cc3ccncc3N2O1,7.9
ZINC000027182060,CN(C)C[C@H]1C[C@H]2c3ccccc3Cc3ccncc3N2O1,7.9
ZINC000027182066,CN(C)C[C@@H]1C[C@@H]2c3ccccc3Cc3ccncc3N2O1,7.9
ZINC000027194681,CCC(CC)NC(=O)[C@@H]1C=C2c3cccc4c3c(cn4C)C[C@H]2N(C)C1,8.51
ZINC000027431636,C[C@H]1C[C@H](C)N1C(=O)[C@@H]1C=C2c3cccc4[nH]cc(c34)C[C@@H]2N(C)C1,8.19
ZINC000027431914,C[C@H]1C[C@@H](C)N1C(=O)[C@@H]1C=C2c3cccc4[nH]cc(c34)C[C@@H]2N(C)C1,7.64
ZINC000027442436,C[C@@H]1C[C@@H](C)N1C(=O)[C@@H]1C=C2c3cccc4[nH]cc(c34)C[C@@H]2N(C)C1,6.89
ZINC000027517332,CC1=NCCc2c1[nH]c1cccc(OC(C)C)c21,7.59
ZINC000027518525,C1=NCCc2c1[nH]c1cccc(OCc3ccccc3)c21,6.7
ZINC000027555050,Cc1cn(C)c2cc3c(cc12)N(C(=O)Nc1ccccc1)CC3,6.9
ZINC000027556965,NC(=O)C1(NC2CCCCC2)CCN(CCCC(=O)c2ccc(F)cc2)CC1,6.57
ZINC000027558640,C[C@@H](CN)c1c[nH]c2ccccc12,8.03
ZINC000027558642,C[C@H](CN)c1c[nH]c2ccccc12,8.03
ZINC000027561271,CNC1(C(N)=O)CCN(CCCC(=O)c2ccc(F)cc2)CC1,5.35
ZINC000027561273,CC(C)NC1(C(N)=O)CCN(CCCC(=O)c2ccc(F)cc2)CC1,6.37
ZINC000027651441,COc1ccccc1C1CCN(CCCSc2nc3sc(C)c(C)c3c(=O)n2N)CC1,5.82
ZINC000027865417,C[C@@H](N)Cc1ccc(OC(=O)c2ccccc2)cc1,5.92
ZINC000027865425,C[C@H](N)Cc1ccc(OC(=O)c2ccccc2)cc1,5.92
ZINC000027877820,COc1ccc2[nH]cc(CCN3CCCC3)c2c1F,6.85
ZINC000028005216,CNCCc1cn2c3c(cc(F)cc13)CC[C@@H]2C,7.48
ZINC000028005221,CNCCc1cn2c3c(cc(F)cc13)CC[C@H]2C,7.48
ZINC000028007872,Cc1c(CCN)c2cc(F)cc3c2n1[C@H](C)CC3,7.39
ZINC000028007876,Cc1c(CCN)c2cc(F)cc3c2n1[C@@H](C)CC3,7.39
ZINC000028119121,C[C@@H]1CNCCc2cc(OCc3ccccc3)c(Br)cc21,7.25
ZINC000028119129,C[C@H]1CNCCc2cc(OCc3ccccc3)c(Br)cc21,7.25
ZINC000028119135,COc1cc2c(cc1Br)CCNCC2,8.1
ZINC000028119623,COc1cc2c(cc1I)[C@H](C)CNCC2,8.7
ZINC000028119629,COc1cc2c(cc1I)[C@@H](C)CNCC2,8.7
ZINC000028119634,COc1cc2c(cc1C(F)(F)F)[C@H](C)CNCC2,8.4
ZINC000028119641,COc1cc2c(cc1C(F)(F)F)[C@@H](C)CNCC2,8.4
ZINC000028124075,C[C@@H]1CNCCc2ccc(Br)cc21,7.92
ZINC000028124081,C[C@H]1CNCCc2ccc(Br)cc21,7.92
ZINC000028127765,C[C@@H]1CNCCc2ccc(C(F)(F)F)cc21,8.15
ZINC000028127770,C[C@H]1CNCCc2ccc(C(F)(F)F)cc21,8.15
ZINC000028128213,C[C@@H]1CNCCc2cccc(Cl)c21,6.03
ZINC000028128218,C[C@H]1CNCCc2cccc(Cl)c21,6.03
ZINC000028128226,C[C@@H]1CNCCc2ccc(F)cc21,6.39
ZINC000028128232,C[C@H]1CNCCc2ccc(F)cc21,6.39
ZINC000028128482,C[C@@H]1CNCCc2cc(O)c(Br)cc21,8.52
ZINC000028128489,C[C@H]1CNCCc2cc(O)c(Br)cc21,8.52
ZINC000028128496,CCOc1cc2c(cc1Br)[C@H](C)CNCC2,7.55
ZINC000028128502,CCOc1cc2c(cc1Br)[C@@H](C)CNCC2,7.55
ZINC000028128508,CC(C)Oc1cc2c(cc1Br)[C@H](C)CNCC2,7.17
ZINC000028128516,CC(C)Oc1cc2c(cc1Br)[C@@H](C)CNCC2,7.17
ZINC000028128561,CC[C@@H]1CNCCc2cc(OC)c(Br)cc21,7.96
ZINC000028128567,CC[C@H]1CNCCc2cc(OC)c(Br)cc21,7.96
ZINC000028130743,C[C@@H]1CNCCc2cc(F)c(Cl)cc21,8.15
ZINC000028130749,C[C@H]1CNCCc2cc(F)c(Cl)cc21,8.15
ZINC000028131044,COc1cc2c(cc1Br)[C@H](C(C)C)CNCC2,6.8
ZINC000028131051,COc1cc2c(cc1Br)[C@@H](C(C)C)CNCC2,6.8
ZINC000028131104,COc1ccc2c(c1)[C@H](C)CNCC2,6.38
ZINC000028131111,COc1ccc2c(c1)[C@@H](C)CNCC2,6.38
ZINC000028131777,C[C@@H]1CNCCc2ccccc21,6.47
ZINC000028131782,C[C@H]1CNCCc2ccccc21,6.47
ZINC000028132105,C[C@@H]1CNCCc2cc(Cl)c(Cl)cc21,8.4
ZINC000028132112,C[C@H]1CNCCc2cc(Cl)c(Cl)cc21,8.4
ZINC000028132887,COc1cc2c(cc1Br)[C@H](C)CNCC2,8.3
ZINC000028132893,COc1cc2c(cc1Br)[C@@H](C)CNCC2,8.52
ZINC000028135147,C[C@@H]1CNCCc2cc(Cl)ccc21,7.46
ZINC000028135154,C[C@H]1CNCCc2cc(Cl)ccc21,7.46
ZINC000028135654,COc1ccc2c(c1)CCNC[C@@H]2C,5.7
ZINC000028135661,COc1ccc2c(c1)CCNC[C@H]2C,5.7
ZINC000028136027,COc1cc2c(cc1Cl)[C@@H](C)CNCC2,7.96
ZINC000028136570,Clc1ccc2c(c1)CCNCC2,7.92
ZINC000028222122,C(=C(\c1ccccc1)N1CCN(CCCCc2ccccc2)CC1)\c1ccccc1,5.59
ZINC000028222369,CN(C)CCc1coc2ccc(C(N)=O)cc12,5.38
ZINC000028222507,CN1CCN(/C(=C/c2ccccc2)c2ccccc2)CC1,5.54
ZINC000028223049,C(\Cc1ccccc1)=C(/c1ccccc1)C1CCN(CCCCc2ccccc2)CC1,5.86
ZINC000028223756,NCC[C@@H]1COc2ccc(C(N)=O)cc21,5.09
ZINC000028223761,NCC[C@H]1COc2ccc(C(N)=O)cc21,5.09
ZINC000028224213,NCCc1coc2ccc(C(N)=O)cc12,6.18
ZINC000028224794,C(\CCc1ccccc1)=C(/c1ccccc1)C1CCN(CCCCc2ccccc2)CC1,6.34
ZINC000028224797,C(=C(\c1ccccc1)C1CCN(CCCCc2ccccc2)CC1)\c1ccccc1,5.75
ZINC000028224800,CN1CCC(/C(=C/c2ccccc2)c2ccccc2)CC1,5.91
ZINC000028342073,C[C@@H](Nc1nc(N)nc(NCCc2cccs2)n1)c1ccc(F)cc1,8.0
ZINC000028342079,C[C@H](Nc1nc(N)nc(NCCc2cccs2)n1)c1ccc(F)cc1,8.0
ZINC000028363048,C[C@@H](Nc1nccc(NCCOc2ccc(F)cc2)n1)c1ccccc1,7.4
ZINC000028363056,C[C@H](Nc1nccc(NCCOc2ccc(F)cc2)n1)c1ccccc1,7.4
ZINC000028380898,Cc1cc(N2CCN(C)CC2)nc2ccc(NC(=O)COc3ccc(Cl)cc3)cc12,6.01
ZINC000028523621,CN(C)C[C@H]1C[C@H]2c3ccccc3Sc3ccc(F)cc3[C@H]2O1,9.68
ZINC000028523813,CN(C)C[C@@H]1C[C@H]2c3ccccc3Sc3ccc(F)cc3[C@H]2O1,9.19
ZINC000028526174,C1=C(c2c(-c3ccccc3)[nH]c3ccccc23)CCNC1,7.0
ZINC000028526233,C[C@@H](Cc1c[nH]c2cccc(O)c12)N(C)C,6.9
ZINC000028526234,C[C@H](Cc1c[nH]c2cccc(O)c12)N(C)C,6.9
ZINC000028572307,Clc1ccc2c(n1)N1CCNC[C@H]1C2,6.88
ZINC000028572308,Clc1ccc2c(n1)N1CCNC[C@@H]1C2,6.88
ZINC000028604327,O=C1c2c(F)cccc2[C@@H]2CNCCN12,5.99
ZINC000028604328,O=C1c2c(F)cccc2[C@H]2CNCCN12,5.99
ZINC000028604329,O=C1c2c(Cl)cccc2[C@@H]2CNCCN12,7.51
ZINC000028635556,COC(=O)[C@@]1(c2ccc(C)cc2)C[C@@H]1CN1CCC(O)(c2ccccc2)CC1,5.36
ZINC000028635558,COC(=O)[C@]1(c2ccc(C)cc2)C[C@@H]1CN1CCC(O)(c2ccccc2)CC1,5.36
ZINC000028635561,COC(=O)[C@@]1(c2ccc(C)cc2)C[C@H]1CN1CCC(O)(c2ccccc2)CC1,5.36
ZINC000028635563,COC(=O)[C@]1(c2ccc(C)cc2)C[C@H]1CN1CCC(O)(c2ccccc2)CC1,5.36
ZINC000028711326,O=C(NCC[C@H](O)CN1CCN(c2cccc(Cl)c2Cl)CC1)c1ccc(-c2ccccn2)cc1,6.94
ZINC000028711327,O=C(NCC[C@@H](O)CN1CCN(c2cccc(Cl)c2Cl)CC1)c1ccc(-c2ccccn2)cc1,6.94
ZINC000028711329,O=C(NCC[C@H](O)CN1CCN(c2cccc(Cl)c2Cl)CC1)c1ccc2c(c1)Cc1ccccc1-2,5.55
ZINC000028711330,O=C(NCC[C@@H](O)CN1CCN(c2cccc(Cl)c2Cl)CC1)c1ccc2c(c1)Cc1ccccc1-2,5.55
ZINC000028711332,COc1ccccc1N1CCN(C[C@@H](O)CCNC(=O)c2ccc(-c3ccccn3)cc2)CC1,5.4
ZINC000028711333,COc1ccccc1N1CCN(C[C@H](O)CCNC(=O)c2ccc(-c3ccccn3)cc2)CC1,5.4
ZINC000028711339,CC(=O)O[C@@H](CCNC(=O)c1ccc(-c2ccccn2)cc1)CN1CCN(c2cccc(Cl)c2Cl)CC1,7.07
ZINC000028711340,CC(=O)O[C@H](CCNC(=O)c1ccc(-c2ccccn2)cc1)CN1CCN(c2cccc(Cl)c2Cl)CC1,7.07
ZINC000028711341,O=C(NC[C@@H](O)CCN1CCN(c2cccc(Cl)c2Cl)CC1)c1ccc(-c2ccccn2)cc1,7.6
ZINC000028711342,O=C(NC[C@H](O)CCN1CCN(c2cccc(Cl)c2Cl)CC1)c1ccc(-c2ccccn2)cc1,7.6
ZINC000028762941,FC(F)(F)c1ccc2c(c1)nc(N1CCNCC1)c1cccn12,5.0
ZINC000028821718,COCc1c2c(c(C[C@@H](C)N)c3c1OCC3)OCC2,7.9
ZINC000028821719,COCCOCc1c2c(c(C[C@@H](C)N)c3c1OCC3)OCC2,8.07
ZINC000028821721,C[C@@H](N)Cc1c2c(c(COCC(=O)Oc3ccccc3)c3c1OCC3)OCC2,8.35
ZINC000028821728,Cc1noc(Cc2c3c(c(C[C@@H](C)N)c4c2OCC4)OCC3)n1,6.16
ZINC000028821730,Cc1noc(Cc2c3ccoc3c(C[C@@H](C)N)c3ccoc23)n1,7.09
ZINC000028821734,C[C@@H](N)[C@H](O)c1c2c(c(Br)c3c1OCC3)OCC2,7.41
ZINC000028826835,C[C@@H](C(=O)N1c2ccccc2Sc2ccccc21)c1ccccc1,6.41
ZINC000028826836,C[C@H](C(=O)N1c2ccccc2Sc2ccccc21)c1ccccc1,6.41
ZINC000028889342,O=[S@](c1ccc(/C=C/c2ccc(F)cc2)nc1)c1ccccc1F,6.8
ZINC000028889347,O=[S@@](c1ccc(/C=C/c2ccc(F)cc2)nc1)c1ccccc1F,6.8
ZINC000028889348,O=[S@](c1ccc(/C=C/c2ccc(F)cc2F)nc1)c1ccccc1F,7.37
ZINC000028889353,O=[S@@](c1ccc(/C=C/c2ccc(F)cc2F)nc1)c1ccccc1F,7.37
ZINC000028889359,O=[S@@](c1ccccc1)c1ccc(/C=C/c2ccc(F)cc2)nc1,6.7
ZINC000028889366,O=[S@](c1ccccc1)c1ccc(/C=C/c2ccc(F)cc2)nc1,6.7
ZINC000028889368,O=[S@@](c1ccccc1)c1ccc(/C=C/c2ccc(F)cc2F)nc1,7.6
ZINC000028889373,O=[S@](c1ccccc1)c1ccc(/C=C/c2ccc(F)cc2F)nc1,7.6
ZINC000028948404,O=C1C[C@@H](CN2CCC(c3noc4cc(F)ccc34)CC2)Cc2n[nH]cc21,6.91
ZINC000028948406,O=C1C[C@H](CN2CCC(c3noc4cc(F)ccc34)CC2)Cc2n[nH]cc21,6.91
ZINC000029055364,CC[C@@]1(CCCCN2CCN(c3ccc(Cl)cc3)CC2)C(=O)Nc2cc(F)ccc21,6.45
ZINC000029055368,CC[C@]1(CCCCN2CCN(c3ccc(Cl)cc3)CC2)C(=O)Nc2cc(F)ccc21,6.45
ZINC000029055372,O=C1Nc2ccccc2[C@@H]1CCCCN1CCN(c2ccc(Cl)cc2)CC1,6.16
ZINC000029055379,O=C1Nc2ccc(F)cc2[C@H]1CCCCN1CCN(c2ccccc2)CC1,5.82
ZINC000029064434,COc1ccccc1N1CCN(CCCC(=O)NCc2nc3ccc(F)cc3c(=O)n2-c2ccccc2)CC1,6.66
ZINC000029123120,Cc1cccc(N2CCN(CCCC(=O)NCc3nc4ccc(F)cc4c(=O)n3-c3ccccc3)CC2)c1C,7.1
ZINC000029123154,CCOc1ccccc1N1CCN(CCCC(=O)NCc2nc3cc(F)ccc3c(=O)n2-c2ccc(OC)cc2)CC1,5.42
ZINC000029123304,O=C(CCCN1CCN(c2cccc(C(F)(F)F)c2)CC1)NCc1nc2cc(F)ccc2c(=O)n1-c1ccccc1,5.89
ZINC000029123434,Cc1cccc(N2CCN(CCCC(=O)NCc3nc4ccccc4c(=O)n3-c3ccccc3)CC2)c1C,6.34
ZINC000029123667,CCOc1ccccc1N1CCN(CCCC(=O)NCc2nc3ccc(F)cc3c(=O)n2-c2ccccc2)CC1,5.8
ZINC000029123670,Cc1cccc(N2CCN(CCCC(=O)NCc3nc4cc(F)ccc4c(=O)n3-c3ccccc3)CC2)c1C,5.47
ZINC000029126503,CC[C@@H](C)c1nc2c(c(-c3ccc(F)cc3)n1)CNCC2,5.99
ZINC000029126504,CC[C@H](C)c1nc2c(c(-c3ccc(F)cc3)n1)CNCC2,5.99
ZINC000029128986,COc1c(OCCF)cccc1[C@@H](O)C1CCN(CCc2ccc(F)cc2)CC1,7.15
ZINC000029130379,C[C@H]1NC(NCC(F)F)=Nc2cccc(Cl)c21,6.4
ZINC000029130448,CC[C@@H]1NC(N)=Nc2ccc(Cl)c(Cl)c21,6.81
ZINC000029130450,CC[C@H]1NC(N)=Nc2ccc(Cl)c(Cl)c21,6.81
ZINC000029130452,C[C@@H]1NC(=N)Nc2ccc(Cl)c(Cl)c21,7.59
ZINC000029130454,C[C@H]1NC(N)=Nc2ccc(Cl)c(Cl)c21,7.59
ZINC000029130460,CNC1=Nc2cccc(Cl)c2[C@@H](C)N1,6.63
ZINC000029130462,CNC1=Nc2cccc(Cl)c2[C@H](C)N1,6.63
ZINC000029130506,C[C@H]1NC(N)=Nc2cccc(Cl)c21,6.82
ZINC000029130546,CC[C@@H]1NC(N)=Nc2cccc(Cl)c21,6.42
ZINC000029130548,CC[C@H]1NC(N)=Nc2cccc(Cl)c21,6.42
ZINC000029130761,C[C@@H]1NC(NCC(F)F)=Nc2c(Cl)ccc(Cl)c21,6.17
ZINC000029130762,C[C@H]1NC(NCC(F)F)=Nc2c(Cl)ccc(Cl)c21,6.17
ZINC000029130869,N=C1NCc2c(ccc(Cl)c2Cl)N1,6.68
ZINC000029130899,CC(C)Oc1cccc2c1N=C(NCC(F)F)N[C@@H]2C,5.67
ZINC000029130901,CC(C)Oc1cccc2c1N=C(NCC(F)F)N[C@H]2C,5.67
ZINC000029130904,COc1c(Cl)ccc2c1[C@H](C)NC(NCC(F)F)=N2,6.63
ZINC000029130905,COc1c(Cl)ccc2c1[C@@H](C)NC(NCC(F)F)=N2,6.63
ZINC000029130996,COc1cccc2c1N=C(NCC(F)F)N[C@@H]2C,5.78
ZINC000029130997,COc1cccc2c1N=C(NCC(F)F)N[C@H]2C,5.78
ZINC000029131351,C[C@@H]1NC(N)=Nc2c(Cl)ccc(Cl)c21,7.13
ZINC000029131353,C[C@H]1NC(N)=Nc2c(Cl)ccc(Cl)c21,7.13
ZINC000029131423,COc1cc(Cl)c(C)c2c1N=C(N)N[C@@H]2C,7.72
ZINC000029131425,COc1cc(Cl)c(C)c2c1N=C(N)N[C@H]2C,7.72
ZINC000029131427,COc1c(Cl)ccc2c1[C@H](C)NC(=N)N2,7.13
ZINC000029131429,COc1c(Cl)ccc2c1[C@@H](C)NC(=N)N2,7.13
ZINC000029131431,CNC1=Nc2c(OC(C)C)cccc2[C@@H](C)N1,6.01
ZINC000029131432,CNC1=Nc2c(OC(C)C)cccc2[C@H](C)N1,6.01
ZINC000029131435,CC(C)Oc1cccc2c1N=C(N)N[C@@H]2C,6.31
ZINC000029131437,CC(C)Oc1cccc2c1N=C(N)N[C@H]2C,6.31
ZINC000029131439,N=C1NCc2cc(Cl)ccc2N1,6.2
ZINC000029131609,CNC1=Nc2ccc(Cl)c(Cl)c2[C@@H](C)N1,7.03
ZINC000029131611,C/N=C1\Nc2ccc(Cl)c(Cl)c2[C@H](C)N1,7.03
ZINC000029131613,COc1cccc2c1N=C(N)N[C@@H]2C,6.25
ZINC000029131615,COc1cccc2c1N=C(N)N[C@H]2C,6.25
ZINC000029210629,COc1cc(N)c(Cl)cc1C(=O)N[C@@H]1CCN(CCCOc2ccc(F)cc2)C[C@H]1OC,6.4
ZINC000029330705,C[C@@H](N)Cn1ccc2ccc3ccccc3c21,7.38
ZINC000029330710,C[C@H](N)Cn1ccc2ccc3ccccc3c21,7.38
ZINC000029346197,C[C@@H](N)Cc1c[nH]c2ccc3ccccc3c12,8.05
ZINC000029346201,C[C@H](N)Cc1c[nH]c2ccc3ccccc3c12,8.05
ZINC000029480843,NC[C@H]1C[C@@H]1c1ccccc1,8.28
ZINC000029480846,NC[C@@H]1C[C@H]1c1ccccc1,7.89
ZINC000029480849,NC[C@H]1C[C@H]1c1ccccc1,7.89
ZINC000029571590,O=C(c1ccccc1)c1ccc2c(c1)NC(=O)[C@H]1CNCCN21,5.67
ZINC000029571592,O=C(c1ccccc1)c1ccc2c(c1)NC(=O)[C@@H]1CNCCN21,5.67
ZINC000033924463,CCCc1ccc(S(=O)(=O)N(C)C2CCN(C)CC2)cc1,6.33
ZINC000033954984,CNC1=NC(=O)/C(=C\c2c[nH]c3ccccc23)N1C,5.63
ZINC000034019802,COc1ccc(Sc2ccc(C)cc2N2CCNCC2)cc1,7.0
ZINC000034025070,O=C(Nc1ccc2c(c1)CCC(CN1CCCC1)=C2)c1ccc(-c2ccc(F)cc2)cc1,9.28
ZINC000034051848,Cc1ccc(Sc2ccccc2N2CCNCC2)c(C)c1,6.74
ZINC000034215717,CN1C(=N)N=C(O)/C1=C\c1c[nH]c2ccccc12,5.32
ZINC000034350908,O=C(Nc1ccc2nc(CN3CCCC3)ccc2c1)c1ccc(-c2ccc(F)cc2)cc1,7.44
ZINC000034428892,O=C1c2c(O)cccc2[C@H]2CNCCN12,6.29
ZINC000034428893,O=C1c2c(O)cccc2[C@@H]2CNCCN12,6.29
ZINC000034445634,N#Cc1cccc2c1C(=O)N1CCNC[C@@H]21,6.55
ZINC000034445637,N#Cc1cccc2c1C(=O)N1CCNC[C@H]21,6.55
ZINC000034535385,CSc1cccc2c1C(=O)N1CCNC[C@@H]21,7.4
ZINC000034563575,O=C1c2c(OC(F)(F)F)cccc2[C@H]2CNCCN12,7.7
ZINC000034563577,O=C1c2c(OC(F)(F)F)cccc2[C@@H]2CNCCN12,7.7
ZINC000034605038,Cc1cccc2c1C(=O)N[C@H]1CNC[C@H]21,8.96
ZINC000034638976,Cc1cccc2c1C(=O)N[C@@H]1CCNCCN21,8.7
ZINC000034639577,CCc1cc(Cl)c2c(c1)[C@H]1CNC[C@@H]1NC2=O,7.59
ZINC000034657159,O=C1N[C@H]2CNCCN2c2cccc(C(F)(F)F)c21,7.04
ZINC000034893372,NC[C@H]1C[C@@H]1c1ccc(Br)cc1,6.86
ZINC000034893375,NC[C@H]1C[C@@H]1c1cccc(Br)c1,7.85
ZINC000034893379,NC[C@H]1C[C@@H]1c1ccc(F)cc1,8.27
ZINC000034893391,NC[C@H]1C[C@@H]1c1ccc(-c2ccco2)cc1,5.92
ZINC000034893399,NC[C@H]1C[C@@H]1c1cccc(-c2ccc(Cl)cc2)c1,5.8
ZINC000034893486,c1ccc(CNC[C@H]2C[C@@H]2c2ccccc2)cc1,5.24
ZINC000034893489,NC[C@H]1C[C@H]1c1ccccc1Br,8.89
ZINC000034893490,NC[C@H]1C[C@@H]1c1ccccc1Br,9.11
ZINC000034893491,NC[C@@H]1C[C@H]1c1ccccc1Br,8.89
ZINC000034893492,NC[C@@H]1C[C@@H]1c1ccccc1Br,8.89
ZINC000034893494,NC[C@H]1C[C@@H]1c1cccc(-c2ccc(F)cc2)c1,6.16
ZINC000034893518,NC[C@H]1C[C@@H]1c1c(F)cccc1F,7.06
ZINC000034893645,NC[C@H]1C[C@@H]1c1cccc(NCc2ccccc2)c1,5.93
ZINC000034893653,NC[C@H]1C[C@@H]1c1ccccc1-c1cc2ccccc2o1,5.71
ZINC000034893669,NC[C@H]1C[C@@H]1c1ccccc1-c1ccc(F)cc1,6.52
ZINC000035000355,NCCC(=O)Nc1ccc2[nH]nc(S(=O)(=O)c3cccc4ccccc34)c2c1,6.24
ZINC000035261422,CC1=C(CCN(C)C)c2cc(NS(=O)(=O)c3c(Cl)nc4sccn34)ccc2C1,5.95
ZINC000035270825,COc1cccc2c1C(=O)N1CCNC[C@H]21,6.88
ZINC000035270829,COc1cccc2c1C(=O)N1CCNC[C@@H]21,6.88
ZINC000035278957,O=S(=O)(c1cccc(Cl)c1)c1n[nH]c2ccc(NC3CCNCC3)cc12,5.61
ZINC000035279646,CC(C)c1ccc(S(=O)(=O)c2n[nH]c3ccc(NC4CCNCC4)cc23)cc1,5.75
ZINC000035569548,COc1cc2c(c(OC)c1OC)CC[C@@H]2CN,7.22
ZINC000035569551,COc1cc2c(c(OC)c1OC)CC[C@H]2CN,7.22
ZINC000035803499,Clc1ccc2c(c1)C[C@@H]1CNC[C@H]21,7.96
ZINC000035803648,Cc1ccc2c(c1)C(=O)N[C@@H]1CNCCN21,6.88
ZINC000035856082,CCc1cc(C)c2c(c1)[C@H]1CNC[C@@H]1NC2=O,7.92
ZINC000035875416,O=C1N[C@H]2CNC[C@H]2c2cccc(C(F)(F)F)c21,7.52
ZINC000035899859,CCc1cc2c(c(C(F)(F)F)c1)C(=O)N(C)[C@H]1CNC[C@H]21,7.39
ZINC000035904801,Cc1ccc2c(c1)N1CCNC[C@H]1NC2=O,7.47
ZINC000035905759,CN1C(=O)c2c(cccc2C(F)(F)F)[C@H]2CNC[C@@H]21,8.48
ZINC000035923955,O=C1N[C@H]2CNCCN2c2cccc(Cl)c21,7.37
ZINC000035929028,O=C1N[C@H]2CNC[C@@H]2c2ccc(Cl)c(Cl)c21,8.48
ZINC000035940245,Cc1cccc2c1C(=O)N[C@H]1CNCCN21,7.35
ZINC000035940246,Cc1cccc2c1C(=O)N[C@@H]1CNCCN21,7.35
ZINC000035940559,O=C1N[C@H]2CCNCCN2c2cccc(Cl)c21,8.74
ZINC000035963987,CCc1ccc(Cl)c2c1[C@H]1CNC[C@@H]1NC2=O,7.96
ZINC000035977251,C[C@]1(O)c2ccccc2-c2ccc(C(=O)NC(=N)N)cc21,6.41
ZINC000035993959,O=C1N[C@H]2CNCCN2c2ccccc21,6.86
ZINC000035994213,O=C1N[C@H]2CNCCN2c2ccc(Cl)cc21,6.96
ZINC000035994701,Cc1cc(C(C)C)cc2c1C(=O)N[C@H]1CNC[C@H]21,7.23
ZINC000036093353,CNc1cc(NS(=O)(=O)c2ccc(N)cc2)cc(NC)n1,5.69
ZINC000036126703,CN(C)Cc1ccc2c(c1)CC[C@H](N(C)C(=O)c1ccc(-c3ccc(Cl)cc3)nc1)C2,5.02
ZINC000036238006,CN1CCc2cc(Cl)c(O)cc2[C@H](c2ccccc2Br)C1,7.93
ZINC000036238007,CN1CCc2cc(Cl)c(O)cc2[C@@H](c2ccccc2Br)C1,7.93
ZINC000036238008,CN1CCc2cc(Cl)c(O)cc2[C@H](c2cccc(Br)c2)C1,8.55
ZINC000036238010,CN1CCc2cc(Cl)c(O)cc2[C@@H](c2cccc(Br)c2)C1,8.55
ZINC000036238019,CN1CCN(C2=Nc3cc(OS(=O)(=O)C(F)(F)F)ccc3Nc3ccccc32)CC1,6.21
ZINC000036270492,CC(C)Oc1cccc2c1C(=O)N1CCNC[C@H]21,6.97
ZINC000036270494,CC(C)Oc1cccc2c1C(=O)N1CCNC[C@@H]21,6.97
ZINC000036270498,O=C1c2ccccc2[C@@H]2CNCCN12,6.2
ZINC000036270500,O=C1c2ccccc2[C@H]2CNCCN12,6.2
ZINC000036270502,O=C1c2c(Cl)cccc2[C@H]2CNCCN12,7.51
ZINC000036270509,CSc1cccc2c1C(=O)N1CCNC[C@H]21,7.4
ZINC000036270546,Cc1cc2c(cc1Br)[C@H](C)[C@@H]1CNC[C@H]21,6.33
ZINC000036270548,Cc1cc2c(cc1Br)[C@@H](C)[C@@H]1CNC[C@H]21,6.33
ZINC000036270552,Cc1cc2c(cc1Br)[C@H]1CNC[C@H]1[C@@H]2C,6.68
ZINC000036270553,Cc1cc2c(cc1Br)[C@H]1CNC[C@H]1[C@H]2C,6.68
ZINC000036270555,Cc1cc2c(cc1Cl)[C@@H](C)[C@@H]1CNC[C@H]21,6.97
ZINC000036270557,Cc1cccc2c1[C@H](C)[C@@H]1CNC[C@H]21,5.47
ZINC000036270559,Cc1cccc2c1[C@@H](C)[C@@H]1CNC[C@H]21,5.47
ZINC000036270561,COc1cc2c(cc1Cl)[C@@H](C)[C@@H]1CNC[C@H]21,6.28
ZINC000036270563,Cc1cc2c(cc1Cl)[C@H]1CNC[C@H]1[C@@H]2C,6.33
ZINC000036270565,C[C@@H]1c2ccc(F)cc2[C@H]2CNC[C@@H]12,5.52
ZINC000036270567,C[C@H]1c2ccc(F)cc2[C@H]2CNC[C@H]21,5.52
ZINC000036270569,Cc1cccc2c1[C@H]1CNC[C@H]1[C@@H]2C,5.73
ZINC000036270571,Cc1cccc2c1[C@H]1CNC[C@H]1[C@H]2C,5.73
ZINC000036270573,Cc1ccc2c(c1)[C@H]1CNC[C@H]1[C@@H]2C,5.48
ZINC000036270575,Cc1ccc2c(c1)[C@H]1CNC[C@H]1[C@H]2C,5.48
ZINC000036270577,Cc1ccc2c(c1)[C@H](C)[C@@H]1CNC[C@H]21,5.77
ZINC000036270579,Cc1ccc2c(c1)[C@@H](C)[C@@H]1CNC[C@H]21,5.77
ZINC000036270581,O=C(NCc1cccc2cc(CN3CCC(O)CC3)cnc12)c1ccc(-c2ccc(F)cc2)cc1,5.55
ZINC000036270583,O=C(NCc1cccc2cc(CN3CC[C@H](O)C3)cnc12)c1ccc(-c2ccc(F)cc2)cc1,5.44
ZINC000036270586,CN(Cc1cccc2cc(CN3CCCCC3)cnc12)C(=O)c1ccc(-c2ccc(F)cc2)cc1,5.38
ZINC000036270588,CN(C)Cc1cnc2c(Cn3cnc4cc(-c5ccc(Cl)cc5)sc4c3=O)cccc2c1,5.88
ZINC000036270590,CCN(CC)Cc1cnc2c(CNC(=O)c3ccc(-c4ccc(F)cc4)cc3)cccc2c1,5.38
ZINC000036270592,O=C(NCc1cccc2cc(CN3CCOCC3)cnc12)c1ccc(-c2ccc(F)cc2)cc1,5.13
ZINC000036276693,Clc1nc(N2CCNCC2)c2c3c(sc2n1)CCCC3,6.15
ZINC000038157683,FC(F)(F)c1cccc([C@H]2CC[C@H]3CNC[C@@H]23)c1,6.38
ZINC000038157684,Fc1cccc(N2CC[C@H]3CNC[C@H]32)c1,6.5
ZINC000038157685,Clc1cccc(N2CC[C@H]3CNC[C@H]32)c1,6.3
ZINC000038157686,FC(F)(F)c1cccc(N2CC[C@H]3CNC[C@H]32)c1,6.99
ZINC000038157687,C[C@H]1C[C@H]2CNC[C@H]2N1c1nccc(C(F)(F)F)n1,7.66
ZINC000038157688,C[C@@H]1C[C@H]2CNC[C@H]2N1c1nccc(C(F)(F)F)n1,7.24
ZINC000038157689,FC(F)(F)c1ccnc(N2CC[C@@H]3CNC[C@@H]32)n1,6.74
ZINC000038157690,FC(F)(F)c1ccnc(N2CC[C@H]3CNC[C@H]32)n1,7.64
ZINC000038157691,FC(F)(F)c1ccnc(N2CC[C@H]3CNC[C@@H]32)n1,6.74
ZINC000038212827,O=C1N[C@@H]2CCNCCN2c2ccccc21,7.8
ZINC000038212935,Cc1ccc2c(c1)N1CCNCC[C@H]1NC2=O,8.19
ZINC000038213128,O=C1N[C@H]2CNCCCN2c2cccc(Cl)c21,5.81
ZINC000038213129,O=C1N[C@@H]2CNCCCN2c2cccc(Cl)c21,5.81
ZINC000038213382,Cc1cc(Cl)c2c(c1)[C@H]1CNC[C@@H]1NC2=O,7.77
ZINC000038219545,O=C1N[C@H]2CNC[C@@H]2c2cccc(C(F)(F)F)c21,9.0
ZINC000038219547,O=C1N[C@@H]2CNC[C@H]2c2cccc(C(F)(F)F)c21,7.21
ZINC000038219644,CCCc1cc(Cl)c2c(c1)[C@H]1CNC[C@@H]1NC2=O,6.66
ZINC000038264983,C[C@@]1(O)c2ccccc2-c2ccc(C(=O)NC(=N)N)cc21,6.41
ZINC000038276567,Cc1ccc2c(c1)N1CCNC[C@@H]1NC2=O,7.47
ZINC000038352832,CN(C)C[C@@H]1C[C@@H]2c3ccccc3Oc3ccccc3[C@@H]2O1,6.75
ZINC000038424857,c1ccc2c(N3CCN(CCc4ccc5nc[nH]c5c4)CC3)cccc2c1,7.19
ZINC000038539239,Cc1cccc(C2CCNCC2)c1C,5.94
ZINC000038542752,CN(C)CCn1cc(S(=O)(=O)c2cccc(F)c2)c2cccnc21,6.19
ZINC000038603510,N=C1N=C(O)/C(=C\c2c[nH]c3ccc(Br)cc23)N1,7.46
ZINC000038813133,N=C1N=C(O)/C(=C\c2c[nH]c3ccccc23)N1,6.46
ZINC000038928649,NCCn1cc(S(=O)(=O)c2cccc(Cl)c2)c2cccnc21,7.36
ZINC000040378957,O=S(=O)(c1ccc2c(c1)CCNCC2)c1ccccc1F,8.15
ZINC000040379371,Cc1ccc(Cl)c([C@H]2C[C@@H]2CN)c1F,7.89
ZINC000040380304,Cc1ncccc1Oc1ccc(NC(=O)c2coc3ccccc23)cn1,6.78
ZINC000040391678,O=C1C[C@@H](CN2CCC(c3noc4cc(F)ccc34)CC2)Cc2oc(-c3ccccc3)cc21,5.48
ZINC000040391681,O=C1C[C@H](CN2CCC(c3noc4cc(F)ccc34)CC2)Cc2oc(-c3ccccc3)cc21,5.48
ZINC000040394859,Cc1ncccc1Oc1ccc(NC(=O)c2csc3ccccc23)cn1,7.3
ZINC000040402848,COc1c(OCCF)cccc1[C@@H](O)C1CCN(CCc2ccc(C)cc2)CC1,6.29
ZINC000040402851,COc1c(OCCF)cccc1[C@H](O)C1CCN(CCc2ccc(C)cc2)CC1,6.29
ZINC000040411328,Cc1ccc2c(C(=O)Nc3ccc(Oc4cccnc4C)nc3)c[nH]c2c1,8.72
ZINC000040420559,Cc1ccc2[nH]cc(C(=O)Nc3ccc(Oc4cccnc4C)nc3)c2c1,8.35
ZINC000040422182,O=S(=O)(c1ccc2c(c1)CCNCC2)N1CCC(Oc2cccc(Cl)c2)CC1,6.56
ZINC000040423156,O=S(=O)(c1ccc2c(c1)CCNCC2)N1CC[C@H](Oc2ccccc2Cl)C1,7.51
ZINC000040423159,O=S(=O)(c1ccc2c(c1)CCNCC2)N1CCC(Oc2ccccc2)CC1,6.29
ZINC000040424285,NC[C@H]1C[C@@H]1c1ccc(Cl)cc1F,6.89
ZINC000040429901,O=S(=O)(c1ccc(F)cc1)c1ccc2c(c1)CCNCC2,7.1
ZINC000040429977,O=S(=O)(NCCCN1CCN(c2cccc(C(F)(F)F)c2)CC1)c1ccc2ccccc2c1,7.04
ZINC000040431320,COc1ccc(S(=O)(=O)N[C@@H](C)CCN2CCN(c3cccc(C(F)(F)F)c3)CC2)cc1,5.87
ZINC000040431323,COc1ccc(S(=O)(=O)N[C@H](C)CCN2CCN(c3cccc(C(F)(F)F)c3)CC2)cc1,5.87
ZINC000040448778,c1cc2c(N3CCNCC3)nc[nH]c-2n1,6.12
ZINC000040460545,Cc1ccc2c(c1)[C@@H]1CCN[C@H](Cc3cccc4ccccc34)[C@@H]1N2,8.68
ZINC000040460546,Cc1ccc2c(c1)[C@@H]1CCN[C@@H](Cc3cccc4ccccc34)[C@@H]1N2,8.68
ZINC000040461369,Cc1ccc2c(c1F)[C@@H]1CCN[C@H](Cc3cccc4ccccc34)[C@@H]1N2,9.02
ZINC000040461370,Cc1ccc2c(c1F)[C@@H]1CCN[C@@H](Cc3cccc4ccccc34)[C@@H]1N2,9.02
ZINC000040689073,COc1ccc2c(c1)[C@@H]1C[C@@H](CN(C)C)ON1c1ccccc1C2,7.71
ZINC000040689074,COc1ccc2c(c1)[C@@H]1C[C@H](CN(C)C)ON1c1ccccc1C2,7.71
ZINC000040829209,O=S(=O)(c1ccc2c(c1)CCNCC2)N1CC[C@@H](Oc2ccccc2Cl)C1,7.85
ZINC000040829566,Cc1cccc([C@H]2C[C@@H]2CN)c1,8.32
ZINC000040835717,C#Cc1cccc([C@H]2C[C@@H]2CN)c1,6.87
ZINC000040836371,NC[C@H]1C[C@@H]1c1ccc(F)cc1Cl,8.52
ZINC000040845066,Cc1ccccc1[C@H]1C[C@@H]1CN,7.64
ZINC000040845108,NC[C@H]1C[C@@H]1c1ccc(Cl)cc1Cl,7.74
ZINC000040845173,Cc1ncccc1Oc1ccc(NC(=O)c2c[nH]c3c(C)cccc23)cn1,8.09
ZINC000040845322,NC[C@H]1C[C@@H]1c1ccccc1F,7.54
ZINC000040848193,NC[C@H]1C[C@@H]1c1cccc(O)c1,8.48
ZINC000040891822,CCCN1CCC(COc2nc3scc(C)c3n3cccc23)CC1,7.14
ZINC000040896508,Cc1ncccc1Oc1ccc(NC(=O)c2cc3ccccc3[nH]2)cn1,7.23
ZINC000040896511,Cc1ncccc1Oc1ccc(NC(=O)c2c[nH]c3ccccc23)cn1,7.17
ZINC000040898016,Cc1cc([C@H]2C[C@@H]2CN)ccc1F,8.22
ZINC000040898170,NC[C@H]1C[C@@H]1c1cccc(Cl)c1Cl,7.96
ZINC000040899148,Cc1cccc(Cl)c1[C@H]1C[C@@H]1CN,8.46
ZINC000040913333,NC[C@H]1C[C@@H]1c1ccccc1C#CCCCCO,6.63
ZINC000040913335,NC[C@H]1C[C@@H]1c1cccc(C#CCCCCO)c1,6.48
ZINC000040917128,Cc1ccc([C@H]2C[C@@H]2CN)c(Br)c1,7.01
ZINC000040917130,Cc1cccc([C@H]2C[C@@H]2CN)c1C,8.15
ZINC000040917131,Cc1ccc([C@H]2C[C@@H]2CN)cc1C,7.46
ZINC000040933660,Cc1ncccc1Oc1ccc(NC(=O)c2cn(C)c3ccccc23)cn1,6.32
ZINC000040933686,O=C(Nc1ccc(Oc2cccnc2Cl)nc1)c1c[nH]c2ccccc12,9.3
ZINC000040933924,Cc1ncccc1Oc1ccc(N(C)C(=O)c2c[nH]c3ccccc23)cn1,5.02
ZINC000040933949,O=C(Nc1ccc(Oc2cccnc2)nc1)c1c[nH]c2ccccc12,8.8
ZINC000040934013,O=C(Nc1ccc(Oc2ccccc2)nc1)c1c[nH]c2ccccc12,6.27
ZINC000040934248,O=C(Nc1ccc(Oc2cncnc2)nc1)c1c[nH]c2ccccc12,7.3
ZINC000040934431,O=C(Nc1ccc(OCc2ccccn2)nc1)c1c[nH]c2ccccc12,8.22
ZINC000040934433,Cc1ccc(Oc2ccc(NC(=O)c3c[nH]c4ccccc34)cn2)cn1,5.65
ZINC000040934681,Cc1ncccc1Oc1ccc(NS(=O)(=O)c2csc3ccccc23)cn1,6.24
ZINC000040935743,Cc1ncccc1Oc1ccc(NS(=O)(=O)c2coc3ccccc23)cn1,6.49
ZINC000040936026,COc1ccc2[nH]cc(C(=O)Nc3ccc(Oc4cccnc4C)nc3)c2c1,7.97
ZINC000040936267,Cc1ncccc1Oc1ccc(N(C)C(=O)c2cn(C)c3ccccc23)cn1,5.2
ZINC000040950234,CN(C[C@@H]1COc2ccccc21)S(=O)(=O)c1ccc2c(c1)CCNCC2,7.39
ZINC000040950236,CN(C[C@H]1COc2ccccc21)S(=O)(=O)c1ccc2c(c1)CCNCC2,7.39
ZINC000040950248,NC[C@H]1C[C@@H]1c1ccc(Cl)cc1,7.12
ZINC000040951205,NC[C@H]1C[C@@H]1c1cccc(F)c1F,7.0
ZINC000040951263,COc1cc(S(=O)(=O)N2CCC(Oc3ccccc3Cl)CC2)c(OC)c2c1CCNCC2,6.44
ZINC000040951681,NC[C@H]1C[C@@H]1c1ccc(F)cc1F,7.38
ZINC000040951683,NC[C@H]1C[C@@H]1c1ccc(F)c(F)c1,8.05
ZINC000040951690,COc1cc(S(=O)(=O)N(C)Cc2ccccc2)c(OC)c2c1CCNCC2,6.77
ZINC000040952546,O=S(=O)(c1cccc(F)c1)c1ccc2c(c1)CCNCC2,8.05
ZINC000040952715,O=S(=O)(NCCCN1CCN(c2ccc(Cl)c(Cl)c2)CC1)c1ccc2ccccc2c1,6.67
ZINC000040953137,NC[C@H]1C[C@@H]1c1ccccc1C(F)(F)F,7.31
ZINC000040953743,NC[C@H]1C[C@@H]1c1cccc(F)c1,8.48
ZINC000040953817,O=S(=O)(c1ccc2c(c1)CCNCC2)N1CC(Oc2cccc(Cl)c2)C1,7.92
ZINC000040953819,O=S(=O)(c1ccc2c(c1)CCNCC2)N1CC(Oc2ccc(Cl)cc2)C1,7.55
ZINC000040954917,Cc1ccc([C@H]2C[C@@H]2CN)cc1,6.87
ZINC000040955415,NC[C@H]1C[C@@H]1c1ccc(C(F)(F)F)cc1,6.11
ZINC000040956376,O=S(=O)(c1ccc2c(c1)CCNCC2)N1CC(Oc2ccccc2Cl)C1,7.51
ZINC000040956465,COc1ccc([C@H]2C[C@@H]2CN)cc1,6.04
ZINC000040956877,NC[C@H]1C[C@@H]1c1cccc(C(F)(F)F)c1,7.52
ZINC000040956995,NC[C@H]1C[C@@H]1c1cccc(Cl)c1,8.0
ZINC000040957826,COc1cccc([C@H]2C[C@@H]2CN)c1,7.8
ZINC000040957874,COc1ccc(S(=O)(=O)NCCCN2CCN(c3cccc(C(F)(F)F)c3)CC2)cc1,7.24
ZINC000040979285,NC[C@H]1C[C@@H]1c1ccccc1O,6.79
ZINC000040979743,NC[C@H]1C[C@@H]1c1ccccc1Cl,8.29
ZINC000040980552,COc1ccccc1[C@H]1C[C@@H]1CN,7.59
ZINC000041205272,CCOc1ccccc1[C@H]1C[C@@H]1CN,7.74
ZINC000043198170,c1ccc(Cc2nc3c(c(N4CCOCC4)n2)CCNCC3)cc1,7.7
ZINC000043198171,CNc1nc(Cc2ccccc2)nc2c1CCNCC2,7.51
ZINC000043198174,CNc1nc(Cc2ccccc2)nc2c1CCNC[C@H]2C,7.1
ZINC000043198175,CNc1nc(Cc2ccccc2)nc2c1CCNC[C@@H]2C,8.0
ZINC000043202519,CN(C)[C@@H]1CC[C@]2(Cc3ccccc3Cc3ccccc32)C1,8.1
ZINC000043202520,CN(C)[C@H]1CC[C@]2(Cc3ccccc3Cc3ccccc32)C1,8.1
ZINC000043202655,O=C(O)CCN[C@H]1CC[C@]2(Cc3ccccc3Cc3ccccc32)C1,7.0
ZINC000043202657,O=C(O)CCN[C@@H]1CC[C@]2(Cc3ccccc3Cc3ccccc32)C1,7.0
ZINC000043202659,O=C(O)[C@]12C[C@H]1CN([C@H]1CC[C@]3(Cc4ccccc4Cc4ccccc43)C1)C2,7.2
ZINC000043202661,O=C(O)[C@]12C[C@H]1CN([C@@H]1CC[C@]3(Cc4ccccc4Cc4ccccc43)C1)C2,7.2
ZINC000043202663,O=C(O)[C@@H]1CN([C@H]2CC[C@]3(Cc4ccccc4Cc4ccccc43)C2)CCO1,6.5
ZINC000043202665,O=C(O)[C@@H]1CN([C@@H]2CC[C@]3(Cc4ccccc4Cc4ccccc43)C2)CCO1,6.5
ZINC000043202666,O=C(O)C1=CCN([C@H]2CC[C@@]3(Cc4ccccc4Cc4ccccc43)C2)CC1,6.7
ZINC000043202667,O=C(O)C1=CCN([C@H]2CC[C@]3(Cc4ccccc4Cc4ccccc43)C2)CC1,6.7
ZINC000043202668,O=C(O)C1=CCN([C@@H]2CC[C@@]3(Cc4ccccc4Cc4ccccc43)C2)CC1,6.7
ZINC000043202669,O=C(O)C1=CCN([C@@H]2CC[C@]3(Cc4ccccc4Cc4ccccc43)C2)CC1,6.7
ZINC000043202670,O=C(O)C1=CCCN([C@H]2CC[C@@]3(Cc4cc(F)ccc4Cc4ccccc43)C2)C1,6.5
ZINC000043202671,O=C(O)C1=CCCN([C@H]2CC[C@]3(Cc4cc(F)ccc4Cc4ccccc43)C2)C1,6.5
ZINC000043202672,O=C(O)C1=CCCN([C@@H]2CC[C@@]3(Cc4cc(F)ccc4Cc4ccccc43)C2)C1,6.5
ZINC000043202673,O=C(O)C1=CCCN([C@@H]2CC[C@]3(Cc4cc(F)ccc4Cc4ccccc43)C2)C1,6.5
ZINC000044430333,NC[C@H]1C[C@@H]1c1ccc2ccccc2c1,5.54
ZINC000045167172,O=c1cc2c(nn1Cc1ccccc1)CCNCC2,7.51
ZINC000045244946,CCOC(=O)c1cc2cc(OCCCN3CCN(c4ccc(OC)cc4)CC3)ccc2[nH]1,7.3
ZINC000045245071,Cc1cc(=O)n(CCCOc2cccc(Cl)c2)c(N2CCNCC2)n1,6.58
ZINC000045245522,C[C@@H]1CNCCN1c1cc(=O)n(C)c(CCc2ccccc2C(F)(F)F)n1,7.19
ZINC000045245920,Cc1ccccc1OCc1nc(N2CCNCC2)cc(=O)n1C,6.64
ZINC000045245921,Cn1c(COc2cccc(C(F)(F)F)c2)nc(N2CCNCC2)cc1=O,6.31
ZINC000045245993,CCOC(=O)c1cc2cc(OCCCN3CCN(c4ccccn4)CC3)ccc2[nH]1,6.98
ZINC000045253005,Cc1cc(=O)n(CCCOc2ccccc2Cl)c(N2CCNCC2)n1,7.25
ZINC000045253106,CCOC(=O)c1cc2cc(OCCCN3CCN(c4cccc(Cl)c4)CC3)ccc2[nH]1,8.89
ZINC000045253679,CCOC(=O)c1cc2cc(OCCCN3CCN(c4ccc([N+](=O)[O-])cc4)CC3)ccc2[nH]1,6.61
ZINC000045254093,N#Cc1ccc(Cn2nc3c(cc2=O)CCNCC3)cc1,5.18
ZINC000045254930,c1ccc(Cn2cc3c(n2)CCNCC3)cc1,5.3
ZINC000045254975,CCn1c(COc2cc(F)ccc2Cl)nc(N2CCNCC2)cc1=O,6.99
ZINC000045256484,CCOC(=O)c1cc2cc(OCCCN3CCN(c4ccc(Cl)cc4)CC3)ccc2[nH]1,7.35
ZINC000045256487,CCOC(=O)c1cc2cc(OCCCN3CCN(c4ccc(Cl)c(Cl)c4)CC3)ccc2[nH]1,5.0
ZINC000045257213,O=c1ccc(N2CCNCC2)nn1CCOc1ccccc1Br,7.0
ZINC000045257756,Cn1c(CCc2ccccc2)nc(N2CCNCC2)cc1=O,6.56
ZINC000045259120,C[C@@H]1CCCCN1CCOc1ccc(NC(=O)Nc2ccc(Cl)cc2)cc1-c1ccnn1C,7.01
ZINC000045259124,C[C@H]1CCCCN1CCOc1ccc(NC(=O)Nc2ccc(Cl)cc2)cc1-c1ccnn1C,7.01
ZINC000045259538,Cn1c(COc2cc(F)ccc2Cl)nc(N2CCNCC2)cc1=O,6.44
ZINC000045260444,C[C@H](Cn1nc(N2CCNCC2)ccc1=O)Oc1ccccc1Cl,6.07
ZINC000045260474,Cc1cc(=O)n(CCOc2ccccc2Cl)nc1N1CCNCC1,6.29
ZINC000045261255,O=c1cc2c(nn1Cc1ccc(C3CC3)cc1)CCNCC2,7.59
ZINC000045261507,CC(C)CCn1nc2c(cc1=O)CCNCC2,7.21
ZINC000045261522,O=c1cc2c(nn1Cc1ccc(OC(F)(F)F)cc1)CCNCC2,7.32
ZINC000045283833,CCOC(=O)C1=CCc2nc(C)nc(NCCN(C)C)c21,5.35
ZINC000045284262,C[C@@H](Cn1nc(N2CCNCC2)ccc1=O)Oc1ccccc1Cl,6.44
ZINC000045284425,COC(=O)c1cnn2c(O)nc(C3CCNCC3)nc12,6.23
ZINC000045284986,Clc1ccccc1CCOc1cncc(N2CCNCC2)n1,8.0
ZINC000045285444,CC[C@@H]1CNCCN1c1ccc(=O)n(CCOc2ccccc2Cl)n1,6.39
ZINC000045286254,Cc1cc(=O)n(CCCOc2ccccc2)c(N2CCNCC2)n1,5.99
ZINC000045286283,Cn1c(COc2cccc(Cl)c2)nc(N2CCNCC2)cc1=O,6.31
ZINC000045286555,Cn1nc2c(cc1=O)CCNCC2,6.47
ZINC000045288127,N#Cc1ccccc1OCCn1nc(N2CCNCC2)ccc1=O,6.94
ZINC000045288640,O=C1C[C@H](CN2CCC(c3noc4cc(F)ccc34)CC2)Cc2ncncc21,6.3
ZINC000045288643,O=C1C[C@@H](CN2CCC(c3noc4cc(F)ccc34)CC2)Cc2ncncc21,6.3
ZINC000045289758,C[C@@H]1CNCCN1c1cc(=O)n(C)c(CCc2ccccc2Cl)n1,7.68
ZINC000045290438,CCn1c(COc2cccc(C#N)c2)nc(N2CCNCC2)cc1=O,6.95
ZINC000045290590,Cc1cc(=O)n(CCCOc2ccc(Cl)cc2)c(N2CCNCC2)n1,6.05
ZINC000045290646,c1ccc(COc2n[nH]c3c2CCNCC3)cc1,6.75
ZINC000045291006,Cc1cc(=O)n(CCCOc2ccccc2F)c(N2CCNCC2)n1,7.11
ZINC000045291081,Cn1c(COc2ccccc2C(F)(F)F)nc(N2CCNCC2)cc1=O,7.52
ZINC000045291085,Cc1ccc(Cl)cc1OCc1nc(N2CCNCC2)cc(=O)n1C,6.8
ZINC000045291458,Cn1c(COc2ccccc2Cl)nc(N2CCNCC2)cc1=O,7.14
ZINC000045298413,Cc1ccccc1CCc1nc(N2CCNC[C@H]2C)cc(=O)n1C,7.59
ZINC000045298415,O=c1cc2c(nn1Cc1cccc(Cl)c1)CCNCC2,7.52
ZINC000045299787,Cn1c2c(c(=O)n1Cc1ccccc1)CCNCC2,5.53
ZINC000045300083,O=c1cc2c(nn1Cc1ccc(C(F)(F)F)cc1)CCNCC2,6.9
ZINC000045300145,Cn1c(CCc2cccc(Cl)c2)nc(N2CCNCC2)cc1=O,7.02
ZINC000045300147,Cc1ccc(F)cc1OCc1nc(N2CCNCC2)cc(=O)n1C,7.34
ZINC000045300944,O=c1cc2c(nn1Cc1ccccc1OC(F)(F)F)CCNCC2,6.97
ZINC000045301153,CCn1c(CCc2ccccc2Cl)nc(N2CCNCC2)cc1=O,7.68
ZINC000045302637,Cn1c(COc2cccc(C#N)c2)nc(N2CCNCC2)cc1=O,6.5
ZINC000045302792,C[C@@H]1CNCCN1c1cc(=O)n(C)c(CCc2ccccc2)n1,6.58
ZINC000045315602,Cc1cc(=O)n(CCCOc2ccccc2)c(N2CCNC[C@H]2C)n1,6.79
ZINC000045315606,C[C@@H]1CNCCN1c1cc(=O)n(C)c(CCc2cccc(Cl)c2)n1,7.59
ZINC000045318243,CCOC(=O)c1cc2cc(OCCCN3CCN(C(=O)c4ccco4)CC3)ccc2[nH]1,6.51
ZINC000045318422,CCOC(=O)c1cc2cc(OCCCN3CCN(Cc4ccc5c(c4)OCO5)CC3)ccc2[nH]1,7.36
ZINC000045320021,O=c1cc2c(nn1Cc1ccc(Cl)cc1)CCNCC2,7.51
ZINC000045320393,O=c1cc2c(nn1Cc1ccccc1Cl)CCNCC2,7.48
ZINC000045334419,CCOC(=O)c1cc2cc(OCCCN3CCN(c4ccccc4Cl)CC3)ccc2[nH]1,7.4
ZINC000045334856,COc1cc2c(cc1C(F)(F)F)N(C(=O)Nc1cc(OC(F)(F)F)cc(-c3cccnc3)c1)CC2,7.3
ZINC000045336371,O=C1N[C@@H]2CNCCN2c2ccc(Cl)cc21,6.96
ZINC000045336668,O=C1N[C@@H]2CCNCCN2c2cccc(Cl)c21,8.74
ZINC000045337990,O=C1N[C@H]2CCNCCN2c2ccccc21,7.8
ZINC000045338195,O=C1N[C@@H]2CNCCN2c2ccccc21,6.86
ZINC000045338205,Cc1cccc2c1N1CCNC[C@@H]1NC2=O,5.38
ZINC000045338207,Cc1cccc2c1N1CCNC[C@H]1NC2=O,5.38
ZINC000045338209,O=C1N[C@@H]2CNCCN2c2cccc(C(F)(F)F)c21,7.04
ZINC000045338747,Cc1cccc2c1C(=O)N[C@H]1CCNCCN21,8.7
ZINC000045338915,Cc1ccc2c(c1)C(=O)N[C@H]1CNCCN21,6.88
ZINC000045339406,Cc1ccc2c(c1)N1CCNCC[C@@H]1NC2=O,8.19
ZINC000045339862,Cc1csc2c(OCc3cccc(Cl)c3)nc(N3CCNCC3)nc12,6.9
ZINC000045354600,Clc1nc(N2CCNCC2)c2scc(-c3ccccc3)c2n1,6.27
ZINC000045367632,O=S(=O)(c1cccc2ccccc12)N(CCCN1CCN(c2ccccc2)CC1)CC1CC1,5.84
ZINC000045367635,O=S(=O)(c1ccc(C(F)(F)F)cc1)N(CCCN1CCN(c2ccccc2)CC1)CC1CC1,6.25
ZINC000045367660,COc1ccc(S(=O)(=O)N(CCCN2CCN(c3cccc(C(F)(F)F)c3)CC2)CC2CC2)cc1,5.99
ZINC000045367719,O=S(=O)(c1ccc2ccccc2c1)N(CCCN1CCN(c2ccccc2)CC1)CC1CC1,6.32
ZINC000045367848,COc1ccccc1N1CCN(CCCN(CC2CCCCC2)S(=O)(=O)c2ccc3ccccc3c2)CC1,7.15
ZINC000045367993,COc1ccc(S(=O)(=O)N(CCCN2CCN(c3ccc(F)cc3)CC2)CC2CC2)cc1,6.14
ZINC000045368533,O=S(=O)(c1ccc2ccccc2c1)N(CCCN1CCN(c2ccc(F)cc2)CC1)CC1CC1,6.46
ZINC000045368535,O=S(=O)(c1cccc2cccnc12)N(CCCN1CCN(c2ccccc2)CC1)CC1CC1,5.67
ZINC000045369014,COc1ccc(S(=O)(=O)N(CCCN2CCN(c3ccccc3OC)CC2)CC2CCCCC2)cc1,6.7
ZINC000045369100,COc1ccc(S(=O)(=O)N(CCCN2CCN(c3ccccc3)CC2)CC2CC2)cc1,6.16
ZINC000045369104,COc1ccc(S(=O)(=O)N(CCCN2CCN(c3ccccc3OC)CC2)CC2CC2)cc1,5.7
ZINC000045369425,O=S(=O)(c1ccc2ccccc2c1)N(CCCN1CCN(c2ccccc2)CC1)CC1CCCCC1,7.19
ZINC000045369706,COc1ccc(S(=O)(=O)N(CCCN2CCN(c3ccccc3)CC2)CC2CCCCC2)cc1,7.1
ZINC000045370151,O=[N+]([O-])c1ccc(S(=O)(=O)N(CCCN2CCN(c3ccccc3)CC2)CC2CC2)cc1,5.71
ZINC000045370326,O=S(=O)(c1ccc(C(F)(F)F)cc1)N(CCCN1CCN(c2ccccc2)CC1)CC1CCCCC1,6.81
ZINC000045371167,O=S(=O)(c1ccc(F)cc1)N(CCCN1CCN(c2ccccc2)CC1)CC1CCCCC1,6.53
ZINC000045371278,C[C@@H](CCN1CCN(c2ccc(F)cc2)CC1)NS(=O)(=O)c1ccc2ccccc2c1,7.05
ZINC000045371283,C[C@H](CCN1CCN(c2ccc(F)cc2)CC1)NS(=O)(=O)c1ccc2ccccc2c1,7.05
ZINC000045371750,COc1ccccc1N1CCN(CCCN(CC2CCCCC2)S(=O)(=O)c2cccc3cccnc23)CC1,6.93
ZINC000045372100,O=S(=O)(c1ccc2ccccc2c1)N(CCCN1CCN(c2cccc(C(F)(F)F)c2)CC1)CC1CC1,6.52
ZINC000045372219,O=S(=O)(c1cccc2cccnc12)N(CCCN1CCN(c2ccc(F)cc2)CC1)CC1CCCCC1,6.87
ZINC000045372252,O=S(=O)(c1ccc2ccccc2c1)N(CCCN1CCN(c2ccc(F)cc2)CC1)CC1CCCCC1,7.62
ZINC000045372257,O=S(=O)(c1cccc2cccnc12)N(CCCN1CCN(c2ccccc2)CC1)CC1CCCCC1,6.07
ZINC000045373098,O=S(=O)(c1ccc(F)cc1)N(CCCN1CCN(c2ccccc2)CC1)CC1CC1,5.7
ZINC000045374536,COc1ccccc1N1CCN(CCCN(CC2CC2)S(=O)(=O)c2cccc3cccnc23)CC1,5.08
ZINC000045384164,O=C1N[C@@H]2CNCCN2c2cccc(Cl)c21,7.37
ZINC000045384219,COc1ccc(S(=O)(=O)N(CCCN2CCN(c3ccc(F)cc3)CC2)CC2CCCCC2)cc1,7.4
ZINC000045385734,C[C@@H](CCN1CCN(c2ccccc2)CC1)NS(=O)(=O)c1ccc2ccccc2c1,6.7
ZINC000045385736,C[C@H](CCN1CCN(c2ccccc2)CC1)NS(=O)(=O)c1ccc2ccccc2c1,6.7
ZINC000045386310,C[C@@H](CCN1CCN(c2cccc(C(F)(F)F)c2)CC1)NS(=O)(=O)c1ccc2ccccc2c1,6.03
ZINC000045386315,C[C@H](CCN1CCN(c2cccc(C(F)(F)F)c2)CC1)NS(=O)(=O)c1ccc2ccccc2c1,6.03
ZINC000045386809,O=S(=O)(c1cccc2ccccc12)N(CCCN1CCN(c2ccccc2)CC1)CC1CCCCC1,7.29
ZINC000045386894,COc1ccccc1N1CCN(CC[C@H](C)NS(=O)(=O)c2ccc3ccccc3c2)CC1,6.27
ZINC000045386897,COc1ccccc1N1CCN(CC[C@@H](C)NS(=O)(=O)c2ccc3ccccc3c2)CC1,6.27
ZINC000045387915,O=S(=O)(c1cccc2cccnc12)N(CCCN1CCN(c2ccc(F)cc2)CC1)CC1CC1,5.32
ZINC000045388534,COc1ccccc1N1CCN(CCCN(CC2CC2)S(=O)(=O)c2ccc3ccccc3c2)CC1,6.26
ZINC000045389410,O=S(=O)(Nc1ccc2c(c1)C([C@@H]1CCNC1)=CC2)c1c(Cl)nc2sccn12,5.86
ZINC000045389414,O=S(=O)(Nc1ccc2c(c1)C([C@H]1CCNC1)=CC2)c1c(Cl)nc2sccn12,5.86
ZINC000045389951,O=[N+]([O-])c1ccc(S(=O)(=O)N(CCCN2CCN(c3ccccc3)CC2)CC2CCCCC2)cc1,7.34
ZINC000045393203,Clc1cccc(COc2nc(N3CCNCC3)nc3[nH]cnc23)c1,6.39
ZINC000045506021,CNC[C@H]1C[C@@H]1c1ccccc1,6.2
ZINC000045506118,CC(C)NC[C@H]1C[C@@H]1c1ccccc1,5.47
ZINC000049032982,Cc1cccc(N2CCN(CCCCNC(=O)c3cc(-c4ccccc4)n(C)c3C)CC2)c1C,7.21
ZINC000049032984,CCCn1c(-c2ccccc2)cc(C(=O)NCCCCN2CCN(c3cccc(C)c3C)CC2)c1C,6.83
ZINC000049032998,Cc1c(C(=O)NCCCN2CCN(c3cccc(Cl)c3)CC2)cc(-c2ccccc2)n1N1CCCCC1,6.35
ZINC000049033000,Cc1c(C(=O)NCCCN2CCN(c3cccc(Cl)c3)CC2)cc(-c2ccccc2)n1-c1ccc(F)cc1,6.35
ZINC000049033663,Cc1[nH]c(-c2ccccc2)cc1C(=O)NCCN1CCN(c2cccc(Cl)c2Cl)CC1,7.43
ZINC000049033756,CCCn1c(-c2ccccc2)cc(C(=O)NCCCCN2CCN(c3cccc(Cl)c3Cl)CC2)c1C,7.68
ZINC000049033758,Cc1cccc(N2CCN(CCCCNC(=O)c3cc(-c4ccccc4)[nH]c3C)CC2)c1C,7.2
ZINC000049033785,Cc1c(C(=O)NCCCCN2CCN(c3cccc(Cl)c3Cl)CC2)cc(-c2ccccc2)n1C,7.49
ZINC000049033913,Cc1c(C(=O)NCCCN2CCN(c3cccc(Cl)c3)CC2)cc(-c2ccccc2)n1Cc1ccccc1,5.84
ZINC000049034230,Cc1c(C(=O)NCCCN2CCN(c3cccc(Cl)c3)CC2)cc(-c2ccccc2)n1C,6.8
ZINC000049034232,CCCn1c(-c2ccccc2)cc(C(=O)NCCCN2CCN(c3cccc(Cl)c3)CC2)c1C,6.56
ZINC000049036014,Cc1cccc(N2CCN(CCCNC(=O)c3cc(-c4ccccc4)n(C)c3C)CC2)c1C,6.88
ZINC000049036291,Cc1cccc(N2CCN(CCCNC(=O)c3cc(-c4ccccc4)[nH]c3C)CC2)c1C,6.21
ZINC000049037168,C[C@@H](O)c1ccccc1S(=O)(=O)c1ccc(/C=C/c2ccc(F)cc2)cc1,8.15
ZINC000049052289,CCn1c(-c2ccccc2)cc(C(=O)NCCCN2CCN(c3cccc(Cl)c3Cl)CC2)c1C,7.18
ZINC000049052293,CCCn1c(-c2ccccc2)cc(C(=O)NCCCN2CCN(c3cccc(Cl)c3Cl)CC2)c1C,6.2
ZINC000049052353,CCOc1ccccc1N1CCN(CCCN/C(=N\C#N)c2ccncc2)CC1,7.94
ZINC000049052779,CCn1c(-c2ccccc2)cc(C(=O)NCCCN2CCN(c3cccc(C)c3C)CC2)c1C,6.86
ZINC000049053823,Cc1cccc(N2CCN(CCCNC(=O)c3cc(-c4ccccc4)n(CC4CCCCC4)c3C)CC2)c1C,6.2
ZINC000049053982,Cc1[nH]c(-c2ccccc2)cc1C(=O)NCCCN1CCN(c2cccc(Cl)c2Cl)CC1,6.22
ZINC000049054304,CCCn1c(-c2ccccc2)cc(C(=O)NCCCN2CCN(c3cccc(C)c3C)CC2)c1C,6.65
ZINC000049054307,Cc1cccc(N2CCN(CCCNC(=O)c3cc(-c4ccccc4)n(CC(C)C)c3C)CC2)c1C,5.89
ZINC000049054310,Cc1cccc(N2CCN(CCCNC(=O)c3cc(-c4ccccc4)n(N4CCCCC4)c3C)CC2)c1C,6.38
ZINC000049055027,Cc1cccc(N2CCN(CCCNC(=O)c3cc(-c4ccccc4)n(-c4ccc(F)cc4)c3C)CC2)c1C,6.79
ZINC000049066729,Cc1c(C(=O)NCCCN2CCN(c3cccc(Cl)c3Cl)CC2)cc(-c2ccccc2)n1CC(C)C,6.47
ZINC000049089135,CN1CCc2[nH]c3ccc(S(=O)(=O)Nc4cccc(F)c4)cc3c2C1,7.41
ZINC000049089180,CCn1c(-c2ccccc2)cc(C(=O)NCCCN2CCN(c3cccc(Cl)c3)CC2)c1C,6.72
ZINC000049089183,Cc1[nH]c(-c2ccccc2)cc1C(=O)NCCCN1CCN(c2cccc(Cl)c2)CC1,6.55
ZINC000049089224,Cc1c(C(=O)NCCCN2CCN(c3cccc(Cl)c3)CC2)cc(-c2ccccc2)n1CC1CCCCC1,6.21
ZINC000049089254,Cc1c(C(=O)NCCCN2CCN(c3cccc(Cl)c3Cl)CC2)cc(-c2ccccc2)n1C,7.92
ZINC000049089292,Cc1c(C(=O)NCCCN2CCN(c3cccc(Cl)c3)CC2)cc(-c2ccccc2)n1CC(C)C,5.8
ZINC000049112278,Cc1cccc(N2CCN(CCCNC(=O)c3cc(-c4ccccc4)n(Cc4ccccc4)c3C)CC2)c1C,6.53
ZINC000049116246,O=C(NCc1ccc(OC(F)(F)F)cc1)[C@@H]1CCNC1,6.19
ZINC000049116250,O=C(NCc1ccc(OC(F)(F)F)cc1)[C@H]1CCNC1,6.19
ZINC000049763102,COc1ccc(S(=O)(=O)N(CCCN2CCN(c3cccc(C(F)(F)F)c3)CC2)CC2CCCCC2)cc1,7.48
ZINC000049766391,O=S(=O)(c1cccc2cccnc12)N(CCCN1CCN(c2cccc(C(F)(F)F)c2)CC1)CC1CCCCC1,7.41
ZINC000049766688,O=S(=O)(c1cccc2cccnc12)N(CCCN1CCN(c2cccc(C(F)(F)F)c2)CC1)CC1CC1,6.16
ZINC000049766844,O=S(=O)(c1ccc2ccccc2c1)N(CCCN1CCN(c2cccc(C(F)(F)F)c2)CC1)CC1CCCCC1,7.18
ZINC000049767267,O=S(=O)(c1cccc2cccnc12)N(CCCN1CCN(c2ccc(Cl)c(Cl)c2)CC1)CC1CCCCC1,7.18
ZINC000049775022,Cc1c(C(=O)NCCCN2CCN(c3cccc(Cl)c3Cl)CC2)cc(-c2ccccc2)n1CC1CCCCC1,5.99
ZINC000049780323,Cc1c(C(=O)NCCCN2CCN(c3cccc(Cl)c3Cl)CC2)cc(-c2ccccc2)n1N1CCCCC1,6.1
ZINC000049785715,Cc1c(C(=O)NCCCN2CCN(c3cccc(Cl)c3Cl)CC2)cc(-c2ccccc2)n1Cc1ccccc1,6.66
ZINC000049793471,Cc1c(C(=O)NCCCN2CCN(c3cccc(Cl)c3Cl)CC2)cc(-c2ccccc2)n1-c1ccc(F)cc1,6.33
ZINC000052968850,c1ccc(CN2CCN(c3nc4ccsc4n4cccc34)CC2)cc1,5.73
ZINC000053113467,Clc1ccc2c(c1)nc(N1CCN(Cc3ccccc3)CC1)c1cccn12,5.28
ZINC000053150568,COc1ccc2c(c1)N=C(N1CCN(C)CC1)c1ccccc1N2,7.07
ZINC000053165105,C[C@H](CN1CCN(c2cc(F)c(F)cc2F)CC1)N1C(=O)CC2(CCCC2)CC1=O,5.59
ZINC000053294322,c1ccc(CN2CCN(c3nc4cccnc4n4cccc34)CC2)cc1,5.76
ZINC000053294342,c1ccc(CN2CCN(c3nc4ccccc4n4cccc34)CC2)cc1,5.61
ZINC000053296518,CN1C(=N)N=C(O)/C1=C\c1c[nH]c2ccc(Br)cc12,5.61
ZINC000058502046,Cc1c(C(=O)NCCCN2CCN(c3ccncc3)CC2)cc(-c2ccccc2)n1C,5.28
ZINC000058538117,CCCn1c(-c2ccccc2)cc(C(=O)NCCCN2CCN(c3cc(F)ccc3F)CC2)c1C,6.0
ZINC000058538170,CCCn1c(-c2ccccc2)cc(C(=O)N(C)CCCN2CCN(c3cccc(Cl)c3Cl)CC2)c1C,7.68
ZINC000058538241,CCCn1c(-c2ccccc2)cc(C(=O)NCCCN2CCN(c3cccc(Br)c3)CC2)c1C,6.2
ZINC000058538422,CCCn1c(-c2ccccc2)cc(C(=O)NCCCN2CCN(c3ccccc3OC)CC2)c1C,5.85
ZINC000058538465,Cc1c(C(=O)N(C)CCCN2CCN(c3cccc(Cl)c3Cl)CC2)cc(-c2ccccc2)n1C,7.46
ZINC000058540767,Cc1[nH]c(-c2ccccn2)cc1C(=O)NCCCN1CCN(c2cccc(Cl)c2Cl)CC1,6.66
ZINC000058540822,CCCn1c(-c2ccccc2)cc(C(=O)NCCCN2CCN(c3ccc(Cl)c(Cl)c3)CC2)c1C,6.49
ZINC000058540833,Cc1cccc(N2CCN(CCCNC(=O)c3cc(-c4ccc(Cl)cc4)n(C)c3C)CC2)c1C,6.89
ZINC000058540856,CCCn1c(-c2ccc(Cl)cc2)cc(C(=O)NCCCN2CCN(c3cccc(Cl)c3Cl)CC2)c1C,7.39
ZINC000058540911,CCCn1c(-c2ccccc2)cc(C(=O)NCCCN2CCN(c3cccc(OC)c3OC)CC2)c1C,6.01
ZINC000058541034,Cc1ccc2cccc(N3CCN(CCCNC(=O)c4cc(-c5ccccc5)n(C)c4C)CC3)c2n1,6.19
ZINC000058541102,CCCn1c(-c2ccc(Cl)cc2)cc(C(=O)NCCCN2CCN(c3cccc(C)c3C)CC2)c1C,7.59
ZINC000058541157,CCCn1c(-c2ccccc2)cc(C(=O)NCCCN2CCN(c3cccc(OC)c3)CC2)c1C,6.34
ZINC000058541301,Cc1c(C(=O)NCCCN2CCN(c3cccc(Cl)c3Cl)CC2)cc(-c2ccc(Cl)cc2)n1C,7.41
ZINC000058541330,CCn1c(-c2ccc(Cl)cc2)cc(C(=O)NCCCN2CCN(c3cccc(Cl)c3Cl)CC2)c1C,7.66
ZINC000058541346,Cc1c(C(=O)NCCCN2CCN(c3cccc(Cl)c3Cl)CC2)cc(-c2cccnc2)n1C,7.04
ZINC000058541388,CCCn1c(-c2ccccc2)cc(C(=O)NCCCN2CCN(c3cccc(C(F)(F)F)c3)CC2)c1C,6.21
ZINC000058541408,CCCn1c(-c2ccccn2)cc(C(=O)NCCCN2CCN(c3cccc(Cl)c3Cl)CC2)c1C,6.19
ZINC000058541484,Cc1c(C(=O)NCCCN2CCN(c3cccc(Cl)c3Cl)CC2)cc(-c2ccncc2)n1C,6.76
ZINC000058541506,Cc1cccc(N2CCN(CCCNC(=O)c3cc(-c4ccc(Cl)cc4)[nH]c3C)CC2)c1C,6.72
ZINC000058541521,CCn1c(-c2ccc(Cl)cc2)cc(C(=O)NCCCN2CCN(c3cccc(C)c3C)CC2)c1C,7.41
ZINC000058541555,Cc1c(C(=O)NCCCN2CCN(c3cccc(Cl)c3Cl)CC2)cc(-c2ccccn2)n1C,6.57
ZINC000058563519,Cc1[nH]c(-c2ccccc2)c(C)c1C(=O)NCCN1CCN(c2cccc(Cl)c2Cl)CC1,7.89
ZINC000058563657,CCCn1c(C)c(C(=O)NCCN2CCN(c3cccc(Cl)c3Cl)CC2)c(C)c1-c1ccccc1,7.12
ZINC000058563777,Cc1c(C(=O)NCCN2CCN(c3cccc(Cl)c3Cl)CC2)cc(C(C)(C)C)n1C,6.96
ZINC000058563882,Cc1c(C(=O)NCCN2CCN(c3cccc(Cl)c3Cl)CC2)c(C)n(C)c1-c1ccccc1,7.8
ZINC000058563905,Cc1[nH]c(-c2ccccc2)c(C)c1C(=O)NCCCN1CCN(c2cccc(Cl)c2Cl)CC1,7.8
ZINC000058563911,Cc1c(C(=O)NCCCN2CCN(c3ccccc3Br)CC2)cc(-c2ccccc2)n1C,6.2
ZINC000058564010,Cc1c(C(=O)NCCCN2CCN(c3ccc(F)cc3)CC2)cc(-c2ccccc2)n1C,6.31
ZINC000058564022,COc1cccc(N2CCN(CCCNC(=O)c3cc(-c4ccccc4)n(C)c3C)CC2)c1OC,6.11
ZINC000058568362,Cc1c(C(=O)NCCCN2CCN(c3ccc(Cl)cc3Cl)CC2)cc(-c2ccccc2)n1C,6.46
ZINC000058568468,Cc1c(C(=O)NCCCN2CCN(c3cccc4cccnc34)CC2)cc(-c2ccccc2)n1C,6.63
ZINC000058568469,Cc1[nH]c(C(C)(C)C)cc1C(=O)NCCCN1CCN(c2cccc(Cl)c2Cl)CC1,5.86
ZINC000058569116,CCCn1c(-c2ccncc2)cc(C(=O)NCCCN2CCN(c3cccc(Cl)c3Cl)CC2)c1C,6.38
ZINC000058569373,Cc1cccc(N2CCN(CCNC(=O)c3cc(C(C)(C)C)n(C)c3C)CC2)c1C,5.65
ZINC000058569556,Cc1c(Cl)cccc1N1CCN(CCNC(=O)c2cc(C(C)(C)C)n(C)c2C)CC1,7.06
ZINC000058574734,CCCn1c(-c2ccccc2)cc(C(=O)NCCCN2CCN(c3cccc4cccnc34)CC2)c1C,6.38
ZINC000058575226,Cc1c(C(=O)NCCCN2CCN(c3cccc(Cl)c3Cl)CC2)cc(C(C)(C)C)n1C,5.99
ZINC000058575580,Cc1ccc(S(=O)(=O)N(c2cccc(N3CCN(C)CC3)c2)C(C)C)cc1,6.97
ZINC000058575694,Cc1[nH]c(-c2ccc(Cl)cc2)cc1C(=O)NCCCN1CCN(c2cccc(Cl)c2Cl)CC1,6.97
ZINC000058575984,Cc1cccc(N2CCN(CCCNC(=O)c3cc(C(C)(C)C)n(C)c3C)CC2)c1C,5.94
ZINC000058576549,CC(C)N(c1cccc(N2CCN(C)CC2)c1)S(=O)(=O)c1cccc2ccccc12,7.0
ZINC000058581160,CN1CCN(c2cccc(N(C)S(=O)(=O)c3ccc4ccccc4c3)c2)CC1,7.44
ZINC000058581504,CCCN(c1cccc(N2CCN(C)CC2)c1)S(=O)(=O)c1ccc2ccccc2c1,8.15
ZINC000058581779,CCN(c1cccc(N2CCN(C)CC2)c1)S(=O)(=O)c1ccc2ccccc2c1,7.8
ZINC000058582058,C[C@H]1CN(C2=Cc3ccccc3Cn3ccnc32)C[C@H](C)N1CCC(=O)O,6.8
ZINC000058582260,O=C(NC1CCCCC1)N1OC[C@H]2CSc3ccc(F)cc3[C@@H]21,9.14
ZINC000058582387,CC(C)N(C(=O)c1ccccc1)c1cccc(N2CCN(C)CC2)c1,5.38
ZINC000058582409,CC(C)N(c1ccc(N2CCN(C)CC2)cc1)S(=O)(=O)c1ccc2ccccc2c1,5.77
ZINC000058582410,CC(C)N(c1cccc(N2CCN(C)CC2)c1)S(=O)(=O)c1ccccc1,7.68
ZINC000058582627,CC(C)N(C(=O)c1ccc(Cl)cc1)c1cccc(N2CCN(C)CC2)c1,5.11
ZINC000058582852,CC(C)N(C(=O)c1cccc2ccccc12)c1cccc(N2CCN(C)CC2)c1,7.01
ZINC000058583176,O=C(Nc1ccccc1)N1OC[C@H]2CSc3ccc(F)cc3[C@@H]21,5.29
ZINC000058583354,CN1CCN(c2cccc(N(Cc3ccccc3)S(=O)(=O)c3ccc4ccccc4c3)c2)CC1,7.49
ZINC000058583355,CN1CCN(c2cccc(N(Cc3cccnc3)S(=O)(=O)c3ccc4ccccc4c3)c2)CC1,7.47
ZINC000058583491,CC(C)N(c1cccc(I)c1)S(=O)(=O)c1ccc2ccccc2c1,6.33
ZINC000058583642,CN1CCN(c2cccc(N(CC3CC3)S(=O)(=O)c3ccc4ccccc4c3)c2)CC1,8.22
ZINC000058583644,CN1CCN(c2cccc(N(CC3CCCC3)S(=O)(=O)c3ccc4ccccc4c3)c2)CC1,7.96
ZINC000058583702,CCCn1c(-c2cccnc2)cc(C(=O)NCCCN2CCN(c3cccc(Cl)c3Cl)CC2)c1C,6.46
ZINC000058583974,CC(C)N(C(=O)c1ccc2ccccc2c1)c1cccc(N2CCN(C)CC2)c1,6.38
ZINC000058590514,CC(C)N(c1cccc(N2CCN(C)CC2)c1)S(=O)(=O)c1ccc([N+](=O)[O-])cc1,6.34
ZINC000058590515,CCC(CC)N(c1cccc(N2CCN(C)CC2)c1)S(=O)(=O)c1ccc2ccccc2c1,6.8
ZINC000058590537,CC(C)N(c1cccc(N2CCN(C)CC2)c1)S(=O)(=O)c1ccc2ccccc2c1,8.4
ZINC000058590812,CN1CCN(c2cccc(NS(=O)(=O)c3ccc4ccccc4c3)c2)CC1,5.29
ZINC000058591217,CC(C)N(c1ccccc1N1CCN(C)CC1)S(=O)(=O)c1ccc2ccccc2c1,5.33
ZINC000058591512,CC(C)N(c1cccc(N2CCN(C)CC2)c1)S(=O)(=O)c1ccc(Cl)cc1,6.61
ZINC000058592730,Cc1c(Cl)cccc1N1CCN(CCNC(=O)c2cc(-c3ccccc3)n(C)c2C)CC1,7.19
ZINC000058615824,CN1CCN2c3c(O)cccc3Cc3ccccc3[C@H]2C1,8.7
ZINC000058631793,CCCn1c(-c2ccccc2)cc(C(=O)N(C)CCCN2CCN(c3cccc(C)c3C)CC2)c1C,7.92
ZINC000058649644,CC[C@@H](C)N(c1cccc(N2CCN(C)CC2)c1)S(=O)(=O)c1ccc2ccccc2c1,6.77
ZINC000062224939,CC[C@H](C)N(c1cccc(N2CCN(C)CC2)c1)S(=O)(=O)c1ccc2ccccc2c1,6.77
ZINC000062225384,O=C(Nc1ccccc1)N1OC[C@H]2CSc3ccc(F)cc3[C@H]21,5.29
ZINC000062225387,O=C(Nc1ccccc1)N1OC[C@@H]2CSc3ccc(F)cc3[C@H]21,5.29
ZINC000062225389,O=C(Nc1ccccc1)N1OC[C@@H]2CSc3ccc(F)cc3[C@@H]21,5.29
ZINC000062225411,O=C(NC1CCCCC1)N1OC[C@H]2CSc3ccc(F)cc3[C@H]21,9.14
ZINC000062225416,O=C(NC1CCCCC1)N1OC[C@@H]2CSc3ccc(F)cc3[C@H]21,9.14
ZINC000062225420,O=C(NC1CCCCC1)N1OC[C@@H]2CSc3ccc(F)cc3[C@@H]21,9.14
ZINC000064373493,C[C@H]1CN(C2=Cc3ccccc3Cn3ccnc32)C[C@@H](C)N1CCC(=O)O,6.8
ZINC000064373494,C[C@@H]1CN(C2=Cc3ccccc3Cn3ccnc32)C[C@@H](C)N1CCC(=O)O,6.8
ZINC000064436498,O=C(O)C=C1CN([C@H]2CC[C@@]3(Cc4ccccc4Cc4ccccc43)C2)C1,6.6
ZINC000064436500,O=C(O)C=C1CN([C@H]2CC[C@]3(Cc4ccccc4Cc4ccccc43)C2)C1,6.6
ZINC000064436501,O=C(O)C=C1CN([C@@H]2CC[C@@]3(Cc4ccccc4Cc4ccccc43)C2)C1,6.6
ZINC000064436503,O=C(O)C=C1CN([C@@H]2CC[C@]3(Cc4ccccc4Cc4ccccc43)C2)C1,6.6
ZINC000064436534,O=C(O)C[C@H]1CCN([C@H]2CC[C@]3(Cc4ccccc4Cc4ccccc43)C2)C1,7.7
ZINC000064436536,O=C(O)C[C@H]1CCN([C@@H]2CC[C@]3(Cc4ccccc4Cc4ccccc43)C2)C1,7.7
ZINC000064446477,O=C(O)C1CN([C@H]2CC[C@]3(Cc4ccccc4Cc4ccccc43)C2)C1,8.2
ZINC000064446479,O=C(O)C1CN([C@@H]2CC[C@]3(Cc4ccccc4Cc4ccccc43)C2)C1,8.2
ZINC000064447025,O=C(O)[C@H]1CCN([C@H]2CC[C@]3(Cc4ccccc4Cc4ccccc43)C2)C1,7.8
ZINC000064447026,O=C(O)[C@H]1CCN([C@@H]2CC[C@]3(Cc4ccccc4Cc4ccccc43)C2)C1,7.8
ZINC000064447275,O=C(O)[C@@H]1CN([C@H]2CC[C@]3(Cc4ccccc4Cc4ccccc43)C2)CCN1,6.7
ZINC000064447276,O=C(O)[C@@H]1CN([C@@H]2CC[C@]3(Cc4ccccc4Cc4ccccc43)C2)CCN1,6.7
ZINC000064448136,O=C(O)C1(F)CCN([C@H]2CC[C@]3(Cc4ccccc4Cc4ccccc43)C2)CC1,6.0
ZINC000064448138,O=C(O)C1(F)CCN([C@@H]2CC[C@]3(Cc4ccccc4Cc4ccccc43)C2)CC1,6.0
ZINC000064448139,O=C(O)C1(O)CCN([C@H]2CC[C@@]3(Cc4ccccc4Cc4ccccc43)C2)CC1,6.9
ZINC000064448141,O=C(O)C1(O)CCN([C@H]2CC[C@]3(Cc4ccccc4Cc4ccccc43)C2)CC1,6.9
ZINC000064448142,O=C(O)C1(O)CCN([C@@H]2CC[C@@]3(Cc4ccccc4Cc4ccccc43)C2)CC1,6.9
ZINC000064448144,O=C(O)C1(O)CCN([C@@H]2CC[C@]3(Cc4ccccc4Cc4ccccc43)C2)CC1,6.9
ZINC000064448301,O=C(O)C1=CCN([C@H]2CC[C@@]3(Cc4ccccc4Oc4ccccc43)C2)CC1,6.0
ZINC000064448302,O=C(O)C1=CCN([C@H]2CC[C@]3(Cc4ccccc4Oc4ccccc43)C2)CC1,6.0
ZINC000064448304,O=C(O)C1=CCN([C@@H]2CC[C@@]3(Cc4ccccc4Oc4ccccc43)C2)CC1,6.0
ZINC000064448309,O=C(O)C1=CCN([C@@H]2CC[C@]3(Cc4ccccc4Oc4ccccc43)C2)CC1,6.0
ZINC000064448818,O=C(O)C1CN([C@H]2CC[C@@]3(Cc4ccccc4Oc4ccccc43)C2)C1,7.5
ZINC000064448819,O=C(O)C1CN([C@H]2CC[C@]3(Cc4ccccc4Oc4ccccc43)C2)C1,7.5
ZINC000064448820,O=C(O)C1CN([C@@H]2CC[C@@]3(Cc4ccccc4Oc4ccccc43)C2)C1,7.5
ZINC000064448821,O=C(O)C1CN([C@@H]2CC[C@]3(Cc4ccccc4Oc4ccccc43)C2)C1,7.5
ZINC000064448825,O=C(O)[C@@H]1CCCN([C@H]2CC[C@]3(Cc4ccccc4Cc4ccccc43)C2)C1,7.5
ZINC000064448826,O=C(O)[C@@H]1CCCN([C@@H]2CC[C@]3(Cc4ccccc4Cc4ccccc43)C2)C1,7.5
ZINC000064448979,C[C@]1(C(=O)O)CCN([C@@H]2CC[C@]3(Cc4ccccc4Cc4ccccc43)C2)C1,7.7
ZINC000064448981,C[C@@]1(C(=O)O)CCN([C@@H]2CC[C@]3(Cc4ccccc4Cc4ccccc43)C2)C1,7.7
ZINC000064454008,CC1(C(=O)O)CCN([C@@H]2CC[C@]3(Cc4ccccc4Cc4ccccc43)C2)CC1,7.8
ZINC000064454009,CC1(C(=O)O)CCN([C@H]2CC[C@]3(Cc4ccccc4Cc4ccccc43)C2)CC1,7.8
ZINC000064454011,CC1(C(=O)O)CCN([C@@H]2CC[C@@]3(Cc4ccccc4Cc4ccccc43)C2)CC1,7.8
ZINC000064454012,CC1(C(=O)O)CCN([C@H]2CC[C@@]3(Cc4ccccc4Cc4ccccc43)C2)CC1,7.8
ZINC000064454014,O=C(O)C1CCN([C@H]2CC[C@]3(Cc4ccccc4Cc4ccccc43)C2)CC1,7.2
ZINC000064454016,O=C(O)C1CCN([C@@H]2CC[C@]3(Cc4ccccc4Cc4ccccc43)C2)CC1,7.2
ZINC000064454114,O=C(O)[C@@]1(F)CCCN([C@H]2CC[C@]3(Cc4ccccc4Cc4ccccc43)C2)C1,5.8
ZINC000064454115,O=C(O)[C@@]1(F)CCCN([C@@H]2CC[C@]3(Cc4ccccc4Cc4ccccc43)C2)C1,5.8
ZINC000064454117,COC(=O)C1=CCCN([C@@H]2CC[C@]3(Cc4ccccc4Cc4ccccc43)C2)C1,6.8
ZINC000064454118,COC(=O)C1=CCCN([C@H]2CC[C@]3(Cc4ccccc4Cc4ccccc43)C2)C1,6.8
ZINC000064454249,O=C(O)C1=CCCN([C@H]2CC[C@]3(Cc4ccccc4Cc4ccccc43)C2)C1,6.8
ZINC000064454250,O=C(O)C1=CCCN([C@@H]2CC[C@]3(Cc4ccccc4Cc4ccccc43)C2)C1,6.8
ZINC000064512371,CSc1nc(C)cc(C(=O)NCCCN2CCN(c3cccc(C)c3C)CC2)n1,5.93
ZINC000064512373,CSc1nc(C)cc(C(=O)NCCN2CCN(c3cccc(C)c3C)CC2)n1,6.83
ZINC000064512709,Cc1cc(C(=O)NCCCN2CCN(c3cccc(C)c3C)CC2)nc(C(C)(C)C)n1,5.57
ZINC000064513105,Cc1nc(C(=O)NCCCN2CCN(c3cccc(C)c3C)CC2)cc(C(C)C)n1,5.81
ZINC000064527090,COc1c(C)nc(C)nc1C(=O)NCCN1CCN(c2cccc(Cl)c2Cl)CC1,6.87
ZINC000064527259,COc1c(C)nc(C)nc1C(=O)NCCN1CCN(c2cccc(C)c2C)CC1,5.9
ZINC000064527440,COc1c(C)nc(C)nc1C(=O)NCCCN1CCN(c2cccc(C)c2C)CC1,5.69
ZINC000064527452,Cc1cc(C(=O)NCCCN2CCN(c3cccc(C)c3C)CC2)nc(C2CC2)n1,5.93
ZINC000064527595,CSc1nc(C)cc(C(=O)NCCN2CCN(c3cccc(Cl)c3Cl)CC2)n1,7.09
ZINC000064528249,Cc1nc(C(=O)NCCCN2CCN(c3cccc(C)c3C)CC2)cc(C(C)(C)C)n1,6.24
ZINC000064528481,Cc1nc(C(=O)NCCCN2CCN(c3cccc(Cl)c3Cl)CC2)cc(C(C)C)n1,6.64
ZINC000064528482,Cc1nc(C(=O)NCCCN2CCN(c3cccc(Cl)c3Cl)CC2)cc(-c2ccccc2)n1,7.52
ZINC000064528495,Cc1cc(C(=O)NCCCN2CCN(c3cccc(Cl)c3Cl)CC2)nc(C)n1,6.21
ZINC000064539308,Cc1cc(C(=O)NCCN2CCN(c3cccc(C)c3C)CC2)nc(C(C)(C)C)n1,6.31
ZINC000065011438,CN(C)C[C@@H]1C[C@H]2c3ccccc3Oc3ccccc3[C@@H]2O1,6.75
ZINC000066099585,c1ccc(OC2CN(c3c4c(nc5ccnn35)CCNCC4)C2)nc1,7.43
ZINC000066099586,c1cncc(OC2CN(c3c4c(nc5ccnn35)CCNCC4)C2)c1,6.68
ZINC000066099588,c1cc(OC2CN(c3c4c(nc5ccnn35)CCNCC4)C2)ccn1,6.24
ZINC000066099590,CC(=O)N(C)c1ccc(OC2CN(c3c4c(nc5ccnn35)CCNCC4)C2)cc1,6.73
ZINC000066099592,O=C1Cc2cc(OC3CN(c4c5c(nc6ccnn46)CCNCC5)C3)ccc2N1,8.08
ZINC000066100492,COc1cccc(OC2CN(c3c4c(nc5ccnn35)CCNCC4)C2)c1,7.19
ZINC000066100496,COc1ccc(OC2CN(c3c4c(nc5ccnn35)CCNCC4)C2)cc1,7.02
ZINC000066100973,c1cc2nc3c(c(N4CCC4)n2n1)CCNCC3,8.27
ZINC000066111713,c1cc2nc3c(c(N4CCCC4)n2n1)CCNCC3,6.12
ZINC000066111714,CCN(C)c1c2c(nc3ccnn13)CCNCC2,6.44
ZINC000066111715,CCNc1c2c(nc3ccnn13)CCNCC2,7.2
ZINC000066111716,c1ccc(OC2CN(c3c4c(nc5ccnn35)CCNCC4)C2)cc1,7.74
ZINC000066111717,Fc1ccccc1OC1CN(c2c3c(nc4ccnn24)CCNCC3)C1,8.3
ZINC000066112015,Fc1cccc(OC2CN(c3c4c(nc5ccnn35)CCNCC4)C2)c1,7.6
ZINC000066112016,Fc1ccc(OC2CN(c3c4c(nc5ccnn35)CCNCC4)C2)cc1,7.64
ZINC000066156756,C[C@H]1CC(=O)c2ccc(N3CCN(C)CC3)cc2N1S(=O)(=O)c1ccc2ccccc2c1,6.25
ZINC000066251264,c1cc2nc3c(c(N4CCCCC4)n2n1)CCNCC3,5.34
ZINC000066259027,CN1CCN(c2ccc3c(c2)N(S(=O)(=O)c2ccc4ccccc4c2)CCC3=O)CC1,5.29
ZINC000066259028,CN1CCN(c2cccc3c2C(=O)CCN3S(=O)(=O)c2ccc3ccccc3c2)CC1,6.36
ZINC000066259848,C[C@@H]1CC(=O)c2ccc(N3CCN(C)CC3)cc2N1S(=O)(=O)c1ccc2ccccc2c1,6.25
ZINC000066262561,CC[C@@H]1CC(=O)c2c(N3CCN(C)CC3)cccc2N1S(=O)(=O)c1ccc2ccccc2c1,8.4
ZINC000066262564,CC[C@H]1CC(=O)c2c(N3CCN(C)CC3)cccc2N1S(=O)(=O)c1ccc2ccccc2c1,8.4
ZINC000066262572,Cc1cc(N2CCN(C)CC2)c2c(c1)N(S(=O)(=O)c1ccc3ccccc3c1)[C@H](C)CC2=O,7.72
ZINC000066262575,Cc1cc(N2CCN(C)CC2)c2c(c1)N(S(=O)(=O)c1ccc3ccccc3c1)[C@@H](C)CC2=O,7.72
ZINC000066263531,C[C@@H]1CC(=O)c2c(N3CCN(C)CC3)cccc2N1S(=O)(=O)c1ccc2ccccc2c1,7.52
ZINC000066263534,C[C@H]1CC(=O)c2c(N3CCN(C)CC3)cccc2N1S(=O)(=O)c1ccc2ccccc2c1,7.52
ZINC000066263587,COc1ccccc1OC1CN(c2c3c(nc4ccnn24)CCNCC3)C1,7.08
ZINC000068037387,CN1CCC(N(C)S(=O)(=O)c2ccccc2)CC1,5.37
ZINC000068037393,CN1CCC(N(C)S(=O)(=O)c2cccc(F)c2)CC1,5.62
ZINC000068037406,Cc1cccc(S(=O)(=O)N(C)C2CCN(C)CC2)c1,6.24
ZINC000068037413,CN1CCC(N(C)S(=O)(=O)c2cccc(Cl)c2)CC1,6.22
ZINC000068037417,Cc1ccc(S(=O)(=O)N(C)C2CCN(C)CC2)cc1C,5.71
ZINC000068037436,CC(C)c1ccc(S(=O)(=O)N(C)C2CCN(C)CC2)cc1,6.0
ZINC000068037452,CN1CCC(N(C)S(=O)(=O)c2ccccc2Cl)CC1,5.92
ZINC000068037470,CN1CCC(N(C)S(=O)(=O)c2ccc(C(F)(F)F)cc2)CC1,5.24
ZINC000068249174,Cc1nc(C(=O)NCCN2CCN(c3cccc(Cl)c3Cl)CC2)c(C)n1-c1ccccc1,7.18
ZINC000068249175,Cc1nc(C(=O)NCCCN2CCN(c3cccc(Cl)c3Cl)CC2)c(C)n1-c1ccccc1,7.92
ZINC000071280530,Fc1ccccc1Sc1ccc2c(c1)N1CCNC[C@@H]1C2,7.31
ZINC000071280532,Fc1ccccc1Sc1ccc2c(c1)N1CCNC[C@H]1C2,7.31
ZINC000071281646,Fc1ccc(Sc2ccc3c(c2)N2CCNC[C@@H]2C3)cc1,7.21
ZINC000071281648,Fc1ccc(Sc2ccc3c(c2)N2CCNC[C@H]2C3)cc1,7.21
ZINC000071281736,Cc1cccc(Sc2ccc3c(c2)N2CCNC[C@@H]2C3)c1,7.11
ZINC000071281738,Cc1cccc(Sc2ccc3c(c2)N2CCNC[C@H]2C3)c1,7.11
ZINC000071282391,COc1ccc(Sc2ccc3c(c2)N2CCNC[C@@H]2C3)cc1,7.24
ZINC000071282393,COc1ccc(Sc2ccc3c(c2)N2CCNC[C@H]2C3)cc1,7.24
ZINC000071294255,FC(F)(F)c1ccccc1Sc1ccc2c(c1)N1CCNC[C@@H]1C2,7.08
ZINC000071294256,FC(F)(F)c1ccccc1Sc1ccc2c(c1)N1CCNC[C@H]1C2,7.08
ZINC000071294526,Cc1ccccc1Sc1ccc2c(c1)N1CCNC[C@@H]1C2,7.31
ZINC000071294527,Cc1ccccc1Sc1ccc2c(c1)N1CCNC[C@H]1C2,7.31
ZINC000071294582,COc1ccccc1Sc1ccc2c(c1)N1CCNC[C@@H]1C2,7.39
ZINC000071294583,COc1ccccc1Sc1ccc2c(c1)N1CCNC[C@H]1C2,7.39
ZINC000071294594,FC(F)(F)c1cccc(Sc2ccc3c(c2)N2CCNC[C@@H]2C3)c1,6.74
ZINC000071294595,FC(F)(F)c1cccc(Sc2ccc3c(c2)N2CCNC[C@H]2C3)c1,6.74
ZINC000071294652,COc1cccc(Sc2ccc3c(c2)N2CCNC[C@@H]2C3)c1,6.92
ZINC000071294653,COc1cccc(Sc2ccc3c(c2)N2CCNC[C@H]2C3)c1,6.92
ZINC000071294805,FC(F)(F)c1ccc(Sc2ccc3c(c2)N2CCNC[C@@H]2C3)cc1,6.55
ZINC000071294806,FC(F)(F)c1ccc(Sc2ccc3c(c2)N2CCNC[C@H]2C3)cc1,6.55
ZINC000071296078,Cc1ccc(Sc2ccc3c(c2)N2CCNC[C@@H]2C3)cc1,7.17
ZINC000071296079,Cc1ccc(Sc2ccc3c(c2)N2CCNC[C@H]2C3)cc1,7.17
ZINC000071331664,Clc1ccc(Cc2ncc3c(n2)CCNCC3)cc1,6.72
ZINC000071334372,c1ccc(-c2ncc3c(n2)CNCC3)cc1,6.42
ZINC000071340750,c1ccc(CCc2ncc3c(n2)CCNCC3)cc1,6.96
ZINC000071341515,Fc1ccccc1Cc1ncc2c(n1)CCNCC2,6.71
ZINC000071341720,Cc1ccc(Cc2ncc3c(n2)CCNCC3)cc1,7.0
ZINC000071410470,c1ccc(CCCc2ncc3c(n2)CCNC3)cc1,5.72
ZINC000071420793,Fc1cccc(Cc2ncc3c(n2)CCNCC3)c1,6.9
ZINC000072104607,CCCc1nc(C(=O)NC[C@H](O)CN2CCN(c3cccc(C)c3C)CC2)c(C)n1-c1ccc2c(c1)OCCO2,6.23
ZINC000072104608,CCCc1nc(C(=O)NC[C@@H](O)CN2CCN(c3cccc(C)c3C)CC2)c(C)n1-c1ccc2c(c1)OCCO2,6.23
ZINC000072104630,Cc1cccc(N2CCN(CCCNC(=O)c3nc(C)n(-c4ccc(F)cc4)c3C)CC2)c1C,6.49
ZINC000072104631,Cc1cccc(N2CCN(CCCNC(=O)c3nc(-c4ccccc4)n(-c4ccccc4)c3C)CC2)c1C,6.71
ZINC000072104650,COc1ccc(-n2c(-c3ccccc3)nc(C(=O)NCCCN3CCN(c4cccc(Cl)c4Cl)CC3)c2C)cc1,7.19
ZINC000072104651,Cc1c(Cl)cccc1N1CCN(C[C@H](O)CNC(=O)c2nc(-c3ccccc3)n(-c3ccc(F)cc3)c2C)CC1,6.32
ZINC000072104652,Cc1c(Cl)cccc1N1CCN(C[C@@H](O)CNC(=O)c2nc(-c3ccccc3)n(-c3ccc(F)cc3)c2C)CC1,6.27
ZINC000072104653,CCCc1nc(C(=O)NC[C@H](O)CN2CCN(c3cccc(C)c3C)CC2)c(C)n1-c1ccc(OC)cc1,6.37
ZINC000072104654,CCCc1nc(C(=O)NC[C@@H](O)CN2CCN(c3cccc(C)c3C)CC2)c(C)n1-c1ccc(OC)cc1,6.37
ZINC000072104655,COc1ccc(-n2c(-c3ccccc3)nc(C(=O)NC[C@@H](O)CN3CCN(c4cccc(Cl)c4C)CC3)c2C)cc1,6.28
ZINC000072104656,COc1ccc(-n2c(-c3ccccc3)nc(C(=O)NC[C@H](O)CN3CCN(c4cccc(Cl)c4C)CC3)c2C)cc1,6.28
ZINC000072104678,CCCc1nc(C(=O)NC[C@H](O)CN2CCN(c3cccc(Cl)c3C)CC2)cn1-c1ccc(Cl)cc1,6.02
ZINC000072104679,CCCc1nc(C(=O)NC[C@@H](O)CN2CCN(c3cccc(Cl)c3C)CC2)cn1-c1ccc(Cl)cc1,6.02
ZINC000072104682,Cc1cccc(N2CCN(CCCNC(=O)c3nc(C(C)C)n(-c4ccccc4)c3C)CC2)c1C,6.54
ZINC000072104696,CCCc1nc(C(=O)NCCCN2CCN(c3cccc(Cl)c3C)CC2)cn1-c1ccc(Cl)cc1,6.44
ZINC000072104697,CCCc1nc(C(=O)NCCCN2CCN(c3cccc(C)c3C)CC2)cn1-c1ccc(Cl)cc1,7.42
ZINC000072104700,CCCc1nc(C(=O)NCCCN2CCN(c3cccc(C)c3C)CC2)c(C)n1-c1ccc2c(c1)OCCO2,6.63
ZINC000072104701,Cc1cccc(N2CCN(CCCNC(=O)c3nc(-c4ccccc4)n(-c4ccc5c(c4)OCCO5)c3C)CC2)c1C,7.17
ZINC000072104722,CCCc1nc(C(=O)NC[C@H](O)CN2CCN(c3cccc(Cl)c3C)CC2)c(C)n1-c1ccc2c(c1)OCCO2,6.55
ZINC000072104723,CCCc1nc(C(=O)NC[C@@H](O)CN2CCN(c3cccc(Cl)c3C)CC2)c(C)n1-c1ccc2c(c1)OCCO2,6.55
ZINC000072104731,CCc1nc(C(=O)NCCCN2CCN(c3cccc(Cl)c3Cl)CC2)c(C)n1-c1ccccc1,6.85
ZINC000072104732,COc1ccc(-n2c(-c3ccccc3)nc(C(=O)NCCCN3CCN(c4cccc(Cl)c4C)CC3)c2C)cc1,7.11
ZINC000072104735,COc1ccc(-n2c(C)nc(C(=O)NCCCN3CCN(c4cccc(C)c4C)CC3)c2C)cc1,6.72
ZINC000072104736,Cc1nc(C(=O)NCCCN2CCN(c3cccc(Cl)c3Cl)CC2)c(C)n1C1CCCC1,6.86
ZINC000072104738,COc1ccc(-n2c(-c3ccccc3)nc(C(=O)NCCCN3CCN(c4cccc(C)c4C)CC3)c2C)cc1,7.02
ZINC000072104740,COc1ccccc1-n1c(C)nc(C(=O)NCCCN2CCN(c3cccc(Cl)c3Cl)CC2)c1C,7.59
ZINC000072104741,CCCc1nc(C(=O)NCCCN2CCN(c3cccc(Cl)c3Cl)CC2)c(C)n1-c1ccccc1F,6.72
ZINC000072104763,Cc1cccc(N2CCN(CCCNC(=O)c3nc(C)n(-c4ccccc4Cl)c3C)CC2)c1C,6.7
ZINC000072104785,Cc1nc(C(=O)NC[C@H](O)CN2CCN(c3cccc(Cl)c3Cl)CC2)c(C)n1-c1ccccc1F,6.34
ZINC000072104786,Cc1nc(C(=O)NC[C@@H](O)CN2CCN(c3cccc(Cl)c3Cl)CC2)c(C)n1-c1ccccc1F,6.34
ZINC000072104792,CCCc1nc(C(=O)NCCCN2CCN(c3cccc(C)c3C)CC2)cn1-c1ccccc1,6.99
ZINC000072104795,Cc1c(Cl)cccc1N1CCN(CCCNC(=O)c2nc(C)n(-c3ccc(F)cc3)c2C)CC1,6.95
ZINC000072104801,Cc1cccc(N2CCN(C[C@H](O)CNC(=O)c3nc(C)n(-c4ccc5c(c4)OCCO5)c3C)CC2)c1C,6.21
ZINC000072104802,Cc1cccc(N2CCN(C[C@@H](O)CNC(=O)c3nc(C)n(-c4ccc5c(c4)OCCO5)c3C)CC2)c1C,6.21
ZINC000072104822,Cc1cccc(N2CCN(C[C@H](O)CNC(=O)c3nc(C)n(-c4ccccc4)c3C)CC2)c1C,6.64
ZINC000072104823,Cc1cccc(N2CCN(C[C@@H](O)CNC(=O)c3nc(C)n(-c4ccccc4)c3C)CC2)c1C,5.75
ZINC000072104824,Cc1c(Cl)cccc1N1CCN(CCCNC(=O)c2nc(C)n(-c3ccccc3Cl)c2C)CC1,7.41
ZINC000072104830,COc1ccc(-n2c(C)nc(C(=O)NCCCN3CCN(c4cccc(Cl)c4Cl)CC3)c2C)cc1,7.06
ZINC000072104844,Cc1cccc(N2CCN(C[C@H](O)CNC(=O)c3nc(C)n(-c4ccccc4F)c3C)CC2)c1C,6.71
ZINC000072104845,Cc1cccc(N2CCN(C[C@@H](O)CNC(=O)c3nc(C)n(-c4ccccc4F)c3C)CC2)c1C,5.99
ZINC000072104846,CCCc1nc(C(=O)NCCCN2CCN(c3cccc(C)c3C)CC2)c(C)n1-c1ccc(F)cc1,7.17
ZINC000072104848,CCCc1nc(C(=O)NCCCN2CCN(c3cccc(C)c3C)CC2)c(C)n1-c1ccccc1,6.54
ZINC000072104849,CCCc1nc(C(=O)NCCCN2CCN(c3cccc(Cl)c3Cl)CC2)c(C)n1-c1ccccc1OC,6.42
ZINC000072104857,Cc1cccc(N2CCN(C[C@H](O)CNC(=O)c3nc(-c4ccccc4)n(-c4ccccc4)c3C)CC2)c1C,6.28
ZINC000072104858,Cc1cccc(N2CCN(C[C@@H](O)CNC(=O)c3nc(-c4ccccc4)n(-c4ccccc4)c3C)CC2)c1C,6.28
ZINC000072104859,CCCn1c(C)nc(C(=O)NCCCN2CCN(c3cccc(Cl)c3Cl)CC2)c1C,6.7
ZINC000072104860,CCCc1nc(C(=O)NCCCN2CCN(c3cccc(C)c3C)CC2)cn1-c1ccc(F)cc1,6.62
ZINC000072105036,Cc1c(Cl)cccc1N1CCN(CCCNC(=O)c2nc(-c3ccccc3)n(-c3ccccc3)c2Cn2cncn2)CC1,5.86
ZINC000072105038,Cc1c(Cl)cccc1N1CCN(CCCNC(=O)c2nc(C)n(CC(C)C)c2C)CC1,5.65
ZINC000072105059,Cc1cccc(N2CCN(CCCNC(=O)c3nc(C)n(-c4ccc(Cl)cc4)c3C)CC2)c1C,6.63
ZINC000072105068,CCCc1nc(C(=O)NCCCN2CCN(c3cccc(Cl)c3C)CC2)c(C)n1-c1ccc(F)cc1,6.64
ZINC000072105078,Cc1c(Cl)cccc1N1CCN(CCCNC(=O)c2nc(C)n(-c3ccccc3F)c2C)CC1,7.15
ZINC000072105079,Cc1c(Cl)cccc1N1CCN(CCCNC(=O)c2nc(-c3ccccc3)n(-c3ccc(F)cc3)c2C)CC1,5.65
ZINC000072105114,COc1ccc(-n2c(C)nc(C(=O)NCCCN3CCN(c4cccc(Cl)c4C)CC3)c2C)cc1,7.03
ZINC000072105141,Cc1cccc(N2CCN(CCCNC(=O)c3nc(C)n(-c4cccc(Cl)c4)c3C)CC2)c1C,6.96
ZINC000072105167,COc1ccc(-n2c(-c3ccccc3)nc(C(=O)NC[C@@H](O)CN3CCN(c4cccc(C)c4C)CC3)c2C)cc1,6.22
ZINC000072105168,COc1ccc(-n2c(-c3ccccc3)nc(C(=O)NC[C@H](O)CN3CCN(c4cccc(C)c4C)CC3)c2C)cc1,6.22
ZINC000072105169,Cc1nc(C(=O)NCCCN2CCN(c3cccc(Cl)c3Cl)CC2)c(C)n1-c1ccccc1C(F)(F)F,6.81
ZINC000072105173,Cc1c(C(=O)NC[C@H](O)CN2CCN(c3cccc(Cl)c3Cl)CC2)nc(-c2ccccc2)n1-c1ccc(F)cc1,7.19
ZINC000072105174,Cc1c(C(=O)NC[C@@H](O)CN2CCN(c3cccc(Cl)c3Cl)CC2)nc(-c2ccccc2)n1-c1ccc(F)cc1,7.19
ZINC000072105210,CCCc1nc(C(=O)NC[C@H](O)CN2CCN(c3cccc(Cl)c3Cl)CC2)cn1-c1ccc(Cl)cc1,6.07
ZINC000072105211,CCCc1nc(C(=O)NC[C@@H](O)CN2CCN(c3cccc(Cl)c3Cl)CC2)cn1-c1ccc(Cl)cc1,6.07
ZINC000072105213,Cc1nc(C(=O)NCCCN2CCN(c3cccc(Cl)c3Cl)CC2)c(C)n1-c1ccc2c(c1)OCCO2,7.84
ZINC000072105230,CCc1nc(C(=O)NCCN2CCN(c3cccc(Cl)c3Cl)CC2)c(C)n1-c1ccccc1,7.21
ZINC000072105247,Cc1cccc(N2CCN(CCCNC(=O)c3nc(C)n(-c4ccccc4)c3C)CC2)c1C,6.77
ZINC000072105261,Cc1c(C(=O)NCCCN2CCN(c3cccc(Cl)c3Cl)CC2)nc(-c2ccccc2)n1-c1ccccc1F,6.73
ZINC000072105262,CCCc1nc(C(=O)NCCCN2CCN(c3cccc(Cl)c3C)CC2)c(C)n1-c1ccccc1OC,6.33
ZINC000072105267,CCCc1nc(C(=O)NCCCN2CCN(c3cccc(Cl)c3Cl)CC2)cn1-c1ccc(Cl)cc1,7.46
ZINC000072105296,COc1ccccc1-n1c(C)nc(C(=O)NCCCN2CCN(c3cccc(Cl)c3C)CC2)c1C,7.43
ZINC000072105297,Cc1cccc(N2CCN(C[C@H](O)CNC(=O)c3nc(C)n(CC(C)C)c3C)CC2)c1C,6.23
ZINC000072105298,Cc1cccc(N2CCN(C[C@@H](O)CNC(=O)c3nc(C)n(CC(C)C)c3C)CC2)c1C,6.23
ZINC000072105372,Cc1cccc(N2CCN(CCCNC(=O)c3nc(C)n(-c4ccccc4F)c3C)CC2)c1C,6.91
ZINC000072105449,Cc1cccc(N2CCN(CCCNC(=O)c3nc(-c4ccccc4)n(-c4ccc(F)cc4)c3C)CC2)c1C,7.19
ZINC000072105528,Cc1nc(C(=O)NCCCN2CCN(c3cccc(Cl)c3Cl)CC2)c(C)n1-c1ccccc1Cl,6.9
ZINC000072105893,Cc1c(Cl)cccc1N1CCN(C[C@H](O)CNC(=O)c2nc(C)n(-c3cccc(Cl)c3)c2C)CC1,6.25
ZINC000072105894,Cc1c(Cl)cccc1N1CCN(C[C@@H](O)CNC(=O)c2nc(C)n(-c3cccc(Cl)c3)c2C)CC1,6.25
ZINC000072105913,CCCc1nc(C(=O)NC[C@H](O)CN2CCN(c3cccc(C)c3C)CC2)c(C)n1-c1ccc(Cl)cc1,6.18
ZINC000072105914,CCCc1nc(C(=O)NC[C@@H](O)CN2CCN(c3cccc(C)c3C)CC2)c(C)n1-c1ccc(Cl)cc1,6.18
ZINC000072105992,Cc1c(C(=O)NCCCN2CCN(c3cccc(Cl)c3Cl)CC2)nc(-c2ccccc2)n1-c1ccccc1,6.96
ZINC000072105997,COc1ccc(-n2c(C)nc(C(=O)NC[C@@H](O)CN3CCN(c4cccc(C)c4C)CC3)c2C)cc1,6.26
ZINC000072105998,COc1ccc(-n2c(C)nc(C(=O)NC[C@H](O)CN3CCN(c4cccc(C)c4C)CC3)c2C)cc1,6.26
ZINC000072106081,Cc1c(Cl)cccc1N1CCN(C[C@H](O)CNC(=O)c2nc(C)n(C3CCCC3)c2C)CC1,6.78
ZINC000072106082,Cc1c(Cl)cccc1N1CCN(C[C@@H](O)CNC(=O)c2nc(C)n(C3CCCC3)c2C)CC1,6.78
ZINC000072106083,Cc1cccc(N2CCN(CCCNC(=O)c3nc(C)n(-c4ccc5c(c4)OCCO5)c3C)CC2)c1C,5.4
ZINC000072106084,Cc1c(Cl)cccc1N1CCN(CCCNC(=O)c2nc(C)n(C3CCCC3)c2C)CC1,5.36
ZINC000072106085,CCCc1nc(C(=O)NCCCN2CCN(c3cccc(C)c3C)CC2)c(C)n1-c1ccc(OC)cc1,6.89
ZINC000072106086,COc1ccccc1-n1c(C)nc(C(=O)NCCCN2CCN(c3cccc(C)c3C)CC2)c1C,6.84
ZINC000072106087,CCCc1nc(C(=O)NC[C@H](O)CN2CCN(c3cccc(Cl)c3C)CC2)c(C)n1-c1ccccc1,6.4
ZINC000072106088,CCCc1nc(C(=O)NC[C@@H](O)CN2CCN(c3cccc(Cl)c3C)CC2)c(C)n1-c1ccccc1,6.4
ZINC000072106089,CCCc1nc(C(=O)NC[C@H](O)CN2CCN(c3cccc(Cl)c3Cl)CC2)c(C)n1-c1ccc(F)cc1,5.82
ZINC000072106090,CCCc1nc(C(=O)NC[C@@H](O)CN2CCN(c3cccc(Cl)c3Cl)CC2)c(C)n1-c1ccc(F)cc1,5.82
ZINC000072106091,Cc1c(Cl)cccc1N1CCN(CCCNC(=O)c2nc(C)n(-c3ccc4c(c3)OCCO4)c2C)CC1,6.97
ZINC000072106152,COc1ccc(-n2cc(C(=O)NCCCN3CCN(c4cccc(C)c4C)CC3)nc2-c2ccccc2)cc1,6.98
ZINC000072106231,COc1ccc(-n2c(C)nc(C(=O)NC[C@@H](O)CN3CCN(c4cccc(C)c4C)CC3)c2C)cc1OC,5.93
ZINC000072106232,COc1ccc(-n2c(C)nc(C(=O)NC[C@H](O)CN3CCN(c4cccc(C)c4C)CC3)c2C)cc1OC,5.93
ZINC000072106235,COc1ccccc1-n1c(C)nc(C(=O)NC[C@@H](O)CN2CCN(c3cccc(Cl)c3C)CC2)c1C,6.32
ZINC000072106236,COc1ccccc1-n1c(C)nc(C(=O)NC[C@H](O)CN2CCN(c3cccc(Cl)c3C)CC2)c1C,6.32
ZINC000072106237,Cc1cccc(N2CCN(CCCNC(=O)c3cn(-c4ccccc4)c(-c4ccccc4)n3)CC2)c1C,6.94
ZINC000072106248,CCCc1nc(C(=O)NCCN2CCN(c3cccc(Cl)c3Cl)CC2)c(C)n1-c1ccccc1,6.96
ZINC000072106304,CCCc1nc(C(=O)NCCCN2CCN(c3cccc(Cl)c3C)CC2)c(C)n1-c1ccccc1,6.22
ZINC000072106308,Cc1cccc(N2CCN(C[C@H](O)CNC(=O)c3nc(C)n(-c4ccccc4Cl)c3C)CC2)c1C,6.51
ZINC000072106309,Cc1cccc(N2CCN(C[C@@H](O)CNC(=O)c3nc(C)n(-c4ccccc4Cl)c3C)CC2)c1C,6.51
ZINC000072106310,Cc1cccc(N2CCN(C[C@H](O)CNC(=O)c3nc(-c4ccccc4)n(-c4ccc(F)cc4)c3C)CC2)c1C,6.73
ZINC000072106311,Cc1cccc(N2CCN(C[C@@H](O)CNC(=O)c3nc(-c4ccccc4)n(-c4ccc(F)cc4)c3C)CC2)c1C,6.73
ZINC000072106312,Cc1c(Cl)cccc1N1CCN(C[C@H](O)CNC(=O)c2nc(C)n(-c3ccc(F)cc3)c2C)CC1,5.84
ZINC000072106313,Cc1c(Cl)cccc1N1CCN(C[C@@H](O)CNC(=O)c2nc(C)n(-c3ccc(F)cc3)c2C)CC1,5.84
ZINC000072106314,CCCc1nc(C(=O)NCCCN2CCN(c3cccc(Cl)c3Cl)CC2)c(C)n1-c1ccccc1,6.72
ZINC000072106402,CCCc1nc(C(=O)NCCCN2CCN(c3cccc(Cl)c3Cl)CC2)c(C)n1-c1ccc(OC)cc1,6.84
ZINC000072106403,COc1ccccc1-n1c(C)nc(C(=O)NC[C@H](O)CN2CCN(c3cccc(Cl)c3Cl)CC2)c1C,7.12
ZINC000072106404,COc1ccccc1-n1c(C)nc(C(=O)NC[C@@H](O)CN2CCN(c3cccc(Cl)c3Cl)CC2)c1C,7.12
ZINC000072106405,Cc1c(Cl)cccc1N1CCN(C[C@H](O)CNC(=O)c2nc(-c3ccccc3)n(-c3ccccc3)c2C)CC1,6.13
ZINC000072106406,Cc1c(Cl)cccc1N1CCN(C[C@@H](O)CNC(=O)c2nc(-c3ccccc3)n(-c3ccccc3)c2C)CC1,6.13
ZINC000072106407,CCCc1nc(C(=O)NCCCN2CCN(c3cccc(Cl)c3Cl)CC2)c(C)n1-c1ccc2c(c1)OCCO2,6.53
ZINC000072106408,Cc1c(Cl)cccc1N1CCN(CCCNC(=O)c2nc(-c3ccccc3)n(-c3ccccc3)c2C)CC1,5.82
ZINC000072106420,CCCc1nc(C(=O)NCCCN2CCN(c3cccc(C)c3C)CC2)c(C)n1-c1ccccc1OC,6.55
ZINC000072106425,Cc1cccc(N2CCN(C[C@H](O)CNC(=O)c3nc(C)n(-c4cccc(Cl)c4)c3C)CC2)c1C,6.27
ZINC000072106426,Cc1cccc(N2CCN(C[C@@H](O)CNC(=O)c3nc(C)n(-c4cccc(Cl)c4)c3C)CC2)c1C,6.27
ZINC000072106486,Cc1nc(C(=O)NC[C@H](O)CN2CCN(c3cccc(Cl)c3Cl)CC2)c(C)n1-c1ccc2c(c1)OCCO2,7.03
ZINC000072106487,Cc1nc(C(=O)NC[C@@H](O)CN2CCN(c3cccc(Cl)c3Cl)CC2)c(C)n1-c1ccc2c(c1)OCCO2,7.03
ZINC000072106488,Cc1nc(C(=O)NCCCN2CCN(c3cccc(Cl)c3Cl)CC2)c(C)n1-c1ccccc1F,7.29
ZINC000072106496,Cc1cccc(N2CCN(C[C@H](O)CNC(=O)c3nc(C)n(-c4ccc(F)cc4)c3C)CC2)c1C,6.18
ZINC000072106497,Cc1cccc(N2CCN(C[C@@H](O)CNC(=O)c3nc(C)n(-c4ccc(F)cc4)c3C)CC2)c1C,6.18
ZINC000072106557,CCCc1nc(C(=O)NCCCN2CCN(c3cccc(Cl)c3C)CC2)c(C)n1-c1ccc(OC)cc1,6.69
ZINC000072106640,CCCc1nc(C(=O)NC[C@H](O)CN2CCN(c3cccc(Cl)c3C)CC2)c(C)n1-c1ccc(OC)cc1,5.86
ZINC000072106641,CCCc1nc(C(=O)NC[C@@H](O)CN2CCN(c3cccc(Cl)c3C)CC2)c(C)n1-c1ccc(OC)cc1,5.86
ZINC000072106701,Cc1c(Cl)cccc1N1CCN(C[C@H](O)CNC(=O)c2nc(C)n(-c3ccccc3F)c2C)CC1,6.11
ZINC000072106702,Cc1c(Cl)cccc1N1CCN(C[C@@H](O)CNC(=O)c2nc(C)n(-c3ccccc3F)c2C)CC1,6.11
ZINC000072106703,COc1ccc(-n2c(C)nc(C(=O)NC[C@@H](O)CN3CCN(c4cccc(Cl)c4C)CC3)c2C)cc1,6.49
ZINC000072106704,COc1ccc(-n2c(C)nc(C(=O)NC[C@H](O)CN3CCN(c4cccc(Cl)c4C)CC3)c2C)cc1,6.49
ZINC000072106720,Cc1c(Cl)cccc1N1CCN(C[C@H](O)CNC(=O)c2nc(C)n(-c3ccc4c(c3)OCCO4)c2C)CC1,6.18
ZINC000072106721,Cc1c(Cl)cccc1N1CCN(C[C@@H](O)CNC(=O)c2nc(C)n(-c3ccc4c(c3)OCCO4)c2C)CC1,6.18
ZINC000072106726,COc1cc(OC)cc(-n2c(C)nc(C(=O)NCCCN3CCN(c4cccc(C)c4C)CC3)c2C)c1,6.8
ZINC000072106802,CCCc1nc(C(=O)NCCCN2CCN(c3cccc(C)c3C)CC2)c(C)n1-c1ccccc1Cl,6.63
ZINC000072106803,CCCc1nc(C(=O)NC[C@H](O)CN2CCN(c3cccc(Cl)c3Cl)CC2)c(C)n1-c1ccc(OC)cc1,6.26
ZINC000072106804,CCCc1nc(C(=O)NC[C@@H](O)CN2CCN(c3cccc(Cl)c3Cl)CC2)c(C)n1-c1ccc(OC)cc1,6.26
ZINC000072106808,Cc1c(C(=O)NC[C@H](O)CN2CCN(c3cccc(Cl)c3Cl)CC2)nc(-c2ccccc2)n1-c1ccccc1,6.26
ZINC000072106809,Cc1c(C(=O)NC[C@@H](O)CN2CCN(c3cccc(Cl)c3Cl)CC2)nc(-c2ccccc2)n1-c1ccccc1,6.26
ZINC000072141200,CCCc1nc(C(=O)NCCCN2CCN(c3cccc(Cl)c3C)CC2)c(C)n1-c1ccc2c(c1)OCCO2,7.21
ZINC000072179905,CCCc1nc(C(=O)NC[C@H](O)CN2CCN(c3cccc(C)c3C)CC2)c(C)n1-c1ccc(F)cc1,6.0
ZINC000072179906,CCCc1nc(C(=O)NC[C@@H](O)CN2CCN(c3cccc(C)c3C)CC2)c(C)n1-c1ccc(F)cc1,6.0
ZINC000072316172,NC[C@H]1C[C@@H]1c1cc(F)ccc1OCC1CC1,7.68
ZINC000073197941,COCCN1CCN(CCCN/C(=N\C#N)c2ccccn2)CC1,6.41
ZINC000073199172,O=C1c2ccc(F)cc2C[C@H]1CCN1CCCN(c2ccc(Cl)cc2)CC1,5.42
ZINC000073222863,Fc1ccc(SCCCN2CCN(c3ccccn3)CC2)cc1,5.09
ZINC000073224196,CN1CCC(N(C)S(=O)(=O)c2ccc(I)cc2)CC1,6.12
ZINC000073224897,CN1CCC(N(C)S(=O)(=O)c2cccc3ccccc23)CC1,7.0
ZINC000073225061,Cc1ccccc1S(=O)(=O)N(C)C1CCN(C)CC1,5.74
ZINC000073389814,COc1ccccc1N1CCN(CCCN/C(=N\C#N)c2ccccn2)CC1,8.79
ZINC000080441726,CC(C)COc1ccccc1[C@H]1C[C@@H]1CN,6.6
ZINC000082151133,N#C/N=C(\NCCCN1CCN(c2cccc(Cl)c2)CC1)c1ccccn1,8.48
ZINC000082151136,N#C/N=C(\NCCCN1CCN(c2cccc(C(F)(F)F)c2)CC1)c1ccccn1,8.74
ZINC000082153412,CCCCOc1ccc(S(=O)(=O)N(C)C2CCN(C)CC2)cc1,7.26
ZINC000082154953,N#C/N=C(\NCCCN1CCN(c2ccccc2C#N)CC1)c1ccccn1,7.54
ZINC000082154957,Cc1cccc(N2CCN(CCCN/C(=N\C#N)c3ccccn3)CC2)c1C,7.53
ZINC000082156560,N#C/N=C(\NCCCN1CCN(c2ncccn2)CC1)c1ccccn1,7.65
ZINC000082156794,CCOCCN1CCN(CCCN/C(=N\C#N)c2ccccn2)CC1,6.22
ZINC000082158077,CCc1ccc(S(=O)(=O)N(C)C2CCN(C)CC2)cc1,6.79
ZINC000082158078,CN1CCC(N(C)S(=O)(=O)c2ccc(-c3ccccc3)cc2)CC1,6.28
ZINC000082158462,Fc1ccc(SCCCN2CCN(c3ncccn3)CC2)cc1,5.05
ZINC000084298917,Cc1[nH]c2ccc(F)cc2c1C1=CCNCC1,6.15
ZINC000084441638,CNC1=NC(=O)/C(=C\c2c[nH]c3ccc(Br)cc23)N1C,5.97
ZINC000084466024,CCCn1c(-c2ccccc2)cc(C(=O)NCCN2CCN(c3cccc(Cl)c3Cl)CC2)c1C,6.51
ZINC000084596336,c1cc2c(c(C3CCNCC3)c1)CCCC2,7.37
ZINC000084596951,COc1ccc(-c2ccccc2F)cc1[C@H]1C[C@@H]1CN,5.48
ZINC000084596952,COc1ccc(-c2ccc(F)cc2)cc1[C@H]1C[C@@H]1CN,5.66
ZINC000084596954,NC[C@H]1C[C@@H]1c1ccccc1OCC1CCC1,5.92
ZINC000084604284,NC[C@H]1C[C@@H]1c1ccccc1OCc1ccccc1,6.52
ZINC000084616525,COc1ccc(-c2cccc(C)c2)cc1[C@H]1C[C@@H]1CN,5.06
ZINC000084617626,NC[C@@H]1C[C@H]1c1ccccc1OCC1CC1,6.01
ZINC000084618376,COc1ccc(-c2ccccc2C)cc1[C@H]1C[C@@H]1CN,5.46
ZINC000084618809,NC[C@H]1C[C@@H]1c1ccccc1OCC1CC1,7.26
ZINC000084619867,COc1ccc(-c2cccc(F)c2)cc1[C@H]1C[C@@H]1CN,5.14
ZINC000084619868,CCCOc1ccccc1[C@H]1C[C@@H]1CN,7.62
ZINC000084632502,COc1ccc(-c2ccccc2)cc1[C@H]1C[C@@H]1CN,5.42
ZINC000084651836,O=C(Nc1ccc2cc(CN3CCCC3)cnc2c1)c1ccc(-c2ccc(F)cc2)nc1,6.08
ZINC000084651839,Cc1ccc(-c2ccc(C(=O)Nc3ccc4cc(CN5CCCC5)cnc4c3)cn2)cc1,6.24
ZINC000084651840,O=C(Nc1ccc2cc(CN3CCCC3)cnc2c1)c1ccc(-c2ccc(Cl)cc2)nc1,6.03
ZINC000084669600,Cc1ccc(-c2ccc(C(=O)Nc3ccc4cc(CN5CCCC5)cnc4c3)cc2)cc1,6.18
ZINC000084669967,O=C(Nc1ccc2c(c1)OCC(CN1CCCC1)=C2)c1ccc(-c2ccc(F)cc2)cc1,8.51
ZINC000084670292,Cc1cc2cc(CN3CCCC3)cnc2cc1NC(=O)c1ccc(-c2ccc(F)cc2)cc1,8.13
ZINC000084670293,O=C(Nc1cc2ncc(CN3CCCC3)cc2cc1F)c1ccc(-c2ccc(F)cc2)cc1,6.55
ZINC000084670294,O=C(Nc1cc2ncc(CN3CCCC3)cc2cc1Cl)c1ccc(-c2ccc(F)cc2)cc1,6.62
ZINC000084670700,O=C(Nc1ccc2cc(CN3CCCC3)cnc2c1)c1ccc(-c2ccc(F)cc2)cc1,6.8
ZINC000084670701,O=C(Nc1ccc2cc(CN3CCCC3)cnc2c1)c1ccc(-c2ccccc2)cc1,6.51
ZINC000084670999,Cc1c(NC(=O)c2ccc(-c3ccccc3)cc2)ccc2cc(CN3CCCC3)cnc12,6.12
ZINC000084671001,Cc1ccc(-c2ccc(C(=O)Nc3ccc4cc(CN5CCCC5)cnc4c3C)cc2)cc1,6.27
ZINC000084671031,O=C(Nc1ccc2cc(CN3CCCC3)cnc2c1)c1ccc(-c2ccc(Cl)cc2)cc1,6.2
ZINC000084687568,CN1C(=N)N=C(O)/C1=C\c1c[nH]c2cccc(Br)c12,5.7
ZINC000084689918,CNC1=NC(=O)/C(=C\c2c[nH]c3cccc(Br)c23)N1C,6.49
ZINC000084708735,CNC1=NC(=O)/C(=C/c2c[nH]c3c(Br)cccc23)N1,6.17
ZINC000084709543,CNC1=NC(=O)/C(=C/c2c[nH]c3ccccc23)N1,6.01
ZINC000084709545,CNC1=NC(=O)/C(=C/c2c[nH]c3cccc(Br)c23)N1,7.1
ZINC000084709547,CNC1=NC(=O)/C(=C/c2c[nH]c3cc(Br)ccc23)N1,6.01
ZINC000084712241,CN1C(=N)N=C(O)/C1=C\c1c[nH]c2c(Br)cccc12,5.38
ZINC000084712274,CNC1=NC(=O)/C(=C/c2c[nH]c3ccc(Br)cc23)N1,6.37
ZINC000084723963,CNC1=NC(=O)/C(=C\c2c[nH]c3cc(Br)ccc23)N1C,5.64
ZINC000084723966,CNC1=NC(=O)/C(=C\c2c[nH]c3c(Br)cccc23)N1C,5.66
ZINC000084739243,O=C(Nc1ccc2cc(CN3CCCC3)cnc2c1F)c1ccc(-c2ccc(F)cc2)cc1,7.11
ZINC000084758909,O=C(Nc1ccc2cc(CN3CCCC3)cnc2c1)N1CCC(c2ccc(Cl)cc2)CC1,7.26
ZINC000084759416,O=C(Nc1ccc2cc(CN3CCCC3)ccc2c1)c1ccc(-c2ccc(F)cc2)cc1,6.92
ZINC000087690221,Cc1c(C(=O)NCCN2CCN(c3cccc(Cl)c3Cl)CC2)cc(-c2ccccc2)n1C,6.81
ZINC000094566092,COc1cc2nc(N3CCN(C(=O)[C@@H]4COc5ccccc5O4)CC3)nc(N)c2cc1OC,6.55
ZINC000094566093,COc1cc2nc(N3CCN(C(=O)[C@H]4COc5ccccc5O4)CC3)nc(N)c2cc1OC,6.55
ZINC000095541575,O=C1Nc2ccccc2[C@H]1CCCCN1CCN(c2ccc(Cl)cc2)CC1,6.16
ZINC000095551772,Cc1c(C)c2c(c(C)c1O)CC[C@@](C)(CN1CCN(c3cc(N4CCCC4)nc(N4CCCC4)n3)CC1)O2,5.4
ZINC000095551773,Cc1c(C)c2c(c(C)c1O)CC[C@](C)(CN1CCN(c3cc(N4CCCC4)nc(N4CCCC4)n3)CC1)O2,5.4
ZINC000095553802,CN1CCN(c2cc3c(cc2Cl)CCN3C(=O)Nc2cc(OC(F)(F)F)cc(-c3cccnc3)c2)CC1,5.0
ZINC000095555156,O=C(Nc1cc(OC(F)(F)F)cc(-c2cccnc2)c1)N1CCc2ccccc21,5.9
ZINC000095555893,COc1cc2c(cc1C(F)(F)F)N(C(=O)Nc1cc(-c3cccnc3)cc(C(F)(F)F)c1)CC2,8.0
ZINC000095556579,COc1ccc2c(c1)N(C(=O)Nc1cc(OC(F)(F)F)cc(-c3cccnc3)c1)CC2,6.92
ZINC000095557582,O=C(Nc1cc(OC(F)(F)F)cc(-c2cccnc2)c1)N1CCc2ccc(F)cc21,6.22
ZINC000095557652,O=C(Nc1cc(OC(F)(F)F)cc(-c2cccnc2)c1)N1CCc2ccc(CO)cc21,6.74
ZINC000095557718,COc1cc2c(cc1C(F)(F)F)N(C(=O)Nc1cc(Br)cc(OC(F)(F)F)c1)CC2,6.41
ZINC000095586109,Cc1ccc2c(c1Cl)C(=O)N[C@H]1CNC[C@H]21,8.66
ZINC000095586246,c1cc2c3c(c1)[C@@H]1CNCC[C@@H]1N3CCCS2,6.03
ZINC000095587208,O=C1N[C@H]2CNC[C@@H]2c2cccc(Cl)c21,8.59
ZINC000095587306,CCc1cc2c(c(C(F)(F)F)c1)C(=O)N[C@H]1CNC[C@H]21,8.37
ZINC000095587396,CCc1cc(Cl)c2c(c1)[C@H]1CNC[C@@H]1N(C)C2=O,7.09
ZINC000095590765,O=C1N[C@H]2CNC[C@@H]2c2ccccc21,7.37
ZINC000095592457,Cc1cc(C)c2c(c1)[C@H]1CNC[C@@H]1NC2=O,7.7
ZINC000095592518,Cc1cc(C2CC2)cc2c1C(=O)N[C@H]1CNC[C@H]21,7.57
ZINC000096270829,Cc1c(C)c2ccc(OCCCCN3CCC(c4noc5cc(F)ccc45)CC3)cc2oc1=O,6.41
ZINC000096270830,Cc1cc(=O)oc2c(Cl)c(OCCCCN3CCC(c4noc5cc(F)ccc45)CC3)ccc12,5.77
ZINC000096270831,Cc1cc(=O)oc2c(C)c(OCCCCN3CCC(c4noc5cc(F)ccc45)CC3)ccc12,7.16
ZINC000096270832,O=c1cc(-c2ccccc2)c2ccc(OCCCCN3CCC(c4noc5cc(F)ccc45)CC3)cc2o1,6.59
ZINC000096270833,COc1ccccc1N1CCN(CCCCOc2ccc3c(C)cc(=O)oc3c2)CC1,6.0
ZINC000096270834,Cc1cc(=O)oc2cc(OCCCCN3CCC(c4noc5cc(F)ccc45)CC3)ccc12,7.92
ZINC000096271307,Fc1cccc(Nc2nc(Cc3ccccc3)nc3c2CCNCC3)c1,7.88
ZINC000096271308,COc1cccc(Nc2nc(Cc3ccccc3)nc3c2CCNCC3)c1,8.04
ZINC000096271309,c1ccc(Cc2nc3c(c(Nc4ccccc4)n2)CCNCC3)cc1,8.7
ZINC000096271310,Clc1cccc(Nc2nc(Cc3ccccc3)nc3c2CCNCC3)c1,8.64
ZINC000096910224,Cc1[nH]c2ccc(Br)cc2c1C1=CCNCC1,6.38
ZINC000096910225,Cc1[nH]c2ccc(OS(=O)(=O)C(F)(F)F)cc2c1C1=CCNCC1,6.0
ZINC000096928118,CN1CCN(c2nc3c(c(N(C)C)n2)CCNCC3)CC1,5.92
ZINC000096928120,CN1CCN(c2nc3c(c(N4CCOCC4)n2)CCNCC3)CC1,5.02
ZINC000096928123,CN1CCN(c2nc3c(c(OCc4ccco4)n2)CCNCC3)CC1,5.9
ZINC000096928124,COc1cccc(Nc2nc(N3CCN(C)CC3)nc3c2CCNCC3)c1,5.64
ZINC000096928125,CN1CCN(c2nc3c(c(Nc4ccc(F)cc4)n2)CCNCC3)CC1,6.47
ZINC000096928126,CN1CCc2nc(N3CCN(C)CC3)nc(Nc3ccc(F)cc3)c2CC1,6.11
ZINC000096928127,c1ccc(Cc2nc3c(c(N4CCSCC4)n2)CCNCC3)cc1,6.48
ZINC000096928128,Fc1ccc(Nc2nc(Cc3ccccc3)nc3c2CCNCC3)cc1,8.59
ZINC000096928129,COc1ccc(Nc2nc(Cc3ccccc3)nc3c2CCNCC3)cc1,6.57
ZINC000096928132,CN1CCN(c2nc(Nc3ccccc3)c3cn[nH]c3n2)CC1,7.06
ZINC000096928133,CCN(CC)c1nc(Nc2ccc(C)c(C)c2)c2cn[nH]c2n1,5.07
ZINC000096928134,CCN(CC)c1nc(Nc2ccc(Cl)cc2)c2cn[nH]c2n1,6.0
ZINC000096928135,CN1CCN(c2nc(Nc3ccc(Cl)cc3)c3cn[nH]c3n2)CC1,7.53
ZINC000096928136,CCN(CC)c1nc(Nc2ccccc2C)c2cn[nH]c2n1,6.62
ZINC000096928137,CNc1nc(Nc2ccc(F)cc2)c2cn[nH]c2n1,5.11
ZINC000096928143,Fc1ccc(Nc2nc(NC3CCCCC3)nc3[nH]ncc23)cc1,5.24
ZINC000096928443,Fc1ccc(Nc2nc(NCc3ccccc3)nc3[nH]ncc23)cc1,5.59
ZINC000096928444,Cc1ccc(CNc2nc(Nc3ccc(F)cc3)c3cn[nH]c3n2)cc1,5.23
ZINC000096928446,CN(C)c1nc(Nc2ccc(F)cc2)c2cn[nH]c2n1,5.4
ZINC000096928447,CCN(CC)c1nc(Nc2ccc(F)cc2)c2cn[nH]c2n1,5.48
ZINC000096928448,Fc1ccc(Nc2nc(N3CCCCC3)nc3[nH]ncc23)cc1,5.89
ZINC000096928449,C[C@H]1C[C@@H](C)CN(c2nc(Nc3ccc(F)cc3)c3cn[nH]c3n2)C1,5.42
ZINC000096928450,C[C@H]1C[C@H](C)CN(c2nc(Nc3ccc(F)cc3)c3cn[nH]c3n2)C1,5.42
ZINC000096928451,C[C@@H]1C[C@@H](C)CN(c2nc(Nc3ccc(F)cc3)c3cn[nH]c3n2)C1,5.42
ZINC000096928452,CC1CCN(c2nc(Nc3ccc(F)cc3)c3cn[nH]c3n2)CC1,5.82
ZINC000096928453,OCCN1CCN(c2nc(Nc3ccc(F)cc3)c3cn[nH]c3n2)CC1,6.31
ZINC000096928454,Fc1ccc(Nc2nc(N3CCN(Cc4ccccc4)CC3)nc3[nH]ncc23)cc1,6.08
ZINC000096928455,Fc1ccc(Nc2nc(N3CCN(c4ccccc4)CC3)nc3[nH]ncc23)cc1,6.38
ZINC000096928456,Fc1ccc(Nc2nc(N3CCN(c4ccc(F)cc4)CC3)nc3[nH]ncc23)cc1,6.83
ZINC000096928457,CCN(CC)c1nc(Nc2cccc(OC)c2)c2cn[nH]c2n1,5.27
ZINC000096928809,COc1cccc(Nc2nc(N3CCN(C)CC3)nc3[nH]ncc23)c1,8.11
ZINC000096928810,COc1cccc(Nc2nc(N3CCN(c4ccc(F)cc4)CC3)nc3[nH]ncc23)c1,5.96
ZINC000096928811,COc1ccc(Nc2nc(N3CCN(c4ccc(F)cc4)CC3)nc3[nH]ncc23)cc1,5.93
ZINC000096937895,N=C1N=C(O)/C(=C\c2c[nH]c3cccc(Br)c23)N1,6.22
ZINC000096937896,N=C1N=C(O)/C(=C\c2c[nH]c3cc(Br)ccc23)N1,6.7
ZINC000096937897,N=C1N=C(O)/C(=C\c2c[nH]c3c(Br)cccc23)N1,6.08
ZINC000100009278,CN1[C@H]2CC[C@@H]1C[C@H](OC(=O)[C@@H](CO)c1ccccc1)C2,6.28
ZINC000100009280,CN1[C@H]2CC[C@@H]1C[C@H](OC(=O)[C@H](CO)c1ccccc1)C2,6.28
ZINC000100374472,CC(C)n1c(=O)c(C(=O)N[C@@H]2C[C@@H]3CC[C@H](C2)N3C[C@@H](O)CN(C)S(C)(=O)=O)cc2ccccc21,7.0
ZINC000100799598,O=C(CCCN1[C@H]2CC[C@H]1CC(c1ccccc1)C2)c1ccc(F)cc1,5.97
ZINC000100802965,CN1CCN(c2nc3ccccc3c3c2C[C@H]2CC[C@H]3C2)CC1,5.55
ZINC000101021546,O=C1[C@H]2[C@H]3C=C[C@@H](C3)[C@H]2C(=O)N1OCCCN1CCN(c2cccc(Cl)c2)CC1,6.13
ZINC000101021547,O=C1[C@@H]2[C@@H](C(=O)N1OCCCN1CCN(c3cccc(Cl)c3)CC1)[C@H]1C=C[C@H]2C1,6.13
ZINC000101023321,O=C(CCCN1[C@H]2CC[C@H]1CC(O)(c1ccc(Cl)cc1)C2)c1ccc(F)cc1,6.06
ZINC000101026163,O=C1[C@H]2[C@H]3C=C[C@@H](C3)[C@H]2C(=O)N1OCCCN1CCN(c2ccccc2Cl)CC1,6.37
ZINC000101026164,O=C1[C@@H]2[C@@H](C(=O)N1OCCCN1CCN(c3ccccc3Cl)CC1)[C@H]1C=C[C@H]2C1,6.37
ZINC000101067102,CCC(CC)(CC)NC1=NCCNC(c2ccc(F)cc2F)=C1,7.07
ZINC000101068716,CCC(C)(CC)NC1=NCCNC(c2ccc(F)cc2)=C1,7.8
ZINC000101069912,CC(C)(C)NC1=NCCNC(c2ccc(F)cc2)=C1,6.2
ZINC000101074666,CCC(C)(CC)NC1=NCCNC(c2ccc(C)cc2)=C1,7.12
ZINC000101099148,CCC1(NC2=NCCNC(c3ccc(F)cc3F)=C2)CCCC1,7.57
ZINC000101299773,Cc1csc2c1-n1cccc1/C2=N/OCCN(C)C,5.67
ZINC000101446233,O=C1Nc2ccc(F)cc2[C@@H]1CCCCN1CCN(c2ccccc2)CC1,5.82
ZINC000101514829,CC(=O)N1CCN(CCN2[C@H]3CC[C@@H]2C[C@H](NC(=O)c2nn(C(C)C)c4ccccc24)C3)CC1,7.0
ZINC000103277932,Clc1ccc(-c2ccc(-c3cc4c5c(c3)[C@@H]3CNC[C@@H]3N5CCCS4)cc2)c(Cl)c1,8.52
ZINC000103277935,C1C[C@@H]2CNCCN3[C@H]2[C@H](C1)[C@H]1CCC[C@H]13,7.12
ZINC000103277940,Cc1c2n(c3c(C)c(Cl)ccc13)[C@@H](C)NCC2,9.4
ZINC000103277942,Cc1c2n(c3c(C)c(Cl)ccc13)[C@H](C)NCC2,9.4
ZINC000113502184,CN(C)[C@H]1Cc2ccccc2[C@H](C2CCCCC2)C1,7.52
ZINC000113502190,CN(C)[C@@H]1Cc2ccccc2[C@@H](C2CCCCC2)C1,8.15
ZINC000116262036,CN1CCN2c3c(cccc31)[C@@H]1CN(CCCC(=O)c3ccc(F)cc3)CC[C@@H]12,6.76
ZINC000116688972,COc1nc(Cc2ccccc2)nc2c1CCNCC2,7.44
ZINC000116693947,CNc1nc(C2(c3ccccc3)CC2)nc2c1CCNCC2,6.99
ZINC000116694498,CN(C)c1nc(Cc2ccccc2)nc2c1CCNCC2,6.81
ZINC000116694666,CNc1nc(C(C)(C)c2ccccc2)nc2c1CCNCC2,7.3
ZINC000116695440,CNc1nc([C@@H](C)c2ccccc2)nc2c1CCNCC2,7.52
ZINC000116695443,CNc1nc([C@H](C)c2ccccc2)nc2c1CCNCC2,7.52
ZINC000116695499,CNc1nc(C(F)(F)c2ccccc2)nc2c1CCNCC2,8.1
ZINC000116696479,CCNc1nc(Cc2ccccc2)nc2c1CCNCC2,7.54
ZINC000118362046,O=S(=O)(c1cccc(F)c1)n1cc2c3c(cccc31)N1CCNC[C@H]1C2,6.62
ZINC000118362048,O=S(=O)(c1cccc(F)c1)n1cc2c3c(cccc31)N1CCNC[C@@H]1C2,6.62
ZINC000118362561,COc1ccccc1S(=O)(=O)n1cc2c3c(cccc31)N1CCNC[C@H]1C2,6.06
ZINC000118362564,COc1ccccc1S(=O)(=O)n1cc2c3c(cccc31)N1CCNC[C@@H]1C2,6.06
ZINC000118362910,Cc1ccc(S(=O)(=O)n2cc3c4c(cccc42)N2CCNC[C@H]2C3)cc1,6.11
ZINC000118362912,Cc1ccc(S(=O)(=O)n2cc3c4c(cccc42)N2CCNC[C@@H]2C3)cc1,6.11
ZINC000118363054,COc1ccc(S(=O)(=O)n2cc3c4c(cccc42)N2CCNC[C@H]2C3)cc1,5.54
ZINC000118363056,COc1ccc(S(=O)(=O)n2cc3c4c(cccc42)N2CCNC[C@@H]2C3)cc1,5.54
ZINC000118363116,COc1cccc(S(=O)(=O)n2cc3c4c(cccc42)N2CCNC[C@H]2C3)c1,6.43
ZINC000118363119,COc1cccc(S(=O)(=O)n2cc3c4c(cccc42)N2CCNC[C@@H]2C3)c1,6.43
ZINC000118364502,O=S(=O)(c1ccccc1Cl)n1cc2c3c(cccc31)N1CCNC[C@H]1C2,6.34
ZINC000118364505,O=S(=O)(c1ccccc1Cl)n1cc2c3c(cccc31)N1CCNC[C@@H]1C2,6.34
ZINC000136717242,NC(N)=NC(=O)c1ccc2c(c1)[C@@]1(CCCO1)c1ccccc1-2,6.82
ZINC000136717275,NC(N)=NC(=O)c1ccc2c(c1)[C@]1(CCCO1)c1ccccc1-2,6.82
ZINC000138755154,CN(C)[C@H]1Cc2ccccc2[C@H](c2cccc(F)c2)C1,6.7
ZINC000138755258,CN(C)[C@@H]1Cc2ccccc2[C@@H](c2cccc(F)c2)C1,7.37
ZINC000138755589,CN(C)[C@H]1Cc2ccccc2[C@H](c2cccc(Cl)c2)C1,6.77
ZINC000138755708,CN(C)[C@@H]1Cc2ccccc2[C@@H](c2cccc(Cl)c2)C1,8.1
ZINC000138756071,CN(C)[C@H]1Cc2ccccc2[C@H](c2cccc(Br)c2)C1,6.7
ZINC000138756181,CN(C)[C@@H]1Cc2ccccc2[C@@H](c2cccc(Br)c2)C1,8.4
ZINC000139255735,C[C@@H]1CN(C)c2cccc3c2N1[C@H]1CCN(CCCC(=O)c2ccc(F)cc2)C[C@@H]31,6.55
ZINC000139255834,C[C@H]1CN(C)c2cccc3c2N1[C@H]1CCN(CCCC(=O)c2ccc(F)cc2)C[C@@H]31,6.55
ZINC000139456693,CN(C)[C@H]1Cc2ccccc2[C@H](c2cccc(-c3ccccc3)c2)C1,6.0
ZINC000139456805,CN(C)[C@@H]1Cc2ccccc2[C@@H](c2cccc(-c3ccccc3)c2)C1,8.3
ZINC000139457226,CN(C)[C@H]1Cc2ccccc2[C@H](c2cccc([N+](=O)[O-])c2)C1,6.92
ZINC000139457349,CN(C)[C@@H]1Cc2ccccc2[C@@H](c2cccc([N+](=O)[O-])c2)C1,8.0
ZINC000140510647,CN1CC[C@H]2[C@@H](C1)c1cccc3c1N2c1ccccc1CS3,8.1
ZINC000140512435,CN1CC[C@@H]2[C@@H](C1)c1cccc3c1N2c1ccccc1CS3,8.1
ZINC000140740624,O=C(O)[C@]1(F)CCCN([C@@H]2CC[C@]3(Cc4ccccc4Cc4ccccc43)C2)C1,5.8
ZINC000140968528,O=C(O)C[C@@H]1CCN([C@@H]2CC[C@]3(Cc4ccccc4Cc4ccccc43)C2)C1,7.7
ZINC000141308199,O=C(O)[C@H]1CN([C@@H]2CC[C@]3(Cc4ccccc4Cc4ccccc43)C2)CCO1,6.5
ZINC000169309781,CN1CCN2c3c(cccc31)[C@@H]1CN(C[C@@H]3CC(c4ccc(F)cc4)=NO3)CC[C@@H]12,5.48
ZINC000169309783,CN1CCN2c3c(cccc31)[C@@H]1CN(C[C@H]3CC(c4ccc(F)cc4)=NO3)CC[C@@H]12,5.48
ZINC000169315491,C1C[C@@H]2[C@H]3[C@H](C1)CNCCN3[C@@H]1CCC[C@H]21,7.12
ZINC000169322316,Cc1nc2c(o1)C[C@@H](CN1CCC(c3c[nH]c4cc(F)ccc34)CC1)CC2=O,7.0
ZINC000169322319,Cc1nc2c(o1)C[C@H](CN1CCC(c3c[nH]c4cc(F)ccc34)CC1)CC2=O,7.0
ZINC000169322331,O=C1C[C@@H](CN2CCC(c3c[nH]c4cc(F)ccc34)CC2)Cc2nc(N3CCCC3)sc21,6.9
ZINC000169322333,O=C1C[C@H](CN2CCC(c3c[nH]c4cc(F)ccc34)CC2)Cc2nc(N3CCCC3)sc21,6.9
ZINC000169345027,CN(C)CC[C@@H](Oc1ccc(NC(=O)Nc2ccc3c(ccn3C)c2)cc1)c1ccccc1,7.8
ZINC000169345029,CN(C)CC[C@H](Oc1ccc(NC(=O)Nc2ccc3c(ccn3C)c2)cc1)c1ccccc1,7.8
ZINC000169345030,CN(C)CC[C@@H](Oc1ccc(NC(=O)Nc2ccc3ccn(C)c3c2)cc1)c1ccccc1,7.96
ZINC000169345031,CN(C)CC[C@H](Oc1ccc(NC(=O)Nc2ccc3ccn(C)c3c2)cc1)c1ccccc1,7.96
ZINC000169345032,CN(C)CC[C@@H](Oc1ccc(NC(=O)Nc2ccc3ccccc3c2)cc1)c1ccccc1,8.77
ZINC000169345033,CN(C)CC[C@H](Oc1ccc(NC(=O)Nc2ccc3ccccc3c2)cc1)c1ccccc1,8.77
ZINC000169345034,CCn1ccc2cc(NC(=O)Nc3ccc(O[C@@H](CCN(C)C)c4ccccc4)cc3)ccc21,7.97
ZINC000169345035,CCn1ccc2cc(NC(=O)Nc3ccc(O[C@H](CCN(C)C)c4ccccc4)cc3)ccc21,7.97
ZINC000169345041,CN(C)CC[C@@H](Oc1ccc(NC(=O)Nc2ccc(Cl)c(Cl)c2)cc1)c1ccccc1,8.54
ZINC000169345043,CN(C)CC[C@H](Oc1ccc(NC(=O)Nc2ccc(Cl)c(Cl)c2)cc1)c1ccccc1,8.54
ZINC000169345044,Cc1ccc(NC(=O)Nc2ccc(O[C@@H](CCN(C)C)c3ccccc3)cc2)cc1Cl,9.22
ZINC000169345045,Cc1ccc(NC(=O)Nc2ccc(O[C@H](CCN(C)C)c3ccccc3)cc2)cc1Cl,9.22
ZINC000169345046,Cc1ccc(NC(=O)Nc2ccc(O[C@@H](CCN(C)C)c3ccccc3)cc2)cc1I,8.62
ZINC000169345048,Cc1ccc(NC(=O)Nc2ccc(O[C@H](CCN(C)C)c3ccccc3)cc2)cc1I,8.62
ZINC000169345049,COc1ccc(NC(=O)Nc2ccc(O[C@@H](CCN(C)C)c3ccccc3)cc2)cc1Cl,7.95
ZINC000169345050,COc1ccc(NC(=O)Nc2ccc(O[C@H](CCN(C)C)c3ccccc3)cc2)cc1Cl,7.95
ZINC000169345051,COc1ccc(NC(=O)Nc2ccc(O[C@@H](CCN(C)C)c3ccccc3)cc2)cc1C(F)(F)F,8.48
ZINC000169345052,COc1ccc(NC(=O)Nc2ccc(O[C@H](CCN(C)C)c3ccccc3)cc2)cc1C(F)(F)F,8.48
ZINC000169345053,CSc1ccc(NC(=O)Nc2ccc(O[C@@H](CCN(C)C)c3ccccc3)cc2)cc1C(F)(F)F,8.47
ZINC000169345054,CSc1ccc(NC(=O)Nc2ccc(O[C@H](CCN(C)C)c3ccccc3)cc2)cc1C(F)(F)F,8.47
ZINC000169345055,COc1cc(NC(=O)Nc2ccc(O[C@@H](CCN(C)C)c3ccccc3)cc2)ccc1Cl,7.79
ZINC000169345056,COc1cc(NC(=O)Nc2ccc(O[C@H](CCN(C)C)c3ccccc3)cc2)ccc1Cl,7.79
ZINC000169345057,CN(C)CC[C@@H](Oc1cccc(NC(=O)Nc2ccc3c(ccn3C)c2)c1)c1ccccc1,6.19
ZINC000169345058,CN(C)CC[C@H](Oc1cccc(NC(=O)Nc2ccc3c(ccn3C)c2)c1)c1ccccc1,6.19
ZINC000169345059,CN(C)CC[C@@H](Oc1cccc(NC(=O)Nc2ccc3ccccc3c2)c1)c1ccccc1,7.06
ZINC000169345060,CN(C)CC[C@H](Oc1cccc(NC(=O)Nc2ccc3ccccc3c2)c1)c1ccccc1,7.06
ZINC000169345062,CN(C)CC[C@@H](Oc1ccc(NC(=O)c2ccc(Cl)c(Cl)c2)cc1)c1ccccc1,7.24
ZINC000169345063,CN(C)CC[C@H](Oc1ccc(NC(=O)c2ccc(Cl)c(Cl)c2)cc1)c1ccccc1,7.24
ZINC000169345064,CN(C)CC[C@@H](Oc1ccc(NC(=O)N(C)c2ccc(Cl)c(Cl)c2)cc1)c1ccccc1,7.1
ZINC000169345065,CN(C)CC[C@H](Oc1ccc(NC(=O)N(C)c2ccc(Cl)c(Cl)c2)cc1)c1ccccc1,7.1
ZINC000169345066,CN(C)CC[C@@H](Oc1ccc(N2CCN(c3ccc(Cl)c(Cl)c3)C2=O)cc1)c1ccccc1,7.99
ZINC000169345067,CN(C)CC[C@H](Oc1ccc(N2CCN(c3ccc(Cl)c(Cl)c3)C2=O)cc1)c1ccccc1,7.99
ZINC000169345069,COc1cc(NC(=O)Nc2ccc(Cl)c(Cl)c2)ccc1O[C@@H](CCN(C)C)c1ccccc1,8.55
ZINC000169345070,COc1cc(NC(=O)Nc2ccc(Cl)c(Cl)c2)ccc1O[C@H](CCN(C)C)c1ccccc1,8.55
ZINC000169345071,COc1ccc(NC(=O)Nc2ccc(Cl)c(Cl)c2)cc1O[C@@H](CCN(C)C)c1ccccc1,6.71
ZINC000169345073,COc1ccc(NC(=O)Nc2ccc(Cl)c(Cl)c2)cc1O[C@H](CCN(C)C)c1ccccc1,6.71
ZINC000169345074,Cc1ccc(C(=O)Nc2ccc(O[C@@H](CCN(C)C)c3ccccc3)cc2)cc1Cl,7.34
ZINC000169345075,Cc1ccc(C(=O)Nc2ccc(O[C@H](CCN(C)C)c3ccccc3)cc2)cc1Cl,7.34
ZINC000169345077,COc1ccc(C(=O)Nc2ccc(O[C@@H](CCN(C)C)c3ccccc3)cc2)cc1Cl,6.82
ZINC000169345079,COc1ccc(C(=O)Nc2ccc(O[C@H](CCN(C)C)c3ccccc3)cc2)cc1Cl,6.82
ZINC000169345081,COc1ccc(C(=O)Nc2ccc(O[C@@H](CCN(C)C)c3ccccc3)cc2)cc1C(F)(F)F,7.04
ZINC000169345082,COc1ccc(C(=O)Nc2ccc(O[C@H](CCN(C)C)c3ccccc3)cc2)cc1C(F)(F)F,7.04
ZINC000169350288,c1cnc(N2CCN(CCCc3nc4ccccc4s3)CC2)nc1,6.55
ZINC000169350410,Cc1ccccc1S(=O)(=O)n1cc2c3c(cccc31)N1CCNC[C@@H]1C2,6.33
ZINC000169350411,Cc1ccccc1S(=O)(=O)n1cc2c3c(cccc31)N1CCNC[C@H]1C2,6.33
ZINC000169351325,Oc1nc(Cc2ccccc2)nc2c1CCNCC2,5.84
ZINC000169351326,Nc1nc(Cc2ccccc2)nc2c1CCNCC2,6.02
ZINC000169351339,O=S(=O)(c1ccccc1)n1cc2c3c(cccc31)N1CCNC[C@@H]1C2,6.55
ZINC000169351340,O=S(=O)(c1ccccc1)n1cc2c3c(cccc31)N1CCNC[C@H]1C2,6.55
ZINC000169351341,Cc1cccc(S(=O)(=O)n2cc3c4c(cccc42)N2CCNC[C@@H]2C3)c1,6.34
ZINC000169351342,Cc1cccc(S(=O)(=O)n2cc3c4c(cccc42)N2CCNC[C@H]2C3)c1,6.34
ZINC000169351344,O=S(=O)(c1ccccc1F)n1cc2c3c(cccc31)N1CCNC[C@@H]1C2,6.46
ZINC000169351345,O=S(=O)(c1ccccc1F)n1cc2c3c(cccc31)N1CCNC[C@H]1C2,6.46
ZINC000169351346,O=S(=O)(c1ccc(F)cc1)n1cc2c3c(cccc31)N1CCNC[C@@H]1C2,5.96
ZINC000169351347,O=S(=O)(c1ccc(F)cc1)n1cc2c3c(cccc31)N1CCNC[C@H]1C2,5.96
ZINC000169351348,O=S(=O)(C1=CC=C=C=C1)n1cc2c3c(cccc31)N1CCNC[C@@H]1C2,6.47
ZINC000169351349,O=S(=O)(C1=CC=C=C=C1)n1cc2c3c(cccc31)N1CCNC[C@H]1C2,6.47
ZINC000169351350,O=S(=O)(c1ccc(Cl)cc1)n1cc2c3c(cccc31)N1CCNC[C@@H]1C2,5.92
ZINC000169351351,O=S(=O)(c1ccc(Cl)cc1)n1cc2c3c(cccc31)N1CCNC[C@H]1C2,5.92
ZINC000169363089,O=C(O)[C@@H]1CCN([C@@H]2CC[C@]3(Cc4ccccc4Cc4ccccc43)C2)C1,7.8
ZINC000169363094,O=C(O)[C@H]1CN([C@@H]2CC[C@]3(Cc4ccccc4Cc4ccccc43)C2)CCN1,6.7
ZINC000169726176,O=C1c2ccc(F)cc2C[C@@H]1CCN1CCCN(c2ccc(Cl)cc2)CC1,5.42
ZINC000205434444,CN(C)[C@H]1Cc2ccccc2[C@H](C2CCCCCCC2)C1,6.1
ZINC000205434458,CN(C)[C@@H]1Cc2ccccc2[C@@H](C2CCCCCCC2)C1,7.52
ZINC000205819558,COc1ccc(S(=O)(=O)n2cc(/C=N/N=C/N(C)C)c3c([N+](=O)[O-])cccc32)cc1,5.98
ZINC000253638998,FC(F)(F)c1ccnc(N2CC[C@@H]3CNC[C@H]32)n1,6.74
ZINC000253640611,O=C1[C@@H]2[C@H]3C=C[C@@H](C3)[C@H]2C(=O)N1OCCCN1CCN(c2ccccc2Cl)CC1,6.37
ZINC000253667136,Cc1ccc2c(c1)[C@@H]1CCN[C@H](Cc3cccc4ccccc34)[C@H]1N2,8.68
ZINC000253667144,Cc1ccc2c(c1)[C@@H]1CCN[C@@H](Cc3cccc4ccccc34)[C@H]1N2,8.68
ZINC000253668597,O=C(CCCN1[C@H]2CC[C@H]1CN(c1ccc(Cl)cc1)CC2)c1ccc(F)cc1,5.45
ZINC000253677982,c1ccc(CCN2[C@H]3CC[C@@H]2C[C@@H](c2c(-c4ccccc4)[nH]c4ccccc24)C3)cc1,6.4
ZINC000253677991,c1ccc(CCN2[C@H]3CC[C@@H]2C[C@H](c2c(-c4ccccc4)[nH]c4ccccc24)C3)cc1,6.4
ZINC000253694814,Cc1ccc2c(c1F)[C@@H]1CCN[C@@H](Cc3cccc4ccccc34)[C@H]1N2,9.02
ZINC000253694823,Cc1ccc2c(c1F)[C@@H]1CCN[C@H](Cc3cccc4ccccc34)[C@H]1N2,9.02
ZINC000253868468,O=C(O)[C@H]1CN([C@H]2CC[C@]3(Cc4ccccc4Cc4ccccc43)C2)CCN1,6.7
ZINC000253868718,O=C(O)[C@@H]1CCN([C@H]2CC[C@]3(Cc4ccccc4Cc4ccccc43)C2)C1,7.8
ZINC000253908008,O=C(O)[C@H]1CN([C@H]2CC[C@]3(Cc4ccccc4Cc4ccccc43)C2)CCO1,6.5
ZINC000253917021,O=C(O)C[C@@H]1CCN([C@H]2CC[C@]3(Cc4ccccc4Cc4ccccc43)C2)C1,7.7
ZINC000253918516,O=C(O)[C@]1(F)CCCN([C@H]2CC[C@]3(Cc4ccccc4Cc4ccccc43)C2)C1,5.8
ZINC000253918618,C[C@@]1(C(=O)O)CCN([C@H]2CC[C@]3(Cc4ccccc4Cc4ccccc43)C2)C1,7.7
ZINC000253918621,C[C@]1(C(=O)O)CCN([C@H]2CC[C@]3(Cc4ccccc4Cc4ccccc43)C2)C1,7.7
ZINC000254086111,COc1cccc(CCN2[C@H]3[C@@H]4[C@H]5C[C@@H]6[C@@H]4[C@]2(O)[C@@H]2[C@H]6[C@@H]5[C@@H]32)c1OC,5.35
ZINC000254086116,COc1cccc(CCN2[C@H]3[C@@H]4[C@H]5C[C@H]6[C@@H]7[C@@H]5[C@@H]3[C@@H]7[C@@]2(O)[C@H]64)c1OC,5.35
ZINC000254086120,COc1cccc(CCN2[C@@H]3[C@H]4[C@@H]5[C@@H]6[C@@H]7C[C@H]([C@@H]3[C@@H]7[C@]52O)[C@H]64)c1OC,5.35
ZINC000254086125,COc1cccc(CCN2[C@H]3[C@@H]4[C@H]5C[C@@H]6[C@@H]4[C@]2(O)[C@H]2[C@H]6[C@@H]5[C@@H]32)c1OC,5.35
ZINC000254132541,COc1ccccc1CCN1[C@H]2[C@@H]3[C@H]4C[C@@H]5[C@@H]3[C@]1(O)[C@@H]1[C@H]5[C@@H]4[C@@H]21,6.08
ZINC000254132543,COc1ccccc1CCN1[C@H]2[C@@H]3[C@H]4C[C@@H]5[C@@H]3[C@]1(O)[C@H]1[C@H]5[C@@H]4[C@@H]21,6.08
ZINC000254132545,COc1ccccc1CCN1[C@@H]2[C@H]3[C@@H]4[C@@H]5[C@@H]6C[C@H]([C@@H]2[C@@H]6[C@]41O)[C@H]53,6.08
ZINC000254132547,COc1ccccc1CCN1[C@H]2[C@@H]3[C@H]4C[C@H]5[C@@H]6[C@@H]4[C@@H]2[C@@H]6[C@@]1(O)[C@H]53,6.08
ZINC000254133735,COc1cccc(CCN2[C@H]3[C@@H]4[C@H]5C[C@@H]6[C@@H]4[C@]2(O)[C@@H]2[C@H]6[C@@H]5[C@@H]32)c1,5.85
ZINC000254133736,COc1cccc(CCN2[C@H]3[C@@H]4[C@H]5C[C@H]6[C@@H]7[C@@H]5[C@@H]3[C@@H]7[C@@]2(O)[C@H]64)c1,5.85
ZINC000254133737,COc1cccc(CCN2[C@@H]3[C@H]4[C@@H]5[C@@H]6[C@@H]7C[C@H]([C@@H]3[C@@H]7[C@]52O)[C@H]64)c1,5.85
ZINC000254133738,COc1cccc(CCN2[C@H]3[C@@H]4[C@H]5C[C@@H]6[C@@H]4[C@]2(O)[C@H]2[C@H]6[C@@H]5[C@@H]32)c1,5.85
ZINC000254136483,O[C@]1(c2ccc(Cl)cc2)C[C@@H]2CC[C@H](C1)N2CCCCc1ccc(F)cc1,5.61
ZINC000254136485,O[C@@]1(c2ccc(Cl)cc2)C[C@@H]2CC[C@H](C1)N2CCCCc1ccc(F)cc1,5.61
ZINC000254136494,O[C@]1(c2ccc(Cl)cc2)C[C@@H]2CC[C@H](C1)N2CCCCc1nc2ccccc2s1,5.34
ZINC000254136497,O[C@@]1(c2ccc(Cl)cc2)C[C@@H]2CC[C@H](C1)N2CCCCc1nc2ccccc2s1,5.34
ZINC000261183098,O=C1[C@@H]2[C@H]3C=C[C@@H](C3)[C@H]2C(=O)N1OCCCN1CCN(c2cccc(Cl)c2)CC1,6.13
ZINC000299829856,OC1(c2ccc(Cl)cc2)C[C@@H]2CC[C@H](C1)N2CCCSc1ccc(F)cc1,5.82
ZINC000299831510,OC1(c2ccc(Cl)cc2)C[C@@H]2CC[C@H](C1)N2CCCSc1ccccc1F,5.95
ZINC000299831545,OC1(c2ccc(Cl)cc2)C[C@@H]2CC[C@H](C1)N2CCCSc1cccc(F)c1,5.73
ZINC000299847769,C1C[C@@H]2CNCCN3[C@@H]4CCC[C@@H]4[C@@H](C1)[C@H]23,7.12
ZINC000299847771,C1C[C@H]2[C@H]3CCC[C@H]3N3CCNC[C@@H](C1)[C@@H]23,7.12
ZINC000299849934,CN1CC[C@@H]2[C@H](C1)c1cccc3c1N2c1ccccc1CS3,8.1
ZINC000299849935,CN1CC[C@H]2[C@H](C1)c1cccc3c1N2c1ccccc1CS3,8.1
ZINC000299851194,NC[C@H]1C[C@@H]1c1cc(F)ccc1OCCF,8.47
ZINC000299851195,NC[C@@H]1C[C@H]1c1cc(F)ccc1OCCF,6.29
ZINC000299851234,C=C(F)COc1ccc(Cl)cc1[C@H]1C[C@@H]1CN,6.88
ZINC000299851239,NC[C@@H]1C[C@H]1c1cc(Cl)ccc1OCCCF,5.9
ZINC000299851240,NC[C@H]1C[C@@H]1c1cc(Cl)ccc1OCCCF,6.69
ZINC000299851611,CNc1nc(Cc2ccccc2)cc2c1CCNCC2,8.52
ZINC000299851726,CC(C)Nc1nc(Cc2ccccc2)cc2c1CCNCC2,7.89
ZINC000299851848,CC(C)CNc1nc(Cc2ccccc2)cc2c1CCNCC2,7.92
ZINC000299852124,c1ccc(Cc2cc3c(c(NCC4CC4)n2)CCNCC3)cc1,9.3
ZINC000299852175,CCNc1nc(Cc2ccccc2)cc2c1CCNCC2,8.52
ZINC000299852346,c1ccc(CNc2nc(Cc3ccccc3)cc3c2CCNCC3)cc1,7.66
ZINC000299852409,c1ccc(Cc2cc3c(cn2)CCNCC3)cc1,7.46
ZINC000299852771,CN(C)c1nc(Cc2ccccc2)cc2c1CCNCC2,7.92
ZINC000299852861,CCCNc1nc(Cc2ccccc2)cc2c1CCNCC2,8.4
ZINC000299853037,CN(C)[C@@H]1Cc2ccccc2[C@@H](c2ccc(C(F)(F)F)cc2)C1,6.28
ZINC000299853038,CN(C)[C@H]1Cc2ccccc2[C@H](c2ccc(C(F)(F)F)cc2)C1,6.66
ZINC000299853119,C=CCOc1ccc(F)cc1[C@@H]1C[C@H]1CN,6.8
ZINC000299853120,C=CCOc1ccc(F)cc1[C@H]1C[C@@H]1CN,8.38
ZINC000299853336,CCOc1ccc(Cl)cc1[C@H]1C[C@@H]1CN,7.89
ZINC000299853337,CCOc1ccc(Cl)cc1[C@@H]1C[C@H]1CN,6.19
ZINC000299853391,NC[C@H]1C[C@@H]1c1cc(Cl)ccc1OCCF,7.49
ZINC000299853392,NC[C@@H]1C[C@H]1c1cc(Cl)ccc1OCCF,5.95
ZINC000299853489,NC[C@H]1C[C@@H]1c1cc(Cl)ccc1OCC(F)F,7.04
ZINC000299853490,NC[C@@H]1C[C@H]1c1cc(Cl)ccc1OCC(F)F,6.04
ZINC000299853496,COCCOc1ccc(Cl)cc1[C@@H]1C[C@H]1CN,6.18
ZINC000299853497,COCCOc1ccc(Cl)cc1[C@H]1C[C@@H]1CN,6.74
ZINC000299853607,CN(C)[C@@H]1Cc2ccccc2[C@@H](c2cccc(C(F)(F)F)c2)C1,8.0
ZINC000299853608,CN(C)[C@H]1Cc2ccccc2[C@H](c2cccc(C(F)(F)F)c2)C1,6.64
ZINC000299853717,CSCCOc1ccc(Cl)cc1[C@@H]1C[C@H]1CN,5.75
ZINC000299853718,CSCCOc1ccc(Cl)cc1[C@H]1C[C@@H]1CN,6.61
ZINC000299853738,CN(C)[C@@H]1Cc2ccccc2[C@@H](c2ccccc2Br)C1,7.15
ZINC000299853739,CN(C)[C@H]1Cc2ccccc2[C@H](c2ccccc2Br)C1,7.11
ZINC000299853751,CCCOc1ccc(F)cc1[C@@H]1C[C@H]1CN,6.53
ZINC000299853752,CCCOc1ccc(F)cc1[C@H]1C[C@@H]1CN,7.96
ZINC000299853795,C=C(C)COc1ccc(Cl)cc1[C@H]1C[C@@H]1CN,6.67
ZINC000299853824,CCCOc1ccc(Cl)cc1[C@@H]1C[C@H]1CN,5.91
ZINC000299853825,CCCOc1ccc(Cl)cc1[C@H]1C[C@@H]1CN,6.99
ZINC000299853828,C=CCOc1ccc(Cl)cc1[C@@H]1C[C@H]1CN,6.13
ZINC000299853829,C=CCOc1ccc(Cl)cc1[C@H]1C[C@@H]1CN,7.22
ZINC000299853841,CN(C)[C@H]1Cc2ccccc2[C@H](c2ccc([N+](=O)[O-])cc2)C1,6.0
ZINC000299853964,C#CCOc1ccc(Cl)cc1[C@@H]1C[C@H]1CN,6.44
ZINC000299853965,C#CCOc1ccc(Cl)cc1[C@H]1C[C@@H]1CN,7.2
ZINC000299853969,CC(C)Oc1ccc(Cl)cc1[C@@H]1C[C@H]1CN,5.61
ZINC000299853970,CC(C)Oc1ccc(Cl)cc1[C@H]1C[C@@H]1CN,7.04
ZINC000299853990,CN(C)[C@@H]1Cc2ccccc2[C@@H](c2ccc(Br)cc2)C1,7.0
ZINC000299853991,CN(C)[C@H]1Cc2ccccc2[C@H](c2ccc(Br)cc2)C1,7.15
ZINC000299854163,C=C(F)COc1ccc(F)cc1[C@@H]1C[C@H]1CN,6.01
ZINC000299854164,C=C(F)COc1ccc(F)cc1[C@H]1C[C@@H]1CN,7.66
ZINC000299854392,NC[C@@H]1C[C@H]1c1cc(Cl)ccc1OCC1CC1,5.97
ZINC000299854393,NC[C@H]1C[C@@H]1c1cc(Cl)ccc1OCC1CC1,6.6
ZINC000299854432,CCCCOc1ccc(Cl)cc1[C@@H]1C[C@H]1CN,6.17
ZINC000299854433,CCCCOc1ccc(Cl)cc1[C@H]1C[C@@H]1CN,6.54
ZINC000299858094,CN(C)/C=N/N=C/c1cn(S(=O)(=O)c2ccc3ccccc3c2)c2cccc([N+](=O)[O-])c12,6.33
ZINC000299859115,Cc1ccc(S(=O)(=O)n2cc(/C=N/N=C/N(C)C)c3c([N+](=O)[O-])cccc32)cc1,6.32
CHEMBL101008,CC(N)Cc1c2c(c(Br)c3c1OCC3)OCC2,9.52
CHEMBL1084721,CC(O)c1ccccc1S(=O)(=O)c1ccc(/C=C/c2ccc(F)cc2)cc1,8.15
CHEMBL1090400,O=C(NCc1ccc(OC(F)(F)F)cc1)C1CCNC1,6.19
CHEMBL109528,COc1ccccc1N1CCN(CC2CC(=O)c3ccsc3C2)CC1,6.04
CHEMBL109548,O=C1CC(CN2CCC(C(=O)c3ccc(F)cc3)CC2)c2ccccc21,5.96
CHEMBL109673,O=C(c1ccc(F)cc1)C1CCN(CCC2CCc3sccc3C2=O)CC1,6.48
CHEMBL1099284,CN1CCc2[nH]c3ccc(S(=O)(=O)Nc4cccc(F)c4)cc3c2C1.Cl,7.41
CHEMBL110847,COc1ccccc1N1CCN(CCC2CCc3sccc3C2=O)CC1,7.09
CHEMBL110948,O=C1c2ccsc2CCC1CCN1CCC(c2noc3cc(F)ccc23)CC1,6.9
CHEMBL111189,O=C(CCCN1CCN(CCC2CCc3sccc3C2=O)CC1)c1ccc(F)cc1,6.4
CHEMBL111352,O=C1c2sccc2CCC1CCN1CCC(c2noc3cc(F)ccc23)CC1,7.16
CHEMBL111393,O=C1CC(CN2CCC(C(=O)c3ccc(F)cc3)CC2)Cc2sccc21,6.03
CHEMBL115769,COc1cc(N)[nH]c2nc(-c3ccc(F)cc3)c(-c3ccncc3)c1-2,6.19
CHEMBL1173331,CN1C(=N)NC(=O)/C1=C\c1c[nH]c2ccc(Br)cc12,5.61
CHEMBL1173525,CN1C(=N)NC(=O)/C1=C\c1c[nH]c2ccccc12,5.32
CHEMBL1200406,CN(C)CCOC(c1ccccc1)c1ccccc1.Cn1c(=O)c2[nH]c(Cl)nc2n(C)c1=O,6.48
CHEMBL1201082,CNCCC(Oc1ccc(C(F)(F)F)cc1)c1ccccc1.Cl,7.14
CHEMBL120903,O=C1CC(CN2CCC(C(=O)c3ccc(F)cc3)CC2)Cc2[nH]c3ccccc3c21,6.23
CHEMBL121744,COc1ccccc1N1CCN(CC2CC(=O)c3c([nH]c4ccccc34)C2)CC1,5.92
CHEMBL1221,Clc1ccc(CSC(Cn2ccnc2)c2ccc(Cl)cc2Cl)cc1,5.84
CHEMBL1222624,CC1CN(C2=Cc3ccccc3Cn3ccnc32)CC(C)N1CCC(=O)O,6.8
CHEMBL1224031,O=C(Nc1ccccc1)N1OCC2CSc3ccc(F)cc3C21,5.29
CHEMBL1255834,CC(N)Cc1c[nH]c2ccc(OCc3cccs3)cc12,6.97
CHEMBL1255837,CC(C)[C@@]1(NC(=O)[C@@H]2C[C@@H]3c4cccc5[nH]cc(c45)C[C@H]3N(C)C2)O[C@@]2(O)[C@@H]3CCCN3C(=O)[C@H](Cc3ccccc3)N2C1=O.CS(=O)(=O)O,6.9
CHEMBL1276859,O=C(O)CC1CCN(C2CC[C@]3(Cc4ccccc4Cc4ccccc43)C2)C1,7.7
CHEMBL1276947,O=C(O)[C@]12C[C@H]1CN(C1CC[C@]3(Cc4ccccc4Cc4ccccc43)C1)C2,7.2
CHEMBL1276948,O=C(O)C1CN(C2CC[C@]3(Cc4ccccc4Cc4ccccc43)C2)C1,8.2
CHEMBL1277035,O=C(O)C=C1CN(C2CCC3(Cc4ccccc4Cc4ccccc43)C2)C1,6.6
CHEMBL1277126,O=C(O)C1=CCN(C2CCC3(Cc4ccccc4Oc4ccccc43)C2)CC1,6.0
CHEMBL1277312,O=C(O)C1CN(C2CCC3(Cc4ccccc4Oc4ccccc43)C2)C1,7.5
CHEMBL1277584,O=C(O)[C@@H]1CCCN(C2CC[C@]3(Cc4ccccc4Cc4ccccc43)C2)C1,7.5
CHEMBL1277678,O=C(O)C1(F)CCN(C2CC[C@]3(Cc4ccccc4Cc4ccccc43)C2)CC1,6.0
CHEMBL1277679,O=C(O)C1(O)CCN(C2CCC3(Cc4ccccc4Cc4ccccc43)C2)CC1,6.9
CHEMBL1277769,CC1(C(=O)O)CCN(C2CCC3(Cc4ccccc4Cc4ccccc43)C2)CC1,7.8
CHEMBL1277770,O=C(O)C1CCN(C2CC[C@]3(Cc4ccccc4Cc4ccccc43)C2)CC1,7.2
CHEMBL1277854,O=C(O)C1=CCN(C2CCC3(Cc4ccccc4Cc4ccccc43)C2)CC1,6.7
CHEMBL1277855,O=C(O)C1=CCCN(C2CCC3(Cc4cc(F)ccc4Cc4ccccc43)C2)C1,6.5
CHEMBL1277935,O=C(O)C1=CCCN(C2CC[C@]3(Cc4ccccc4Cc4ccccc43)C2)C1,6.8
CHEMBL1278019,O=C(O)C1(F)CCCN(C2CC[C@]3(Cc4ccccc4Cc4ccccc43)C2)C1,5.8
CHEMBL1278020,COC(=O)C1=CCCN(C2CC[C@]3(Cc4ccccc4Cc4ccccc43)C2)C1,6.8
CHEMBL1278112,O=C(O)C1CN(C2CC[C@]3(Cc4ccccc4Cc4ccccc43)C2)CCO1,6.5
CHEMBL1278113,O=C(O)C1CN(C2CC[C@]3(Cc4ccccc4Cc4ccccc43)C2)CCN1,6.7
CHEMBL1278114,O=C(O)CCNC1CC[C@]2(Cc3ccccc3Cc3ccccc32)C1,7.0
CHEMBL1278116,CN(C)C1CC[C@]2(Cc3ccccc3Cc3ccccc32)C1,8.1
CHEMBL1278201,O=C(O)C1CCN(C2CC[C@]3(Cc4ccccc4Cc4ccccc43)C2)C1,7.8
CHEMBL1278202,CC1(C(=O)O)CCN(C2CC[C@]3(Cc4ccccc4Cc4ccccc43)C2)C1,7.7
CHEMBL131495,O=C1c2ccccc2C(=O)N1CCCCN1CC=C(c2c[nH]c3ccc(F)cc23)CC1,7.4
CHEMBL131736,CC(N)Cc1cn(C)c2ccc3c(c12)CCCO3,8.57
CHEMBL1323615,CN1c2ccccc2Sc2cc(N)ccc21,5.53
CHEMBL133868,CC(N)Cc1c[nH]c2ccc3c(c12)CCCO3,8.26
CHEMBL138807,COc1ccc2cccc(C(CO)CNC(C)=O)c2c1,6.64
CHEMBL14076,COc1cc2c(cc1C(F)(F)F)N(C(=O)Nc1cccc(-c3cccnc3C)c1)CC2,8.3
CHEMBL14111,COc1cc2c(cc1C(F)(F)F)N(C(=O)Nc1ccc(C)c(-c3cnccc3C)c1)CC2,9.5
CHEMBL141343,Cc1c(C)c2c(c(C)c1O)CCC(C)(CN1CCN(c3cc(N4CCCC4)nc(N4CCCC4)n3)CC1)O2,5.4
CHEMBL141600,O=C1CC(CN2CCN(c3ccccc3)CC2)Cc2occc21,5.47
CHEMBL143022,O=C1CC(CN2CCC(C(=O)c3ccc(F)cc3)CC2)Cc2occc21,5.81
CHEMBL143027,O=C1CC(CN2CCC(c3noc4cc(F)ccc34)CC2)Cc2occc21,6.47
CHEMBL14345,COc1cc2c(cc1C(F)(F)F)N(C(=O)Nc1cncc(-c3cccnc3)c1)CC2,9.1
CHEMBL14352,COc1cc2c(cc1C(F)(F)F)N(C(=O)Nc1cccnc1)CC2,8.0
CHEMBL14362,COc1cc2c(cc1C(F)(F)F)N(C(=O)Nc1ccc(Cl)c(-c3cnccc3C)c1)CC2,9.2
CHEMBL14374,COc1cc2c(cc1C(F)(F)F)N(C(=O)Nc1ccc(Oc3cccnc3C)nc1)CC2,9.2
CHEMBL143937,O=C1CC(CN2CCN(c3ccccn3)CC2)Cc2occc21,6.64
CHEMBL14401,COc1cc2c(cc1C(F)(F)F)N(C(=O)Nc1cncc(-c3ccc(F)cc3)c1)CC2,8.2
CHEMBL14458,COc1cc2c(cc1C(F)(F)F)N(C(=O)Nc1cccc(-c3cccnc3)c1Cl)CC2,8.0
CHEMBL14462,COc1cc2c(cc1C(F)(F)F)N(C(=O)Nc1cccc(-c3cccnc3)c1C)CC2,7.6
CHEMBL14469,COc1cc2c(cc1C(F)(F)F)N(C(=O)Nc1ccc(Cl)c(-c3cccnc3)c1)CC2,8.3
CHEMBL14548,COc1cc2c(cc1C(F)(F)F)N(C(=O)Nc1cccc(-c3ccccn3)c1)CC2,7.7
CHEMBL14606,COc1cc2c(cc1C(F)(F)F)N(C(=O)Nc1ccc(C)c(-c3cccnc3)c1)CC2,9.0
CHEMBL146144,OC1c2ccccc2CCC12CCN(CCc1ccccc1)CC2,6.64
CHEMBL14652,COc1cc2c(cc1C(F)(F)F)N(C(=O)Nc1cncc(-c3ccccc3)c1)CC2,8.3
CHEMBL146942,NCCCC1(CCCN)CCc2cccc(O)c2C1,4.9
CHEMBL14726,COc1cc2c(cc1C(F)(F)F)N(C(=O)Nc1ccc(Oc3cccnc3)nc1)CC2,8.9
CHEMBL147434,COc1ccc2[nH]cc(C3CC3N)c2c1,7.75
CHEMBL147656,NC1CC1c1c[nH]c2ccc(F)cc12,8.72
CHEMBL148091,COc1cccc2[nH]cc(C3CC3N)c12,7.93
CHEMBL14841,CSc1cc2c(cc1C(F)(F)F)N(C(=O)Nc1cccc(-c3ccncc3)c1)CC2,8.5
CHEMBL148463,CC(CN)c1c[nH]c2ccccc12,8.03
CHEMBL14863,COc1cc2c(cc1C(F)(F)F)N(C(=O)Nc1cncc(-c3ccncc3)c1)CC2,9.2
CHEMBL14864,COc1cc2c(cc1C(F)(F)F)N(C(=O)Nc1cncc(-c3cnccc3C)c1)CC2,9.4
CHEMBL149024,CC(N)Cc1c2ccoc2c(Br)c2ccoc12,10.7
CHEMBL149510,OC(CCc1ccccc1)CN1CCC2(CCc3cc(F)ccc3O2)CC1,5.82
CHEMBL149564,COc1ccc2[nH]cc(C(C)CN)c2c1,9.0
CHEMBL150161,O=C(CCCN1CCC(O)(c2ccc(Cl)cc2)C1)c1ccc(F)cc1,5.9
CHEMBL150210,Fc1ccc(CCN2CCC3(CCc4ccccc4C3)CC2)c(F)c1,6.5
CHEMBL153956,COc1ccc2c(c1)CC(CN1CCC(C(=O)c3ccc(F)cc3)CC1)CC2=O,6.01
CHEMBL1548,NC1=Nc2ccc(Cl)c(Cl)c2CN1,6.68
CHEMBL155006,CCc1c(C)[nH]c2c1C(=O)C(CCN1CCN(c3ccccc3OC)CC1)CC2,6.65
CHEMBL155124,O=C1CC(CN2CCN(c3ccccn3)CC2)Cc2ccccc21,5.48
CHEMBL155257,COc1cc2c(cc1OC)C(=O)CC(CN1CCC(c3noc4cc(F)ccc34)CC1)C2,6.85
CHEMBL155388,COc1cc2c(cc1OC)C(=O)CC(CN1CCC(C(=O)c3ccc(F)cc3)CC1)C2,7.08
CHEMBL155426,COc1ccc2c(c1)CC(CN1CCN(c3ccccc3OC)CC1)CC2=O,7.33
CHEMBL155486,O=C1CC(CN2CCC(c3noc4cc(F)ccc34)CC2)Cc2ccccc21,6.98
CHEMBL159771,O=C1CC(CN2CCN(c3ccccn3)CC2)c2ccccc21,6.07
CHEMBL159929,O=C(c1ccc(F)cc1)C1CCN(CCC2CCc3occc3C2=O)CC1,6.47
CHEMBL159969,O=C(c1ccc(F)cc1)C1CCN(CCC2Cc3sccc3C2=O)CC1,6.38
CHEMBL160019,COc1ccccc1N1CCN(CCC2CCc3occc3C2=O)CC1,6.24
CHEMBL160907,O=C(CCCN1CCN(CCC2Cc3cc(F)ccc3C2=O)CC1)c1ccc(F)cc1,5.71
CHEMBL161423,COc1ccccc1N1CCN(CCC2Cc3ccccc3C2=O)CC1,6.55
CHEMBL1627305,O=C(NCCC(O)CN1CCN(c2cccc(Cl)c2Cl)CC1)c1cc2ccccc2[nH]1,7.07
CHEMBL1628227,CN(C)CCC=C1c2ccccc2COc2ccccc21,7.62
CHEMBL162901,CCc1c(C)[nH]c2c1C(=O)CC(CN1CCC(C(=O)c3ccc(F)cc3)CC1)C2,7.45
CHEMBL1629810,CC(O)COC[C@@H]1O[C@H]2O[C@H]3[C@H](COCC(C)O)O[C@@H](O[C@H]4[C@H](COCC(C)O)O[C@@H](O[C@H]5[C@H](COCC(C)O)O[C@@H](O[C@H]6[C@H](COCC(C)O)OC[C@@H](O[C@H]7[C@H](COCC(C)O)O[C@@H](O[C@H]8[C@H](COCC(C)O)O[C@@H](O[C@H]9[C@H](COCC(C)O)O[C@@H](O[C@@H]1[C@@H](O)[C@@H]2O)[C@@H](O)[C@@H]9O)[C@@H](O)[C@@H]8O)[C@@H](O)[C@@H]7O)[C@@H]6O)[C@@H](O)[C@@H]5O)[C@@H](O)[C@@H]4O)[C@@H](O)[C@@H]3O,6.08
CHEMBL163012,CCc1c(C)[nH]c2c1C(=O)CC(CN1CCC(c3noc4cc(F)ccc34)CC1)C2,6.42
CHEMBL163180,O=C1c2ccsc2CCC1CCN1CCN(c2ccccn2)CC1,5.77
CHEMBL163605,CCc1c(C)[nH]c2c1C(=O)CC(CN1CCN(CCCC(=O)c3ccc(F)cc3)CC1)C2,6.63
CHEMBL1642865,Cl.NCCC(=O)Nc1ccc2[nH]nc(S(=O)(=O)c3cccc4ccccc34)c2c1,6.24
CHEMBL1642882,Cl.O=S(=O)(c1cccc(Cl)c1)c1n[nH]c2ccc(NC3CCNCC3)cc12,5.62
CHEMBL1642886,CC(C)c1ccc(S(=O)(=O)c2n[nH]c3ccc(NC4CCNCC4)cc23)cc1.Cl,5.75
CHEMBL164471,O=C1c2ccoc2CCC1CCN1CCC(c2noc3cc(F)ccc23)CC1,7.46
CHEMBL1644978,OC1(c2ccc(Cl)c(C(F)(F)F)c2)CCN(CCCCC(c2ccc(F)cc2)c2ccc(F)cc2)CC1,5.77
CHEMBL1644980,OC1(c2ccc(Cl)c(C(F)(F)F)c2)CCN(CCCC(c2ccccc2)c2ccccc2)CC1,5.67
CHEMBL170319,CNCCc1cn2c3c(cc(F)cc13)CCC2C,7.48
CHEMBL17157,CC(C)(C)c1ccc(C(O)CCCN2CCC(C(O)(c3ccccc3)c3ccccc3)CC2)cc1,6.19
CHEMBL172269,Cc1cc(NC(=O)Nc2ccc3sccc3c2)sn1,6.38
CHEMBL1729,COc1cc(N)c(Cl)cc1C(=O)NC1CCN(CCCOc2ccc(F)cc2)CC1OC,6.4
CHEMBL177031,O=C(NCCN1CCN(C2CCCc3ccccc32)CC1)c1ccc(Cl)cc1,6.19
CHEMBL1782357,Cc1ccccc1Sc1ccc2c(c1)N1CCNCC1C2,7.31
CHEMBL1782358,Cc1cccc(Sc2ccc3c(c2)N2CCNCC2C3)c1,7.11
CHEMBL1782359,Cc1ccc(Sc2ccc3c(c2)N2CCNCC2C3)cc1,7.17
CHEMBL1782360,COc1ccccc1Sc1ccc2c(c1)N1CCNCC1C2,7.39
CHEMBL1782361,COc1cccc(Sc2ccc3c(c2)N2CCNCC2C3)c1,6.92
CHEMBL1782362,COc1ccc(Sc2ccc3c(c2)N2CCNCC2C3)cc1,7.24
CHEMBL1782363,Fc1ccccc1Sc1ccc2c(c1)N1CCNCC1C2,7.31
CHEMBL1782364,Fc1ccc(Sc2ccc3c(c2)N2CCNCC2C3)cc1,7.21
CHEMBL1782365,FC(F)(F)c1ccccc1Sc1ccc2c(c1)N1CCNCC1C2,7.08
CHEMBL1782366,FC(F)(F)c1cccc(Sc2ccc3c(c2)N2CCNCC2C3)c1,6.75
CHEMBL1782367,FC(F)(F)c1ccc(Sc2ccc3c(c2)N2CCNCC2C3)cc1,6.55
CHEMBL180086,CC(Nc1nc(N)nc(NCCc2cccs2)n1)c1ccc(F)cc1,8.0
CHEMBL182071,CC(Nc1nccc(NCCOc2ccc(F)cc2)n1)c1ccccc1,7.4
CHEMBL182721,c1ccc2c(N3CCN(CCc4ccc5c(c4)NCN5)CC3)cccc2c1,7.19
CHEMBL187928,O=C(/C=C/c1ccccc1)N(Cc1ccc(-c2ccc(CNCCc3ccccc3)cc2)cc1)Cc1cccnc1.O=C(O)C(F)(F)F,6.0
CHEMBL188486,CN(C)CCN(Cc1ccc(-c2ccc(CNCCc3ccccc3)cc2)cc1)C(=O)/C=C/c1ccccc1.O=C(O)C(F)(F)F,6.2
CHEMBL188605,Clc1ccc2c(c1)N1CCNCC1C2,7.51
CHEMBL18972,OC(c1ccccc1)C1CCN(CCc2ccccc2)CC1,5.0
CHEMBL1901802,C1=C(c2ccccc2)CCNC1.Cl,5.14
CHEMBL191460,CN(C)CCN(Cc1ccc(-c2ccc(CNCCc3ccccc3)cc2)cc1)C(=O)CCC1CCCC1.O=C(O)C(F)(F)F.O=C(O)C(F)(F)F,6.4
CHEMBL193435,CN(C)C[C@H]1CC2c3ccccc3Oc3ccc(Br)cc3[C@H]2O1,8.05
CHEMBL193639,CN(C)C[C@H]1CC2c3ccccc3Sc3ccc(F)cc3[C@H]2O1,9.68
CHEMBL194202,CC(Cc1c[nH]c2cccc(O)c12)N(C)C,6.9
CHEMBL1946124,O=C1c2ccc(F)cc2CC1CCN1CCCN(c2ccc(Cl)cc2)CC1,5.42
CHEMBL194659,CN(C)C[C@H]1CC2c3ccccc3Oc3ccc(F)cc3[C@H]2O1,8.37
CHEMBL1946745,OC1(c2ccc(Cl)cc2)C[C@@H]2CC[C@H](C1)N2CCCCc1nc2ccccc2s1,5.33
CHEMBL1949930,COc1cc(OC(C)C)cc(S(=O)(=O)c2ccc3c(c2)O[C@H]2CNCC[C@@H]32)c1.Cl,4.72
CHEMBL195706,CN(C)C[C@@H]1CC2c3ccccc3Oc3ccc(F)cc3[C@H]2O1,8.12
CHEMBL195856,CN(C)C[C@@H]1CC2c3ccccc3Oc3ccc(Br)cc3[C@H]2O1,7.77
CHEMBL196514,C[C@H]1Oc2c(cccc2N2CCN(CCCc3c[nH]c4ccc(F)cc34)CC2)NC1=O,6.7
CHEMBL199824,Cn1c(=O)cnn(CCCCN2CCN(c3cccc4ccc(O[11CH3])cc34)CC2)c1=O,7.0
CHEMBL2011548,Cc1cccc(C2CCNCC2)c1.Cl,5.5
CHEMBL2011549,Cc1ccccc1C1CCNCC1.Cl,5.5
CHEMBL2011550,COc1cccc(C2CCNCC2)c1.Cl,5.21
CHEMBL2011551,COc1ccccc1C1CCNCC1.Cl,5.75
CHEMBL2011552,Cl.FC(F)(F)c1ccc(C2CCNCC2)cc1,5.08
CHEMBL2011553,Cl.FC(F)(F)c1cccc(C2CCNCC2)c1,5.81
CHEMBL2011554,Cl.FC(F)(F)c1ccccc1C1CCNCC1,6.08
CHEMBL2011556,Clc1cccc(C2CCNCC2)c1.O=C(O)C(F)(F)F,6.03
CHEMBL2011560,Cc1cccc(C2CCNCC2)c1C.Cl,5.94
CHEMBL2011562,O=C(O)C(F)(F)F.c1ccc2c(C3CCNCC3)cccc2c1,7.22
CHEMBL2011563,O=C(O)C(F)(F)F.c1cc2c(c(C3CCNCC3)c1)CCCC2,7.37
CHEMBL2011564,Cl.c1ccc2c(C3CCNCC3)c[nH]c2c1,6.44
CHEMBL2011565,Cl.FC(F)(F)c1cccc(C2=CCNCC2)c1,6.53
CHEMBL2011566,Cl.Clc1ccc(C2=CCNCC2)cc1,5.51
CHEMBL2011567,Cl.Clc1cccc(C2=CCNCC2)c1,6.55
CHEMBL2011569,Brc1ccc(C2=CCNCC2)cc1.Cl,5.59
CHEMBL2011570,C1=C(c2c[nH]c3ccccc23)CCNC1.Cl,6.53
CHEMBL2012686,O[C@@H]1[C@H](O)[C@@H]2C[C@@H]2[C@H]1n1cnc2c(NC(C3CC3)C3CC3)nc(Cl)nc21,5.73
CHEMBL203025,Clc1ccc2c(n1)N1CCNCC1C2,6.88
CHEMBL2058407,CN1C(=N)NC(=O)/C1=C\c1c[nH]c2cccc(Br)c12,5.7
CHEMBL2058409,CN1C(=N)NC(=O)/C1=C\c1c[nH]c2c(Br)cccc12,5.38
CHEMBL2058415,C/N=C1\NC(=O)/C(=C\c2c[nH]c3cccc(Br)c23)N1C,6.5
CHEMBL2058416,C/N=C1\NC(=O)/C(=C\c2c[nH]c3ccc(Br)cc23)N1C,5.97
CHEMBL2058417,C/N=C1\NC(=O)/C(=C\c2c[nH]c3cc(Br)ccc23)N1C,5.64
CHEMBL2058418,C/N=C1\NC(=O)/C(=C\c2c[nH]c3c(Br)cccc23)N1C,5.66
CHEMBL2058702,C/N=C1\NC(=O)/C(=C/c2c[nH]c3ccccc23)N1,6.01
CHEMBL2058703,C/N=C1\NC(=O)/C(=C/c2c[nH]c3cccc(Br)c23)N1,7.1
CHEMBL2058704,C/N=C1\NC(=O)/C(=C/c2c[nH]c3ccc(Br)cc23)N1,6.37
CHEMBL2058705,C/N=C1\NC(=O)/C(=C/c2c[nH]c3cc(Br)ccc23)N1,6.01
CHEMBL2058706,C/N=C1\NC(=O)/C(=C/c2c[nH]c3c(Br)cccc23)N1,6.17
CHEMBL208894,COc1ccc(N2CC=C(c3ccc(Cl)cc3)C2=O)cc1OCCN1CCCCC1,8.1
CHEMBL209387,COc1ccc(N2CCC(c3ccc(Cl)c(Cl)c3)C2=O)cc1OCCN1CCC(C(C)C)CC1,7.6
CHEMBL209424,Cc1ccc(N2CC=C(c3ccc(Cl)c(Cl)c3)C2=O)cc1OCCN1CCCCC1,6.9
CHEMBL209431,COc1ccc(N2CC=C(c3ccc(C(F)(F)F)cc3)C2=O)cc1OCCN1CCC(C)CC1,7.9
CHEMBL209432,COc1ccc(N2CC=C(c3ccc(Br)cc3)C2=O)cc1OCCN1CCC(C)CC1,8.4
CHEMBL209674,COc1ccc(C2(C)CCN(c3ccc(Cl)c(Cl)c3)C2=O)cc1OCCN1CCCCC1,8.0
CHEMBL209727,COc1ccc(N2CCC(c3ccc(OC)c(OCCN4CCCCC4)c3)C2=O)cc1F,7.8
CHEMBL209735,COc1ccc(N2CC=C(c3ccc(Cl)c(Cl)c3)C2=O)cc1OCCN1CCC(C(C)C)CC1,7.9
CHEMBL209900,O=C1C(c2ccc(Cl)c(Cl)c2)=CCN1c1ccc(N2CCCC2)c(OCCN2CCCCC2)c1,6.7
CHEMBL210007,COc1ccc(C2=CCN(c3ccc(Cl)c(Cl)c3)C2=O)cc1OCCN1CCCCC1,8.3
CHEMBL210053,COc1ccc(N2CC=C(c3ccc(Br)cc3)C2=O)cc1OCCN1CCCCC1,8.9
CHEMBL210059,COc1ccc(N2CC=C(c3ccc(OC)c(OCCN4CCCCC4)c3)C2=O)cc1,8.0
CHEMBL210124,COc1ccc(N2CC=C(c3ccc(Cl)c(Cl)c3)C2=O)cc1OCCN1CCC(F)(F)CC1,8.1
CHEMBL210578,O=C(CCCN1C2CCC1CC(O)(c1ccc(Cl)cc1)C2)c1ccc(F)cc1,6.06
CHEMBL211103,CC(=O)Nc1ccc(N2CC=C(c3ccc(Cl)c(Cl)c3)C2=O)cc1OCCN1CCCCC1,7.3
CHEMBL2111553,Cc1nc2ccc(NC(=O)Nc3ccnc4cccnc34)cc2o1.Cl,5.92
CHEMBL211267,COc1ccc(N2CC=C(c3ccc(Cl)c(Cl)c3)C2=O)cc1OCCN1CCOCC1,8.2
CHEMBL2112882,CC(C)C[C@H]1C(=O)N[C@@H](Cc2ccccc2)[C@]2(O)O[C@@](C)(NC(=O)[C@@H]3C=C4c5cccc6[nH]cc(c56)C[C@H]4N(C)C3)C(=O)N12,7.8
CHEMBL2113093,CN(C)CC1CC2c3ccccc3Oc3ccccc3C2O1,6.75
CHEMBL2113667,c1ccc(CCN2[C@H]3CC[C@@H]2CC(c2c(-c4ccccc4)[nH]c4ccccc24)C3)cc1,6.4
CHEMBL2114265,COc1ccc2c(c1)-c1c(ccn1C[C@H](C)N)C2,9.0
CHEMBL2114266,C[C@H](N)Cn1ccc2c(Cl)c(F)ccc21,8.9
CHEMBL211466,COc1ccc(N2CC=C(c3ccc(Cl)c(F)c3)C2=O)cc1OCCN1CCC(C)CC1,8.1
CHEMBL2115252,C[C@@H](N)Cn1ccc2cc(F)c(F)cc21,8.4
CHEMBL2115254,C[C@@H](N)Cn1ccc2c(Cl)c(F)ccc21,8.9
CHEMBL211719,COc1ccc(N2CCC(c3ccc(OC)c(OCCN4CCCCC4)c3)C2=O)cc1Cl,7.7
CHEMBL211850,COc1ccc(N2CC=C(c3ccc(Cl)c(Cl)c3)C2=O)cc1OCCN1CCCC1,8.4
CHEMBL211980,O=C1C(c2ccc(Cl)c(Cl)c2)CCN1c1ccc(Cl)c(OCCN2CCCCC2)c1,7.0
CHEMBL212064,COc1ccc(N2CC=C(c3cccc(C(F)(F)F)c3)C2=O)cc1OCCN1CCCCC1,8.3
CHEMBL212270,COc1ccc(N2CC=C(c3cccc(Cl)c3)C2=O)cc1OCCN1CCCCC1,8.6
CHEMBL212396,Cc1cc2c(cc1Cl)[C@H]1CNC[C@H]1C2C,6.33
CHEMBL212482,COc1ccc(C2=C(C)CN(c3ccc(Cl)c(Cl)c3)C2=O)cc1OCCN1CCCCC1,6.9
CHEMBL212686,COc1ccc(C2CCN(c3cccc(F)c3)C2=O)cc1OCCN1CCCCC1,7.7
CHEMBL212769,COc1ccc(N2CCC(C)(c3ccc(Cl)c(Cl)c3)C2=O)cc1OCCN1CCC(C)CC1,8.3
CHEMBL212858,Cc1cc2c(cc1Cl)C(C)[C@@H]1CNC[C@H]21,6.97
CHEMBL212886,COc1ccc(N2CC=C(c3cccc(Cl)c3)C2=O)cc1OCCN1CCC(C)CC1,8.3
CHEMBL213271,Cc1ccc2c(c1)[C@H]1CNC[C@H]1C2C,5.48
CHEMBL213272,COc1ccc(N2CC=C(c3ccc(F)cc3)C2=O)cc1OCCN1CCCCC1,8.2
CHEMBL213273,Cc1ccc2c(c1)C(C)[C@@H]1CNC[C@H]21,5.77
CHEMBL213328,COc1ccc(N2CC=C(c3ccc(C(F)(F)F)cc3)C2=O)cc1OCCN1CCCCC1,7.9
CHEMBL213358,COc1ccc(N2CCC(c3ccc(F)cc3)C2=O)cc1OCCN1CCCCC1,7.0
CHEMBL213368,O=C1C(c2ccc(Cl)c(Cl)c2)CCN1c1ccc(OC(F)(F)F)c(OCCN2CCCCC2)c1,6.1
CHEMBL213839,COc1ccc(N2CC=C(c3cccc(F)c3)C2=O)cc1OCCN1CCCCC1,9.1
CHEMBL213958,COc1ccc(N2CCC(c3ccc(OC)c(OCCN4CCCCC4)c3)C2=O)cc1,7.0
CHEMBL213987,COc1ccc(N2CC=C(c3ccc(Cl)c(Cl)c3)C2=O)cc1OCCN1CCCCC1,9.1
CHEMBL214397,COc1ccc(N2CCC(c3cccc(F)c3)C2=O)cc1OCCN1CCCCC1,7.0
CHEMBL214398,COc1ccc(N2CCC(C)(c3ccc(Cl)c(Cl)c3)C2=O)cc1OCCN1CCCCC1,8.3
CHEMBL215864,COc1ccc(N2CC=C(c3ccc(F)cc3)C2=O)cc1OCCN1CCC(C)CC1,8.5
CHEMBL2165119,O=C1CCc2ccc(OCCCCN3CCCN(c4cccc(Cl)c4Cl)CC3)nc2N1,7.0
CHEMBL219734,O=C1c2c(OC(F)(F)F)cccc2C2CNCCN12,7.7
CHEMBL219916,O=c1[nH]c2ccccc2n1CCCN1CCC(n2c(=O)[nH]c3cc(Cl)ccc32)CC1,6.16
CHEMBL220207,CSc1cccc2c1C(=O)N1CCNCC21,7.4
CHEMBL220274,O=C1c2c(cccc2C(F)(F)F)C2CNCCN12,7.72
CHEMBL2204360,Cc1ccc(Sc2ccccc2N2CCNCC2)c(C)c1.Cl,6.75
CHEMBL2205811,COc1cccc(CCN2C3C4C5CC6C7C5C3C7C2(O)C64)c1,5.85
CHEMBL2205813,COc1cccc(CCN2C3C4C5CC6C7C5C3C7C2(O)C64)c1OC,5.35
CHEMBL2205836,COc1ccccc1CCN1C2C3C4CC5C6C4C2C6C1(O)C53,6.08
CHEMBL221753,CC(C)(C)CC(C)(C)c1ccc(OCCOCC[N+](C)(C)Cc2ccccc2)cc1.[Cl-],6.27
CHEMBL222301,COC(=O)C1(c2ccc(C)cc2)CC1CN1CCC(O)(c2ccccc2)CC1,5.36
CHEMBL223090,N#Cc1cccc2c1C(=O)N1CCNCC21,6.52
CHEMBL223469,O=C1c2c(F)cccc2C2CNCCN12,5.99
CHEMBL223628,CC(C)Oc1cccc2c1C(=O)N1CCNCC21,6.94
CHEMBL223896,O=C1c2c(Cl)cccc2C2CNCCN12,7.51
CHEMBL2260566,CC(Oc1cncc(N2CCNCC2)n1)c1cccc(F)c1,8.1
CHEMBL2298806,c1ccc2c(N3CCN(CCc4ccc5[nH]cnc5c4)CC3)cccc2c1,7.19
CHEMBL230069,Cc1cc(S(=O)(=O)Nc2ccc3c(c2)CCN(C)CC3)ccc1-c1ccc(Cl)cc1,7.3
CHEMBL230070,Cc1ccc(-c2ccc(S(=O)(=O)Nc3ccc4c(c3)CCN(C)CC4)cc2)s1,7.9
CHEMBL230930,Cc1noc(C)c1-c1ccc(S(=O)(=O)Nc2ccc3c(c2)CCN(C)CC3)cc1,6.4
CHEMBL231249,COc1cc2c(cc1NS(=O)(=O)c1ccc(-c3ccc(Cl)cc3)cc1)CCN(C)CC2,7.4
CHEMBL231334,CCCCc1ccc(S(=O)(=O)Nc2ccc3c(c2)CCN(C)CC3)cc1,8.0
CHEMBL231349,CC(C)Oc1cc2c(cc1NS(=O)(=O)c1ccc(-c3ccc(Cl)cc3)cc1)CCN(C)CC2,7.4
CHEMBL231350,CC(C)Nc1cc2c(cc1NS(=O)(=O)c1ccc(-c3ccc(Cl)cc3)cc1)CCN(C)CC2,8.3
CHEMBL231430,CN1CCc2ccc(NS(=O)(=O)c3ccc(-c4ccc(Cl)cc4)cc3)cc2CC1,7.7
CHEMBL231431,CN1CCc2ccc(NS(=O)(=O)c3ccc(-c4ccc(F)c(Cl)c4)cc3)cc2CC1,7.5
CHEMBL231546,CN1CCc2cc(Br)c(NS(=O)(=O)c3ccc(-c4ccc(Cl)cc4)cc3)cc2CC1,6.9
CHEMBL231640,CN1CCc2ccc(NS(=O)(=O)c3ccc(-c4ccc(C#N)cc4)cc3)cc2CC1,7.0
CHEMBL231648,CN1CCc2cc(Cl)c(NS(=O)(=O)c3ccc(-c4ccc(Cl)cc4)cc3)cc2CC1,7.4
CHEMBL231832,COc1ccc(N2Cc3c(c4ccc(F)cc4n3C)C2=O)cc1OCCN1CCCCC1,7.9
CHEMBL231833,COc1ccc2c(c1)c1c(n2C)CN(c2ccc(OC)c(OCCN3CCCCC3)c2)C1=O,7.5
CHEMBL231838,COc1ccc(N2Cc3c(Cl)cccc3C2=O)cc1OCCN1CCCCC1,6.6
CHEMBL231839,COc1ccc(N2Cc3cc(Cl)ccc3C2=O)cc1OCCN1CCCCC1,7.3
CHEMBL232045,COc1ccc(N2Cc3c(c4ccc(Cl)cc4n3C)C2=O)cc1OCCN1CCC(C)CC1,8.4
CHEMBL232046,COc1ccc(N2Cc3c(c4cc(Cl)ccc4n3C)C2=O)cc1OCCN1CCC(C)CC1,8.5
CHEMBL232047,COc1ccc(N2Cc3c(c4ccc(F)cc4n3C)C2=O)cc1OCCN1CCC(C)CC1,7.8
CHEMBL232254,COc1ccc(N2Cc3c(c4cc(F)ccc4n3C)C2=O)cc1OCCN1CCC(C)CC1,8.6
CHEMBL233064,COc1ccc(N2Cc3ccccc3C2=O)cc1OCCN1CCCCC1,7.3
CHEMBL2331806,CCCn1oc2c(c1=O)CCNCC2,4.0
CHEMBL2333732,Oc1ccc(N2CCN(Cc3cnn(-c4ccc(Cl)cc4)c3)CC2)cc1,4.91
CHEMBL233440,COc1ccc(N2C(=O)c3c(n(C)c4ccccc34)C2O)cc1OCCN1CCC(C)CC1,8.3
CHEMBL233442,COc1ccc(N2Cc3sc4ccccc4c3C2=O)cc1OCCN1CCCCC1,8.5
CHEMBL233691,COc1ccc(N2Cc3ccc(Cl)cc3C2=O)cc1OCCN1CCCCC1,7.8
CHEMBL233692,COc1ccc(N2Cc3c(Cl)cccc3C2=O)cc1OCCN1CCC(C)CC1,6.9
CHEMBL2337104,Cc1cc(C2CC2)cc2c1C(=O)N[C@H]1CNC[C@H]21.Cl,7.06
CHEMBL2337105,Cc1cc(C(C)C)cc2c1C(=O)N[C@H]1CNC[C@H]21.Cl,7.08
CHEMBL2337106,CCc1cc2c(c(C(F)(F)F)c1)C(=O)N[C@H]1CNC[C@H]21.Cl,7.47
CHEMBL2337488,CCc1cc2c(c(C(F)(F)F)c1)C(=O)N(C)[C@H]1CNC[C@H]21.Cl,6.82
CHEMBL2337489,Cl.O=C1N[C@H]2CNC[C@H]2c2cccc(C(F)(F)F)c21,6.72
CHEMBL2337490,Cl.O=C1N[C@H]2CNC[C@@H]2c2cccc(C(F)(F)F)c21,8.05
CHEMBL2337491,Cl.O=C1N[C@@H]2CNC[C@H]2c2cccc(C(F)(F)F)c21,5.98
CHEMBL2337492,CN1C(=O)c2c(cccc2C(F)(F)F)[C@H]2CNC[C@@H]21.Cl,7.34
CHEMBL2337493,Cl.O=C1N[C@H]2CNC[C@@H]2c2cccc(Cl)c21,7.14
CHEMBL2337494,Cc1cccc2c1C(=O)N[C@H]1CNC[C@H]21.Cl,8.41
CHEMBL2337495,Cl.O=C1N[C@H]2CNC[C@@H]2c2ccccc21,5.97
CHEMBL2337496,Cc1cc(Cl)c2c(c1)[C@H]1CNC[C@@H]1NC2=O.Cl,6.6
CHEMBL2337497,CCc1cc(Cl)c2c(c1)[C@H]1CNC[C@@H]1NC2=O.Cl,7.36
CHEMBL2337498,CCCc1cc(Cl)c2c(c1)[C@H]1CNC[C@@H]1NC2=O.Cl,6.25
CHEMBL2337499,CCc1ccc(Cl)c2c1[C@H]1CNC[C@@H]1NC2=O.Cl,7.26
CHEMBL2337500,Cl.O=C1N[C@H]2CNC[C@@H]2c2ccc(Cl)c(Cl)c21,7.89
CHEMBL2337501,Cc1ccc2c(c1Cl)C(=O)N[C@H]1CNC[C@H]21.Cl,8.31
CHEMBL2337502,CCc1cc(Cl)c2c(c1)[C@H]1CNC[C@@H]1N(C)C2=O.Cl,6.41
CHEMBL2337503,Cc1cc(C)c2c(c1)[C@H]1CNC[C@@H]1NC2=O.Cl,7.07
CHEMBL2337504,CCc1cc(C)c2c(c1)[C@H]1CNC[C@@H]1NC2=O.Cl,7.34
CHEMBL233859,COc1ccc(N2Cc3cc(Cl)cc(Cl)c3C2=O)cc1OCCN1CCOCC1,7.9
CHEMBL233898,COc1ccc(N2Cc3cc(Cl)ccc3C2=O)cc1OCCN1CCC(C)CC1,7.6
CHEMBL233899,COc1ccc(N2Cc3ccc(Cl)cc3C2=O)cc1OCCN1CCC(C)CC1,7.7
CHEMBL233900,COc1ccc(N2Cc3cccc(F)c3C2=O)cc1OCCN1CCCCC1,7.1
CHEMBL234006,COc1ccc(N2Cc3cccc(C)c3C2=O)cc1OCCN1CCC(C)CC1,8.6
CHEMBL234109,COc1ccc(N2Cc3cccc(Br)c3C2=O)cc1OCCN1CCC(C)CC1,9.1
CHEMBL234111,COc1ccc(N2Cc3cccc(C#N)c3C2=O)cc1OCCN1CCC(C)CC1,8.0
CHEMBL234313,COc1ccc(N2Cc3cccc(OC)c3C2=O)cc1OCCN1CCCCC1,6.7
CHEMBL234315,COc1ccc(N2Cc3c(F)ccc(C(F)(F)F)c3C2=O)cc1OCCN1CCC(C)CC1,8.2
CHEMBL234492,COc1ccc(N2Cc3cc(Cl)cc(Cl)c3C2=O)cc1OCCN1CCCC(C)C1,8.6
CHEMBL234493,COc1ccc(N2Cc3cc(Cl)cc(Cl)c3C2=O)cc1OCCN1CCCCC1C,8.0
CHEMBL234494,COc1ccc(N2Cc3cc(Cl)cc(Cl)c3C2=O)cc1OCCN1CCC(C)(C)CC1,8.7
CHEMBL234531,COc1ccc(N2Cc3c(F)c(F)cc(Cl)c3C2=O)cc1OCCN1CCC(C)CC1,8.7
CHEMBL234532,COc1ccc(N2Cc3cc(Cl)cc(Cl)c3C2=O)cc1OCCN1CCC(C)CC1,8.8
CHEMBL234533,COc1ccc(N2Cc3ccc(Cl)c(Cl)c3C2=O)cc1OCCN1CCC(C)CC1,9.0
CHEMBL234738,COc1ccc(N2Cc3cc(Cl)c(Cl)c(C)c3C2=O)cc1OCCN1CCC(C)CC1,8.6
CHEMBL234739,COc1ccc(N2Cc3cc(F)cc(C(F)(F)F)c3C2=O)cc1OCCN1CCC(C)CC1,9.4
CHEMBL234947,COc1ccc(N2Cc3c(c4cc(Cl)c(Cl)cc4n3C)C2=O)cc1OCCN1CCCCC1,8.2
CHEMBL234948,COc1ccc(N2Cc3c(c4cc(Cl)ccc4n3C)C2=O)cc1OCCN1CCCCC1,8.6
CHEMBL238519,Cc1ccc2c(OCCN3CCC(Cc4ccc5c(c4F)NC(=O)CO5)CC3)cc(Cl)cc2n1,5.4
CHEMBL238520,Cc1ccc2c(OCCN3CCC(Cc4cc5c(cc4F)OCC(=O)N5)CC3)cc(F)cc2n1,5.9
CHEMBL238732,Cc1ccc2c(OCCN3CCC(Cc4cc(F)c5c(c4)NC(=O)CO5)CC3)cc(Cl)cc2n1,5.6
CHEMBL238760,[O-][S+](c1ccc(/C=C/c2ccc(F)cc2F)nc1)c1ccccc1F,7.37
CHEMBL240045,CC(C(=O)N1c2ccccc2Sc2ccccc21)c1ccccc1,6.41
CHEMBL240886,[O-][S+](c1ccccc1)c1ccc(/C=C/c2ccc(F)cc2)nc1,6.7
CHEMBL240887,[O-][S+](c1ccccc1)c1ccc(/C=C/c2ccc(F)cc2F)nc1,7.6
CHEMBL242434,CC(=O)OC(CCNC(=O)c1ccc(-c2ccccn2)cc1)CN1CCN(c2cccc(Cl)c2Cl)CC1,7.07
CHEMBL242644,COc1ccccc1N1CCN(CC(O)CCNC(=O)c2ccc(-c3ccccn3)cc2)CC1,5.41
CHEMBL2436555,Cl.NC1=Nc2ccc(Cl)cc2CN1,6.2
CHEMBL2442270,N=C1NC(=O)/C(=C\c2c[nH]c3ccccc23)N1,6.46
CHEMBL2442271,N=C1NC(=O)/C(=C\c2c[nH]c3cccc(Br)c23)N1,6.22
CHEMBL2442272,N=C1NC(=O)/C(=C\c2c[nH]c3ccc(Br)cc23)N1,7.46
CHEMBL2442273,N=C1NC(=O)/C(=C\c2c[nH]c3cc(Br)ccc23)N1,6.7
CHEMBL2442274,N=C1NC(=O)/C(=C\c2c[nH]c3c(Br)cccc23)N1,6.08
CHEMBL24474,Nc1ccc(S(=O)(=O)c2cc(Br)nc(N3CCNCC3)c2)cc1,7.69
CHEMBL244990,O=C(NCCC(O)CN1CCN(c2cccc(Cl)c2Cl)CC1)c1ccc(-c2ccccn2)cc1,6.94
CHEMBL246484,O=C1CC(CN2CCC(c3noc4cc(F)ccc34)CC2)Cc2[nH]ncc21,6.91
CHEMBL246488,Cn1ncc2c1CC(CN1CCC(c3noc4cc(F)ccc34)CC1)CC2=O,6.15
CHEMBL257744,COc1c(Cl)ccc2c1C(C)NC(NCC(F)F)=N2,6.63
CHEMBL258073,COc1c(Cl)ccc2c1C(C)NC(N)=N2,7.13
CHEMBL258075,CC(C)Oc1cccc2c1N=C(N)NC2C,6.31
CHEMBL260994,O=C1Nc2ccccc2C1CCCCN1CCN(c2ccc(Cl)cc2)CC1,6.16
CHEMBL263790,O=C1c2ccsc2CC1CCN1CCC(c2noc3cc(F)ccc23)CC1,7.06
CHEMBL265991,CSc1cc2c(cc1Cl)N(C(=O)Nc1cccnc1)CC2,8.2
CHEMBL266018,CCCCc1ccc(S(=O)(=O)Nc2ccc3c(c2)CCNCC3)cc1,7.3
CHEMBL267777,Cc1nc2sccn2c(=O)c1CCN1CCC(=C(c2ccc(F)cc2)c2ccc(F)cc2)CC1,8.74
CHEMBL269964,CNC1=Nc2cccc(Cl)c2C(C)N1,6.63
CHEMBL27,CC(C)NCC(O)COc1cccc2ccccc12,5.92
CHEMBL270176,CCC1NC(N)=Nc2cccc(Cl)c21,6.42
CHEMBL270177,CC1NC(N)=Nc2cccc(Cl)c21,6.82
CHEMBL271253,CC1NC(NCC(F)F)=Nc2c(Cl)ccc(Cl)c21,6.17
CHEMBL271298,CNC1=Nc2ccc(Cl)c(Cl)c2C(C)N1,7.03
CHEMBL272781,CC1NC(N)=Nc2c(Cl)ccc(Cl)c21,7.13
CHEMBL273170,CC1NC(N)=Nc2ccc(Cl)c(Cl)c21,7.58
CHEMBL273304,COc1ccc2c(c1)Cc1ccn(CC(C)N)c1-2,7.9
CHEMBL273345,COc1cc2c(cc1C(F)(F)F)N(C(=O)Nc1cccc(-c3cnccc3C)c1)CC2,9.2
CHEMBL273921,O=C1c2ccccc2CCCN1CCN1CCC(n2c(O)nc3cc(F)ccc32)CC1,5.48
CHEMBL274066,COc1cc2c(cc1C(F)(F)F)N(C(=O)Nc1cccc(-c3c(C)ccnc3C)c1)CC2,8.6
CHEMBL274692,COc1cc2c(cc1C(F)(F)F)N(C(=O)Nc1ccc(-c3ccncc3)cc1)CC2,8.3
CHEMBL275854,CC(N)Cc1c[nH]c2ccc(O)cc12,8.18
CHEMBL276140,CSc1cc2c(cc1C(F)(F)F)N(C(=O)Nc1cccnc1)CC2,8.6
CHEMBL276571,COc1ccc(NC(=O)N2CCc3cc(OC)c(C(F)(F)F)cc32)cc1-c1cccnc1,9.3
CHEMBL276673,CC(N)Cn1ccc2cc(Br)ccc21,8.4
CHEMBL277111,COc1cc2c(cc1C(F)(F)F)N(C(=O)Nc1ccc(-c3cccnc3)nc1)CC2,8.3
CHEMBL277732,COc1cc2c(cc1C(F)(F)F)N(C(=O)Nc1cncc(-c3cc(F)cc(F)c3)c1)CC2,7.1
CHEMBL278267,COc1cc2c(cc1C(F)(F)F)N(C(=O)Nc1ccc(-c3cccnc3)cc1)CC2,7.8
CHEMBL278685,COc1cc2c(cc1C(F)(F)F)N(C(=O)Nc1cncc(-c3c(F)cccc3F)c1)CC2,7.6
CHEMBL280297,COc1cc2c(cc1C(F)(F)F)N(C(=O)Nc1cc(-c3ccccc3)cc(-c3cccnc3)c1)CC2,8.6
CHEMBL280322,COc1cc2c(cc1C(F)(F)F)N(C(=O)Nc1cc(-c3cccnc3)ccc1F)CC2,5.7
CHEMBL280465,COc1cc2c(cc1C(F)(F)F)N(C(=O)Nc1cc(F)c(C)c(-c3cccnc3)c1)CC2,9.2
CHEMBL282971,COc1ccc(NS(=O)(=O)c2sc3ccc(Cl)cc3c2C)cc1N1CCN2CCC[C@@H]2C1,6.2
CHEMBL286739,CNc1nc(Cl)nc2c1ncn2[C@H]1[C@H](O)[C@H](O)[C@]2(CO)C[C@H]12,5.19
CHEMBL288108,O=C(Nc1cccnc1)N1CCc2ccc(C(F)(F)F)cc21,7.3
CHEMBL288129,CSc1cc2c(cc1I)N(C(=O)Nc1cccnc1)CC2,8.7
CHEMBL289436,CCSc1cc2c(cc1C(F)(F)F)N(C(=O)Nc1cccnc1)CC2,8.5
CHEMBL290666,O=C(Nc1cccnc1)N1CCc2cc(OCC3CC3)c(C(F)(F)F)cc21,7.7
CHEMBL291510,Cc1ncccc1Oc1ccc(NC(=O)N2CCc3ccc(C(F)(F)F)cc32)cn1,8.3
CHEMBL291949,Cc1cc2c(cc1Cl)N(C(=O)Nc1ccc(OCc3ccncc3)nc1)CC2,8.9
CHEMBL292228,Cc1cc2c(cc1Cl)CCN2C(=O)Nc1ccc(Oc2cccnc2C)nc1,8.9
CHEMBL292759,COc1ccc(NS(=O)(=O)c2ccc(Br)cc2)cc1N1CCN(C)CC1,6.0
CHEMBL293597,O=C(Nc1ccc(OCc2ccccn2)nc1)N1CCc2cc(Cl)ccc21,7.5
CHEMBL293937,Cc1cc2c(cc1Cl)N(C(=O)Nc1ccc(OCc3ccccn3)nc1)CC2,8.6
CHEMBL294030,Cc1cc2c(cc1Cl)N(C(=O)Nc1ccc(Oc3cccnc3Cl)nc1)CC2,8.9
CHEMBL29433,COc1ccc(NS(=O)(=O)c2sc3ccc(Cl)cc3c2C)cc1N1CCN2CCC[C@H]2C1,6.4
CHEMBL294649,Cn1cc(C(=O)C(=O)N[C@H]2CN3CCC2CC3)c2ccccc21,4.8
CHEMBL295020,CSc1cc2c(cc1Br)CCN2C(=O)Nc1cccnc1,7.3
CHEMBL295228,O=C(Nc1cccnc1)N1CCc2cc(Br)cc([N+](=O)[O-])c21,6.5
CHEMBL295596,O=C1NCCN1CCN1CCCC(c2c(-c3ccccc3)[nH]c3ccccc23)C1,5.6
CHEMBL296189,O=C(Nc1cccnc1)N1CCc2cc(Cl)c(C(F)(F)F)cc21,8.2
CHEMBL296236,O=C(Nc1cccnc1)N1CCc2cc(-c3ccccc3)ccc21,6.9
CHEMBL296512,Fc1ccc(-c2[nH]c3cc(F)ccc3c2C2CCCNC2)cc1,7.8
CHEMBL296687,CCCc1cc2c(cc1Cl)N(C(=O)Nc1cccnc1)CC2,7.7
CHEMBL296791,CSc1cc2c(cc1OC(F)(F)F)N(C(=O)Nc1cccnc1)CC2,7.6
CHEMBL297445,CC(C)(C)c1cc2c(cc1Cl)N(C(=O)Nc1cccnc1)CC2,7.7
CHEMBL29846,COc1ccc(NS(=O)(=O)c2sc3ccc(Cl)cc3c2C)cc1N1CCN(C)CC1,6.3
CHEMBL298612,Cn1cc(C(=O)C(=O)N[C@@H]2CN3CCC2CC3)c2ccccc21,4.9
CHEMBL298696,Cc1ncccc1Oc1ccc(NC(=O)N2CCc3c(Cl)cccc32)cn1,7.8
CHEMBL299498,Cn1ccc2cc(NC(=O)Nc3ccnc4ccccc34)ccc21,7.6
CHEMBL299506,COc1cc2c(cc1C(F)(F)F)N(C(=O)Nc1cnc(Oc3cccnc3C)cc1C)CC2,6.7
CHEMBL299938,Cc1cc2c(cc1C(F)(F)F)N(C(=O)Nc1ccc(Oc3cncnc3C)nc1)CC2,8.7
CHEMBL300232,Cc1ncccc1Oc1ccc(NC(=O)N2CCc3c2cccc3C(F)(F)F)cn1,6.7
CHEMBL300618,O=C(Nc1ccc(OCc2ccccn2)nc1)N1CCc2cc(C(F)(F)F)ccc21,8.2
CHEMBL300835,Cc1cc2cc(NC(=O)Nc3ccnc4ccccc34)ccc2n1C,7.1
CHEMBL301012,Cc1cc2c(cc1Cl)N(C(=O)Nc1cnc(Oc3cccnc3C)c(Cl)c1)CC2,9.2
CHEMBL301209,CN1CCc2cc(NC(=O)Nc3ccnc4ccccc34)ccc21,7.3
CHEMBL301409,Cc1cc2c(cc1Cl)N(C(=O)Nc1ccc(OCc3nccs3)nc1)CC2,8.3
CHEMBL301466,O=C1Nc2cc(Cl)c(Cl)cc2N2CCNCC12,8.4
CHEMBL304013,O=C1Nc2cc(C(F)(F)F)c(Cl)cc2N2CCNCC12,8.05
CHEMBL305655,CCOc1ccccc1-c1ccc2c(c1)N1CCNCCC1C2,6.03
CHEMBL306540,c1ccc2c(c1)CC1CCNCCN21,6.14
CHEMBL30713,CC(N)Cc1c[nH]c2ccccc12,6.78
CHEMBL308480,O=C1CC(CN2CCC(C(=O)c3ccc(F)cc3)CC2)Cc2ccccc21,6.63
CHEMBL309570,Clc1ccc(-c2cc(Cl)cc3c2N2CCNCCC2C3)c(Cl)c1,6.41
CHEMBL310153,COc1ccccc1N1CCN(CC2CC(=O)c3ccccc3C2)CC1,5.55
CHEMBL310497,Cc1ccccc1-c1cc(Cl)cc2c1N1CCNCCC1C2,7.37
CHEMBL310540,Clc1cc2c(c(-c3ccccc3Cl)c1)N1CCNCCC1C2,7.24
CHEMBL310656,COc1ccc(OC)c(C(=O)CCCCN2CCC3(CC2)NC(=O)NC3=O)c1,8.5
CHEMBL310797,CCOc1ccccc1-c1ccc2c(c1)CC1CCNCCN21,5.32
CHEMBL310844,Fc1ccccc1-c1cc(Cl)cc2c1N1CCNCCC1C2,6.65
CHEMBL310984,COc1ccc(Cl)cc1-c1cc(Cl)cc2c1N1CCNCCC1C2,6.1
CHEMBL31115,COc1ccc2[nH]cc(CC(C)N)c2c1,8.08
CHEMBL311614,Clc1ccc(Cl)c(-c2cc(Cl)cc3c2N2CCNCCC2C3)c1,6.8
CHEMBL311726,Clc1ccccc1-c1cccc2c1N1CCNCCC1C2,7.64
CHEMBL312762,CCOc1ccccc1-c1cc(Cl)cc2c1N1CCNCCC1C2,7.5
CHEMBL313745,COc1cc(OC)c(C(=O)CCCCN2CCC3(CC2)NC(=O)NC3=O)cc1NS(=O)(=O)c1ccccc1Cl,6.4
CHEMBL313856,CC(N)Cn1ccc2cc(Cl)c(F)cc21,8.7
CHEMBL314968,c1ccc(C2CCN(CC3C[C@@H]4c5ccccc5Sc5ccccc5[C@H]4O3)CC2)cc1,6.62
CHEMBL316068,CN1CCN(CC2C[C@@H]3c4ccccc4Sc4ccccc4[C@H]3O2)CC1,6.92
CHEMBL317564,COc1ccc2c(ccn2CC(C)N)c1,6.1
CHEMBL317677,Cc1cccc2c1ccn2CC(C)N,8.2
CHEMBL318018,Cc1sc2ccc(Cl)cc2c1S(=O)(=O)Nc1ccc2nccc(N3CCNCC3)c2c1,5.9
CHEMBL318639,COc1ccc2c(c1)-c1c(ccn1CC(C)N)C2(C)C,9.4
CHEMBL318659,CN1CCN(CC2C[C@@H]3c4ccccc4Cc4ccccc4[C@H]3O2)CC1,6.17
CHEMBL3187365,CN1CC2c3ccccc3Oc3ccc(Cl)cc3C2C1,8.61
CHEMBL319998,COc1cccc2c1Cc1ccn(CC(C)N)c1-2,7.0
CHEMBL320145,CC(N)Cn1ccc2c1-c1cc(Br)ccc1C2,8.4
CHEMBL320572,O=C1CC(CN2CCC(c3noc4cc(F)ccc34)CC2)Cc2sccc21,6.95
CHEMBL321682,O=C(c1ccc(F)cc1)C1CCN(CCC2CCc3ccsc3C2=O)CC1,6.45
CHEMBL3217984,CN1CCC2C(C1)c1cccc3c1N2c1ccccc1CS3,8.1
CHEMBL3220215,Cc1nc2c(o1)CC(CN1CCC(c3c[nH]c4cc(F)ccc34)CC1)CC2=O,7.0
CHEMBL3220219,O=C1CC(CN2CCC(c3c[nH]c4cc(F)ccc34)CC2)Cc2nc(N3CCCC3)sc21,6.9
CHEMBL3233142,CN1CCN2c3c(cccc31)[C@@H]1CN(CCCC(=O)c3ccc(F)cc3)CC[C@@H]12.Cc1ccc(S(=O)(=O)O)cc1,6.76
CHEMBL3233414,CN1CCN2c3c(cccc31)[C@@H]1CN(CC3CC(c4ccc(F)cc4)=NO3)CC[C@@H]12,5.48
CHEMBL3233425,CC1CN(C)c2cccc3c2N1[C@H]1CCN(CCCC(=O)c2ccc(F)cc2)C[C@@H]31,6.55
CHEMBL325253,O=C(CCCN1CCN(CC2CC(=O)c3ccsc3C2)CC1)c1ccc(F)cc1,5.4
CHEMBL327306,CN(C)CC1C[C@@H]2c3ccccc3Sc3ccccc3[C@H]2O1,7.61
CHEMBL328209,CN(C)CC1C[C@@H]2c3ccccc3COc3ccccc3[C@H]2O1,6.91
CHEMBL328356,CN(C)CC1C[C@@H]2c3ccccc3N(C)c3ccccc3[C@H]2O1,7.89
CHEMBL328375,COc1cc(OC)c(C(=O)CCCCN2CCC3(CC2)NC(=O)NC3=O)cc1NS(=O)(=O)c1ccc(F)cc1,8.0
CHEMBL3286399,Cc1ccccc1S(=O)(=O)n1cc2c3c(cccc31)N1CCNCC1C2,6.33
CHEMBL3286581,O=S(=O)(c1ccccc1)n1cc2c3c(cccc31)N1CCNCC1C2,6.55
CHEMBL3286582,Cc1cccc(S(=O)(=O)n2cc3c4c(cccc42)N2CCNCC2C3)c1,6.34
CHEMBL3286583,Cc1ccc(S(=O)(=O)n2cc3c4c(cccc42)N2CCNCC2C3)cc1,6.11
CHEMBL3286584,O=S(=O)(c1ccccc1F)n1cc2c3c(cccc31)N1CCNCC1C2,6.46
CHEMBL3286585,O=S(=O)(c1cccc(F)c1)n1cc2c3c(cccc31)N1CCNCC1C2,6.62
CHEMBL3286586,O=S(=O)(c1ccc(F)cc1)n1cc2c3c(cccc31)N1CCNCC1C2,5.96
CHEMBL3286587,O=S(=O)(c1ccccc1Cl)n1cc2c3c(cccc31)N1CCNCC1C2,6.34
CHEMBL3286588,O=S(=O)(C1=CC=C=C=C1)n1cc2c3c(cccc31)N1CCNCC1C2,6.47
CHEMBL3286589,O=S(=O)(c1ccc(Cl)cc1)n1cc2c3c(cccc31)N1CCNCC1C2,5.92
CHEMBL3286590,COc1ccccc1S(=O)(=O)n1cc2c3c(cccc31)N1CCNCC1C2,6.06
CHEMBL3286591,COc1cccc(S(=O)(=O)n2cc3c4c(cccc42)N2CCNCC2C3)c1,6.43
CHEMBL3286592,COc1ccc(S(=O)(=O)n2cc3c4c(cccc42)N2CCNCC2C3)cc1,5.54
CHEMBL328662,O=C(c1ccc(F)cc1)C1CCN(CC2C[C@@H]3c4ccccc4Cc4ccccc4[C@H]3O2)CC1,7.77
CHEMBL328761,Cc1ccc2c(c1)-c1c(ccn1CC(C)N)C2(C)C,8.5
CHEMBL328844,CC(N)Cn1ccc2cc(Cl)ccc21,8.1
CHEMBL329685,CNCC1C[C@@H]2c3ccccc3Cc3ccccc3[C@H]2O1,8.01
CHEMBL330713,CN(C)CC1C[C@H]2c3ccccc3Oc3ccccc3[C@H]2O1,6.74
CHEMBL3310123,CC1(O)c2ccccc2-c2ccc(C(=O)N=C(N)N)cc21.Cl,6.41
CHEMBL333174,O=C1CC(CN2CCC(c3noc4cc(F)ccc34)CC2)Cc2[nH]c3ccccc3c21,7.56
CHEMBL334255,CCCCCCCCCCCCCCCC[n+]1ccccc1.[Br-],6.17
CHEMBL3343670,Cl.NC(N)=NC(=O)c1ccc2c(c1)C1(CCCO1)c1ccccc1-2,6.82
CHEMBL3350300,COc1ccc2c(c1)-c1c(ccn1C[C@@H](C)N)C2,8.4
CHEMBL3402655,CN(C)[C@H]1Cc2ccccc2[C@H](C2CCCCCCC2)C1.Cl,6.1
CHEMBL3402656,CN(C)[C@@H]1Cc2ccccc2[C@@H](C2CCCCC2)C1.Cl,8.15
CHEMBL3402657,CN(C)[C@H]1Cc2ccccc2[C@H](C2CCCCC2)C1.Cl,7.52
CHEMBL3402658,CN(C)[C@@H]1Cc2ccccc2[C@@H](c2ccccc2Br)C1.Cl,7.16
CHEMBL3402659,CN(C)[C@H]1Cc2ccccc2[C@H](c2ccccc2Br)C1.Cl,7.11
CHEMBL3402660,CN(C)[C@H]1Cc2ccccc2[C@H](c2ccc([N+](=O)[O-])cc2)C1.Cl,6.0
CHEMBL3402661,CN(C)[C@@H]1Cc2ccccc2[C@@H](c2ccc(C(F)(F)F)cc2)C1.Cl,6.28
CHEMBL3402662,CN(C)[C@H]1Cc2ccccc2[C@H](c2ccc(C(F)(F)F)cc2)C1.Cl,6.66
CHEMBL3402663,CN(C)[C@@H]1Cc2ccccc2[C@@H](c2ccc(Br)cc2)C1.Cl,7.0
CHEMBL3402664,CN(C)[C@H]1Cc2ccccc2[C@H](c2ccc(Br)cc2)C1.Cl,7.16
CHEMBL3402665,CN(C)[C@@H]1Cc2ccccc2[C@@H](c2ccc(Cl)cc2)C1.Cl,6.92
CHEMBL3402666,CN(C)[C@H]1Cc2ccccc2[C@H](c2ccc(Cl)cc2)C1.Cl,7.26
CHEMBL3402667,CN(C)[C@@H]1Cc2ccccc2[C@@H](c2ccc(F)cc2)C1.Cl,7.17
CHEMBL3402668,CN(C)[C@H]1Cc2ccccc2[C@H](c2ccc(F)cc2)C1.Cl,7.12
CHEMBL3402669,CN(C)[C@@H]1Cc2ccccc2[C@@H](c2cccc([N+](=O)[O-])c2)C1.Cl,8.0
CHEMBL3402670,CN(C)[C@H]1Cc2ccccc2[C@H](c2cccc([N+](=O)[O-])c2)C1.Cl,6.92
CHEMBL3402671,CN(C)[C@@H]1Cc2ccccc2[C@@H](c2cccc(C(F)(F)F)c2)C1.Cl,8.0
CHEMBL3402672,CN(C)[C@H]1Cc2ccccc2[C@H](c2cccc(C(F)(F)F)c2)C1.Cl,6.64
CHEMBL3402673,CN(C)[C@@H]1Cc2ccccc2[C@@H](c2cccc(Br)c2)C1.Cl,8.4
CHEMBL3402674,CN(C)[C@H]1Cc2ccccc2[C@H](c2cccc(Br)c2)C1.Cl,6.7
CHEMBL3402675,CN(C)[C@@H]1Cc2ccccc2[C@@H](c2cccc(Cl)c2)C1.Cl,8.1
CHEMBL3402676,CN(C)[C@H]1Cc2ccccc2[C@H](c2cccc(Cl)c2)C1.Cl,6.77
CHEMBL3402677,CN(C)[C@@H]1Cc2ccccc2[C@@H](c2cccc(F)c2)C1.Cl,7.37
CHEMBL3402678,CN(C)[C@H]1Cc2ccccc2[C@H](c2cccc(F)c2)C1.Cl,6.7
CHEMBL3402680,CN(C)[C@@H]1Cc2ccccc2[C@@H](C2CCCCCCC2)C1.Cl,7.52
CHEMBL3402681,CN(C)[C@H]1Cc2ccccc2[C@H](c2cccc(-c3ccccc3)c2)C1.Cl,6.0
CHEMBL3402682,CN(C)[C@@H]1Cc2ccccc2[C@@H](c2cccc(-c3ccccc3)c2)C1.Cl,8.3
CHEMBL3402683,CN(C)[C@H]1Cc2ccccc2[C@H](c2ccccc2Cl)C1.Cl,7.3
CHEMBL3402684,CN(C)[C@@H]1Cc2ccccc2[C@@H](c2ccccc2Cl)C1.Cl,6.54
CHEMBL3402685,Cc1ccccc1[C@@H]1C[C@@H](N(C)C)Cc2ccccc21.Cl,5.7
CHEMBL3402686,Cc1ccccc1[C@H]1C[C@H](N(C)C)Cc2ccccc21.Cl,5.8
CHEMBL340816,O=C(CCCN1C2CCC1CC(c1ccccc1)C2)c1ccc(F)cc1,5.97
CHEMBL348617,COc1ccc2c(c1)CC(CN1CCN(c3ccccn3)CC1)CC2=O,5.34
CHEMBL349832,CCc1c(C)[nH]c2c1C(=O)CC(CN1CCN(c3ccccc3OC)CC1)C2,5.44
CHEMBL353998,Cc1c(CCN)c2cc(F)cc3c2n1C(C)CC3,6.71
CHEMBL354210,O=C(NCCN1CCN(C2CCCc3ccccc32)CC1)c1ccccc1,5.9
CHEMBL354951,Cc1cc(NC(=O)Nc2ccc3sccc3c2)on1,7.05
CHEMBL355474,CC1CCc2cc(F)cc3c(CCN)cn1c23,7.75
CHEMBL358810,NC1CC1c1c[nH]c2ccccc12,7.52
CHEMBL358895,COc1ccccc1N1CCN(CC2CC(=O)c3ccoc3C2)CC1,4.89
CHEMBL3589579,COc1cc(CCNCc2cccc3ccoc23)c(OC)cc1Br,8.6
CHEMBL3589580,COc1cc(CCNCc2cccc3ccsc23)c(OC)cc1Br,8.11
CHEMBL3589581,COc1cc(CCNCc2cccc3ncoc23)c(OC)cc1Br,7.49
CHEMBL3589582,COc1cc(CCNCc2cccc3c2OCC3)c(OC)cc1Br,8.47
CHEMBL3589583,COc1cc(CCNCc2cccc3nc[nH]c23)c(OC)cc1Br,8.03
CHEMBL3589584,COc1cc(CCNCc2cccc3cn[nH]c23)c(OC)cc1Br,7.62
CHEMBL3589585,COc1cc(CCNCc2cccc3cc[nH]c23)c(OC)cc1Br,7.18
CHEMBL3589586,COc1cc(CCNCc2ccc[nH]c2=O)c(OC)cc1Br,6.92
CHEMBL3589587,COc1cc(CCNCc2cccnc2OC)c(OC)cc1Br,7.15
CHEMBL3589588,COc1cc(CCNCc2ccccn2)c(OC)cc1Br,7.38
CHEMBL3589589,COc1cc(CCNCc2cccnc2)c(OC)cc1Br,6.92
CHEMBL3589590,COc1cc(CCNCc2ccncc2)c(OC)cc1Br,6.81
CHEMBL3589591,COc1cc(CCNCc2cccc(OC)c2OC)c(OC)cc1Br,7.63
CHEMBL3589592,COc1ccc(CNCCc2cc(OC)c(Br)cc2OC)c(OC)c1,7.57
CHEMBL3589593,COc1ccc(OC)c(CNCCc2cc(OC)c(Br)cc2OC)c1,7.11
CHEMBL3589594,COc1cc(CCNCc2c(OC)cccc2OC)c(OC)cc1Br,7.76
CHEMBL3589595,COc1cc(CCNCc2cccc(OC)c2F)c(OC)cc1Br,7.25
CHEMBL3589596,COc1cc(CCNCc2cccc(OC)c2O)c(OC)cc1Br,8.2
CHEMBL3589597,COc1cccc(CNCCc2cc(OC)c(Br)cc2OC)c1,8.33
CHEMBL3589598,COc1cc(CCNCc2cccc(O)c2)c(OC)cc1Br,7.68
CHEMBL3597635,O=C(NCCCCN1CCN(c2cccc3ccccc23)CC1)c1cnc2ccccc2c1,8.42
CHEMBL3597636,O=C(NCCC(O)CN1CCN(c2cccc3ccccc23)CC1)c1cnc2ccccc2c1,7.36
CHEMBL3597637,COc1c(Cl)cccc1N1CCN(CCCCNC(=O)c2cnc3ccccc3c2)CC1,7.85
CHEMBL3597643,O=C(NCCCCN1CCN(c2cccc3ccccc23)CC1)c1cc2ccccc2[nH]1,7.14
CHEMBL3597649,COc1ccccc1N1CCN(CC(O)CCNC(=O)c2cnc3ccccc3c2)CC1,5.75
CHEMBL363581,CN(C)C[C@@H]1CC2c3ccccc3Sc3ccc(F)cc3[C@H]2O1,9.19
CHEMBL364270,CN(C)C[C@@H]1CC2c3ccccc3Oc3ccc(Cl)cc3[C@H]2O1,8.43
CHEMBL368061,O=C(NCCN1CCN(C2CCCc3ccccc32)CC1)c1ccc(F)cc1,6.55
CHEMBL3734894,COc1cccc(CCCN(CCc2ccc(OC)c(OC)c2)Cc2ccc3c(c2)OCO3)c1,6.99
CHEMBL3735261,COc1ccc(CCN(CCCc2cc(OC)c(OC)c(OC)c2)CCc2ccc3c(c2)OCO3)cc1OC,6.71
CHEMBL3735434,COc1ccc(OC)c(CCCN(CCc2ccc(OC)c(OC)c2)CCc2ccc3c(c2)OCO3)c1,6.56
CHEMBL3735756,COc1ccc(CCN(CCCc2ccccc2)CCc2ccc3c(c2)OCO3)cc1OC,6.4
CHEMBL3735862,COc1ccc(CCN(CCc2ccc3c(c2)OCO3)Cc2ccccc2)cc1OC,5.96
CHEMBL3735911,COc1cccc(CCCN(CCc2ccc(OC)c(OC)c2)CCc2ccc3c(c2)OCO3)c1,6.97
CHEMBL3736149,COc1ccccc1CCCN(CCc1ccc(OC)c(OC)c1)CCc1ccc2c(c1)OCO2,6.91
CHEMBL3736207,COc1ccc(CCCN(CCc2ccc(OC)c(OC)c2)CCc2ccc3c(c2)OCO3)cc1,6.69
CHEMBL3736252,COc1ccc(CCN(CCc2ccccc2)CCc2ccc3c(c2)OCO3)cc1OC,6.16
CHEMBL3736516,COc1ccc(CCN(CC/C=C\c2ccccc2)Cc2ccc3c(c2)OCO3)cc1OC,6.62
CHEMBL373787,CC1c2cc(Cl)c(Cl)cc2[C@H]2CNC[C@@H]12,6.99
CHEMBL3752576,C=CCN(CC=C)CCc1c[nH]c2ccccc12,6.41
CHEMBL3752900,C=CCN(CC=C)CCc1c[nH]c2ccc(Cl)cc12,6.69
CHEMBL3753318,C=CCN(CC=C)CCc1c[nH]c2ccc(C)cc12,6.5
CHEMBL3753894,CN(C)CCN(Cc1ccccc1)S(=O)(=O)c1ccc(I)cc1,8.1
CHEMBL3754166,C=CCN(CC=C)CCc1c[nH]c2ccc(Br)cc12,6.45
CHEMBL3754496,C=CCN(CC=C)CCc1c[nH]c2ccc(F)cc12,6.99
CHEMBL3759677,CCNC(=S)NCc1cc2c(ccc3ccc(OC)cc32)o1,6.14
CHEMBL3759802,COc1ccc2ccc3occ(CCNC(C)=O)c3c2c1,6.85
CHEMBL3763779,COc1ccccc1N1CCN(CCCCC(=O)n2c3ccccc3c3ccccc32)CC1.Cl,5.93
CHEMBL3764133,Cl.O=C(CCCCN1CCN(c2ccccc2O)CC1)n1c2ccccc2c2ccccc21,5.82
CHEMBL3764335,Cl.O=C(CCCCCN1CCN(c2ccccc2O)CC1)n1c2ccccc2c2ccccc21,5.86
CHEMBL376455,O=C1c2ccccc2C2CNCCN12,6.2
CHEMBL376456,COc1cccc2c1C(=O)N1CCNCC21,6.88
CHEMBL3764650,COc1ccccc1N1CCN(CCCCCC(=O)n2c3ccccc3c3ccccc32)CC1.Cl,6.23
CHEMBL376962,COc1ccc(N2CC=C(c3ccc(Cl)c(Cl)c3)C2=O)cc1OCCN1CCC(C)(C)CC1,8.4
CHEMBL3769968,C=CCOc1cc(F)c(F)cc1C1CC1CN.Cl,7.57
CHEMBL3770106,CCOC(=O)c1cccc(NC2=NC(N)=NC3(CCCCC3)N2)c1,6.07
CHEMBL3770342,NC1=NC2(CCCCC2)NC(Nc2cccc(Br)c2)=N1,6.81
CHEMBL3770981,CCOC(=O)c1cccc(NC2=NC(N(C)C)=NC3(CCCCC3)N2)c1,5.92
CHEMBL3771331,CCNC(=O)c1cccc(NC2=NC(N)=NC3(CCCCC3)N2)c1,5.72
CHEMBL377174,COc1ccc(N2CC=C(c3ccc(C)cc3)C2=O)cc1OCCN1CCCCC1,9.5
CHEMBL377593,Cc1cccc2c1C(C)[C@@H]1CNC[C@H]21,5.47
CHEMBL377834,Cc1cc2c(cc1Br)[C@H]1CNC[C@H]1C2C,6.68
CHEMBL379336,COc1ccc(N2CCC(c3ccc(Cl)c(Cl)c3)C2=O)cc1OCCN1CCC(C)(C)CC1,7.9
CHEMBL379861,Cc1ccc(N2CCC(c3ccc(Cl)c(Cl)c3)C2=O)cc1OCCN1CCCCC1,6.4
CHEMBL380020,COc1ccc(N2CC=C(c3ccc(OC)c(OCCN4CCCCC4)c3)C2=O)cc1F,8.2
CHEMBL380064,COc1cc2c(cc1Cl)C(C)[C@@H]1CNC[C@H]21,6.28
CHEMBL380246,Cc1cccc2c1[C@H]1CNC[C@H]1C2C,5.73
CHEMBL380264,O=C1C(c2ccc(Cl)c(Cl)c2)=CCN1c1ccc(Cl)c(OCCN2CCCCC2)c1,7.2
CHEMBL38027,CSc1ccc2c(c1)CCN2C(=O)Nc1cccnc1,7.4
CHEMBL3813726,COc1ccc(CCN(CCCc2ccccc2Br)CCc2ccc3c(c2)OCO3)cc1OC,6.91
CHEMBL3813789,COc1ccc(CCN(CCCc2ccc(I)cc2)CCc2ccc3c(c2)OCO3)cc1OC,6.65
CHEMBL3813796,COc1ccc(CCN(CCCc2ccccc2Cl)CCc2ccc3c(c2)OCO3)cc1OC,7.04
CHEMBL3813855,COc1ccc(CCN(CCCc2ccccc2I)CCc2ccc3c(c2)OCO3)cc1OC,7.17
CHEMBL3814485,COc1ccc(CCN(CCCc2ccc(Br)cc2)CCc2ccc3c(c2)OCO3)cc1OC,6.66
CHEMBL3814559,COc1ccc(CCN(CCCc2cccc(I)c2)CCc2ccc3c(c2)OCO3)cc1OC,6.81
CHEMBL3814708,COc1ccc(CCN(CCCc2ccc(Cl)cc2)CCc2ccc3c(c2)OCO3)cc1OC,6.63
CHEMBL3814737,COc1ccc(CCN(CCCc2ccc(F)cc2)CCc2ccc3c(c2)OCO3)cc1OC,6.9
CHEMBL3814821,COc1ccc(CCN(CCCc2cccc(Cl)c2)CCc2ccc3c(c2)OCO3)cc1OC,6.69
CHEMBL3815000,COc1ccc(CCN(CCCc2cccc(F)c2)CCc2ccc3c(c2)OCO3)cc1OC,6.78
CHEMBL3815066,COc1ccc(CCN(CCCc2cccc(Br)c2)CCc2ccc3c(c2)OCO3)cc1OC,6.84
CHEMBL3815112,COc1ccc(CCN(CCCc2ccccc2F)CCc2ccc3c(c2)OCO3)cc1OC,7.1
CHEMBL3818124,O=C1NCN(c2ccccc2)C12CCN(CCCCc1nc3cc(Cl)ccc3s1)CC2,6.21
CHEMBL3819434,Cl.OC1(c2ccc(Cl)cc2)CC2CCC(C1)N2CCCCc1nc2ccccc2s1,5.34
CHEMBL383942,CC(=O)Nc1ccc(N2CCC(c3ccc(Cl)c(Cl)c3)C2=O)cc1OCCN1CCCCC1,6.5
CHEMBL38407,O=C(Nc1cccnc1)N1CCc2c(Cl)cccc21,6.3
CHEMBL385254,COc1cc(NC(=O)c2ccc(-c3ccccc3)cc2)ccc1OCCN(C(C)C)C(C)C,6.8
CHEMBL385921,COc1ccc(N2CCC(c3ccc(Cl)c(Cl)c3)C2=O)cc1OCCN1CCCCC1,7.9
CHEMBL386215,COc1ccc(N2CCC(c3cccc(Cl)c3)C2=O)cc1OCCN1CCCCC1,7.6
CHEMBL386332,COc1ccc(N2CC=C(c3ccc(C)cc3)C2=O)cc1OCCN1CCC(C)CC1,8.8
CHEMBL386431,COc1ccc(N2CC=C(c3ccc(Cl)cc3)C2=O)cc1OCCN1CCC(C)CC1,8.2
CHEMBL387022,COc1ccc(N2CC=C(c3ccc(OC)c(OCCN4CCCCC4)c3)C2=O)cc1Cl,8.3
CHEMBL387344,O=C1c2c(O)cccc2C2CNCCN12,6.01
CHEMBL388247,CCCCc1ccc(S(=O)(=O)Nc2ccc3c(c2)CNCC3)cc1,7.5
CHEMBL388674,CN1CCc2ccc(NS(=O)(=O)c3ccc(-c4ccc(Cl)cc4)s3)cc2CC1,6.9
CHEMBL388882,COc1ccc(N2Cc3sc4ccccc4c3C2=O)cc1OCCN1CCC(C)CC1,8.8
CHEMBL3890153,Br.c1ccc2c(c1)CCN(CCCc1nc3ccccc3s1)C2,5.93
CHEMBL3895972,CC1(C)Cc2cccc(Cl)c2N2CCNCC21,6.1
CHEMBL3898250,Cl.O=C1c2ccc(Cl)cc2CC1CCN1CCc2ccccc2C1,6.89
CHEMBL3899099,Cl.Clc1cccc2c1CN(CCCCc1nc3ccccc3s1)CC2,6.17
CHEMBL3899169,Cc1ccc2c(c1)Oc1sc(Cl)cc1C(N1CCN(CC(C)(C)C(=O)O)CC1)=N2,6.86
CHEMBL3899822,Cl.Clc1ccc(C(=CCCN2CCc3ccccc3C2)c2ccc(Cl)cc2)cc1,5.69
CHEMBL390253,O=C(NCC(O)CCN1CCN(c2cccc(Cl)c2Cl)CC1)c1ccc(-c2ccccn2)cc1,7.6
CHEMBL3904817,CCC(CC)Nc1nc(Cl)nc2c1ncn2[C@H]1[C@H](O)[C@H](O)[C@]2(CO)C[C@H]12,6.15
CHEMBL3905850,CC(C)[C@@H](Nc1nc(Cl)nc2c1ncn2[C@H]1[C@H](O)[C@H](O)[C@]2(CO)C[C@H]12)C1CC1,6.72
CHEMBL3908870,CC1(C)CC(=O)N(CCCCN2Cc3ccccc3C2)C(=O)C1,6.53
CHEMBL3912721,c1cc(CC2CCC2)c2c(c1)N1CCNCC1CC2,9.2
CHEMBL3913293,CC(=O)NCCNC(=O)[C@@]12C[C@@H]1[C@@H](n1cnc3c(NC(C4CC4)C4CC4)nc(Cl)nc31)[C@H](O)[C@@H]2O,5.77
CHEMBL3914002,Clc1cccc(CNc2nc(Cl)nc3[nH]cnc23)c1,5.47
CHEMBL3914843,OC[C@@]12C[C@@H]1[C@@H](n1cnc3c(N[C@H](C4CCC4)C4CC4)nc(Cl)nc31)[C@H](O)[C@@H]2O,6.53
CHEMBL3919795,c1ccc(Cc2cccc3c2CCC2CNCCN32)cc1,9.2
CHEMBL391985,Cc1noc2c1C(=O)CC(CN1CCC(c3noc4cc(F)ccc34)CC1)C2,6.13
CHEMBL3923870,OC[C@@]12C[C@@H]1[C@@H](n1cnc3c(NC(C4CC4)C4CC4)nc(Cl)nc31)[C@H](O)[C@@H]2O,7.08
CHEMBL3924565,Cl.O=C(CCCN1CCCc2ccccc2C1)c1ccc(Cl)cc1,6.46
CHEMBL3928983,O=C(O)[C@@]12C[C@@H]1[C@@H](n1cnc3c(NC(C4CC4)C4CC4)nc(Cl)nc31)[C@H](O)[C@@H]2O,5.59
CHEMBL3931747,OC[C@@]12C[C@@H]1[C@@H](n1cnc3c(N[C@@H](C4CCC4)C4CC4)nc(Cl)nc31)[C@H](O)[C@@H]2O,6.57
CHEMBL3932820,CC[C@@H](Nc1nc(Cl)nc2c1ncn2[C@H]1[C@H](O)[C@H](O)[C@]2(CO)C[C@H]12)C1CC1,6.43
CHEMBL39347,CC(N)Cn1ccc2ccc3ccccc3c21,7.38
CHEMBL3935339,c1cc(Cc2ccc3c(c2)OCO3)c2c(c1)N1CCNCC1CC2,9.1
CHEMBL393539,Cc1ccc2c(OCCN3CCC(Cc4ccc5c(c4F)NC(=O)CO5)CC3)cc(F)cc2n1,5.6
CHEMBL3936289,CN1CC[C@H]2CC(=O)[C@H](Cc3ccccc3)[C@H]3CCC[C@@H]1[C@H]23,5.78
CHEMBL3938006,CN(C)c1nc(Cl)nc2c1ncn2[C@H]1[C@H](O)[C@H](O)[C@]2(C(=O)O)C[C@H]12,5.1
CHEMBL3941738,CNC(=O)[C@@]12C[C@@H]1[C@@H](n1cnc3c(N(C)C)nc(Cl)nc31)[C@H](O)[C@@H]2O,5.37
CHEMBL3941795,Cl.Clc1ccc2sc(CCCCN3CCC4CCCCC4C3)nc2c1,6.3
CHEMBL3947276,CCCc1cccc2c1CCC1CNCCN21,9.4
CHEMBL395059,COc1ccc(N2C(=O)c3c(Cl)cccc3C2C)cc1OCCN1CCC(C)CC1,8.9
CHEMBL395072,COc1ccc(N2Cc3cc(Cl)cc(Cl)c3C2=O)cc1OCCN1CCCCCC1,8.6
CHEMBL395098,COc1ccc(N2Cc3c(c4cccc(F)c4n3C)C2=O)cc1OCCN1CCC(C)CC1,8.6
CHEMBL395110,CN1CCCC(CN2c3ccccc3Sc3ccccc32)C1,6.59
CHEMBL3952251,Cl.O=C(CCCN1CCc2ccccc2CC1)c1ccc(Cl)cc1,6.21
CHEMBL395297,COc1ccc(N2Cc3cc(Cl)c(Cl)cc3C2=O)cc1OCCN1CCC(C)CC1,8.3
CHEMBL395298,COc1ccc(N2Cc3cc(Cl)c(C)c(Cl)c3C2=O)cc1OCCN1CCC(C)CC1,8.9
CHEMBL395459,[O-][S+](c1ccc(/C=C/c2ccc(F)cc2)nc1)c1ccccc1F,6.8
CHEMBL395501,CCCCc1ccc(S(=O)(=O)Nc2ccc3c(c2)CN(C)C3)cc1,8.0
CHEMBL395525,Cc1cc2c(cc1NS(=O)(=O)c1ccc(-c3ccc(Cl)cc3)cc1)CCN(C)CC2,7.1
CHEMBL3955519,CCOC(=O)[C@@]12C[C@@H]1[C@@H](n1cnc3c(NC(C4CC4)C4CC4)nc(Cl)nc31)[C@H](O)[C@@H]2O,8.41
CHEMBL3956394,Fc1ccc2c(c1Cc1ccccc1)CCC1CNCCN21,9.4
CHEMBL3956531,CCCOC(=O)[C@@]12C[C@@H]1[C@@H](n1cnc3c(NC(C4CC4)C4CC4)nc(Cl)nc31)[C@H](O)[C@@H]2O,6.69
CHEMBL3959210,CN(C)c1nc(Cl)nc2c1ncn2[C@H]1[C@H](O)[C@H](O)[C@]2(CO)C[C@H]12,5.09
CHEMBL3959570,c1csc(Cc2cccc3c2CCC2CNCCN32)c1,9.5
CHEMBL3959919,COc1cc2c(cc1OC)CN(CCCCc1nc3cc(Cl)ccc3s1)CC2.Cl,6.48
CHEMBL396024,O=C(NCCC(O)CN1CCN(c2cccc(Cl)c2Cl)CC1)c1ccc2c(c1)Cc1ccccc1-2,5.55
CHEMBL396505,COc1ccc(N2Cc3cccc(Cl)c3C2=O)cc1OCCN1CCCCC1,8.4
CHEMBL396527,COc1ccc(N2Cc3cc(C)cc(C)c3C2=O)cc1OCCN1CCC(C)CC1,8.5
CHEMBL396747,COc1ccc(N2Cc3cccc(Cl)c3C2=O)cc1OCCN1CCC(C)CC1,8.8
CHEMBL396748,COc1ccc(N2Cc3cccc(C(F)(F)F)c3C2=O)cc1OCCN1CCC(C)CC1,8.8
CHEMBL3967613,CCOC(=O)[C@@]12C[C@@H]1[C@@H](n1cnc3c(N(C)C)nc(Cl)nc31)[C@H](O)[C@@H]2O,5.87
CHEMBL3970041,COC(=O)[C@@]12C[C@@H]1[C@@H](n1cnc3c(NC(C4CC4)C4CC4)nc(Cl)nc31)[C@H](O)[C@@H]2O,8.39
CHEMBL3970299,Cl.Clc1ccc2sc(CCCCN3CCc4ccccc4C3)nc2c1,6.12
CHEMBL3970994,C1=C(CCN2CCc3ccccc3C2)CCc2ccccc21,5.54
CHEMBL3971383,Cl.Clc1ccc2sc(CCCCN3CCc4c(Cl)cccc4C3)nc2c1,6.09
CHEMBL397259,COc1ccc(N2Cc3c(c4ccc(Cl)cc4n3C)C2=O)cc1OCCN1CCCCC1,8.3
CHEMBL397473,COc1ccc(N2Cc3cc(C)cc(C)c3C2=N)cc1OCCN1CCC(C)CC1,6.9
CHEMBL397476,CC(C)c1cc2c(cc1NS(=O)(=O)c1ccc(-c3ccc(Cl)cc3)cc1)CCN(C)CC2,7.8
CHEMBL3976121,CNC(=O)[C@@]12C[C@@H]1[C@@H](n1cnc3c(NC(C4CC4)C4CC4)nc(Cl)nc31)[C@H](O)[C@@H]2O,6.57
CHEMBL3976579,CC[C@H](Nc1nc(Cl)nc2c1ncn2[C@H]1[C@H](O)[C@H](O)[C@]2(CO)C[C@H]12)C1CC1,6.6
CHEMBL397709,COc1ccc(N2Cc3cc(Cl)cc(Cl)c3C2=O)cc1OCCN1[C@@H](C)CCC[C@H]1C,8.2
CHEMBL3978642,Cl.O=C1c2ccccc2CC1CCN1CCc2ccccc2C1,5.93
CHEMBL3983143,CC(=O)NCCCNC(=O)[C@@]12C[C@@H]1[C@@H](n1cnc3c(NC(C4CC4)C4CC4)nc(Cl)nc31)[C@H](O)[C@@H]2O,5.64
CHEMBL3984645,CC(C)[C@H](Nc1nc(Cl)nc2c1ncn2[C@H]1[C@H](O)[C@H](O)[C@]2(CO)C[C@H]12)C1CC1,6.17
CHEMBL3985712,CNC(=O)[C@@]12C[C@@H]1[C@@H](n1cnc3c(N(C)C)nc(C#Cc4ccc(Cl)s4)nc31)[C@H](O)[C@@H]2O,5.07
CHEMBL3986927,O=C1Cc2cc(C(=O)CCCN3CCc4ccccc4C3)ccc2N1,5.37
CHEMBL401745,COc1cc(Cl)c(C)c2c1N=C(N)NC2C,7.72
CHEMBL402143,COc1c(OCCF)cccc1C(O)C1CCN(CCc2ccc(F)cc2)CC1,7.15
CHEMBL402179,CNC1=Nc2c(OC(C)C)cccc2C(C)N1,6.01
CHEMBL40341,COC(=O)c1cc2c(cc1Cl)N(C(=O)Nc1cccnc1)CC2,7.5
CHEMBL40342,CC(C)Oc1cc2c(cc1Cl)N(C(=O)Nc1cccnc1)CC2,7.8
CHEMBL404248,COc1cccc2c1N=C(NCC(F)F)NC2C,5.78
CHEMBL404511,CC1NC(NCC(F)F)=Nc2cccc(Cl)c21,6.4
CHEMBL40579,O=C(Nc1cccnc1)N1CCc2cc(-c3ccccc3)c(Cl)cc21,6.9
CHEMBL40698,CC(C)c1ccc2c(c1)CCN2C(=O)Nc1cccnc1,7.1
CHEMBL40699,CC(C)Sc1cc2c(cc1C(F)(F)F)N(C(=O)Nc1cccnc1)CC2,7.5
CHEMBL4071830,CNc1nc(C#Cc2ccc(Br)s2)nc2c1ncn2[C@H]1[C@H](O)[C@H](O)[C@]2(C(=O)OC)C[C@H]12,6.59
CHEMBL4072303,CNc1nc(C#Cc2ccc(Cl)s2)nc2c1ncn2[C@H]1[C@H](O)[C@H](O)[C@]2(C(=O)OC(C)C)C[C@H]12,6.37
CHEMBL4072722,COc1ccccc1CNC[C@H]1C[C@@H]1c1cc(F)ccc1OC.Cl,7.11
CHEMBL4074895,CCC(=O)NC[C@H](CO)c1cccc2ccc(OC)cc12,6.38
CHEMBL4078926,CCOC(=O)[C@@]12C[C@@H]1[C@@H](n1cnc3c(NC)nc(C#Cc4ccc(Cl)s4)cc31)[C@H](O)[C@@H]2O,6.4
CHEMBL40815,CC(N)Cc1c[nH]c2ccc3ccccc3c12,8.05
CHEMBL408152,COc1cccc2c1N=C(N)NC2C,6.25
CHEMBL408154,CCC(C)c1nc2c(c(-c3ccc(F)cc3)n1)CNCC2,5.99
CHEMBL4086240,COc1ccc2c(c1)-c1c(cnn1C[C@H](C)N)C2(C)C,8.6
CHEMBL4087633,COc1ccc2cccc([C@@H](CO)CNC(=O)CF)c2c1,6.73
CHEMBL4088036,CCCCc1cc(OC2CCN(CCCCNS(=O)(=O)CC)CC2)c2ncccc2c1.Cl.Cl,5.7
CHEMBL4092042,COc1ccc2c(c1)-c1c(cnn1C[C@H](C)N)C2,8.6
CHEMBL4092411,CNc1nc(C#Cc2ccc(Cl)s2)nc2c1ncn2[C@@H]1O[C@H](C(=O)OC)[C@@H](O)[C@H]1O,5.49
CHEMBL40946,CN(C)c1ccc2c(c1)CCN2C(=O)Nc1cccnc1,6.5
CHEMBL4095334,COc1ccc2cccc(C(CO)CNC(=O)CF)c2c1,6.78
CHEMBL409662,CCC1(CCCCN2CCN(c3ccc(Cl)cc3)CC2)C(=O)Nc2cc(F)ccc21,6.45
CHEMBL4097233,CCC(=O)NCC(CO)c1cccc2ccc(OC)cc12,6.15
CHEMBL41,CNCCC(Oc1ccc(C(F)(F)F)cc1)c1ccccc1,7.21
CHEMBL4104020,COc1ccc2cccc(C(CO)CNC(=O)C(F)F)c2c1,6.16
CHEMBL410512,O=C(c1ccccc1)c1ccc2c(c1)NC(=O)C1CNCCN21,5.67
CHEMBL411,CC/C(=C(/CC)c1ccc(O)cc1)c1ccc(O)cc1,4.58
CHEMBL41153,Cc1ccc2c(c1)CCN2C(=O)Nc1cccnc1,6.8
CHEMBL411663,O=C1Nc2ccc(F)cc2C1CCCCN1CCN(c2ccccc2)CC1,5.82
CHEMBL41389,CC(C)Oc1cc2c(cc1C(F)(F)F)N(C(=O)Nc1cccnc1)CC2,8.5
CHEMBL414163,COc1ccc2c(c1)-c1c(ccn1CC(C)N)C2,9.0
CHEMBL41510,CCOc1cc2c(cc1C(F)(F)F)N(C(=O)Nc1cccnc1)CC2,8.2
CHEMBL4160064,COc1cccc(-c2ccc3c(c2)CCN(Cc2ccccc2)C3)c1,5.97
CHEMBL4163428,CN1CCN(c2ccc3c(c2)CN(C(=O)OCc2ccccc2)C3)CC1,6.52
CHEMBL4165863,O=C(OCc1ccccc1)N1CCc2ccc(N3CCN(C4CCCC4)CC3)cc2C1,5.93
CHEMBL4167315,COc1cccc(-c2ccc3c(c2)CN(Cc2ccccc2)C3)c1,5.59
CHEMBL416806,COc1cc2c(cc1Br)N(C(=O)Nc1cccnc1)CC2,7.9
CHEMBL416896,CCc1cc(NC(=O)N2CCc3cc(OC)c(C(F)(F)F)cc32)cc(-c2cccnc2)c1,9.2
CHEMBL4169689,CCOC(=O)CCN1CCN(c2ccc3c(c2)CN(C(=O)OCc2ccccc2)CC3)CC1,6.04
CHEMBL417082,COc1cc2c(cc1C(F)(F)F)N(C(=O)Nc1cc3c(c(-c4cccnc4)c1)OCC3)CC2,9.3
CHEMBL4173095,C=C(C)CN1CCN(c2ccc3c(c2)CN(C(=O)OCc2ccccc2)CC3)CC1,5.87
CHEMBL417713,CSc1c(Cl)cc2c(c1Cl)CCN2C(=O)Nc1cccnc1,8.6
CHEMBL417753,CN(C)c1ccc(NC(=O)Nc2ccnc3ccccc23)cc1,6.9
CHEMBL41792,CCCSc1cc2c(cc1C(F)(F)F)N(C(=O)Nc1cccnc1)CC2,8.2
CHEMBL418854,COc1ccccc1N1CCC(CNCC2COc3ccc(Cl)cc3O2)CC1,7.24
CHEMBL41940,CSc1cc2c(cc1Br)N(C(=O)Nc1cccnc1)CC2,8.7
CHEMBL420010,OC(c1ccc(F)cc1)C1CCN(CCc2ccc(F)cc2)CC1,6.3
CHEMBL4202582,C[C@@H]1SC(c2c[nH]c3ccccc23)=N[C@H]1CO,5.27
CHEMBL4204036,C[C@@H]1SC(c2ccccc2)=N[C@@H]1Cc1c[nH]cn1,6.12
CHEMBL4204576,C[C@@H]1SC(c2ccccc2)=N[C@H]1Cc1c[nH]cn1,5.92
CHEMBL4206418,C[C@@H]1SC(c2ccccc2)=N[C@H]1CO,4.46
CHEMBL4206939,C[C@@H]1SC(c2cccs2)=N[C@H]1CO,5.66
CHEMBL4207302,C[C@@H]1SC(c2ccccc2O)=N[C@H]1CO,5.8
CHEMBL4207355,CCCCCCOc1ccc(C2=N[C@@H](CO)[C@H](C)S2)cc1,5.77
CHEMBL4207529,COC(=O)[C@H](Cc1cnc[nH]1)NC(=O)[C@@H]1N=C(c2ccccc2O)S[C@@H]1C,6.06
CHEMBL4207884,Clc1ccc(-c2n[nH]c3c2CCNCC3)cc1,6.1
CHEMBL4208376,C[C@H]1SC(c2ccc(-c3ccccc3)cc2)=N[C@H]1Cc1c[nH]cn1,5.64
CHEMBL4208914,C[C@@H]1SC(c2ccc(-c3ccccc3)cc2)=N[C@H]1Cc1c[nH]cn1,5.85
CHEMBL4209274,Fc1ccc(-c2n[nH]c3c2CCNCC3)cc1,6.7
CHEMBL4209942,Oc1ccccc1C1=NC(Cc2c[nH]cn2)C(c2ccccc2)S1,6.11
CHEMBL4210782,Cc1ccc(-c2n[nH]c3c2CCNCC3)cc1,6.53
CHEMBL4210787,C[C@@H]1SC(c2cc3ccccc3cc2O)=N[C@H]1CO,5.62
CHEMBL4212246,CCCCOc1ccc(C2=N[C@@H](CO)[C@H](C)S2)cc1,5.5
CHEMBL4212435,C[C@@H]1SC(c2ccccc2O)=N[C@H]1Cc1c[nH]cn1,6.85
CHEMBL4215741,CNc1ccccc1C1=N[C@@H](CO)[C@H](C)S1,5.72
CHEMBL4215875,Cc1ccc(-c2noc3c2CCNCC3)cc1,7.7
CHEMBL4216246,CCCCCCCCOc1ccc(C2=N[C@@H](CO)[C@H](C)S2)cc1,5.44
CHEMBL4216860,COC(=O)[C@H](Cc1cnc[nH]1)NC(=O)[C@H]1N=C(c2ccccc2O)S[C@@H]1C,6.09
CHEMBL421801,COc1ccc2c(c1)CC(CN1CCC(c3noc4cc(F)ccc34)CC1)CC2=O,6.29
CHEMBL4218231,C[C@H]1SC(c2ccccc2O)=N[C@@H]1CO,5.66
CHEMBL4218672,Fc1ccc(-c2noc3c2CCNCC3)cc1,6.11
CHEMBL4218801,Clc1ccc(-c2noc3c2CCNCC3)cc1,5.96
CHEMBL42257,COc1cc2c(cc1C(F)(F)C(F)(F)F)N(C(=O)Nc1cccnc1)CC2,7.9
CHEMBL42273,O=C(Nc1cccnc1)N1CCc2cc([N+](=O)[O-])ccc21,6.5
CHEMBL422923,Cc1cc(NC(=O)Nc2ccc3c(ccn3C)c2)on1,6.46
CHEMBL425190,Cc1ccc2c(OCCN3CCN(Cc4cccc5cccnc45)CC3)cccc2n1,5.5
CHEMBL42557,c1ccc(-c2[nH]c3ccccc3c2C2CCCNC2)cc1,7.05
CHEMBL426684,COc1ccc(C2=C(C)CN(c3ccc(Cl)cc3)C2=O)cc1OCCN1CCCCC1,6.7
CHEMBL426695,Cc1cc2c(cc1Br)C(C)[C@@H]1CNC[C@H]21,6.33
CHEMBL42681,Cc1c(Cl)cc2c(c1Cl)CCN2C(=O)Nc1cccnc1,8.4
CHEMBL427398,COc1ccc(C2CCN(c3ccc(Cl)c(Cl)c3)C2=O)cc1OCCN1CCCCC1,8.0
CHEMBL42758,CSc1cc2c(cc1C#N)N(C(=O)Nc1cccnc1)CC2,7.8
CHEMBL4277185,COc1ccc2ccc3c(c2n1)C(CCNC(C)=O)CC3,5.8
CHEMBL4277390,CCNC(=S)NCC1CCc2ccc3ccc(OC)cc3c21,8.1
CHEMBL4278446,CCCNC(=O)NCC1CCc2ccc3ccc(OC)nc3c21,6.54
CHEMBL4278465,OC1(c2ccc(Cl)c(C(F)(F)F)c2)CCN(CCCCN(c2ccc(F)cc2)c2ccc(F)cc2)CC1,5.95
CHEMBL4278575,COc1ccc2ccc3c(c2c1)C(CNC(N)=O)CC3,6.84
CHEMBL4279639,CNC(=O)NCC1CCc2ccc3ccc(OC)cc3c21,7.82
CHEMBL42806,O=C(Nc1cccnc1)N1CCc2cc(C(F)(F)F)ccc21,7.5
CHEMBL4280601,COc1ccc2ccc3c(c2c1)C(CNS(C)(=O)=O)CC3,6.24
CHEMBL4281712,COc1ccc2ccc3c(c2n1)C(CNC(C)=O)CC3,6.8
CHEMBL4281915,CNC(=S)NCC1CCc2ccc3ccc(OC)cc3c21,8.05
CHEMBL4282117,O=C(NCCc1c[nH]c2ccccc12)C1CCN(C(=O)c2ccccc2)CC1,6.13
CHEMBL4282702,OC1(c2ccc(Cl)c(C(F)(F)F)c2)CCN(CCCCCc2ccc(F)cc2)CC1,5.59
CHEMBL4283539,CNC(=O)NCC1CCc2ccc3ccc(OC)nc3c21,6.47
CHEMBL4285145,COC(=O)NCC1CCc2ccc3ccc(OC)cc3c21,7.0
CHEMBL4286494,CCS(=O)(=O)NCC1CCc2ccc3ccc(OC)cc3c21,6.4
CHEMBL4287623,OC1(c2ccc(Cl)c(C(F)(F)F)c2)CCN(CCCC=C(c2ccc(F)cc2)c2ccc(F)cc2)CC1,5.79
CHEMBL4288690,CCCNC(=S)NCC1CCc2ccc3ccc(OC)cc3c21,7.38
CHEMBL428879,CSc1cc2c(cc1C(F)(F)F)N(C(=O)Nc1cccc(-c3cccnc3)c1)CC2,8.8
CHEMBL4288925,COc1ccc2ccc3c(c2c1)C(CCNC(C)=O)CC3,6.75
CHEMBL4289115,COc1ccc2ccc3c(c2c1)C(CNC(N)=S)CC3,7.14
CHEMBL4290302,CCNC(=O)NCC1CCc2ccc3ccc(OC)cc3c21,7.22
CHEMBL4291048,OC1(c2ccc(Cl)c(C(F)(F)F)c2)CCN(CCCN(c2ccc(F)cc2)c2ccc(F)cc2)CC1,6.4
CHEMBL429136,CC1NC(NCC(F)F)=Nc2ccc(Cl)c(Cl)c21,6.79
CHEMBL4292326,O=C(NCCc1c[nH]c2ccccc12)C1CCN(C(=O)c2ccc(-c3ccccc3)cc2)CC1,6.33
CHEMBL4292336,COCC(=O)NCC1CCc2ccc3ccc(OC)cc3c21,6.7
CHEMBL4292719,O=C(NCc1ccccc1)C1CCN(C(=O)c2ccc(-c3ccccc3)cc2)CC1,6.01
CHEMBL4293307,COc1ccc(N(CCCCN2CCC(O)(c3ccc(Cl)c(C(F)(F)F)c3)CC2)c2ccc(OC)cc2)cc1,6.13
CHEMBL4293386,COc1ccc2ccc3c(c2c1)C(CNC(C)=O)CC3,7.21
CHEMBL4294790,CCCNC(=O)NCC1CCc2ccc3ccc(OC)cc3c21,6.72
CHEMBL431729,CSc1ccc2c(c1Cl)CCN2C(=O)Nc1cccnc1,7.2
CHEMBL431733,CNC(=O)[C@H]1O[C@@H](n2cnc3c(NCc4cccc(I)c4)nc(Cl)nc32)[C@H](O)[C@@H]1O,5.0
CHEMBL432217,COc1cc(OC)c(-c2ccccc2)cc1C(=O)CCCCN1CCC2(CC1)NC(=O)NC2=O,8.0
CHEMBL432713,O=C(/C=C/c1ccc(Cl)c(Cl)c1)NCCCCCN1CCC(c2c[nH]c3ccc(O)cc23)CC1,7.1
CHEMBL432879,Cc1cc2c(cc1C(F)(F)F)N(C(=O)Nc1ccc(OCc3ccccn3)nn1)CC2,8.3
CHEMBL43496,CC(=O)c1cc2c(cc1C(F)(F)F)N(C(=O)Nc1cccnc1)CC2,7.3
CHEMBL435301,CN(C)C[C@H]1CC2c3ccccc3Oc3ccc(Cl)cc3[C@H]2O1,8.62
CHEMBL43633,CC(C)c1cc2c(cc1Cl)N(C(=O)Nc1cccnc1)CC2,7.7
CHEMBL43697,CN1CCCCC1c1c(-c2ccccc2)[nH]c2ccccc12,5.7
CHEMBL437007,Cn1ncc2c1CC(CN1CCC(C(=O)c3ccc(F)cc3)CC1)CC2=O,6.96
CHEMBL43808,CCc1cc2c(cc1Cl)N(C(=O)Nc1cccnc1)CC2,8.3
CHEMBL43819,CN1CCCC(c2c(-c3ccccc3)[nH]c3ccccc23)C1,6.82
CHEMBL438963,COc1ccc(C2=CCN(c3cccc(F)c3)C2=O)cc1OCCN1CCCCC1,8.2
CHEMBL439240,CCC1NC(N)=Nc2ccc(Cl)c(Cl)c21,6.81
CHEMBL439504,COc1ccc(N2CCC(c3ccc(Cl)c(Cl)c3)C2=O)cc1OCCN1CCC(C)CC1,7.9
CHEMBL44015,CSc1cc2c(cc1C(F)(F)C(F)(F)F)N(C(=O)Nc1cccnc1)CC2,8.4
CHEMBL441536,CC1c2ccc(F)cc2[C@H]2CNC[C@@H]12,5.52
CHEMBL44206,CCOc1cc2c(cc1Cl)N(C(=O)Nc1cccnc1)CC2,7.6
CHEMBL44310,c1ccc(CCN2CCCC(c3c(-c4ccccc4)[nH]c4ccccc34)C2)cc1,5.62
CHEMBL443518,CC(C)c1cc2c(cc1C(F)(F)F)N(C(=O)Nc1cccnc1)CC2,7.6
CHEMBL444269,COc1ccccc1N1CCN(CC2CC(=O)c3ccccc32)CC1,6.44
CHEMBL44552,CC(C)(C)c1ccc2c(c1Cl)CCN2C(=O)Nc1cccnc1,7.4
CHEMBL445747,Cc1cccc([C@H]2C[C@@H]2CN)c1.Cl,6.57
CHEMBL446459,CC(C)Oc1cccc2c1N=C(NCC(F)F)NC2C,5.67
CHEMBL446942,COc1cc2c(cc1C(F)(F)F)N(C(=O)Nc1ccc(C(C)(C)C)c(-c3cccnc3)c1)CC2,8.5
CHEMBL451232,Cl.NC[C@H]1C[C@@H]1c1ccc(F)cc1Cl,6.69
CHEMBL46523,c1ccc(CN2CCCC(c3c(-c4ccccc4)[nH]c4ccccc34)C2)cc1,5.7
CHEMBL467094,COc1cc2c3c(c1OC)-c1cc4c(cc1CC3N(C)CC2)OCO4,5.97
CHEMBL467736,Cl.NC[C@H]1C[C@@H]1c1ccccc1Br,7.18
CHEMBL47050,OC1(c2ccc(Cl)c(C(F)(F)F)c2)CCN(CCCC(c2ccc(F)cc2)c2ccc(F)cc2)CC1,6.05
CHEMBL476109,O=C(CCCN1C2CCC1CN(c1ccc(Cl)cc1)CC2)c1ccc(F)cc1,5.45
CHEMBL476839,COc1c(OCCF)cccc1C(O)C1CCN(CCc2ccc(C)cc2)CC1,6.29
CHEMBL479,CSc1ccc2c(c1)N(CCC1CCCCN1C)c1ccccc1S2,7.64
CHEMBL482496,[3H]C([3H])([3H])Oc1cc(I)c(OC)cc1CCNCc1ccccc1OC([3H])([3H])[3H],8.7
CHEMBL492556,CN(CC1COc2ccccc21)S(=O)(=O)c1ccc2c(c1)CCNCC2,7.24
CHEMBL492689,Cl.O=C1C[C@@H](CN2CCC(c3noc4cc(F)ccc34)CC2)Cc2occc21,6.61
CHEMBL492916,Cl.NCC1CC1c1ccccc1Br,6.91
CHEMBL493130,Cl.NC[C@H]1C[C@@H]1c1ccc(F)cc1,6.62
CHEMBL500,CC(C)NCC(O)COc1cccc2[nH]ccc12,4.27
CHEMBL508657,C/N=C1\NC(=O)/C(=C\c2c[nH]c3ccccc23)N1C,5.63
CHEMBL516809,O=C1CC(CN2CCC(c3noc4cc(F)ccc34)CC2)Cc2oc(-c3ccccc3)cc21,5.48
CHEMBL517712,CN1[C@H]2CC[C@@H]1C[C@H](OC(=O)C(CO)c1ccccc1)C2,6.28
CHEMBL52308,Cc1cc2c(cc1Cl)N(C(=O)Nc1ccc(Oc3cccnc3C)nn1)CC2,8.7
CHEMBL523680,Cl.O=C1C[C@H](CN2CCC(c3noc4cc(F)ccc34)CC2)Cc2occc21,6.43
CHEMBL523797,O[C@@H]1[C@H](O)[C@@H]2C[C@@H]2[C@H]1n1cnc2c(NCc3cccc(Cl)c3)nc(Cl)nc21,5.39
CHEMBL52592,Cc1cc2c(cc1C(F)(F)F)N(C(=O)Nc1ccc(OCCc3ccccn3)nc1)CC2,8.0
CHEMBL52783,O=C(Nc1ccc(OCc2ccccn2)nc1)N1CCc2c(Cl)cccc21,7.1
CHEMBL52919,CCc1cc2c(cc1C(F)(F)F)N(C(=O)Nc1ccc(Oc3cccnc3C)nc1)CC2,8.6
CHEMBL53053,Cc1ncccc1Oc1ccc(NC(=O)N2CCc3c(Br)cccc32)cn1,7.8
CHEMBL53063,Cc1cc2c(cc1Cl)N(C(=O)Nc1ccc(OCc3cccnc3)nc1)CC2,7.6
CHEMBL53113,Cc1cc2c(cc1Cl)N(C(=O)Nc1cnc(Oc3cccnc3C)nc1)CC2,8.5
CHEMBL53152,Cc1ncccc1Oc1ccc(NC(=O)N2CCc3cc(Br)c(C(F)(F)F)cc32)cn1,8.9
CHEMBL53308,Cc1cc2c(cc1C(F)(F)F)N(C(=O)Nc1cnc(Oc3cccnc3C)cn1)CC2,8.7
CHEMBL535626,COc1ccc(N2Cc3c(c4ccccc4n3C)C2=O)cc1OCCN1CCCCC1.Cl,8.2
CHEMBL536255,Cl.Cn1ccc2cc(NC(=O)Nc3cccnc3)ccc21,6.96
CHEMBL53793,Cc1cc2c(cc1Cl)N(C(=O)Nc1ccc(Oc3cccnc3C(C)C)nc1)CC2,6.9
CHEMBL53939,Cc1cccc(COc2ccc(NC(=O)N3CCc4cc(C)c(C(F)(F)F)cc43)cn2)n1,8.2
CHEMBL539544,Cl.O=C1CC(CN2CCC(c3noc4cc(F)ccc34)CC2)Cc2sccc21,6.69
CHEMBL54062,CSc1ccc(NC(=O)Nc2ccnc3ccccc23)cc1,7.5
CHEMBL540822,COc1ccccc1N1CCN(CCC2CCc3sccc3C2=O)CC1.Cl,7.09
CHEMBL542139,COc1ccc(NS(=O)(=O)c2sc3ccc(Cl)cc3c2C)cc1N1CCNCC1.Cl,5.7
CHEMBL542181,COc1ccccc1N1CCN(CC2CC(=O)c3ccccc32)CC1.Cl,6.44
CHEMBL542405,Cl.N=C(N)N/N=C/c1c[nH]c2ccc(O)cc12,7.36
CHEMBL542428,Cl.O=C(CCCN1CCN(CC2CC(=O)c3ccsc3C2)CC1)c1ccc(F)cc1,5.4
CHEMBL542436,Br.Cc1ccc2c(c1O)C[C@@H](C1CCCCC1)O[C@H]2CN,7.23
CHEMBL543390,Cl.NC[C@@H]1O[C@H](c2ccccc2)Cc2c1ccc(Br)c2O,6.7
CHEMBL543613,Cl.O=C1c2ccsc2CCC1CCN1CCC(c2noc3cc(F)ccc23)CC1,6.9
CHEMBL544091,Cl.O=C(c1ccc(F)cc1)C1CCN(CCC2CCc3sccc3C2=O)CC1,6.48
CHEMBL544318,COc1ccccc1N1CCN(CC2CC(=O)c3ccsc3C2)CC1.Cl,6.04
CHEMBL544319,Cl.O=C1CC(CN2CCC(C(=O)c3ccc(F)cc3)CC2)Cc2sccc21,6.03
CHEMBL54484,Cc1cc2c(cc1C(F)(F)F)N(C(=O)Nc1ccc(OCc3ncccc3C)nc1)CC2,8.4
CHEMBL545461,Cl.N/C(=N/N=C/c1c[nH]c2ccc(O)cc12)NCCc1ccc(Cl)c(Cl)c1,6.84
CHEMBL545488,Cl.O=C(CCCN1CCN(CCC2CCc3sccc3C2=O)CC1)c1ccc(F)cc1,6.4
CHEMBL54560,CSc1cc2c(cc1C(F)(F)F)N(C(=O)Nc1ccc(Oc3cccnc3C)nc1)CC2,9.4
CHEMBL545727,Cl.O=C1CC(CN2CCC(C(=O)c3ccc(F)cc3)CC2)c2ccccc21,5.96
CHEMBL54610,Cc1ncccc1Oc1ccc(NC(=O)N2CCc3cc(C(F)(F)F)ccc32)cn1,8.4
CHEMBL54707,Cc1cc2c(cc1C(F)(F)F)N(C(=O)Nc1ccc(OCc3cnccn3)nc1)CC2,9.3
CHEMBL54775,Cc1ccc2c(c1Br)CCN2C(=O)Nc1ccc(Oc2cccnc2C)nc1,8.8
CHEMBL549,CN(C)CCCC1(c2ccc(F)cc2)OCc2cc(C#N)ccc21,6.81
CHEMBL55079,Cc1ncccc1Oc1ccc(NC(=O)N2CCc3c2cc(Cl)c(C)c3Cl)cn1,9.0
CHEMBL55207,Cc1cc2c(cc1Cl)N(C(=O)Nc1ccc(Oc3cnccc3Cl)nc1)CC2,9.3
CHEMBL55292,Cc1ncccc1Oc1ccc(NC(=O)N2CCc3c2cc(C(F)(F)F)c2c3CCO2)cn1,8.9
CHEMBL55331,Cc1cc2c(cc1Cl)N(C(=O)Nc1ccc(Oc3cnccc3C)nc1)CC2,9.0
CHEMBL55335,Cc1cc2c(cc1C(F)(F)F)N(C(=O)Nc1ccc(OCc3ccccn3)cc1)CC2,8.6
CHEMBL55344,Cc1cc2c(cc1C(F)(F)F)N(C(=O)Nc1ccc(COc3ccccn3)nc1)CC2,8.3
CHEMBL55388,O=C(Nc1ccc(OCc2ccccn2)nc1)N1CCc2cc(Br)ccc21,7.8
CHEMBL554199,Cl.O=C1c2ccsc2CC1CCN1CCC(c2noc3cc(F)ccc23)CC1,7.06
CHEMBL55472,CCCc1ncccc1Oc1ccc(NC(=O)N2CCc3cc(C)c(Cl)cc32)cn1,8.8
CHEMBL55597,Cc1cc2c(cc1Cl)N(C(=O)Nc1ccc(OCc3nccn3C)nc1)CC2,8.3
CHEMBL55784,Cc1cc2c(cc1C(F)(F)F)N(C(=O)Nc1ccc(CCc3ccccn3)nc1)CC2,8.5
CHEMBL55792,CCc1ncccc1Oc1ccc(NC(=O)N2CCc3cc(C)c(Cl)cc32)cn1,8.7
CHEMBL55914,Cc1cc2c(cc1C(F)(F)F)N(C(=O)Nc1cnc(OCc3ccccn3)c(C)c1)CC2,9.4
CHEMBL55964,Cc1cc2c(cc1Cl)N(C(=O)Nc1cnc(Oc3cccnc3C)c(C)c1)CC2,8.8
CHEMBL55969,Cc1cc2c(cc1C(F)(F)F)N(C(=O)Nc1ccc(OCc3cncn3C)nc1)CC2,8.4
CHEMBL56,CCCN(CCC)C1CCc2cccc(O)c2C1,5.14
CHEMBL56050,Cc1ncccc1Oc1ccc(NC(=O)N2CCc3c2ccc(Cl)c3Cl)cn1,8.5
CHEMBL56336,Cc1cc2c(cc1F)N(C(=O)Nc1ccc(Oc3cccnc3C)nc1)CC2,8.8
CHEMBL56405,O=C(Nc1ccc(OCc2ccccn2)nc1)N1CCc2ccc(C(F)(F)F)cc21,8.1
CHEMBL56508,Cc1cc2c(cc1C(F)(F)F)N(C(=O)Nc1cnc(Oc3cccnc3C)c(Cl)c1)CC2,8.8
CHEMBL56557,COc1ccc(NC(=O)Nc2ccnc3ccccc23)cc1Cl,7.3
CHEMBL569484,CC1CCCCN1CCOc1ccc(NC(=O)Nc2ccc(Cl)cc2)cc1-c1ccnn1C,7.01
CHEMBL57135,CCN(CC)c1ccc(NC(=O)Nc2ccnc3ccccc23)cc1,7.5
CHEMBL572708,O=C1CC(CN2CCC(c3noc4cc(F)ccc34)CC2)Cc2ncncc21,6.3
CHEMBL58009,Clc1cc2c(cc1Cl)N1CCNCC1CN2,9.0
CHEMBL582877,CC1(C)N=C(N)N=C(Nc2cccc(Br)c2)N1,6.58
CHEMBL58765,Cc1cc2c(cc1C(F)(F)F)N(C(=O)Nc1ccc(Oc3cccnc3C)nn1)CC2,8.5
CHEMBL590077,O=C1NC2CNCCN2c2ccccc21,5.71
CHEMBL590078,Cc1cccc2c1C(=O)NC1CNCCN21,7.05
CHEMBL590089,Cc1ccc2c(c1)C(=O)NC1CNCCN21,6.0
CHEMBL590331,Cc1ccc2c(c1)N1CCNCC1NC2=O,6.32
CHEMBL590332,Cc1cccc2c1N1CCNCC1NC2=O,5.21
CHEMBL590333,O=C1NC2CNCCN2c2cccc(C(F)(F)F)c21,6.82
CHEMBL590482,O=C1NC2CNCCN2c2ccc(Cl)cc21,6.12
CHEMBL590483,O=C1NC2CCNCCN2c2cccc(Cl)c21,8.05
CHEMBL590531,Cc1ccc2c(c1)N1CCNCCC1NC2=O,8.19
CHEMBL590580,Cc1cccc2c1C(=O)NC1CCNCCN21,8.54
CHEMBL590721,O=C1NC2CNCCCN2c2cccc(Cl)c21,5.81
CHEMBL590816,O=C1NC2CCNCCN2c2ccccc21,7.31
CHEMBL59266,Cc1nc2ccc(NC(=O)Nc3ccnc4ccccc34)cc2o1,6.2
CHEMBL595195,Clc1ccccc1OC1CCc2ccc(N3CCNCC3)nc21,9.05
CHEMBL595554,c1nc(N2CCNCC2)c2cc[nH]c2n1,6.12
CHEMBL59584,Cc1cc2c(cc1Br)N(C(=O)Nc1ccc(Oc3cccnc3C)nc1)CC2,9.1
CHEMBL59620,O=C1Nc2ccc(Cl)c(Cl)c2N2CCNCC12,6.0
CHEMBL59807,O=C1Nc2cc(F)c(F)cc2N2CCNCC12,7.04
CHEMBL605402,O=C1NC2CNCCN2c2cccc(Cl)c21,6.65
CHEMBL60889,CCOc1cc(N)c(Cl)cc1C(=O)NCC1CN(Cc2ccc(F)cc2)CCO1,6.68
CHEMBL61771,O=C1Nc2c(Cl)cc(Cl)cc2N2CCNCC12,7.7
CHEMBL62919,O=C(c1ccc(F)cc1)C1CCN(CCn2c(=S)[nH]c3ccccc3c2=O)CC1,7.4
CHEMBL631,CCCNCC(O)COc1ccccc1C(=O)CCc1ccccc1,6.7
CHEMBL639,CN1CCCC(n2nc(Cc3ccc(Cl)cc3)c3ccccc3c2=O)CC1,6.3
CHEMBL64249,CN1CCN(C2Cc3ccccc3Sc3ccc(Cl)cc32)CC1,9.24
CHEMBL643,CC(CN1c2ccccc2Sc2ccccc21)N(C)C,8.19
CHEMBL6437,CN1CCN2c3ccccc3Cc3ccccc3C2C1,9.22
CHEMBL654,CN1CCN2c3ncccc3Cc3ccccc3C2C1,7.41
CHEMBL6616,COc1cc(CC(C)N)c(OC)cc1I,8.74
CHEMBL6621,CCCCCNC(=N)N/N=C/c1c[nH]c2ccc(O)cc12,7.95
CHEMBL68131,CCCCN1CCC(COC(=O)c2cc(Cl)c(N)c3c2OCCO3)CC1,7.1
CHEMBL68740,O=C(NCCCCN1CCN(c2cccc(Cl)c2Cl)CC1)c1cc2cc(F)ccc2[nH]1,6.0
CHEMBL6966,COc1ccc(CCN(C)CCCC(C#N)(c2ccc(OC)c(OC)c2)C(C)C)cc1OC,6.81
CHEMBL69733,COc1ccc(CCCN2CCC(CCC(=O)c3cc(Cl)c(N)c4c3OCCO4)CC2)cc1OC,5.8
CHEMBL707,COc1cc2nc(N3CCN(C(=O)C4COc5ccccc5O4)CC3)nc(N)c2cc1OC,6.54
CHEMBL723,COc1ccccc1OCCNCC(O)COc1cccc2[nH]c3ccccc3c12,7.22
CHEMBL74208,CCCCC/N=C(/N)N/N=C/c1c[nH]c2ccc(O)nc12,6.46
CHEMBL74594,CCCCC/N=C(/N)N/N=C/c1c[nH]c2ccc(OCC=C(C)C)cc12,6.74
CHEMBL75420,CCCCC/N=C(/N)N/N=C/c1c[nH]c2ccc(OC(C)C)cc12,7.17
CHEMBL75738,CCOc1cccc(-c2cc(Cl)cc3c2N2CCNCCC2C3)c1,6.33
CHEMBL76099,CCOc1ccccc1-c1cccc2c1N1CCNCCC1C2,6.99
CHEMBL76552,CCCCCCCN(C)C(=N)N/N=C/c1c[nH]c2ccc(O)cc12,6.82
CHEMBL76645,Cc1ccccc1-c1cccc2c1N1CCNCCC1C2,7.52
CHEMBL76781,C[C@H](N)Cn1ccc2cc(F)c(Cl)cc21,8.9
CHEMBL77418,CCOc1ccc(-c2cc(Cl)cc3c2N2CCNCCC2C3)cc1,6.58
CHEMBL77701,FC(F)(F)c1ccccc1-c1cccc2c1N1CCNCCC1C2,7.85
CHEMBL77734,Oc1ccc2[nH]cc(/C=N/Nc3ncc[nH]3)c2c1,6.95
CHEMBL77855,OC(c1ccc(F)cc1)C1CCN(CCc2ccccc2I)CC1,7.54
CHEMBL80706,Fc1ccc(-c2cc(Cl)cc3c2N2CCNCCC2C3)cc1,6.51
CHEMBL808,Clc1ccc(COC(Cn2ccnc2)c2ccc(Cl)cc2Cl)cc1,5.2
CHEMBL84888,Cn1ccc2cc3c(cc21)CCCN3C(=O)Nc1cccnc1,5.39
CHEMBL85882,NCC1c2ccccc2Cc2cc(Br)ccc21,8.48
CHEMBL862,N=C(N)NC(=O)Cc1c(Cl)cccc1Cl,6.12
CHEMBL86760,CCCCCCc1ccc2c(c1)Cc1ccccc1C2CN,7.21
CHEMBL87026,O=C(c1ccc(F)cc1)C1CCN(CCC2CCCc3ccccc3C2=O)CC1,6.3
CHEMBL87458,O=C(c1ccc(F)cc1)C1CCN(CCC2Cc3cc(F)ccc3C2=O)CC1,6.08
CHEMBL87717,O=C(c1ccc(F)cc1)C1CCN(CCC2Cc3ccccc3C2=O)CC1,6.78
CHEMBL87943,O=C(c1ccc(F)cc1)C1CCN(CCC2CCc3ccccc3C2=O)CC1,6.65
CHEMBL88193,COc1cc(OC)c(C(=O)CCCCN2CCC3(CC2)NC(=O)NC3=O)cc1NS(=O)(=O)c1cccc(Cl)c1,7.3
CHEMBL88402,COc1cc(OC)c(C(=O)CCCCN2CCC3(CC2)NC(=O)NC3=O)cc1NS(=O)(=O)c1ccc(C(F)(F)F)cc1,9.22
CHEMBL88571,COc1cc(OC)c(C(=O)CCCCN2CCC3(CC2)NC(=O)NC3=O)cc1NS(=O)(=O)c1ccccc1,7.5
CHEMBL88809,COc1cc(OC)c(C(=O)CCCCN2CCC3(CC2)NC(=O)NC3=O)cc1NS(=O)(=O)c1ccc(C(C)=O)cc1,7.4
CHEMBL88894,COc1cc(OC)c(C(=O)CCCCN2CCC3(CC2)NC(=O)NC3=O)cc1NS(=O)(=O)c1ccc(Cl)cc1,8.3
CHEMBL89967,COc1cc(OC)c(C(=O)CCCCN2CCC3(CC2)NC(=O)NC3=O)cc1NS(=O)(=O)c1ccc(C)cc1,8.0
CHEMBL900,Cc1ccccc1C(OCCN(C)C)c1ccccc1,6.55
CHEMBL90175,COc1cc(OC)c(C(=O)CCCCN2CCC3(CC2)NC(=O)NC3=O)cc1NS(=O)(=O)c1ccc(C#N)cc1,8.1
CHEMBL90267,COc1cc(OC)c(C(=O)CCCCN2CCC3(CC2)NC(=O)NC3=O)cc1NS(=O)(=O)c1ccc(S(N)(=O)=O)cc1,7.1
CHEMBL90346,COc1ccc(Cl)cc1C(=O)CCCCN1CCC2(CC1)NC(=O)NC2=O,8.4
CHEMBL90467,COc1ccc(S(=O)(=O)Nc2cc(C(=O)CCCCN3CCC4(CC3)NC(=O)NC4=O)c(OC)cc2OC)cc1,7.7
CHEMBL90470,COc1cc(Cl)ccc1C(=O)CCCCN1CCC2(CC1)NC(=O)NC2=O,8.2
CHEMBL90565,COc1cc(OC)c(C(=O)CCCCN2CCC3(CC2)NC(=O)NC3=O)cc1NS(=O)(=O)c1ccc(OC(F)(F)F)cc1,8.8
CHEMBL91,Clc1ccc(COC(Cn2ccnc2)c2ccc(Cl)cc2Cl)c(Cl)c1,5.55
CHEMBL91221,COc1cc(Cl)c(Cl)cc1C(=O)CCCCN1CCC2(CC1)NC(=O)NC2=O,9.6
CHEMBL91454,COc1cc(OC)c(C(=O)CCCCN2CCC3(CC2)NC(=O)NC3=O)cc1NS(=O)(=O)c1ccc(C(C)C)cc1,8.8
CHEMBL91855,CC(N)Cn1ccc2c1-c1cc(Cl)ccc1C2,8.4
CHEMBL92040,Cc1ccc2ccn(CC(C)N)c2c1,7.8
CHEMBL92145,COc1ccccc1N1CCN(CCC2CCc3ccccc3C2=O)CC1,6.63
CHEMBL92333,Clc1cccc(N2CCN(CC3C[C@@H]4c5ccccc5Cc5ccccc5[C@H]4O3)CC2)c1,6.97
CHEMBL92337,OCCN1CCN(CC2C[C@@H]3c4ccccc4Cc4ccccc4[C@H]3O2)CC1,6.77
CHEMBL92565,CC(N)Cn1ccc2c(F)cccc21,8.1
CHEMBL92656,CC(N)Cn1ccc2ccc(F)cc21,8.4
CHEMBL92667,CN(C)CC1C[C@@H]2c3ccccc3Cc3ccccc3[C@H]2O1,8.17
CHEMBL92673,O=C(O)C(=O)O.O=C(c1ccc(F)cc1)C1CCN(CCC2Cc3sccc3C2=O)CC1,6.38
CHEMBL92809,COc1cc(OC)c(C(=O)CCCCN2CCC3(CC2)NC(=O)NC3=O)cc1NS(=O)(=O)c1ccc(NC(C)=O)cc1,7.4
CHEMBL93154,CC(N)Cn1ccc2c1-c1cc(F)ccc1C2,8.5
CHEMBL93321,CN(C)CC1C[C@@H]2c3ccccc3OCc3ccccc3[C@H]2O1,7.49
CHEMBL93850,Cc1ccc2c(ccn2CC(C)N)c1,7.2
CHEMBL93862,COc1ccc(-c2ccccc2)cc1C(=O)CCCCN1CCC2(CC1)NC(=O)NC2=O,9.7
CHEMBL94272,CC(N)Cn1ccc2c1-c1cc(F)ccc1C2(C)C,8.3
CHEMBL94984,CC1CCN(CC[C@H]2CCCN2S(=O)(=O)c2cccc3ccccc23)CC1,6.0
CHEMBL95098,O=C(CCCN1CCN(CCC2Cc3ccccc3C2=O)CC1)c1ccc(F)cc1,5.21
CHEMBL95104,O=S(=O)(c1ccc2cc[nH]c2c1)N1CCC[C@@H]1CCN1CCC(Oc2ccc(Cl)cc2)CC1,6.57
CHEMBL95112,O=C(CCCN1CCN(CCC2Cc3sccc3C2=O)CC1)c1ccc(F)cc1,5.9
CHEMBL96095,COc1cccc2c1ccn2CC(C)N,6.9
CHEMBL96158,CN(C)CC1C[C@@H]2c3ccccc3Oc3ccccc3[C@H]2O1,7.51
CHEMBL96312,Cc1ccc2c(c1)-c1c(ccn1CC(C)N)C2,8.1
CHEMBL96429,c1ccc2c(c1)Cc1ccccc1[C@H]1CC(CN3CCOCC3)O[C@H]21,7.57
CHEMBL96471,c1ccc(C2CCN(CC3C[C@@H]4c5ccccc5Cc5ccccc5[C@H]4O3)CC2)cc1,7.37
CHEMBL96732,CN(C)CC1C[C@H]2c3ccccc3Cc3ccccc3[C@H]2O1,6.78
CHEMBL96781,O=C(CCCN1CCN(CCC2CCc3ccccc3C2=O)CC1)c1ccc(F)cc1,5.48
CHEMBL96816,CC(N)Cc1c[nH]c2ccc(F)cc12,8.0
CHEMBL96876,COc1cccc2c1-c1c(ccn1CC(C)N)C2,7.9
CHEMBL96883,CC(N)Cn1ccc2cc(F)ccc21,8.2
CHEMBL97211,Cc1cc(N2CCNCC2)c2cc(NS(=O)(=O)c3sc4ccc(Cl)cc4c3C)ccc2n1,5.6
CHEMBL98965,CCc1c(S(=O)(=O)Nc2ccc3nccc(N4CCNCC4)c3c2)sc2ccc(Cl)cc12,5.9
ZINC000000120144,NCCc1c[nH]c2ccccc12,7.3
ZINC000029130867,NC1=Nc2cccc(Cl)c2CN1,6.18
ZINC000000004285,Clc1cccc(N2CCNCC2)c1,8.09
ZINC000013556868,CN(C)CCc1c[nH]c2ccsc12,7.19
ZINC000002562379,NCCc1c[nH]c2cc(O)ccc12,5.26
ZINC000002034700,NCCc1c[nH]c2cccc(O)c12,7.4
ZINC000001491495,Clc1ccc2c(c1Cl)CCNCC2,8.06
ZINC000029060825,Fc1ccc2c(c1Cl)CCNCC2,7.37
ZINC000001491494,Clc1c(Br)ccc2c1CCNCC2,8.62
ZINC000029130549,C[C@@H]1NC(N)=Nc2cccc(Cl)c21,7.26
ZINC000000968303,CC(C)c1cccc(C(C)C)c1O,5.22
ZINC000013782221,N[C@H]1C[C@@H]1c1c[nH]c2ccccc12,7.67
ZINC000013586839,c1ccc2c(c1)cc1n2CCNC1,5.32
ZINC000001530649,Clc1cc(Cl)c(OCC#CI)cc1Cl,5.87
ZINC000000001522,N=C(N)N/N=C/c1c(Cl)cccc1Cl,6.97
ZINC000013586846,CN(C)CCn1ccc2ccccc21,6.14
ZINC000000897457,CN(C)CCc1c[nH]c2ccccc12,7.48
ZINC000001491496,N#Cc1ccc2c(c1Cl)CCNCC2,8.29
ZINC000029060631,CNc1ccc2c(c1Cl)CCNCC2,7.34
ZINC000011688918,C[C@H](N)CN1CCc2ccc(Cl)cc21,7.89
ZINC000013764826,C[C@H](N)Cn1ccc2ccc(F)cc21,8.4
ZINC000000003233,C[C@H](N)CN1CCc2ccc(Br)cc21,7.62
ZINC000001592424,CNCCc1c[nH]c2ccc(O)cc12,6.55
ZINC000000057163,COc1ccc2[nH]cc(CCN)c2c1,7.35
ZINC000028525919,CN(C)Cc1c[nH]c2cccc(O)c12,7.9
ZINC000029060642,COc1ccc2c(c1Cl)CCNCC2,7.7
ZINC000029124828,C[C@H](N)Cn1ncc2cc(F)ccc21,7.37
ZINC000000017259,C[C@H](N)Cn1ncc2ccc(F)cc21,7.49
ZINC000013679044,C[C@@H](N)Cn1ncc2ccc(O)cc21,7.47
ZINC000000009096,C[C@H](N)Cn1ncc2ccc(O)cc21,8.52
ZINC000000003219,c1ccc2c(c1)cc1n2CCNCC1,8.32
ZINC000028459393,C[C@H]1CNC[C@@H]2Cc3ccccc3N12,6.74
ZINC000028459390,C[C@@H]1CNC[C@@H]2Cc3ccccc3N21,7.89
ZINC000028459395,C[C@@H]1CNC[C@H]2Cc3ccccc3N12,8.66
ZINC000013130932,CC1=NCCc2c1[nH]c1ccccc21,5.73
ZINC000002018608,c1ccc2c3c([nH]c2c1)CCNCC3,8.21
ZINC000013586842,Clc1ccc2c(c1)cc1n2CCNC1,5.84
ZINC000013586840,Clc1cccc2cc3n(c12)CCNC3,6.28
ZINC000013586841,Clc1ccc2cc3n(c2c1)CCNC3,6.25
ZINC000100009616,c1ccc2c(c1)Nc1ccccc1S2,5.93
ZINC000029060487,c1cc2c3c(ccc2o1)CCNCC3,7.7
ZINC000029060497,c1cc2ccc3c(c2o1)CCNCC3,7.64
ZINC000000001689,COc1cc(CCN)cc(OC)c1OC,6.52
ZINC000000006375,C[C@@H](N)Cn1ccc2cc(F)c(Cl)cc21,9.0
ZINC000026466711,C[C@H](N)CN1CCc2cc(F)c(Cl)cc21,7.85
ZINC000013586850,C[C@H](N)Cn1ccc2cc(F)c(F)cc21,9.0
ZINC000026402694,C[C@H](N)CN1CCc2cc(F)c(I)cc21,7.77
ZINC000013985102,CN(C)CCc1c[nH]c2cccc(F)c12,7.09
ZINC000026403889,CSc1ccc2c(c1)N(C[C@H](C)N)CC2,8.24
ZINC000029060903,O=[N+]([O-])c1ccc2c(c1Cl)CCNCC2,7.85
ZINC000000001070,CN(C)CCc1c[nH]c2ccc(O)cc12,7.15
ZINC000002039538,CN(C)CCc1c[nH]c2cc(O)ccc12,5.17
ZINC000028528938,CN(C)Cc1cn(C)c2cccc(O)c12,7.06
ZINC000028526235,CN(C)CCn1ccc2c(O)cccc21,5.66
ZINC000029124786,C[C@H](N)Cn1ncc2cc(Cl)c(Cl)cc21,8.12
ZINC000029124741,C[C@H](N)Cn1ncc2ccc(Cl)c(Cl)c21,8.4
ZINC000002539813,NCCc1c[nH]c2ccc(C(N)=O)cc12,6.23
ZINC000013679046,COc1ccc2cnn(C[C@H](C)N)c2c1,8.82
ZINC000013679048,Cc1c(O)ccc2cnn(C[C@H](C)N)c12,8.44
ZINC000013679052,C[C@H](N)Cn1ncc2ccc(O)c(Cl)c21,8.92
ZINC000013679050,C[C@H](N)Cn1ncc2ccc(O)c(F)c21,9.0
ZINC000013679054,C[C@H](N)Cn1ncc2ccc(O)c(I)c21,8.32
ZINC000002513539,c1nc(N2CCNCC2)c2sccc2n1,6.95
ZINC000012954996,c1nc(N2CCNCC2)c2ccsc2n1,6.9
ZINC000028469490,Cc1ccc2c(c1)N1[C@H](C)CNC[C@H]1C2,8.89
ZINC000013535371,CN1CCc2cc3ccccc3n2CC1,7.89
ZINC000013535389,Cc1c2n(c3ccccc13)CCNCC2,8.17
ZINC000028464573,Cc1cccc2c1N1[C@H](C)CNC[C@H]1C2,8.59
ZINC000013586845,Cc1c2n(c3ccc(Cl)cc13)CCNC2,6.35
ZINC000013535383,Clc1c2n(c3ccccc13)CCNCC2,8.33
ZINC000028463701,Cc1c(Cl)ccc2c1N1CCNC[C@H]1C2,8.82
ZINC000028461465,Cc1c(Cl)ccc2c1N1CCNC[C@@H]1C2,7.49
ZINC000075602726,O=C1c2ccccc2C[C@H]2CNCCN12,5.75
ZINC000075602725,O=C1c2ccccc2C[C@@H]2CNCCN12,7.62
ZINC000005393942,COc1ccc2c(c1)cc1n2CCNC1,5.0
ZINC000013586843,COc1cccc2cc3n(c12)CCNC3,5.7
ZINC000013586844,COc1ccc2cc3n(c2c1)CCNC3,5.29
ZINC000036270529,C[C@H]1c2c(ccc(Cl)c2Cl)[C@H]2CNC[C@H]21,8.3
ZINC000036270550,Cc1cc2c(cc1Cl)[C@H]1CNC[C@H]1[C@H]2C,6.87
ZINC000036270536,C[C@H]1c2cc(Cl)c(O)cc2[C@H]2CNC[C@H]21,7.57
ZINC000013982541,Cc1ccc2c(n1)N1[C@H](C)CNC[C@H]1C2,8.57
ZINC000015443139,c1cc2sccc2c(N2CCNCC2)n1,7.85
ZINC000028571455,C[C@@H]1CNC[C@H]2Cc3ccc(Cl)nc3N12,8.8
ZINC000028571457,C[C@@H]1CNC[C@@H]2Cc3ccc(Cl)nc3N21,7.28
ZINC000028572387,C[C@@H]1CNC[C@H]2Cc3ccc(Br)nc3N12,9.1
ZINC000028572467,C[C@@H]1CNC[C@@H]2Cc3ccc(Br)nc3N21,7.68
ZINC000004287704,c1cc2occc2c(N2CCNCC2)n1,7.66
ZINC000001850497,CCCCCCCCCc1ccc(O)cc1,5.87
ZINC000002007526,CCOc1c(OC)cc(CCN)cc1OC,6.75
ZINC000028571648,C[C@@H]1CNC[C@H]2Cc3ccc(C#N)nc3N12,7.22
ZINC000045356152,Clc1nc(N2CCNCC2)nc2sccc12,9.0
ZINC000029124692,C[C@H](N)Cn1ncc2ccc3ocnc3c21,7.23
ZINC000045356155,Cc1cc2c(N3CCNCC3)ncnc2o1,6.81
ZINC000028469746,Cc1ccc2c(c1C)N1[C@H](CNC[C@H]1C)C2,8.02
ZINC000028464976,Cc1ccc2c(c1C)N1[C@H](C)CNC[C@H]1C2,8.77
ZINC000013535375,CCN1CCc2cc3ccccc3n2CC1,7.42
ZINC000022010586,Cc1c(Cl)ccc2c1N1[C@H](C)CNC[C@H]1C2,9.52
ZINC000011686487,Cc1c(Cl)ccc2c1N1[C@H](CNC[C@H]1C)C2,8.72
ZINC000096906798,C[C@@H]1CN2C(=O)c3ccccc3C[C@@H]2CN1,5.76
ZINC000038302212,C[C@H]1CN2C(=O)c3ccccc3C[C@@H]2CN1,6.48
ZINC000100039598,COc1ccc2[nH]c3c(c2c1)CCN=C3C,6.03
ZINC000013527309,NCCc1c[nH]c2ccc3c(c12)CCCO3,8.2
ZINC000018847046,COc1ccc2c(c1)[nH]c1c(C)nccc12,5.03
ZINC000028463764,C[C@@H]1CNC[C@H]2Cc3ccc(CO)cc3N12,7.47
ZINC000013535386,O=Cc1c2n(c3ccccc13)CCNCC2,7.92
ZINC000000017969,COc1c2n(c3ccc(Cl)cc13)CCNC2,6.48
ZINC000013473096,NCC1c2ccccc2Cc2ccccc21,7.37
ZINC000013779775,COc1cc(Br)c2c3c1C[C@H](N)C[C@H]3CO2,5.38
ZINC000036270531,COc1cc2c(cc1Br)[C@H](C)[C@@H]1CNC[C@H]21,7.57
ZINC000045386232,Brc1cn2ccnc2c(N2CCNCC2)n1,6.68
ZINC000028464173,C[C@@H]1CNC[C@H]2Cc3ccc(C#N)cc3N12,8.42
ZINC000013535393,N#Cc1c2n(c3ccccc13)CCNCC2,7.07
ZINC000029124743,C[C@H](N)Cn1ncc2ccc3sccc3c21,8.85
ZINC000029124744,C[C@H](N)Cn1ncc2ccc3occc3c21,9.7
ZINC000028571970,C[C@@H]1CNC[C@H]2Cc3ccc(CO)nc3N12,7.27
ZINC000028571968,COc1ccc2c(n1)N1[C@H](C)CNC[C@H]1C2,6.98
ZINC000026145234,O=C1Nc2ccc(Cl)cc2N2CCNC[C@H]12,7.47
ZINC000013586849,CN(C)CCn1ccc2cc(F)c(F)cc21,6.52
ZINC000000009256,CSc1cc2c(cc1F)CCN2C[C@H](C)N,8.49
ZINC000026469803,CCSc1ccc2c(c1)N(C[C@H](C)N)CC2,7.8
ZINC000029060907,CN1CCc2ccc([N+](=O)[O-])c(Cl)c2CC1,7.18
ZINC000000057152,COc1ccc2[nH]cc(CCN(C)C)c2c1,7.38
ZINC000013586848,COc1ccc2ccn(CCN(C)C)c2c1,6.31
ZINC000028528940,CN(C)CCCc1c[nH]c2cccc(O)c12,7.08
ZINC000028528263,Cc1[nH]c2cccc(O)c2c1CCN(C)C,6.27
ZINC000013985099,CN(C)CCc1cn(C)c2cccc(O)c12,8.15
ZINC000036093366,NCCc1cccc(Sc2ccccc2)c1,6.82
ZINC000013606276,COc1cc(CCN)c2c(c1OC)OCC2,6.93
ZINC000029124784,COc1ccc2cnn(C[C@H](C)N)c2c1Cl,6.85
ZINC000026576077,c1cc2c3c(c1)c1c(n3CCNC2)CCC1,7.01
ZINC000003986755,c1cc2c3c(c1)[C@H]1CCC[C@H]1N3CCNC2,8.1
ZINC000030691381,c1cc2c3c(c1)[C@H]1CCC[C@H]1CN3CCNC2,8.52
ZINC000026578408,Cc1cc2c3c(c1)c1c(n3CCNC2)CCC1,6.01
ZINC000013535358,c1cc2c3c(c1)c1c(n3CCO2)CCNCC1,8.37
ZINC000026474521,CCSc1cc2c(cc1F)CCN2C[C@H](C)N,8.19
ZINC000029130610,C[C@@H]1NC(NCC(F)F)=Nc2cccc(Cl)c21,6.45
ZINC000000002226,Cc1cc2cc3c(C)cc(=O)oc3c(C)c2o1,5.91
ZINC000013535380,CCCN1CCc2cc3ccccc3n2CC1,7.19
ZINC000096908045,COc1ccc2c(c1)C[C@@H]1CNCCN1C2=O,6.62
ZINC000028604302,COc1ccc(Cl)c2c1C(=O)N1CCNC[C@@H]21,5.3
ZINC000096908035,CCc1cccc2c1C(=O)N1CCNC[C@H]1C2,8.1
ZINC000096908042,CCc1ccc2c(c1)C[C@@H]1CNCCN1C2=O,7.26
ZINC000028525915,Oc1cccc2[nH]cc(CCN3CCCC3)c12,6.56
ZINC000013757083,C[C@@H](N)Cc1c2c(c(Br)c3c1OCC3)OCC2,9.59
ZINC000000154557,CC(=O)Nc1ccc2c(c1)Cc1ccccc1-2,5.95
ZINC000036270534,CCOc1cc2c(cc1Cl)[C@H](C)[C@@H]1CNC[C@H]21,6.64
ZINC000013606278,COc1c2c(c(CCN)c3c1OCC3)CCO2,7.21
ZINC000028568594,C[C@H](N)Cn1ccc2ccc3ccncc3c21,7.43
ZINC000003963592,C[C@H](N)Cn1ccc2ccc3cccnc3c21,7.57
ZINC000000025579,C[C@H](N)Cn1ccc2ccc3cnccc3c21,7.14
ZINC000000008671,C[C@H](N)Cn1ccc2ccc3ncccc3c21,8.8
ZINC000029124687,Cc1nn(C[C@H](C)N)c2c1ccc1occc12,7.89
ZINC000028572250,C[C@H](O)c1ccc2c(n1)N1[C@H](C)CNC[C@H]1C2,7.41
ZINC000028571914,COCc1ccc2c(n1)N1[C@H](C)CNC[C@H]1C2,7.8
ZINC000013535397,NC(=O)c1c2n(c3ccccc13)CCNCC2,7.13
ZINC000029124628,Cc1cc2c(ccc3cnn(C[C@H](C)N)c32)o1,9.7
ZINC000003966376,O=C1Nc2cc(Cl)c(Cl)cc2N2CCNC[C@H]12,8.52
ZINC000013371026,CN1C(=N)N/C(=C/c2c[nH]c3ccccc23)C1=O,5.0
ZINC000001587056,COc1nc(N2CCNCC2)nc2c1CCCC2,7.64
ZINC000028463118,C[C@@H]1CNC[C@H]2Cc3ccc(C(F)(F)F)cc3N12,8.85
ZINC000035963097,CCOc1cccc2c1C[C@@H]1CNCCN1C2=O,7.72
ZINC000096908053,CCc1cc(C)c2c(c1)C[C@@H]1CNCCN1C2=O,7.04
ZINC000096908043,CCCc1ccc2c(c1)C[C@@H]1CNCCN1C2=O,7.11
ZINC000013527312,CN(C)CCc1c[nH]c2ccc3c(c12)CCCO3,7.8
ZINC000035270815,O=C1c2c(cccc2C(F)(F)F)[C@@H]2CNCCN12,8.15
ZINC000045340271,CCCn1cnc2c(N3CCNCC3)ncnc21,6.42
ZINC000028568166,C[C@H](N)Cn1ccc2cc(Cl)c3ncccc3c21,8.62
ZINC000028571969,C[C@@H]1CNC[C@H]2Cc3ccc(C(F)(F)F)nc3N12,7.85
ZINC000000017686,COc1nn(C[C@H](C)N)c2c1ccc1occc12,9.29
ZINC000029124689,CCc1nn(C[C@H](C)N)c2c1ccc1occc12,8.6
ZINC000028464181,CC(=O)Nc1ccc2c(c1)N1[C@H](C)CNC[C@H]1C2,6.17
ZINC000009379131,O=C(Nc1cccnc1)N1CCc2ccccc21,5.9
ZINC000014952633,CCc1cc2c(ccc3cnn(C[C@@H](C)N)c32)o1,9.05
ZINC000000009128,CCc1cc2c(ccc3cnn(C[C@H](C)N)c32)o1,9.05
ZINC000101514102,O=C1NC(=S)N/C1=C\c1c[nH]c2ccc(Br)cc12,5.36
ZINC000101514087,O=C1NC(=S)N/C1=C\c1c[nH]c2cccc(Br)c12,5.73
ZINC000026578249,Cc1cc2c3c(c1)c1c(n3CCNC2)CCCC1,6.22
ZINC000026577208,c1cc2c3c(c1)c1c(n3CCNC2)CCCCC1,7.42
ZINC000026579043,C[C@@H]1Cn2c3c(c4cccc(c42)CN1)CCCC3,6.72
ZINC000026579166,C[C@H]1Cn2c3c(c4cccc(c42)CN1)CCCC3,6.34
ZINC000026578407,Clc1cc2c3c(c1)c1c(n3CCNC2)CCCC1,6.45
ZINC000026576078,Fc1ccc2c3c1c1c(n3CCNC2)CCCC1,6.95
ZINC000096908036,O=C1c2c(cccc2C2CC2)C[C@@H]2CNCCN12,7.19
ZINC000001494860,c1ccc2c(c1)Cc1ccccc1C21CCNC1,7.62
ZINC000026473849,C[C@H](N)CN1CCc2cc(F)c(C(F)(F)F)cc21,7.59
ZINC000049069480,C[C@H]1CNC[C@@H](C)N1C(=O)OCc1ccccc1,7.08
ZINC000040429903,CCCNS(=O)(=O)c1ccc2c(c1)CCNCC2,6.27
ZINC000000005608,COc1ccc2cccc(CCNC(C)=O)c2c1,6.15
ZINC000029131081,C[C@@H]1NC(NCC(F)F)=Nc2ccc(Cl)c(Cl)c21,6.92
ZINC000002510048,CN(C)CCN(Cc1cccs1)c1ccccn1,6.41
ZINC000000608213,Oc1c(Cl)cc(Cl)cc1Sc1cc(Cl)cc(Cl)c1O,5.34
ZINC000000113404,CN(C)CC[C@@H](c1ccc(Cl)cc1)c1ccccn1,5.91
ZINC000028527297,CCCCn1cc(CCN(C)C)c2c(O)cccc21,8.36
ZINC000000057435,Cc1cc(C(C)(C)C)c(O)c(C)c1CC1=NCCN1,6.52
ZINC000000056556,CC(C)NC[C@H](O)COc1cccc2ccccc12,6.15
ZINC000002548685,c1ccc2c(c1)sc1c(N3CCNCC3)ncnc12,6.35
ZINC000003949644,c1cc2c3c(c1)c1c(n3CCNC2)CCCCCC1,7.89
ZINC000026579167,CC1(C)CCc2c(c3cccc4c3n2CCNC4)C1,6.61
ZINC000013371032,C/N=C1/N/C(=C/c2c[nH]c3ccccc23)C(=O)N1C,5.0
ZINC000029042086,CN1C(=N)N(C)/C(=C/c2c[nH]c3ccccc23)C1=O,5.0
ZINC000096937899,CN1C(=N)N/C(=C/c2c[nH]c3ccc(Br)cc23)C1=O,5.9
ZINC000096937900,CN1C(=N)N/C(=C/c2c[nH]c3c(Br)cccc23)C1=O,5.0
ZINC000013371043,CN1C(=N)N/C(=C/c2c[nH]c3cc(Br)ccc23)C1=O,5.72
ZINC000013371047,CN1C(=N)NC(=O)/C1=C\c1c[nH]c2cc(Br)ccc12,5.41
ZINC000096937898,CN1C(=N)N/C(=C/c2c[nH]c3cccc(Br)c23)C1=O,5.77
ZINC000071296109,c1ccc(Sc2cccc(N3CCNCC3)c2)cc1,7.04
ZINC000096908051,CCCOc1cccc2c1C[C@@H]1CNCCN1C2=O,7.15
ZINC000095590792,O=c1c2c(on1Cc1cccc(I)c1)CCNCC2,5.32
ZINC000095589008,O=c1c2c(on1Cc1ccccc1I)CCNCC2,5.14
ZINC000040980555,O=S(=O)(NCC1CC1)c1ccc2c(c1)CCNCC2,6.63
ZINC000040952610,O=S(=O)(c1ccc2c(c1)CCNCC2)N1CCCC1,7.3
ZINC000035272936,O=C1c2c(cc(Cl)cc2C(F)(F)F)[C@@H]2CNCCN12,6.05
ZINC000034507115,O=C1c2ccc(C(F)(F)F)cc2C[C@@H]2CNCCN12,6.34
ZINC000096908049,O=C1c2cccc(C(F)(F)F)c2C[C@@H]2CNCCN12,5.85
ZINC000028604275,C[C@H]1CNC[C@H]2c3cccc(C(F)(F)F)c3C(=O)N12,7.13
ZINC000028604274,C[C@@H]1CN2C(=O)c3c(cccc3C(F)(F)F)[C@@H]2CN1,6.49
ZINC000084804834,C[C@H]1CN2C(=O)c3c(cccc3C(F)(F)F)[C@@H]2CN1,6.43
ZINC000035271795,C[C@@H]1NCCN2C(=O)c3c(cccc3C(F)(F)F)[C@H]12,7.55
ZINC000005965166,CN(C)[C@@H]1Cc2ccccc2[C@@H](c2ccccc2)C1,7.52
ZINC000005965219,CN(C)[C@H]1Cc2ccccc2[C@H](c2ccccc2)C1,6.37
ZINC000071341052,Cc1cccc(Cc2ncc3c(n2)CCNCC3)c1,6.68
ZINC000071340434,Cc1ccccc1Cc1ncc2c(n1)CCNCC2,6.52
ZINC000026159525,FC(F)(F)c1cc2c(cc1Cl)N1CCNC[C@@H]1CN2,7.77
ZINC000029126090,Cc1nc2c(c(-c3ccc(Cl)cc3)n1)CCNCC2,5.3
ZINC000071341905,Clc1cccc(Cc2ncc3c(n2)CCNCC3)c1,7.08
ZINC000071335238,Clc1ccccc1Cc1ncc2c(n1)CCNCC2,5.73
ZINC000013535406,NC(=O)C(=O)c1c2n(c3ccccc13)CCNCC2,6.87
ZINC000029124691,CCCc1nn(C[C@H](C)N)c2c1ccc1occc12,7.6
ZINC000103241373,NC(N)=NC(=O)c1ccc2c(c1)Cc1ccccc1-2,6.7
ZINC000029125317,CCc1cc2c(ccc3c(C)nn(C[C@H](C)N)c32)o1,8.3
ZINC000028572301,CCO[C@@H](C)c1ccc2c(n1)N1[C@H](C)CNC[C@H]1C2,8.64
ZINC000028572302,CCO[C@H](C)c1ccc2c(n1)N1[C@H](C)CNC[C@H]1C2,7.03
ZINC000029125316,CC(C)c1cc2c(ccc3cnn(C[C@H](C)N)c32)o1,7.7
ZINC000028528934,CN1CCN(CCc2c[nH]c3cccc(O)c23)CC1,6.99
ZINC000101514099,CSC1=NC(=O)/C(=C/c2c[nH]c3ccc(Br)cc23)N1,5.68
ZINC000101514097,CSC1=NC(=O)/C(=C/c2c[nH]c3cc(Br)ccc23)N1,5.36
ZINC000101514081,CSC1=NC(=O)/C(=C/c2c[nH]c3cccc(Br)c23)N1,6.05
ZINC000013779413,O=C(Nc1cccnc1)N1CCc2cc(Cl)ccc21,7.1
ZINC000013779422,O=C(Nc1cccnc1)N1CCc2ccc(Cl)cc21,7.3
ZINC000001530811,CCCCNc1ccc(C(=O)OCCN(C)C)cc1,5.77
ZINC000001530716,CCN(CC)CCNC(=O)c1cc(Cl)c(N)cc1OC,5.9
ZINC000018825330,O=c1c(-c2ccc(O)cc2)coc2cc(O)cc(O)c12,5.11
ZINC000013371022,C/N=C1\N(C)C(=O)/C(=C\c2c[nH]c3ccccc23)N1C,5.0
ZINC000053297998,CCN1C(=N)N(C)/C(=C\c2c[nH]c3ccccc23)C1=O,5.08
ZINC000096937892,C/N=C1/N/C(=C/c2c[nH]c3ccc(Br)cc23)C(=O)N1C,5.87
ZINC000038883519,CN1C(=N)N(C)/C(=C/c2c[nH]c3ccc(Br)cc23)C1=O,5.9
ZINC000096937894,C/N=C1/N/C(=C/c2c[nH]c3c(Br)cccc23)C(=O)N1C,5.0
ZINC000084690242,CN1C(=N)N(C)/C(=C/c2c[nH]c3c(Br)cccc23)C1=O,5.52
ZINC000096937893,C/N=C1/N/C(=C/c2c[nH]c3cc(Br)ccc23)C(=O)N1C,5.0
ZINC000053296520,CN1C(=N)N(C)/C(=C/c2c[nH]c3cc(Cl)ccc23)C1=O,6.78
ZINC000053314917,CN1C(=N)N(C)/C(=C/c2c[nH]c3cc(F)ccc23)C1=O,5.67
ZINC000013371039,CN1C(=N)N(C)/C(=C/c2c[nH]c3cc(Br)ccc23)C1=O,6.48
ZINC000000016912,Cc1cc(NC(=O)Nc2ccc3c(ccn3C)c2)sn1,5.82
ZINC000096937891,C/N=C1/N/C(=C/c2c[nH]c3cccc(Br)c23)C(=O)N1C,5.63
ZINC000084723969,CN1C(=N)N(C)/C(=C/c2c[nH]c3cccc(Br)c23)C1=O,5.56
ZINC000000007578,CN(C)CCc1c(-c2ccccc2)[nH]c2ccccc12,6.74
ZINC000019156872,CN1CCN(C(c2ccccc2)c2ccccc2)CC1,6.27
ZINC000026643080,CCN(C)CCc1c(-c2cccs2)[nH]c2ccccc12,6.92
ZINC000000010402,CN(C)CCCN1c2ccccc2Sc2ccccc21,7.28
ZINC000118542109,Cc1nc(COc2ccc(Cl)cc2OC2CNC2)cs1,5.96
ZINC000040379691,O=S(=O)(c1ccc2c(c1)CCNCC2)N1CCCCC1,8.05
ZINC000040952608,CN(CC1CC1)S(=O)(=O)c1ccc2c(c1)CCNCC2,8.15
ZINC000036270513,O=C1c2c(cc(CO)cc2C(F)(F)F)[C@@H]2CNCCN12,6.34
ZINC000004638477,C[C@@H]1CN(c2ccc(C(F)(F)F)c3ccoc23)CCN1,8.62
ZINC000035271292,CC1(C)CN2C(=O)c3c(cccc3C(F)(F)F)[C@@H]2CN1,5.84
ZINC000028604486,CC[C@@H]1NCCN2C(=O)c3c(cccc3C(F)(F)F)[C@H]12,6.47
ZINC000036270521,C=Cc1cc2c(c(C(F)(F)F)c1)C(=O)N1CCNC[C@@H]21,7.37
ZINC000034461993,CCc1cc2c(c(C(F)(F)F)c1)C(=O)N1CCNC[C@@H]21,7.8
ZINC000036270523,C#Cc1cc2c(c(C(F)(F)F)c1)C(=O)N1CCNC[C@@H]21,6.48
ZINC000013535402,O=C(c1c2n(c3ccccc13)CCNCC2)C(F)(F)F,7.27
ZINC000040950220,O=S(=O)(c1ccc2c(c1)CCNCC2)N1CCOCC1,6.73
ZINC000001530741,CNCCC=C1c2ccccc2CCc2ccccc21,8.09
ZINC000001853550,CN[C@H]1CC[C@@H](c2ccc(Cl)c(Cl)c2)c2ccccc21,6.25
ZINC000040951679,O=S(=O)(c1ccccc1)c1ccc2c(c1)CCNCC2,8.22
ZINC000028568278,C=CCN[C@@H](C)Cn1ccc2ccc3ncccc3c21,7.07
ZINC000029125293,CCc1cc2c(ccc3c(OC)nn(C[C@H](C)N)c32)o1,7.92
ZINC000029125318,CCc1cc2c(ccc3c(CC)nn(C[C@H](C)N)c32)o1,8.57
ZINC000013779430,O=C(Nc1cccnc1)N1CCc2cc(Cl)c(Cl)cc21,8.1
ZINC000013779428,O=C(Nc1cccnc1)N1CCc2ccc(Cl)c(Cl)c21,6.1
ZINC000013779423,O=C(Nc1cccnc1)N1CCc2c1ccc(Cl)c2Cl,7.6
ZINC000013779431,O=C(Nc1cccnc1)N1CCc2cc(I)c(Cl)cc21,8.49
ZINC000000006247,Cc1cc2c(cc1Cl)N(C(=O)Nc1cccnc1)CC2,8.2
ZINC000013779436,Cc1cc2c(cc1I)N(C(=O)Nc1cccnc1)CC2,8.49
ZINC000013779435,Cc1cc2c(cc1Br)N(C(=O)Nc1cccnc1)CC2,8.4
ZINC000013779434,Cc1cc2c(cc1Cl)CCN2C(=O)Nc1cccnc1,8.0
ZINC000013779425,Cc1ccc2c(c1I)CCN2C(=O)Nc1cccnc1,7.6
ZINC000013779424,Cc1ccc2c(c1Br)CCN2C(=O)Nc1cccnc1,8.1
ZINC000002017303,CN(C)CCc1cn(C)c2cccc(OP(=O)(O)O)c12,6.27
ZINC000040429425,O=C(NCc1ccc(OC(F)(F)F)cc1)[C@@H]1CCCN1,6.49
ZINC000082155491,C=Cc1cc(CCNC(C)=O)c2cc(OC)ccc2c1,6.0
ZINC000058582351,C1=C(N2CCNCC2)c2nccn2Cc2ccccc21,7.7
ZINC000029126502,Fc1ccc(-c2nc(C3CC3)nc3c2CNCC3)cc1,5.3
ZINC000028572249,C[C@@H]1CNC[C@H]2Cc3ccc(COCC4CC4)nc3N12,8.44
ZINC000026577217,CC1(C)Cc2c(c3cccc4c3n2CCNC4)C(C)(C)C1,7.1
ZINC000002580888,c1ccc(-c2[nH]c3ccccc3c2C2CCNCC2)cc1,6.4
ZINC000001530688,CNCCCC12CCC(c3ccccc31)c1ccccc12,7.39
ZINC000000001968,CN1CCC(=C2c3ccccc3CCc3sccc32)CC1,8.85
ZINC000034233256,CNC[C@@H]1C[C@H]2c3ccccc3Cc3ccccc3[C@@H]2O1,7.8
ZINC000029126506,Fc1ccc(-c2nc(C3CCC3)nc3c2CNCC3)cc1,6.39
ZINC000001530968,Oc1c(Cl)cc(Cl)c(Cl)c1Cc1c(O)c(Cl)cc(Cl)c1Cl,5.62
ZINC000073197730,C=CCc1cc(CCNC(C)=O)c2cc(OC)ccc2c1,6.84
ZINC000019144216,COc1ccc(CN(CCN(C)C)c2ccccn2)cc1,6.23
ZINC000013371024,CC/N=C1\N(C)C(=O)/C(=C\c2c[nH]c3ccccc23)N1C,5.46
ZINC000000023433,CCC(=O)Nc1ccc2[nH]cc(C3CCN(C)CC3)c2n1,6.51
ZINC000053242612,CN1C(=N)N(C)/C(=C/c2c[nH]c3cc(Cl)c(Cl)cc23)C1=O,7.34
ZINC000084707345,C/N=C1\N(C)C(=O)/C(=C\c2c[nH]c3ccc(Br)cc23)N1C,5.61
ZINC000084689179,C/N=C1\N(C)C(=O)/C(=C\c2c[nH]c3c(Br)cccc23)N1C,5.19
ZINC000053229675,CCN1C(=N)N(C)/C(=C/c2c[nH]c3cc(F)ccc23)C1=O,5.28
ZINC000084672523,C/N=C1\N(C)C(=O)/C(=C\c2c[nH]c3cc(Br)ccc23)N1C,5.91
ZINC000084689514,C/N=C1\N(C)C(=O)/C(=C\c2c[nH]c3cccc(Br)c23)N1C,5.73
ZINC000000020245,CN(C)CCCN1c2ccccc2CCc2ccccc21,6.8
ZINC000026647918,CCN(C)CCc1c(-c2ccccc2)[nH]c2ccccc12,7.96
ZINC000000044027,CN(C)CCCN1c2ccccc2Sc2ccc(Cl)cc21,8.56
ZINC000040954086,O=S(=O)(Nc1ccccc1)c1ccc2c(c1)CCNCC2,6.42
ZINC000035272929,CC(=O)c1cc2c(c(C(F)(F)F)c1)C(=O)N1CCNC[C@@H]21,5.79
ZINC000049070846,O=C(NCc1ccc(C2CCCCC2)cc1)[C@@H]1CCCN1,8.36
ZINC000071294321,COc1ccc(Sc2cccc(N3CCNCC3)c2)cc1,7.13
ZINC000036270519,CC(C)c1cc2c(c(C(F)(F)F)c1)C(=O)N1CCNC[C@@H]21,7.29
ZINC000036270511,CCCc1cc2c(c(C(F)(F)F)c1)C(=O)N1CCNC[C@@H]21,7.32
ZINC000000968257,CN(C)CCC=C1c2ccccc2CCc2ccccc21,8.5
ZINC000118539538,Clc1cccc(COc2ccc(Br)cc2OC2CNC2)c1,6.12
ZINC000029126472,CC(C)Cc1nc2c(c(-c3ccc(F)cc3)n1)CNCC2,6.0
ZINC000029126508,CC(C)(C)c1nc2c(c(-c3ccc(F)cc3)n1)CNCC2,7.0
ZINC000029126091,CC(C)c1nc2c(c(-c3ccc(F)cc3)n1)CCNCC2,7.1
ZINC000000170719,Cc1ccc2nc(C(F)(F)F)cc(N3CCNCC3)c2c1,6.02
ZINC000000020251,Cc1ccc(N(CC2=NCCN2)c2cccc(O)c2)cc1,6.68
ZINC000029125294,CCN(CC)c1nc2c(c(-c3ccc(C)cc3)n1)CNCC2,6.52
ZINC000001489862,CCN(CC)CCc1c(-c2ccccc2)[nH]c2ccccc12,6.8
ZINC000026642342,CCN(C)CCc1c(-c2ccc(Cl)cc2)[nH]c2ccccc12,7.44
ZINC000026646210,CCN(C)CCc1c(-c2cccc(F)c2)[nH]c2ccccc12,8.08
ZINC000026641114,CCN(C)CCc1c(-c2ccc(F)cc2)[nH]c2ccccc12,7.51
ZINC000000020248,CN(C)CCCN1c2ccccc2CCc2ccc(Cl)cc21,7.74
ZINC000026580256,CCN(C)CCc1c(-c2ccccc2F)[nH]c2ccccc12,7.52
ZINC000040422418,O=S(=O)(Nc1ccccc1Cl)c1ccc2c(c1)CCNCC2,6.81
ZINC000040972253,O=S(=O)(Nc1ccccc1F)c1ccc2c(c1)CCNCC2,6.88
ZINC000040430560,CN(c1ccccc1)S(=O)(=O)c1ccc2c(c1)CCNCC2,5.92
ZINC000036270518,CCCCc1cc2c(c(C(F)(F)F)c1)C(=O)N1CCNC[C@@H]21,7.24
ZINC000040952990,CN1CCN(c2cc(-c3ccc(C#N)cc3)nc(N)n2)CC1,5.52
ZINC000013781833,COc1ccc2cc(CC3CC3)cc(CCNC(C)=O)c2c1,6.41
ZINC000000002264,CN(C)CCOC1=Cc2ccccc2Sc2ccc(Cl)cc21,8.54
ZINC000071341249,FC(F)(F)c1cccc(Cc2ncc3c(n2)CCNCC3)c1,6.52
ZINC000103224531,CN1CCc2c(c3cccc4c3n2-c2ccccc2CC4)C1,8.0
ZINC000052957434,Cc1cc2c(s1)Nc1ccccc1N=C2N1CCN(C)CC1,8.55
ZINC000001489863,c1ccc(-c2[nH]c3ccccc3c2CCN2CCCC2)cc1,6.59
ZINC000003786466,CCCN1C[C@H](CSC)C[C@@H]2c3cccc4[nH]cc(c34)C[C@H]21,6.7
ZINC000003981534,F[C@@H]1CCNC[C@H]1c1c(-c2ccccc2)[nH]c2ccccc12,7.72
ZINC000000001261,Clc1ccc2c(c1)CCc1cccnc1C2=C1CCNCC1,7.8
ZINC000013862746,Fc1ccc2c([C@@H]3CNCC[C@H]3F)c(-c3ccsc3)[nH]c2c1,7.3
ZINC000013436820,CN(C)C[C@@H]1C[C@@H]2c3ccccc3Cc3ccccc3N2O1,9.0
ZINC000028528935,Oc1cccc2[nH]cc(CCN3CCCc4ccccc43)c12,6.33
ZINC000036270527,CC1(c2cc3c(c(C(F)(F)F)c2)C(=O)N2CCNC[C@@H]32)CC1,7.47
ZINC000000968264,CN1CCC(=C2c3ccccc3C=Cc3ccccc32)CC1,8.89
ZINC000028523162,CN(C)C[C@H]1C[C@H]2c3ccccc3Oc3ccccc3[C@@H]2O1,6.74
ZINC000003959715,CN(C)C[C@H]1C[C@@H]2c3ccccc3Cc3ccccc3[C@H]2O1,9.03
ZINC000026663884,CN(C)C[C@@H]1C[C@@H]2c3ccccc3Cc3ccccc3[C@H]2O1,8.49
ZINC000012356068,CN(C)C[C@@H]1C[C@H]2c3ccccc3Cc3ccccc3[C@@H]2O1,7.55
ZINC000000004351,CN1CCC(=C2c3ccccc3CC(=O)c3sccc32)CC1,7.08
ZINC000029126541,Fc1ccc(-c2nc(C3CCCC3)nc3c2CNCC3)cc1,6.96
ZINC000000000931,Clc1ccc2c(c1)C(N1CCNCC1)=Nc1ccccc1O2,8.7
ZINC000001530613,CCN(CC)CCOC(=O)C1(C2CCCCC2)CCCCC1,6.61
ZINC000028527299,CCCCn1cc(CCN(C)C)c2c(OP(=O)(O)O)cccc21,7.14
ZINC000049069124,NCc1cccc(C(=O)NCc2ccc(OC(F)(F)F)cc2)c1,6.23
ZINC000019796155,CN1CCN(C2=Nc3cc(Cl)ccc3Nc3ccccc32)CC1,8.54
ZINC000045384762,Cc1ccc2c(c1)c1c(n2/C=C\c2ccccc2)CCN(C)C1,9.32
ZINC000045351326,Cc1ccc2c(c1)c1c(n2CCc2ccccc2)CCN(C)C1,8.92
ZINC000001489864,c1ccc(-c2[nH]c3ccccc3c2CCN2CCCCC2)cc1,6.57
ZINC000013862737,Fc1ccc2[nH]c(-c3ccccc3)c([C@@H]3CNCC[C@H]3F)c2c1,6.3
ZINC000013862741,F[C@@H]1CCNC[C@H]1c1c(-c2ccccc2)[nH]c2c(Cl)cccc12,6.81
ZINC000013862740,Fc1cccc2c([C@@H]3CNCC[C@H]3F)c(-c3ccccc3)[nH]c12,6.88
ZINC000003934176,Fc1ccc2c([C@@H]3CNCC[C@H]3F)c(-c3ccccc3)[nH]c2c1,8.0
ZINC000013862747,Fc1ccc2c([C@@H]3CNCC[C@H]3F)c(C3CCCCC3)[nH]c2c1,8.3
ZINC000084670854,c1ccc2c(c1)CCN(CCCCc1nc3ccccc3s1)C2,5.2
ZINC000028521181,CN(C)C[C@@H]1C[C@H]2c3ccccc3Oc3ccc(Br)cc3[C@H]2O1,8.22
ZINC000100036536,CN1[C@H]2CC[C@@H]1C[C@H](OC(c1ccccc1)c1ccccc1)C2,7.49
ZINC000000006014,O=c1cc(N2CCOCC2)oc2c(-c3ccccc3)cccc12,6.28
ZINC000029126731,Cc1ccc(-c2nc(C3CCCC3)nc3c2CCNCC3)cc1,7.64
ZINC000013862745,Fc1ccc2c([C@@H]3CNCC[C@H]3F)c(-c3cccnc3)[nH]c2c1,7.07
ZINC000029126473,Fc1ccc(-c2nc(-c3ccccc3)nc3c2CNCC3)cc1,5.4
ZINC000029126729,Fc1ccc(-c2nc(C3CCCC3)nc3c2CCNCC3)cc1,6.7
ZINC000045390125,Fc1cccc(O[C@H]2CCc3ccc(N4CCNCC4)nc32)c1,8.52
ZINC000049071380,O=C(NCc1ccc(OCc2ccccc2)cc1)[C@@H]1CCCN1,7.7
ZINC000040422692,O=S(=O)(NCc1ccccc1Cl)c1ccc2c(c1)CCNCC2,7.52
ZINC000040972539,CN(Cc1ccccc1)S(=O)(=O)c1ccc2c(c1)CCNCC2,8.0
ZINC000049071976,O=C(NCc1ccc(Oc2cccc(F)c2)cc1)[C@@H]1CCCN1,7.64
ZINC000049071762,O=C(NCc1ccc(-c2cc(Cl)cc(Cl)c2)cc1)[C@@H]1CCCN1,8.1
ZINC000013472072,O=S(=O)(c1ccccc1)C1CCN(CCc2ccccc2)CC1,7.34
ZINC000118521370,FC(F)(COc1ccc(Cl)cc1OC1CNC1)c1ccccc1,7.42
ZINC000026639910,CCN(C)CCc1c(-c2ccc(C#N)cc2)[nH]c2ccccc12,6.8
ZINC000058569538,O=C(CN1CCN(C(=O)c2n[nH]cc2Cl)CC1)c1ccc(F)cc1,5.56
ZINC000058563696,Cn1ccc(C(=O)N2CCN(CC(=O)c3ccc(F)cc3)CC2)n1,5.85
ZINC000058655456,Cn1cc(Br)c(C(=O)N2CCN(CCc3ccc(F)cc3)CC2)n1,5.38
ZINC000013730842,O=C(CCCN1CCN(c2ncccn2)CC1)c1ccc(F)cc1,5.38
ZINC000013473865,O=C(c1ccc(F)cc1)C1CCN(CCc2ccc(F)cc2)CC1,6.31
ZINC000013473854,O=C(c1ccc(F)cc1)C1CCN(CCc2ccc(I)cc2)CC1,6.84
ZINC000013473853,O=C(c1ccc(F)cc1)C1CCN(CCc2cccc(I)c2)CC1,7.78
ZINC000013473852,O=C(c1ccc(F)cc1)C1CCN(CCc2ccccc2I)CC1,7.45
ZINC000000402830,CN1CCC[C@@H]1CCO[C@](C)(c1ccccc1)c1ccc(Cl)cc1,7.28
ZINC000026646204,CCN(C)CCc1c(-c2cccc([N+](=O)[O-])c2)[nH]c2ccccc12,7.44
ZINC000049112302,O=C(NCc1ccc(-c2ccc(Cl)cc2)cc1F)N1CCNCC1,8.4
ZINC000001714738,CN(C)CCCSc1ccccc1NC(=O)/C=C/c1ccccc1,6.7
ZINC000029126624,N#Cc1ccc(-c2nc(C3CCCC3)nc3c2CCNCC3)cc1,6.34
ZINC000003816551,NCCc1cn(S(=O)(=O)c2c(Cl)nc3sccn23)c2ccccc12,6.91
ZINC000045351882,Clc1cccc(COc2nc(N3CCNCC3)nc3sccc23)c1,8.4
ZINC000045340289,Clc1cccc(COc2nc(N3CCNCC3)nc3ccsc23)c1,7.55
ZINC000013913276,C[C@H]1CCCCN1CCc1c(-c2ccccc2)[nH]c2ccccc12,6.64
ZINC000003922292,C[C@@H]1CCCCN1CCc1c(-c2ccccc2)[nH]c2ccccc12,7.44
ZINC000045387600,Cc1ccc(CCn2c3c(c4cc(C)ccc42)CN(C)CC3)cc1,8.8
ZINC000013862750,Fc1ccc(-c2[nH]c3cc(F)ccc3c2[C@@H]2CNCC[C@H]2F)cc1,7.72
ZINC000040916318,O=S(=O)(c1ccccc1)n1cc(Cl)c2cc3c(cc21)CCNCC3,6.8
ZINC000040934869,O=C(OCCN1CCCC1)N1c2ccccc2Sc2ccccc21,6.03
ZINC000000006788,OC1(c2ccc(Cl)cc2)CCN(Cc2c[nH]c3ccccc23)CC1,5.18
ZINC000013535445,CCOc1ccccc1-c1cc(Cl)cc2cc3n(c12)CCNCC3,6.95
ZINC000028524873,COc1ccc2c(c1)[C@H]1O[C@@H](CN(C)C)C[C@H]1c1ccccc1O2,6.63
ZINC000028524465,COc1ccc2c(c1)[C@H]1O[C@H](CN(C)C)C[C@H]1c1ccccc1O2,7.14
ZINC000000001246,Cc1ccccc1N1CCN(CCc2nnc3n2CCCC3)CC1,6.49
ZINC000000008794,Cc1nc2ccc(NC(=O)Nc3ccnc4cccnc34)cc2o1,5.92
ZINC000008144259,Cc1ccc2c(c1)c1c(n2CCc2ccc(C)nc2)CCN(C)C1,7.12
ZINC000028568621,C[C@@H](Cn1ccc2ccc3ncccc3c21)NCc1ccccc1,7.11
ZINC000028568273,C[C@@H](Cn1ccc2ccc3ncccc3c21)NCC1CCCCC1,7.11
ZINC000029126544,Fc1ccc(-c2nc(Cc3ccccc3)nc3c2CNCC3)cc1,6.4
ZINC000029126421,Fc1ccc(-c2nc(Cc3ccccc3)nc3c2CCNC3)cc1,7.12
ZINC000053174604,C[C@@H](CO)NC(=O)[C@@H]1C=C2c3cccc4[nH]cc(c34)C[C@H]2N(C)C1,7.96
ZINC000029126728,COc1ccc(-c2nc(C3CCCC3)nc3c2CCNCC3)cc1,6.92
ZINC000036520836,C[C@@H]1CNCCN1c1ccc2c(n1)[C@@H](Oc1ccccc1Cl)CC2,9.22
ZINC000045339991,Clc1ccccc1O[C@H]1CCCc2ccc(N3CCNCC3)nc21,8.82
ZINC000045354596,Clc1ccccc1O[C@@H]1CCCc2ccc(N3CCNCC3)nc21,8.0
ZINC000053184753,Clc1ccc(-n2cc(CN3CCN(c4ccccc4)CC3)cn2)cc1,5.07
ZINC000038696951,CN1CCN(c2ccc3[nH]nc(S(=O)(=O)c4ccccc4)c3c2)CC1,5.51
ZINC000003831001,CCN(CC)C(=O)N[C@H]1C=C2c3cccc4[nH]cc(c34)C[C@H]2N(C)C1,8.0
ZINC000003807804,Clc1ccccc1C(c1ccccc1)(c1ccccc1)n1ccnc1,5.12
ZINC000028121344,O=S(=O)(c1ccccc1Cl)n1cc(C2=CCNCC2)c2ccccc21,6.42
ZINC000026647904,COC[C@H]1CCCN1CCc1c(-c2ccccc2)[nH]c2ccccc12,5.52
ZINC000026646657,COC[C@@H]1CCCN1CCc1c(-c2ccccc2)[nH]c2ccccc12,7.54
ZINC000040934086,COc1ccccc1S(=O)(=O)n1c2c(c3ccccc31)CCNCC2,7.85
ZINC000013472067,Fc1ccc(CCN2CCC3(CCc4ccccc4O3)CC2)c(F)c1,6.35
ZINC000013472081,O=C1c2ccc(Cl)cc2CCC12CCN(CCc1ccccc1)CC2,6.07
ZINC000028370733,Cc1cccc(N2CCN(CCc3ccc4[nH]nnc4c3)CC2)c1C,7.84
ZINC000028353550,COc1ccccc1N1CCN(CCc2ccc3[nH]nnc3c2)CC1,7.35
ZINC000028568404,Cc1ccccc1CN[C@@H](C)Cn1ccc2ccc3ncccc3c21,6.77
ZINC000029126582,Cc1ccc(-c2nc(Cc3ccccc3)nc3c2CCNCC3)cc1,7.82
ZINC000029126505,Fc1ccc(Cc2nc3c(c(-c4ccc(F)cc4)n2)CNCC3)cc1,6.0
ZINC000019796018,CN1CCN(CCCN2c3ccccc3Sc3ccc(Cl)cc32)CC1,7.39
ZINC000084670345,Clc1ccc(N2CCN(CCCc3nc4ccccc4s3)CC2)cc1,5.33
ZINC000028568605,C[C@@H](Cn1ccc2ccc3ncccc3c21)NCc1ccccc1Cl,7.41
ZINC000029126422,Fc1ccc(-c2nc(Cc3ccccc3)nc3c2CNCCC3)cc1,5.3
ZINC000029126470,Fc1ccc(-c2nc(Cc3ccccc3)nc3c2CCCNC3)cc1,6.82
ZINC000029126584,Fc1ccc(-c2nc(Cc3ccccc3)nc3c2CCNCC3)cc1,7.7
ZINC000095619105,CC[C@@H](CO)NC(=O)[C@@H]1C=C2c3cccc4[nH]cc(c34)C[C@H]2N(C)C1,8.18
ZINC000095571600,CCCN1CCC(COc2nc3ccccc3c3ncccc23)CC1,5.55
ZINC000000584092,CC(C)OC(=O)C(C)(C)Oc1ccc(C(=O)c2ccc(Cl)cc2)cc1,5.91
ZINC000001530775,N=C(N)c1ccc(OCCCCCOc2ccc(C(=N)N)cc2)cc1,5.77
ZINC000085205448,COC(=O)C1=C(C)NC(C)=C(C(=O)OC)C1c1ccccc1[N+](=O)[O-],5.02
ZINC000045287906,Fc1cccc(F)c1-c1cc2c3c(c1)[C@H]1CNCC[C@H]1N3CCCS2,8.28
ZINC000039829996,O=S(=O)(c1ccccc1)c1ccc(/C=C/c2ccc(F)cc2F)cc1,7.19
ZINC000049036139,O=S(=O)(c1ccccc1)c1ccc(CCc2ccc(F)cc2F)cc1,6.28
ZINC000058591671,Cn1cc(Cl)c(C(=O)N2CCN(CC(=O)c3ccc(F)cc3)CC2)n1,5.85
ZINC000058576307,Cn1cc(I)c(C(=O)N2CCN(CC(=O)c3ccc(F)cc3)CC2)n1,5.41
ZINC000058569229,Cn1cc(Br)c(C(=O)N2CCN(CC(=O)c3ccc(F)cc3)CC2)n1,5.67
ZINC000058575155,Cn1cc(Br)c(C(=O)N2CCN(CC(=O)c3ccccc3F)CC2)n1,5.01
ZINC000045387112,Cn1ncc(Br)c1-c1cc(NC(=O)Nc2ccc(Cl)cc2)ccc1O,7.3
ZINC000058574693,Cc1[nH]nc(C(=O)N2CCN(CC(=O)c3ccc(F)cc3)CC2)c1Br,5.45
ZINC000034634855,COc1ccc(NC(=O)Nc2ccc(Cl)cc2)cc1-c1ccnn1C,6.8
ZINC000058563783,Cn1cc(Br)c(C(=O)N2CCN(CCc3ccc(F)cc3F)CC2)n1,5.55
ZINC000073197118,Fc1ccc(CCCCN2CCCN(c3ccc(Cl)cc3)CC2)cc1,5.39
ZINC000026646126,CCN(C)CCc1c(-c2cccc(C(F)(F)F)c2)[nH]c2ccccc12,7.92
ZINC000082155610,Fc1ccc(SCCCN2CCCN(c3ccc(Cl)cc3)CC2)cc1,5.6
ZINC000028527272,COc1ccc(N2CCN(c3cccc(F)c3)C2=O)cc1OCCO,5.9
ZINC000261143384,C[C@H]1CC[C@@H](Oc2c(F)cc(CNC(=O)[C@@H]3CCCN3)cc2F)CC1,7.6
ZINC000040411708,CCN(CC)CCCOC(=O)N1c2ccccc2Sc2ccccc21,5.51
ZINC000028394173,O=C(CCCN1CCN(c2ccc(Cl)cc2)CC1)c1ccc(F)cc1,5.45
ZINC000013472071,O=S(=O)(c1ccccc1)C1CCN(CCc2ccc(F)cc2F)CC1,7.6
ZINC000028889272,O=S(=O)(c1ccc(F)cc1)c1ccc(CCc2ccc(F)cc2)nc1,5.57
ZINC000036270447,O=C(c1ccccc1F)N1CCC(CCc2ccc(F)cc2F)CC1,7.0
ZINC000028889333,O=S(=O)(c1ccc(/C=C/c2ccccc2O)nc1)c1ccccc1F,6.09
ZINC000053224601,O=C(CN1CCC(S(=O)(=O)c2ccccc2)CC1)c1ccc(F)cc1,6.89
ZINC000027319374,Cc1[nH]c2cccc(NC(=O)c3ccc(F)cc3)c2c1CCN(C)C,5.66
ZINC000058581399,Cc1c(Br)c(C(=O)N2CCN(CC(=O)c3ccc(F)cc3)CC2)nn1C,5.53
ZINC000034565916,COc1ccc(NC(=O)Nc2cccc(Cl)c2)cc1-c1c(Br)cnn1C,7.8
ZINC000035827140,COc1ccc(NC(=O)Nc2cccc(F)c2)cc1-c1c(Br)cnn1C,7.4
ZINC000045369582,COc1ccc(NC(=O)Nc2ccccc2F)cc1-c1c(Br)cnn1C,6.4
ZINC000006745689,COc1ccc(NC(=O)Nc2ccc(Cl)cc2)cc1-c1c(Br)cnn1C,8.0
ZINC000036409832,COc1ccc(NC(=O)Nc2ccc(F)cc2)cc1-c1c(Br)cnn1C,7.5
ZINC000006745690,COc1ccc(NC(=O)Nc2ccc(Cl)cc2)cc1-c1c(Cl)cnn1C,8.0
ZINC000045366826,COc1ccc(NC(=O)Nc2ccc(Br)cc2)cc1-c1c(Br)cnn1C,8.4
ZINC000064548828,CCCCN1CCC(COC(=O)c2cc(F)c(N)c3c2OCCO3)CC1,5.08
ZINC000036126682,O=S(=O)(c1ccc(F)cc1)N1CCN(CCc2ccc(F)cc2F)CC1,5.42
ZINC000040405752,O=C(CCCN1CCCN(c2ccc(Cl)cc2)CC1)c1ccc(F)cc1,5.85
ZINC000049112710,COc1cc(OCC2CCCCC2)c(F)cc1CNC(=O)[C@@H]1CCCN1,8.77
ZINC000003653057,N=C(N)NCCC[C@@H]1NC(=O)/C(=C/c2c[nH]c3cc(Br)ccc23)NC1=O,6.47
ZINC000029042102,N=C(N)NCCC[C@@H]1NC(=O)[C@H](Cc2c[nH]c3cc(Br)ccc23)NC1=O,5.33
ZINC000028889309,O=S(=O)(c1ccc(/C=C/c2ccc(F)cc2F)nc1)c1ccccc1F,6.39
ZINC000013472089,O=S(=O)(c1ccc(F)cc1)C1CCN(CCc2ccc(F)cc2F)CC1,7.41
ZINC000036270450,O=S(=O)(c1ccccc1Cl)N1CCC(CCc2ccc(F)cc2F)CC1,6.39
ZINC000036270449,O=S(=O)(c1ccc(F)cc1)N1CC=C(CCc2ccc(F)cc2F)CC1,6.35
ZINC000036270452,O=S(=O)(c1ccc(F)cc1)N1CCC(CCc2ccc(F)cc2F)CC1,5.69
ZINC000036270439,O=S(=O)(c1cccc(F)c1)N1CCC(CCc2ccc(F)cc2F)CC1,6.0
ZINC000036270454,O=S(=O)(c1ccccc1F)N1CCC(CCc2ccc(F)cc2F)CC1,6.62
ZINC000028889312,O=S(=O)(c1ccc(/C=C/c2ccc(F)cc2Cl)nc1)c1ccccc1F,7.19
ZINC000013472090,O=S(=O)(c1ccc(Cl)cc1)C1CCN(CCc2ccc(F)cc2F)CC1,7.24
ZINC000095606422,O=S(=O)(c1ccccc1)C1(F)CCN(CCc2ccc(F)cc2F)CC1,7.31
ZINC000000537822,O=C(CCCN1CCC(O)(c2ccc(Cl)cc2)CC1)c1ccc(F)cc1,5.76
ZINC000028889318,Cc1cc(F)ccc1/C=C/c1ccc(S(=O)(=O)c2ccccc2F)cn1,6.66
ZINC000028889328,O=S(=O)(c1ccc(/C=C/c2ccc(F)cc2O)nc1)c1ccccc1F,6.24
ZINC000028103809,O=C(CN1CCC(S(=O)(=O)c2ccccc2)CC1)c1ccc(F)cc1F,6.89
ZINC000028378562,C[C@H](Nc1cc(NCCOc2ccc(F)cc2)ccn1)c1ccccc1,7.89
ZINC000028370007,C[C@H](Nc1ccnc(NCCOc2ccc(F)cc2)c1)c1ccccc1,7.82
ZINC000028367702,C[C@H](Nc1cncc(NCCOc2ccc(F)cc2)c1)c1ccccc1,6.32
ZINC000028362697,C[C@H](Nc1nc(N)nc(NCCc2ccccn2)n1)c1ccc(F)cc1,6.8
ZINC000029551528,Cc1ncccc1Oc1ccc(NC(=O)N2CCc3ccccc32)cn1,7.0
ZINC000058576502,C=C(CN1CCN(C2=Cc3ccccc3Cn3ccnc32)CC1)C(=O)O,6.3
ZINC000013523593,CN1CCC(c2c[nH]c3ccc(NC(=O)c4ccc(F)cc4)nc23)CC1,5.72
ZINC000045348535,O=S(=O)(c1ccccc1)c1c[nH]c2cccc(CCN3CCCCC3)c12,5.62
ZINC000095576935,CCCN1CCC(COc2nc3c(Cl)cccc3c3ccccc23)CC1,6.14
ZINC000095580402,CCCN1CCC(COc2nc3c(F)cccc3c3ccccc23)CC1,5.98
ZINC000095573989,CCCN1CCC(COc2nc3c(I)cccc3c3ccccc23)CC1,6.11
ZINC000013472075,Fc1ccc(CCN2CCC3(CCc4c(F)cccc4O3)CC2)c(F)c1,6.36
ZINC000013472078,Fc1ccc(CCN2CCC3(CCc4cccc(F)c4O3)CC2)c(F)c1,6.72
ZINC000013472076,Fc1ccc(CCN2CCC3(CCc4ccc(F)cc4O3)CC2)c(F)c1,6.22
ZINC000000538483,O=c1n(CCCN2CCN(c3cccc(Cl)c3)CC2)nc2ccccn12,7.33
ZINC000029126586,Fc1ccc(Cc2nc3c(c(-c4ccc(F)cc4)n2)CCNCC3)cc1,7.3
ZINC000084724332,Clc1ccc(N2CCN(CCCCc3nc4ccccc4s3)CC2)cc1,5.21
ZINC000053151228,CC[C@@H](CO)NC(=O)[C@@H]1C=C2c3cccc4c3c(cn4C)C[C@H]2N(C)C1,8.96
ZINC000006716962,O=S(=O)(Nc1ccc2[nH]cc(C[C@H]3CCCN3)c2c1)c1ccccc1Cl,6.25
ZINC000028568255,COc1ccccc1CN[C@@H](C)Cn1ccc2ccc3ncccc3c21,6.77
ZINC000013862749,O=C(Nc1ccccc1)c1[nH]c2cc(F)ccc2c1[C@@H]1CNCC[C@H]1F,7.32
ZINC000095579150,CCCN1CCC(COc2nc3c(F)cccc3c3ncccc23)CC1,6.31
ZINC000095577628,CCCN1CCC(COc2nc3c(I)cccc3c3ncccc23)CC1,6.47
ZINC000036520305,Cc1ccc(F)cc1CO[C@H]1CCc2ccc(N3CCNC[C@H]3C)nc21,8.82
ZINC000096916118,Clc1ccc(-n2cc(CCCN3CCN(c4ccccc4)CC3)cn2)cc1,5.29
ZINC000058582748,CC(C)(CN1CCN(C2=Cc3ccccc3Cn3ccnc32)CC1)C(=O)O,7.3
ZINC000029553510,Cc1ncccc1Oc1ccc(NC(=O)N2CCc3cc(Cl)ccc32)cn1,8.2
ZINC000029548720,Cc1ncccc1Oc1ccc(NC(=O)N2CCc3cc(F)ccc32)cn1,7.4
ZINC000029553506,Cc1ncccc1Oc1ccc(NC(=O)N2CCc3cc(I)ccc32)cn1,8.49
ZINC000029489303,Cc1ncccc1Oc1ccc(NC(=O)N2CCc3cc(Br)ccc32)cn1,8.49
ZINC000029553174,Cc1ncccc1Oc1ccc(NC(=O)N2CCc3ccc(Cl)cc32)cn1,8.4
ZINC000073297299,O=C(c1cccn2ccnc12)N1CCN(CCc2ccc(F)cc2F)CC1,6.28
ZINC000073296222,O=C(c1cnn2ccccc12)N1CCN(CCc2ccc(F)cc2F)CC1,6.61
ZINC000073297158,O=C(c1cnn2c1CCCC2)N1CCN(CCc2ccc(F)cc2F)CC1,5.54
ZINC000073297245,O=C(c1cn2ccccc2n1)N1CCN(CCc2ccc(F)cc2F)CC1,6.22
ZINC000073297121,O=C(c1cc2ccccn2n1)N1CCN(CCc2ccc(F)cc2F)CC1,6.33
ZINC000073294839,O=C(c1cc2n(n1)CCCC2)N1CCN(CCc2ccc(F)cc2F)CC1,6.14
ZINC000073294410,O=C(c1cccc2ccnn12)N1CCN(CCc2ccc(F)cc2F)CC1,6.71
ZINC000073297294,O=C(c1cnc2ccccn12)N1CCN(CCc2ccc(F)cc2F)CC1,6.13
ZINC000084706624,O=C(CCCCN1CCC(c2ccccc2)CC1)c1nc2ccccc2s1,5.43
ZINC000013472066,COc1ccc2c(c1)CCC1(CCN(CCc3ccc(F)cc3F)CC1)O2,6.82
ZINC000013472070,O=S1(=O)c2ccccc2CCC12CCN(CCc1ccc(F)cc1F)CC2,7.39
ZINC000073199171,OC1(c2ccc(Cl)cc2)C[C@@H]2CC[C@H](C1)N2CCCCc1ccc(F)cc1,5.61
ZINC000073294414,O=C(c1cnn2cccnc12)N1CCN(CCc2ccc(F)cc2F)CC1,6.04
ZINC000073294412,O=C(c1cc2ncccn2n1)N1CCN(CCc2ccc(F)cc2F)CC1,5.87
ZINC000073200409,Clc1ccc(N2CCCN(CCCCc3nc4ccccc4s3)CC2)cc1,5.85
ZINC000006716963,CN1CCC[C@@H]1Cc1c[nH]c2ccc(NS(=O)(=O)c3cccc(Cl)c3)cc12,6.64
ZINC000006716964,CN1CCC[C@@H]1Cc1c[nH]c2ccc(NS(=O)(=O)c3ccccc3Cl)cc12,6.54
ZINC000095607884,O=S(=O)(Cc1ccccc1I)Nc1ccc2[nH]cc(C[C@H]3CCCN3)c2c1,6.63
ZINC000019632628,OCCOCCN1CCN(C2=Nc3ccccc3Sc3ccccc32)CC1,5.85
ZINC000000538183,NC(=O)C1CCN(CCCN2c3ccccc3Sc3ccc(Cl)cc32)CC1,7.96
ZINC000064527405,CC(=O)NCc1ccc2c(c1)[C@@H](N1CCN(C)CC1)Cc1ccccc1S2,7.59
ZINC000064527404,CC(=O)NCc1ccc2c(c1)[C@H](N1CCN(C)CC1)Cc1ccccc1S2,8.51
ZINC000084706553,O=C(CCCCN1CCN(c2ccccc2)CC1)c1nc2ccccc2s1,5.67
ZINC000027649036,COc1ccc(S(=O)(=O)N2CCc3ccc(I)cc32)cc1N1CCNCC1,6.2
ZINC000038320584,CCOc1ccc(NC(=O)Nc2ccc(Cl)cc2)cc1-c1c(Br)cnn1C,8.7
ZINC000035878184,COc1ccc(NC(=O)Nc2ccc(F)c(F)c2)cc1-c1c(F)cnn1C,6.4
ZINC000035950993,COc1ccc(NC(=O)Nc2ccc(F)c(F)c2)cc1-c1c(Cl)cnn1C,7.6
ZINC000038225145,COc1ccc(NC(=O)Nc2ccc(F)cc2F)cc1-c1c(Cl)cnn1C,6.5
ZINC000038309628,COc1ccc(NC(=O)Nc2cc(F)cc(F)c2)cc1-c1c(Br)cnn1C,7.8
ZINC000045392240,COc1ccc(NC(=O)Nc2ccc(Cl)cc2Cl)cc1-c1c(Br)cnn1C,7.6
ZINC000038239930,COc1ccc(NC(=O)Nc2ccc(F)cc2F)cc1-c1c(Br)cnn1C,6.96
ZINC000049037342,COc1cccc(C(=O)Nc2ccc(OCCN)c(-c3ccnn3C)c2)c1,5.63
ZINC000036425841,COc1ccc(NC(=O)Nc2ccc(OC)c(-c3c(Br)cnn3C)c2)cc1,6.9
ZINC000064548813,CCCCN1CCC(COC(=O)c2cc(Cl)c(NC)c3c2OCCO3)CC1,6.16
ZINC000028889323,N#Cc1cc(F)ccc1/C=C/c1ccc(S(=O)(=O)c2ccccc2F)cn1,7.72
ZINC000013472088,N#Cc1ccccc1S(=O)(=O)C1CCN(CCc2ccc(F)cc2F)CC1,7.33
ZINC000000602742,N#Cc1ccc(S(=O)(=O)C2CCN(CCc3ccc(F)cc3F)CC2)cc1,6.19
ZINC000036270440,N#Cc1ccccc1S(=O)(=O)N1CCC(CCc2ccc(F)cc2F)CC1,7.15
ZINC000013472087,N#Cc1cccc(S(=O)(=O)C2CCN(CCc3ccc(F)cc3F)CC2)c1,7.41
ZINC000049111167,COc1cc(OC2CCC(C)(C)CC2)c(F)cc1CNC(=O)[C@@H]1CCCN1,9.05
ZINC000028363973,C[C@H](Nc1nc(N)nc(NCCc2ccc(F)cc2)n1)c1ccc(F)cc1,7.7
ZINC000028113847,O=S(=O)(c1ccc(Cl)cc1)C1(F)CCN(CCc2ccc(F)cc2F)CC1,6.4
ZINC000028107167,O=S(=O)(c1ccccc1F)C1(F)CCN(CCc2ccc(F)cc2F)CC1,7.85
ZINC000028107164,O=S(=O)(c1cccc(F)c1)C1(F)CCN(CCc2ccc(F)cc2F)CC1,7.31
ZINC000036270443,O=S(=O)(c1ccc(F)cc1)N1CCC(F)(CCc2ccc(F)cc2F)CC1,6.09
ZINC000028115626,O=S(=O)(c1ccc(F)cc1)C1(F)CCN(CCc2ccc(F)cc2F)CC1,7.16
ZINC000000598040,COc1cccc([C@H](O)C2CCN(CCc3ccc(F)cc3)CC2)c1OC,7.89
ZINC000028889338,COc1cc(F)ccc1/C=C/c1ccc(S(=O)(=O)c2ccccc2F)cn1,5.85
ZINC000035906966,COc1cccc(N2CCN(CCCCNC(=O)c3ccccn3)CC2)n1,7.37
ZINC000058563694,CO/N=C(/CN1CCN(C(=O)c2nn(C)cc2Br)CC1)c1ccc(F)cc1,5.07
ZINC000045391782,COc1ccc(NC(=O)Nc2cccc(C#N)c2)cc1-c1c(Br)cnn1C,7.2
ZINC000027656681,COc1ccc(S(=O)(=O)Nc2cc(Cl)cc(Cl)c2Cl)cc1N1CCNCC1,6.0
ZINC000028528455,COc1ccc(N2CCN(c3cccc(F)c3)C2=O)cc1OCCN(C)C,8.4
ZINC000101185027,O[C@]1(c2ccc(Cl)c(Cl)c2)C[C@@H]2CC[C@H](C1)N2Cc1c[nH]c2ccccc12,5.62
ZINC000034648205,O=C(CCCN1CC[C@H]2[C@@H](C1)c1cccc3c1N2CC3)c1ccc(F)cc1,6.29
ZINC000028826857,O=C(Cc1ccc2ccccc2c1)N1c2ccccc2Sc2ccccc21,5.66
ZINC000028370740,c1ccc2c(N3CCN(CCc4ccc5[nH]nnc5c4)CC3)cccc2c1,7.26
ZINC000028568456,C[C@@H](Cn1ccc2ccc3ncccc3c21)NCc1ccc2c(c1)OCO2,7.8
ZINC000038389072,CN1CCN2c3c(cccc31)[C@@H]1CN(CCCC(=O)c3ccncc3)CC[C@@H]12,5.96
ZINC000000538550,O=C1Cc2cc(CCN3CCN(c4nsc5ccccc45)CC3)c(Cl)cc2N1,9.26
ZINC000138771935,O=C(CCCN1CC[C@H]2[C@@H](C1)c1cccc3c1N2CCO3)c1ccc(F)cc1,6.28
ZINC000145721980,O=C(CCCN1CC[C@H]2[C@@H](C1)c1cccc3c1N2CCS3)c1ccc(F)cc1,6.82
ZINC000144002684,O=C(CCCN1CC[C@@H]2[C@H](C1)c1cccc3c1N2CCC3)c1ccc(F)cc1,6.96
ZINC000036399764,O=C(CCCN1CC[C@H]2[C@@H](C1)c1cccc3c1N2CCC3)c1ccc(F)cc1,7.08
ZINC000013487995,O=C(CCCN1CC[C@H]2[C@@H](C1)c1cccc3c1N2CCCS3)c1ccccc1,6.38
ZINC000028568333,C[C@@H](Cn1ccc2ccc3ncccc3c21)NCc1ccc2ccccc2c1,7.8
ZINC000013488022,Nc1ccccc1C(=O)CCCN1CC[C@@H]2[C@H](C1)c1cccc3c1N2CCO3,6.3
ZINC000012356268,Nc1ccccc1C(=O)CCCN1CC[C@H]2[C@@H](C1)c1cccc3c1N2CCO3,6.47
ZINC000169309773,CN1CCN2c3c(cccc31)[C@@H]1CN(CCCC(=O)c3ccccc3)CC[C@@H]12,7.05
ZINC000013488014,Nc1ccccc1C(=O)CCCN1CC[C@@H]2[C@H](C1)c1cccc3c1N2CCC3,7.03
ZINC000013488016,Nc1ccccc1C(=O)CCCN1CC[C@H]2[C@@H](C1)c1cccc3c1N2CCC3,6.97
ZINC000033986757,O=C(CCCN1CC[C@@H]2[C@H](C1)c1cccc3c1N2CCN3)c1ccc(F)cc1,6.15
ZINC000140843696,O=C(CCCN1CC[C@H]2[C@@H](C1)c1cccc3c1N2CCN3)c1ccc(F)cc1,6.55
ZINC000013488010,Nc1ccccc1C(=O)CCCN1CC[C@H]2[C@@H](C1)c1cccc3c1N2CCS3,6.38
ZINC000013488008,Nc1ccccc1C(=O)CCCN1CC[C@@H]2[C@H](C1)c1cccc3c1N2CCS3,6.63
ZINC000140847104,CN1CCN2c3c(cccc31)[C@@H]1CN(CCCOc3ccc(F)cc3)CC[C@@H]12,6.59
ZINC000058568779,Cn1cc(C(F)(F)F)c(C(=O)N2CCN(CC(=O)c3ccc(F)cc3)CC2)n1,5.41
ZINC000034643242,COc1ccc(NC(=O)Nc2ccc(Cl)cc2)cc1-c1c(Br)cnn1C(C)C,8.6
ZINC000034642886,COc1ccc(NC(=O)Nc2ccc(F)cc2)cc1-c1c(Br)cnn1C(C)C,8.4
ZINC000034481433,CC(C)Oc1ccc(NC(=O)Nc2ccc(Cl)cc2)cc1-c1c(Br)cnn1C,8.0
ZINC000035920678,COc1ccc(NC(=O)Nc2ccc(C(C)C)cc2)cc1-c1c(Br)cnn1C,7.6
ZINC000038335338,COc1ccc(NC(=O)Nc2cccc(C(C)=O)c2)cc1-c1c(Br)cnn1C,6.6
ZINC000053122811,N#Cc1ccc(S(=O)(=O)C2(F)CCN(CCc3ccc(F)cc3F)CC2)cc1,5.83
ZINC000095936819,Fc1ccc2c(CCNCc3cccc(OCC(F)(F)C(F)F)c3)c[nH]c2c1,6.6
ZINC000000593381,NC(=O)c1ccc(S(=O)(=O)C2CCN(CCc3ccc(F)cc3F)CC2)cc1,7.0
ZINC000000589131,NC(=O)c1cccc(S(=O)(=O)C2CCN(CCc3ccc(F)cc3F)CC2)c1,7.74
ZINC000118539468,C[C@@H](Oc1ccc(C(F)(F)F)cc1OC1CNC1)c1cccc(C(F)(F)F)c1,5.3
ZINC000001530689,CC/C(=C(\c1ccccc1)c1ccc(OCCN(C)C)cc1)c1ccccc1,6.62
ZINC000049037320,NC(=O)c1ccc(S(=O)(=O)c2ccc(/C=C/c3ccc(F)cc3F)cc2)cc1,7.39
ZINC000049053973,NC(=O)c1cccc(S(=O)(=O)c2ccc(/C=C/c3ccc(F)cc3F)cc2)c1,7.68
ZINC000049036141,NC(=O)c1ccccc1S(=O)(=O)c1ccc(/C=C/c2ccc(F)cc2F)cc1,6.9
ZINC000045364326,COc1ccc(NC(=O)Nc2ccc(N(C)C)cc2)cc1-c1c(Br)cnn1C,6.4
ZINC000028528810,COc1ccc(N2CCN(c3ccc(Cl)c(Cl)c3)C2=O)cc1OCCN(C)C,8.9
ZINC000096916120,Clc1ccc(-n2cc(CCCCN3CCN(c4ccccc4)CC3)cn2)cc1,5.23
ZINC000058581985,Cc1cn2c(n1)C(N1CCN(CC(C)(C)C(=O)O)CC1)=Cc1ccccc1C2,7.5
ZINC000028528695,O=C1N(c2ccc(OCc3ccccn3)nc2)CCN1c1ccc(Cl)c(Cl)c1,6.4
ZINC000029485619,Cc1ncccc1Oc1ccc(NC(=O)N2CCc3cc(Cl)c(Cl)cc32)cn1,8.7
ZINC000029548965,Cc1ncccc1Oc1ccc(NC(=O)N2CCc3cc(F)c(Cl)cc32)cn1,8.2
ZINC000000602170,Cc1cc2c(cc1Cl)N(C(=O)Nc1ccc(Oc3cccnc3C)nc1)CC2,9.0
ZINC000058584038,CC(C)(CN1CCN(C2=Cc3ccccc3Cn3c(Cl)cnc32)CC1)C(=O)O,6.9
ZINC000058591269,CC(C)(CN1CCN(C2=Cc3ccccc3Cn3cc(Cl)nc32)CC1)C(=O)O,6.3
ZINC000058575317,CC(C)(CN1CCN(C2=Cc3ccccc3Cn3cc(F)nc32)CC1)C(=O)O,6.5
ZINC000073297298,Cc1nc2ccccn2c1C(=O)N1CCN(CCc2ccc(F)cc2F)CC1,6.0
ZINC000056898757,N#Cc1c[nH]c2c(C(=O)N3CCN(CCc4ccc(F)cc4)CC3)cccc12,6.19
ZINC000096916114,Clc1ccc(-n2cc(COCCN3CCN(c4ccccc4)CC3)cn2)cc1,5.09
ZINC000073294408,O=C(c1cnn2cc(Cl)ccc12)N1CCN(CCc2ccc(F)cc2F)CC1,6.24
ZINC000073297090,O=C(c1nn2ccccc2c1Cl)N1CCN(CCc2ccc(F)cc2F)CC1,6.4
ZINC000073297124,O=C(c1nn2ccccc2c1Br)N1CCN(CCc2ccc(F)cc2F)CC1,6.3
ZINC000073311344,O=C(c1cc(Br)cn2ccnc12)N1CCN(CCc2ccc(F)cc2F)CC1,6.32
ZINC000073312536,O=C(c1nc2ccccn2c1Br)N1CCN(CCc2ccc(F)cc2F)CC1,6.24
ZINC000073311339,O=C(c1cccn2cc(Cl)nc12)N1CCN(CCc2ccc(F)cc2F)CC1,6.41
ZINC000073311337,O=C(c1cccn2cc(Br)nc12)N1CCN(CCc2ccc(F)cc2F)CC1,6.17
ZINC000036270445,O=C(c1cccc2cccnc12)N1CCC(CCc2ccc(F)cc2F)CC1,7.55
ZINC000095557182,Clc1cccc(C2CCN(CCCCOc3ccc4scnc4c3)CC2)c1Cl,9.22
ZINC000040951260,O=S(=O)(c1ccc2c(c1)CCNCC2)N1CCC(Oc2ccccc2Cl)CC1,7.89
ZINC000042891800,O=S(=O)(c1ccc2c(c1)CCNCC2)N1CCC(Oc2ccccc2F)CC1,7.82
ZINC000073297248,Nc1cccc2nc(C(=O)N3CCN(CCc4ccc(F)cc4F)CC3)cn12,6.82
ZINC000073297251,Nc1cccn2cc(C(=O)N3CCN(CCc4ccc(F)cc4F)CC3)nc12,6.72
ZINC000029126543,FC(F)(F)c1ccc(-c2nc(Cc3ccccc3)nc3c2CCNCC3)cc1,7.42
ZINC000019796080,O=C(CCCN1CC=C(n2c(=O)[nH]c3ccccc32)CC1)c1ccc(F)cc1,6.62
ZINC000096916122,Clc1ccc(-n2cc(CCCCCN3CCN(c4ccccc4)CC3)cn2)cc1,5.11
ZINC000165590172,Cc1cccc(N2CCN(CCCCNC(=O)c3cc4ccccc4o3)CC2)n1,7.21
ZINC000058591268,Cc1nc2n(c1C)Cc1ccccc1C=C2N1CCN(CC(C)(C)C(=O)O)CC1,7.2
ZINC000028527792,O=C1N(c2ccc(OCCN3CCCCC3)nc2)CCN1c1ccc(Cl)c(Cl)c1,7.6
ZINC000013979445,CC(=O)Nc1cccc(CCN2CCN(c3cccc4nc(C)ccc34)CC2)c1,6.0
ZINC000165349658,O=C(NCCCCN1CCN(c2ccccc2)CC1)c1ccc2ccccc2n1,6.32
ZINC000036126681,N#Cc1c[nH]c2c(C(=O)N3CCN(CCc4ccc(F)cc4F)CC3)cccc12,6.25
ZINC000073311347,Cc1cc(C)n2ccnc2c1C(=O)N1CCN(CCc2ccc(F)cc2F)CC1,6.82
ZINC000096916116,Clc1ccc(-n2cc(COCCCN3CCN(c4ccccc4)CC3)cn2)cc1,5.55
ZINC000058590739,COc1cnc2n1Cc1ccccc1C=C2N1CCN(CC(C)(C)C(=O)O)CC1,6.3
ZINC000049036353,O=S(=O)(c1cccc2cccnc12)N1CCC(CCc2ccc(F)cc2F)CC1,6.74
ZINC000003811810,CNC(=O)[C@H]1O[C@@H](n2cnc3c(NCc4cccc(I)c4)ncnc32)[C@H](O)[C@@H]1O,5.27
ZINC000013472082,COc1ccc2c(c1)CCC1(CCN(CCCC(=O)c3ccc(F)cc3)CC1)O2,7.55
ZINC000035907363,O=C(NCCCCN1CCN(c2ccccn2)CC1)c1cc2ccccc2cn1,5.87
ZINC000073311342,N#Cc1cn2cccc(C(=O)N3CCN(CCc4ccc(F)cc4F)CC3)c2n1,5.16
ZINC000026954229,Cc1cccc(N2CCN(CCCCNC(=O)c3cc4ccccc4o3)CC2)c1,6.69
ZINC000299837693,O=C(NCCCCN1CCN(c2ccccc2F)CC1)c1cc2ccccc2o1,7.1
ZINC000000643233,O=C(CCCN1CCC2(CC1)C(=O)NCN2c1ccccc1)c1ccc(F)cc1,6.0
ZINC000000538194,Cc1nc2ccccn2c(=O)c1CCN1CCC(C(=O)c2ccc(F)cc2)CC1,7.22
ZINC000149586702,O=C(NCCCCN1CCN(c2cccc3ccccc23)CC1)c1ccccc1,8.22
ZINC000082151618,O=C(CCCCN1CCCN(c2ccc(Cl)cc2)CC1)c1nc2ccccc2s1,5.23
ZINC000064527225,CC(C)C(=O)NCc1ccc2c(c1)[C@@H](N1CCN(C)CC1)Cc1ccccc1S2,7.03
ZINC000064527224,CC(C)C(=O)NCc1ccc2c(c1)[C@H](N1CCN(C)CC1)Cc1ccccc1S2,8.1
ZINC000028527845,COc1ccc(N2CCN(c3ccccc3)C2=O)cc1OCCN1CCCCC1,8.9
ZINC000000537877,O=C(c1ccc(F)cc1)C1CCN(CCn2c(=O)[nH]c3ccccc3c2=O)CC1,7.3
ZINC000001489208,COc1ccc(NS(=O)(=O)c2sc3ccc(Cl)cc3c2C)cc1N1CCNCC1,6.28
ZINC000038460383,CN1CCN2c3c(cccc31)[C@@H]1CN(CCCc3noc4ccccc34)CC[C@@H]12,6.54
ZINC000028525335,Nc1ccc2on(C[C@@H]3C[C@H]4c5ccccc5Oc5ccc(Br)cc5[C@H]4O3)c2c1,6.57
ZINC000028525032,Cc1ccc2on(C[C@@H]3C[C@H]4c5ccccc5Oc5ccc(Br)cc5[C@H]4O3)c2c1,7.24
ZINC000064454230,Cn1nc(S(=O)(=O)c2cccc3ccccc23)c2cc(N3CCNCC3)ccc21,5.44
ZINC000001489880,c1ccc(CCN2CCC(c3c(-c4ccccc4)[nH]c4ccccc34)CC2)cc1,7.1
ZINC000145748168,O=C(CCCN1CC[C@H]2c3cccc4c3N(CCO4)[C@H]2CC1)c1ccc(F)cc1,6.19
ZINC000000590308,O=C(CCCN1CC[C@H]2[C@@H](C1)c1cccc3c1N2CCCS3)c1ccc(F)cc1,6.22
ZINC000142085734,O=C(CCCN1CC[C@H]2[C@@H](C1)c1cccc3c1N2CCCC3)c1ccc(F)cc1,6.71
ZINC000013488023,Nc1cc(F)ccc1C(=O)CCCN1CC[C@@H]2[C@H](C1)c1cccc3c1N2CCO3,6.18
ZINC000001493719,Nc1cc(F)ccc1C(=O)CCCN1CC[C@H]2[C@@H](C1)c1cccc3c1N2CCO3,6.89
ZINC000013488018,Nc1ccccc1C(=O)CCCN1CC[C@@H]2[C@H](C1)c1cccc3c1N2CCCC3,6.83
ZINC000013488020,Nc1ccccc1C(=O)CCCN1CC[C@H]2[C@@H](C1)c1cccc3c1N2CCCC3,6.97
ZINC000013488011,Nc1cc(F)ccc1C(=O)CCCN1CC[C@H]2[C@@H](C1)c1cccc3c1N2CCS3,7.05
ZINC000013488009,Nc1cc(F)ccc1C(=O)CCCN1CC[C@@H]2[C@H](C1)c1cccc3c1N2CCS3,6.74
ZINC000143595671,CN1CCN2c3c(cccc31)[C@H]1CN(CCCC(=O)c3ccc(F)cc3)CC[C@H]12,6.27
ZINC000013487996,Nc1ccccc1C(=O)CCCN1CC[C@H]2[C@@H](C1)c1cccc3c1N2CCCS3,6.76
ZINC000013488012,Nc1ccccc1C(=O)CCCN1CC[C@@H]2[C@H](C1)c1cccc3c1N2CCCS3,6.49
ZINC000013488015,Nc1cc(F)ccc1C(=O)CCCN1CC[C@@H]2[C@H](C1)c1cccc3c1N2CCC3,7.15
ZINC000013488017,Nc1cc(F)ccc1C(=O)CCCN1CC[C@H]2[C@@H](C1)c1cccc3c1N2CCC3,7.28
ZINC000038240839,COc1ccc(NC(=O)Nc2cccc(C(F)(F)F)c2)cc1-c1c(Br)cnn1C,7.8
ZINC000045386094,COc1ccc(NC(=O)Nc2ccc(C(F)(F)F)cc2)cc1-c1c(Br)cnn1C,8.4
ZINC000045366479,Cn1ncc(Br)c1-c1cc(NC(=O)Nc2ccc(Cl)cc2)ccc1OC(F)(F)F,7.8
ZINC000058569138,Cn1cc(Br)c(C(=O)N2CCN(CC(=O)c3ccc(OC(F)(F)F)cc3)CC2)n1,5.25
ZINC000026647083,CCN(C)CCc1c(-c2cc(C(F)(F)F)cc(C(F)(F)F)c2)[nH]c2ccccc12,7.82
ZINC000001530601,CCN(CC)CCOc1ccc(/C(=C(/Cl)c2ccccc2)c2ccccc2)cc1,6.18
ZINC000040918122,COc1c(OCCF)cccc1C(=O)C1CCN(CCc2ccc(F)cc2)CC1,6.89
ZINC000029128987,COc1c(OCCF)cccc1[C@H](O)C1CCN(CCc2ccc(F)cc2)CC1,7.28
ZINC000040950365,COc1c(OCCF)cccc1C(=O)C1CCN(CCc2ccc(C)cc2)CC1,6.3
ZINC000049045451,COc1cccc(C(=O)Nc2ccc(OCCNCCO)c(-c3ccnn3C)c2)c1,5.23
ZINC000034608430,COc1ccc(NC(=O)Nc2ccc(Cl)c(C(F)(F)F)c2)cc1-c1c(Br)cnn1C,8.5
ZINC000034444646,COc1ccc(NC(=O)Nc2ccc(Cl)cc2C(F)(F)F)cc1-c1c(Br)cnn1C,6.9
ZINC000045496204,COc1ccc(CCN2CCC(C(=O)c3cccc(OCCF)c3OC)CC2)cc1,5.03
ZINC000003959323,Cc1ccc2c(N3CCN(CCc4ccc5c(c4)NC(=O)CO5)CC3)cccc2n1,5.4
ZINC000000538312,Cc1nc2n(c(=O)c1CCN1CCC(c3noc4cc(F)ccc34)CC1)CCCC2,8.19
ZINC000040423557,Cc1ccccc1CN1CCC(N2CCC(n3c(=O)[nH]c4ccccc43)CC2)CC1,7.07
ZINC000066252315,Cc1ccc2c(N3CCN(CCc4cccc(-n5cccn5)c4)CC3)cccc2n1,5.7
ZINC000003812975,CN1C[C@H](CNC(=O)OCc2ccccc2)C[C@@H]2c3cccc4c3c(cn4C)C[C@H]21,9.46
ZINC000000597400,O=S1(=O)c2cccc3cccc(c23)N1CCCN1CCN(c2ccc(F)cc2)CC1,9.0
ZINC000012356369,Nc1cc(O)ccc1C(=O)CCCN1CC[C@H]2[C@@H](C1)c1cccc3c1N2CCCS3,6.59
ZINC000013487997,Nc1c(F)cccc1C(=O)CCCN1CC[C@H]2[C@@H](C1)c1cccc3c1N2CCCS3,6.17
ZINC000013487999,Nc1ccc(F)cc1C(=O)CCCN1CC[C@H]2[C@@H](C1)c1cccc3c1N2CCCS3,6.59
ZINC000013487998,Nc1cc(F)ccc1C(=O)CCCN1CC[C@H]2[C@@H](C1)c1cccc3c1N2CCCS3,7.09
ZINC000013488013,Nc1cc(F)ccc1C(=O)CCCN1CC[C@@H]2[C@H](C1)c1cccc3c1N2CCCS3,6.34
ZINC000013488000,Nc1cc(Cl)ccc1C(=O)CCCN1CC[C@H]2[C@@H](C1)c1cccc3c1N2CCCS3,6.12
ZINC000013488001,Nc1cc(Br)ccc1C(=O)CCCN1CC[C@H]2[C@@H](C1)c1cccc3c1N2CCCS3,6.95
ZINC000038461338,CN1CCN2c3c(cc(Br)cc31)[C@@H]1CN(CCCC(=O)c3ccc(F)cc3)CC[C@@H]12,6.24
ZINC000140844116,CCN1CCN2c3c(cccc31)[C@@H]1CN(CCCC(=O)c3ccc(F)cc3)CC[C@@H]12,6.54
ZINC000142122346,CN1CCN2c3c(cccc31)[C@H]1CCN(CCCC(=O)c3ccc(F)cc3)CC[C@H]12,5.89
ZINC000169309796,CN1CCN2c3c(cccc31)[C@@H]1CCN(CCCC(=O)c3ccc(F)cc3)CC[C@@H]12,6.3
ZINC000013488002,CNc1ccccc1C(=O)CCCN1CC[C@H]2[C@@H](C1)c1cccc3c1N2CCCS3,6.6
ZINC000013488019,Nc1cc(F)ccc1C(=O)CCCN1CC[C@@H]2[C@H](C1)c1cccc3c1N2CCCC3,6.87
ZINC000013488021,Nc1cc(F)ccc1C(=O)CCCN1CC[C@H]2[C@@H](C1)c1cccc3c1N2CCCC3,6.87
ZINC000166250990,COc1cccc(N2CCN(CCCCNC(=O)c3c[nH]c4ccccc34)CC2)c1,6.22
ZINC000299837697,O=C(NCCCCN1CCN(c2ccc(O)cc2)CC1)c1cc2ccccc2cn1,6.4
ZINC000066259361,COC(=O)Nc1cccc(CCN2CCN(c3cccc4nc(C)ccc34)CC2)c1,6.1
ZINC000058568605,Cc1cc(C(=O)N2CCN(CC(=O)c3ccc(F)cc3)CC2)nn1-c1ccccc1,5.43
ZINC000066252316,Cc1ccc2c(N3CCN(CCc4cccc(NS(C)(=O)=O)c4)CC3)cccc2n1,5.5
ZINC000035826729,Cc1cccc(N2CCN(CCCCNC(=O)c3cc4ccccc4cn3)CC2)c1,6.77
ZINC000026964657,Cc1cccc(N2CCN(CCCCNC(=O)c3ccc4ccccc4n3)CC2)c1,7.13
ZINC000200057263,Cc1cccc(N2CCN(CCCCNC(=O)[C@H]3CCc4ccccc4N3)CC2)c1,6.35
ZINC000200055957,Cc1cccc(N2CCN(CCCCNC(=O)[C@@H]3CCc4ccccc4N3)CC2)c1,7.13
ZINC000299818688,O=C(NCCCCN1CCN(c2cccc(F)c2)CC1)c1cc2ccccc2cn1,6.64
ZINC000299838899,O=C(NCCCCN1CCN(c2ccc(F)cc2)CC1)c1cc2ccccc2cn1,6.52
ZINC000095574514,COc1ccc(S(=O)(=O)n2cc(C)c3cc(Cl)cnc32)cc1NC1CCN(C)CC1,5.65
ZINC000019360739,Fc1ccc(C(c2ccc(F)cc2)N2CCN(C/C=C/c3ccccc3)CC2)cc1,6.45
ZINC000028113725,O=S(=O)(c1ccc(N2CCC2)cc1)C1(F)CCN(CCc2ccc(F)cc2F)CC1,6.07
ZINC000045261660,Cn1nccc1-c1cc(NC(=O)Nc2ccc(Cl)cc2)ccc1OCCN1CCC1,8.27
ZINC000167065447,Cc1cccc(N2CCN(CCCCNC(=O)c3cc4ccccc4cn3)CC2)n1,7.24
ZINC000028528454,COc1ccc(N2CCN(c3cccc(F)c3)C2=O)cc1OCCN1CCOCC1,7.9
ZINC000166419150,Cc1cccc(N2CCN(CCCCNC(=O)c3cc4ccccc4o3)CC2)c1C,7.77
ZINC000001851149,O=C1CCc2ccc(OCCCCN3CCN(c4cccc(Cl)c4Cl)CC3)cc2N1,7.66
ZINC000103248565,Fc1cccc2c1nc(OCC1CCN(CCCC(F)(F)F)CC1)c1cccnc12,6.01
ZINC000019203912,OCCN1CCN(CCCN2c3ccccc3Sc3ccc(C(F)(F)F)cc32)CC1,7.46
ZINC000035951294,COc1cccc(N2CCN(CCCCNC(=O)c3cc4ccccc4o3)CC2)c1,6.76
ZINC000095573404,COc1ccc(S(=O)(=O)n2cc(C)c3cc(Cl)ccc32)cc1NC1CCN(C)CC1,5.51
ZINC000028529015,COc1ccc(N2CCN(c3ccccc3Cl)C2=O)cc1OCCN1CCCCC1,7.5
ZINC000028528696,COc1ccc(-n2ccn(-c3cccc(F)c3)c2=O)cc1OCCN1CCCCC1,8.2
ZINC000028527847,COc1ccc(N2CCN(c3cccc(F)c3)C2=O)cc1OCCN1CCCCC1,8.8
ZINC000034324164,CN1CCN2c3c(cccc31)[C@@H]1CN(CCCc3noc4cc(F)ccc34)CC[C@@H]12,6.52
ZINC000028522502,N#Cc1ccc2on(C[C@@H]3C[C@H]4c5ccccc5Oc5ccc(Br)cc5[C@H]4O3)c2c1,6.74
ZINC000028524542,CN(C)c1ccc2on(C[C@@H]3C[C@H]4c5ccccc5Oc5ccc(Br)cc5[C@H]4O3)c2c1,6.8
ZINC000035827131,COc1cccc(N2CCN(CCCCNC(=O)c3cc4ccccc4cn3)CC2)c1,6.72
ZINC000140381016,COc1cccc(N2CCN(CCCCNC(=O)c3ccc4ccccc4n3)CC2)c1,6.81
ZINC000166413850,COc1cccc(N2CCN(CCCCNC(=O)c3cc4ccccc4n3C)CC2)c1,6.51
ZINC000001487593,Cc1cc2c(cc1C(F)(F)F)N(C(=O)Nc1ccc(OCc3ccccn3)nc1)CC2,9.3
ZINC000000594257,COc1cc2c(cc1OCCN1CCCCC1)N(C(=O)/C=C/c1ccccc1Cl)CC2,9.2
ZINC000045246022,Cn1nccc1-c1cc(NC(=O)Nc2ccccc2)ccc1OCCN1CCCCC1,5.96
ZINC000028526326,COc1ccc(NC(=O)N2CCN(c3ccccc3Cl)CC2)cc1N1CCN(C)CC1,5.91
ZINC000028526154,COc1ccc(NC(=O)N2CCN(c3ccccc3F)CC2)cc1N1CCN(C)CC1,5.97
ZINC000028525880,COc1ccc(NC(=O)N2CCN(c3ccc(Cl)cc3)CC2)cc1N1CCN(C)CC1,6.57
ZINC000045254776,Cn1nccc1-c1cc(NC(=O)Nc2ccc(Cl)cc2)ccc1OCCN1CCCC1,8.05
ZINC000066262490,CCNC(=O)Nc1cccc(CCN2CCN(c3cccc4nc(C)ccc34)CC2)c1,6.1
ZINC000028527274,COc1ccc(N2CCN(c3ccc(Cl)c(Cl)c3)C2=O)cc1OCCN1CCOCC1,8.5
ZINC000028528309,COc1ccc(N2CC(=O)N(c3cccc(F)c3)C2=O)cc1OCCN1CCCCC1,7.3
ZINC000072318112,O=C1CCc2ccc(OCCCCN3CCCN(c4cccc(Cl)c4Cl)CC3)cc2N1,9.22
ZINC000003964104,O=C(N[C@H]1CCN(Cc2ccc(OC3CCNCC3)c(Br)c2)C1)c1ccc(Cl)c(Cl)c1,7.07
ZINC000028528168,COc1ccc(N2CCN(c3ccc(Cl)c(Cl)c3)C2=O)cc1OCCN1CCCCC1,9.1
ZINC000028528613,COc1ccc(-n2ccn(-c3cc(F)cc(F)c3)c2=O)cc1OCCN1CCCCC1,8.1
ZINC000028528619,COc1ccc(N2CCN(c3cc(F)cc(F)c3)C2=O)cc1OCCN1CCCCC1,9.0
ZINC000028528167,COc1ccc(N2CCN(c3cccc(Cl)c3Cl)C2=O)cc1OCCN1CCCCC1,8.0
ZINC000003830212,CCCCc1oc2ccccc2c1C(=O)c1cc(I)c(OCCN(CC)CC)c(I)c1,6.67
ZINC000045256601,CCN(CC)CCOc1ccc(NC(=O)Nc2ccc(Cl)cc2)cc1-c1ccnn1C,8.06
ZINC000045255047,CCN(CC)CCOc1ccc(NC(=O)Nc2ccc(F)cc2)cc1-c1ccnn1C,7.27
ZINC000064447293,CC(C)n1nc(S(=O)(=O)c2cccc3ccccc23)c2cc(N3CCNCC3)ccc21,5.97
ZINC000000538337,O=C1NCCN1CCN1CCC(c2cn(-c3ccc(F)cc3)c3ccc(Cl)cc23)CC1,9.7
ZINC000034451922,Cc1ccc2c(N3CCN(CCc4cccc(N5CCNC5=O)c4)CC3)cccc2n1,5.8
ZINC000038480151,COc1cc2c3c(c1)N(C)CCN3[C@H]1CCN(CCCC(=O)c3ccc(F)cc3)C[C@@H]21,5.96
ZINC000169309800,CN1CC(C)(C)N2c3c(cccc31)[C@@H]1CN(CCCC(=O)c3ccc(F)cc3)CC[C@@H]12,6.06
ZINC000140844313,CC(C)N1CCN2c3c(cccc31)[C@@H]1CN(CCCC(=O)c3ccc(F)cc3)CC[C@@H]12,6.3
ZINC000064447513,CC(C)Cn1nc(S(=O)(=O)c2cccc3ccccc23)c2cc(N3CCNCC3)ccc21,5.73
ZINC000001493955,NCc1ccc2c(c1)c(C1CCN(CCN3CCNC3=O)CC1)cn2-c1ccc(F)cc1,7.66
ZINC000013488004,O=CNc1cc(F)ccc1C(=O)CCCN1CC[C@H]2[C@@H](C1)c1cccc3c1N2CCCS3,6.59
ZINC000169307597,CCCCN1CCN2c3c(cccc31)[C@@H]1CN(CCCC(=O)c3ccc(F)cc3)CC[C@@H]12,6.62
ZINC000036270600,O=C1c2cc(-c3ccc(F)cc3)cn2CCN1CCc1ccc(CN2CCCCC2)cc1,7.0
ZINC000003794794,O=C1c2c(O)ccc(O)c2C(=O)c2c(NCCNCCO)ccc(NCCNCCO)c21,5.73
ZINC000001493878,CNC(=O)c1cc(Oc2ccc(NC(=O)Nc3ccc(Cl)c(C(F)(F)F)c3)cc2)ccn1,6.38
ZINC000045253308,CCN(CC)CCCOc1ccc(NC(=O)Nc2ccc(Cl)cc2)cc1-c1ccnn1C,7.61
ZINC000036436377,Cn1ncc(Br)c1-c1cc(NC(=O)Nc2ccc(Cl)cc2)ccc1OCc1ccccc1,6.8
ZINC000029166870,O=C(NCCCCN1CCN(c2cccc(C(F)(F)F)c2)CC1)c1cc2ccccc2[nH]1,7.66
ZINC000028524685,COc1ccccc1N1CCC(C(=O)Nc2ccc(OC)c(N3CCN(C)CC3)c2)CC1,5.0
ZINC000049053201,Cn1ncc(Cl)c1-c1cc(NC(=O)c2cccc(F)c2)ccc1OCCN1CCOCC1,5.47
ZINC000040565325,COc1ccc(N2CC=C(c3ccc(Cl)c(Cl)c3)C2=O)cc1OCCN1CCC(C)CC1,8.5
ZINC000022941211,Nc1nc(SCCN2CCN(Cc3ccccc3Cl)CC2)nc(N)c1Cc1ccccc1,7.92
ZINC000045252923,Cn1nccc1-c1cc(NC(=O)Nc2ccc(Cl)cc2)ccc1OCCN1CCNCC1,6.88
ZINC000045324728,Cc1ccc(NC(=O)Nc2ccc(OCCN3CCCCC3)c(-c3ccnn3C)c2)cc1,6.98
ZINC000035953590,Cn1ncc(Br)c1-c1cc(NC(=O)Nc2ccc(Cl)cc2)ccc1OCCN1CCCC1,8.8
ZINC000045316099,Cn1ncc(Br)c1-c1cc(NC(=O)Nc2ccc(F)cc2)ccc1OCCN1CCCC1,8.05
ZINC000045322570,Cn1nccc1-c1cc(NC(=O)Nc2ccc(Cl)cc2)ccc1OCCN1CCSCC1,6.73
ZINC000045287674,Cn1ncc(Cl)c1-c1cc(NC(=O)Nc2ccc(Cl)cc2)ccc1OCCN1CCCC1,8.52
ZINC000028527042,COc1ccc(NC(=O)N2CCN(c3ccc(SC)cc3)CC2)cc1N1CCN(C)CC1,5.94
ZINC000045302336,Cn1nccc1-c1cc(NC(=O)Nc2ccccc2Cl)ccc1OCCN1CCCCC1,6.65
ZINC000045253296,Cn1nccc1-c1cc(NC(=O)Nc2ccccc2F)ccc1OCCN1CCCCC1,5.94
ZINC000045253203,Cn1nccc1-c1cc(NC(=O)Nc2cccc(Cl)c2)ccc1OCCN1CCCCC1,7.66
ZINC000045317562,Cn1nccc1-c1cc(NC(=O)Nc2cccc(F)c2)ccc1OCCN1CCCCC1,6.12
ZINC000045254336,Cn1nccc1-c1cc(NC(=O)Nc2ccc(Cl)cc2)ccc1OCCN1CCCCC1,7.23
ZINC000045254099,Cn1nccc1-c1cc(NC(=O)Nc2ccc(F)cc2)ccc1OCCN1CCCCC1,6.33
ZINC000000836545,COc1ccc(NC(=O)N2CCN(c3ccccc3OC)CC2)cc1N1CCN(C)CC1,5.71
ZINC000045254365,Cn1ncc(Br)c1-c1cc(NC(=O)Nc2ccc(O)cc2)ccc1OCCN1CCCC1,6.09
ZINC000045320999,Cn1nccc1-c1cc(NC(=O)Nc2cccc(F)c2)ccc1OCCN1CCOCC1,5.91
ZINC000045320123,COC1CN(CCOc2ccc(NC(=O)Nc3ccc(Cl)cc3)cc2-c2ccnn2C)C1,7.29
ZINC000045254361,Cn1nccc1-c1cc(NC(=O)Nc2ccc(Cl)cc2)ccc1OCCN1CCOCC1,6.67
ZINC000028711324,COc1ccccc1N1CCN(C/C=C/CNC(=O)c2ccc(-c3ccccn3)cc2)CC1,6.59
ZINC000028711317,COc1ccccc1N1CCN(CCCCNC(=O)c2ccc(-c3ccccn3)cc2)CC1,6.13
ZINC000049757437,Cn1ncc(Br)c1-c1cc(NC(=O)Nc2ccc(Cl)cc2)ccc1OCCc1ccccc1,6.1
ZINC000049757409,Cn1ncc(Br)c1-c1cc(NC(=O)Nc2ccc(Cl)cc2)ccc1OCc1ccc(Cl)cc1,6.6
ZINC000035935042,Cn1nccc1-c1cc(NC(=O)c2cccc(C(F)(F)F)c2)ccc1OCCN1CCCC1,5.94
ZINC000034643138,Cn1nccc1-c1cc(NC(=O)c2ccc(C(F)(F)F)cc2)ccc1OCCN1CCCC1,6.65
ZINC000052619107,O=C(NC/C=C/CN1CCN(c2cccc(Cl)c2Cl)CC1)c1ccc(-c2ccccn2)cc1,7.33
ZINC000013534388,O=C(NCCCCN1CCN(c2cccc(Cl)c2Cl)CC1)c1ccc(-c2ccccn2)cc1,7.28
ZINC000022941215,Nc1nc(SCCN2CCN(Cc3ccccc3Cl)CC2)nc(N)c1Cc1ccccc1Cl,8.06
ZINC000045254363,CN1CCN(CCOc2ccc(NC(=O)Nc3ccc(Cl)cc3)cc2-c2ccnn2C)CC1,6.99
ZINC000022941218,Nc1nc(SCCN2CCN(Cc3ccccc3Cl)CC2)nc(N)c1Cc1ccccc1O,8.26
ZINC000045320512,Cn1nccc1-c1cc(NC(=O)Nc2cc(F)cc(F)c2)ccc1OCCN1CCCCC1,6.83
ZINC000049679365,Cn1ncc(Br)c1-c1cc(NC(=O)Nc2ccc(Cl)cc2)ccc1OCCN1CCCCC1,7.67
ZINC000045245750,Cn1nccc1-c1cc(NC(=O)Nc2ccc(F)cc2F)ccc1OCCN1CCCCC1,5.93
ZINC000045316300,Cn1ncc(Cl)c1-c1cc(NC(=O)Nc2ccc(Cl)cc2)ccc1OCCN1CCCCC1,7.62
ZINC000045259603,Cc1ccc(F)c(NC(=O)Nc2ccc(OCCN3CCCCC3)c(-c3ccnn3C)c2)c1,6.68
ZINC000045245441,Cn1ncc(Cl)c1-c1cc(NC(=O)Nc2ccc(F)cc2F)ccc1OCCN1CCCC1,7.96
ZINC000043130446,Cn1ncc(Br)c1-c1cc(NC(=O)Nc2ccc(F)cc2F)ccc1OCCN1CCCC1,7.91
ZINC000045261722,COc1ccc(NC(=O)Nc2ccc(OCCN3CCCCC3)c(-c3ccnn3C)c2)cc1,6.41
ZINC000045254488,COc1cccc(NC(=O)Nc2ccc(OCCN3CCCCC3)c(-c3ccnn3C)c2)c1,6.39
ZINC000049694913,Cn1ncc(Br)c1-c1cc(NC(=O)Nc2ccc(Cl)cc2)ccc1OCCN1CCOCC1,7.9
ZINC000045261211,Cn1ncc(Cl)c1-c1cc(NC(=O)Nc2ccc(Cl)cc2)ccc1OCCN1CCOCC1,7.7
ZINC000045252925,Cn1nccc1-c1cc(NC(=O)Nc2ccc(Cl)cc2)ccc1OCCN1CCC(O)CC1,7.18
ZINC000045254490,Cn1nccc1-c1cc(NC(=O)Nc2ccc(Cl)cc2)ccc1OCCN1CCCOCC1,7.01
ZINC000045286910,Cn1nccc1-c1cc(NC(=O)Nc2ccc(Cl)cc2)ccc1OCCCN1CCOCC1,6.82
ZINC000028529901,CN1CCc2c(sc3ncn(CCN4CCN(c5ccnc6ccccc56)CC4)c(=O)c23)C1,8.26
ZINC000028524377,CCOC(=O)c1ccc2on(C[C@@H]3C[C@H]4c5ccccc5Oc5ccc(Br)cc5[C@H]4O3)c2c1,6.61
ZINC000034074273,C[C@H]1c2c([nH]c3ccc(C(F)(F)F)cc23)C[C@H]2CCN(CCC3(C(=O)O)CCCCC3)C[C@@H]21,5.95
ZINC000165772859,O=C(NCCCCN1CCN(c2cnc3ccccc3c2)CC1)c1cc2ccccc2cn1,6.32
ZINC000013488003,CC(=O)Nc1cc(F)ccc1C(=O)CCCN1CC[C@H]2[C@@H](C1)c1cccc3c1N2CCCS3,6.65
ZINC000095580219,Fc1cccc2c1nc(OCC1CCN(CCCc3ccc(I)cc3)CC1)c1cccnc12,6.4
ZINC000036270596,O=C1c2cc(Cc3ccc(F)cc3)cn2CCN1CCc1ccc(CN2CCCCC2)cc1,6.15
ZINC000114602679,O=S(=O)(NCCCCN1CCC(c2noc3cc(F)ccc23)CC1)c1cc2ccccc2s1,6.27
ZINC000045356742,COc1ccc(NC(=O)Nc2cc(C(F)(F)F)cc(C(F)(F)F)c2)cc1-c1c(Cl)cnn1C,7.2
ZINC000049766500,COc1ccc(NC(=O)Nc2cc(C(F)(F)F)cc(C(F)(F)F)c2)cc1-c1c(Br)cnn1C,7.5
ZINC000028525165,O=C1CCN1c1ccc2on(C[C@@H]3C[C@H]4c5ccccc5Oc5ccc(Br)cc5[C@H]4O3)c2c1,6.45
ZINC000028522918,Brc1ccc2c(c1)[C@H]1O[C@H](Cn3oc4ccc(-c5ccccc5)cc43)C[C@H]1c1ccccc1O2,6.74
ZINC000066259961,Cc1ccc2c(N3CCN(CCc4cccc(NC(=O)c5ccccc5)c4)CC3)cccc2n1,6.1
ZINC000028711347,O=C(NC[C@H]1C[C@@H]1CN1CCN(c2cccc(Cl)c2Cl)CC1)c1ccc(-c2ccccn2)cc1,7.1
ZINC000028711348,O=C(NC[C@H]1C[C@H]1CN1CCN(c2cccc(Cl)c2Cl)CC1)c1ccc(-c2ccccn2)cc1,6.2
ZINC000000601274,COc1ccc(CCN2CCC(Nc3nc4ccccc4n3Cc3ccc(F)cc3)CC2)cc1,7.03
ZINC000000538275,O=C(c1ccc(OCCN2CCCCC2)cc1)c1c(-c2ccc(O)cc2)sc2cc(O)ccc12,6.21
ZINC000028711325,COc1ccccc1N1CCN(C/C=C/CNC(=O)c2ccc3c(c2)Cc2ccccc2-3)CC1,6.75
ZINC000013677364,COc1ccccc1N1CCN(CCCCNC(=O)c2ccc3c(c2)Cc2ccccc2-3)CC1,6.49
ZINC000036270594,O=C(c1ccc(F)cc1)c1cc2n(c1)CCN(CCc1ccc(CN3CCCCC3)cc1)C2=O,5.28
ZINC000013534401,O=C(NC/C=C/CN1CCN(c2cccc(Cl)c2Cl)CC1)c1ccc2c(c1)Cc1ccccc1-2,6.88
ZINC000001545255,O=C(NCCCCN1CCN(c2cccc(Cl)c2Cl)CC1)c1ccc2c(c1)Cc1ccccc1-2,6.39
ZINC000036270599,O=C1c2cc(CCc3ccc(F)cc3)cn2CCN1CCc1ccc(CN2CCCCC2)cc1,5.6
ZINC000028711900,CCN1CCC[C@H](Cn2c(-c3ccccc3C)nc3ccc(-c4ccc(Cl)cc4)cc3c2=O)C1,6.92
ZINC000013488007,CS(=O)(=O)Nc1cc(F)ccc1C(=O)CCCN1CC[C@H]2[C@@H](C1)c1cccc3c1N2CCCS3,6.19
ZINC000028711319,O=C(NC/C=C/CN1CCN(c2cccc(Cl)c2Cl)CC1)c1ccc(-c2cccc(=O)[nH]2)cc1,7.97
ZINC000084394932,O=C(NC/C=C/CN1CCN(c2cccc(Cl)c2Cl)CC1)c1ccc(-c2cccc[n+]2[O-])cc1,7.13
ZINC000028711323,O=C(NC/C=C/C[N+]1([O-])CCN(c2cccc(Cl)c2Cl)CC1)c1ccc(-c2ccccn2)cc1,6.95
ZINC000095543803,Cc1cccc(-c2ccc(C(=O)NC/C=C/CN3CCN(c4cccc(Cl)c4Cl)CC3)cc2)n1,7.02
ZINC000084394931,Cc1cccnc1-c1ccc(C(=O)NC/C=C/CN2CCN(c3cccc(Cl)c3Cl)CC2)cc1,7.51
ZINC000049109490,Cn1nccc1-c1cc(NC(=O)c2ccc(C(F)(F)F)cc2)ccc1OCCN1CCOCC1,5.23
ZINC000022941207,COc1ccc(Cc2c(N)nc(SCCN3CCN(Cc4ccccc4Cl)CC3)nc2N)cc1,7.98
ZINC000022941203,COc1ccc(Cc2c(N)nc(SCCN3CCN(Cc4ccccc4C)CC3)nc2N)cc1,7.79
ZINC000022941200,COc1ccc(Cc2c(N)nc(SCCN3CCN(Cc4ccc(C)cc4)CC3)nc2N)cc1,6.52
ZINC000045260898,C[C@H]1CCC[C@@H](C)N1CCOc1ccc(NC(=O)Nc2ccc(Cl)cc2)cc1-c1ccnn1C,6.32
ZINC000028524643,COc1ccc(NC(=O)N2CCN(c3ccc(C(F)(F)F)cc3)CC2)cc1N1CCN(C)CC1,5.55
ZINC000043130453,CC(=O)c1cccc(NC(=O)Nc2ccc(OCCN3CCCCC3)c(-c3ccnn3C)c2)c1,7.23
ZINC000045254338,COC1CCN(CCOc2ccc(NC(=O)Nc3ccc(Cl)cc3)cc2-c2ccnn2C)CC1,7.53
ZINC000045255527,Cn1ncc(Cl)c1-c1cc(NC(=O)Nc2ccc(F)cc2F)ccc1OCCN1CCOCC1,6.39
ZINC000045298884,Cn1ncc(Cl)c1-c1cc(NC(=O)Nc2cc(F)cc(F)c2)ccc1OCCN1CCOCC1,7.42
ZINC000028528151,COc1ccc(N2CCN(c3ccc(C)c(C(F)(F)F)c3)C2=O)cc1OCCN1CCOCC1,8.1
ZINC000028528083,COc1ccc(N2CCN(c3ccc(C)c(C(F)(F)F)c3)C2=O)cc1OCCN1CCCCC1,8.7
ZINC000064453926,O=S(=O)(c1cccc2ccccc12)c1nn(Cc2ccccc2)c2ccc(N3CCNCC3)cc12,5.97
ZINC000140843913,O=C(CCCN1CC[C@H]2[C@@H](C1)c1cccc3c1N2CCN3Cc1ccccc1)c1ccc(F)cc1,6.41
ZINC000049046658,Cn1nccc1-c1cc(NC(=O)c2cccc(C(F)(F)F)c2)ccc1OCCN1CCC(F)(F)C1,5.03
ZINC000022941221,Nc1nc(SCCN2CCN(Cc3ccccc3C(F)(F)F)CC2)nc(N)c1Cc1ccccc1,7.67
ZINC000049089390,COc1cccc(C(=O)Nc2ccc(OCCN3CCN(C(N)=O)CC3)c(-c3ccnn3C)c2)c1,5.23
ZINC000045319108,CC(=O)N1CCN(CCOc2ccc(NC(=O)Nc3ccc(Cl)cc3)cc2-c2ccnn2C)CC1,6.67
ZINC000003781952,CC(C)(C)c1ccc(C(=O)CCCN2CCC(OC(c3ccccc3)c3ccccc3)CC2)cc1,6.91
ZINC000045256605,Cn1nccc1-c1cc(NC(=O)Nc2ccc(C(F)(F)F)cc2)ccc1OCCN1CCCCC1,7.72
ZINC000045253205,Cn1nccc1-c1cc(NC(=O)Nc2cccc(C(F)(F)F)c2)ccc1OCCN1CCCCC1,8.54
ZINC000049035690,CC(=O)N1CCN(CCOc2ccc(NC(=O)c3cccc(F)c3)cc2-c2c(Cl)cnn2C)CC1,5.07
ZINC000207280702,COc1ccccc1N1CCN(CCCCC(=O)NCc2ccccc2-c2ccccc2Cl)CC1,7.59
ZINC000028524793,Brc1ccc2c(c1)[C@H]1O[C@H](Cn3oc4ccc(CN5CCOCC5)cc43)C[C@H]1c1ccccc1O2,5.39
ZINC000013488006,CCNC(=O)Nc1cc(F)ccc1C(=O)CCCN1CC[C@H]2[C@@H](C1)c1cccc3c1N2CCCS3,7.32
ZINC000036270446,O=S(=O)(c1ccccc1-c1cccc2cccnc12)N1CCC(CCc2ccc(F)cc2F)CC1,6.74
ZINC000036270442,O=S(=O)(c1ccccc1-c1cccc2ccccc12)N1CCC(CCc2ccc(F)cc2F)CC1,7.02
ZINC000013477160,CC(=O)NCc1ccc2c(c1)c(C1CCN(CCN3CCNC3=O)CC1)cn2-c1ccc(F)cc1,7.96
ZINC000013488005,CCOC(=O)Nc1cc(F)ccc1C(=O)CCCN1CC[C@H]2[C@@H](C1)c1cccc3c1N2CCCS3,6.46
ZINC000040917485,Cc1c(Cn2ncc(N3CCNCC3)cc2=O)cccc1NC(=O)c1ccc(-c2ccccc2)cc1,5.55
ZINC000028524642,COc1ccc(NC(=O)N2CCN(c3ccc(-c4ccccc4)cc3)CC2)cc1N1CCN(C)CC1,8.19
ZINC000040391174,O=C(Nc1cccc(Cn2ncc(N3CCNCC3)c(Cl)c2=O)c1)c1ccc(-c2ccccc2)cc1,7.52
ZINC000003873936,CC(C)N1CCN(c2ccc(OC[C@H]3CO[C@](Cn4cncn4)(c4ccc(Cl)cc4Cl)O3)cc2)CC1,5.44
ZINC000028899177,COc1cc(N2CC(=O)N(c3ccc(Oc4ccccc4)cc3)C2=O)ccc1OCCN1CCCC1,6.06
ZINC000013493002,Cn1nnc(-c2ccc3c(c2)c(C2CCN(CCN4CCNC4=O)CC2)cn3-c2ccc(F)cc2)n1,7.22
ZINC000013493017,Cn1nnc(-c2ccc3c(c2)c(C2CCN(CCN4CCOC4=O)CC2)cn3-c2ccc(F)cc2)n1,6.39
ZINC000001485923,Cn1cc(-c2ccc3c(c2)c(C2CCN(CCN4CCNC4=O)CC2)cn3-c2ccc(F)cc2)nn1,6.96
ZINC000022941224,Nc1nc(SCCN2CCN(Cc3cccc(C(F)(F)F)c3)CC2)nc(N)c1Cc1ccccc1O,8.21
ZINC000207280890,COc1ccccc1N1CCN(CCCCCC(=O)NCc2ccccc2-c2ccccc2Cl)CC1,7.15
ZINC000022450571,COc1ccccc1Cc1c(N)nc(SCCN2CCN(Cc3cccc(C(F)(F)F)c3)CC2)nc1N,8.26
ZINC000026838483,COc1ccccc1Cc1c(N)nc(SCCN2CCN(Cc3ccccc3C(F)(F)F)CC2)nc1N,8.11
ZINC000026838753,COc1cccc(Cc2c(N)nc(SCCN3CCN(Cc4cccc(C(F)(F)F)c4)CC3)nc2N)c1,8.31
ZINC000049052257,CC(=O)N1CCN(CCOc2ccc(NC(=O)c3cccc(C(F)(F)F)c3)cc2-c2ccnn2C)CC1,5.25
ZINC000040863575,Cc1ccc(Cn2ncc(N3CCNCC3)c(Cl)c2=O)cc1NC(=O)c1ccc(-c2ccccc2)cc1,8.41
ZINC000040862271,Cc1c(Cn2ncc(N3CCNCC3)c(Cl)c2=O)cccc1NC(=O)c1ccc(-c2ccccc2)cc1,6.52
ZINC000000598509,COc1ccc(NC(=O)c2ccc(-c3ccc(-c4noc(C)n4)cc3C)cc2)cc1N1CCN(C)CC1,6.98
ZINC000026840391,CCOc1ccccc1Cc1c(N)nc(SCCN2CCN(Cc3cccc(C(F)(F)F)c3)CC2)nc1N,8.04
ZINC000026836800,COc1cc(Cc2c(N)nc(SCCN3CCN(Cc4ccccc4Cl)CC3)nc2N)cc(OC)c1OC,7.74
ZINC000026835090,CC(C)Oc1ccccc1Cc1c(N)nc(SCCN2CCN(Cc3cccc(C(F)(F)F)c3)CC2)nc1N,8.07
ZINC000001485772,Cc1nc(-c2ccc(-c3ccc(C(=O)N4CCc5cc6c(cc54)C4(CCN(C)CC4)CO6)cc3)c(C)c2)no1,6.2
ZINC000044418871,COc1ccc(-c2ccc(C(=O)Nc3cccc(Cn4ncc(N5CCNCC5)c(Cl)c4=O)c3C)cc2)cn1,5.81
ZINC000003984030,O=c1cc(-c2ccc(O)c(-c3c(O)cc(O)c4c(=O)cc(-c5ccc(O)cc5)oc34)c2)oc2cc(O)cc(O)c12,5.59
ZINC000034800770,COc1nc(NCCCN2CCOCC2)nc(OC)c1NC(=O)c1ccc(Oc2cc3c(cc2C)CCC3(C)C)o1,6.02
ZINC000056871297,CC(C)[C@H]1C(=O)N2CCC[C@H]2[C@]2(O)O[C@](NC(=O)[C@@H]3C=C4c5cccc6[nH]cc(c56)C[C@H]4N(C)C3)(C(C)C)C(=O)N12,7.26
ZINC000059796557,CC(C)C[C@H]1C(=O)N2CCC[C@H]2[C@]2(O)O[C@](NC(=O)[C@@H]3C=C4c5cccc6[nH]cc(c56)C[C@H]4N(C)C3)(C(C)C)C(=O)N12,7.11
ZINC000026721222,Cn1cnc(-c2ccc3c(c2)c(C2CCN(CCn4c(=O)[nH]c5ccccc5c4=O)CC2)cn3-c2ccc(F)cc2)n1,5.96
ZINC000052955754,CN1C[C@H](C(=O)N[C@]2(C)O[C@@]3(O)[C@@H]4CCCN4C(=O)[C@H](Cc4ccccc4)N3C2=O)C=C2c3cccc4[nH]cc(c34)C[C@H]21,7.54
ZINC000003978005,CN1C[C@H](C(=O)N[C@]2(C)O[C@@]3(O)[C@@H]4CCCN4C(=O)[C@H](Cc4ccccc4)N3C2=O)C[C@@H]2c3cccc4[nH]cc(c34)C[C@H]21,7.33
ZINC000053683151,CC(C)C[C@H]1C(=O)N2CCC[C@H]2[C@]2(O)O[C@](NC(=O)[C@@H]3C=C4c5cccc6[nH]c(Br)c(c56)C[C@H]4N(C)C3)(C(C)C)C(=O)N12,6.56
ZINC000043133316,C[C@@H]1C[C@H]2[C@@H]3CCC4=CC(=O)C=C[C@]4(C)C3=CC[C@]2(C)[C@H]1C(=O)CN1CCN(c2cc(N3CCCC3)nc(N3CCCC3)n2)CC1,6.42
ZINC000247749760,CO[C@H]1C[C@@H](O[C@H]2C[C@H]([C@H]3O[C@](C)(O)[C@H](C)C[C@@H]3C)O[C@H]2[C@]2(C)CC[C@H]([C@]3(C)CC[C@]4(C[C@H](O)[C@@H](C)[C@@H]([C@@H](C)[C@@H]5O[C@](O)(CC(=O)O)[C@@H](C)[C@H](OC)[C@H]5OC)O4)O3)O2)O[C@@H](C)[C@@H]1OC,7.74
