id,smiles,pKi
ZINC000000000504,CN1CCN2c3ccccc3Cc3ccccc3[C@@H]2C1,6.42
ZINC000000000855,CN1CCN2c3ccccc3Cc3ccccc3[C@H]2C1,6.42
ZINC000000002020,c1ccc2nc(N3CCNCC3)ccc2c1,5.43
ZINC000000004439,O=c1ccc2[nH]cc(C3=CCNCC3)c2[nH]1,5.66
ZINC000000005092,NCCc1c[nH]c2ccc(-c3nc(Cc4ccccc4)no3)cc12,8.2
ZINC000000005452,COc1ccc2[nH]cc(C[C@@H]3CCCN3C)c2c1,6.38
ZINC000000005455,CN(C)CCc1c[nH]c2ccc(CN3CCN(C)S3(=O)=O)cc12,7.2
ZINC000000005933,CN(C)CCc1c[nH]c2ccc(-n3cnnc3)cc12,9.52
ZINC000000009318,CN(C)C[C@@H]1C[C@H]2c3ccccc3Cc3ccccc3N2O1,6.18
ZINC000000014692,Cc1noc(-c2ccc3[nH]cc(CCN)c3c2)n1,8.0
ZINC000000014693,CN(C)CCc1c[nH]c2ccc(-c3nc(Cc4ccccc4)no3)cc12,8.2
ZINC000000014694,Cc1noc(Cc2ccc3[nH]cc(CCN)c3c2)n1,7.5
ZINC000000014695,NCCc1c[nH]c2ccc(Cc3nc(Cc4ccccc4)no3)cc12,7.5
ZINC000000014696,NCCc1c[nH]c2ccc(Cc3nc(N)no3)cc12,7.7
ZINC000000014697,NCCc1c[nH]c2ccc(Cc3nc(-c4ccccc4)no3)cc12,7.7
ZINC000000014698,NCCc1c[nH]c2ccc(CCc3nc(Cc4ccccc4)no3)cc12,8.3
ZINC000000014699,Cc1noc(CCCc2ccc3[nH]cc(CCN)c3c2)n1,8.3
ZINC000000014701,CN(C)CCc1c[nH]c2ccc(Cc3nc(N)no3)cc12,7.6
ZINC000000014702,NCCc1c[nH]c2ccc(CCc3nc(N)no3)cc12,8.0
ZINC000000016311,CN1CCN(Cc2ccc3[nH]cc(CCN)c3c2)S1(=O)=O,6.5
ZINC000000017124,c1cc2c(N3CCNCC3)nc3ccsc3n2c1,6.22
ZINC000000017125,CN1CCN(c2nc3ccsc3n3cccc23)CC1,6.4
ZINC000000018073,c1cc2[nH]cc(CCN3CCC3)c2cc1-n1cnnc1,8.96
ZINC000000018074,c1cc2[nH]cc(CCN3CCCC3)c2cc1-n1cnnc1,8.64
ZINC000000019264,c1cnc2c(c1)nc(N1CCNCC1)c1cccn12,5.77
ZINC000000019265,CN1CCN(c2nc3cccnc3n3cccc23)CC1,6.02
ZINC000000020380,CN(C)CCc1c[nH]c2ccc(-n3cnc4cccnc43)cc12,7.96
ZINC000000021198,CN(C)C[C@H]1C[C@@H]2c3ccccc3Cc3ccccc3N2O1,6.18
ZINC000000056464,FC(F)(F)c1cccc(N2CCNCC2)c1,6.21
ZINC000000338136,COc1cc2c3c(c1OC)-c1cc4c(cc1C[C@@H]3N(C)CC2)OCO4,7.31
ZINC000000338140,COc1cc2c3c(c1OC)-c1cc4c(cc1C[C@H]3N(C)CC2)OCO4,7.31
ZINC000000394399,CN(C)CCc1c[nH]c2ccc(OCc3ccccc3)cc12,7.6
ZINC000000404450,C[C@H](N)Cc1c[nH]c2ccccc12,5.75
ZINC000000404451,C[C@@H](N)Cc1c[nH]c2ccccc12,5.75
ZINC000000537877,O=C(c1ccc(F)cc1)C1CCN(CCn2c(=O)[nH]c3ccccc3c2=O)CC1,6.59
ZINC000000587807,COc1ccc(NC(=O)N2CCC(c3c[nH]c4cc(F)ccc34)CC2)cc1N1CCN(C)CC1,6.7
ZINC000000587810,COc1ccc(NC(=O)N2CCC(c3c[nH]c4cccc(F)c34)CC2)cc1N1CCN(C)CC1,6.52
ZINC000000595147,C[C@H]1C[C@H](c2c[nH]c3cc(F)ccc23)CCN1CC[C@H]1OCCc2cc(C(N)=O)ccc21,7.55
ZINC000000595148,Cn1cc(C2=CCN(CC[C@H]3OCCc4cc(C(N)=O)ccc43)CC2)c2ccc(F)cc21,7.19
ZINC000000598510,COc1ccc(NC(=O)c2ccc(-c3ccc(-c4nnc(C)o4)cc3C)cc2)cc1N1CCN(C)CC1,7.43
ZINC000000599299,CN(C)CCc1c[nH]c2ccc(CCc3nc(Cc4ccccc4)no3)cc12,7.9
ZINC000000599303,CNS(=O)(=O)c1ccc(Cc2noc(-c3ccc4[nH]cc(CCN)c4c3)n2)cc1,9.6
ZINC000000602165,O=C1CN(CCCc2c[nH]c3ccc(-n4cnnc4)cc23)CCN1Cc1ccccc1,8.18
ZINC000000602342,CN(Cc1ccccc1)CC1(O)CCN(CCCc2c[nH]c3ccc(-n4cnnc4)cc23)CC1,8.92
ZINC000000602478,COc1ccc(NC(=O)N2CCC(c3c[nH]c4ccc(F)cc34)CC2)cc1N1CCN(C)CC1,6.63
ZINC000000603789,NC(=O)c1ccc2c(c1)CCO[C@@H]2CCN1CC=C(c2c[nH]c3cc(F)ccc23)CC1,8.1
ZINC000000605248,CN(C)CCc1c[nH]c2ccc(CCN3CCN(C)S3(=O)=O)cc12,7.4
ZINC000000605252,CC(=O)Nc1ccc(CN2CCN(Cc3ccc4[nH]cc(CCN(C)C)c4c3)S2(=O)=O)cc1,7.7
ZINC000000607671,O=C1CN(CCCc2c[nH]c3ccc(-n4cnnc4)cc23)CCN1CCc1ccccc1,8.28
ZINC000000836543,COc1ccc(NC(=O)N2CCN(c3ccccc3C)CC2)cc1N1CCN(C)CC1,7.32
ZINC000000836547,COc1ccc(N2CCN(C(=O)Nc3ccc(OC)c(N4CCN(C)CC4)c3)CC2)cc1,6.64
ZINC000000841221,c1cnc(N2CCN(CCCc3c[nH]c4ccc(-n5cnnc5)cc34)CC2)nc1,9.22
ZINC000000841701,O=c1[nH]c2ccccc2n1C1CCN(CCCc2c[nH]c3ccc(-n4cnnc4)cc23)CC1,8.92
ZINC000001486791,FC1(Cc2ccccc2)CCN(CCCc2c[nH]c3ccc(-n4cnnc4)cc23)CC1,9.4
ZINC000001486792,Fc1cccc(CCC2(F)CCN(CCCc3c[nH]c4ccc(-n5cnnc5)cc34)CC2)c1,9.15
ZINC000001486793,FC1(Cc2ccccc2C(F)(F)F)CCN(CCCc2c[nH]c3ccc(-n4cnnc4)cc23)CC1,9.7
ZINC000001486794,FC1(CCc2ccccc2)CCN(CCCc2c[nH]c3ccc(-n4cnnc4)cc23)CC1,8.7
ZINC000001486798,F[C@@H](Cc1c[nH]c2ccc(-n3cnnc3)cc12)CN1CCC(Cc2ccccc2)CC1,9.05
ZINC000001486819,F[C@@H](Cc1c[nH]c2ccc(-n3cnnc3)cc12)CN1CCC(OCc2ccccc2)CC1,7.52
ZINC000001487796,COc1ccc(NC(=O)c2ccc(-c3ccc(C(N)=O)cc3C)cc2)cc1N1CCN(C)CC1,8.0
ZINC000001489002,CN(Cc1ccccc1)[C@H]1CCN(CCCc2c[nH]c3ccc(-n4cnnc4)cc23)C[C@H]1F,8.66
ZINC000001489634,COc1ccccc1N1CCN(CC[C@@H](O)c2csc3ccccc23)CC1,5.58
ZINC000001536693,c1ccc2c(c1)CC[C@H](CNCCCNC1=NCCCN1)O2,8.85
ZINC000001541648,c1ccc2c(c1)CC[C@@H](CNCCCNC1=NCCCN1)O2,8.5
ZINC000001542113,N#Cc1ccc2[nH]cc(CCCCN3CCN(c4ccc5oc(C(N)=O)cc5c4)CC3)c2c1,5.4
ZINC000001545455,CCc1ccc2c(c1)O[C@@H](CNCCCNC1=NCCCN1)CC2,9.5
ZINC000001545456,Fc1ccc2c(c1)CC[C@H](CNCCCNC1=NCCCN1)O2,8.1
ZINC000001545457,COc1cccc2c1O[C@@H](CNCCCNC1=NCCCN1)CC2,9.1
ZINC000001545565,CCCCCNC(=N)N/N=C/c1c[nH]c2ccc(OC)cc12,7.0
ZINC000002012156,C[C@H](N)Cc1c[nH]c2ccc(O)cc12,6.82
ZINC000002012157,C[C@@H](N)Cc1c[nH]c2ccc(O)cc12,6.82
ZINC000002019382,CCN(CC)CCc1c[nH]c2ccc(O)cc12,7.11
ZINC000002516018,CN1CCN(c2nc3cc(C(F)(F)F)ccc3n3cccc23)CC1,7.46
ZINC000002539813,NCCc1c[nH]c2ccc(C(N)=O)cc12,8.47
ZINC000002568243,COc1ccc2[nH]cc(C3=CCNCC3)c2c1,7.41
ZINC000003779247,COc1ccc2[nH]cc(C[C@H]3CCCN3C)c2c1,7.62
ZINC000003779258,CNS(=O)(=O)Cc1ccc2[nH]cc(C[C@H]3CCCN3C)c2c1,8.14
ZINC000003793340,CN(C)CCc1c[nH]c2ccc(Nc3ncccc3[N+](=O)[O-])cc12,8.7
ZINC000003793344,O=[N+]([O-])c1cccnc1Nc1ccc2[nH]cc(C[C@H]3CCCN3)c2c1,8.89
ZINC000003793347,CN1CCC[C@@H]1Cc1c[nH]c2ccc(Nc3ncccc3[N+](=O)[O-])cc12,8.89
ZINC000003793349,CN1CC[C@@H](c2c[nH]c3ccc(Nc4ncccc4[N+](=O)[O-])cc23)C1,8.7
ZINC000003797946,CS(=O)(=O)Nc1ccc(Cc2noc(-c3ccc4[nH]cc(CCN)c4c3)n2)cc1,9.5
ZINC000003805713,CN1CCC[C@@H]1Cc1c[nH]c2ccc(-n3cnc4cc(C#N)ccc43)cc12,10.38
ZINC000003807663,COc1ccc2[nH]c3c(c2c1)C[C@H](N)CC3,5.92
ZINC000003812551,COc1ccc(N2CCN(CC[C@H]3OCCc4ccccc43)CC2)cc1,8.17
ZINC000003823475,CN1CCC[C@@H]1Cc1c[nH]c2ccc(CCS(=O)(=O)c3ccccc3)cc12,8.9
ZINC000003826485,CNS(=O)(=O)Cc1ccc2[nH]cc(CCN3CC[C@@H](CNCc4ccccc4)C3)c2c1,8.96
ZINC000003827602,OC[C@H](NC1CCN(C[C@@H](F)Cc2c[nH]c3ccc(-n4cnnc4)cc23)CC1)c1ccc(F)cc1,8.85
ZINC000003870313,CCCN(CCC)[C@H]1CCc2cccc(O)c2C1,6.94
ZINC000003951843,CCc1ccc2c(c1)O[C@H](CNCCCNC1=NCCCN1)CC2,9.5
ZINC000003951844,Fc1ccc2c(c1)CC[C@@H](CNCCCNC1=NCCCN1)O2,8.1
ZINC000003951845,COc1cccc2c1O[C@H](CNCCCNC1=NCCCN1)CC2,9.1
ZINC000003962635,CC(C)CN(C)CC1(O)CCN(CCCc2c[nH]c3ccc(-n4cnnc4)cc23)CC1,9.19
ZINC000003963295,COc1ccc(NC(=O)c2ccc(-c3ccc(C(=N)N)cc3C)cc2)cc1N1CCN(C)CC1,8.52
ZINC000003964609,C[C@H](N)Cc1c[nH]c2ccc3c(c12)CCCO3,5.72
ZINC000003965842,CN(C)C[C@@H]1C[C@@H]2c3ccccc3Cc3ccc(Cl)cc3N2O1,6.87
ZINC000003976847,NC(=O)c1ccc2c(c1)CCO[C@H]2CCN1CC=C(c2c[nH]c3cc(F)ccc23)CC1,8.1
ZINC000003976853,Cn1cc(C2=CCN(CC[C@@H]3OCCc4cc(C(N)=O)ccc43)CC2)c2ccc(F)cc21,7.19
ZINC000003984030,O=c1cc(-c2ccc(O)c(-c3c(O)cc(O)c4c(=O)cc(-c5ccc(O)cc5)oc34)c2)oc2cc(O)cc(O)c12,5.39
ZINC000004618051,COc1ccc(N2CCN(CC[C@@H]3OCCc4ccccc43)CC2)cc1,8.17
ZINC000005161581,Cn1cc(CCN)c2c3c(ccc21)OCCC3,5.38
ZINC000005319617,COc1ccccc1N1CCN(CCCCNC(=O)C23CC4CC(CC(C4)C2)C3)CC1,6.34
ZINC000005832849,CCCN(CCC)CCc1c[nH]c2ccc(O)cc12,6.09
ZINC000008750345,CNCCOc1cc(Cl)ccc1Cl,5.42
ZINC000012355953,c1cc2c3c(ccc2[nH]1)CC[C@@H](N1CCCC1)C3,7.11
ZINC000012355955,c1cc2c3c(ccc2[nH]1)CC[C@H](N1CCCC1)C3,7.11
ZINC000012355996,c1cc2c3c(ccc2[nH]1)CC[C@@H](N1CCCCCC1)C3,6.47
ZINC000012355997,c1cc2c3c(ccc2[nH]1)CC[C@H](N1CCCCCC1)C3,6.47
ZINC000012356089,CCCN(CC1CC1)[C@@H]1CCc2ccc3[nH]cc(C=O)c3c2C1,7.62
ZINC000012356091,CCCN(CC1CC1)[C@H]1CCc2ccc3[nH]cc(C=O)c3c2C1,7.62
ZINC000012356220,COc1ccccc1N1CCN(CC[C@H](O)c2csc3ccccc23)CC1,5.58
ZINC000013436817,CN(C)C[C@H]1C[C@H]2c3ccccc3Cc3ccccc3N2O1,6.18
ZINC000013436820,CN(C)C[C@@H]1C[C@@H]2c3ccccc3Cc3ccccc3N2O1,6.18
ZINC000013437079,CN(C)C[C@@H]1C[C@H]2c3ccccc3Cc3ccc(Cl)cc3N2O1,6.87
ZINC000013437082,CN(C)C[C@H]1C[C@H]2c3ccccc3Cc3ccc(Cl)cc3N2O1,6.87
ZINC000013437085,CN(C)C[C@H]1C[C@@H]2c3ccccc3Cc3ccc(Cl)cc3N2O1,6.87
ZINC000013437198,CN(C)C[C@@H]1C[C@H]2c3ccccc3Cc3ccc(F)cc3N2O1,6.52
ZINC000013437201,CN(C)C[C@H]1C[C@H]2c3ccccc3Cc3ccc(F)cc3N2O1,6.52
ZINC000013437204,CN(C)C[C@@H]1C[C@@H]2c3ccccc3Cc3ccc(F)cc3N2O1,6.52
ZINC000013437207,CN(C)C[C@H]1C[C@@H]2c3ccccc3Cc3ccc(F)cc3N2O1,6.52
ZINC000013491358,C[C@H]1C[C@@H](C)N1C(=O)[C@@H]1C=C2c3cccc4[nH]cc(c34)C[C@H]2N(C)C1,8.43
ZINC000013491359,C[C@@H]1C[C@@H](C)N1C(=O)[C@@H]1C=C2c3cccc4[nH]cc(c34)C[C@H]2N(C)C1,8.7
ZINC000013491360,C[C@H]1C[C@H](C)N1C(=O)[C@@H]1C=C2c3cccc4[nH]cc(c34)C[C@H]2N(C)C1,8.62
ZINC000013523588,CN1CCC(c2c[nH]c3c[nH]/c(=N\C(=O)c4ccc(F)cc4)cc23)CC1,7.28
ZINC000013527309,NCCc1c[nH]c2ccc3c(c12)CCCO3,6.96
ZINC000013527312,CN(C)CCc1c[nH]c2ccc3c(c12)CCCO3,6.66
ZINC000013527318,C[C@@H](N)Cc1c[nH]c2ccc3c(c12)CCCO3,5.72
ZINC000013553510,CN1CCC[C@@H]1Cc1c[nH]c2ccc(C3=CCN(C(=O)NC45CC6CC(CC(C6)C4)C5)CC3)cc12,8.4
ZINC000013553516,CN1CCC[C@@H]1Cc1c[nH]c2ccc(C3=CCN(/C(S)=N/C45CC6CC(CC(C6)C4)C5)CC3)cc12,8.25
ZINC000013556905,COc1ccccc1N1CCN(CCN(C(=O)c2ccc(F)c(C)c2)c2ccccn2)CC1,8.54
ZINC000013556906,COc1ccccc1N1CCN(CCN(C(=O)C2CCC(F)CC2)c2ccccn2)CC1,8.98
ZINC000013557014,c1ccc(CC2CCN(CCCc3c[nH]c4ccc(-n5cnnc5)cc34)CC2)cc1,9.52
ZINC000013557016,CN(Cc1ccccc1)C1CCN(CCCc2c[nH]c3ccc(-n4cnnc4)cc23)CC1,8.82
ZINC000013557022,Fc1ccccc1CC1(F)CCN(CCCc2c[nH]c3ccc(-n4cnnc4)cc23)CC1,10.0
ZINC000013557023,Fc1cccc(CC2(F)CCN(CCCc3c[nH]c4ccc(-n5cnnc5)cc34)CC2)c1,9.4
ZINC000013557024,Fc1ccccc1CCC1(F)CCN(CCCc2c[nH]c3ccc(-n4cnnc4)cc23)CC1,9.1
ZINC000013557026,Fc1ccc(CCC2(F)CCN(CCCc3c[nH]c4ccc(-n5cnnc5)cc34)CC2)cc1,9.0
ZINC000013557028,C[C@@H](CC1(F)CCN(CCCc2c[nH]c3ccc(-n4cnnc4)cc23)CC1)c1ccccc1,9.22
ZINC000013557029,C[C@H](CC1(F)CCN(CCCc2c[nH]c3ccc(-n4cnnc4)cc23)CC1)c1ccccc1,9.22
ZINC000013557072,F[C@H](Cc1c[nH]c2ccc(-n3cnnc3)cc12)CN1CCC(Cc2ccccc2)CC1,9.05
ZINC000013557073,F[C@H](Cc1c[nH]c2ccc(-n3cnnc3)cc12)CN1CCC(OCc2ccccc2)CC1,7.52
ZINC000013557075,CN(Cc1ccccc1)C1CCN(C[C@H](F)Cc2c[nH]c3ccc(-n4cnnc4)cc23)CC1,8.27
ZINC000013557077,FC(F)(Cc1c[nH]c2ccc(-n3cnnc3)cc12)CN1CCC(Cc2ccccc2)CC1,7.11
ZINC000013557079,FC(F)(Cc1c[nH]c2ccc(-n3cnnc3)cc12)CN1CCC(COc2ccccc2)CC1,6.55
ZINC000013557082,FC(F)(Cc1c[nH]c2ccc(-n3cnnc3)cc12)CN1CCC(CCc2ccccc2)CC1,7.25
ZINC000013727655,CN(C)CCc1c[nH]c2cc3c(cc12)OCCC3,5.92
ZINC000013727658,CN(C)CCc1cn(C)c2ccc3c(c12)CCCO3,5.03
ZINC000013738108,CN1CC[C@H](c2c[nH]c3ccc(Nc4ncccc4[N+](=O)[O-])cc23)C1,8.7
ZINC000013738509,CN(C)CCc1c[nH]c2ccc(N3CCN(C)S3(=O)=O)cc12,7.0
ZINC000013738510,CN(C)CCc1c[nH]c2ccc(N3CCN(Cc4ccccc4)S3(=O)=O)cc12,7.7
ZINC000013738511,CN(C)CCc1c[nH]c2ccc(CN3CCNS3(=O)=O)cc12,7.0
ZINC000013738512,CC(C)N1CCN(Cc2ccc3[nH]cc(CCN(C)C)c3c2)S1(=O)=O,7.0
ZINC000013738513,CNCCc1c[nH]c2ccc(CN3CCN(C)S3(=O)=O)cc12,7.0
ZINC000013738514,CN(C)CCc1c[nH]c2ccc(CN3CCCN(C)S3(=O)=O)cc12,7.2
ZINC000013738515,CN(C)CCc1c[nH]c2ccc(CN3CC(C)(C)NS3(=O)=O)cc12,7.0
ZINC000013738516,CN(C)CCc1c[nH]c2ccc(CN3C(C)(C)CNS3(=O)=O)cc12,6.7
ZINC000013738517,CN(C)CCc1c[nH]c2ccc(CCN3CCNS3(=O)=O)cc12,7.4
ZINC000013738518,CCN1CCN(CCc2ccc3[nH]cc(CCN(C)C)c3c2)S1(=O)=O,7.4
ZINC000013738519,CN1CCN(Cc2ccc3scc(CCN)c3c2)S1(=O)=O,6.4
ZINC000013738696,CCCN(CCC)[C@@H]1CCc2ccc3[nH]cc(Cl)c3c2C1,7.64
ZINC000013738697,CCCN(CCC)[C@H]1CCc2ccc3[nH]cc(Cl)c3c2C1,7.64
ZINC000013738698,CCCN(CCC)[C@@H]1CCc2ccc3[nH]cc(CC(F)(F)F)c3c2C1,7.27
ZINC000013738699,CCCN(CCC)[C@H]1CCc2ccc3[nH]cc(CC(F)(F)F)c3c2C1,7.27
ZINC000013741358,CN(C)CCc1c[nH]c2ccc(Cn3ccnc3)cc12,7.5
ZINC000013741359,Cc1nccn1Cc1ccc2[nH]cc(CCN(C)C)c2c1,7.2
ZINC000013741360,CN(C)CCc1c[nH]c2ccc(Cn3ccnn3)cc12,7.3
ZINC000013741361,CN(C)CCc1c[nH]c2ccc(Cn3nccn3)cc12,6.6
ZINC000013741362,CN(C)CCc1c[nH]c2ccc(Cn3cnnn3)cc12,7.4
ZINC000013741363,CN(C)CCc1c[nH]c2ccc(Cn3ncnn3)cc12,7.4
ZINC000013741364,CN(C)CCc1c[nH]c2ccc(-n3cncn3)cc12,7.7
ZINC000013741365,Cc1nccn1-c1ccc2[nH]cc(CCN(C)C)c2c1,8.1
ZINC000013741366,CN(C)CCc1c[nH]c2ccc(Cc3ncn(C)n3)cc12,6.7
ZINC000013741367,CN(C)CCc1c[nH]c2ccc(Cc3ncnn3C)cc12,7.0
ZINC000013741368,CN(C)CCc1c[nH]c2ccc(Cc3nncn3C)cc12,7.6
ZINC000013741369,CN(C)CCc1c[nH]c2ccc(Cc3nnn[nH]3)cc12,5.4
ZINC000013741370,CN(C)CCc1c[nH]c2ccc(Cc3nnnn3C)cc12,7.6
ZINC000013741371,CCn1nnnc1Cc1ccc2[nH]cc(CCN(C)C)c2c1,7.6
ZINC000013741372,CN(C)CCc1c[nH]c2ccc(Cc3nnn(C)n3)cc12,7.1
ZINC000013741373,CCn1nnc(Cc2ccc3[nH]cc(CCN(C)C)c3c2)n1,6.9
ZINC000013741688,CCCN[C@@H]1CCc2cc(F)ccc2C1,6.23
ZINC000013741689,CCCN[C@H]1CCc2cc(F)ccc2C1,6.23
ZINC000013741696,CCCN(CCC)[C@@H]1CCc2cc(F)c3[nH]cc(C#N)c3c2C1,8.07
ZINC000013741697,CCCN(CCC)[C@H]1CCc2cc(F)c3[nH]cc(C#N)c3c2C1,8.07
ZINC000013741698,CCCN(CCC)[C@@H]1CCc2cc(F)c3[nH]cc(C(=O)CC)c3c2C1,7.44
ZINC000013741699,CCCN(CCC)[C@H]1CCc2cc(F)c3[nH]cc(C(=O)CC)c3c2C1,7.44
ZINC000013741700,CCCc1c[nH]c2c(F)cc3c(c12)C[C@H](N(CCC)CCC)CC3,8.08
ZINC000013741701,CCCc1c[nH]c2c(F)cc3c(c12)C[C@@H](N(CCC)CCC)CC3,8.08
ZINC000013741702,CCCN(CCC)[C@@H]1CCc2cc(F)c3c(ccn3C)c2C1,6.66
ZINC000013741703,CCCN(CCC)[C@H]1CCc2cc(F)c3c(ccn3C)c2C1,6.66
ZINC000013741704,CCCN(CCC)[C@@H]1CCc2cc(F)c3c(c(C=O)cn3C)c2C1,6.38
ZINC000013741705,CCCN(CCC)[C@H]1CCc2cc(F)c3c(c(C=O)cn3C)c2C1,6.38
ZINC000013741706,CCCN(CCC)[C@@H]1CCc2ccc3[nH]cc(C(=O)C(F)(F)F)c3c2C1,6.95
ZINC000013741707,CCCN(CCC)[C@H]1CCc2ccc3[nH]cc(C(=O)C(F)(F)F)c3c2C1,6.95
ZINC000013741708,CCCN(CCC)[C@@H]1CCc2ccc3[nH]cc(C(C)=O)c3c2C1,6.97
ZINC000013741709,CCCN(CCC)[C@H]1CCc2ccc3[nH]cc(C(C)=O)c3c2C1,6.97
ZINC000013741716,CCCN(CCC)[C@@H]1CCc2ccc3c(c2C1)CC(=O)N3,7.59
ZINC000013741717,CCCN(CCC)[C@H]1CCc2ccc3c(c2C1)CC(=O)N3,7.59
ZINC000013741720,CCCN(CCC)[C@@H]1CCc2ccc3[nH]cc(C)c3c2C1,7.37
ZINC000013741721,CCCN(CCC)[C@H]1CCc2ccc3[nH]cc(C)c3c2C1,7.37
ZINC000013741722,CCCN(CCC)[C@@H]1CCc2ccc3c(c(C=O)cn3C)c2C1,6.48
ZINC000013741723,CCCN(CCC)[C@H]1CCc2ccc3c(c(C=O)cn3C)c2C1,6.48
ZINC000013741724,CCCN(CCC)[C@@H]1CCc2ccc3[nH]cc(SC)c3c2C1,7.74
ZINC000013741725,CCCN(CCC)[C@H]1CCc2ccc3[nH]cc(SC)c3c2C1,7.74
ZINC000013741726,CCCN(CCC)[C@@H]1CCc2ccc3[nH]cc(S(C)(=O)=O)c3c2C1,7.28
ZINC000013741727,CCCN(CCC)[C@H]1CCc2ccc3[nH]cc(S(C)(=O)=O)c3c2C1,7.28
ZINC000013741728,CCCN[C@@H]1CCc2ccc3[nH]ccc3c2C1,7.16
ZINC000013741729,CCCN[C@H]1CCc2ccc3[nH]ccc3c2C1,7.16
ZINC000013741730,CCCN(C)[C@@H]1CCc2ccc3[nH]ccc3c2C1,6.77
ZINC000013741731,CCCN(C)[C@H]1CCc2ccc3[nH]ccc3c2C1,6.77
ZINC000013741732,C=CCN(CCC)[C@@H]1CCc2ccc3[nH]ccc3c2C1,7.46
ZINC000013741733,C=CCN(CCC)[C@H]1CCc2ccc3[nH]ccc3c2C1,7.46
ZINC000013741735,CCCN(CC1CC1)[C@@H]1CCc2ccc3[nH]ccc3c2C1,7.12
ZINC000013741736,CCCN(CC1CC1)[C@H]1CCc2ccc3[nH]ccc3c2C1,7.12
ZINC000013741737,CCCN(Cc1ccccc1)[C@@H]1CCc2ccc3[nH]ccc3c2C1,6.72
ZINC000013741738,CCCN(Cc1ccccc1)[C@H]1CCc2ccc3[nH]ccc3c2C1,6.72
ZINC000013741739,CCCN(CCc1ccccc1)[C@@H]1CCc2ccc3[nH]ccc3c2C1,8.13
ZINC000013741740,CCCN(CCc1ccccc1)[C@H]1CCc2ccc3[nH]ccc3c2C1,8.13
ZINC000013741741,CCCN(CCc1cccs1)[C@@H]1CCc2ccc3[nH]ccc3c2C1,7.89
ZINC000013741742,CCCN(CCc1cccs1)[C@H]1CCc2ccc3[nH]ccc3c2C1,7.89
ZINC000013741743,CCCN(CCCc1ccccc1OC)[C@@H]1CCc2ccc3[nH]ccc3c2C1,8.6
ZINC000013741744,CCCN(CCCc1ccccc1OC)[C@H]1CCc2ccc3[nH]ccc3c2C1,8.6
ZINC000013741745,CCCN(CCCOc1cccc(Cl)c1)[C@@H]1CCc2ccc3[nH]ccc3c2C1,7.89
ZINC000013741746,CCCN(CCCOc1cccc(Cl)c1)[C@H]1CCc2ccc3[nH]ccc3c2C1,7.89
ZINC000013741747,CCCN(CCCCN1C(=O)CC(C)(C)CC1=O)[C@@H]1CCc2ccc3[nH]ccc3c2C1,7.59
ZINC000013741748,CCCN(CCCCN1C(=O)CC(C)(C)CC1=O)[C@H]1CCc2ccc3[nH]ccc3c2C1,7.59
ZINC000013741749,CCCN[C@@H]1CCc2ccc3[nH]cc(C=O)c3c2C1,7.57
ZINC000013741750,CCCN[C@H]1CCc2ccc3[nH]cc(C=O)c3c2C1,7.57
ZINC000013741751,CCCN(C)[C@@H]1CCc2ccc3[nH]cc(C=O)c3c2C1,7.8
ZINC000013741752,CCCN(C)[C@H]1CCc2ccc3[nH]cc(C=O)c3c2C1,7.8
ZINC000013741756,CCCN(Cc1ccccc1)[C@@H]1CCc2ccc3[nH]cc(C=O)c3c2C1,7.48
ZINC000013741757,CCCN(Cc1ccccc1)[C@H]1CCc2ccc3[nH]cc(C=O)c3c2C1,7.48
ZINC000013741758,CCCN(CCc1ccccc1)[C@@H]1CCc2ccc3[nH]cc(C=O)c3c2C1,8.55
ZINC000013741759,CCCN(CCc1ccccc1)[C@H]1CCc2ccc3[nH]cc(C=O)c3c2C1,8.55
ZINC000013741760,CCCN(CCc1cccs1)[C@@H]1CCc2ccc3[nH]cc(C=O)c3c2C1,8.7
ZINC000013741761,CCCN(CCc1cccs1)[C@H]1CCc2ccc3[nH]cc(C=O)c3c2C1,8.7
ZINC000013741762,CCCN(CCCc1ccccc1OC)[C@@H]1CCc2ccc3[nH]cc(C=O)c3c2C1,8.47
ZINC000013741763,CCCN(CCCc1ccccc1OC)[C@H]1CCc2ccc3[nH]cc(C=O)c3c2C1,8.47
ZINC000013741764,CCCN(CCCOc1cccc(Cl)c1)[C@@H]1CCc2ccc3[nH]cc(C=O)c3c2C1,8.29
ZINC000013741765,CCCN(CCCOc1cccc(Cl)c1)[C@H]1CCc2ccc3[nH]cc(C=O)c3c2C1,8.29
ZINC000013741767,CCCN(CCCCN1C(=O)CC(C)(C)CC1=O)[C@H]1CCc2ccc3[nH]cc(C=O)c3c2C1,8.01
ZINC000013741769,CCCN(CCCc1ccccc1)[C@H]1CCc2ccc3[nH]cc(C=O)c3c2C1,8.7
ZINC000013741774,c1ccc(CCCNC[C@@H]2CCc3ccc4[nH]ccc4c3C2)cc1,7.2
ZINC000013741775,c1ccc(CCCNC[C@H]2CCc3ccc4[nH]ccc4c3C2)cc1,7.2
ZINC000013743220,CN(C)S(=O)(=O)Nc1ccc(N2CCN(C(=O)COc3ccc4[nH]cc(CCN)c4c3)CC2)cc1,9.59
ZINC000013745611,COc1ccc2[nH]c3c(c2c1)C[C@@H](N)CC3,5.92
ZINC000013745613,CCCCCCOc1ccc2[nH]c3c(c2c1)C[C@H](N)CC3,5.96
ZINC000013745615,CCCCCCOc1ccc2[nH]c3c(c2c1)C[C@@H](N)CC3,5.96
ZINC000013755924,CCCN1CCN(c2nc3ccsc3n3cccc23)CC1,6.87
ZINC000013755925,C=CCN1CCN(c2nc3ccsc3n3cccc23)CC1,6.42
ZINC000013755928,FC(F)(F)c1cccc(N2CCN(c3nc4ccsc4n4cccc34)CC2)c1,5.9
ZINC000013755933,Clc1ccc(CN2CCN(c3nc4ccsc4n4cccc34)CC2)c(Cl)c1,5.51
ZINC000013755946,c1cc2c(N3CCN(CC4CC4)CC3)nc3ccsc3n2c1,5.59
ZINC000013755958,CN1CCN(c2nc3sccc3n3cccc23)CC1,6.04
ZINC000013755960,C=CCN1CCN(c2nc3sccc3n3cccc23)CC1,6.33
ZINC000013760465,CCCN(CCC)CCc1c[nH]c2ccc(OCc3ccccc3)cc12,6.33
ZINC000013760466,CCN(CC)CCc1c[nH]c2ccc(OCc3ccccc3)cc12,6.96
ZINC000013762456,C=CCN1CCN(c2nc3cccnc3n3cccc23)CC1,6.02
ZINC000013762494,C=CCN1CCN(c2nc3ccc4ncccc4c3n3cccc23)CC1,5.24
ZINC000013765956,c1ccc(CO[C@@H]2CCN(CCc3c[nH]c4ccc(-n5cnnc5)cc34)C2)cc1,8.2
ZINC000013765959,c1ccc(CO[C@H]2CCN(CCc3c[nH]c4ccc(-n5cnnc5)cc34)C2)cc1,7.7
ZINC000013765964,c1ccc(COC[C@@H]2CCN(CCc3c[nH]c4ccc(-n5cnnc5)cc34)C2)cc1,8.68
ZINC000013765969,CN(Cc1ccccc1)C[C@@H]1CCN(CCc2c[nH]c3ccc(-n4cnnc4)cc23)C1,9.15
ZINC000013765972,c1ccc(CNC[C@H]2CCN(CCc3c[nH]c4ccc(-n5cnnc5)cc34)C2)cc1,8.8
ZINC000013765975,c1cc2[nH]cc(CCN3CCCCC3)c2cc1-n1cnnc1,6.7
ZINC000013765977,c1cc2[nH]cc(CCCN3CCCCC3)c2cc1-n1cnnc1,7.62
ZINC000013765978,CN(Cc1ccccc1)CC1CCN(CCCc2c[nH]c3ccc(-n4cnnc4)cc23)CC1,9.05
ZINC000013765979,c1ccc(CNC2CCN(CCCc3c[nH]c4ccc(-n5cnnc5)cc34)CC2)cc1,8.34
ZINC000013765980,C[C@@H](NC1CCN(CCCc2c[nH]c3ccc(-n4cnnc4)cc23)CC1)c1ccccc1,9.46
ZINC000013765983,OC[C@H](NC1CCN(CCCc2c[nH]c3ccc(-n4cnnc4)cc23)CC1)c1ccccc1,8.89
ZINC000013780273,OC[C@H](NC1CCN(C[C@H](F)Cc2c[nH]c3ccc(-n4cnnc4)cc23)CC1)c1ccc(F)cc1,8.85
ZINC000013782495,CC1=C(C(N)=O)[C@@H](c2ccc([N+](=O)[O-])cc2)C(C(=O)NCCCN2CCC(C)(c3ccccc3)CC2)=C(C)N1,5.71
ZINC000013782496,CC1=C(C(N)=O)[C@H](c2ccc([N+](=O)[O-])cc2)C(C(=O)NCCCN2CCC(C)(c3ccccc3)CC2)=C(C)N1,5.71
ZINC000013782497,CC1=C(C(N)=O)[C@@H](c2ccc([N+](=O)[O-])cc2)C(C(=O)NCCCN2CCC(O)(c3ccccc3)CC2)=C(C)N1,5.33
ZINC000013782498,CC1=C(C(N)=O)[C@H](c2ccc([N+](=O)[O-])cc2)C(C(=O)NCCCN2CCC(O)(c3ccccc3)CC2)=C(C)N1,5.33
ZINC000013794028,O[C@@H]1CCN(CCc2c[nH]c3ccc(-n4cnnc4)cc23)C1,8.11
ZINC000013794031,OC[C@@H]1CCN(CCc2c[nH]c3ccc(-n4cnnc4)cc23)C1,7.59
ZINC000013794034,CN(Cc1ccccc1)C[C@@H]1CCN(CCCc2c[nH]c3ccc(-n4cnnc4)cc23)C1,8.38
ZINC000013794038,c1ccc(COC[C@@H]2CCN(CCCc3c[nH]c4ccc(-n5cnnc5)cc34)C2)cc1,8.68
ZINC000013794042,c1ccc(COC[C@@H]2CCCN2CCc2c[nH]c3ccc(-n4cnnc4)cc23)cc1,9.09
ZINC000013794045,c1ccc(COC[C@H]2CCCN2CCc2c[nH]c3ccc(-n4cnnc4)cc23)cc1,7.02
ZINC000013794050,c1ccc(CNC[C@@H]2CCN(CCc3c[nH]c4ccc(-n5cnnc5)cc34)C2)nc1,8.44
ZINC000013794055,c1cncc(CNC[C@@H]2CCN(CCc3c[nH]c4ccc(-n5cnnc5)cc34)C2)c1,8.42
ZINC000013794058,c1cc(CNC[C@@H]2CCN(CCc3c[nH]c4ccc(-n5cnnc5)cc34)C2)ccn1,8.07
ZINC000013794061,c1coc(CNC[C@@H]2CCN(CCc3c[nH]c4ccc(-n5cnnc5)cc34)C2)c1,8.82
ZINC000013794064,c1cc(CNC[C@@H]2CCN(CCc3c[nH]c4ccc(-n5cnnc5)cc34)C2)co1,9.35
ZINC000013794069,C=CCNC[C@@H]1CCN(CCc2c[nH]c3ccc(-n4cnnc4)cc23)C1,7.77
ZINC000013794072,CC(=O)Nc1ccc(CNC[C@@H]2CCN(CCc3c[nH]c4ccc(-n5cnnc5)cc34)C2)cc1,8.0
ZINC000013794077,CC(=O)N(Cc1ccccc1)C[C@@H]1CCN(CCc2c[nH]c3ccc(-n4cnnc4)cc23)C1,8.96
ZINC000013794083,c1ccc(NC[C@@H]2CCN(CCc3c[nH]c4ccc(-n5cnnc5)cc34)C2)cc1,8.04
ZINC000013794085,c1ccc(CCNC[C@@H]2CCN(CCc3c[nH]c4ccc(-n5cnnc5)cc34)C2)cc1,8.59
ZINC000013794088,C[C@@H](NC[C@@H]1CCN(CCc2c[nH]c3ccc(-n4cnnc4)cc23)C1)c1ccccc1,9.14
ZINC000013794091,C[C@H](NC[C@@H]1CCN(CCc2c[nH]c3ccc(-n4cnnc4)cc23)C1)c1ccccc1,9.35
ZINC000013794095,OC[C@H](NC[C@@H]1CCN(CCc2c[nH]c3ccc(-n4cnnc4)cc23)C1)c1ccccc1,8.08
ZINC000013794098,OC[C@@H](NC[C@@H]1CCN(CCc2c[nH]c3ccc(-n4cnnc4)cc23)C1)c1ccccc1,8.85
ZINC000013794101,CC(C)(NC[C@@H]1CCN(CCc2c[nH]c3ccc(-n4cnnc4)cc23)C1)c1ccccc1,9.52
ZINC000013794104,c1ccc(CNC[C@@H]2CCN(CCc3c[nH]c4ccc(Cn5cncn5)cc34)C2)cc1,8.49
ZINC000013794109,C[C@H](NC[C@@H]1CCN(CCc2c[nH]c3ccc(Cn4cncn4)cc23)C1)c1ccccc1,8.6
ZINC000013794112,CN(Cc1ccccc1)C[C@@H]1CCN(CCc2c[nH]c3ccc(Cn4cncn4)cc23)C1,8.11
ZINC000013794115,C[C@@H](c1ccccc1)N(C)C[C@@H]1CCN(CCc2c[nH]c3ccc(Cn4cncn4)cc23)C1,9.15
ZINC000013794120,CN(Cc1ccccc1)C[C@@H]1CCN(CCc2c[nH]c3ccc(C[C@H]4COC(=O)N4C)cc23)C1,8.77
ZINC000013794124,c1cc2[nH]cc(CCCN3CCOCC3)c2cc1-n1cnnc1,8.06
ZINC000013794127,c1ccc(N2CCN(CCCc3c[nH]c4ccc(-n5cnnc5)cc34)CC2)cc1,8.85
ZINC000013794208,O=C1CN(Cc2ccccc2)CCN1CCCc1c[nH]c2ccc(-n3cnnc3)cc12,6.76
ZINC000013802475,NC1CCN(CCCc2c[nH]c3ccc(-n4cnnc4)cc23)CC1,7.92
ZINC000013802476,CC(=O)Nc1ccc(CNC2CCN(CCCc3c[nH]c4ccc(-n5cnnc5)cc34)CC2)cc1,8.52
ZINC000013802478,CC(=O)Nc1ccc(CCNC2CCN(CCCc3c[nH]c4ccc(-n5cnnc5)cc34)CC2)cc1,7.92
ZINC000013802479,c1ccc(CNC2CCN(CCCc3c[nH]c4ccc(-n5cnnc5)cc34)CC2)nc1,7.85
ZINC000013802481,c1cncc(CNC2CCN(CCCc3c[nH]c4ccc(-n5cnnc5)cc34)CC2)c1,7.46
ZINC000013802482,c1cc(CNC2CCN(CCCc3c[nH]c4ccc(-n5cnnc5)cc34)CC2)ccn1,7.89
ZINC000013802483,c1cc(CNC2CCN(CCCc3c[nH]c4ccc(-n5cnnc5)cc34)CC2)co1,8.35
ZINC000013802485,CC(=O)Nc1ccc(CN(C)C2CCN(CCCc3c[nH]c4ccc(-n5cnnc5)cc34)CC2)cc1,7.72
ZINC000013802486,CN(Cc1ccc(S(C)(=O)=O)cc1)C1CCN(CCCc2c[nH]c3ccc(-n4cnnc4)cc23)CC1,7.74
ZINC000013802488,CC(=O)Nc1ccc(CCN(C)C2CCN(CCCc3c[nH]c4ccc(-n5cnnc5)cc34)CC2)cc1,8.24
ZINC000013802490,CN(Cc1ccoc1)C1CCN(CCCc2c[nH]c3ccc(-n4cnnc4)cc23)CC1,8.09
ZINC000013802492,CN(Cc1ccco1)C1CCN(CCCc2c[nH]c3ccc(-n4cnnc4)cc23)CC1,8.03
ZINC000013802494,CN(Cc1ccsc1)C1CCN(CCCc2c[nH]c3ccc(-n4cnnc4)cc23)CC1,8.82
ZINC000013802496,CN(Cc1cccs1)C1CCN(CCCc2c[nH]c3ccc(-n4cnnc4)cc23)CC1,8.46
ZINC000013802498,CN(C1CCN(CCCc2c[nH]c3ccc(-n4cnnc4)cc23)CC1)S(=O)(=O)c1ccccc1,8.82
ZINC000013802499,CN(C(=O)Nc1ccccc1)C1CCN(CCCc2c[nH]c3ccc(-n4cnnc4)cc23)CC1,7.74
ZINC000013802501,CN(CC1CC1)C1CCN(CCCc2c[nH]c3ccc(-n4cnnc4)cc23)CC1,7.66
ZINC000013802503,CC#CCN(C)C1CCN(CCCc2c[nH]c3ccc(-n4cnnc4)cc23)CC1,8.01
ZINC000013802505,C=CCN(C)C1CCN(CCCc2c[nH]c3ccc(-n4cnnc4)cc23)CC1,7.7
ZINC000013802507,CC(C)=CCN(C)C1CCN(CCCc2c[nH]c3ccc(-n4cnnc4)cc23)CC1,9.3
ZINC000013802509,CC(C)=CCCN(C)C1CCN(CCCc2c[nH]c3ccc(-n4cnnc4)cc23)CC1,8.59
ZINC000013802526,OC[C@@H](NC1CCN(CCCc2c[nH]c3ccc(-n4cnnc4)cc23)CC1)c1ccccc1,8.59
ZINC000013802528,CN(C1CCN(CCCc2c[nH]c3ccc(-n4cnnc4)cc23)CC1)[C@H](CO)c1ccccc1,8.37
ZINC000013802530,CN(C1CCN(CCCc2c[nH]c3ccc(-n4cnnc4)cc23)CC1)[C@@H](CO)c1ccccc1,8.35
ZINC000013802532,C[C@@](CO)(NC1CCN(CCCc2c[nH]c3ccc(-n4cnnc4)cc23)CC1)c1ccccc1,8.47
ZINC000013802534,C[C@](CO)(NC1CCN(CCCc2c[nH]c3ccc(-n4cnnc4)cc23)CC1)c1ccccc1,8.47
ZINC000013802536,OC[C@H](Cc1ccccc1)NC1CCN(CCCc2c[nH]c3ccc(-n4cnnc4)cc23)CC1,8.68
ZINC000013802538,OC[C@@H](Cc1ccccc1)NC1CCN(CCCc2c[nH]c3ccc(-n4cnnc4)cc23)CC1,8.08
ZINC000013802540,NC(=O)OC[C@H](NC1CCN(CCCc2c[nH]c3ccc(-n4cnnc4)cc23)CC1)c1ccccc1,8.33
ZINC000013802542,COC[C@H](NC1CCN(CCCc2c[nH]c3ccc(-n4cnnc4)cc23)CC1)c1ccccc1,9.05
ZINC000013802543,OCC[C@@H](NC1CCN(CCCc2c[nH]c3ccc(-n4cnnc4)cc23)CC1)c1ccccc1,8.29
ZINC000013802545,OCC[C@H](NC1CCN(CCCc2c[nH]c3ccc(-n4cnnc4)cc23)CC1)c1ccccc1,8.29
ZINC000013802547,CS(=O)(=O)NC[C@H](NC1CCN(CCCc2c[nH]c3ccc(-n4cnnc4)cc23)CC1)c1ccccc1,7.82
ZINC000013802551,C[C@H](O)[C@H](NC1CCN(CCCc2c[nH]c3ccc(-n4cnnc4)cc23)CC1)c1ccccc1,8.12
ZINC000013802553,C[C@@H](O)[C@H](NC1CCN(CCCc2c[nH]c3ccc(-n4cnnc4)cc23)CC1)c1ccccc1,9.05
ZINC000013802555,COC[C@H](NC1CCN(CCCc2c[nH]c3ccc(-n4cnnc4)cc23)CC1)c1ccc(F)cc1,8.85
ZINC000013802557,c1ccc2c(c1)CC[C@H]2NC1CCN(CCCc2c[nH]c3ccc(-n4cnnc4)cc23)CC1,8.05
ZINC000013802559,c1ccc2c(c1)CC[C@@H]2NC1CCN(CCCc2c[nH]c3ccc(-n4cnnc4)cc23)CC1,8.05
ZINC000013802561,O[C@H]1Cc2ccccc2[C@@H]1NC1CCN(CCCc2c[nH]c3ccc(-n4cnnc4)cc23)CC1,7.43
ZINC000013802562,O[C@@H]1Cc2ccccc2[C@H]1NC1CCN(CCCc2c[nH]c3ccc(-n4cnnc4)cc23)CC1,8.18
ZINC000013802564,c1ccc([C@H]2CCCCN2C2CCN(CCCc3c[nH]c4ccc(-n5cnnc5)cc34)CC2)cc1,8.72
ZINC000013802566,c1ccc([C@@H]2CCCCN2C2CCN(CCCc3c[nH]c4ccc(-n5cnnc5)cc34)CC2)cc1,8.72
ZINC000013802567,C[C@@H](NC1CCN(CCCc2c[nH]c3ccc(-n4cncn4)cc23)CC1)c1ccccc1,7.74
ZINC000013802569,OC[C@H](NC1CCN(CCCc2c[nH]c3ccc(-n4cncn4)cc23)CC1)c1ccccc1,8.39
ZINC000013802571,C[C@@H](NC1CCN(CCCc2c[nH]c3ccc(-n4ccnc4)cc23)CC1)c1ccccc1,8.38
ZINC000013802572,OC[C@H](NC1CCN(CCCc2c[nH]c3ccc(-n4ccnc4)cc23)CC1)c1ccccc1,9.15
ZINC000013802574,OC[C@H](NC1CCN(CCCc2c[nH]c3ccc(Cn4cncn4)cc23)CC1)c1ccccc1,7.64
ZINC000013802576,COC[C@H](NC1CCN(CCCc2c[nH]c3ccc(Cn4cncn4)cc23)CC1)c1ccc(F)cc1,8.3
ZINC000013802578,O=C1N[C@@H](Cc2ccc3[nH]cc(CCCN4CCC(N[C@@H](CO)c5ccccc5)CC4)c3c2)CO1,8.22
ZINC000013802580,CNS(=O)(=O)Cc1ccc2[nH]cc(CCCN3CCC(N[C@H](C)c4ccccc4)CC3)c2c1,7.37
ZINC000013802582,c1ccc(CNCC2CCN(CCCc3c[nH]c4ccc(-n5cnnc5)cc34)CC2)cc1,8.8
ZINC000013802584,CC(=O)Nc1ccc(CNCC2CCN(CCCc3c[nH]c4ccc(-n5cnnc5)cc34)CC2)cc1,8.38
ZINC000013802586,c1ccc(NCC2CCN(CCCc3c[nH]c4ccc(-n5cnnc5)cc34)CC2)nc1,8.77
ZINC000013802587,CC(=O)Nc1ccc(CN(C)CC2CCN(CCCc3c[nH]c4ccc(-n5cnnc5)cc34)CC2)cc1,9.22
ZINC000013802589,CN(Cc1ccc(S(C)(=O)=O)cc1)CC1CCN(CCCc2c[nH]c3ccc(-n4cnnc4)cc23)CC1,8.09
ZINC000013802591,O=S(=O)(NCC1CCN(CCCc2c[nH]c3ccc(-n4cnnc4)cc23)CC1)c1ccccc1,8.21
ZINC000013802593,CN(CC1CCN(CCCc2c[nH]c3ccc(-n4cnnc4)cc23)CC1)S(=O)(=O)c1ccccc1,8.8
ZINC000013802596,CN(CC1CCN(CCCc2c[nH]c3ccc(-n4cnnc4)cc23)CC1)C(=O)Nc1ccccc1,8.23
ZINC000013802598,CC(=O)Nc1ccc(C(=O)N(C)CC2CCN(CCCc3c[nH]c4ccc(-n5cnnc5)cc34)CC2)cc1,7.77
ZINC000013802600,C[C@@H](NCC1CCN(CCCc2c[nH]c3ccc(-n4cnnc4)cc23)CC1)c1ccccc1,8.85
ZINC000013802602,C[C@H](NCC1CCN(CCCc2c[nH]c3ccc(-n4cnnc4)cc23)CC1)c1ccccc1,8.36
ZINC000013802604,CC(=O)Nc1ccc([C@@H](C)NCC2CCN(CCCc3c[nH]c4ccc(-n5cnnc5)cc34)CC2)cc1,8.82
ZINC000013802606,CC(=O)Nc1ccc([C@H](C)NCC2CCN(CCCc3c[nH]c4ccc(-n5cnnc5)cc34)CC2)cc1,9.22
ZINC000013802608,OC[C@@H](NCC1CCN(CCCc2c[nH]c3ccc(-n4cnnc4)cc23)CC1)c1ccccc1,8.47
ZINC000013802610,OC[C@H](NCC1CCN(CCCc2c[nH]c3ccc(-n4cnnc4)cc23)CC1)c1ccccc1,8.23
ZINC000013802612,CN(CC1CCN(CCCc2c[nH]c3ccc(-n4cnnc4)cc23)CC1)[C@@H](CO)c1ccccc1,8.22
ZINC000013802614,c1ccc2c(c1)CC[C@H]2NCC1CCN(CCCc2c[nH]c3ccc(-n4cnnc4)cc23)CC1,8.96
ZINC000013802616,c1ccc2c(c1)CC[C@@H]2NCC1CCN(CCCc2c[nH]c3ccc(-n4cnnc4)cc23)CC1,8.96
ZINC000013805063,Cc1nc(-c2ccc(-c3ccc(C(=O)Nc4ccc(O)c(N5CCN(C)CC5)c4)cc3)c(C)c2)no1,6.33
ZINC000013805066,Cc1nnc(-c2ccc(-c3ccc(C(=O)Nc4ccc(O)c(N5CCN(C)CC5)c4)cc3)c(C)c2)o1,6.4
ZINC000013805069,Cc1nc(-c2ccc(-c3ccc(C(=O)Nc4ccc(OCCF)c(N5CCN(C)CC5)c4)cc3)c(C)c2)no1,6.22
ZINC000013806209,COc1ccc(NC(=O)NCCc2c[nH]c3ccc(F)cc23)cc1N1CCN(C)CC1,6.78
ZINC000013806212,COc1ccc(NC(=O)N2CCN(CCCCc3c[nH]c4ccc(F)cc34)CC2)cc1N1CCN(C)CC1,6.44
ZINC000013806216,COc1ccc(NC(=O)N2CC[C@@H](c3c[nH]c4ccc(F)cc34)C2)cc1N1CCN(C)CC1,6.63
ZINC000013806220,COc1ccc(NC(=O)N2CC[C@H](c3c[nH]c4ccc(F)cc34)C2)cc1N1CCN(C)CC1,6.63
ZINC000013806224,COc1ccc(NC(=O)NCCN2CCC(c3c[nH]c4cc(F)ccc34)CC2)cc1N1CCN(C)CC1,6.7
ZINC000013806228,COc1ccc(NC(=O)N2CCc3[nH]c4ccc(F)cc4c3C2)cc1N1CCN(C)CC1,6.18
ZINC000013806230,COc1ccc(NC(=O)N2CCC(c3c[nH]c4ccc(C#N)cc34)CC2)cc1N1CCN(C)CC1,6.4
ZINC000013806235,COc1ccc(NC(=O)N2CCC(c3c[nH]c4ccccc34)CC2)cc1N1CCN(C)CC1,6.63
ZINC000013806240,COc1ccc(NC(=O)N2CCC(CCc3c[nH]c4ccccc34)CC2)cc1N1CCN(C)CC1,6.7
ZINC000013806244,COc1ccc(NC(=O)NCCc2c[nH]c3ccc(O)cc23)cc1N1CCN(C)CC1,6.7
ZINC000013806248,COc1ccc(NC(=O)N2CCC(c3c[nH]c4ccc(C(N)=O)cc34)CC2)cc1N1CCN(C)CC1,7.0
ZINC000013806251,CN1CCC2(CC1)COc1ccc(NC(=O)N3CCC(c4c[nH]c5ccc(F)cc45)CC3)cc12,6.05
ZINC000013806253,CN1CCC2(CC1)COc1ccc(NC(=O)NCCN3CCC(c4c[nH]c5cc(F)ccc45)CC3)cc12,6.05
ZINC000013806260,COc1ccc(NC(=O)NCCN2CCC(c3c[nH]c4cc(F)ccc34)CC2)cc1OCCN(C)C,6.36
ZINC000013819840,CN(C)C[C@H]1C[C@@H]2c3ccccc3Cc3ccncc3N2O1,6.0
ZINC000013819842,CN(C)C[C@H]1C[C@@H]2c3cccnc3Cc3ccccc3N2O1,6.0
ZINC000013827451,CCc1noc(-c2ccc3[nH]cc(CCN)c3c2)n1,7.9
ZINC000013827453,NCCc1c[nH]c2ccc(-c3nc(C4CC4)no3)cc12,8.1
ZINC000013827455,NCCc1c[nH]c2ccc(-c3nc(N)no3)cc12,7.3
ZINC000013827457,NCCc1c[nH]c2ccc(-c3nc(-c4ccccc4)no3)cc12,7.1
ZINC000013827459,CC(=O)NCc1noc(-c2ccc3[nH]cc(CCN)c3c2)n1,7.7
ZINC000013827461,NCCc1c[nH]c2ccc(CCCc3nc(Cc4ccccc4)no3)cc12,8.8
ZINC000013827463,COc1ccccc1Cc1noc(-c2ccc3[nH]cc(CCN)c3c2)n1,7.8
ZINC000013827465,COc1cccc(Cc2noc(-c3ccc4[nH]cc(CCN)c4c3)n2)c1,8.9
ZINC000013827467,COc1ccc(Cc2noc(-c3ccc4[nH]cc(CCN)c4c3)n2)cc1,9.1
ZINC000013827469,CC(=O)Nc1ccc(Cc2noc(-c3ccc4[nH]cc(CCN)c4c3)n2)cc1,9.3
ZINC000013827471,CNC(=O)c1ccc(-c2noc(-c3ccc4[nH]cc(CCN)c4c3)n2)cc1,9.1
ZINC000013827473,CC(=O)Nc1ccc(Cc2noc(Cc3ccc4[nH]cc(CCN)c4c3)n2)cc1,8.6
ZINC000013827475,CS(=O)(=O)Nc1ccc(Cc2noc(Cc3ccc4[nH]cc(CCN)c4c3)n2)cc1,8.5
ZINC000013827477,CN(C)CCc1c[nH]c2ccc(-c3nc(N)no3)cc12,7.1
ZINC000013827479,CN(C)CCc1c[nH]c2ccc(-c3nc(Cc4ccc(NS(C)(=O)=O)cc4)no3)cc12,8.9
ZINC000013827481,Cc1noc(Cc2ccc3[nH]cc(CCN(C)C)c3c2)n1,7.3
ZINC000013827483,CNC(=O)c1ccc(-c2noc(Cc3ccc4[nH]cc(CCN(C)C)c4c3)n2)cc1,8.7
ZINC000013827485,CN(C)CCc1c[nH]c2ccc(Cc3nc(-c4ccc(NS(C)(=O)=O)cc4)no3)cc12,8.0
ZINC000013827487,CN(C)CCc1c[nH]c2ccc(Cc3nc(Cc4ccc(NS(C)(=O)=O)cc4)no3)cc12,7.5
ZINC000013827489,CN(C)CCc1c[nH]c2ccc(CCc3nc(N)no3)cc12,7.9
ZINC000013827491,CN(C)CCc1c[nH]c2ccc(CCCc3nc(Cc4ccccc4)no3)cc12,7.9
ZINC000013827494,Cc1cnc(-c2ccc3[nH]cc(CCN(C)C)c3c2)o1,8.1
ZINC000013827497,CN(C)CCc1c[nH]c2ccc(Cc3nc(N)ns3)cc12,8.7
ZINC000013861759,COc1ccccc1N1CCN(CC[C@@H](Oc2cccc3ccccc23)c2ccsc2)CC1,5.9
ZINC000013861760,COc1ccccc1N1CCN(CC[C@H](Oc2cccc3ccccc23)c2ccsc2)CC1,5.9
ZINC000014294576,CC1=C(C(N)=O)[C@@H](c2ccc([N+](=O)[O-])cc2)C(C(=O)NCCCN2CCC(c3ccccc3)(c3ccccc3)CC2)=C(C)N1,6.22
ZINC000019367808,CN1CCN(CCCCc2c[nH]c3ccc(-n4cnnc4)cc23)CC1,6.68
ZINC000019776817,CNCCOc1ccc(Cl)cc1Cl,6.01
ZINC000019776818,CNCCOc1cccc(Cl)c1Cl,5.69
ZINC000022443637,O=C(NCCN1CCN([C@H]2CCCc3ccccc32)CC1)c1ccc(F)cc1,5.01
ZINC000022443647,O=C(NCCN1CCN([C@H]2CCCc3ccccc32)CC1)c1ccccc1,5.16
ZINC000022446212,CN1CCN(CCc2c[nH]c3ccc(-n4cnnc4)cc23)CC1,7.1
ZINC000022446217,c1cc2[nH]cc(CCCN3CCNCC3)c2cc1-n1cnnc1,7.51
ZINC000022446222,CN1CCN(CCCc2c[nH]c3ccc(-n4cnnc4)cc23)CC1,7.48
ZINC000022446233,Fc1cccc(CCN2CCN(CCCc3c[nH]c4ccc(-n5cnnc5)cc34)CC2)c1,9.3
ZINC000022446238,Fc1ccccc1CCN1CCN(CCCc2c[nH]c3ccc(-n4cnnc4)cc23)CC1,9.3
ZINC000022446243,Fc1ccc(CCN2CCN(CCCc3c[nH]c4ccc(-n5cnnc5)cc34)CC2)cc1,9.1
ZINC000022446259,Fc1ccc(CCN2CCN(CCCc3c[nH]c4ccc(-n5cnnc5)cc34)CC2)cc1F,9.15
ZINC000022446269,Fc1cc(F)cc(CCN2CCN(CCCc3c[nH]c4ccc(-n5cnnc5)cc34)CC2)c1,9.22
ZINC000022446360,Fc1cccc(CCN2CCN(C[C@@H](F)Cc3c[nH]c4ccc(-n5cnnc5)cc34)CC2)c1,8.46
ZINC000022446459,CC(=O)Nc1ccc(CN2CCN(CCCc3c[nH]c4ccc(-n5cnnc5)cc34)CC2)cc1,8.6
ZINC000022446486,NC(=O)[C@H](c1ccccc1)N1CCN(CCCc2c[nH]c3ccc(-n4cnnc4)cc23)CC1,9.7
ZINC000022777670,O=C(NCCN1CCN([C@@H]2CCCc3ccccc32)CC1)c1ccccc1,5.16
ZINC000022926636,COc1cccc(CN2CCN(C3CCC(O)(c4ccc5c(c4)OCO5)CC3)CC2)c1,6.15
ZINC000022930962,c1ccc(CN2CCN(CCCc3c[nH]c4ccc(-n5cnnc5)cc34)CC2)cc1,10.0
ZINC000022930965,O[C@H](Cc1c[nH]c2ccc(-n3cnnc3)cc12)CN1CCN(Cc2ccccc2)CC1,8.74
ZINC000022930968,O[C@@H](Cc1c[nH]c2ccc(-n3cnnc3)cc12)CN1CCN(Cc2ccccc2)CC1,8.74
ZINC000022930970,F[C@H](Cc1c[nH]c2ccc(-n3cnnc3)cc12)CN1CCN(CCc2ccccc2)CC1,8.17
ZINC000022930973,F[C@@H](Cc1c[nH]c2ccc(-n3cnnc3)cc12)CN1CCN(CCc2ccccc2)CC1,8.17
ZINC000022930976,Fc1ccccc1CCN1CCN(C[C@H](F)Cc2c[nH]c3ccc(-n4cnnc4)cc23)CC1,8.33
ZINC000022930979,Fc1ccccc1CCN1CCN(C[C@@H](F)Cc2c[nH]c3ccc(-n4cnnc4)cc23)CC1,8.33
ZINC000022930982,Fc1cccc(CCN2CCN(C[C@H](F)Cc3c[nH]c4ccc(-n5cnnc5)cc34)CC2)c1,8.46
ZINC000022930985,Fc1ccc(CCN2CCN(C[C@H](F)Cc3c[nH]c4ccc(-n5cnnc5)cc34)CC2)cc1,8.26
ZINC000022930988,Fc1ccc(CCN2CCN(C[C@@H](F)Cc3c[nH]c4ccc(-n5cnnc5)cc34)CC2)cc1,8.26
ZINC000022930991,C[C@@H](CN1CCN(C[C@@H](F)Cc2c[nH]c3ccc(-n4cnnc4)cc23)CC1)c1ccccc1F,9.0
ZINC000022930994,C[C@H](CN1CCN(C[C@@H](F)Cc2c[nH]c3ccc(-n4cnnc4)cc23)CC1)c1ccccc1F,9.0
ZINC000022930998,C[C@@H](CN1CCN(C[C@H](F)Cc2c[nH]c3ccc(-n4cnnc4)cc23)CC1)c1ccccc1F,9.0
ZINC000022931001,C[C@H](CN1CCN(C[C@H](F)Cc2c[nH]c3ccc(-n4cnnc4)cc23)CC1)c1ccccc1F,9.0
ZINC000022931004,C[C@@H](CN1CCN(C[C@@H](F)Cc2c[nH]c3ccc(-n4cnnc4)cc23)CC1)c1cccc(F)c1,9.05
ZINC000022931007,C[C@H](CN1CCN(C[C@@H](F)Cc2c[nH]c3ccc(-n4cnnc4)cc23)CC1)c1cccc(F)c1,9.05
ZINC000022931011,C[C@@H](CN1CCN(C[C@H](F)Cc2c[nH]c3ccc(-n4cnnc4)cc23)CC1)c1cccc(F)c1,9.05
ZINC000022931014,C[C@H](CN1CCN(C[C@H](F)Cc2c[nH]c3ccc(-n4cnnc4)cc23)CC1)c1cccc(F)c1,9.05
ZINC000022931017,C[C@@H](CN1CCN(C[C@@H](F)Cc2c[nH]c3ccc(-n4cnnc4)cc23)CC1)c1ccc(F)cc1,9.0
ZINC000022931020,C[C@H](CN1CCN(C[C@@H](F)Cc2c[nH]c3ccc(-n4cnnc4)cc23)CC1)c1ccc(F)cc1,9.0
ZINC000022931023,C[C@@H](CN1CCN(C[C@H](F)Cc2c[nH]c3ccc(-n4cnnc4)cc23)CC1)c1ccc(F)cc1,9.0
ZINC000022931026,C[C@H](CN1CCN(C[C@H](F)Cc2c[nH]c3ccc(-n4cnnc4)cc23)CC1)c1ccc(F)cc1,9.0
ZINC000022931029,Fc1cccc(CCN2CCN(CC(F)(F)Cc3c[nH]c4ccc(-n5cnnc5)cc34)CC2)c1,7.82
ZINC000022931032,C[C@@H](CN1CCN(CC(F)(F)Cc2c[nH]c3ccc(-n4cnnc4)cc23)CC1)c1ccccc1,8.21
ZINC000022931035,C[C@H](CN1CCN(CC(F)(F)Cc2c[nH]c3ccc(-n4cnnc4)cc23)CC1)c1ccccc1,8.21
ZINC000022931038,C[C@@H](CN1CCN(CC(F)(F)Cc2c[nH]c3ccc(-n4cnnc4)cc23)CC1)c1ccc(F)cc1,8.74
ZINC000022931041,C[C@H](CN1CCN(CC(F)(F)Cc2c[nH]c3ccc(-n4cnnc4)cc23)CC1)c1ccc(F)cc1,8.74
ZINC000022938686,O=C(NCCN1CCN([C@@H]2CCCc3ccccc32)CC1)c1ccc(F)cc1,5.01
ZINC000022938828,CN(Cc1ccccc1)[C@@H]1CCN(CCc2c[nH]c3ccc(-n4cnnc4)cc23)C1,7.43
ZINC000022938832,c1ccc(CCN2CCN(CCCc3c[nH]c4ccc(-n5cnnc5)cc34)CC2)cc1,9.05
ZINC000022938835,CC(=O)Nc1cccc(CCN2CCN(CCCc3c[nH]c4ccc(-n5cnnc5)cc34)CC2)c1,8.8
ZINC000022938838,CC(=O)Nc1ccc(CCN2CCN(CCCc3c[nH]c4ccc(-n5cnnc5)cc34)CC2)cc1,8.89
ZINC000022939181,CN(Cc1ccccc1)C[C@@H]1CCCN1CCc1c[nH]c2ccc(-n3cnnc3)cc12,9.1
ZINC000022939185,c1ccc(CCCN2CCN(CCCc3c[nH]c4ccc(-n5cnnc5)cc34)CC2)cc1,8.4
ZINC000022939188,c1ccc(CN2CCN(CCCc3c[nH]c4ccc(-n5cnnc5)cc34)CC2)nc1,9.52
ZINC000022939191,c1cncc(CN2CCN(CCCc3c[nH]c4ccc(-n5cnnc5)cc34)CC2)c1,9.52
ZINC000022939194,c1cc(CN2CCN(CCCc3c[nH]c4ccc(-n5cnnc5)cc34)CC2)ccn1,9.22
ZINC000022939197,c1coc(CN2CCN(CCCc3c[nH]c4ccc(-n5cnnc5)cc34)CC2)c1,9.4
ZINC000022939200,c1cc(CN2CCN(CCCc3c[nH]c4ccc(-n5cnnc5)cc34)CC2)co1,9.52
ZINC000022939203,c1c[nH]c(CN2CCN(CCCc3c[nH]c4ccc(-n5cnnc5)cc34)CC2)n1,8.8
ZINC000022939207,CC(=O)Nc1cccc(CN2CCN(CCCc3c[nH]c4ccc(-n5cnnc5)cc34)CC2)c1,9.7
ZINC000022939210,FC(F)(F)c1ccc(CN2CCN(CCCc3c[nH]c4ccc(-n5cnnc5)cc34)CC2)cc1,8.28
ZINC000022939213,Clc1ccc(CN2CCN(CCCc3c[nH]c4ccc(-n5cnnc5)cc34)CC2)cc1,9.3
ZINC000022939216,N#Cc1ccc(CN2CCN(CCCc3c[nH]c4ccc(-n5cnnc5)cc34)CC2)cc1,9.15
ZINC000022939219,Fc1ccc(CN2CCN(CCCc3c[nH]c4ccc(-n5cnnc5)cc34)CC2)cc1,10.0
ZINC000022939222,c1cncc(CCN2CCN(CCCc3c[nH]c4ccc(-n5cnnc5)cc34)CC2)c1,8.31
ZINC000022939225,Cc1noc(-c2ccc(CCN3CCN(CCCc4c[nH]c5ccc(-n6cnnc6)cc45)CC3)cc2)n1,8.16
ZINC000022939228,C[C@H](c1ccccc1)N1CCN(CCCc2c[nH]c3ccc(-n4cnnc4)cc23)CC1,9.0
ZINC000022939231,C[C@@H](c1ccccc1)N1CCN(CCCc2c[nH]c3ccc(-n4cnnc4)cc23)CC1,9.0
ZINC000022939234,OC[C@H](c1ccccc1)N1CCN(CCCc2c[nH]c3ccc(-n4cnnc4)cc23)CC1,9.52
ZINC000022939237,OC[C@@H](c1ccccc1)N1CCN(CCCc2c[nH]c3ccc(-n4cnnc4)cc23)CC1,9.52
ZINC000022939240,NC(=O)[C@@H](c1ccccc1)N1CCN(CCCc2c[nH]c3ccc(-n4cnnc4)cc23)CC1,9.7
ZINC000022939243,CN(C)C(=O)[C@H](c1ccccc1)N1CCN(CCCc2c[nH]c3ccc(-n4cnnc4)cc23)CC1,9.1
ZINC000022939246,CN(C)C(=O)[C@@H](c1ccccc1)N1CCN(CCCc2c[nH]c3ccc(-n4cnnc4)cc23)CC1,9.1
ZINC000022939249,CNC[C@H](c1ccccc1)N1CCN(CCCc2c[nH]c3ccc(-n4cnnc4)cc23)CC1,9.05
ZINC000022939252,CNC[C@@H](c1ccccc1)N1CCN(CCCc2c[nH]c3ccc(-n4cnnc4)cc23)CC1,9.05
ZINC000022939257,C[C@@H](CN1CCN(CCCc2c[nH]c3ccc(-n4cnnc4)cc23)CC1)c1ccccc1,9.52
ZINC000022939260,C[C@H](CN1CCN(CCCc2c[nH]c3ccc(-n4cnnc4)cc23)CC1)c1ccccc1,9.52
ZINC000022939391,CN(C)C[C@H](NC1CCN(CCCc2c[nH]c3ccc(-n4cnnc4)cc23)CC1)c1ccccc1,8.82
ZINC000025763604,O[C@@H](CN1CCN(c2cccc(Cl)c2)CC1)C(c1ccccc1)c1ccccc1,7.9
ZINC000025763609,O[C@H](CN1CCN(c2cccc(Cl)c2)CC1)C(c1ccccc1)c1ccccc1,7.9
ZINC000026183323,CN(Cc1ccccc1)C1CCN(C[C@@H](F)Cc2c[nH]c3ccc(-n4cnnc4)cc23)CC1,8.27
ZINC000026186723,CN(Cc1ccccc1)[C@@H]1CCN(CCCc2c[nH]c3ccc(-n4cnnc4)cc23)C[C@@H]1F,7.89
ZINC000026186728,CN(Cc1ccccc1)[C@H]1CCN(CCCc2c[nH]c3ccc(-n4cnnc4)cc23)C[C@@H]1F,8.68
ZINC000026189465,CN(Cc1ccccc1)C1CCN(CC(F)(F)Cc2c[nH]c3ccc(-n4cnnc4)cc23)CC1,7.46
ZINC000026248814,CN(Cc1ccccc1C(F)(F)F)[C@H]1CCN(CCCc2c[nH]c3ccc(-n4cnnc4)cc23)C[C@@H]1F,7.89
ZINC000026250884,F[C@@H]1CN(CCCc2c[nH]c3ccc(-n4cnnc4)cc23)CC[C@@H]1NCc1ccccc1C(F)(F)F,7.89
ZINC000026250893,F[C@H]1CN(CCCc2c[nH]c3ccc(-n4cnnc4)cc23)CC[C@@H]1NCc1ccccc1C(F)(F)F,8.3
ZINC000026283302,CCCN(CCC)[C@@H]1CCc2c(ccc(F)c2N)C1,6.12
ZINC000026283307,CCCN(CCC)[C@H]1CCc2c(ccc(F)c2N)C1,6.12
ZINC000026490195,NC(=O)c1ccc2c(c1)CCO[C@@H]2CCN1CC=C(c2csc3cc(F)ccc23)CC1,7.7
ZINC000026490199,NC(=O)c1ccc2c(c1)CCO[C@H]2CCN1CC=C(c2csc3cc(F)ccc23)CC1,7.7
ZINC000026491338,NC(=O)c1ccc2c(c1)CCO[C@@H]2CCN1CC=C(c2ccc3cc(F)ccc3c2)CC1,7.15
ZINC000026491343,NC(=O)c1ccc2c(c1)CCO[C@H]2CCN1CC=C(c2ccc3cc(F)ccc3c2)CC1,7.15
ZINC000026493953,NC(=O)c1ccc2c(c1)CCO[C@@H]2CCN1CC=C(c2n[nH]c3cc(F)ccc23)CC1,7.62
ZINC000026493957,NC(=O)c1ccc2c(c1)CCO[C@H]2CCN1CC=C(c2n[nH]c3cc(F)ccc23)CC1,7.62
ZINC000026493960,NC(=O)c1ccc2c(c1)CCO[C@@H]2CCN1CC=C(c2coc3cc(F)ccc23)CC1,7.55
ZINC000026493962,NC(=O)c1ccc2c(c1)CCO[C@H]2CCN1CC=C(c2coc3cc(F)ccc23)CC1,7.55
ZINC000026494008,N#Cc1cccc2c(C3=CCN(CC[C@H]4OCCc5cc(C(N)=O)ccc54)CC3)c[nH]c12,6.89
ZINC000026494013,N#Cc1cccc2c(C3=CCN(CC[C@@H]4OCCc5cc(C(N)=O)ccc54)CC3)c[nH]c12,6.89
ZINC000026494490,NC(=O)c1ccc2c(c1)CCO[C@@H]2CCN1CC=C(c2noc3cc(F)ccc23)CC1,7.2
ZINC000026494494,NC(=O)c1ccc2c(c1)CCO[C@H]2CCN1CC=C(c2noc3cc(F)ccc23)CC1,7.2
ZINC000026494573,C[C@H]1C[C@@H](c2c[nH]c3cc(F)ccc23)CCN1CC[C@@H]1OCCc2cc(C(N)=O)ccc21,7.55
ZINC000026494577,C[C@H]1C[C@H](c2c[nH]c3cc(F)ccc23)CCN1CC[C@@H]1OCCc2cc(C(N)=O)ccc21,7.55
ZINC000026495159,NC(=O)c1ccc2c(c1)CCO[C@@H]2CCN1CC[C@@H](c2c[nH]c3cc(F)ccc23)C1,7.4
ZINC000026495163,NC(=O)c1ccc2c(c1)CCO[C@H]2CCN1CC[C@@H](c2c[nH]c3cc(F)ccc23)C1,7.4
ZINC000026495165,NC(=O)c1ccc2c(c1)CCO[C@@H]2CCN1CCC(c2c[nH]c3cc(F)ccc23)CC1,8.08
ZINC000026495168,NC(=O)c1ccc2c(c1)CCO[C@H]2CCN1CCC(c2c[nH]c3cc(F)ccc23)CC1,8.08
ZINC000026495823,Cn1nc(C2=CCN(CC[C@@H]3OCCc4cc(C(N)=O)ccc43)CC2)c2ccc(F)cc21,7.29
ZINC000026495827,Cn1nc(C2=CCN(CC[C@H]3OCCc4cc(C(N)=O)ccc43)CC2)c2ccc(F)cc21,7.29
ZINC000026496426,NC(=O)c1ccc2c(c1)CCO[C@@H]2CCN1CCC(c2cccc3ccccc23)CC1,7.85
ZINC000026496430,NC(=O)c1ccc2c(c1)CCO[C@H]2CCN1CCC(c2cccc3ccccc23)CC1,7.85
ZINC000026496434,NC(=O)c1ccc2c(c1)CCO[C@@H]2CCN1CC=C(c2cccc3ccccc23)CC1,8.27
ZINC000026496438,NC(=O)c1ccc2c(c1)CCO[C@H]2CCN1CC=C(c2cccc3ccccc23)CC1,8.27
ZINC000026496618,NC(=O)c1ccc2c(c1)CCO[C@@H]2CCN1CCN(c2c[nH]c3cc(F)ccc23)CC1,7.13
ZINC000026496622,NC(=O)c1ccc2c(c1)CCO[C@H]2CCN1CCN(c2c[nH]c3cc(F)ccc23)CC1,7.13
ZINC000026497342,NC(=O)c1ccc2c(c1)CCO[C@@H]2CCN1CC=C(c2c[nH]c3ccc(F)cc23)CC1,6.89
ZINC000026497345,NC(=O)c1ccc2c(c1)CCO[C@H]2CCN1CC=C(c2c[nH]c3ccc(F)cc23)CC1,6.89
ZINC000026498155,NC(=O)c1ccc2c(c1)CCO[C@@H]2CCN1CC=C(c2c[nH]c3cc(C(F)(F)F)ccc23)CC1,6.91
ZINC000026498159,NC(=O)c1ccc2c(c1)CCO[C@H]2CCN1CC=C(c2c[nH]c3cc(C(F)(F)F)ccc23)CC1,6.91
ZINC000026498910,COc1ccc2[nH]cc(C3=CCN(CC[C@@H]4OCCc5cc(C(N)=O)ccc54)CC3)c2c1,7.51
ZINC000026498914,COc1ccc2[nH]cc(C3=CCN(CC[C@H]4OCCc5cc(C(N)=O)ccc54)CC3)c2c1,7.51
ZINC000026499232,NC(=O)c1ccc2c(c1)CCO[C@@H]2CCN1CC=C(c2c[nH]c3cc(Cl)ccc23)CC1,6.84
ZINC000026499234,NC(=O)c1ccc2c(c1)CCO[C@H]2CCN1CC=C(c2c[nH]c3cc(Cl)ccc23)CC1,6.84
ZINC000026499416,NC(=O)c1ccc2c(c1)CCO[C@@H]2CCN1CCC(c2nsc3cc(F)ccc23)CC1,7.4
ZINC000026499419,NC(=O)c1ccc2c(c1)CCO[C@H]2CCN1CCC(c2nsc3cc(F)ccc23)CC1,7.4
ZINC000026499560,CN(Cc1ccccc1)C[C@H]1C[C@H](Cc2c[nH]c3ccc(-n4ccnc4)cc23)N(C)C1,9.05
ZINC000026500538,NC(=O)c1ccc2c(c1)CCO[C@@H]2CCN1CC=C(c2cccc3ccc(F)cc23)CC1,7.59
ZINC000026500541,NC(=O)c1ccc2c(c1)CCO[C@H]2CCN1CC=C(c2cccc3ccc(F)cc23)CC1,7.59
ZINC000026500544,NC(=O)c1ccc2c(c1)CCO[C@@H]2CCN1CC=C(c2c[nH]c3c(Cl)c(Cl)ccc23)CC1,6.78
ZINC000026500547,NC(=O)c1ccc2c(c1)CCO[C@H]2CCN1CC=C(c2c[nH]c3c(Cl)c(Cl)ccc23)CC1,6.78
ZINC000026501670,CN1C[C@@H](CN(C#N)Cc2ccccc2)C[C@@H]1Cc1c[nH]c2ccc(-n3ccnc3)cc12,8.48
ZINC000026502328,CN1[C@@H](Cc2c[nH]c3ccc(-n4cnnc4)cc23)C[C@@H]2CN(Cc3ccccc3)C[C@@H]21,9.3
ZINC000026503509,NC(=O)c1ccc2c(c1)CCO[C@@H]2CCN1CC=C(c2c[nH]c3c(F)c(F)ccc23)CC1,7.24
ZINC000026503513,NC(=O)c1ccc2c(c1)CCO[C@H]2CCN1CC=C(c2c[nH]c3c(F)c(F)ccc23)CC1,7.24
ZINC000026504305,c1ccc(CNC[C@@H]2CCN(CCc3c[nH]c4ccc(-n5cnnc5)cc34)C2)cc1,9.3
ZINC000026504900,CN1[C@@H](Cc2c[nH]c3ccc(-n4cnnc4)cc23)C[C@@H]2CN(Cc3ccc(F)cc3)C[C@@H]21,9.1
ZINC000026567260,CN1[C@@H](Cc2c[nH]c3ccc(-n4cnnc4)cc23)C[C@@H]2CN(CCc3cccc(F)c3)C[C@@H]21,8.92
ZINC000026567832,CN1[C@@H](Cc2c[nH]c3ccc(-n4ccnc4)cc23)C[C@@H]2CN(Cc3ccccc3)C[C@@H]21,9.15
ZINC000026578710,c1ccc2c(c1)CC[C@@H](CNCCCNc1ccncn1)O2,8.0
ZINC000026578711,c1ccc2c(c1)CC[C@H](CNCCCNc1ccncn1)O2,8.0
ZINC000026578775,c1ccc2c(c1)OC[C@@H](CNCCCNC1=NCCCN1)O2,7.6
ZINC000026578776,c1ccc2c(c1)OC[C@H](CNCCCNC1=NCCCN1)O2,7.6
ZINC000026578825,CC(C)/N=C(\N)NNCCCNC[C@@H]1CCc2ccccc2O1,8.5
ZINC000026578826,CC(C)/N=C(\N)NNCCCNC[C@H]1CCc2ccccc2O1,8.5
ZINC000026579184,CC(C)/N=C(\NC#N)NCCCNC[C@@H]1CCc2ccccc2O1,7.3
ZINC000026579185,CC(C)/N=C(\NC#N)NCCCNC[C@H]1CCc2ccccc2O1,7.3
ZINC000026579186,c1ccc2c(c1)CC[C@@H](CNCCCNc1nccs1)O2,8.1
ZINC000026579187,c1ccc2c(c1)CC[C@H](CNCCCNc1nccs1)O2,8.1
ZINC000026579571,c1ccc(NCCCNC[C@@H]2CCc3ccccc3O2)nc1,8.3
ZINC000026579572,c1ccc(NCCCNC[C@H]2CCc3ccccc3O2)nc1,8.3
ZINC000026579573,c1ccc2c(c1)CC[C@@H](CNCCCNC1=NCCN1)O2,8.2
ZINC000026579574,c1ccc2c(c1)CC[C@H](CNCCCNC1=NCCN1)O2,8.2
ZINC000026580000,c1ccc2c(c1)CC[C@@H](CNCCCCNC1=NCCCN1)O2,7.9
ZINC000026580001,c1ccc2c(c1)CC[C@H](CNCCCCNC1=NCCCN1)O2,7.9
ZINC000026580057,c1cnc(NCCNC[C@@H]2CCc3ccccc3O2)nc1,7.5
ZINC000026580058,c1cnc(NCCNC[C@H]2CCc3ccccc3O2)nc1,7.5
ZINC000026637776,Clc1ccc(NCCCNC[C@@H]2CCc3ccccc3O2)nn1,8.7
ZINC000026637782,Clc1ccc(NCCCNC[C@H]2CCc3ccccc3O2)nn1,8.7
ZINC000026637788,c1ccc2c(c1)CC[C@@H](CNCCCNc1cnccn1)O2,8.0
ZINC000026637791,c1ccc2c(c1)CC[C@H](CNCCCNc1cnccn1)O2,8.0
ZINC000026638341,c1ccc2c(c1)CC[C@@H](CNCCNC1=NCCCN1)O2,7.2
ZINC000026638347,c1ccc2c(c1)CC[C@H](CNCCNC1=NCCCN1)O2,7.2
ZINC000026638353,c1ccc2c(c1)CC[C@@H](CNCCCCCNC1=NCCCN1)O2,8.0
ZINC000026638359,c1ccc2c(c1)CC[C@H](CNCCCCCNC1=NCCCN1)O2,8.0
ZINC000026640070,O=C1CCCNC(NCCCNC[C@@H]2CCc3ccccc3O2)=N1,6.8
ZINC000026640077,O=C1CCCNC(NCCCNC[C@H]2CCc3ccccc3O2)=N1,6.8
ZINC000026640171,COc1ccc2c(c1)O[C@H](CNCCCNC1=NCCCN1)CC2,8.5
ZINC000026640176,COc1ccc2c(c1)O[C@@H](CNCCCNC1=NCCCN1)CC2,8.5
ZINC000026640755,c1ccc2c(c1)CC[C@@H](CNCCCNC1=NCCCN1)C2,7.4
ZINC000026640760,c1ccc2c(c1)CC[C@H](CNCCCNC1=NCCCN1)C2,7.4
ZINC000026640771,c1ccc2c(c1)C[C@@H](CNCCCNC1=NCCCN1)O2,6.9
ZINC000026640777,c1ccc2c(c1)C[C@H](CNCCCNC1=NCCCN1)O2,6.9
ZINC000026643539,c1ccc2c(c1)CC[C@@H](CNCCCNC1=NCCCC1)O2,8.4
ZINC000026643545,c1ccc2c(c1)CC[C@H](CNCCCNC1=NCCCC1)O2,8.4
ZINC000026648560,c1cnc(NCCCNC[C@@H]2CCc3ccccc3O2)nc1,8.8
ZINC000026648565,c1cnc(NCCCNC[C@H]2CCc3ccccc3O2)nc1,8.8
ZINC000026935128,Cc1ccccc1N1CCN(C(=O)COc2ccc(Cl)c(N3CCN(C)CC3)c2)CC1,6.62
ZINC000026937661,COc1ccc(NC(=O)N2CCN(c3ccc(C)cc3C)CC2)cc1N1CCN(C)CC1,7.06
ZINC000026938926,COc1ccc(NC(=O)N2CCN(c3ccccc3)CC2)cc1N1CCN(C)CC1,6.47
ZINC000026944781,Cc1ccccc1N1CCN(C(=O)Oc2ccc(Cl)c(N3CCN(C)CC3)c2)CC1,8.44
ZINC000026951960,COc1cccc(N2CCN(C(=O)Nc3ccc(OC)c(N4CCN(C)CC4)c3)CC2)c1,7.15
ZINC000026954602,COc1ccc(NC(=O)N2CCN(c3cccc4c3CCCC4)CC2)cc1N1CCN(C)CC1,7.59
ZINC000026957464,COc1ccc(NC(=O)N2CCN(c3c(C)cccc3C)CC2)cc1N1CCN(C)CC1,7.43
ZINC000026992736,OC1(CNCc2ccccc2)CCN(CCCc2c[nH]c3ccc(-n4cnnc4)cc23)CC1,9.35
ZINC000026993012,OC1(Cc2ccccc2)CCN(CCCc2c[nH]c3ccc(-n4cnnc4)cc23)CC1,10.0
ZINC000026993926,OC1(CNCc2ccccn2)CCN(CCCc2c[nH]c3ccc(-n4cnnc4)cc23)CC1,8.49
ZINC000026996001,CN(CC1CCCCC1)CC1(O)CCN(CCCc2c[nH]c3ccc(-n4cnnc4)cc23)CC1,8.92
ZINC000026997746,CC(=O)Nc1ccc(CNCC2(O)CCN(CCCc3c[nH]c4ccc(-n5cnnc5)cc34)CC2)cc1,7.96
ZINC000026998033,Cc1ccccc1CNCC1(O)CCN(CCCc2c[nH]c3ccc(-n4cnnc4)cc23)CC1,8.4
ZINC000027073544,CN(CC(C)(C)C)CC1(O)CCN(CCCc2c[nH]c3ccc(-n4cnnc4)cc23)CC1,8.74
ZINC000027074188,OC1(CNCC2CC2)CCN(CCCc2c[nH]c3ccc(-n4cnnc4)cc23)CC1,8.35
ZINC000027074195,CN(CC1CC1)CC1(O)CCN(CCCc2c[nH]c3ccc(-n4cnnc4)cc23)CC1,8.87
ZINC000027074492,CC(C)(C)OC(=O)NCC1(O)CCN(CCCc2c[nH]c3ccc(-n4cnnc4)cc23)CC1,7.68
ZINC000027074810,CC1(C)CCCN(CC2(O)CCN(CCCc3c[nH]c4ccc(-n5cnnc5)cc34)CC2)C1,9.19
ZINC000027080022,Cc1ccccc1CN(C)CC1(O)CCN(CCCc2c[nH]c3ccc(-n4cnnc4)cc23)CC1,8.89
ZINC000027080506,CC(C)(C)CNCC1(O)CCN(CCCc2c[nH]c3ccc(-n4cnnc4)cc23)CC1,8.14
ZINC000027104297,CN(C)C[C@@H]1C[C@H]2c3cccnc3Cc3ccccc3N2O1,6.0
ZINC000027104300,CN(C)C[C@H]1C[C@H]2c3cccnc3Cc3ccccc3N2O1,6.0
ZINC000027104304,CN(C)C[C@@H]1C[C@@H]2c3cccnc3Cc3ccccc3N2O1,6.0
ZINC000027182053,CN(C)C[C@@H]1C[C@H]2c3ccccc3Cc3ccncc3N2O1,6.0
ZINC000027182060,CN(C)C[C@H]1C[C@H]2c3ccccc3Cc3ccncc3N2O1,6.0
ZINC000027182066,CN(C)C[C@@H]1C[C@@H]2c3ccccc3Cc3ccncc3N2O1,6.0
ZINC000027315789,COc1ccc(NC(=O)c2ccc(-c3ccc(C4=N[C@@H](C)ON4)cc3C)cc2)cc1N1CCN(C)CC1,9.13
ZINC000027315795,COc1ccc(NC(=O)c2ccc(-c3ccc(C4=N[C@H](C)ON4)cc3C)cc2)cc1N1CCN(C)CC1,9.13
ZINC000027431636,C[C@H]1C[C@H](C)N1C(=O)[C@@H]1C=C2c3cccc4[nH]cc(c34)C[C@@H]2N(C)C1,8.62
ZINC000027431914,C[C@H]1C[C@@H](C)N1C(=O)[C@@H]1C=C2c3cccc4[nH]cc(c34)C[C@@H]2N(C)C1,8.43
ZINC000027442436,C[C@@H]1C[C@@H](C)N1C(=O)[C@@H]1C=C2c3cccc4[nH]cc(c34)C[C@@H]2N(C)C1,8.7
ZINC000027526559,COC(=O)C1(c2ccccc2)CCN(CCCNC(=O)C2=C(C)NC(C)=C(C(N)=O)[C@@H]2c2ccc([N+](=O)[O-])cc2)CC1,5.34
ZINC000027526561,COC(=O)C1(c2ccccc2)CCN(CCCNC(=O)C2=C(C)NC(C)=C(C(N)=O)[C@H]2c2ccc([N+](=O)[O-])cc2)CC1,5.34
ZINC000027553271,C[C@@H](NC1CCN(CCCc2c[nH]c3ccc(-n4cnnc4)cc23)CC1)[C@@H](O)c1ccccc1,7.92
ZINC000027553313,O[C@H]1Cc2ccccc2[C@H]1NC1CCN(CCCc2c[nH]c3ccc(-n4cnnc4)cc23)CC1,7.43
ZINC000027555570,C[C@@H](NC1CCN(CCCc2c[nH]c3ccc(-n4cnnc4)cc23)CC1)C(=O)Nc1ccccc1,8.12
ZINC000027556868,C[C@@H](NC1CCN(CCCc2c[nH]c3ccc(-n4cnnc4)cc23)CC1)c1ccc(F)cc1,9.3
ZINC000027556870,C[C@H](NC1CCN(CCCc2c[nH]c3ccc(-n4cnnc4)cc23)CC1)c1ccc(F)cc1,9.3
ZINC000027556885,C[C@H](NC1CCN(CCCc2c[nH]c3ccc(-n4cnnc4)cc23)CC1)c1ccccc1,9.22
ZINC000027557055,C[C@H](Cc1ccccc1)NC1CCN(CCCc2c[nH]c3ccc(-n4cnnc4)cc23)CC1,8.26
ZINC000027557784,C[C@@H](NC1CCN(CCCc2c[nH]c3ccc(-n4cnnc4)cc23)CC1)[C@H](O)c1ccccc1,7.96
ZINC000027558128,CC(=O)Nc1ccc([C@@H](C)NC2CCN(CCCc3c[nH]c4ccc(-n5cnnc5)cc34)CC2)cc1,7.54
ZINC000027561660,CCOC(=O)C1(c2ccccc2)CCN(CCCNC(=O)C2=C(C)NC(C)=C(C(=O)NC)[C@@H]2c2ccc([N+](=O)[O-])cc2)CC1,5.25
ZINC000027561662,CCOC(=O)C1(c2ccccc2)CCN(CCCNC(=O)C2=C(C)NC(C)=C(C(=O)NC)[C@H]2c2ccc([N+](=O)[O-])cc2)CC1,5.25
ZINC000027561778,CNC(=O)C1=C(C)NC(C)=C(C(=O)NCCCN2CCC(c3ccccc3)CC2)[C@@H]1c1ccc([N+](=O)[O-])cc1,6.2
ZINC000027561781,CNC(=O)C1=C(C)NC(C)=C(C(=O)NCCCN2CCC(c3ccccc3)CC2)[C@H]1c1ccc([N+](=O)[O-])cc1,6.2
ZINC000027562169,COC(=O)C1(c2ccccc2)CCN(CCCNC(=O)C2=C(C)NC(C)=C(C(C)=O)[C@@H]2c2ccc([N+](=O)[O-])cc2)CC1,5.65
ZINC000027562173,COC(=O)C1(c2ccccc2)CCN(CCCNC(=O)C2=C(C)NC(C)=C(C(C)=O)[C@H]2c2ccc([N+](=O)[O-])cc2)CC1,5.65
ZINC000027563042,COC(=O)C1(c2ccccc2)CCN(CCCNC(=O)C2=C(C)N=C(C)/C(=C(/O)OCCO)[C@@H]2c2ccc([N+](=O)[O-])cc2)CC1,5.73
ZINC000027563045,COC(=O)C1(c2ccccc2)CCN(CCCNC(=O)C2=C(C)N=C(C)/C(=C(/O)OCCO)[C@H]2c2ccc([N+](=O)[O-])cc2)CC1,5.73
ZINC000027563048,CCO/C(O)=C1\C(C)=NC(C)=C(C(=O)NCCCN2CCC(C(=O)OC)(c3ccccc3)CC2)[C@@H]1c1ccc([N+](=O)[O-])cc1,6.13
ZINC000027563050,CCO/C(O)=C1\C(C)=NC(C)=C(C(=O)NCCCN2CCC(C(=O)OC)(c3ccccc3)CC2)[C@H]1c1ccc([N+](=O)[O-])cc1,6.13
ZINC000027563283,CCOC(=O)C1(c2ccccc2)CCN(CCCNC(=O)C2=C(C)NC(C)=C(C(N)=O)[C@@H]2c2ccc3c(c2)OCO3)CC1,5.34
ZINC000027563285,CCOC(=O)C1(c2ccccc2)CCN(CCCNC(=O)C2=C(C)NC(C)=C(C(N)=O)[C@H]2c2ccc3c(c2)OCO3)CC1,5.34
ZINC000027563492,COC(=O)C1(c2ccccc2)CCN(CCCNC(=O)C2=C(C)NC(C)=C(C(C)=O)[C@@H]2c2ccc3c(c2)OCO3)CC1,5.76
ZINC000027563495,COC(=O)C1(c2ccccc2)CCN(CCCNC(=O)C2=C(C)NC(C)=C(C(C)=O)[C@H]2c2ccc3c(c2)OCO3)CC1,5.76
ZINC000027563497,CCOC(=O)C1(c2ccccc2)CCN(CCCNC(=O)C2=C(C)NC(C)=C(C(C)=O)[C@@H]2c2ccc([N+](=O)[O-])cc2)CC1,5.72
ZINC000027563500,CCOC(=O)C1(c2ccccc2)CCN(CCCNC(=O)C2=C(C)NC(C)=C(C(C)=O)[C@H]2c2ccc([N+](=O)[O-])cc2)CC1,5.72
ZINC000027563662,CNC(=O)C1=C(C)NC(C)=C(C(=O)NCCCN2CCC(C(=O)OC)(c3ccccc3)CC2)[C@@H]1c1ccc([N+](=O)[O-])cc1,5.11
ZINC000027563665,CNC(=O)C1=C(C)NC(C)=C(C(=O)NCCCN2CCC(C(=O)OC)(c3ccccc3)CC2)[C@H]1c1ccc([N+](=O)[O-])cc1,5.11
ZINC000027563669,CCNC(=O)C1=C(C)NC(C)=C(C(=O)NCCCN2CCC(C(=O)OC)(c3ccccc3)CC2)[C@@H]1c1ccc([N+](=O)[O-])cc1,5.32
ZINC000027563672,CCNC(=O)C1=C(C)NC(C)=C(C(=O)NCCCN2CCC(C(=O)OC)(c3ccccc3)CC2)[C@H]1c1ccc([N+](=O)[O-])cc1,5.32
ZINC000027564086,COCCOC(=O)C1(c2ccccc2)CCN(CCCNC(=O)C2=C(C)NC(C)=C(C(N)=O)[C@@H]2c2ccc([N+](=O)[O-])cc2)CC1,5.5
ZINC000027564089,COCCOC(=O)C1(c2ccccc2)CCN(CCCNC(=O)C2=C(C)NC(C)=C(C(N)=O)[C@H]2c2ccc([N+](=O)[O-])cc2)CC1,5.5
ZINC000027564117,CC(=O)C1(c2ccccc2)CCN(CCCNC(=O)C2=C(C)NC(C)=C(C(N)=O)[C@@H]2c2ccc([N+](=O)[O-])cc2)CC1,5.42
ZINC000027564119,CC(=O)C1(c2ccccc2)CCN(CCCNC(=O)C2=C(C)NC(C)=C(C(N)=O)[C@H]2c2ccc([N+](=O)[O-])cc2)CC1,5.42
ZINC000027564210,COc1ccc(NS(=O)(=O)c2ccc(-c3ccc(-c4nnc(C)o4)cc3C)cc2)cc1N1CCN(C)CC1,6.15
ZINC000027564267,CCOC(=O)C1(c2ccccc2)CCN(CCCNC(=O)C2=C(C)NC(C)=C(C(N)=O)[C@@H]2c2ccc([N+](=O)[O-])cc2)CC1,5.3
ZINC000027564269,CCOC(=O)C1(c2ccccc2)CCN(CCCNC(=O)C2=C(C)NC(C)=C(C(N)=O)[C@H]2c2ccc([N+](=O)[O-])cc2)CC1,5.3
ZINC000027564293,CC1=C(C(N)=O)[C@@H](c2ccc([N+](=O)[O-])cc2)C(C(=O)NCCCN2CCC(C(=O)Oc3ccccc3)(c3ccccc3)CC2)=C(C)N1,6.23
ZINC000027564296,CC1=C(C(N)=O)[C@H](c2ccc([N+](=O)[O-])cc2)C(C(=O)NCCCN2CCC(C(=O)Oc3ccccc3)(c3ccccc3)CC2)=C(C)N1,6.23
ZINC000027564551,COC(=O)C1(c2ccccc2)CCN(CCCNC(=O)C2=C(C)N=C(C)/C(=C(/O)OCCC#N)[C@@H]2c2ccc([N+](=O)[O-])cc2)CC1,6.12
ZINC000027564553,COC(=O)C1(c2ccccc2)CCN(CCCNC(=O)C2=C(C)N=C(C)/C(=C(/O)OCCC#N)[C@H]2c2ccc([N+](=O)[O-])cc2)CC1,6.12
ZINC000027625843,CC1=C(C(N)=O)[C@@H](c2ccc([N+](=O)[O-])cc2)C(C(=O)NCCCN2CCC(C#N)(c3ccccc3)CC2)=C(C)N1,5.56
ZINC000027625849,CC1=C(C(N)=O)[C@H](c2ccc([N+](=O)[O-])cc2)C(C(=O)NCCCN2CCC(C#N)(c3ccccc3)CC2)=C(C)N1,5.56
ZINC000027733486,NCCc1c[nH]c2ccc(OCC(=O)NCC(=O)N[C@@H](Cc3ccc(O)cc3)C(N)=O)cc12,7.22
ZINC000027749547,S=C1CN(CCCc2c[nH]c3ccc(-n4cnnc4)cc23)CCN1Cc1ccccc1,9.1
ZINC000027761013,C[C@H](NC[C@@H]1CCN(CCc2c[nH]c3ccc(C[C@H]4COC(=O)N4)cc23)C1)c1ccccc1,9.52
ZINC000027761021,O=C1N[C@@H](Cc2ccc3[nH]cc(CCN4CC[C@@H](CNCc5ccccc5)C4)c3c2)CO1,9.46
ZINC000028009523,C[C@@H]1CC[C@@H](C)N1CCc1c[nH]c2ccc(-c3cccs3)cc12,8.6
ZINC000028009529,C[C@H]1CC[C@@H](C)N1CCc1c[nH]c2ccc(-c3cccs3)cc12,8.6
ZINC000028009537,C[C@H]1CC[C@H](C)N1CCc1c[nH]c2ccc(-c3cccs3)cc12,8.6
ZINC000028222369,CN(C)CCc1coc2ccc(C(N)=O)cc12,6.82
ZINC000028223756,NCC[C@@H]1COc2ccc(C(N)=O)cc21,6.11
ZINC000028223761,NCC[C@H]1COc2ccc(C(N)=O)cc21,6.11
ZINC000028224213,NCCc1coc2ccc(C(N)=O)cc12,7.37
ZINC000028249821,NC(=O)c1ccc2[nH]cc(C3=CC[C@@H](NCCCCCCN[C@H]4CC=C(c5c[nH]c6ccc(C(N)=O)cc56)CC4)CC3)c2c1,9.08
ZINC000028249830,NC(=O)c1ccc2[nH]cc(C3=CC[C@H](NCCCCCCN[C@H]4CC=C(c5c[nH]c6ccc(C(N)=O)cc56)CC4)CC3)c2c1,9.08
ZINC000028249838,NC(=O)c1ccc2[nH]cc(C3=CC[C@@H](NCCCCCCN[C@@H]4CC=C(c5c[nH]c6ccc(C(N)=O)cc56)CC4)CC3)c2c1,9.08
ZINC000028249875,NC(=O)c1ccc2[nH]cc(C3=CC[C@@H](NCCCCN[C@H]4CC=C(c5c[nH]c6ccc(C(N)=O)cc56)CC4)CC3)c2c1,7.69
ZINC000028249883,NC(=O)c1ccc2[nH]cc(C3=CC[C@H](NCCCCN[C@H]4CC=C(c5c[nH]c6ccc(C(N)=O)cc56)CC4)CC3)c2c1,7.69
ZINC000028249893,NC(=O)c1ccc2[nH]cc(C3=CC[C@@H](NCCCCN[C@@H]4CC=C(c5c[nH]c6ccc(C(N)=O)cc56)CC4)CC3)c2c1,7.69
ZINC000028252299,NC(=O)c1ccc2[nH]cc(C3=CC[C@@H](NCCN[C@H]4CC=C(c5c[nH]c6ccc(C(N)=O)cc56)CC4)CC3)c2c1,8.1
ZINC000028252306,NC(=O)c1ccc2[nH]cc(C3=CC[C@H](NCCN[C@H]4CC=C(c5c[nH]c6ccc(C(N)=O)cc56)CC4)CC3)c2c1,8.1
ZINC000028252311,NC(=O)c1ccc2[nH]cc(C3=CC[C@@H](NCCN[C@@H]4CC=C(c5c[nH]c6ccc(C(N)=O)cc56)CC4)CC3)c2c1,8.1
ZINC000028252326,NC(=O)c1ccc2[nH]cc(C3=CC[C@@H](NCCCCCN[C@H]4CC=C(c5c[nH]c6ccc(C(N)=O)cc56)CC4)CC3)c2c1,8.47
ZINC000028252331,NC(=O)c1ccc2[nH]cc(C3=CC[C@H](NCCCCCN[C@H]4CC=C(c5c[nH]c6ccc(C(N)=O)cc56)CC4)CC3)c2c1,8.47
ZINC000028252336,NC(=O)c1ccc2[nH]cc(C3=CC[C@@H](NCCCCCN[C@@H]4CC=C(c5c[nH]c6ccc(C(N)=O)cc56)CC4)CC3)c2c1,8.47
ZINC000028255833,NC(=O)c1ccc2[nH]cc(C3=CC[C@@H](NCCCCCCCCCCN[C@H]4CC=C(c5c[nH]c6ccc(C(N)=O)cc56)CC4)CC3)c2c1,8.58
ZINC000028255839,NC(=O)c1ccc2[nH]cc(C3=CC[C@H](NCCCCCCCCCCN[C@H]4CC=C(c5c[nH]c6ccc(C(N)=O)cc56)CC4)CC3)c2c1,8.58
ZINC000028255846,NC(=O)c1ccc2[nH]cc(C3=CC[C@@H](NCCCCCCCCCCN[C@@H]4CC=C(c5c[nH]c6ccc(C(N)=O)cc56)CC4)CC3)c2c1,8.58
ZINC000028256362,NC(=O)c1ccc2[nH]cc(C3=CC[C@@H](NCCCCCCCCCCCCN[C@H]4CC=C(c5c[nH]c6ccc(C(N)=O)cc56)CC4)CC3)c2c1,9.48
ZINC000028256370,NC(=O)c1ccc2[nH]cc(C3=CC[C@H](NCCCCCCCCCCCCN[C@H]4CC=C(c5c[nH]c6ccc(C(N)=O)cc56)CC4)CC3)c2c1,9.48
ZINC000028256377,NC(=O)c1ccc2[nH]cc(C3=CC[C@@H](NCCCCCCCCCCCCN[C@@H]4CC=C(c5c[nH]c6ccc(C(N)=O)cc56)CC4)CC3)c2c1,9.48
ZINC000028256390,NC(=O)c1ccc2[nH]cc(C3=CC[C@@H](NCCCCCCCCN[C@H]4CC=C(c5c[nH]c6ccc(C(N)=O)cc56)CC4)CC3)c2c1,9.96
ZINC000028256396,NC(=O)c1ccc2[nH]cc(C3=CC[C@H](NCCCCCCCCN[C@H]4CC=C(c5c[nH]c6ccc(C(N)=O)cc56)CC4)CC3)c2c1,9.96
ZINC000028256402,NC(=O)c1ccc2[nH]cc(C3=CC[C@@H](NCCCCCCCCN[C@@H]4CC=C(c5c[nH]c6ccc(C(N)=O)cc56)CC4)CC3)c2c1,9.96
ZINC000028257867,NC(=O)c1ccc2[nH]cc(C3=CC[C@@H](NCCCN[C@H]4CC=C(c5c[nH]c6ccc(C(N)=O)cc56)CC4)CC3)c2c1,7.56
ZINC000028257874,NC(=O)c1ccc2[nH]cc(C3=CC[C@H](NCCCN[C@H]4CC=C(c5c[nH]c6ccc(C(N)=O)cc56)CC4)CC3)c2c1,7.56
ZINC000028257880,NC(=O)c1ccc2[nH]cc(C3=CC[C@@H](NCCCN[C@@H]4CC=C(c5c[nH]c6ccc(C(N)=O)cc56)CC4)CC3)c2c1,7.56
ZINC000028257893,NC(=O)c1ccc2[nH]cc(C3=CC[C@@H](NCCCCCCCN[C@H]4CC=C(c5c[nH]c6ccc(C(N)=O)cc56)CC4)CC3)c2c1,10.3
ZINC000028257900,NC(=O)c1ccc2[nH]cc(C3=CC[C@H](NCCCCCCCN[C@H]4CC=C(c5c[nH]c6ccc(C(N)=O)cc56)CC4)CC3)c2c1,10.3
ZINC000028257906,NC(=O)c1ccc2[nH]cc(C3=CC[C@@H](NCCCCCCCN[C@@H]4CC=C(c5c[nH]c6ccc(C(N)=O)cc56)CC4)CC3)c2c1,10.3
ZINC000028359956,Cc1cc(Br)cc(C)c1NC1=NCCN1,7.27
ZINC000028392145,CN1CCC([C@@H]2CNc3ccc(NC(=O)c4ccc(F)cc4)cc32)CC1,5.64
ZINC000028392151,CN1CCC([C@H]2CNc3ccc(NC(=O)c4ccc(F)cc4)cc32)CC1,5.64
ZINC000028528468,C[C@@H]1CN(c2cccc3cc(F)ccc23)CCN1CC[C@@H]1OCCc2c1sc(C(N)=O)c2Cl,7.35
ZINC000028759508,CC1=C(C(N)=O)[C@H](c2ccc([N+](=O)[O-])cc2)C(C(=O)NCCCN2CCC(c3ccccc3)(c3ccccc3)CC2)=C(C)N1,6.22
ZINC000028762941,FC(F)(F)c1ccc2c(c1)nc(N1CCNCC1)c1cccn12,6.72
ZINC000028821527,C[C@H]1CN(c2cccc3cc(F)ccc23)CCN1CC[C@@H]1OCC2=CC(C(N)=O)=CC[C@H]21,7.85
ZINC000028821528,C[C@H]1CN(c2cccc3cc(F)ccc23)CCN1CC[C@H]1OCC2=CC(C(N)=O)=CC[C@H]21,7.17
ZINC000028821529,C[C@H]1CN(c2cccc3cc(C#N)ccc23)CCN1CC[C@H]1OCC2=CC(C(N)=O)=CC[C@H]21,8.74
ZINC000028949859,COc1cccc2c1C[C@H]1C[C@@H](C(=O)N3CCN(c4ccc([N+](=O)[O-])cc4)CC3)CN(C)[C@@H]1C2,6.95
ZINC000029128986,COc1c(OCCF)cccc1[C@@H](O)C1CCN(CCc2ccc(F)cc2)CC1,6.15
ZINC000029130379,C[C@H]1NC(NCC(F)F)=Nc2cccc(Cl)c21,5.86
ZINC000029130448,CC[C@@H]1NC(N)=Nc2ccc(Cl)c(Cl)c21,5.89
ZINC000029130450,CC[C@H]1NC(N)=Nc2ccc(Cl)c(Cl)c21,5.89
ZINC000029130452,C[C@@H]1NC(=N)Nc2ccc(Cl)c(Cl)c21,6.59
ZINC000029130454,C[C@H]1NC(N)=Nc2ccc(Cl)c(Cl)c21,6.59
ZINC000029130460,CNC1=Nc2cccc(Cl)c2[C@@H](C)N1,5.84
ZINC000029130462,CNC1=Nc2cccc(Cl)c2[C@H](C)N1,5.84
ZINC000029130506,C[C@H]1NC(N)=Nc2cccc(Cl)c21,5.9
ZINC000029130869,N=C1NCc2c(ccc(Cl)c2Cl)N1,5.9
ZINC000029130899,CC(C)Oc1cccc2c1N=C(NCC(F)F)N[C@@H]2C,7.09
ZINC000029130901,CC(C)Oc1cccc2c1N=C(NCC(F)F)N[C@H]2C,7.09
ZINC000029130904,COc1c(Cl)ccc2c1[C@H](C)NC(NCC(F)F)=N2,5.74
ZINC000029130905,COc1c(Cl)ccc2c1[C@@H](C)NC(NCC(F)F)=N2,5.74
ZINC000029130996,COc1cccc2c1N=C(NCC(F)F)N[C@@H]2C,6.13
ZINC000029130997,COc1cccc2c1N=C(NCC(F)F)N[C@H]2C,6.13
ZINC000029131085,C[C@H]1NC(NCC(F)F)=Nc2ccc(Cl)c(Cl)c21,6.2
ZINC000029131351,C[C@@H]1NC(N)=Nc2c(Cl)ccc(Cl)c21,6.02
ZINC000029131353,C[C@H]1NC(N)=Nc2c(Cl)ccc(Cl)c21,6.02
ZINC000029131423,COc1cc(Cl)c(C)c2c1N=C(N)N[C@@H]2C,6.84
ZINC000029131425,COc1cc(Cl)c(C)c2c1N=C(N)N[C@H]2C,6.84
ZINC000029131427,COc1c(Cl)ccc2c1[C@H](C)NC(=N)N2,5.94
ZINC000029131429,COc1c(Cl)ccc2c1[C@@H](C)NC(=N)N2,5.94
ZINC000029131431,CNC1=Nc2c(OC(C)C)cccc2[C@@H](C)N1,6.8
ZINC000029131432,CNC1=Nc2c(OC(C)C)cccc2[C@H](C)N1,6.8
ZINC000029131435,CC(C)Oc1cccc2c1N=C(N)N[C@@H]2C,7.15
ZINC000029131437,CC(C)Oc1cccc2c1N=C(N)N[C@H]2C,7.15
ZINC000029131439,N=C1NCc2cc(Cl)ccc2N1,6.16
ZINC000029131609,CNC1=Nc2ccc(Cl)c(Cl)c2[C@@H](C)N1,6.34
ZINC000029131611,C/N=C1\Nc2ccc(Cl)c(Cl)c2[C@H](C)N1,6.34
ZINC000029131613,COc1cccc2c1N=C(N)N[C@@H]2C,6.35
ZINC000029131615,COc1cccc2c1N=C(N)N[C@H]2C,6.35
ZINC000029213859,CCCN(CCC)[C@@H]1CCc2cccc(OCCCCCCOc3cccc4c3C[C@H](N(CCC)CCC)CC4)c2C1,8.41
ZINC000029213864,CCCN(CCC)[C@H]1CCc2cccc(OCCCCCCOc3cccc4c3C[C@H](N(CCC)CCC)CC4)c2C1,8.41
ZINC000029213872,CCCN(CCC)[C@H]1CCc2cccc(OCCCCCCOc3cccc4c3C[C@@H](N(CCC)CCC)CC4)c2C1,8.41
ZINC000029345064,COC(=O)C1(c2ccccc2)CCN(CCCNC(=O)C2=C(C)N=C(C)/C(=C(/O)OC)[C@@H]2c2ccc([N+](=O)[O-])cc2)CC1,5.94
ZINC000029345067,COC(=O)C1(c2ccccc2)CCN(CCCNC(=O)C2=C(C)N=C(C)/C(=C(/O)OC)[C@H]2c2ccc([N+](=O)[O-])cc2)CC1,5.94
ZINC000034313077,C[C@@H]1CN(c2cccc3cc(F)ccc23)CCN1CC[C@H]1OCCc2c1sc(C(N)=O)c2Cl,7.35
ZINC000034801054,CCCCCCCCCOc1ccc2[nH]c3c(c2c1)C[C@@H](N)CC3,5.63
ZINC000034801055,CCCCCCCCCOc1ccc2[nH]c3c(c2c1)C[C@H](N)CC3,5.63
ZINC000035278957,O=S(=O)(c1cccc(Cl)c1)c1n[nH]c2ccc(NC3CCNCC3)cc12,6.39
ZINC000035279646,CC(C)c1ccc(S(=O)(=O)c2n[nH]c3ccc(NC4CCNCC4)cc23)cc1,5.83
ZINC000035285409,O=C(Nc1ccc2[nH]nc(S(=O)(=O)c3cccc4ccccc34)c2c1)C1CCNCC1,5.87
ZINC000036187755,CCCCCCCN[C@H]1CC=C(c2c[nH]c3ccc(C(N)=O)cc23)CC1,8.7
ZINC000036187756,CCCCCCCN[C@@H]1CC=C(c2c[nH]c3ccc(C(N)=O)cc23)CC1,8.7
ZINC000036187757,CCCN[C@@H]1CCc2cccc(OS(=O)(=O)C(F)(F)F)c2C1,7.82
ZINC000036187758,CCCN[C@H]1CCc2cccc(OS(=O)(=O)C(F)(F)F)c2C1,7.82
ZINC000036187759,CCCN(CCC)[C@@H]1CCc2cccc(OS(=O)(=O)C(F)(F)F)c2C1,7.92
ZINC000036187760,CCCN(CCC)[C@H]1CCc2cccc(OS(=O)(=O)C(F)(F)F)c2C1,7.92
ZINC000036237955,C[C@H]1C[C@@H](c2c[nH]c3cc(F)ccc23)CCN1CC[C@H]1OCCc2cc(C(N)=O)ccc21,7.55
ZINC000036237956,NC(=O)c1ccc2c(c1)CCO[C@@H]2CCN1CC[C@H](c2c[nH]c3cc(F)ccc23)C1,7.4
ZINC000036237958,NC(=O)c1ccc2c(c1)CCO[C@H]2CCN1CC[C@H](c2c[nH]c3cc(F)ccc23)C1,7.4
ZINC000036238056,CCCN[C@@H]1CCc2ccc(OS(=O)(=O)C(F)(F)F)cc2C1,6.9
ZINC000038512358,Cc1ccc2c(N3CCN(CCc4ccc5c(c4)NC(=O)CO5)C[C@@H]3C)cccc2n1,9.5
ZINC000040402848,COc1c(OCCF)cccc1[C@@H](O)C1CCN(CCc2ccc(C)cc2)CC1,5.84
ZINC000040402851,COc1c(OCCF)cccc1[C@H](O)C1CCN(CCc2ccc(C)cc2)CC1,5.84
ZINC000040891822,CCCN1CCC(COc2nc3scc(C)c3n3cccc23)CC1,5.34
ZINC000040894319,FC(F)(F)c1nc2c(OCCN3CCN(c4cccc5[nH]c(C(F)(F)F)nc45)CC3)cccc2[nH]1,9.26
ZINC000040917473,COc1c(OCCF)cccc1[C@H](O)C1CCN(CCc2ccc([N+](=O)[O-])cc2)CC1,5.47
ZINC000040917475,COc1c(OCCF)cccc1[C@@H](O)C1CCN(CCc2ccc([N+](=O)[O-])cc2)CC1,5.47
ZINC000040937326,Cc1ccc2c(OC[C@@H](C)N3CCC(Cc4ccc5c(c4)NC(=O)CO5)CC3)cccc2n1,6.6
ZINC000040937328,Cc1ccc2c(OC[C@H](C)N3CCC(Cc4ccc5c(c4)NC(=O)CO5)CC3)cccc2n1,6.6
ZINC000040938104,Cc1ccc2c(O[C@@H](C)CN3CCC(Cc4ccc5c(c4)NC(=O)CO5)CC3)cccc2n1,7.1
ZINC000040938106,Cc1ccc2c(O[C@H](C)CN3CCC(Cc4ccc5c(c4)NC(=O)CO5)CC3)cccc2n1,7.1
ZINC000049034703,c1ccc(N2CCN(C[C@@H]3CCCCN3)C2)cc1,5.5
ZINC000049054316,O=C1N(C[C@@H]2CCCCN2)CCN1c1cccc(Cl)c1,6.3
ZINC000049054319,O=C1N(C[C@H]2CCCCN2)CCN1c1cccc(Cl)c1,6.3
ZINC000052541473,COc1ccccc1N1CCN(CCN(C(=O)C2CCCCC2)c2ccccn2)CC1,9.47
ZINC000053151337,FC(F)(Cc1c[nH]c2ccc(-n3cnnc3)cc12)CN1CCC(OCc2ccccc2)CC1,8.07
ZINC000053586742,CNCCOc1ccc(Br)cc1Br,5.91
ZINC000058498226,C[C@H]1CN(c2cccc3cc(F)ccc23)CCN1CC[C@H]1OCC2=CC(C(N)=O)=CC[C@@H]21,7.17
ZINC000058685730,C[C@H]1CN(c2cccc3cc(C#N)ccc23)CCN1CC[C@H]1OCC2=CC(C(N)=O)=CC[C@@H]21,8.74
ZINC000064560424,Cc1ccc2c(N3CCN(CCc4c(C)ccc5c4CCC(=O)N5)CC3)cccc2n1,8.3
ZINC000064560538,Cc1ccc2c(N3CCN(CCc4cccc5c4ccc(=O)n5C)CC3)cccc2n1,9.0
ZINC000084500346,CCCN[C@H]1CCc2cccc(CS(=O)(=O)C(F)(F)F)c2C1,6.8
ZINC000084596176,CCCN[C@@H]1CCc2cccc(CS(=O)(=O)C(F)(F)F)c2C1,8.17
ZINC000084615540,CCCN[C@H]1CCc2c(cccc2CS(=O)(=O)C(F)(F)F)C1,7.2
ZINC000095552631,CN(Cc1ccccc1C(F)(F)F)[C@H]1CCN(CCCc2c[nH]c3ccc(-n4cnnc4)cc23)C[C@H]1F,8.03
ZINC000095607271,NC(=O)c1ccc2c(c1)CCO[C@@H]2CCN1CC=C(c2ccc(F)c3ccoc23)CC1,7.57
ZINC000095607272,NC(=O)c1ccc2c(c1)CCO[C@H]2CCN1CC=C(c2ccc(F)c3ccoc23)CC1,7.57
ZINC000100374472,CC(C)n1c(=O)c(C(=O)N[C@@H]2C[C@@H]3CC[C@H](C2)N3C[C@@H](O)CN(C)S(C)(=O)=O)cc2ccccc21,7.0
ZINC000101299773,Cc1csc2c1-n1cccc1/C2=N/OCCN(C)C,6.32
ZINC000101514829,CC(=O)N1CCN(CCN2[C@H]3CC[C@@H]2C[C@H](NC(=O)c2nn(C(C)C)c4ccccc24)C3)CC1,7.0
ZINC000103283196,CN[C@@H](C)COc1cc(Cl)ccc1Cl,5.27
ZINC000103283198,CN[C@H](C)COc1cc(Cl)ccc1Cl,5.27
ZINC000103283200,CN[C@@H](C)COc1ccc(Br)cc1Br,5.95
ZINC000103283203,CN[C@H](C)COc1ccc(Br)cc1Br,5.95
ZINC000103283205,CN[C@@H](C)COc1c(Br)cccc1Br,6.65
ZINC000103283208,CN[C@H](C)COc1c(Br)cccc1Br,6.65
ZINC000103283210,CN[C@@H](C)COc1cccc(Oc2ccccc2)c1,6.41
ZINC000103283212,CN[C@H](C)COc1cccc(Oc2ccccc2)c1,6.41
ZINC000103285259,CN[C@@H](COc1cccc(Cl)c1Cl)c1ccccc1,5.2
ZINC000103285262,CN[C@H](COc1cccc(Cl)c1Cl)c1ccccc1,5.11
ZINC000103285264,CN1CCN([C@@H](COc2cccc(Cl)c2Cl)c2ccccc2)CC1,5.83
ZINC000103285266,CN1CCN([C@H](COc2cccc(Cl)c2Cl)c2ccccc2)CC1,5.26
ZINC000103288540,CN[C@@H](C)COc1cccc(Cl)c1Cl,6.22
ZINC000103288542,CN[C@H](C)COc1cccc(Cl)c1Cl,6.22
ZINC000103288544,CN[C@@H](C)COc1ccc(Cl)cc1Cl,5.54
ZINC000103288546,CN[C@H](C)COc1ccc(Cl)cc1Cl,5.54
ZINC000118595483,Cc1ccc2c(N3CCN(CCc4ccc5c(c4)NC(=O)CO5)C[C@H]3C)cccc2n1,9.5
ZINC000140510647,CN1CC[C@H]2[C@@H](C1)c1cccc3c1N2c1ccccc1CS3,7.2
ZINC000140512435,CN1CC[C@@H]2[C@@H](C1)c1cccc3c1N2c1ccccc1CS3,7.2
ZINC000169355587,C[C@H]1CN(c2cccc3cc(F)ccc23)CCN1CC[C@@H]1OCC2=CC(C(N)=O)=CC[C@@H]21,7.85
ZINC000169737782,N[C@H]1C[C@@H](c2c[nH]c3ccc(C[C@H]4COC(=O)N4)cc23)C1,8.44
ZINC000195364726,c1ccc(N2CCN(C[C@H]3CCCCN3)C2)cc1,5.5
ZINC000253663233,CN(C)[C@@H]1C[C@@H](c2c[nH]c3ccc(C(=O)NCc4ccccc4)cc23)C1,6.85
ZINC000253679971,CN(C)[C@@H]1C[C@@H](c2c[nH]c3ccc(CC(N)=O)cc23)C1,6.14
ZINC000253682293,Cc1noc(-c2ccc3[nH]cc([C@@H]4C[C@@H](N(C)C)C4)c3c2)n1,6.25
ZINC000253713692,CN(C)[C@@H]1C[C@@H](c2c[nH]c3ccc(C(N)=O)cc23)C1,7.83
ZINC000253839110,CN(C)[C@@H]1C[C@@H](c2c[nH]c3ccc(CC(=O)NCc4ccccc4)cc23)C1,6.47
ZINC000253917840,Cc1noc(Cc2ccc3[nH]cc([C@@H]4C[C@@H](N(C)C)C4)c3c2)n1,6.03
ZINC000254124481,N[C@H]1C[C@H](c2c[nH]c3ccc(C[C@@H]4COC(=O)N4)cc23)C1,8.44
ZINC000254124551,CN(C)[C@@H]1C[C@@H](c2c[nH]c3ccc(C[C@H]4COC(=O)N4)cc23)C1,7.8
ZINC000254124556,CN(C)[C@@H]1C[C@@H](c2c[nH]c3ccc(C[C@@H]4COC(=O)N4)cc23)C1,7.8
ZINC000257971626,CN(C)[C@@H]1C[C@@H](c2c[nH]c3ccc(CCN4C(=O)NC(C)(C)C4=O)cc23)C1,5.83
ZINC000258016980,CC1(C)NC(=O)N(CCc2ccc3[nH]cc([C@H]4C[C@H](N)C4)c3c2)C1=O,6.3
ZINC000299805851,Cc1nc(Cc2ccc3[nH]cc([C@@H]4C[C@@H](N(C)C)C4)c3c2)n[nH]1,5.69
ZINC000299845159,CN(C)[C@@H]1C[C@@H](c2c[nH]c3ccc(CCN4C(=O)c5ccccc5C4=O)cc23)C1,6.71
ZINC000299845841,CN(C)[C@@H]1C[C@@H](c2c[nH]c3ccc(Oc4ccccc4)cc23)C1,7.19
ZINC000299845859,CNS(=O)(=O)Cc1ccc2[nH]cc([C@@H]3C[C@@H](N(C)C)C3)c2c1,6.72
ZINC000299845860,N[C@H]1C[C@H](c2c[nH]c3ccc(Oc4ccccc4)cc23)C1,7.84
ZINC000299845944,CN(C)[C@@H]1C[C@@H](Cc2c[nH]c3ccc(C[C@H]4COC(=O)N4)cc23)C1,7.54
ZINC000299846385,CN(C)[C@@H]1C[C@@H](c2c[nH]c3ccc(CN4C(=O)NC(C)(C)C4=O)cc23)C1,5.51
ZINC000299846486,CN(C)[C@@H]1C[C@@H](c2c[nH]c3ccc(C[C@H]4COC(=O)N4C)cc23)C1,7.24
ZINC000299846487,CN(C)[C@@H]1C[C@@H](c2c[nH]c3ccc(C[C@@H]4COC(=O)N4C)cc23)C1,7.24
ZINC000299846934,CN[C@@H]1C[C@@H](c2c[nH]c3ccc(C[C@H]4COC(=O)N4)cc23)C1,8.15
ZINC000299846936,CN[C@@H]1C[C@@H](c2c[nH]c3ccc(C[C@@H]4COC(=O)N4)cc23)C1,8.15
ZINC000299847083,CN(C)[C@@H]1C[C@@H](c2c[nH]c3ccc(CN4C(=O)CNC4=O)cc23)C1,5.61
ZINC000299849934,CN1CC[C@@H]2[C@H](C1)c1cccc3c1N2c1ccccc1CS3,7.2
ZINC000299849935,CN1CC[C@H]2[C@H](C1)c1cccc3c1N2c1ccccc1CS3,7.2
CHEMBL103503,CN1CCC(c2c[nH]c3cnc(NC(=O)c4ccc(F)cc4)cc23)CC1,7.28
CHEMBL105970,COc1ccc(NC(=O)N2CCN(c3ccccc3C)CC2)cc1N1CCN(C)CC1.O=C(O)/C=C/C(=O)O,7.32
CHEMBL106807,Cc1ccccc1N1CCN(C(=O)COc2ccc(Cl)c(N3CCN(C)CC3)c2)CC1.O=C(O)/C=C/C(=O)O,6.62
CHEMBL107772,Cc1ccccc1N1CCN(C(=O)Oc2ccc(Cl)c(N3CCN(C)CC3)c2)CC1.O=C(O)/C=C/C(=O)O,8.44
CHEMBL108337,COc1ccc2[nH]c3c(c2c1)CC(N)CC3,5.92
CHEMBL108645,COc1ccc(N2CCN(C(=O)Nc3ccc(OC)c(N4CCN(C)CC4)c3)CC2)cc1.O=C(O)/C=C/C(=O)O,6.64
CHEMBL108722,COc1cccc(N2CCN(C(=O)Nc3ccc(OC)c(N4CCN(C)CC4)c3)CC2)c1.O=C(O)/C=C/C(=O)O,7.16
CHEMBL108818,CCCCCCOc1ccc2[nH]c3c(c2c1)CC(N)CC3,5.96
CHEMBL110601,COc1ccc(NCC(=O)N2CCN(c3ccccc3C)CC2)cc1N1CCN(C)CC1.O=C(O)/C=C/C(=O)O,4.38
CHEMBL111107,CCCCCCCCCOc1ccc2[nH]c3c(c2c1)CC(N)CC3,5.63
CHEMBL111302,COc1ccc(NC(=O)N2CCN(c3c(C)cccc3C)CC2)cc1N1CCN(C)CC1.O=C(O)/C=C/C(=O)O,7.43
CHEMBL114012,CC1CCN(CCC2CCCCN2S(=O)(=O)c2cccc3ccccc23)CC1,5.7
CHEMBL116448,CC1CCN(CC[C@H]2CCCN2S(=O)(=O)c2cccc(Br)c2)CC1,6.3
CHEMBL1203216,CN(C)S(=O)(=O)Nc1ccc(N2CCN(C(=O)COc3ccc4[nH]cc(CCN)c4c3)CC2)cc1.Cl.O,9.59
CHEMBL12264,Cc1cccc(S(=O)(=O)N(C)[C@H](C)CCN2CCC(C)CC2)c1,5.5
CHEMBL12624,Cc1cccc(S(=O)(=O)N2CCC[C@@H]2CCN2CCC(C)CC2)c1,5.5
CHEMBL133868,CC(N)Cc1c[nH]c2ccc3c(c12)CCCO3,5.72
CHEMBL134743,COc1ccccc1N1CCN(CCC(Oc2cccc3ccccc23)c2ccsc2)CC1,5.9
CHEMBL136936,COc1ccccc1N1CCN(CCC(O)c2csc3ccccc23)CC1,5.58
CHEMBL137781,C[C@H]1C[C@@H](C)N1C(=O)[C@@H]1C=C2c3cccc4[nH]cc(c34)CC2N(C)C1,8.43
CHEMBL138989,C[C@@H]1C[C@@H](C)N1C(=O)[C@@H]1C=C2c3cccc4[nH]cc(c34)CC2N(C)C1,8.7
CHEMBL146815,COC(=O)C1(c2ccccc2)CCN(CCCNC(=O)C2=C(C)NC(C)=C(C(C)=O)C2c2ccc([N+](=O)[O-])cc2)CC1,5.65
CHEMBL146983,CCOC(=O)C1CCN(CCCNC(=O)C2=C(C)NC(C)=C(C(=O)NC)C2c2ccc([N+](=O)[O-])cc2)CC1,4.35
CHEMBL147077,CNC(=O)C1=C(C)NC(C)=C(C(=O)NCCCN2CCC(C(=O)OC)(c3ccccc3)CC2)C1c1ccc([N+](=O)[O-])cc1,5.11
CHEMBL148552,COC(=O)C1(c2ccccc2)CCN(CCCNC(=O)C2=C(C)NC(C)=C(C(C)=O)C2c2ccc3c(c2)OCO3)CC1,5.76
CHEMBL149263,CCOC(=O)C1(c2ccccc2)CCN(CCCNC(=O)C2=C(C)NC(C)=C(C(N)=O)C2c2ccc3c(c2)OCO3)CC1,5.34
CHEMBL150696,CC1=C(C(N)=O)C(c2ccc([N+](=O)[O-])cc2)C(C(=O)NCCCN2CCC(C(=O)N(C)C)(c3ccccc3)CC2)=C(C)N1,4.73
CHEMBL150743,CC1=C(C(N)=O)C(c2ccc([N+](=O)[O-])cc2)C(C(=O)NCCCN2CCCCC2)=C(C)N1,4.51
CHEMBL151045,CC1=C(C(N)=O)C(c2ccc([N+](=O)[O-])cc2)C(C(=O)NCCCN2CCC(O)(c3ccccc3)CC2)=C(C)N1,5.33
CHEMBL151668,COC(=O)C1(c2ccccc2)CCN(CCCNC(=O)C2=C(C)NC(C)=C(C(=O)O)C2c2ccc([N+](=O)[O-])cc2)CC1,4.54
CHEMBL151825,COC(=O)C1(c2ccccc2)CCN(CCCNC(=O)C2=C(C)N=C(C)/C(=C(/O)OCCC#N)C2c2ccc([N+](=O)[O-])cc2)CC1,6.12
CHEMBL151878,CCOC(=O)C1(c2ccccc2)CCN(CCCNC(=O)C2=C(C)NC(C)=C(C(N)=O)C2c2ccc([N+](=O)[O-])cc2)CC1,5.3
CHEMBL1548,NC1=Nc2ccc(Cl)c(Cl)c2CN1,5.9
CHEMBL158627,CS(=O)(=O)Oc1ccc2c(c1)CN(CC[C@H]1CC[C@H](NC(=O)/C=C/c3ccc(F)cc3)CC1)C2,5.9
CHEMBL1642866,Cl.O=C(Nc1ccc2[nH]nc(S(=O)(=O)c3cccc4ccccc34)c2c1)C1CCNCC1,5.87
CHEMBL1642882,Cl.O=S(=O)(c1cccc(Cl)c1)c1n[nH]c2ccc(NC3CCNCC3)cc12,6.39
CHEMBL1642886,CC(C)c1ccc(S(=O)(=O)c2n[nH]c3ccc(NC4CCNCC4)cc23)cc1.Cl,5.83
CHEMBL1644978,OC1(c2ccc(Cl)c(C(F)(F)F)c2)CCN(CCCCC(c2ccc(F)cc2)c2ccc(F)cc2)CC1,6.07
CHEMBL1644980,OC1(c2ccc(Cl)c(C(F)(F)F)c2)CCN(CCCC(c2ccccc2)c2ccccc2)CC1,6.2
CHEMBL173656,CC1CCC(C)N1CCc1c[nH]c2ccc(-c3cccs3)cc12,8.6
CHEMBL1788231,CC1CCN(CC[C@H]2CCCCN2S(=O)(=O)c2cccc3ccccc23)CC1,6.3
CHEMBL182837,Cc1cc(Br)cc(C)c1N=C1NCCN1,7.27
CHEMBL187928,O=C(/C=C/c1ccccc1)N(Cc1ccc(-c2ccc(CNCCc3ccccc3)cc2)cc1)Cc1cccnc1.O=C(O)C(F)(F)F,5.9
CHEMBL187952,Cc1ccc2c(OCC(C)N3CCC(Cc4ccc5c(c4)NC(=O)CO5)CC3)cccc2n1,6.6
CHEMBL187952,CN1CCC(C2CNc3ccc(NC(=O)c4ccc(F)cc4)cc32)CC1,5.64
CHEMBL188486,CN(C)CCN(Cc1ccc(-c2ccc(CNCCc3ccccc3)cc2)cc1)C(=O)/C=C/c1ccccc1.O=C(O)C(F)(F)F,6.8
CHEMBL190190,Cc1ccc2c(OCCN3CCN(Cc4cccc5cc[nH]c45)CC3)cccc2n1,8.5
CHEMBL190298,Cc1ccc2c(OCCN3CCN(Cc4cccc5[nH]cnc45)CC3)cccc2n1,9.6
CHEMBL191460,CN(C)CCN(Cc1ccc(-c2ccc(CNCCc3ccccc3)cc2)cc1)C(=O)CCC1CCCC1.O=C(O)C(F)(F)F.O=C(O)C(F)(F)F,6.4
CHEMBL191605,Cc1ccc2c(OCCN3CCN(Cc4ccc(C)c([N+](=O)[O-])c4)CC3)cccc2n1,8.7
CHEMBL191895,Cc1ccc2c(OCCN3CCN(Cc4ccc(O)c(N)c4)CC3)cccc2n1,8.8
CHEMBL191921,Cc1ccc2c(OCCN3CCN(Cc4cccc5ncccc45)CC3)cccc2n1,8.6
CHEMBL191980,Cc1ccc2c(OCCN3CCN(Cc4ccc(Cl)c(Cl)c4)CC3)cccc2n1,5.6
CHEMBL192176,Cc1ccc2c(OCCN3CCN(CN4C=CC5=CC(=O)CC=C5O4)CC3)cccc2n1,8.0
CHEMBL192536,Cc1ccc2c(OCCN3CCN(Cc4ccc(F)c([N+](=O)[O-])c4)CC3)cccc2n1,8.1
CHEMBL193268,COc1ccc(CN2CCN(CCOc3cccc4nc(C)ccc34)CC2)cc1[N+](=O)[O-],7.7
CHEMBL193616,COc1cc2c(cc1N1C[C@H](C)N[C@H](C)C1)N(C(=O)c1ccc(-c3cc(C)ncc3C)cc1)CC2,6.3
CHEMBL194610,COc1cc2c(cc1N1C[C@H](C)N(C)[C@H](C)C1)N(C(=O)c1cccc(Cl)c1)CC2,6.6
CHEMBL195114,COc1cc2c(cc1N1CCN(C)CC1)N(C(=O)c1ccc(-c3cccc(C)n3)c3ccccc13)CC2,7.6
CHEMBL195432,COc1cc2c(cc1N1CCN(C)CC1)N(C(=O)Nc1cccc(Cl)c1Cl)CC2,7.9
CHEMBL195497,COc1cc2c(cc1N1C[C@H](C)N(C)[C@H](C)C1)N(C(=O)c1ccc(-c3cccc(C)n3)c3ccccc13)CC2,7.0
CHEMBL195651,COc1cc2c(cc1N1C[C@H](C)N(C)[C@H](C)C1)N(C(=O)Cc1cccc(F)c1C(F)(F)F)CC2,6.7
CHEMBL195897,COc1cc2c(cc1N1C[C@H](C)N[C@H](C)C1)N(C(=O)c1ccc(-c3cccc(C)n3)c3ccccc13)CC2,6.9
CHEMBL195898,COc1cc2c(cc1N1C[C@H](C)N(C)[C@H](C)C1)N(C(=O)Cc1cccc(Cl)c1F)CC2,7.0
CHEMBL196600,COc1cc2c(cc1N1C[C@H](C)N(C)[C@H](C)C1)N(C(=O)Cc1cccc(C(F)(F)F)c1F)CC2,6.9
CHEMBL196666,COc1cc2c(cc1N1C[C@H](C)N[C@H](C)C1)N(C(=O)c1ccc(-c3ccc(-c4noc(C)n4)cc3C)cc1)CC2,6.6
CHEMBL196848,COc1cc2c(cc1N1C[C@H](C)N(C)[C@H](C)C1)N(C(=O)c1ccc(-c3ccccc3C)cc1)CC2,7.8
CHEMBL196951,COc1cc2c(cc1N1C[C@H](C)N[C@H](C)C1)N(C(=O)c1ccc(-c3ccc(C(C)=O)cc3C)cc1)CC2,6.4
CHEMBL197505,COc1cc2c(cc1N1C[C@H](C)N(C)[C@H](C)C1)N(C(=O)Oc1cccc(C(F)(F)F)c1F)CC2,7.5
CHEMBL197982,C[C@@H]1CN(c2cccc3cc(F)ccc23)CCN1CCC1OCCc2c1sc(C(N)=O)c2Cl,7.35
CHEMBL2021524,CCCN[C@H]1CCc2cccc(CS(=O)(=O)C(F)(F)F)c2C1.Cl,6.8
CHEMBL2021538,CCCN[C@H]1CCc2c(cccc2CS(=O)(=O)C(F)(F)F)C1.Cl,7.2
CHEMBL2021539,CCCN[C@@H]1CCc2cccc(CS(=O)(=O)C(F)(F)F)c2C1.Cl,8.17
CHEMBL2110366,Cl.N#Cc1ccc2c(c1)CCN(CC[C@H]1CC[C@H](NC(=O)c3ccnc4ccccc34)CC1)C2,5.9
CHEMBL2112307,NC(=O)c1ccc2c(c1)CCOC2CCN1CC=C(c2ccc(F)c3ccoc23)CC1,7.57
CHEMBL2112317,CCCN(CCCCN1C(=O)CC(C)(C)CC1=O)[C@H]1CCc2ccc3[nH]cc(C=O)c3c2C1.O,6.6
CHEMBL2113061,Cc1ccc2c(OCCN3CCN(Cc4ccc5[nH]ccc5c4)CC3)cccc2n1,8.5
CHEMBL2113097,COc1cc2c(cc1N1CCN(C)CC1)N(C(=O)Cc1cccc([N+](=O)[O-])c1)CC2,7.5
CHEMBL2113098,COc1cc2c(cc1N1C[C@H](C)N(C)[C@H](C)C1)N(C(=O)Cc1cccc([N+](=O)[O-])c1)CC2,6.6
CHEMBL2113347,Cl.N#Cc1ccc2c(c1)CN(CC[C@H]1CC[C@H](NC(=O)c3cc4ccccc4[nH]3)CC1)CC2,7.0
CHEMBL2113348,Cl.N#Cc1ccc2c(c1)CCN(CC[C@H]1CC[C@H](NC(=O)c3ccc4ccccc4c3)CC1)C2,7.0
CHEMBL2113350,Cl.N#Cc1ccc2c(c1)CN(CC[C@H]1CC[C@H](NC(=O)/C=C/c3ccccc3)CC1)CC2,7.0
CHEMBL2113352,CS(=O)(=O)c1cccc(/C=C/C(=O)N[C@H]2CC[C@H](CCN3CCc4cc(C#N)ccc4C3)CC2)c1.Cl,5.4
CHEMBL2260920,CNCCOc1cccc(Cl)c1Cl.O=C(O)C(=O)O,5.69
CHEMBL2260921,CNCCOc1ccc(Cl)cc1Cl.O=C(O)C(=O)O,6.01
CHEMBL2260922,CNCCOc1cc(Cl)ccc1Cl.O=C(O)C(=O)O,5.42
CHEMBL2260923,CNCCOc1ccc(Br)cc1Br.O=C(O)C(=O)O,5.91
CHEMBL2260925,CNC(C)COc1cccc(Cl)c1Cl.O=C(O)C(=O)O,6.22
CHEMBL2260926,CNC(C)COc1ccc(Cl)cc1Cl.O=C(O)C(=O)O,5.54
CHEMBL2260927,CNC(C)COc1cc(Cl)ccc1Cl.O=C(O)C(=O)O,5.27
CHEMBL2260928,CNC(C)COc1ccc(Br)cc1Br.O=C(O)C(=O)O,5.95
CHEMBL2260929,CNC(C)COc1c(Br)cccc1Br.O=C(O)C(=O)O,6.65
CHEMBL2260930,CNC(C)COc1cccc(Oc2ccccc2)c1.O=C(O)C(=O)O,6.41
CHEMBL2260931,CN[C@@H](COc1cccc(Cl)c1Cl)c1ccccc1.O=C(O)C(=O)O,5.2
CHEMBL2260932,CN[C@H](COc1cccc(Cl)c1Cl)c1ccccc1.O=C(O)C(=O)O,5.11
CHEMBL2260933,CN1CCN([C@@H](COc2cccc(Cl)c2Cl)c2ccccc2)CC1.O=C(O)C(=O)O,5.83
CHEMBL2260934,CN1CCN([C@H](COc2cccc(Cl)c2Cl)c2ccccc2)CC1.O=C(O)C(=O)O,5.26
CHEMBL234447,C[C@@H]1CN(c2cccc3cc(F)ccc23)CCN1CCC1OCCc2cc(C(N)=O)ccc21,7.25
CHEMBL2368611,Cl.N#Cc1ccc2c(c1)CCN(CC[C@H]1CC[C@H](NC(=O)/C=C/c3ccc(F)cc3)CC1)C2,6.2
CHEMBL2368612,Cl.N#Cc1ccc2c(c1)CCN(CC[C@H]1CC[C@H](NC(=O)/C=C/c3ccccc3)CC1)C2,6.5
CHEMBL238519,Cc1ccc2c(OCCN3CCC(Cc4ccc5c(c4F)NC(=O)CO5)CC3)cc(Cl)cc2n1,6.2
CHEMBL238520,Cc1ccc2c(OCCN3CCC(Cc4cc5c(cc4F)OCC(=O)N5)CC3)cc(F)cc2n1,6.6
CHEMBL238730,Cc1ccc2c(OCCN3CCC(Cc4cc(F)c5c(c4)NC(=O)CO5)CC3)cc(F)cc2n1,7.1
CHEMBL238732,Cc1ccc2c(OCCN3CCC(Cc4cc(F)c5c(c4)NC(=O)CO5)CC3)cc(Cl)cc2n1,6.2
CHEMBL239166,Cc1ccc2c(OCCN3CCC(Cc4ccc5c(c4)NC(=O)CO5)CC3)cc(Cl)cc2n1,6.1
CHEMBL239167,Cc1ccc2c(OCCN3CCC(Cc4ccc5c(c4)NC(=O)CO5)CC3)cc(C#N)cc2n1,6.6
CHEMBL239168,Cc1ccc2c(OCCN3CCC(Cc4cc5c(cc4F)OCC(=O)N5)CC3)cccc2n1,8.5
CHEMBL241463,Cc1ccc2c(OCCN3CCC(Cc4cc(F)c5c(c4)NC(=O)CO5)CC3)cccc2n1,9.4
CHEMBL241499,Cc1ccc2c(OCCN3CCC(Cc4ccc5c(c4)NC(=O)CO5)CC3)ccc(F)c2n1,7.1
CHEMBL241500,Cc1ccc2c(OCCN3CCC(Cc4ccc5c(c4)NC(=O)CO5)CC3)ccc(Cl)c2n1,7.2
CHEMBL241503,Cc1ccc2c(OCCN3CCC(Cc4ccc5c(c4F)NC(=O)CO5)CC3)cccc2n1,9.1
CHEMBL2436555,Cl.NC1=Nc2ccc(Cl)cc2CN1,6.17
CHEMBL24474,Nc1ccc(S(=O)(=O)c2cc(Br)nc(N3CCNCC3)c2)cc1,5.95
CHEMBL246597,Cc1ccc2c(OCCN3CCC(Cc4ccc5c(c4)N(C)C(=O)CO5)CC3)cccc2n1,8.6
CHEMBL246598,CCN1C(=O)COc2ccc(CC3CCN(CCOc4cccc5nc(C)ccc45)CC3)cc21,8.8
CHEMBL246599,CCCN1C(=O)COc2ccc(CN3CCN(CCOc4cccc5nc(C)ccc45)CC3)cc21,8.7
CHEMBL247428,Cc1ccc2c(OCCN3CCN(Cc4cc(F)c5c(c4)N(C)C(=O)CO5)CC3)cccc2n1,9.4
CHEMBL247609,Cc1ccc2c(OCCN3CCN(Cc4ccc5c(c4F)N(C)C(=O)CO5)CC3)cccc2n1,9.3
CHEMBL248229,CCCCN1C(=O)COc2ccc(CN3CCN(CCOc4cccc5nc(C)ccc45)CC3)cc21,8.5
CHEMBL248230,Cc1ccc2c(OCCN3CCN(Cc4ccc5c(c4)N(CC(C)C)C(=O)CO5)CC3)cccc2n1,8.6
CHEMBL248231,Cc1ccc2c(OCCN3CCN(Cc4ccc5c(c4)N(Cc4ccccc4)C(=O)CO5)CC3)cccc2n1,8.2
CHEMBL248407,Cc1ccc2c(OCCN3CCN(Cc4ccc5c(c4)N(CCc4ccccc4)C(=O)CO5)CC3)cccc2n1,8.7
CHEMBL248456,Cc1ccc2c(OCCN3CCC(Cc4ccc5c(c4)N(C(C)C)C(=O)CO5)CC3)cccc2n1,8.4
CHEMBL248457,Cc1ccc2c(OCCN3CCN(Cc4ccc5c(c4)NC(=O)CO5)CC3)cccc2n1,8.0
CHEMBL248458,CCN1C(=O)COc2ccc(CN3CCN(CCOc4cccc5nc(C)ccc45)CC3)cc21,9.0
CHEMBL257744,COc1c(Cl)ccc2c1C(C)NC(NCC(F)F)=N2,5.74
CHEMBL258073,COc1c(Cl)ccc2c1C(C)NC(N)=N2,5.94
CHEMBL258075,CC(C)Oc1cccc2c1N=C(N)NC2C,7.16
CHEMBL261917,CC(C)(C)c1ccc(S(=O)(=O)Nc2ccc3nccc(N4CCNCC4)c3c2)cc1,5.9
CHEMBL26533,COc1ccccc1N1CCN(CCCCNC(=O)C23C[C@H]4C[C@@H](C2)C[C@@H](C3)C4)CC1,6.34
CHEMBL269964,CNC1=Nc2cccc(Cl)c2C(C)N1,5.84
CHEMBL270177,CC1NC(N)=Nc2cccc(Cl)c21,5.9
CHEMBL271298,CNC1=Nc2ccc(Cl)c(Cl)c2C(C)N1,6.34
CHEMBL272781,CC1NC(N)=Nc2c(Cl)ccc(Cl)c21,6.01
CHEMBL273170,CC1NC(N)=Nc2ccc(Cl)c(Cl)c21,6.58
CHEMBL273921,O=C1c2ccccc2CCCN1CCN1CCC(n2c(O)nc3cc(F)ccc32)CC1,5.62
CHEMBL274256,COc1cc2c(cc1N1C[C@H](C)N(C)[C@H](C)C1)N(C(=O)c1ccc(-c3ccc(-c4noc(C)n4)cc3C)cc1)CC2,7.8
CHEMBL275854,CC(N)Cc1c[nH]c2ccc(O)cc12,6.82
CHEMBL279436,CC1=C(C(N)=O)C(c2ccc([N+](=O)[O-])cc2)C(C(=O)NCCCN2CCC(c3ccccc3)(c3ccccc3)CC2)=C(C)N1,6.22
CHEMBL282199,CC1CCN(CC[C@H]2CCCN2S(=O)(=O)c2cccc(O)c2)CC1,5.8
CHEMBL282971,COc1ccc(NS(=O)(=O)c2sc3ccc(Cl)cc3c2C)cc1N1CCN2CCC[C@@H]2C1,6.9
CHEMBL28313,CCCNC1CCc2cccc(OS(=O)(=O)C(F)(F)F)c2C1,7.82
CHEMBL28437,CCCN(CCC)C1CCc2cccc(OS(=O)(=O)C(F)(F)F)c2C1,7.92
CHEMBL292759,COc1ccc(NS(=O)(=O)c2ccc(Br)cc2)cc1N1CCN(C)CC1,6.6
CHEMBL29410,COc1ccc(NS(=O)(=O)c2sc3ccc(Cl)cc3c2C)cc1N1CCN2CCCCC2C1,6.5
CHEMBL29433,COc1ccc(NS(=O)(=O)c2sc3ccc(Cl)cc3c2C)cc1N1CCN2CCC[C@H]2C1,7.0
CHEMBL294649,Cn1cc(C(=O)C(=O)N[C@H]2CN3CCC2CC3)c2ccccc21,4.4
CHEMBL29846,COc1ccc(NS(=O)(=O)c2sc3ccc(Cl)cc3c2C)cc1N1CCN(C)CC1,6.7
CHEMBL29951,CCCN(CCC)C1CCc2cccc(OCCCCCCOc3cccc4c3CC(N(CCC)CCC)CC4)c2C1,8.41
CHEMBL302263,CCCN(CCC)C1CCc2ccc3[nH]cc(C(=O)C(F)(F)F)c3c2C1,6.95
CHEMBL302373,CCCNC1CCc2cc(F)ccc2C1,6.23
CHEMBL303021,CCCN(CCC)C1CCc2ccc3[nH]cc(Cl)c3c2C1,7.64
CHEMBL303269,CCCN(CCC)C1CCc2ccc3[nH]cc(S(C)(=O)=O)c3c2C1,7.28
CHEMBL303921,CCCN(CCCOc1cccc(Cl)c1)C1CCc2ccc3[nH]cc(C=O)c3c2C1,8.29
CHEMBL304426,CCCN(CCC)C1CCc2ccc3[nH]cc(C=O)c3c2C1,6.76
CHEMBL304767,CCCN(CCc1ccccc1)C1CCc2ccc3[nH]cc(C=O)c3c2C1,8.55
CHEMBL305743,CCCN(CCC)C1CCc2cc(F)c3[nH]ccc3c2C1,7.96
CHEMBL305837,CCCN(CCCc1ccccc1OC)C1CCc2ccc3[nH]cc(C=O)c3c2C1,8.47
CHEMBL305976,CCCNC1CCc2ccc3[nH]ccc3c2C1,7.16
CHEMBL306197,CCCN(CCCc1ccccc1OC)C1CCc2ccc3[nH]ccc3c2C1,8.6
CHEMBL306869,CCCN(CCC)C1CCc2ccc3[nH]cc(SC)c3c2C1,7.75
CHEMBL30713,CC(N)Cc1c[nH]c2ccccc12,5.75
CHEMBL309121,C=CCN(CCC)C1CCc2ccc3[nH]ccc3c2C1,7.46
CHEMBL309872,NC(=O)c1ccc2c(c1)CCOC2CCN1CC=C(c2c[nH]c3cc(Cl)ccc23)CC1,6.84
CHEMBL310082,NC(=O)c1ccc2c(c1)CCOC2CCN1CC=C(c2ccc3cc(F)ccc3c2)CC1,7.15
CHEMBL310744,NC(=O)c1ccc2c(c1)CCOC2CCN1CCN(c2c[nH]c3cc(F)ccc23)CC1,7.13
CHEMBL311323,Cn1cc(C2=CCN(CCC3OCCc4cc(C(N)=O)ccc43)CC2)c2ccc(F)cc21,7.19
CHEMBL311694,N#Cc1cccc2c(C3=CCN(CCC4OCCc5cc(C(N)=O)ccc54)CC3)c[nH]c12,6.89
CHEMBL311787,C[C@H]1CC(c2c[nH]c3cc(F)ccc23)CCN1CCC1OCCc2cc(C(N)=O)ccc21,7.55
CHEMBL312525,CCCNC1CCc2ccc3[nH]cc(C=O)c3c2C1,7.57
CHEMBL313452,NC(=O)c1ccc2c(c1)CCOC2CCN1CC=C(c2c[nH]c3cc(C(F)(F)F)ccc23)CC1,6.91
CHEMBL316081,Cc1c(S(=O)(=O)Nc2ccc3nccc(N4CCN(C)CC4)c3c2)sc2ccc(Cl)cc12,6.6
CHEMBL318018,Cc1sc2ccc(Cl)cc2c1S(=O)(=O)Nc1ccc2nccc(N3CCNCC3)c2c1,6.4
CHEMBL3217984,CN1CCC2C(C1)c1cccc3c1N2c1ccccc1CS3,7.2
CHEMBL321818,Cc1ccccc1N1CCN(C(=O)COc2ccc3[nH]cc(CCN)c3c2)CC1.O=C(O)/C=C/C(=O)O,8.7
CHEMBL323705,CN1CCC[C@@H]1Cc1c[nH]c2ccc(C3=CCN(/C(S)=N/C45C[C@H]6C[C@@H](C4)C[C@@H](C5)C6)CC3)cc12,8.25
CHEMBL323986,COc1ccc(NC(=O)N2CCN(c3ccc(C)cc3C)CC2)cc1N1CCN(C)CC1.O=C(O)/C=C/C(=O)O,7.06
CHEMBL325131,COc1ccc(NC(=O)N2CCN(c3ccccc3)CC2)cc1N1CCN(C)CC1.O=C(O)/C=C/C(=O)O,6.47
CHEMBL325359,COc1ccc(NC(=O)N2CCN(c3cccc4c3CCCC4)CC2)cc1N1CCN(C)CC1.O=C(O)/C=C/C(=O)O,7.58
CHEMBL332484,CN1CCC[C@@H]1Cc1c[nH]c2ccc(C3=CCN(C(=O)NC45C[C@H]6C[C@@H](C4)C[C@@H](C5)C6)CC3)cc12,8.4
CHEMBL333784,CC1CCN(CC[C@H]2CCCN2S(=O)(=O)c2ccc(Cl)c(Cl)c2)CC1,6.2
CHEMBL339308,COc1ccc(NC(=O)c2ccc(-c3ccc(C4=NC(C)ON4)cc3C)cc2)cc1N1CCN(C)CC1,9.13
CHEMBL343755,C[C@H]1C[C@H](C)N1C(=O)[C@@H]1C=C2c3cccc4[nH]cc(c34)CC2N(C)C1,8.62
CHEMBL346649,CCO/C(O)=C1\C(C)=NC(C)=C(C(=O)NCCCN2CCC(C(=O)OC)(c3ccccc3)CC2)C1c1ccc([N+](=O)[O-])cc1,6.13
CHEMBL347499,CCOC(=O)C1(c2ccccc2)CCN(CCCNC(=O)C2=C(C)NC(C)=C(C(C)=O)C2c2ccc([N+](=O)[O-])cc2)CC1,5.72
CHEMBL347501,COC(=O)C1(c2ccccc2)CCN(CCCNC(=O)C2=C(C)N=C(C)/C(=C(/O)OCCO)C2c2ccc([N+](=O)[O-])cc2)CC1,5.73
CHEMBL347522,CC(=O)C1(c2ccccc2)CCN(CCCNC(=O)C2=C(C)NC(C)=C(C(N)=O)C2c2ccc([N+](=O)[O-])cc2)CC1,5.42
CHEMBL347559,CC1=C(C(N)=O)C(c2ccc([N+](=O)[O-])cc2)C(C(=O)NCCCN2CCC(C#N)(c3ccccc3)CC2)=C(C)N1,5.56
CHEMBL355910,CCOC(=O)C1(c2ccccc2)CCN(CCCNC(=O)C2=C(C)NC(C)=C(C(=O)NC)C2c2ccc([N+](=O)[O-])cc2)CC1,5.25
CHEMBL356623,CC1=C(C(N)=O)C(c2ccc([N+](=O)[O-])cc2)C(C(=O)NCCCN2CCC(C(=O)OCCO)(c3ccccc3)CC2)=C(C)N1,4.96
CHEMBL356829,COC(=O)C1(c2ccccc2)CCN(CCCNC(=O)C2=C(C)NC(C)=C(C(N)=O)C2c2ccc([N+](=O)[O-])cc2)CC1,5.34
CHEMBL356923,CNC(=O)C1=C(C)NC(C)=C(C(=O)NCCCN2CCC(CN(C)C)(c3ccccc3)CC2)C1c1ccc([N+](=O)[O-])cc1,4.29
CHEMBL357061,COCCOC(=O)C1(c2ccccc2)CCN(CCCNC(=O)C2=C(C)NC(C)=C(C(N)=O)C2c2ccc([N+](=O)[O-])cc2)CC1,5.5
CHEMBL357681,CCNC(=O)C1=C(C)NC(C)=C(C(=O)NCCCN2CCC(C(=O)OC)(c3ccccc3)CC2)C1c1ccc([N+](=O)[O-])cc1,5.32
CHEMBL358253,CNC(=O)C1=C(C)NC(C)=C(C(=O)NCCCN2CCC(c3ccccc3)CC2)C1c1ccc([N+](=O)[O-])cc1,6.2
CHEMBL358406,CC1=C(C(N)=O)C(c2ccc([N+](=O)[O-])cc2)C(C(=O)NCCCN2CCC(C(=O)Oc3ccccc3)(c3ccccc3)CC2)=C(C)N1,6.23
CHEMBL359375,CC1=C(C(N)=O)C(c2ccc([N+](=O)[O-])cc2)C(C(=O)NCCCN2CCC(C)(c3ccccc3)CC2)=C(C)N1,5.71
CHEMBL362992,Cc1ccc2c(OCCN3CCN(Cc4cccc5ncncc45)CC3)cccc2n1,8.6
CHEMBL363413,Cc1ccc2c(OCCN3CCN(Cc4cc(Cl)ccc4Cl)CC3)cccc2n1,8.4
CHEMBL364056,COc1cc2c(cc1N1C[C@H](C)N[C@H](C)C1)N(C(=O)c1ccc(-c3ccc(-c4ncccn4)cc3C)cc1)CC2,6.6
CHEMBL364495,Cc1ccc2c(OCCN3CCN(Cc4ccc(Cl)c([N+](=O)[O-])c4)CC3)cccc2n1,8.3
CHEMBL365810,Cc1ccc2c(OCCN3CCN(Cc4ccc(O)c([N+](=O)[O-])c4)CC3)cccc2n1,8.0
CHEMBL370214,COc1cc2c(cc1N1C[C@H](C)N(C)[C@H](C)C1)N(C(=O)Nc1cccc(C(F)(F)F)c1Cl)CC2,7.3
CHEMBL3706923,C[C@H]1CN(c2cccc3cc(F)ccc23)CCN1CC[C@@H]1OCc2cc(C(N)=O)ccc21,7.85
CHEMBL3706924,C[C@H]1CN(c2cccc3cc(F)ccc23)CCN1CC[C@H]1OCc2cc(C(N)=O)ccc21,7.17
CHEMBL3706925,C[C@H]1CN(c2cccc3cc(C#N)ccc23)CCN1CC[C@H]1OCc2cc(C(N)=O)ccc21,8.74
CHEMBL370896,COc1cc2c(cc1N1C[C@H](C)N(C)[C@H](C)C1)N(C(=O)c1cccc(Cl)c1Cl)CC2,6.6
CHEMBL371655,CCCN1[C@@H](C)CN(c2cc3c(cc2OC)CCN3C(=O)c2ccc(-c3cccc(C)n3)c3ccccc23)C[C@H]1C,6.8
CHEMBL372731,COc1cc2c(cc1N1C[C@H](C)N(C)[C@H](C)C1)N(C(=O)Oc1cccc(C(F)(F)F)c1Cl)CC2,7.6
CHEMBL3735756,COc1ccc(CCN(CCCc2ccccc2)CCc2ccc3c(c2)OCO3)cc1OC,6.35
CHEMBL3752576,C=CCN(CC=C)CCc1c[nH]c2ccccc12,6.16
CHEMBL3752900,C=CCN(CC=C)CCc1c[nH]c2ccc(Cl)cc12,6.67
CHEMBL3753318,C=CCN(CC=C)CCc1c[nH]c2ccc(C)cc12,6.4
CHEMBL3754166,C=CCN(CC=C)CCc1c[nH]c2ccc(Br)cc12,6.9
CHEMBL3754496,C=CCN(CC=C)CCc1c[nH]c2ccc(F)cc12,6.12
CHEMBL3763779,COc1ccccc1N1CCN(CCCCC(=O)n2c3ccccc3c3ccccc32)CC1.Cl,6.33
CHEMBL3764133,Cl.O=C(CCCCN1CCN(c2ccccc2O)CC1)n1c2ccccc2c2ccccc21,5.85
CHEMBL3764335,Cl.O=C(CCCCCN1CCN(c2ccccc2O)CC1)n1c2ccccc2c2ccccc21,7.55
CHEMBL3764650,COc1ccccc1N1CCN(CCCCCC(=O)n2c3ccccc3c3ccccc32)CC1.Cl,5.89
CHEMBL3770106,CCOC(=O)c1cccc(NC2=NC(N)=NC3(CCCCC3)N2)c1,5.07
CHEMBL3770342,NC1=NC2(CCCCC2)NC(Nc2cccc(Br)c2)=N1,5.54
CHEMBL3770981,CCOC(=O)c1cccc(NC2=NC(N(C)C)=NC3(CCCCC3)N2)c1,5.42
CHEMBL381035,COc1cc2c(cc1N1C[C@H](C)N(C)[C@H](C)C1)N(C(=O)Nc1cccc(Cl)c1F)CC2,6.7
CHEMBL391033,Cc1ccc2c(OCCN3CCC(Cc4ccc5c(c4)NC(=O)CO5)CC3)c(F)ccc2n1,8.6
CHEMBL391661,Cc1ccc2c(OCCN3CCC(Cc4cc5c(cc4F)OCC(=O)N5)CC3)cc(Cl)cc2n1,6.1
CHEMBL393539,Cc1ccc2c(OCCN3CCC(Cc4ccc5c(c4F)NC(=O)CO5)CC3)cc(F)cc2n1,7.0
CHEMBL399719,Cc1ccc2c(OCCN3CCN(Cc4ccc5c(c4)N(C)C(=O)CO5)CC3)cccc2n1,9.3
CHEMBL401745,COc1cc(Cl)c(C)c2c1N=C(N)NC2C,6.84
CHEMBL402143,COc1c(OCCF)cccc1C(O)C1CCN(CCc2ccc(F)cc2)CC1,6.15
CHEMBL402179,CNC1=Nc2c(OC(C)C)cccc2C(C)N1,6.8
CHEMBL404248,COc1cccc2c1N=C(NCC(F)F)NC2C,6.13
CHEMBL404511,CC1NC(NCC(F)F)=Nc2cccc(Cl)c21,5.86
CHEMBL408152,COc1cccc2c1N=C(N)NC2C,6.35
CHEMBL413105,CN(C)C1CCc2ccc3[nH]ccc3c2C1,7.92
CHEMBL41844,COC(=O)C1(c2ccccc2)CCN(CCCNC(=O)C2=C(C)N=C(C)/C(=C(/O)OC)C2c2ccc([N+](=O)[O-])cc2)CC1,5.94
CHEMBL420191,CCCN(Cc1ccccc1)C1CCc2ccc3[nH]cc(C=O)c3c2C1,7.48
CHEMBL4202582,C[C@@H]1SC(c2c[nH]c3ccccc23)=N[C@H]1CO,5.57
CHEMBL4204036,C[C@@H]1SC(c2ccccc2)=N[C@@H]1Cc1c[nH]cn1,5.8
CHEMBL4204576,C[C@@H]1SC(c2ccccc2)=N[C@H]1Cc1c[nH]cn1,6.1
CHEMBL4205064,Oc1ccccc1C1=NC(Cc2c[nH]cn2)CS1,5.72
CHEMBL4206418,C[C@@H]1SC(c2ccccc2)=N[C@H]1CO,5.28
CHEMBL420748,CCCN(CCCOc1cccc(Cl)c1)C1CCc2ccc3[nH]ccc3c2C1,7.89
CHEMBL4207529,COC(=O)[C@H](Cc1cnc[nH]1)NC(=O)[C@@H]1N=C(c2ccccc2O)S[C@@H]1C,6.28
CHEMBL4207884,Clc1ccc(-c2n[nH]c3c2CCNCC3)cc1,5.67
CHEMBL4209274,Fc1ccc(-c2n[nH]c3c2CCNCC3)cc1,6.2
CHEMBL4209942,Oc1ccccc1C1=NC(Cc2c[nH]cn2)C(c2ccccc2)S1,5.66
CHEMBL4210782,Cc1ccc(-c2n[nH]c3c2CCNCC3)cc1,6.78
CHEMBL4212246,CCCCOc1ccc(C2=N[C@@H](CO)[C@H](C)S2)cc1,5.01
CHEMBL4212435,C[C@@H]1SC(c2ccccc2O)=N[C@H]1Cc1c[nH]cn1,5.7
CHEMBL4215741,CNc1ccccc1C1=N[C@@H](CO)[C@H](C)S1,5.07
CHEMBL4215875,Cc1ccc(-c2noc3c2CCNCC3)cc1,6.83
CHEMBL4216860,COC(=O)[C@H](Cc1cnc[nH]1)NC(=O)[C@H]1N=C(c2ccccc2O)S[C@@H]1C,5.48
CHEMBL4218679,C[C@@H]1SC(c2ccsc2)=N[C@H]1CO,5.07
CHEMBL423127,CCCN(CCCCN1C(=O)CC(C)(C)CC1=O)C1CCc2ccc3[nH]cc(C=O)c3c2C1,8.01
CHEMBL424837,COc1cc2c(cc1N1C[C@H](C)N(C)[C@H](C)C1)N(C(=O)Nc1cccc(C(F)(F)F)c1F)CC2,6.8
CHEMBL425919,COc1cc2c(cc1N1C[C@H](C)N[C@H](C)C1)N(C(=O)c1ccc(-c3ccc(N4CCCC4=O)nc3C)cc1)CC2,6.4
CHEMBL4278465,OC1(c2ccc(Cl)c(C(F)(F)F)c2)CCN(CCCCN(c2ccc(F)cc2)c2ccc(F)cc2)CC1,5.97
CHEMBL4282702,OC1(c2ccc(Cl)c(C(F)(F)F)c2)CCN(CCCCCc2ccc(F)cc2)CC1,5.35
CHEMBL4285281,COc1cc2c3c(c1OC)-c1ccccc1[C@@H](O)[C@@H]3NCC2,6.07
CHEMBL4291048,OC1(c2ccc(Cl)c(C(F)(F)F)c2)CCN(CCCN(c2ccc(F)cc2)c2ccc(F)cc2)CC1,6.12
CHEMBL429136,CC1NC(NCC(F)F)=Nc2ccc(Cl)c(Cl)c21,6.2
CHEMBL4293307,COc1ccc(N(CCCCN2CCC(O)(c3ccc(Cl)c(C(F)(F)F)c3)CC2)c2ccc(OC)cc2)cc1,5.0
CHEMBL430500,COc1ccc(NC(=O)N2CCN(c3ccccc3OC)CC2)cc1N1CCN(C)CC1.O=C(O)/C=C/C(=O)O,7.05
CHEMBL431298,COc1ccc(NS(=O)(=O)c2sc3ccc(Cl)cc3c2C)cc1N1CCNCC1,6.6
CHEMBL434355,CCN1[C@@H](C)CN(c2cc3c(cc2OC)CCN3C(=O)c2ccc(-c3cccc(C)n3)c3ccccc23)C[C@H]1C,6.9
CHEMBL435936,COc1cc2c(cc1N1C[C@H](C)N(C)[C@H](C)C1)N(C(=O)Nc1cccc(Cl)c1Cl)CC2,7.1
CHEMBL439240,CCC1NC(N)=Nc2ccc(Cl)c(Cl)c21,5.89
CHEMBL441256,CCCN(CCC)C1CCc2cc(F)c3[nH]cc(C=O)c3c2C1,8.34
CHEMBL441259,NC(=O)c1ccc2c(c1)CCOC2CCN1CC=C(c2[nH]nc3cc(F)ccc23)CC1,7.62
CHEMBL442087,Cc1ccc2c(OCCN3CCC(Cc4ccc5c(c4)NC(=O)CO5)CC3)cc(F)cc2n1,6.4
CHEMBL442974,Cn1nc(C2=CCN(CCC3OCCc4cc(C(N)=O)ccc43)CC2)c2ccc(F)cc21,7.29
CHEMBL443060,CCN1C(=O)COc2ccc(CN3CCN(CCOc4cccc5nc(C)ccc45)CC3)c(F)c21,8.9
CHEMBL444843,NC(=O)c1ccc2c(c1)CCOC2CCN1CCC(c2nsc3cc(F)ccc23)CC1,7.4
CHEMBL446459,CC(C)Oc1cccc2c1N=C(NCC(F)F)NC2C,7.09
CHEMBL467094,COc1cc2c3c(c1OC)-c1cc4c(cc1CC3N(C)CC2)OCO4,7.31
CHEMBL47050,OC1(c2ccc(Cl)c(C(F)(F)F)c2)CCN(CCCC(c2ccc(F)cc2)c2ccc(F)cc2)CC1,5.45
CHEMBL472117,FC(F)(F)c1nc2c(N3CCN(CCOc4cccc5nc(C(F)(F)F)[nH]c45)CC3)cccc2[nH]1,9.26
CHEMBL476838,COc1c(OCCF)cccc1C(O)C1CCN(CCc2ccc([N+](=O)[O-])cc2)CC1,5.47
CHEMBL476839,COc1c(OCCF)cccc1C(O)C1CCN(CCc2ccc(C)cc2)CC1,5.84
CHEMBL484386,Cc1ccc2c(OC(C)CN3CCC(Cc4ccc5c(c4)NC(=O)CO5)CC3)cccc2n1,7.1
CHEMBL494991,COc1ccc(CN2CCN(CCOc3cccc4nc(C)ccc34)CC2)cc1,7.9
CHEMBL495705,Cc1ccc2c(N3CCN(CCc4ccc5c(c4)NC(=O)CO5)CC3C)cccc2n1,9.5
CHEMBL542139,COc1ccc(NS(=O)(=O)c2sc3ccc(Cl)cc3c2C)cc1N1CCNCC1.Cl,6.6
CHEMBL545461,Cl.N/C(=N/N=C/c1c[nH]c2ccc(O)cc12)NCCc1ccc(Cl)c(Cl)c1,6.23
CHEMBL552599,Cl.O=C(/C=C/c1c[nH]c2ccccc12)NCCCCN1CCc2ccc(OS(=O)(=O)C(F)(F)F)cc2C1,7.2
CHEMBL553591,Cl.N#Cc1ccc2c(c1)CN(CCCCNC(=O)/C=C/c1c[nH]c3ccccc13)CC2,6.6
CHEMBL554220,CCCN[C@@H]1CCc2ccc(OS(=O)(=O)C(F)(F)F)cc2C1.Cl,6.9
CHEMBL56,CCCN(CCC)C1CCc2cccc(O)c2C1,6.94
CHEMBL582877,CC1(C)N=C(N)N=C(Nc2cccc(Br)c2)N1,5.58
CHEMBL65196,CCCN(CCC)C1CCc2ccc3[nH]ccc3c2C1,7.41
CHEMBL6621,CCCCCNC(=N)N/N=C/c1c[nH]c2ccc(O)cc12,8.03
CHEMBL69385,COc1ccc(N2CCN(CCC3OCCc4cc(C(N)=O)ccc43)CC2)cc1,8.07
CHEMBL69560,c1cc2c3c(ccc2[nH]1)CCC(N1CCCC1)C3,7.11
CHEMBL69562,CCCN(CCC)C1CCc2ccc3[nH]cc(C)c3c2C1,7.37
CHEMBL69729,CCCN(CC1CC1)C1CCc2ccc3[nH]ccc3c2C1,7.12
CHEMBL69943,CCCN(CCCCN1C(=O)CC(C)(C)CC1=O)C1CCc2ccc3[nH]ccc3c2C1,7.58
CHEMBL70431,CCCN(CCC)C1CCc2ccc3[nH]cc(C(=O)C(N)=O)c3c2C1,7.06
CHEMBL70589,CCCN(CCC)C1CCc2ccc3[nH]cc(C#N)c3c2C1,8.12
CHEMBL70606,CCCN(Cc1ccccc1)C1CCc2ccc3[nH]ccc3c2C1,6.72
CHEMBL70680,CCCN(CCCc1ccccc1)C1CCc2ccc3[nH]cc(C=O)c3c2C1,8.7
CHEMBL70882,CCCN(CCC)C1CCc2cc(F)c3c(ccn3C)c2C1,6.66
CHEMBL70980,c1ccc(CCCNCC2CCc3ccc4[nH]ccc4c3C2)cc1,7.2
CHEMBL70985,CCCN(CCC)C1CCc2cc(F)c3[nH]cc(C(=O)CC)c3c2C1,7.44
CHEMBL71091,CCCN(CCC)C1CCc2ccc3c(c2C1)CC(=O)N3,7.58
CHEMBL71145,CCCN(CCc1cccs1)C1CCc2ccc3[nH]ccc3c2C1,7.89
CHEMBL71299,CCCN(CCC)C1CCc2ccc3c(c(C=O)cn3C)c2C1,6.48
CHEMBL71319,CCCN(CCC)C1CCc2cc(F)c3c(c(C=O)cn3C)c2C1,6.38
CHEMBL71395,CCCN(CCC)C1CCc2ccc3[nH]cc(C(C)=O)c3c2C1,6.97
CHEMBL71409,CCCN(C)C1CCc2ccc3[nH]ccc3c2C1,6.77
CHEMBL71469,CCCN(C)C1CCc2ccc3[nH]cc(C=O)c3c2C1,7.8
CHEMBL71474,CCCN(CCC)C1CCc2cc(F)c3[nH]cc(C#N)c3c2C1,8.07
CHEMBL71640,CCCN(CC1CC1)C1CCc2ccc3[nH]cc(C=O)c3c2C1,7.62
CHEMBL71663,CCCc1c[nH]c2c(F)cc3c(c12)CC(N(CCC)CCC)CC3,8.08
CHEMBL71676,CCCN(CCC)C1CCc2c(ccc(F)c2N)C1,6.12
CHEMBL71724,COc1ccc(N2CCN(CCC3OCCc4ccccc43)CC2)cc1,8.17
CHEMBL71899,CCCN(CCC)C1CCc2ccc3[nH]cc(CC(F)(F)F)c3c2C1,7.27
CHEMBL72062,CCCN(CCc1cccs1)C1CCc2ccc3[nH]cc(C=O)c3c2C1,8.7
CHEMBL72285,CCCN(CCc1ccccc1)C1CCc2ccc3[nH]ccc3c2C1,8.13
CHEMBL73112,c1cc2c3c(ccc2[nH]1)CCC(N1CCCCCC1)C3,6.47
CHEMBL74208,CCCCC/N=C(/N)N/N=C/c1c[nH]c2ccc(O)nc12,6.58
CHEMBL75420,CCCCC/N=C(/N)N/N=C/c1c[nH]c2ccc(OC(C)C)cc12,6.54
CHEMBL76480,CCOC(=O)c1[nH]c2ccc(CCN3C(=O)CNC3=O)cc2c1CCN(C)C,5.0
CHEMBL76552,CCCCCCCN(C)C(=N)N/N=C/c1c[nH]c2ccc(O)cc12,6.06
CHEMBL77734,Oc1ccc2[nH]cc(/C=N/Nc3ncc[nH]3)c2c1,5.75
CHEMBL79561,NC(=O)c1ccc2c(c1)CCOC2CCN1CC=C(c2c[nH]c3ccc(F)cc23)CC1,6.89
CHEMBL79674,NC(=O)c1ccc2c(c1)CCOC2CCN1CCC(c2c[nH]c3cc(F)ccc23)CC1,8.08
CHEMBL79693,NC(=O)c1ccc2c(c1)CCOC2CCN1CCC(c2cccc3ccccc23)CC1,7.85
CHEMBL79725,NC(=O)c1ccc2c(c1)CCOC2CCN1CCC(c2c[nH]c3cc(F)ccc23)C1,7.4
CHEMBL79853,NC(=O)c1ccc2c(c1)CCOC2CCN1CC=C(c2noc3cc(F)ccc23)CC1,7.2
CHEMBL81191,NC(=O)c1ccc2c(c1)CCOC2CCN1CC=C(c2cccc3ccccc23)CC1,8.27
CHEMBL81703,NC(=O)c1ccc2c(c1)CCOC2CCN1CC=C(c2csc3cc(F)ccc23)CC1,7.7
CHEMBL82488,NC(=O)c1ccc2c(c1)CCOC2CCN1CC=C(c2coc3cc(F)ccc23)CC1,7.55
CHEMBL82523,NC(=O)c1ccc2c(c1)CCOC2CCN1CC=C(c2c[nH]c3c(F)c(F)ccc23)CC1,7.24
CHEMBL83112,NC(=O)c1ccc2c(c1)CCOC2CCN1CC=C(c2c[nH]c3c(F)cccc23)CC1,7.58
CHEMBL83617,NC(=O)c1ccc2c(c1)CCOC2CCN1CC=C(c2c[nH]c3cc(F)ccc23)CC1,8.1
CHEMBL83732,NC(=O)c1ccc2c(c1)CCOC2CCN1CC=C(c2cccc3ccc(F)cc23)CC1,7.58
CHEMBL84165,CN(C)CCc1c(C(=O)NCc2ccccc2)[nH]c2ccc(CCN3C(=O)CNC3=O)cc12,5.88
CHEMBL84171,COc1ccc2[nH]cc(C3=CCN(CCC4OCCc5cc(C(N)=O)ccc54)CC3)c2c1,7.51
CHEMBL84305,NC(=O)c1ccc2c(c1)CCOC2CCN1CC=C(c2c[nH]c3c(Cl)c(Cl)ccc23)CC1,6.78
CHEMBL86223,CN(C)CCc1c(C(=O)NCc2ccccc2)[nH]c2ccc(CCN3C(=O)NC(C)(C)C3=O)cc12,5.42
CHEMBL94984,CC1CCN(CC[C@H]2CCCN2S(=O)(=O)c2cccc3ccccc23)CC1,6.2
CHEMBL95104,O=S(=O)(c1ccc2cc[nH]c2c1)N1CCC[C@@H]1CCN1CCC(Oc2ccc(Cl)cc2)CC1,7.6
CHEMBL95823,Cc1c(S(=O)(=O)Nc2ccc3nccc(N4CCN[C@@H](C)C4)c3c2)sc2ccc(Cl)cc12,6.4
CHEMBL97158,Cc1c(S(=O)(=O)Nc2ccc3nccc(N4CCNCC4)c3c2)sc2ccc(Cl)cc12,6.2
CHEMBL97211,Cc1cc(N2CCNCC2)c2cc(NS(=O)(=O)c3sc4ccc(Cl)cc4c3C)ccc2n1,6.5
CHEMBL97596,O=S(=O)(Nc1ccc2nccc(N3CCNCC3)c2c1)c1ccc2c(Cl)cccc2c1,6.7
CHEMBL97637,O=S(=O)(Nc1ccc2nccc(N3CCNCC3)c2c1)c1ccc(-c2ccccc2)cc1,6.8
CHEMBL98965,CCc1c(S(=O)(=O)Nc2ccc3nccc(N4CCNCC4)c3c2)sc2ccc(Cl)cc12,5.6
ZINC000000120144,NCCc1c[nH]c2ccccc12,7.64
ZINC000029130867,NC1=Nc2cccc(Cl)c2CN1,5.44
ZINC000000066085,Cc1ccc2[nH]cc(CCN)c2c1,8.19
ZINC000005513488,Brc1ccc(CC2=NCCN2)cc1,5.36
ZINC000000057058,NCCc1c[nH]c2ccc(O)cc12,9.3
ZINC000029130549,C[C@@H]1NC(N)=Nc2cccc(Cl)c21,5.96
ZINC000000200993,CCc1ccc2[nH]cc(CCN)c2c1,8.43
ZINC000013779793,Cc1cccc(C)c1CC1=NCCN1,5.66
ZINC000002572146,Cc1[nH]c2ccc(O)cc2c1CCN,5.91
ZINC000000057163,COc1ccc2[nH]cc(CCN)c2c1,8.39
ZINC000013835982,Cc1cccc(C)c1N=C1NCCN1,5.68
ZINC000000009096,C[C@H](N)Cn1ncc2ccc(O)cc21,5.1
ZINC000003454320,Cc1cc(C(C)(C)C)cc(C)c1CCN,5.87
ZINC000013782884,CC(C)c1ccc2[nH]cc(CCN)c2c1,8.96
ZINC000013806045,CC(C)(C)c1ccc(C2=NCCN2)cc1,6.98
ZINC000013779799,CCCc1ccc(CC2=NCCN2)cc1,5.62
ZINC000013779800,CC(C)c1ccc(CC2=NCCN2)cc1,6.47
ZINC000013779802,Cc1cc(C)c(CC2=NCCN2)c(C)c1,7.14
ZINC000013779804,Cc1cc(Br)cc(C)c1CC1=NCCN1,7.13
ZINC000000000870,CC(=O)c1ccc2[nH]cc(CCN)c2c1,8.01
ZINC000000140722,COc1ccc2[nH]c(C)c(CCN)c2c1,5.97
ZINC000013779796,Cc1ccc(O)c(C)c1CC1=NCCN1,5.99
ZINC000013779797,Cc1ccc(CC2=NCCN2)c(C)c1O,5.72
ZINC000002844549,CNCCOc1cccc2ccccc12,7.47
ZINC000002539822,Clc1cc(I)cc(Cl)c1N=C1NCCN1,7.3
ZINC000019425860,Cc1cc(C(C)(C)C)cc(C)c1CC(=N)N,7.89
ZINC000003798324,CN(C)[C@@H]1CCc2ccc3[nH]ccc3c2C1,7.92
ZINC000002516045,c1ccc2c(N3CCNCC3)cccc2c1,8.21
ZINC000000017643,CC(C)(C)c1ccc2[nH]cc(CCN)c2c1,9.22
ZINC000013745601,CCc1ccc2[nH]cc(CCN(C)C)c2c1,7.8
ZINC000013779801,CCCCc1ccc(CC2=NCCN2)cc1,5.6
ZINC000013779792,CC(C)(C)c1ccc(CC2=NCCN2)cc1,6.98
ZINC000000057152,COc1ccc2[nH]cc(CCN(C)C)c2c1,7.7
ZINC000028359963,Cc1cc([N+](=O)[O-])cc(C)c1NC1=NCCN1,6.48
ZINC000002599103,CC(C)c1ccc2[nH]cc(CCN(C)C)c2c1,9.4
ZINC000029462723,Cn1cc(CCN)c2cc(C(C)(C)C)ccc21,9.35
ZINC000013779806,Cc1cc(C(C)(C)C)ccc1CC1=NCCN1,8.17
ZINC000013779803,Cc1cc(C(C)C)cc(C)c1CC1=NCCN1,8.96
ZINC000001996368,COc1ccc2[nH]c(C)c(CCN(C)C)c2c1,6.6
ZINC000002930815,OCCNCCOc1cccc2ccccc12,7.17
ZINC000029130610,C[C@@H]1NC(NCC(F)F)=Nc2cccc(Cl)c21,5.86
ZINC000013523619,CN1CCC(c2c[nH]c3ccc(N)nc23)CC1,6.38
ZINC000013782885,NCCc1c[nH]c2ccc(C3CCCC3)cc12,8.77
ZINC000029463057,Cc1ccc2[nH]cc(C[C@H]3CCCN3C)c2c1,8.46
ZINC000000022992,NCCc1c[nH]c2ccc(-c3cccs3)cc12,8.77
ZINC000036467752,CN1CCC(c2c[nH]c3ccc(N)cc23)CC1,7.4
ZINC000000077296,NCCc1c[nH]c2ccc(C3CCCCC3)cc12,8.47
ZINC000029463834,CCc1ccc2[nH]cc(CCN3CCCC3)c2c1,7.35
ZINC000004393760,CCc1ccc2[nH]cc(C[C@H]3CCCN3C)c2c1,9.01
ZINC000027313663,COc1ccc2ccc(N3CCNCC3)cc2c1,9.15
ZINC000004637976,CN(C)[C@H]1CCc2ccc3[nH]cc(C=O)c3c2C1,7.72
ZINC000003798321,CN(C)[C@@H]1CCc2ccc3[nH]cc(C=O)c3c2C1,8.8
ZINC000000018635,CN[C@@H]1CCc2[nH]c3ccc(C(N)=O)cc3c2C1,8.36
ZINC000000007594,COc1ccc2[nH]cc(C3CCN(C)CC3)c2n1,7.64
ZINC000000017644,CN(C)CCc1c[nH]c2ccc(C(C)(C)C)cc12,9.36
ZINC000000057534,Cc1cc(C(C)(C)C)cc(C)c1CC1=NCCN1,9.15
ZINC000013745603,CC(=O)Oc1ccc2[nH]cc(CCN(C)C)c2c1,7.51
ZINC000013745592,CCCCCOc1ccc2[nH]cc(CCN)c2c1,8.82
ZINC000013805803,CCc1[nH]c2ccc(OC)cc2c1CCN(C)C,6.54
ZINC000013776470,CCCN(C)CCOc1cccc2ccccc12,6.99
ZINC000028390916,Cc1cc(C(C)(C)C)cc(C)c1NC1=NCCN1,9.52
ZINC000029131081,C[C@@H]1NC(NCC(F)F)=Nc2ccc(Cl)c(Cl)c21,6.63
ZINC000013782886,CCCNCCc1c[nH]c2ccc(C(C)(C)C)cc12,8.21
ZINC000000026809,Cc1cc(C(C)(C)C)cc(C)c1CC1=NCCCN1,7.48
ZINC000013779805,Cc1cc(C(C)(C)C)cc(C)c1CC1=NCCN1C,7.07
ZINC000013745605,CCC(=O)Oc1ccc2[nH]cc(CCN(C)C)c2c1,7.77
ZINC000013864767,CCOC(=O)c1[nH]c2ccccc2c1CCN(C)C,6.48
ZINC000000057435,Cc1cc(C(C)(C)C)c(O)c(C)c1CC1=NCCN1,9.4
ZINC000013776476,CCCN(C)CCOc1ccccc1C1CCCC1,7.09
ZINC000000007395,CC(C)c1ccc2[nH]cc(CCN3CCCC3)c2c1,8.28
ZINC000029406787,CC(C)c1ccc2[nH]cc(C[C@H]3CCCN3C)c2c1,9.54
ZINC000000022988,CN(C)CCc1c[nH]c2ccc(-c3ccsc3)cc12,9.3
ZINC000000022989,CN(C)CCc1c[nH]c2ccc(-c3cccs3)cc12,9.15
ZINC000013587949,CN(C)CCn1ccc2ccc(-c3ccsc3)cc21,8.14
ZINC000013523607,CC(=O)Nc1cc2c(C3CCN(C)CC3)c[nH]c2cn1,7.41
ZINC000013523612,CC(=O)Nc1ccc2[nH]cc(C3CCN(C)CC3)c2n1,6.6
ZINC000084723969,CN1C(=N)N(C)/C(=C/c2c[nH]c3cccc(Br)c23)C1=O,5.17
ZINC000000010048,CC(C)(C)c1ccc2[nH]cc(CCN3CCCC3)c2c1,8.6
ZINC000029462726,CN1CCC[C@@H]1Cc1c[nH]c2ccc(C(C)(C)C)cc12,9.6
ZINC000003798326,CCCN(CCC)[C@@H]1CCc2ccc3[nH]ccc3c2C1,7.8
ZINC000000022994,CN(C)CCc1c[nH]c2ccc(-c3ccc(Cl)s3)cc12,8.12
ZINC000000022997,Cc1ccc(-c2ccc3[nH]cc(CCN(C)C)c3c2)s1,8.49
ZINC000013587955,CN(C)CCn1ccc2ccc(C3=CCSCC3)cc21,7.66
ZINC000013587956,CN(C)CCn1ccc2ccc(C3CCSCC3)cc21,8.25
ZINC000013587958,CN(C)CCn1ccc2ccc(C3=CCOCC3)cc21,7.49
ZINC000027517596,CN(C)CCn1ccc2ccc(C3CCOCC3)cc21,8.43
ZINC000013523616,CC(=O)Nc1ncc2[nH]cc(C3CCN(C)CC3)c2n1,6.33
ZINC000013587948,CN(C)CCn1ccc2ccc(-c3cccnc3)cc21,8.85
ZINC000013523601,CC(=O)Nc1ccc2[nH]cc(C3CCN(C)CC3)c2c1,6.82
ZINC000013745607,CC(C)C(=O)Oc1ccc2[nH]cc(CCN(C)C)c2c1,7.01
ZINC000034801053,CCCCCCCOc1ccc2[nH]cc(CCN)c2c1,8.31
ZINC000034801066,NCCc1c[nH]c2ccc(OS(=O)(=O)C(F)(F)F)cc12,8.55
ZINC000013776471,CCCCN(CC)CCOc1cccc2ccccc12,6.95
ZINC000013776474,CCCN(C)CCCOc1ccccc1C1CCCC1,6.84
ZINC000000014360,CNS(=O)(=O)Cc1ccc2[nH]cc(CCN(C)C)c2c1,8.92
ZINC000028007546,C1=CCN(CCc2c[nH]c3ccc(-c4cccs4)cc23)C1,8.35
ZINC000028003706,c1csc(-c2ccc3[nH]cc(CCN4CCCC4)c3c2)c1,7.72
ZINC000013745609,CN(C)CCc1c[nH]c2ccc(OC(=O)C(C)(C)C)cc12,6.96
ZINC000034801060,CCCCCCCCOc1ccc2[nH]cc(CCN)c2c1,8.8
ZINC000013523762,CN1CCC(c2c[nH]c3ccc(NS(C)(=O)=O)nc23)CC1,6.42
ZINC000000023433,CCC(=O)Nc1ccc2[nH]cc(C3CCN(C)CC3)c2n1,6.14
ZINC000084689179,C/N=C1\N(C)C(=O)/C(=C\c2c[nH]c3c(Br)cccc23)N1C,5.05
ZINC000084689514,C/N=C1\N(C)C(=O)/C(=C\c2c[nH]c3cccc(Br)c23)N1C,5.59
ZINC000013741734,CCCN(CC(C)C)[C@@H]1CCc2ccc3[nH]ccc3c2C1,7.46
ZINC000013587957,CN(C)CCn1ccc2ccc(C3(O)CCOCC3)cc21,8.47
ZINC000000008954,NCCc1cccc2c1ccn2S(=O)(=O)c1ccccc1,8.35
ZINC000013523773,CNC(=O)Nc1ccc2[nH]cc(C3CCN(C)CC3)c2n1,8.07
ZINC000000023516,CN(C)CCc1c[nH]c2ccc(C3=CCN(C)CC3)cc12,8.1
ZINC000000015515,CN(C)CCc1c[nH]c2ccc(C[C@H]3COC(=O)N3)cc12,9.12
ZINC000013523627,CN1CCC(c2c[nH]c3ccc(OS(C)(=O)=O)nc23)CC1,8.1
ZINC000013779798,Cc1ccc(CC2=NCCN2)c(C)c1OCc1ccccc1,5.96
ZINC000013805807,COc1ccc2[nH]c(-c3ccccc3)c(CCN(C)C)c2c1,5.21
ZINC000000005554,CCCN(CCC)[C@H]1CCc2ccc3[nH]cc(C=O)c3c2C1,6.81
ZINC000003782839,CCCN(CCC)[C@@H]1CCc2ccc3[nH]cc(C=O)c3c2C1,7.51
ZINC000040952990,CN1CCN(c2cc(-c3ccc(C#N)cc3)nc(N)n2)CC1,6.92
ZINC000004845200,CN(CCOc1cccc2ccccc12)Cc1ccccc1,6.23
ZINC000013523778,CCNC(=O)Nc1ccc2[nH]cc(C3CCN(C)CC3)c2n1,7.4
ZINC000013738694,CCCN(CCC)[C@@H]1CCc2ccc3[nH]cc(C#N)c3c2C1,8.17
ZINC000103224531,CN1CCc2c(c3cccc4c3n2-c2ccccc2CC4)C1,7.07
ZINC000103224535,CN1CCc2c(c3cccc4c3n2Cc2ccccc2C4)C1,7.54
ZINC000103224541,CN1CCc2c(c3cccc4c3n2CCc2ccccc2-4)C1,6.2
ZINC000013523738,CN1CCC(c2c[nH]c3ccc(NC(=O)C4CC4)nc23)CC1,5.74
ZINC000028007204,Clc1ccc(-c2ccc3[nH]cc(CCN4CCCC4)c3c2)s1,7.51
ZINC000013475061,COc1cccc2c1N1CCN(C)C[C@H]1c1ccccc1C2,7.1
ZINC000013475062,COc1cccc2c1N1CCN(C)C[C@@H]1c1ccccc1C2,5.83
ZINC000013589468,C1=C(c2ccc3[nH]cc(CCN4CCCC4)c3c2)CCNC1,7.13
ZINC000034801050,CCCCCCCCCCc1ccc2[nH]cc(CCN)c2c1,6.68
ZINC000013782887,CCCN(CCC)CCc1c[nH]c2ccc(C(C)(C)C)cc12,7.97
ZINC000001541570,CCCCCCCCCOc1ccc2[nH]cc(CCN)c2c1,7.8
ZINC000013745595,CC(C)CCCCCCOc1ccc2[nH]cc(CCN)c2c1,7.38
ZINC000014299870,CN(C)CCc1c[nH]c2ccc(OS(=O)(=O)C(F)(F)F)cc12,8.49
ZINC000034801059,CCCCCCCCCCOc1ccc2[nH]cc(CCN)c2c1,7.38
ZINC000001541572,CC(C)(C)CCCCCCOc1ccc2[nH]cc(CCN)c2c1,7.8
ZINC000064548966,CCCCN1CCC(COC(=O)c2ccc(N)c(OC)c2)CC1,5.25
ZINC000013523743,CN1CCC(c2c[nH]c3ccc(NC(=O)C4CCC4)nc23)CC1,6.05
ZINC000028012217,OC[C@@H]1CCCN1CCc1c[nH]c2ccc(-c3cccs3)cc12,8.09
ZINC000013864761,CN(C)CCc1cn(C(=O)c2ccccc2)c2ccc(O)cc12,6.74
ZINC000013553351,CN(C)CCc1cn(S(=O)(=O)c2ccccc2)c2ccccc12,6.29
ZINC000000026677,CN(C)CCc1cccc2c1ccn2S(=O)(=O)c1ccccc1,8.03
ZINC000013745599,NCCc1c[nH]c2ccc(OCCCCC3CCCCC3)cc12,7.26
ZINC000013741755,CCCN(CC(C)C)[C@@H]1CCc2ccc3[nH]cc(C=O)c3c2C1,8.19
ZINC000013741694,CCCN(CCC)[C@@H]1CCc2cc(F)c3[nH]cc(C=O)c3c2C1,8.36
ZINC000013779300,Cc1cc(C(=O)Nc2cccc(N3CCN(C)CC3)c2)ccc1Br,6.7
ZINC000034801058,CCCCCCCCCOc1ccc2[nH]cc(CCN(C)C)c2c1,7.38
ZINC000034801056,CCCCCCCCCCCOc1ccc2[nH]cc(CCN)c2c1,7.16
ZINC000034801067,CCN(CC)CCc1c[nH]c2ccc(OS(=O)(=O)C(F)(F)F)cc12,7.92
ZINC000013523701,CN1CCC(c2c[nH]c3ccc(NC(=O)c4ccoc4)nc23)CC1,5.96
ZINC000013523706,CN1CCC(c2c[nH]c3ccc(NC(=O)c4ccco4)nc23)CC1,6.03
ZINC000013523748,CN1CCC(c2c[nH]c3ccc(NC(=O)C4CCCC4)nc23)CC1,6.13
ZINC000013523692,CN1CCC(c2c[nH]c3ccc(NC(=O)c4ccsc4)nc23)CC1,6.09
ZINC000013523696,CN1CCC(c2c[nH]c3ccc(NC(=O)c4cccs4)nc23)CC1,6.19
ZINC000013587951,CN(C)CCn1ccc2ccc(-c3ccc4ccccc4c3)cc21,7.24
ZINC000028012212,COC[C@@H]1CCCN1CCc1c[nH]c2ccc(-c3cccs3)cc12,8.74
ZINC000096903803,CCN(CC)C(=O)[C@@H]1C=C2c3cccc4[nH]cc(c34)C[C@H]2N(C)C1,8.41
ZINC000013523634,CN1CCC(c2c[nH]c3ccc(NC(=O)c4ccccc4)nc23)CC1,6.0
ZINC000013523711,CN1CCC(c2c[nH]c3ccc(NC(=O)c4ccccn4)nc23)CC1,6.09
ZINC000013523716,CN1CCC(c2c[nH]c3ccc(NC(=O)c4ccncc4)nc23)CC1,6.38
ZINC000028391308,Cc1cc(C(C)(C)C)cc(C)c1CC1=NCCN1Cc1ccccc1,7.52
ZINC000040411708,CCN(CC)CCCOC(=O)N1c2ccccc2Sc2ccccc21,5.57
ZINC000013553349,COc1ccc2c(c1)c(CCN(C)C)cn2S(=O)(=O)c1ccccc1,6.14
ZINC000072126188,CCN/C(=N\S(=O)(=O)c1cccc(Cl)c1)N1CC2(C=N1)CCNCC2,5.0
ZINC000013741712,CCCN(CCC)[C@@H]1CCc2ccc3[nH]cc(C(=O)C(N)=O)c3c2C1,7.27
ZINC000013779302,Cc1cc(C(=O)Nc2ccc(C)c(N3CCN(C)CC3)c2)ccc1Br,7.4
ZINC000027319374,Cc1[nH]c2cccc(NC(=O)c3ccc(F)cc3)c2c1CCN(C)C,5.79
ZINC000034801049,CCCCCCCC(=O)Nc1ccc2[nH]cc(C3CCN(C)CC3)c2n1,6.96
ZINC000064548828,CCCCN1CCC(COC(=O)c2cc(F)c(N)c3c2OCCO3)CC1,5.54
ZINC000013779299,COc1ccc(NC(=O)c2ccc(Br)c(C)c2)cc1N1CCN(C)CC1,7.9
ZINC000066258430,Cc1ccc2c(N3CCN(CCc4cccc(N)c4)CC3)cccc2n1,9.3
ZINC000013523667,Cc1cccc(C(=O)Nc2ccc3[nH]cc(C4CCN(C)CC4)c3n2)c1,6.31
ZINC000013523651,Cc1ccccc1C(=O)Nc1ccc2[nH]cc(C3CCN(C)CC3)c2n1,6.36
ZINC000000587656,CN1CCC(c2n[nH]c3ccc(NC(=O)c4ccc(F)cc4)cc23)CC1,5.51
ZINC000013523654,CN1CCC(c2c[nH]c3ccc(NC(=O)c4cccc(F)c4)nc23)CC1,6.16
ZINC000013523593,CN1CCC(c2c[nH]c3ccc(NC(=O)c4ccc(F)cc4)nc23)CC1,6.14
ZINC000095576935,CCCN1CCC(COc2nc3c(Cl)cccc3c3ccccc23)CC1,5.63
ZINC000013864770,Cc1ccc(S(=O)(=O)n2cc3c4c(cccc42)[C@H](O)[C@@H](N(C)C)C3)cc1,5.41
ZINC000003818810,C[C@@H]1CCCN1CCc1cc2cc(C(=O)c3ccc(F)cc3)ccc2o1,5.2
ZINC000013523597,CN1CCC(c2c[nH]c3cnc(NC(=O)c4ccc(F)cc4)nc23)CC1,5.72
ZINC000001488294,CN1CCC(c2c[nH]c3ccc(NC(=O)c4ccc(F)cc4)cc23)CC1,6.86
ZINC000028396991,CN1CCC(n2ccc3ccc(NC(=O)c4ccc(F)cc4)cc32)CC1,6.85
ZINC000028376519,CN1CCC(N2CCc3ccc(NC(=O)c4ccc(F)cc4)cc32)CC1,6.68
ZINC000034801057,CCCCCCCCCOc1ccc2[nH]cc(CCNCCCC)c2c1,6.65
ZINC000034801068,CCCN(CCC)CCc1c[nH]c2ccc(OS(=O)(=O)C(F)(F)F)cc12,7.44
ZINC000013523688,CN1CCC(c2c[nH]c3ccc(NC(=O)c4ccc(Cl)cc4Cl)nc23)CC1,7.08
ZINC000095574636,CCCN1CCC(COc2nc3c(OC)cccc3c3ccccc23)CC1,5.59
ZINC000053204472,COc1ccccc1N1CCN(CCC(=O)c2csc3ccccc23)CC1,5.3
ZINC000013523675,CN1CCC(c2c[nH]c3ccc(NC(=O)c4ccc(C#N)cc4)nc23)CC1,6.42
ZINC000013523768,CN1CCC(c2c[nH]c3ccc(NC(=O)Nc4ccc(F)cc4)nc23)CC1,8.42
ZINC000006716963,CN1CCC[C@@H]1Cc1c[nH]c2ccc(NS(=O)(=O)c3cccc(Cl)c3)cc12,8.33
ZINC000006716964,CN1CCC[C@@H]1Cc1c[nH]c2ccc(NS(=O)(=O)c3ccccc3Cl)cc12,7.53
ZINC000095607884,O=S(=O)(Cc1ccccc1I)Nc1ccc2[nH]cc(C[C@H]3CCCN3)c2c1,7.19
ZINC000028376526,CN1CCC(N2CCOc3ccc(NC(=O)c4ccc(F)cc4)cc32)CC1,5.64
ZINC000040953283,Cc1ccc2c(OCCN3CCN(Cc4ccccc4)CC3)cccc2n1,9.0
ZINC000013523631,CN1CCC(c2c[nH]c3ccc(OS(=O)(=O)c4ccc(F)cc4)nc23)CC1,7.52
ZINC000027649036,COc1ccc(S(=O)(=O)N2CCc3ccc(I)cc32)cc1N1CCNCC1,6.7
ZINC000064548813,CCCCN1CCC(COC(=O)c2cc(Cl)c(NC)c3c2OCCO3)CC1,5.88
ZINC000035907025,COc1ccccc1N1CCN(CCCCn2ncc(=O)n(C)c2=O)CC1,7.05
ZINC000043207081,N[C@@H]1CCN(c2ccc3[nH]nc(S(=O)(=O)c4cccc5ccccc45)c3c2)C1,5.64
ZINC000000840177,COc1ccc(CNC(=O)/C=C/c2ccc3[nH]cc(CCN(C)C)c3c2)cc1,9.52
ZINC000000599925,CN(C)CCCc1cc(C(=O)Nc2ccc(-c3ccncc3)cc2)ccc1O,6.15
ZINC000013604964,NCCc1c[nH]c2ccc(OCCOc3ccc4[nH]cc(CCN)c4c3)cc12,9.0
ZINC000003811819,NCCc1c[nH]c2ccc(OCC(=O)N3CCN(c4ccccc4)CC3)cc12,9.4
ZINC000084759385,C[C@@H]1CCCN1CCc1cc2cc(C(=O)c3ccc([N+](=O)[O-])cc3)ccc2o1,5.28
ZINC000013741768,CCCN(CCCc1ccccc1)[C@@H]1CCc2ccc3[nH]cc(C=O)c3c2C1,9.05
ZINC000095616601,COc1cc2nc(N3CCN(C(=O)c4ccco4)CC3)nc(N)c2cc1OC,9.48
ZINC000013523643,CN1CCC(c2c[nH]c3ccc(NC(=O)c4ccccc4[N+](=O)[O-])nc23)CC1,6.77
ZINC000013523658,CN1CCC(c2c[nH]c3ccc(NC(=O)c4cccc([N+](=O)[O-])c4)nc23)CC1,6.48
ZINC000013523679,CN1CCC(c2c[nH]c3ccc(NC(=O)c4ccc([N+](=O)[O-])cc4)nc23)CC1,6.47
ZINC000013979445,CC(=O)Nc1cccc(CCN2CCN(c3cccc4nc(C)ccc34)CC2)c1,9.6
ZINC000013743216,NCCc1c[nH]c2ccc(OCC(=O)N3CCN(c4ccc(N)cc4)CC3)cc12,8.79
ZINC000034374687,COc1cccc(CN2CCN(CCOc3cccc4nc(C)ccc34)CC2)c1,8.6
ZINC000013779784,COc1ccc(N2CCN(CC[C@@H]3OCCc4cc(C(N)=O)ccc43)CC2)cc1,8.42
ZINC000040943491,Cc1ccc2c(N3CCN(Cc4ccc5c(c4)NC(=O)CO5)CC3)cccc2n1,6.9
ZINC000034097343,O=C1COc2ccc(CCN3CCN(c4nccc5ccccc45)CC3)cc2N1,9.6
ZINC000038896689,O=C1COc2ccc(CCN3CCN(c4cccc5cccnc45)CC3)cc2N1,9.6
ZINC000040829651,Cc1cc2c(N3CCN(CCc4ccc5c(c4)NC(=O)CO5)CC3)cccc2[nH]1,9.7
ZINC000064454230,Cn1nc(S(=O)(=O)c2cccc3ccccc23)c2cc(N3CCNCC3)ccc21,5.56
ZINC000028526866,CN1CCN(c2nccc3cc4c(cc23)N(C(=O)c2ccccc2Cl)CC4)CC1,8.6
ZINC000028528868,CN1CCN(c2nccc3cc4c(cc23)N(C(=O)c2ccc(Cl)cc2)CC4)CC1,9.3
ZINC000028528929,Cc1nc(C)c(C(=O)N2CCc3cc4ccnc(N5CCN(C)CC5)c4cc32)o1,8.6
ZINC000040918122,COc1c(OCCF)cccc1C(=O)C1CCN(CCc2ccc(F)cc2)CC1,6.15
ZINC000096282452,Cn1c(=O)cnn(CCCCN2CCN(c3ccccc3OCCF)CC2)c1=O,6.63
ZINC000013766057,COc1ccc(C(=O)Nc2ccc(-c3ccncc3)cc2)cc1/C=C\CN(C)C,6.77
ZINC000013766060,COc1ccc(C(=O)Nc2ccc(-c3ccncc3)cc2)cc1/C=C/CN(C)C,6.25
ZINC000000599924,COc1ccc(C(=O)Nc2ccc(-c3ccncc3)cc2)cc1CCCN(C)C,6.27
ZINC000013766054,COc1ccc(C(=O)Nc2ccc(-c3ccncc3)cc2)cc1C#CCN(C)C,5.92
ZINC000045496204,COc1ccc(CCN2CCC(C(=O)c3cccc(OCCF)c3OC)CC2)cc1,5.84
ZINC000003959323,Cc1ccc2c(N3CCN(CCc4ccc5c(c4)NC(=O)CO5)CC3)cccc2n1,9.8
ZINC000040407279,Cc1ccc2c(N3CCN(CCc4cccc5c4OCC(=O)N5)CC3)cccc2n1,10.3
ZINC000040896897,Cc1ccc2c(N3CCN(CCc4ccc5c(c4)OCC(=O)N5)CC3)cccc2n1,9.1
ZINC000000538312,Cc1nc2n(c(=O)c1CCN1CCC(c3noc4cc(F)ccc34)CC1)CCCC2,6.0
ZINC000064560537,Cc1ccc2c(N3CCN(CCc4cccc5[nH]c(=O)ccc45)CC3)cccc2n1,9.9
ZINC000064560265,Cc1ccc2c(N3CCN(CCc4cccc5c4CCC(=O)N5)CC3)cccc2n1,10.0
ZINC000066252315,Cc1ccc2c(N3CCN(CCc4cccc(-n5cccn5)c4)CC3)cccc2n1,9.8
ZINC000003959327,Cc1ncc2c(N3CCN(CCc4ccc5c(c4)NC(=O)CO5)CC3)cccc2n1,9.5
ZINC000028525988,CN1CCN(c2nccc3cc4c(cc23)N(C(=O)c2ccc(C#N)cc2)CC4)CC1,9.1
ZINC000040937054,Cc1ccc2c(OC3CCN(Cc4ccc5c(c4)NC(=O)CO5)CC3)cccc2n1,5.9
ZINC000053178362,CC1(C)Cc2cccc(N3CCN(CCc4ccc5c(c4)NC(=O)CO5)CC3)c2O1,9.8
ZINC000066259361,COC(=O)Nc1cccc(CCN2CCN(c3cccc4nc(C)ccc34)CC2)c1,9.6
ZINC000066252316,Cc1ccc2c(N3CCN(CCc4cccc(NS(C)(=O)=O)c4)CC3)cccc2n1,9.9
ZINC000066260205,CCC(=O)Nc1cccc(CCN2CCN(c3cccc4nc(C)ccc34)CC2)c1,9.7
ZINC000066260009,CC(=O)N(C)c1cccc(CCN2CCN(c3cccc4nc(C)ccc34)CC2)c1,9.5
ZINC000013743221,NCCc1c[nH]c2ccc(OCC(=O)N3CCN(c4ccc(CN)cc4)CC3)cc12,9.03
ZINC000003810254,N#Cc1ccccc1N1CCN(C(=O)COc2ccc3[nH]cc(CCN)c3c2)CC1,9.41
ZINC000013743222,NCCc1c[nH]c2ccc(OCC(=O)N3CCN(c4ccccc4CN)CC3)cc12,8.74
ZINC000001851149,O=C1CCc2ccc(OCCCCN3CCN(c4cccc(Cl)c4Cl)CC3)cc2N1,7.0
ZINC000013779786,CNC(=O)c1ccc2c(c1)CCO[C@@H]2CCN1CCN(c2ccc(OC)cc2)CC1,6.53
ZINC000003828610,CNC(=O)c1ccc2c(c1)CCO[C@H]2CCN1CCN(c2ccc(OC)cc2)CC1,9.05
ZINC000040957739,Cc1ccc2c(N3C[C@H]4C[C@@H]3CN4CCc3ccc4c(c3)NC(=O)CO4)cccc2n1,7.6
ZINC000028525706,CN1CCN(c2nccc3cc4c(cc23)N(C(=O)c2cnn3ccccc23)CC4)CC1,8.9
ZINC000038412348,CC(=O)Nc1cccc(CN2CCN(CCOc3cccc4nc(C)ccc34)CC2)c1,9.3
ZINC000040972636,CC(=O)Nc1ccc(CN2CCN(CCOc3cccc4nc(C)ccc34)CC2)cc1,6.7
ZINC000040972638,CC(=O)Nc1ccccc1CN1CCN(CCOc2cccc3nc(C)ccc23)CC1,8.3
ZINC000066258993,CCOC(=O)Nc1cccc(CCN2CCN(c3cccc4nc(C)ccc34)CC2)c1,9.9
ZINC000066259959,Cc1ccc2c(N3CCN(CCc4cccc(NC(=O)C(C)C)c4)CC3)cccc2n1,9.8
ZINC000013587959,CNC(=O)c1ccc2c(c1)CCO[C@H]2CCN1CCN(c2ccc(C(N)=O)cc2)CC1,8.34
ZINC000000590474,CN(C)CCc1cccc2c1cc(C(=O)c1ccccc1)n2S(=O)(=O)c1ccccc1,7.01
ZINC000013743211,NCCc1c[nH]c2ccc(OCC(=O)N3CCN(c4ccccc4[N+](=O)[O-])CC3)cc12,9.52
ZINC000013743213,NCCc1c[nH]c2ccc(OCC(=O)N3CCN(c4ccc([N+](=O)[O-])cc4)CC3)cc12,9.38
ZINC000028526326,COc1ccc(NC(=O)N2CCN(c3ccccc3Cl)CC2)cc1N1CCN(C)CC1,7.46
ZINC000028526154,COc1ccc(NC(=O)N2CCN(c3ccccc3F)CC2)cc1N1CCN(C)CC1,6.99
ZINC000028525880,COc1ccc(NC(=O)N2CCN(c3ccc(Cl)cc3)CC2)cc1N1CCN(C)CC1,8.19
ZINC000028525691,COc1ccc(NC(=O)N2CCN(c3ccc(F)cc3)CC2)cc1N1CCN(C)CC1,6.77
ZINC000066262490,CCNC(=O)Nc1cccc(CCN2CCN(c3cccc4nc(C)ccc34)CC2)c1,9.8
ZINC000034375648,CC(=O)Nc1cccc(CC2CCN(CCOc3cccc4nc(C)ccc34)CC2)c1,9.3
ZINC000003964104,O=C(N[C@H]1CCN(Cc2ccc(OC3CCNCC3)c(Br)c2)C1)c1ccc(Cl)c(Cl)c1,6.85
ZINC000040422912,COc1c(OCCF)cccc1C(=O)C1CCN(CCc2ccc([N+](=O)[O-])cc2)CC1,5.74
ZINC000027857316,S=C(NN1CC=C(c2ccc3[nH]cc(CCN4CCCC4)c3c2)CC1)c1ccccc1,8.02
ZINC000027856384,S=C(NN1CC=C(c2ccc3[nH]cc(CCN4CCCC4)c3c2)CC1)C1CCCCC1,7.96
ZINC000013553517,CN1CCC[C@@H]1Cc1c[nH]c2ccc(C3=CCN(/C(S)=N/c4ccccc4)CC3)cc12,9.17
ZINC000013553515,CN1CCC[C@@H]1Cc1c[nH]c2ccc(C3=CCN(/C(S)=N/C4CCCCC4)CC3)cc12,8.7
ZINC000042890069,Cc1ccc2c(N3CCN(CCc4ccc5c(c4)N(C)C(=O)CO5)CC3)cccc2n1,10.0
ZINC000040894847,Cc1ccc2c(N3CCN(CCc4cccc5c4OCC(=O)N5C)CC3)cccc2n1,10.0
ZINC000040914032,Cc1ccc2c(N3CCN(CCc4ccc5c(c4)OCC(=O)N5C)CC3)cccc2n1,8.3
ZINC000034105721,Cc1ccc2c(N3CCN(CCCc4ccc5c(c4)NC(=O)CO5)CC3)cccc2n1,8.0
ZINC000040893702,Cc1ccc2c(N3CCN(CCCc4cccc5c4OCC(=O)N5)CC3)cccc2n1,9.4
ZINC000003959324,Cc1cc(N2CCN(CCc3ccc4c(c3)NC(=O)CO4)CC2)c2ccc(C)nc2c1,9.4
ZINC000003959333,Cc1ccc2c(N3CCN(CCc4ccc5c(c4)NC(=O)CO5)[C@@H](C)C3)cccc2n1,8.8
ZINC000038565493,Cc1ccc2c(N3CCN(CCc4ccc5c(c4)NC(=O)CO5)[C@H](C)C3)cccc2n1,9.3
ZINC000066258692,Cc1ccc2c(N3CCN(CCc4cccc(N5CCOC5=O)c4)CC3)cccc2n1,9.8
ZINC000003959332,Cc1ccc2c(N3CCN(CCc4cc(F)c5c(c4)NC(=O)CO5)CC3)cccc2n1,9.7
ZINC000038940638,Cc1ccc2c(N3CCN(CCc4ccc5c(c4)NC(=O)CO5)CC3)ccc(Cl)c2n1,9.7
ZINC000040973093,Cc1ccc2c(N3CCN(CCc4ccc5c(c4)NC(=O)CO5)CC3)ccc(F)c2n1,9.5
ZINC000038900466,Cc1ccc2c(N3CCN(CCc4ccc5c(c4F)NC(=O)CO5)CC3)cccc2n1,9.4
ZINC000003959329,Cc1ccc2c(N3CCN(CCc4cc5c(cc4F)OCC(=O)N5)CC3)cccc2n1,9.6
ZINC000042888145,Cc1ccc2c(N3CCN(CCc4ccc5c(c4)NC(=O)CO5)CC3)cc(Cl)cc2n1,9.8
ZINC000038939619,Cc1ccc2c(N3CCN(CCc4ccc5c(c4)NC(=O)CO5)CC3)cc(F)cc2n1,9.7
ZINC000027853747,O=C(NN1CC=C(c2ccc3[nH]cc(CCN4CCCC4)c3c2)CC1)c1ccccc1,8.07
ZINC000027847653,O=C(NN1CC=C(c2ccc3[nH]cc(CCN4CCCC4)c3c2)CC1)C1CCCCC1,7.54
ZINC000064573590,Cc1ccc2c(N3CCN(CCc4c(C)ccc5[nH]c(=O)ccc45)CC3)cccc2n1,8.6
ZINC000064560267,Cc1ccc2c(N3CCN(CCc4cccc5c4CCC(=O)N5C)CC3)cccc2n1,10.1
ZINC000013553511,CN1CCC[C@@H]1Cc1c[nH]c2ccc(C3=CCN(C(=O)Nc4ccccc4)CC3)cc12,9.35
ZINC000013553509,CN1CCC[C@@H]1Cc1c[nH]c2ccc(C3=CCN(C(=O)NC4CCCCC4)CC3)cc12,8.52
ZINC000022445253,Cc1ccc2c(OCCN3CCN(Cc4cccc5cccnc45)CC3)cccc2n1,9.1
ZINC000034451922,Cc1ccc2c(N3CCN(CCc4cccc(N5CCNC5=O)c4)CC3)cccc2n1,9.7
ZINC000040938108,Cc1ccc2c(OCCN3CC(COc4ccc5c(c4)NC(=O)CO5)C3)cccc2n1,8.1
ZINC000042888178,Cc1ccc2c(OCCCN3CC(Oc4ccc5c(c4)NC(=O)CO5)C3)cccc2n1,6.6
ZINC000026496752,NC(=O)c1ccc2c(c1)CCO[C@H]2CCN1CC=C(c2c[nH]c3c(F)cccc23)CC1,7.82
ZINC000026496748,NC(=O)c1ccc2c(c1)CCO[C@@H]2CCN1CC=C(c2c[nH]c3c(F)cccc23)CC1,7.6
ZINC000013589453,O=S(=O)(c1ccccc1)N1CC=C(c2ccc3[nH]cc(CCN4CCCC4)c3c2)CC1,7.68
ZINC000040937057,Cc1ccc2c(OCC3CCN(Cc4ccc5c(c4)NC(=O)CO5)CC3)cccc2n1,5.9
ZINC000040412384,Cc1ccc2c(OC3CCN(CCc4ccc5c(c4)NC(=O)CO5)CC3)cccc2n1,8.2
ZINC000027851464,S=C(NN1CC=C(c2ccc3[nH]cc(CCN4CCCC4)c3c2)CC1)c1ccc(Cl)cc1,7.92
ZINC000013553518,CN1CCC[C@@H]1Cc1c[nH]c2ccc(C3=CCN(/C(S)=N/c4ccc(Cl)cc4)CC3)cc12,9.25
ZINC000027853621,Cc1ccc(C(=S)NN2CC=C(c3ccc4[nH]cc(CCN5CCCC5)c4c3)CC2)cc1,8.13
ZINC000013553520,Cc1ccc(/N=C(\S)N2CC=C(c3ccc4[nH]cc(C[C@H]5CCCN5C)c4c3)CC2)cc1,9.42
ZINC000003807836,NCCc1c[nH]c2ccc(OCC(=O)N3CCN(c4cccc5ccccc45)CC3)cc12,9.28
ZINC000040897216,Cc1ccc2c(N3CCN(CCc4cccc5c4OCC(=O)N5C)[C@@H](C)C3)cccc2n1,8.8
ZINC000040897213,Cc1ccc2c(N3CCN(CCc4cccc5c4OCC(=O)N5C)[C@H](C)C3)cccc2n1,9.4
ZINC000040892487,Cc1ccc2c(N3CCN(CCCc4cccc5c4OCC(=O)N5C)CC3)cccc2n1,8.5
ZINC000003959331,CCN1C(=O)COc2ccc(CCN3CCN(c4cccc5nc(C)ccc45)CC3)cc21,9.4
ZINC000040406535,CCN1C(=O)COc2c(CCN3CCN(c4cccc5nc(C)ccc45)CC3)cccc21,9.7
ZINC000066252314,Cc1ccc2c(N3CCN(CCc4cccc(N5C(=O)CCC5=O)c4)CC3)cccc2n1,8.8
ZINC000040939235,Cc1ccc2c(N3CCN(CCCCc4ccc5c(c4)NC(=O)CO5)CC3)cccc2n1,7.9
ZINC000013979452,Cc1ccc2c(N3CCN(CCc4cccc(N5CCCOC5=O)c4)CC3)cccc2n1,9.6
ZINC000040892224,Cc1ccc2c(N3CCN(CCc4cccc5c4OCC(=O)N5C)CC3)cc(F)cc2n1,10.1
ZINC000028528928,Cc1cc(C(=O)N2CCc3cc4ccnc(N5CCN(C)CC5)c4cc32)c(C(F)(F)F)o1,8.1
ZINC000027858450,Cc1ccc(C(=O)NN2CC=C(c3ccc4[nH]cc(CCN5CCCC5)c4c3)CC2)cc1,8.07
ZINC000064559550,Cc1ccc2c(N3CCN(CCc4cccc5c4ccc(=O)n5C)[C@@H](C)C3)cccc2n1,8.3
ZINC000013553513,Cc1ccc(NC(=O)N2CC=C(c3ccc4[nH]cc(C[C@H]5CCCN5C)c4c3)CC2)cc1,9.51
ZINC000064549647,Cc1ccc2c(N3CCN(CCc4c(C)ccc5c4ccc(=O)n5C)CC3)cccc2n1,8.7
ZINC000064560425,Cc1ccc2c(N3CCN(CCc4c(C)ccc5c4CCC(=O)N5C)CC3)cccc2n1,9.0
ZINC000064559654,Cc1ccc2c(N3CCN(CCc4c(Cl)ccc5c4ccc(=O)n5C)CC3)cccc2n1,8.4
ZINC000064559843,Cc1ccc2c(N3CCN(CCc4c(F)ccc5c4ccc(=O)n5C)CC3)cccc2n1,9.4
ZINC000027847270,O=C(NN1CC=C(c2ccc3[nH]cc(CCN4CCCC4)c3c2)CC1)c1ccc(Cl)cc1,8.21
ZINC000013553508,CN1CCC[C@@H]1Cc1c[nH]c2ccc(C3=CCN(C(=O)Nc4ccc(Cl)cc4)CC3)cc12,9.42
ZINC000028525989,CN1CCN(c2nccc3cc4c(cc23)N(C(=O)c2ccccc2C(F)(F)F)CC4)CC1,7.8
ZINC000034271111,Cc1ccc2c(OCCN3CCC(Cc4cccc(-c5ccoc5)c4)CC3)cccc2n1,8.2
ZINC000028525705,CN1CCN(c2nccc3cc4c(cc23)N(C(=O)c2cnn(C)c2C(F)(F)F)CC4)CC1,8.0
ZINC000013979450,Cc1ccc2c(N3CCN(CCc4cccc(N5CCCNC5=O)c4)CC3)cccc2n1,9.5
ZINC000028528391,CN1CCN(c2nccc3cc4c(cc23)N(C(=O)c2ccc(C(F)(F)F)nc2)CC4)CC1,9.3
ZINC000040410343,Cc1ccc2c(OCCCN3CC(COc4ccc5c(c4)NC(=O)CO5)C3)cccc2n1,6.8
ZINC000084811006,Cc1ccc2c(OC3CCN(CC(=O)c4ccc5c(c4)NC(=O)CO5)CC3)cccc2n1,5.7
ZINC000013589451,O=S(=O)(c1ccc(Cl)cc1)N1CC=C(c2ccc3[nH]cc(CCN4CCCC4)c3c2)CC1,8.03
ZINC000013589452,Cc1ccc(S(=O)(=O)N2CC=C(c3ccc4[nH]cc(CCN5CCCC5)c4c3)CC2)cc1,7.92
ZINC000013553507,Cc1ccc(S(=O)(=O)N2CC=C(c3ccc4[nH]cc(C[C@H]5CCCN5C)c4c3)CC2)cc1,9.1
ZINC000028821524,NC(=O)c1ccc2c(c1)CCO[C@H]2CCN1CCN(c2ccc3cc(F)ccc3c2)CC1,8.0
ZINC000064573487,Cc1ccc2c(C3CCN(CCc4c(C)ccc5c4ccc(=O)n5C)CC3)cccc2n1,7.4
ZINC000034376079,Cc1ccc2c(OCCN3CCC(Cc4cccc(N5CCCC5)c4)CC3)cccc2n1,8.6
ZINC000006717045,Cc1ccc2c(OCCN3CCC(Cc4ccc5c(c4)NC(=O)CO5)CC3)cccc2n1,8.8
ZINC000028528111,CN1CCN(c2nccc3cc4c(cc23)N(C(=O)c2cccc3ncccc23)CC4)CC1,8.4
ZINC000064553656,Cc1ccc2c(N3CCN(CCc4cccc5c4OCc4nccn4-5)CC3)cccc2n1,10.0
ZINC000064504159,Cc1ccc2c(N3CCN(CCc4cccc5c4OCc4cncn4-5)CC3)cccc2n1,9.9
ZINC000064504067,Cc1ccc2c(N3CCN(CCc4cccc5c4OCc4nnnn4-5)CC3)cccc2n1,9.9
ZINC000003919049,NCCc1c[nH]c2ccc(OCCCCCCOc3ccc4[nH]cc(CCN)c4c3)cc12,9.34
ZINC000022445263,CC(=O)N(C)c1cccc(CN2CCN(CCOc3cccc4nc(C)ccc34)CC2)c1,9.5
ZINC000066252682,CCCS(=O)(=O)Nc1cccc(CCN2CCN(c3cccc4nc(C)ccc34)CC2)c1,9.2
ZINC000066259960,Cc1ccc2c(N3CCN(CCc4cccc(NC(=O)C(C)(C)C)c4)CC3)cccc2n1,9.5
ZINC000028524685,COc1ccccc1N1CCC(C(=O)Nc2ccc(OC)c(N3CCN(C)CC3)c2)CC1,7.81
ZINC000013743217,NCCc1c[nH]c2ccc(OCCCCC(=O)N3CCN(c4ccc(N)cc4)CC3)cc12,8.85
ZINC000028527042,COc1ccc(NC(=O)N2CCN(c3ccc(SC)cc3)CC2)cc1N1CCN(C)CC1,6.48
ZINC000066262491,CCCNC(=O)Nc1cccc(CCN2CCN(c3cccc4nc(C)ccc34)CC2)c1,9.8
ZINC000013604976,NCCc1c[nH]c2ccc(OCCNC(=O)COc3ccc4[nH]cc(CCN)c4c3)cc12,9.74
ZINC000013604984,CC(=O)Nc1ccc(N2CCN(C(=O)COc3ccc4[nH]cc(CCN)c4c3)CC2)cc1,8.85
ZINC000066251580,COC(=O)CCCCCN1CCC(CNC(=O)c2c3n(c4ccccc24)CCCO3)CC1,5.5
ZINC000040430354,CCC(=O)Nc1cccc(CC2CCN(CCOc3cccc4nc(C)ccc34)CC2)c1,9.2
ZINC000003816898,CC(=O)N(C)c1cccc(CC2CCN(CCOc3cccc4nc(C)ccc34)CC2)c1,8.9
ZINC000040424180,Cc1ccc2c(OCCN3CCC(Cc4cccc(NS(C)(=O)=O)c4)CC3)cccc2n1,9.3
ZINC000034324249,CCNC(=O)Nc1cccc(CC2CCN(CCOc3cccc4nc(C)ccc34)CC2)c1,9.6
ZINC000013743212,NCCc1c[nH]c2ccc(OCCCC(=O)N3CCN(c4ccc([N+](=O)[O-])cc4)CC3)cc12,8.92
ZINC000049877896,CS(=O)(=O)Nc1ccc(N2CCN(C(=O)COc3ccc4[nH]cc(CCN)c4c3)CC2)cc1,9.25
ZINC000013743218,NCCc1c[nH]c2ccc(OCCCCCC(=O)N3CCN(c4ccc(N)cc4)CC3)cc12,9.51
ZINC000066262492,Cc1ccc2c(N3CCN(CCc4cccc(NC(=O)NC(C)(C)C)c4)CC3)cccc2n1,9.6
ZINC000040974438,Cc1ccc2c(OCCN3CCC(Cc4cccc(NC(=O)C(C)C)c4)CC3)cccc2n1,8.9
ZINC000040974591,CCN(C(C)=O)c1cccc(CC2CCN(CCOc3cccc4nc(C)ccc34)CC2)c1,8.8
ZINC000013741766,CCCN(CCCCN1C(=O)CC(C)(C)CC1=O)[C@@H]1CCc2ccc3[nH]cc(C=O)c3c2C1,8.3
ZINC000040972359,Cc1ccc2c(OCCN3CCC(Cc4cccc(N(C)S(C)(=O)=O)c4)CC3)cccc2n1,8.8
ZINC000040894455,Cc1ccc2c(N3CCN(CCc4cccc5c4OCC(=O)N5C4CC4)CC3)cccc2n1,9.8
ZINC000064503943,Cc1ccc2c(N3CCN(CCc4cccc5c4OCc4nnc(C)n4-5)CC3)cccc2n1,9.8
ZINC000064499114,Cc1ccc2c(N3CCN(CCc4cccc5c4OCc4c(C)nnn4-5)CC3)cccc2n1,9.9
ZINC000064503413,Cc1cn2c(n1)COc1c(CCN3CCN(c4cccc5nc(C)ccc45)CC3)cccc1-2,9.9
ZINC000029208366,CN1CCN(c2cccc3ccc(OCCOc4ccc5[nH]cc(CCN)c5c4)cc23)CC1,9.4
ZINC000040894452,Cc1ccc2c(N3CCN(CCc4cccc5c4OCC(=O)N5C(C)C)CC3)cccc2n1,9.6
ZINC000027847264,COc1ccc(C(=O)NN2CC=C(c3ccc4[nH]cc(CCN5CCCC5)c4c3)CC2)cc1,8.11
ZINC000013553512,COc1ccc(NC(=O)N2CC=C(c3ccc4[nH]cc(C[C@H]5CCCN5C)c4c3)CC2)cc1,9.38
ZINC000028821526,N#Cc1ccc2c(N3CCN(CC[C@@H]4OCCc5cc(C(N)=O)ccc54)CC3)cccc2c1,9.0
ZINC000040892489,Cc1ccc2c(N3CCN(CCCc4cccc5c4OCC(=O)N5C)[C@H](C)C3)cccc2n1,9.2
ZINC000040892226,Cc1ccc2c(N3CCN(CCc4cccc5c4OCC(=O)N5C)[C@H](C)C3)cc(F)cc2n1,9.5
ZINC000040897030,Cc1ccc2c(N3CCN(CCCc4cccc5c4OCC(=O)N5C)CC3)cc(F)cc2n1,7.8
ZINC000064573761,Cc1ccc2c(N3CCN(CCc4cccc5c4ccc(=O)n5C)C(C)(C)C3)cccc2n1,9.3
ZINC000064573276,Cc1ccc2c(N3CCN(CCc4c(C)ccc5c4ccc(=O)n5C)[C@@H](C)C3)cccc2n1,7.7
ZINC000064560061,Cc1ccc2c(N3CCN(CCc4c(C)ccc5c4ccc(=O)n5C)[C@H](C)C3)cccc2n1,8.6
ZINC000027762986,COc1ccc(C(=S)NN2CC=C(c3ccc4[nH]cc(CCN5CCCC5)c4c3)CC2)cc1,8.21
ZINC000013553519,COc1ccc(NC(=S)N2CC=C(c3ccc4[nH]cc(C[C@H]5CCCN5C)c4c3)CC2)cc1,9.34
ZINC000064559549,Cc1ccc2c(N3CCN(CCc4cccc5c4ccc(=O)n5C)[C@H](C)C3)cc(F)cc2n1,9.9
ZINC000064573298,Cc1ccc2c(N3CCN(CCc4cccc5c4ccc(=O)n5C)[C@@H](C)C3)cc(F)cc2n1,8.9
ZINC000064560029,Cc1ccc2c(N3CCN(CCc4c(C)ccc5c4ccc(=O)n5C)CC3)cc(F)cc2n1,8.7
ZINC000038389490,Cc1ccc2c(OCCN3CCC(Cc4cccc(-c5ccccc5)c4)CC3)cccc2n1,8.1
ZINC000040939437,Cc1ccc2c(OCC3CCN(CC(=O)c4ccc5c(c4)NC(=O)CO5)CC3)cccc2n1,6.6
ZINC000038389629,Cc1ccc2c(OCCN3CCC(Cc4cccc(N5CCCC5=O)c4)CC3)cccc2n1,8.7
ZINC000038480598,Cc1ccc2c(OCCN3CCC(Cc4cccc(N5CCOCC5)c4)CC3)cccc2n1,8.6
ZINC000028821521,C[C@@H]1CN(c2cccc3cc(F)ccc23)CCN1CC[C@@H]1OCCc2cc(C(N)=O)ccc21,8.15
ZINC000028821523,C[C@H]1CN(c2ccc3cc(F)ccc3c2)CCN1CC[C@@H]1OCCc2cc(C(N)=O)ccc21,7.85
ZINC000040860818,Cc1ccc2c(OCCN3CCC(Cc4cccc(C5CCNCC5)c4)CC3)cccc2n1,8.9
ZINC000038460631,Cc1ccc2c(OCCN3CCC(Cc4cccc(-c5ccncc5)c4)CC3)cccc2n1,9.0
ZINC000034271455,Cc1ccc2c(OCCN3CCC(Cc4cccc(N5CCCCC5)c4)CC3)cccc2n1,9.0
ZINC000038480415,Cc1ccc2c(OCCN3CCC(Cc4cccc(-c5cccnc5)c4)CC3)cccc2n1,8.7
ZINC000013589449,COc1ccc(S(=O)(=O)N2CC=C(c3ccc4[nH]cc(CCN5CCCC5)c4c3)CC2)cc1,7.96
ZINC000013553505,COc1ccc(S(=O)(=O)N2CC=C(c3ccc4[nH]cc(C[C@H]5CCCN5C)c4c3)CC2)cc1,9.12
ZINC000000836555,Cc1ccccc1N1CCN(C(=O)COc2ccc3cccc(N4CCN(C)CC4)c3c2)CC1,9.16
ZINC000028821525,C[C@H]1CN(c2cccc3cc(C#N)ccc23)CCN1CC[C@@H]1OCCc2cc(C(N)=O)ccc21,9.05
ZINC000013604966,NCCc1c[nH]c2ccc(OCc3ccc(COc4ccc5[nH]cc(CCN)c5c4)cc3)cc12,9.96
ZINC000013604968,NCCc1c[nH]c2ccc(OCc3cccc(COc4ccc5[nH]cc(CCN)c5c4)c3)cc12,9.46
ZINC000013604970,NCCc1c[nH]c2ccc(OCc3ccccc3COc3ccc4[nH]cc(CCN)c4c3)cc12,8.82
ZINC000040891807,Cc1ccc2c(N3CCN(CCc4cccc5c4OCC(=O)N5CC(F)F)CC3)cccc2n1,9.4
ZINC000040401142,Cc1ccc2c(N3CCN(CCCc4cccc5c4OCC(=O)N5C)[C@H](C)C3)cc(F)cc2n1,8.4
ZINC000073137993,COc1ccccc1N1CCN(CCN(C(=O)C23CCC(CF)(CC2)C3)c2ccccn2)CC1,7.04
ZINC000066259961,Cc1ccc2c(N3CCN(CCc4cccc(NC(=O)c5ccccc5)c4)CC3)cccc2n1,9.5
ZINC000038413122,Cc1ccc2c(OCCN3CCC(Cc4cccc(N5CCN[C@H](C)C5)c4)CC3)cccc2n1,9.2
ZINC000038413121,Cc1ccc2c(OCCN3CCC(Cc4cccc(N5CCN[C@@H](C)C5)c4)CC3)cccc2n1,9.0
ZINC000040865788,Cc1ccc2c(OCCN3CCC(Cc4cccc(N5CCN(C)CC5)c4)CC3)cccc2n1,9.3
ZINC000066258742,Cc1ccc2c(N3CCN(CCc4cccc(NC(=O)c5cnccn5)c4)CC3)cccc2n1,9.7
ZINC000003827662,OC[C@H](NC1CCN(CCCc2c[nH]c3ccc(-n4cnnc4)cc23)CC1)c1ccc(F)cc1,9.1
ZINC000066258947,Cc1ccc2c(N3CCN(CCc4cccc(NC(=O)c5scnc5C)c4)CC3)cccc2n1,9.6
ZINC000066258946,Cc1ccc2c(N3CCN(CCc4cccc(NC(=O)c5csc(C)n5)c4)CC3)cccc2n1,9.4
ZINC000003816888,Cc1ccc2c(OCCN3CCC(Cc4cccc(C5CCN(C)CC5)c4)CC3)cccc2n1,9.7
ZINC000040424920,Cc1ccc2c(OCCN3CCC(Cc4cccc(N5CCCS5(=O)=O)c4)CC3)cccc2n1,8.8
ZINC000034271768,Cc1ccc2c(OCCN3CCC(Cc4cccc(NC(=O)CN(C)C)c4)CC3)cccc2n1,9.0
ZINC000013604978,NCCc1c[nH]c2ccc(OCCNC(=O)NCCOc3ccc4[nH]cc(CCN)c4c3)cc12,9.4
ZINC000013743214,NCCc1c[nH]c2ccc(OCCCCC(=O)N3CCN(c4ccc([N+](=O)[O-])cc4)CC3)cc12,8.74
ZINC000013743223,CS(=O)(=O)NCc1ccc(N2CCN(C(=O)COc3ccc4[nH]cc(CCN)c4c3)CC2)cc1,9.0
ZINC000013743224,CS(=O)(=O)NCc1ccccc1N1CCN(C(=O)COc2ccc3[nH]cc(CCN)c3c2)CC1,9.28
ZINC000028524643,COc1ccc(NC(=O)N2CCN(c3ccc(C(F)(F)F)cc3)CC2)cc1N1CCN(C)CC1,6.46
ZINC000034272275,COc1ccc(CC2CCN(CCOc3cccc4nc(C)ccc34)CC2)cc1NS(C)(=O)=O,8.2
ZINC000034379109,Cc1ccc2c(OCCN3CCC(Cc4cccc(NS(=O)(=O)C(C)C)c4)CC3)cccc2n1,9.4
ZINC000040395180,Cc1ccc2c(N3CCN(CCc4cccc5c4OCC(=O)N5CC4CC4)CC3)cccc2n1,9.5
ZINC000001494085,Cc1c(C(=O)N2CCc3cc4ccnc(N5CCN(C)CC5)c4cc32)cnn1-c1ccccc1,9.2
ZINC000064516768,Cc1ccc2c(N3CCN(CCc4cccc5c4OCc4c(C#N)ncn4-5)CC3)cccc2n1,8.7
ZINC000064499351,Cc1ccc2c(N3CCN(CCc4cccc5c4OCc4nc(C)c(C)n4-5)CC3)cccc2n1,9.8
ZINC000027854878,S=C(NN1CC=C(c2ccc3[nH]cc(CCN4CCCC4)c3c2)CC1)c1cccc2ccccc12,7.8
ZINC000013553521,CN1CCC[C@@H]1Cc1c[nH]c2ccc(C3=CCN(/C(S)=N/c4cccc5ccccc45)CC3)cc12,9.15
ZINC000040937693,O=C1COc2ccc(CCN3CCN(c4cccc5nc(-c6ccccc6)ccc45)CC3)cc2N1,7.9
ZINC000027852237,O=C(NN1CC=C(c2ccc3[nH]cc(CCN4CCCC4)c3c2)CC1)c1cccc2ccccc12,8.06
ZINC000013553514,CN1CCC[C@@H]1Cc1c[nH]c2ccc(C3=CCN(C(=O)Nc4cccc5ccccc45)CC3)cc12,9.35
ZINC000064510370,Cc1ccc2c(N3CCN(CCc4cccc5c4OCc4c(C(N)=O)ncn4-5)CC3)cccc2n1,10.0
ZINC000064504169,CC(=O)c1ncn2c1COc1c(CCN3CCN(c4cccc5nc(C)ccc45)CC3)cccc1-2,10.0
ZINC000013589450,O=S(=O)(c1cccc2ccccc12)N1CC=C(c2ccc3[nH]cc(CCN4CCCC4)c3c2)CC1,7.57
ZINC000013553506,CN1CCC[C@@H]1Cc1c[nH]c2ccc(C3=CCN(S(=O)(=O)c4cccc5ccccc45)CC3)cc12,9.06
ZINC000073140433,COc1ccccc1N1CCN(CCN(C(=O)C23C4C5C2C2C3C4C52CF)c2ccccn2)CC1,6.91
ZINC000013743215,NCCc1c[nH]c2ccc(OCCCCCC(=O)N3CCN(c4ccc([N+](=O)[O-])cc4)CC3)cc12,9.47
ZINC000207280702,COc1ccccc1N1CCN(CCCCC(=O)NCc2ccccc2-c2ccccc2Cl)CC1,6.38
ZINC000027842774,S=C(NN1CC=C(c2ccc3[nH]cc(CCN4CCCC4)c3c2)CC1)C12CC3CC(CC(C3)C1)C2,7.54
ZINC000027768721,O=C(NN1CC=C(c2ccc3[nH]cc(CCN4CCCC4)c3c2)CC1)C12CC3CC(CC(C3)C1)C2,7.54
ZINC000095607457,Cc1ccccc1CN1CCN(C(=O)COc2ccc3cccc(N4CCN(C)CC4)c3c2)CC1,9.26
ZINC000038413361,Cc1ccc2c(OCCN3CCC(Cc4cccc(N5CCN(C)CC5=O)c4)CC3)cccc2n1,8.4
ZINC000038413362,Cc1ccc2c(OCCN3CCC(Cc4cccc(N5CCN(C)C(=O)C5)c4)CC3)cccc2n1,8.0
ZINC000073137991,COc1ccccc1N1CCN(CCN(C(=O)C23CCC(CF)(CC2)CC3)c2ccccn2)CC1,6.44
ZINC000034272026,Cc1ccc2c(OCCN3CCC(Cc4cccc(N5CCCN(C)CC5)c4)CC3)cccc2n1,9.2
ZINC000003816902,Cc1ccc2c(OCCN3CCC(Cc4cccc(N5C[C@H](C)N[C@H](C)C5)c4)CC3)cccc2n1,9.1
ZINC000040861614,Cc1ccc2c(OCCN3CCC(Cc4cccc(N5C[C@@H](C)NC[C@@H]5C)c4)CC3)cccc2n1,9.0
ZINC000066259962,Cc1ccc2c(N3CCN(CCc4cccc(NC(=O)c5ccccc5F)c4)CC3)cccc2n1,9.6
ZINC000066259963,Cc1ccc2c(N3CCN(CCc4cccc(NC(=O)c5cccc(F)c5)c4)CC3)cccc2n1,9.5
ZINC000066259964,Cc1ccc2c(N3CCN(CCc4cccc(NC(=O)c5ccc(F)cc5)c4)CC3)cccc2n1,9.4
ZINC000013606631,CN1CCN(c2cccc3ccc(OCC(=O)N4CCN(c5ccccc5C#N)CC4)cc23)CC1,9.29
ZINC000066262495,Cc1ccc2c(N3CCN(CCc4cccc(NC(=O)Nc5ccccc5)c4)CC3)cccc2n1,9.5
ZINC000034377308,Cc1ccc2c(OCCN3CCC(Cc4cccc(N5C[C@H](C)O[C@H](C)C5)c4)CC3)cccc2n1,8.8
ZINC000013606646,Cc1cc(C)c(N2CCN(C(=O)COc3ccc4cccc(N5CCN(C)CC5)c4c3)CC2)c(C)c1,8.72
ZINC000066251188,COc1ccc(C(=O)Nc2cccc(CCN3CCN(c4cccc5nc(C)ccc45)CC3)c2)cc1,9.3
ZINC000066251186,COc1ccccc1C(=O)Nc1cccc(CCN2CCN(c3cccc4nc(C)ccc34)CC2)c1,9.2
ZINC000066251187,COc1cccc(C(=O)Nc2cccc(CCN3CCN(c4cccc5nc(C)ccc45)CC3)c2)c1,9.8
ZINC000096903904,NCCc1c[nH]c2ccc(OCCN3CCN(CCOc4ccc5[nH]cc(CCN)c5c4)CC3)cc12,9.46
ZINC000028524642,COc1ccc(NC(=O)N2CCN(c3ccc(-c4ccccc4)cc3)CC2)cc1N1CCN(C)CC1,6.68
ZINC000040391174,O=C(Nc1cccc(Cn2ncc(N3CCNCC3)c(Cl)c2=O)c1)c1ccc(-c2ccccc2)cc1,6.38
ZINC000066252761,Cc1ccc2c(N3CCN(CCc4cccc(NC(=O)Nc5ccccc5F)c4)CC3)cccc2n1,9.7
ZINC000066252467,Cc1ccc2c(N3CCN(CCc4cccc(NC(=O)Nc5cccc(F)c5)c4)CC3)cccc2n1,9.2
ZINC000014022479,Cc1ccc2c(N3CCN(CCc4cccc(NC(=O)Nc5ccc(F)cc5)c4)CC3)cccc2n1,9.3
ZINC000040391807,CC(=O)N1CCC(c2cccc(CC3CCN(CCOc4cccc5nc(C)ccc45)CC3)c2)CC1,8.4
ZINC000034637755,CNC(=O)c1ncn2c1COc1c(CCN3CCN(c4cccc5nc(C)ccc45)CC3)cccc1-2,9.9
ZINC000064499263,Cc1ccc2c(N3CCN(CCc4cccc5c4OCc4nc(C(F)(F)F)cn4-5)CC3)cccc2n1,9.9
ZINC000028526102,CCc1c(C(=O)N2CCc3cc4ccnc(N5CCNCC5)c4cc32)cnn1-c1ccc(C#N)cc1,8.6
ZINC000000600564,COc1ccc(NC(=O)c2ccc(-c3ccc(-c4noc(C)n4)cc3C)cc2)cc1OCCN(C)C,7.5
ZINC000013779294,COc1ccc(NC(=O)c2ccc(-c3ccc(-c4noc(C)n4)cc3C)cc2)cc1CCCN(C)C,7.0
ZINC000013779292,COc1ccc(NC(=O)c2ccc(-c3ccc(-c4noc(C)n4)cc3C)cc2)cc1NCCN(C)C,7.4
ZINC000207280890,COc1ccccc1N1CCN(CCCCCC(=O)NCc2ccccc2-c2ccccc2Cl)CC1,6.91
ZINC000013604980,NCCc1c[nH]c2ccc(OCC(=O)NCCCNC(=O)COc3ccc4[nH]cc(CCN)c4c3)cc12,9.52
ZINC000003824074,CS(=O)(=O)Nc1ccc(N2CCN(C(=O)CCCCCOc3ccc4[nH]cc(CCN)c4c3)CC2)cc1,8.89
ZINC000013606643,CN1CCN(c2cccc3ccc(OCC(=O)N4CCN(c5cccc6c5OCCO6)CC4)cc23)CC1,9.35
ZINC000013606633,CN1CCN(c2cccc3ccc(OCC(=O)N4CCN(c5cccc6ccccc56)CC4)cc23)CC1,9.06
ZINC000001485293,Cc1nc(-c2ccc(-c3ccc(C(=O)Nc4ccc5c(c4)C4(CCN(C)CC4)CO5)cc3)c(C)c2)no1,5.7
ZINC000064516625,Cc1ccc2c(N3CCN(CCc4cccc5c4OCc4c(C(=O)N(C)C)ncn4-5)CC3)cccc2n1,9.8
ZINC000064510238,CO/N=C(\C)c1ncn2c1COc1c(CCN3CCN(c4cccc5nc(C)ccc45)CC3)cccc1-2,9.5
ZINC000064504069,CCOC(=O)c1ncn2c1COc1c(CCN3CCN(c4cccc5nc(C)ccc45)CC3)cccc1-2,9.5
ZINC000000591332,CCc1c(C(=O)N2CCc3cc4ccnc(N5CCN(C)CC5)c4cc32)cnn1-c1ccc(C#N)cc1,9.2
ZINC000013606640,COc1cccc(N2CCN(C(=O)COc3ccc4cccc(N5CCN(C)CC5)c4c3)CC2)c1OC,9.21
ZINC000000601006,Cc1nc(-c2ccc(-c3ccc(C(=O)Nc4cc5c(c(OCCN(C)C)c4)OCC5)cc3)c(C)c2)no1,7.6
ZINC000013604972,NCCc1c[nH]c2ccc(OCCN3CCN(C(=O)COc4ccc5[nH]cc(CCN)c5c4)CC3)cc12,9.8
ZINC000040863575,Cc1ccc(Cn2ncc(N3CCNCC3)c(Cl)c2=O)cc1NC(=O)c1ccc(-c2ccccc2)cc1,6.13
ZINC000040862271,Cc1c(Cn2ncc(N3CCNCC3)c(Cl)c2=O)cccc1NC(=O)c1ccc(-c2ccccc2)cc1,6.34
ZINC000013779296,Cc1nc(-c2ccc(-c3ccc(C(=O)Nc4ccc5c(c4)N(CCN(C)C)CCO5)cc3)c(C)c2)no1,7.7
ZINC000013743219,NCCc1c[nH]c2ccc(OCC(=O)N3CCN(c4ccc(NC(=O)c5ccccc5)cc4)CC3)cc12,8.89
ZINC000040872887,Cc1ccc2c(OCCN3CCC(Cc4cccc(C5CCN(S(C)(=O)=O)CC5)c4)CC3)cccc2n1,8.5
ZINC000064521340,Cc1ccc2c(N3CCN(CCc4cccc5c4OCc4c(C(=O)N6CCC6)ncn4-5)CC3)cccc2n1,9.7
ZINC000064516440,Cc1ccc2c(N3CCN(CCc4cccc5c4OCc4c(C(=O)NC6CC6)ncn4-5)CC3)cccc2n1,10.4
ZINC000001484771,COc1cc2c(cc1OCCN(C)C)N(C(=O)c1ccc(-c3ccc(-c4noc(C)n4)cc3C)cc1)CC2,8.3
ZINC000003919051,NCCc1c[nH]c2ccc(OCC(=O)N3CCN(C(=O)COc4ccc5[nH]cc(CCN)c5c4)CC3)cc12,9.38
ZINC000073138075,COc1ccc(NC(=O)c2ccc3c(c2)N(C)C(=O)CN3c2ccc(Cl)c(Cl)c2)cc1N1CCN(C)CC1,7.36
ZINC000029212591,CN1CCN(c2cccc3ccc(OCCOc4ccc5cccc(N6CCN(C)CC6)c5c4)cc23)CC1,8.77
ZINC000064479859,Cc1ccc2c(N3CCN(CCc4cccc5c4OCc4c(C(=O)NC(C)C)ncn4-5)CC3)cccc2n1,9.8
ZINC000028528223,CCc1c(C(=O)N2CCc3cc4ccnc(N5C[C@H](C)N[C@H](C)C5)c4cc32)cnn1-c1ccc(C#N)cc1,8.1
ZINC000028526152,CCc1c(C(=O)N2CCc3cc4ccnc(N5CCN(CC)CC5)c4cc32)cnn1-c1ccc(C#N)cc1,8.6
ZINC000040423830,CN1CCC(c2c[nH]c3ccc(NC(=O)CC(=O)Nc4ccc5[nH]cc(C6CCN(C)CC6)c5c4)cc23)CC1,8.47
ZINC000028712499,Cc1ccc2c(-c3nnc(SCCCN4CCc5ccc(-c6cc(C)nn6C)cc5CC4)n3C)cccc2n1,6.7
ZINC000028528310,CCc1c(C(=O)N2CCc3cc4ccnc(N5CCN(C(C)C)CC5)c4cc32)cnn1-c1ccc(C#N)cc1,8.1
ZINC000001485772,Cc1nc(-c2ccc(-c3ccc(C(=O)N4CCc5cc6c(cc54)C4(CCN(C)CC4)CO6)cc3)c(C)c2)no1,6.59
ZINC000064527783,Cc1ccc2c(N3CCN(CCc4cccc5c4OCc4c(C(=O)N6CCCC6)ncn4-5)CC3)cccc2n1,9.8
ZINC000064516308,Cc1ccc2c(N3CCN(CCc4cccc5c4OCc4c(C(=O)NC6CCC6)ncn4-5)CC3)cccc2n1,10.0
ZINC000064527861,Cc1ccc2c(N3CCN(CCc4cccc5c4OCc4c(C(=O)NCC6CC6)ncn4-5)CC3)cccc2n1,10.7
ZINC000028526956,CCc1c(C(=O)N2CCc3cc4ccnc(N5CCN6CCC[C@@H]6C5)c4cc32)cnn1-c1ccc(C#N)cc1,9.0
ZINC000028527821,CCc1c(C(=O)N2CCc3cc4ccnc(N5CCN6CCC[C@H]6C5)c4cc32)cnn1-c1ccc(C#N)cc1,8.5
ZINC000003919050,NCCc1c[nH]c2ccc(OCC(=O)Nc3ccc(NC(=O)COc4ccc5[nH]cc(CCN)c5c4)cc3)cc12,9.96
ZINC000064527877,Cc1ccc2c(N3CCN(CCc4cccc5c4OCc4c(C(=O)N6CCCCC6)ncn4-5)CC3)cccc2n1,9.8
ZINC000064527701,Cc1ccc2c(N3CCN(CCc4cccc5c4OCc4c(C(=O)NC6CCCC6)ncn4-5)CC3)cccc2n1,9.8
ZINC000064553044,Cc1ccc2c(N3CCN(CCc4cccc5c4OCc4c(C(=O)N6CCOCC6)ncn4-5)CC3)cccc2n1,9.8
ZINC000044305230,CN1CCC(c2c[nH]c3ccc(NC(=O)CCCC(=O)Nc4ccc5[nH]cc(C6CCN(C)CC6)c5c4)cc23)CC1,9.02
ZINC000052955754,CN1C[C@H](C(=O)N[C@]2(C)O[C@@]3(O)[C@@H]4CCCN4C(=O)[C@H](Cc4ccccc4)N3C2=O)C=C2c3cccc4[nH]cc(c34)C[C@H]21,9.1
ZINC000027551612,NCCc1c[nH]c2ccc(OCC(=O)N3CCC(C4CCN(C(=O)COc5ccc6[nH]cc(CCN)c6c5)CC4)CC3)cc12,9.57
ZINC000044351350,CN1CCC(c2c[nH]c3ccc(NC(=O)CCCCCCC(=O)Nc4ccc5[nH]cc(C6CCN(C)CC6)c5c4)cc23)CC1,9.05
ZINC000029207829,CN1CCN(c2cccc3ccc(OCC(=O)Nc4ccc(NC(=O)COc5ccc6[nH]cc(CCN)c6c5)cc4)cc23)CC1,9.3
ZINC000003919047,NCCc1c[nH]c2ccc(OCC(=O)Nc3ccc(N4CCN(C(=O)COc5ccc6[nH]cc(CCN)c6c5)CC4)cc3)cc12,10.05
ZINC000044307517,CN1CCC(c2c[nH]c3ccc(NC(=O)CCCCCCCCC(=O)Nc4ccc5[nH]cc(C6CCN(C)CC6)c5c4)cc23)CC1,9.02
ZINC000044307250,CN1CCC(c2c[nH]c3ccc(NC(=O)CCCCCCCCCC(=O)Nc4ccc5[nH]cc(C6CCN(C)CC6)c5c4)cc23)CC1,9.05
ZINC000003918914,CN(C)CCc1c[nH]c2ccc(CS(=O)(=O)N(C)Cc3ccc(CN(C)S(=O)(=O)Cc4ccc5[nH]cc(CCN(C)C)c5c4)cc3)cc12,9.05
ZINC000029209235,CN1CCN(c2cccc3ccc(OCC(=O)N4CCN(C(=O)COc5ccc6cccc(N7CCN(C)CC7)c6c5)CC4)cc23)CC1,8.91
ZINC000049776277,CN1CCC(c2c[nH]c3ccc(NC(=O)CCCCCCCCCCCC(=O)Nc4ccc5[nH]cc(C6CCN(C)CC6)c5c4)cc23)CC1,8.85
ZINC000049888980,CN1CCC(c2c[nH]c3ccc(NC(=O)CCCCCCCCCCCCC(=O)Nc4ccc5[nH]cc(C6CCN(C)CC6)c5c4)cc23)CC1,8.77
ZINC000049889318,CN1CCC(c2c[nH]c3ccc(NC(=O)CCCCCCCCCCCCCC(=O)Nc4ccc5[nH]cc(C6CCN(C)CC6)c5c4)cc23)CC1,8.64
ZINC000049889416,CN1CCC(c2c[nH]c3ccc(NC(=O)CCCCCCCCCCCCCCC(=O)Nc4ccc5[nH]cc(C6CCN(C)CC6)c5c4)cc23)CC1,7.95
ZINC000049899503,O=C(Nc1ccc2[nH]cc(C3CCN(CCN4CCC(c5c[nH]c6ccc(NC(=O)c7ccc(F)cc7)cc56)CC4)CC3)c2c1)c1ccc(F)cc1,6.66
ZINC000049898140,O=C(Nc1ccc2[nH]cc(C3CCN(CCCN4CCC(c5c[nH]c6ccc(NC(=O)c7ccc(F)cc7)cc56)CC4)CC3)c2c1)c1ccc(F)cc1,7.1
ZINC000049833494,O=C(Nc1ccc2[nH]cc(C3CCN(C/C=C/CN4CCC(c5c[nH]c6ccc(NC(=O)c7ccc(F)cc7)cc56)CC4)CC3)c2c1)c1ccc(F)cc1,7.62
ZINC000095615856,O=C(Nc1ccc2[nH]cc(C3CCN(CCCCCCN4CCC(c5c[nH]c6ccc(NC(=O)c7ccc(F)cc7)cc56)CC4)CC3)c2c1)c1ccc(F)cc1,9.22
ZINC000095615904,O=C(Nc1ccc2[nH]cc(C3CCN(CCCCCCCN4CCC(c5c[nH]c6ccc(NC(=O)c7ccc(F)cc7)cc56)CC4)CC3)c2c1)c1ccc(F)cc1,9.52
ZINC000095611444,NCCc1c[nH]c2ccc(OCCCCCCNS(=O)(=O)c3ccc(-c4ccc(S(=O)(=O)NCCCCCCOc5ccc6[nH]cc(CCN)c6c5)cc4)cc3)cc12,9.35
ZINC000095614954,O=C(Nc1ccc2[nH]cc(C3CCN(Cc4cccc(CN5CCC(c6c[nH]c7ccc(NC(=O)c8ccc(F)cc8)cc67)CC5)c4)CC3)c2c1)c1ccc(F)cc1,6.82
ZINC000095540389,O=C(Nc1ccc2[nH]cc(C3CCN(CCOCCOCCN4CCC(c5c[nH]c6ccc(NC(=O)c7ccc(F)cc7)cc56)CC4)CC3)c2c1)c1ccc(F)cc1,8.82
ZINC000095540776,O=C(Nc1ccc2[nH]cc(C3CCN(CCCCCCCCCN4CCC(c5c[nH]c6ccc(NC(=O)c7ccc(F)cc7)cc56)CC4)CC3)c2c1)c1ccc(F)cc1,9.0
ZINC000095615759,O=C(Nc1ccc2[nH]cc(C3CCN(CCCCCCCCCCN4CCC(c5c[nH]c6ccc(NC(=O)c7ccc(F)cc7)cc56)CC4)CC3)c2c1)c1ccc(F)cc1,7.89
ZINC000095615869,O=C(Nc1ccc2[nH]cc(C3CCN(CCCCCCCCCCCN4CCC(c5c[nH]c6ccc(NC(=O)c7ccc(F)cc7)cc56)CC4)CC3)c2c1)c1ccc(F)cc1,7.89
ZINC000095615789,O=C(Nc1ccc2[nH]cc(C3CCN(CCOCCOCCOCCN4CCC(c5c[nH]c6ccc(NC(=O)c7ccc(F)cc7)cc56)CC4)CC3)c2c1)c1ccc(F)cc1,8.41
ZINC000095615703,O=C(Nc1ccc2[nH]cc(C3CCN(CCCCCCCCCCCCN4CCC(c5c[nH]c6ccc(NC(=O)c7ccc(F)cc7)cc56)CC4)CC3)c2c1)c1ccc(F)cc1,7.89
