id,smiles,pKi
CHEMBL246873,Clc1ccc(C2CNCc3cc(OCCCN4CCCCC4)ncc32)cc1,6.85
CHEMBL405349,CCOc1cc(Cl)ccc1OC(c1ccccc1)C1CNCCO1,6.66
CHEMBL263373,CCOc1c(Cl)cccc1OC(c1ccccc1)C1CNCCO1,6.47
CHEMBL3986502,CCOc1ccc(C2(C(CC(C)C)NCCSCC)CCC2)cc1,8.48
CHEMBL463387,CN(C)C(=O)c1cc2cc(C3(Cc4ccccc4)CCNC3)ccc2[nH]1,7.66
CHEMBL3323095,CN1Cc2ccccc2C(c2ccc3sccc3c2)C1,8.4
CHEMBL2205827,COc1ccc(CN2C3C4C5CC6C7C5C3C7C2(O)C64)cc1OC,5.35
CHEMBL451652,COc1ccc(C2CCC(CN)O2)cc1,5.16
CHEMBL459333,COc1ccc([C@H]2C[C@H]3CC[C@H]([C@H]2C(=O)OCCc2cc(I)c(N)c(I)c2)N3C)cc1.Cl,9.0
CHEMBL247472,COc1ccc(C2CN(C)Cc3cc(OCCCN4CCOCC4)ncc32)cc1,7.16
CHEMBL459332,COc1ccc([C@H]2C[C@H]3CC[C@H]([C@H]2C(=O)OCCc2ccc(N)c(I)c2)N3C)cc1.Cl,8.46
CHEMBL486538,c1ccc(CC2(c3cnc4[nH]ccc4c3)CCNC2)cc1,7.39
CHEMBL487355,c1ccc(CC2(c3ccc4[nH]ccc4c3)CCNC2)cc1,7.27
CHEMBL511466,CN1C2CCC1[C@@H](c1cc(-c3ccc(F)cc3)no1)[C@@H](c1ccc(Cl)cc1)C2.Cl,6.18
CHEMBL2206523,CN1Cc2ccccc2C(c2ccc(Cl)cc2)C1,5.75
CHEMBL4229131,COCCOc1cc(CC2CCN(CCc3ccc4c(c3)C(=O)CCO4)CC2)ccc1I,9.39
CHEMBL2326691,CN1CCCCC(c2ccc(Cl)c(Cl)c2)C1,6.58
CHEMBL3704756,CCOc1ccc(C2(CC(C)CCNCCCC(N)=O)CCC2)cc1,8.26
CHEMBL400831,CSc1ccc(C2CN(C)Cc3cc(Oc4ccc(CN5CCCCC5)nc4)ccc32)cc1,8.1
CHEMBL504231,c1ccc(CCC2(c3ccc4[nH]ccc4c3)CCNC2)cc1,7.89
CHEMBL206152,N#CCCN(Cc1ccc(F)cc1C(F)(F)F)C1CCNCC1.O=C(O)C(O)C(O)C(=O)O,9.4
CHEMBL381079,CC(C)(C#N)CN(Cc1ccc(F)cc1C(F)(F)F)C1CCNCC1.O=C(O)C(O)C(O)C(=O)O,8.38
CHEMBL207755,COCCCN(Cc1ccc(F)cc1C(F)(F)F)C1CCNCC1.O=C(O)C(O)C(O)C(=O)O,8.96
CHEMBL14305,COC(=O)C1C(c2ccc(/C=C\Br)cc2)CC2CCC1N2C,10.1
CHEMBL27,CC(C)NCC(O)COc1cccc2ccccc12,6.7
CHEMBL392429,CN1Cc2cc(OCCCN3CCCCC3)ncc2C(c2cccc(Cl)c2)C1,6.08
CHEMBL3323102,CN1Cc2ccccc2C(c2ccc3cc[nH]c3c2)C1,7.86
CHEMBL132955,OC1(c2ccc(Cl)cc2)c2cc(Cl)c(Cl)cc2C2=NCCN21,5.87
CHEMBL216015,COC(=O)/C=C1/CN2C3CCC2C1C(c1ccc(C)cc1)C3,7.01
CHEMBL428706,COC(=O)C1C2CCC(CC1c1ccc(/C=C\I)cc1)N2,10.3
CHEMBL399014,CSc1ccc(C2CN(C)Cc3cc(Oc4nc(CN5CCOCC5)cs4)ccc32)cc1,6.7
CHEMBL203488,CCCC(C(=O)c1ccc(Cl)c(Cl)c1)N1CCCC1,6.7
CHEMBL203403,CCCC(C(=O)c1ccccc1C)N1CCCC1,5.43
CHEMBL246954,CN1Cc2cc(OCCCN3CCC(F)CC3)ccc2C(c2ccc(OC(F)F)cc2)C1,8.37
CHEMBL238053,CSc1ccc(C2CN(C)Cc3cc(Oc4ccc(CN5CCC(F)CC5)cn4)ccc32)cc1,8.19
CHEMBL27979,C[C@H]1CC[C@H](C)N1CCCOc1ccc(-c2ccc(C(=O)N3CCOCC3)cc2)cc1,5.45
CHEMBL132683,COC(=O)C1C(c2ccc(O)c(O)c2)CC2CCC1N2C,6.57
CHEMBL4226053,COCCOc1cc(CC2CCN(CCc3ccc4c(c3)C(=O)CCC4)CC2)ccc1Br,9.17
CHEMBL326466,CN(C)C[C@H]1C2CCC(C2)[C@@H]1c1ccc2ccccc2c1,8.64
CHEMBL469889,Cc1ccc([C@H]2CC3CCC([C@H]2c2onc(C)c2-c2ccc(Cl)cc2)N3C)cc1.Cl,6.06
CHEMBL4227100,COC[C@H]1CN[C@@H]2CC[C@@]1(c1ccc(Cl)c(Cl)c1)C2,8.0
CHEMBL4228218,COCCOc1cc(Br)cc(CC2CCN(CCc3ccc4c(c3)C(=O)CCO4)CC2)c1,8.27
CHEMBL469887,COc1ccc(-c2cc([C@@H]3C4CCC(C[C@@H]3c3ccc(Cl)cc3)N4C)on2)cc1.Cl,6.27
CHEMBL41,CNCCC(Oc1ccc(C(F)(F)F)cc1)c1ccccc1,8.46
CHEMBL207894,FC(F)(F)OCCN(Cc1ccccc1C(F)(F)F)C1CCNCC1.O=C(O)C(O)C(O)C(=O)O,7.77
CHEMBL1170212,c1ccc(CC2CNCCN2c2cnc3[nH]ccc3c2)cc1,7.2
CHEMBL1170209,COc1cc(N2CCNCC2Cc2ccccc2)cc2cc[nH]c12,7.3
CHEMBL212452,C=C1CN2C3CCC2C1C(c1ccc(Br)cc1)C3,9.55
CHEMBL1170793,Clc1ccc(N2CCNCC2Cc2ccccc2)cc1Cl,7.8
CHEMBL1171424,c1cc2[nH]ncc2cc1N1CCNCC1CC1CCCCC1,7.4
CHEMBL198298,CN(C)CCC(Oc1ccc(C(F)(F)F)cc1)c1ccccc1,8.08
CHEMBL275212,COC(=O)C1C(c2ccc(/C=C\I)cc2)CC2CCC1N2C,9.96
CHEMBL141114,CNCCC(Oc1cccc2ccccc12)c1ccc(C)cc1,8.68
CHEMBL3663909,Cc1ccc(C2CN(C)Cc3ccccc32)o1,5.12
CHEMBL85882,NCC1c2ccccc2Cc2cc(Br)ccc21,5.92
CHEMBL14370,CCOc1ccccc1OC(c1ccccc1)C1CNCCO1,5.85
CHEMBL245516,Cc1ccc(OC(CCN(C)C)c2ccc(OCCCN3CCCCC3)cc2)cc1,7.8
CHEMBL245309,CC(C)N1CCN(C(=O)c2ccc(C(CCN(C)C)Oc3ccccc3)cc2)CC1,6.61
CHEMBL4091193,O=S(=O)(NCCCN1CC=C(c2c[nH]c3ccc(Cl)cc23)CC1)c1cccc(Cl)c1,8.64
CHEMBL4062817,O=S(=O)(NCCCCN1CC=C(c2c[nH]c3ccc(F)cc23)CC1)c1ccc2ccccc2c1,8.37
CHEMBL4104596,Cc1cccc(S(=O)(=O)NCCN2CC=C(c3c(C)[nH]c4ccc(Cl)cc34)CC2)c1,7.5
CHEMBL3799795,CN(C)CCCN1c2ccccc2CCc2ccc(C#CCOCCOCCc3cccc4ccccc34)cc21,6.27
CHEMBL476839,COc1c(OCCF)cccc1C(O)C1CCN(CCc2ccc(C)cc2)CC1,5.58
CHEMBL415244,CNCCC(Oc1cccc2ccccc12)c1ccc(OC)cc1,8.46
CHEMBL246874,CN1Cc2cc(OCCCN3CCCCC3)ncc2C(c2ccc(Cl)cc2)C1,6.97
CHEMBL3799131,CN(C)CCCN1c2ccccc2CCc2ccc(C#CCOCCCN3c4ccccc4CCc4ccccc43)cc21,4.8
CHEMBL246955,CSc1ccc(C2CN(C)Cc3cc(OCCCN4CCOCC4)ccc32)cc1,8.21
CHEMBL247669,CC(C)N1CCC(COc2cc3c(cn2)C(c2ccc(Cl)c(Cl)c2)CNC3)CC1,7.43
CHEMBL515988,COc1ccc([C@H]2C[C@H]3CC[C@H]([C@H]2C(=O)OC(C)C)N3C)cc1.Cl,6.87
CHEMBL3799668,CN(C)CCCN1c2ccccc2CCc2ccc(CCCOCCOc3cccc4ccccc34)cc21,6.57
CHEMBL3799596,CN(C)CCCN1c2ccccc2CCc2ccc(CCCOCCOCCc3cccc4ccccc34)cc21,5.17
CHEMBL3797621,CN(C)CCCN1c2ccccc2CCc2ccc(C#CCO)cc21,5.58
CHEMBL3799072,CN(C)CCCN1c2ccccc2CCc2ccc(C#CCOCCOc3ccc4ccccc4c3)cc21,5.82
CHEMBL1818546,Clc1ccc([C@]23CCNCC2(Cn2ccc4ccccc42)C3)cc1Cl,8.9
CHEMBL1224163,O=C(c1ccc2[nH]ccc2c1)C1(Cc2ccccc2)CCCCNC1,7.1
CHEMBL237863,CSc1ccc(C2CN(C)Cc3cc(Oc4ccc(CN5CCOCC5)cn4)ccc32)cc1,8.1
CHEMBL295467,CNCCC(Oc1ccccc1OC)c1ccccc1,6.69
CHEMBL380383,C=C1CN2C3CCC2C1C(c1ccc(I)cc1)C3,10.05
CHEMBL1224563,O=C(c1cc(F)c2[nH]ccc2c1)C1(Cc2ccccc2)CCNC1,6.7
CHEMBL1224400,CC(C)(C)CCC1(C(=O)c2ccc(Cl)c(Cl)c2)CCNC1,9.0
CHEMBL4226242,CN1Cc2c(N)cccc2C(c2ccc(Cl)c(Cl)c2)C1,7.99
CHEMBL209094,CC(C)(O)CN(Cc1ccc(F)cc1C(F)(F)F)C1CCNCC1.O=C(O)C(O)C(O)C(=O)O,8.4
CHEMBL396981,COc1ccc(C2CN(C)Cc3cc(OCCCN4CCN(c5nccs5)CC4)ccc32)cc1,8.28
CHEMBL808,Clc1ccc(COC(Cn2ccnc2)c2ccc(Cl)cc2Cl)cc1,6.65
CHEMBL400629,CSc1ccc(C2CN(C)Cc3cc(Oc4cccc(CN5CCCCC5)c4)ccc32)cc1,7.75
CHEMBL14144,CN1C2CCC1C(C(=O)Oc1ccccc1)C(c1ccc(Cl)cc1)C2,6.41
CHEMBL486041,Cc1ccc([C@H]2CC3CCC([C@H]2c2cc(Cc4ccc(F)cc4)no2)N3C)cc1.Cl,6.95
CHEMBL1237044,COc1cccc(C2(O)CCCCC2CN(C)C)c1,6.7
CHEMBL1224492,CCCCC1(C(=O)c2cc(F)c3[nH]ccc3c2)CCNC1,8.9
CHEMBL1224320,CC(C)CCC1(C(=O)c2cc(F)c3[nH]ccc3c2)CCNC1,9.4
CHEMBL514424,COc1ccc([C@H]2C[C@H]3CC[C@H]([C@H]2C(=O)OCCc2ccc(N)c(Br)c2)N3C)cc1.Cl,8.39
CHEMBL926,CC(CCc1ccc(O)cc1)NCCc1ccc(O)c(O)c1,6.0
CHEMBL67203,c1ccc(CCCN2CCCC(CNCCOC(c3ccccc3)c3ccccc3)C2)cc1,6.68
CHEMBL4060649,Cc1cccc(S(=O)(=O)NCCCN2CC=C(c3c[nH]c4ccc(F)cc34)CC2)c1,8.27
CHEMBL4095979,O=S(=O)(NCCCCN1CC=C(c2c[nH]c3ccc(Cl)cc23)CC1)c1ccc(F)cc1,8.24
CHEMBL4088925,Cc1[nH]c2ccc(Cl)cc2c1C1=CCN(CCCNS(=O)(=O)c2ccc3ccccc3c2)CC1,7.8
CHEMBL237862,CSc1ccc(C2CN(C)Cc3cc(Oc4ccc(CN5CCCCC5)cn4)ccc32)cc1,8.09
CHEMBL233054,COc1ccc(C2CN(C)Cc3cc(OCCCN4CCC(F)CC4)ccc32)cc1,8.54
CHEMBL3323088,Cc1ccc2c(c1)CN(C)CC2c1ccc(F)cc1,6.64
CHEMBL1914693,CN1C2CCC1[C@@H](C(=O)Nc1ccc(Br)nc1)[C@@H](c1ccc(Cl)cc1)C2,4.82
CHEMBL383071,C[C@@H](CCN1CCC(CCOC(c2ccc(F)cc2)c2ccc(F)cc2)CC1)c1ccccc1.O=C(O)C(=O)O,7.12
CHEMBL379181,CN1CCCCCCCCCCCC(=O)OCC2C(CC3CCC2N3C)c2ccc1cc2,6.96
CHEMBL1744173,CCN(C)[C@H]1C[C@@H](c2ccc(Cl)c(Cl)c2)c2ccccc21.O=C(O)/C=C\C(=O)O,7.89
CHEMBL201976,CCCC(C(=O)c1ccc(-c2ccco2)cc1)N1CCCC1,5.48
CHEMBL4227955,Clc1ccc([C@@H]2CCNC[C@@]23CCOC3)cc1Cl,8.3
CHEMBL4224830,Clc1ccc(C2CCNCC23CCOCC3)cc1Cl,9.2
CHEMBL66112,Fc1ccc(CCN2CCCC(CNCCOC(c3ccccc3)c3ccccc3)C2)cc1,6.46
CHEMBL3705038,O=c1ccoc2ccc(CCN3CCC(Cc4ccc(Br)c(OCCO)c4)CC3)cc12,8.46
CHEMBL138031,CNCCC(Oc1cccc2ccccc12)c1nccs1,8.19
CHEMBL2347178,NCC(N)CCc1c[nH]c2ccc(F)cc12,7.92
CHEMBL372378,CCN(CC)c1ccc2c(-c3ccc(S(=O)(=O)NCCCCCC(=O)NCCOC(=O)[C@@H]4C5CCC(C[C@@H]4c4ccc(Cl)c(Cl)c4)N5C)cc3S(=O)(=O)[O-])c3ccc(=[N+](CC)CC)cc-3oc2c1,5.83
CHEMBL114453,OC(CCc1ccccc1)CN1CCC2(CC1)OCc1c2ccc2ccccc12,8.0
CHEMBL553224,CNC[C@@H]1C[C@@]1(Oc1cccc2ccccc12)c1cccs1.Cl,8.68
CHEMBL226636,COc1cc2c(cc1OC)C1=NOC(CN3CCN(C/C=C/c4ccc(F)cc4)CC3)C1CO2,8.68
CHEMBL247266,CCN(CC)CCCOc1cc2c(cn1)C(c1ccc(OC)cc1)CNC2,6.65
CHEMBL60889,CCOc1cc(N)c(Cl)cc1C(=O)NCC1CN(Cc2ccc(F)cc2)CCO1,5.69
CHEMBL544370,Cl.OC1(c2ccc3c(c2)OCO3)c2ccccc2C2=NCCCN21,7.59
CHEMBL549,CN(C)CCCC1(c2ccc(F)cc2)OCc2cc(C#N)ccc21,7.48
CHEMBL499461,COc1ccc(C2=NN(CCCCCNCC[C@@H](Oc3ccc(C(F)(F)F)cc3)c3ccccc3)C(=O)C3CC=CCC23)cc1OC,7.19
CHEMBL232299,COC(=O)C1=C(c2ccc(-c3ccccc3)cc2)CCCCC1,4.5
CHEMBL470690,Cc1ccc(-c2cc([C@@H]3C4CCC(C[C@@H]3c3ccc(Cl)cc3)N4C)on2)cc1.Cl,6.28
CHEMBL211372,CN1C2CCC1C1COC(=O)CCCCCCCCC(=O)Nc3ccc(cc3)C1C2,8.72
CHEMBL14531,COC(=O)C1C2CCC(CC1c1ccc(/C=C\Br)cc1)N2,10.4
CHEMBL311347,COC(=O)[C@@H]1C2CC[C@H](C[C@@H]1c1ccc(I)cc1)N2C,9.17
CHEMBL471899,Cc1noc([C@@H]2C3CCC(C[C@@H]2c2ccc(Cl)cc2)N3C)c1-c1ccc(Cl)cc1.Cl,6.41
CHEMBL513206,Cc1ccc(-c2c(C)noc2[C@@H]2C3CCC(C[C@@H]2c2ccc(Cl)cc2)N3C)cc1.Cl,6.53
CHEMBL201960,CCCC(C(=O)c1ccc(C)cc1)N1CCCC1,5.42
CHEMBL133902,OC1(c2ccccc2)c2ccccc2C2=NCCN21,5.75
CHEMBL1628227,CN(C)CCC=C1c2ccccc2COc2ccccc21,7.66
CHEMBL139168,CNCCC(Oc1cccc2ccccc12)c1ccc(Br)cc1,8.39
CHEMBL337791,CNCCC(Oc1cccc2ccccc12)c1cccc(OC)c1,8.66
CHEMBL558065,CNC[C@@H]1C[C@]1(Oc1cccc2ccccc12)c1cccs1.Cl,7.48
CHEMBL205028,CCCCNC(CCC)C(=O)c1ccc(Cl)c(Cl)c1,5.29
CHEMBL202348,C=CCC(C(=O)c1ccc(Cl)c(Cl)c1)N1CCCC1,5.97
CHEMBL2429890,c1cc2c(cc1CN[C@H]1C3C4CC5C6C4CC3C6C51)OCO2,5.7
CHEMBL3974108,CCOCCNC(CC(C)C)C1(c2ccc(Cl)c(Cl)c2)CCC1,8.85
CHEMBL3656921,Oc1cc(CC2CCN(CCc3ccc4c(c3)C(O)CCO4)CC2)ccc1Br,7.39
CHEMBL245515,CN(C)CCC(Oc1ccccc1)c1ccc(C#CCCN2CCCCC2)cc1,7.54
CHEMBL382248,COCCN(Cc1ccccc1C(F)(F)F)C1CCNCC1.O=C(O)/C=C/C(=O)O,8.6
CHEMBL382001,CC(C)CN(Cc1ccc(C#N)cc1)C1CCNCC1.O=C(O)/C=C/C(=O)O,9.55
CHEMBL1170585,CNc1ccc(N2CCNCC2Cc2ccccc2)cc1,7.1
CHEMBL1170213,CCOCC1CNCCN1c1ccc2[nH]ncc2c1,7.8
CHEMBL312037,COC(=O)[C@@H]1C2CC[C@H](C[C@@H]1c1ccc(C)cc1)N2C,7.64
CHEMBL493130,Cl.NC[C@H]1C[C@@H]1c1ccc(F)cc1,5.57
CHEMBL4591440,COc1ccc2[nH]cc(C3CCN(CCCCN4C(=O)CC(c5c[nH]c6ccc(OC)cc56)C4=O)CC3)c2c1,6.51
CHEMBL248825,O=C(OCc1ccco1)C1=C(c2ccc(Cl)c(Cl)c2)CCC1,4.62
CHEMBL303232,COC(=O)C1C(c2cccc(-c3ccsc3)c2)CC2CCC1N2C,7.13
CHEMBL14924,COC(=O)C1C(c2ccc(C=C(Br)Br)cc2)CC2CCC1N2C,8.87
CHEMBL781,OC1(c2ccc(Cl)cc2)c2ccccc2C2=NCCN21,7.3
CHEMBL304656,COC(=O)[C@H]1C2CC[C@@H]3C[C@@H]1/C(=C/c1ccc(Cl)c(Cl)c1)CN23,9.25
CHEMBL4084262,COc1ccccc1N1CCC2(CCN(CCCSc3nnc(-c4ccccc4)n3C)CC2)CC1,6.53
CHEMBL558525,CNC[C@H]1C[C@]1(Oc1cccc2ccccc12)c1cccs1.Cl,7.52
CHEMBL141681,CNCCC(Oc1cccc2ccccc12)c1ccccc1,8.62
CHEMBL3966886,COc1cccc(CC2CCN(CCc3ccccc3)CC2)c1,6.67
CHEMBL4228034,COCCOc1cc(CC2CCN(CCc3cc4c(cc3Cl)OCCO4)CC2)ccc1Br,8.26
CHEMBL201977,CCCC(CN1CCCC1)C(=O)c1ccc(Cl)c(Cl)c1,6.2
CHEMBL204759,CCCC(C(=O)c1ccc2ccccc2c1)N1CCCC1,7.48
CHEMBL4533250,Cl.Clc1ccccc1OCc1cc(OC[C@@H]2CCCN2)no1,5.53
CHEMBL4587314,COc1ccc2[nH]cc(C3CCN(CCCN4C(=O)CC(c5c[nH]c6ccc(F)cc56)C4=O)CC3)c2c1,6.81
CHEMBL139106,CNCCC(Oc1cccc2ccccc12)c1ccccc1OC,8.64
CHEMBL30713,CC(N)Cc1c[nH]c2ccccc12,5.95
CHEMBL566396,O=c1[nH]c2cccc(OCC3CCN(CC4CCc5[nH]c6ccc(F)cc6c5C4)CC3)c2o1,9.4
CHEMBL3704748,CCC(=O)OCCNC(CC(C)C)C1(c2ccc(Cl)c(Cl)c2)CCC1,7.97
CHEMBL3704749,CCOc1ccc(C2(C(CC(C)C)NCCOC(=O)CC)CCC2)cc1,8.24
CHEMBL2096876,Cc1ccc([C@H]2C3CCC(C[C@H]2c2ccccc2)N3C)cc1,6.0
CHEMBL4515160,O=C1CC(c2c[nH]c3ccc(F)cc23)C(=O)N1CCCCN1CCC(c2c[nH]c3ccc(F)cc23)CC1,7.49
CHEMBL3705036,COCCOc1cc(CC2CCN(CCc3ccc4c(c3)C(=O)C(O)CO4)CC2)ccc1Br,8.57
CHEMBL3705033,O=C(O)COc1cc(CC2CCN(CCc3ccc4c(c3)C(=O)C(O)CO4)CC2)ccc1Br,6.16
CHEMBL4572132,COc1ccc2[nH]cc(C3CCN(CCN4C(=O)CC(c5c[nH]c6ccc(F)cc56)C4=O)CC3)c2c1,5.88
CHEMBL132676,OC1(c2ccc3ccccc3c2)c2ccccc2C2=NCCN21,8.64
CHEMBL4227444,CNC[C@H](c1ccc2ccccc2c1)[C@H](O)c1ccccc1,7.92
CHEMBL469888,COc1ccc(-c2cc([C@@H]3C4CCC(C[C@@H]3c3ccc(C)cc3)N4C)on2)cc1.Cl,6.44
CHEMBL529437,COC(=O)[C@H]1[C@@H](OC(=O)c2ccccc2)C[C@@H]2CC[C@H]1N2C.Cl,7.02
CHEMBL1224160,O=C(c1ccc2[nH]ccc2c1)C1(Cc2ccccc2)CCCN1,5.9
CHEMBL1224239,CC(C)(C)CCC1(C(=O)c2ccc3ccccc3n2)CCNC1,8.7
CHEMBL1224490,CC(C)CC1(C(=O)c2cc(F)c3[nH]ccc3c2)CCNC1,9.0
CHEMBL3656923,OCCOc1cc(CC2CCNCC2)ccc1Br,6.64
CHEMBL3897671,CCOCCCCN[C@H](CC(C)C)C1(c2ccc(Cl)c(Cl)c2)CCC1,9.1
CHEMBL397300,CN1Cc2cc(OCCCN3CCC(F)CC3)ccc2C(c2cccc(Cl)c2)C1,7.62
CHEMBL2432051,COc1cc(CN[C@H]2C3C4CC5C6C4CC3C6C52)cc(OC)c1OC,6.15
CHEMBL218193,CC(C)CC(c1ccc(C(C)C)cc1)C1CCCCN1,5.48
CHEMBL139245,CNCCC(Oc1cccc2ccccc12)c1ccc(Cl)cc1,8.42
CHEMBL3818124,O=C1NCN(c2ccccc2)C12CCN(CCCCc1nc3cc(Cl)ccc3s1)CC2,5.51
CHEMBL132082,COc1ccc2c(c1)C(O)(c1ccc(Cl)cc1)N1CCN=C21,5.99
CHEMBL142028,CNCCC(Oc1cccc2ccccc12)c1ccsc1,8.96
CHEMBL377785,C=C1CN2C3CCC2C1C(c1ccc(C)cc1)C3,8.11
CHEMBL3819434,Cl.OC1(c2ccc(Cl)cc2)CC2CCC(C1)N2CCCCc1nc2ccccc2s1,6.75
CHEMBL324269,CN(C)C[C@H]1C2CCC(C2)[C@@H]1c1ccc2cc(F)ccc2c1,8.59
CHEMBL612232,COC(=O)[C@H]1C2CC[C@@H]3C[C@@H]1/C(=C/c1ccc(OC)cc1)CN23,7.28
CHEMBL1224318,CC(C)(C)CCC1(C(=O)c2cnc(N)c(Cl)c2)CCNC1,7.5
CHEMBL2096875,Cc1ccc([C@@H]2CC3CCC([C@@H]2c2ccccc2)N3C)cc1,5.82
CHEMBL387117,CC(C)CC(c1ccc(Cl)c(Cl)c1)C1CCCCN1C,5.89
CHEMBL2207489,CCCN1CCC(c2noc3cc(F)ccc23)CC1,4.53
CHEMBL1224092,CCCC1(C(=O)c2ccc3[nH]ncc3c2)CCCN1,7.8
CHEMBL4081987,Cc1cccc(S(=O)(=O)NCCCN2CC=C(c3c(C)[nH]c4ccc(Cl)cc34)CC2)c1,7.4
CHEMBL153479,Nc1c(Br)cc(Br)cc1CN[C@H]1CC[C@H](O)CC1,5.74
CHEMBL2112915,C[C@H](CF)OC(=O)C1C(c2ccc(Cl)cc2)CC2CCC1N2C,7.19
CHEMBL337020,OC1(c2ccc(Cl)cc2)c2ccccc2C2=N[C@H]3CCCC[C@@H]3N21,6.22
CHEMBL3323099,CN1Cc2ccccc2C(c2cccc3sccc23)C1,7.39
CHEMBL3912020,COc1ccc(Br)c(CC2CCN(CCc3cc(OC)c(OC)cc3Cl)CC2)c1,7.55
CHEMBL424660,CNCCC(Oc1cccc2ccccc12)c1cccs1,8.85
CHEMBL1800685,O=C(O)c1cc(-c2ccc(C3CCNCC3)cc2)c2ccc(-c3ccc(C(F)(F)F)cc3)cc2c1,5.3
CHEMBL3974952,COc1cccc(CCN2CCC(Cc3cc(OC)ccc3Br)CC2)c1,7.43
CHEMBL467736,Cl.NC[C@H]1C[C@@H]1c1ccccc1Br,5.42
CHEMBL520301,[11CH3]Oc1cccc2c1CCN(CCCc1c[nH]c3ccc(F)cc13)C2,7.35
CHEMBL245921,CN(C)CCC(Oc1cccc(Br)c1)c1ccc(OCCCN2CCCCC2)cc1,8.4
CHEMBL2326690,C1=CCC(c2cc3ccccc3o2)CNC1,6.62
CHEMBL2326689,CN1CC=CCC(c2cc3ccccc3o2)C1,6.1
CHEMBL3704755,C[C@H](CCNCCCC(N)=O)CC1(c2ccc(Cl)c(Cl)c2)CCC1,6.52
CHEMBL1170211,Fc1cc(N2CCNCC2Cc2ccccc2)cc2cc[nH]c12,7.8
CHEMBL1171392,c1ccc(CC2CNCCN2c2ccccc2)cc1,7.8
CHEMBL237861,CSc1ccc(C2CN(C)Cc3cc(Oc4ccc(CN5CCCCC5)cc4)ccc32)cc1,7.64
CHEMBL512202,COC(=O)[C@H]1[C@@H](c2ccc(OC)cc2)C[C@H]2CC[C@H]1N2C.Cl,8.37
CHEMBL4071451,O=S(=O)(NCCN1CC=C(c2c[nH]c3ccc(F)cc23)CC1)c1ccc2ccccc2c1,8.77
CHEMBL3323091,CN1Cc2ccccc2C(c2cc3ccccc3o2)C1,7.04
CHEMBL3799481,CN(C)CCCN1c2ccccc2CCc2ccc(C#CCOCCOCCSc3cccc4ccccc34)cc21,5.7
CHEMBL208191,FC(F)(F)c1ccccc1CN(C1CCCC1)C1CCNCC1.O=C(O)/C=C/C(=O)O,8.44
CHEMBL208121,CCCN(Cc1ccccc1C(F)(F)F)C1CCNCC1.O=C(O)/C=C/C(=O)O,8.66
CHEMBL3920217,Oc1ccccc1CCCNCc1ccccc1O,4.96
CHEMBL3819494,c1ccc2c(c1)CCN(CCCCc1c[nH]c3ccccc13)C2,6.95
CHEMBL199093,CCC1(CCCNC)Cc2cc(Cl)ccc2N(c2ccc(C)cc2)C1=O,6.89
CHEMBL294733,COC(=O)C1C(c2cccc(-c3ccccc3)c2)CC2CCC1N2C,7.41
CHEMBL218082,COC(=O)[C@@H]1C2CCC(C[C@@H]1c1ccc(Br)cc1)N2C,9.02
CHEMBL157455,CC(NC(C)(C)C)C(O)c1ccccc1,5.4
CHEMBL373773,Clc1ccc(C(Cc2ccccc2)C2CCCCN2)cc1,5.96
CHEMBL245715,COc1cccc(OC(CCN(C)C)c2ccc(OCCCN3CCCCC3)cc2)c1,7.96
CHEMBL245308,CC(C)N1CCC(Oc2ccc(C(CCN(C)C)Oc3ccccc3)cc2)CC1,6.77
CHEMBL218849,CCCCC(c1ccc(Cl)cc1)C1CCCCN1,5.32
CHEMBL457415,COC(=O)[C@H]1[C@@H](c2ccc(OC)c(I)c2)C[C@H]2CC[C@H]1N2C.Cl,8.46
CHEMBL3287653,CCN(CC)c1ccc2c(-c3ccc(S(=O)(=O)NCCCCCC(=O)NCCCN(C)CCC[C@@]4(c5ccc(F)cc5)OCc5cc(C#N)ccc54)cc3S(=O)(=O)[O-])c3ccc(=[N+](CC)CC)cc-3oc2c1,7.96
CHEMBL458488,CCOc1ccc([C@H]2C[C@H]3CC[C@H]([C@H]2C(=O)OC)N3C)cc1.Cl,8.77
CHEMBL4454176,COc1ccc2[nH]cc(C3CCN(CCCCN4C(=O)CC(c5c[nH]c6ccc(F)cc56)C4=O)CC3)c2c1,6.7
CHEMBL373710,CC(C)CCC(c1ccc(Cl)cc1)C1CCCCN1,5.17
CHEMBL1323615,CN1c2ccccc2Sc2cc(N)ccc21,5.0
CHEMBL150050,COc1cccc2c1O[C@@H](CN1C3C=C(n4ccc5cc(F)ccc54)CC1CC3)CO2,8.07
CHEMBL3586683,CN(C)CCC[C@@]1(c2ccc(F)cc2)OCc2cc(CNC(=O)c3ccc(N=[N+]=[N-])c(I)c3)ccc21,7.62
CHEMBL3323097,CN1Cc2ccccc2C(c2cc3ccccc3s2)C1,8.06
CHEMBL1419,CC(C)CC(N(C)C)C1(c2ccc(Cl)cc2)CCC1,5.96
CHEMBL348708,COc1cccc2c1O[C@@H](CN1C3C=C(c4cccc5cccnc45)CC1CC3)CO2,7.48
CHEMBL1221,Clc1ccc(CSC(Cn2ccnc2)c2ccc(Cl)cc2Cl)cc1,7.12
CHEMBL394861,COc1ccc(C2CN(C)Cc3cc(OCCCN4CCCCC4)ccc32)cc1,8.29
CHEMBL218894,COc1ccc(C(CC(C)C)C2CCCCN2)cc1,5.55
CHEMBL1744190,CN(Cc1ccccc1)[C@H]1C[C@@H](c2ccc(Cl)c(Cl)c2)c2ccccc21.O=C(O)/C=C\C(=O)O,6.16
CHEMBL575206,C=CCN1C2CCC1[C@@H](C(=O)OC)[C@@H](c1ccc(SCC)cc1)C2,7.33
CHEMBL4571862,O=C1CC(c2c[nH]c3ccc(F)cc23)C(=O)N1CCCCN1CCC(c2c[nH]c3ccccc23)CC1,7.29
CHEMBL383464,O=C(O)C(=O)O.O[C@@H](CCc1ccccc1)CN1CCC(CCOC(c2ccc(F)cc2)c2ccc(F)cc2)CC1,7.42
CHEMBL395608,CN1Cc2cc(OCCCN3CCC(F)CC3)ccc2C(c2ccc(S(C)(=O)=O)cc2)C1,6.87
CHEMBL199116,CCCC1(CCCNC)Cc2ccccc2N(c2ccc(C)cc2)C1=O,6.8
CHEMBL311617,C[n+]1ccc(-c2ccccc2)cc1,4.32
CHEMBL375889,COC(=O)[C@@H]1C2CCC(C[C@H]1c1ccc(I)cc1)N2C,8.23
CHEMBL83729,COC(=O)[C@@H]1C2CC[C@H](C[C@@H]1c1ccccc1)N2C,6.75
CHEMBL3663910,COc1ccc(C2CN(C)Cc3ccccc32)cn1,6.33
CHEMBL217975,COc1cccc(C(CC(C)C)C2CCCCN2)c1,5.42
CHEMBL392933,CC(C)N1CCC(COc2cc3c(cn2)C(c2ccc(Cl)c(Cl)c2)CN(C)C3)CC1,7.51
CHEMBL460204,COc1ccc(F)cc1CCCCC1CCC(CCN)O1,8.7
CHEMBL496913,CN1[C@H]2CC[C@@H]1[C@@H](C#Cc1ccc(N)cc1)[C@@H](c1ccc(Cl)cc1)C2.Cl,7.72
CHEMBL494786,COC(=O)[C@H]1[C@@H](c2ccccc2)C[C@@H]2CC[C@H]1N2C.Cl,6.74
CHEMBL385173,COC(=O)[C@@H]1C2CCC(C[C@@H]1c1cccc(/C=C/Br)c1)N2,9.7
CHEMBL1818455,Cc1cc(C)n(CC23CNCC[C@]2(c2ccc(Cl)c(Cl)c2)C3)n1,9.7
CHEMBL220195,COC(=O)C(c1ccc(Cl)c(Cl)c1)C1CCCCN1,5.6
CHEMBL376852,CCC(c1ccc(Cl)cc1)C1CCCCN1,5.11
CHEMBL575854,CCSc1ccc([C@H]2CC3CCC([C@H]2C(=O)OC)N3C)cc1,8.35
CHEMBL334577,OC1(c2ccc(Cl)cc2)c2ccc3ccccc3c2C2=NCCCN21,8.26
CHEMBL445747,Cc1cccc([C@H]2C[C@@H]2CN)c1.Cl,5.26
CHEMBL204530,O=C(O)C(=O)O.O[C@H](Cc1ccccc1)CN1CCC(CCOC(c2ccc(F)cc2)c2ccc(F)cc2)CC1,7.04
CHEMBL307314,CN1C2CCC1C(C(=O)NCCCCCCCCNC(=O)C1C(c3ccc(Cl)cc3)CC3CCC1N3C)C(c1ccc(Cl)cc1)C2,8.1
CHEMBL202644,C[C@@H](Cc1ccccc1)CN1CCC(CCOC(c2ccc(F)cc2)c2ccc(F)cc2)CC1.O=C(O)C(=O)O,6.91
CHEMBL3323179,CN(C)Cc1ccc2c(c1)CN(C)CC2c1ccc2sccc2c1,8.47
CHEMBL571464,O=C1Cc2c(cccc2N2CCN(CC3CCc4[nH]c5ccc(F)cc5c4C3)CC2)N1,5.94
CHEMBL492916,Cl.NCC1CC1c1ccccc1Br,5.57
CHEMBL2094011,O=C1Cc2c(cccc2N2CCN(CCC3CCc4[nH]c5ccc(F)cc5c4C3)CC2)N1,5.33
CHEMBL356904,COc1cccc2c1O[C@@H](CN1C3C=C(c4cccc5ccccc45)CC1CC3)CO2,7.58
CHEMBL1914699,CN1C2CCC1[C@@H](CNc1cccc(F)n1)[C@@H](c1ccc(Cl)cc1)C2,7.69
CHEMBL1224401,CC(C)(C)CCC1(C(=O)c2cc(F)c(Cl)c(Cl)c2)CCNC1,8.5
CHEMBL1224317,CC(C)(C)CCC1(C(=O)c2ccc(N)c(Cl)c2)CCNC1,9.0
CHEMBL380406,O=C(O)C(=O)O.O[C@@H](Cc1ccccc1)CN1CCC(CCOC(c2ccc(F)cc2)c2ccc(F)cc2)CC1,7.09
CHEMBL1224491,CCOCC1(C(=O)c2cc(F)c3[nH]ccc3c2)CCNC1,8.5
CHEMBL575648,CCCN1C2CCC1[C@@H](C(=O)OC)[C@@H](c1ccc(SCC)cc1)C2,7.31
CHEMBL574081,COC(=O)[C@@H]1C2CCC(C[C@@H]1c1ccc(OC)cc1)N2C,8.37
CHEMBL3949638,COc1ccc(Br)c(CC2CCN(CCc3ccc4ccccc4c3)CC2)c1,7.59
CHEMBL218848,CC(C)C(c1ccc(Cl)cc1)C1CCCCN1,5.28
CHEMBL219335,CC(C)CC(c1cccc(Cl)c1)C1CCCCN1,5.5
CHEMBL132954,COc1cccc2c1C(O)(c1ccc(Cl)cc1)N1CCN=C21,5.7
CHEMBL207807,CC(C)CN(Cc1ccc(F)cc1F)C1CCNCC1.O=C(O)/C=C/C(=O)O,8.51
CHEMBL221753,CC(C)(C)CC(C)(C)c1ccc(OCCOCC[N+](C)(C)Cc2ccccc2)cc1.[Cl-],5.89
CHEMBL441864,Clc1ccc(C(CCCc2ccccc2)C2CCCCN2)cc1,6.16
CHEMBL133043,COc1ccc(C2(O)c3ccccc3C3=NCCCN32)cc1,7.25
CHEMBL336100,OC1(c2ccc(Cl)cc2)c2cccc(F)c2C2=NCCN21,7.42
CHEMBL4451635,COc1ccc2[nH]cc(C3CCN(CCCN4C(=O)CC(c5c[nH]c6ccc(OC)cc56)C4=O)CC3)c2c1,6.96
CHEMBL381127,CCCC(C(=O)c1ccc(OC)cc1)N1CCCC1,5.39
CHEMBL345689,CC(C)OC(=O)C1C2CCC(C[C@@H]1c1ccc(Cl)cc1)CN2C,6.37
CHEMBL578419,COC(=O)[C@@H]1C2CCC(C[C@@H]1c1ccc(SC)c(Br)c1)N2C,9.22
CHEMBL574544,COC(=O)[C@@H]1C2CCC(C[C@@H]1c1ccc(SC)cc1)N2,9.72
CHEMBL3798819,CN(C)CCCN1c2ccccc2CCc2ccc(C#CCOCCOc3cccc4ccccc34)cc21,5.1
CHEMBL3894524,COc1ccc(Cl)c(CC2CCN(CCc3ccccc3)CC2)c1,6.99
CHEMBL3094164,CN(C)CCCC1(c2ccc(F)cc2)OCc2cc(-c3ccc(N)cc3)ccc21,5.44
CHEMBL242817,COc1ccc(C2CN(C)Cc3cc(OCCCN4CCN(c5ccccc5O)CC4)ccc32)cc1,8.14
CHEMBL3085033,CN(C(c1ccc(F)cc1)c1ccc(F)cc1)[C@@H]1C[C@@H]2CC[C@H](C1)N2C,4.76
CHEMBL592951,CC(C)N(CCCc1c[nH]c2ccc(F)cc12)C1COc2ccc3c(c2C1)C(=O)NCC3,8.1
CHEMBL342055,c1ccc(CC(c2ccccc2)c2ccncc2)cc1,6.04
CHEMBL1237149,Br.O=c1[nH]c2cccc(N3C[C@H]4C[C@@H]3CN4CC3CCc4[nH]c5ccc(F)cc5c4C3)c2o1,6.34
CHEMBL246127,CCOc1ccc(C2CN(C)Cc3cc(OCCCN4CCC(F)CC4)ccc32)cc1,8.33
CHEMBL395368,CSc1ccc(C2CN(C)Cc3cc(OCCCN4CCC(F)CC4)ccc32)cc1,8.06
CHEMBL511718,CC(Cc1ccccc1)CN1CCN(CCOC(c2ccc(F)cc2)c2ccc(F)cc2)CC1,6.72
CHEMBL2206517,CCc1ccc2c(c1)CN(C)CC2c1ccccc1,6.12
CHEMBL273575,CN1Cc2c(N)cccc2C(c2ccccc2)C1,5.69
CHEMBL173427,COC(=O)[C@@H]1C2CCC(C[C@@H]1c1ccc(/C=C/I)cc1)N2,8.94
CHEMBL3663915,COc1c(C2CN(C)Cc3ccccc32)ccc2sccc12,8.37
CHEMBL3663913,CN1Cc2cc(-c3cncnc3)ccc2C(c2cc3ccccc3s2)C1,7.03
CHEMBL1083426,Fc1ccccc1C(Cc1ccccc1OC(F)(F)F)N1CCNCC1,7.47
CHEMBL3964504,COc1ccc(Br)c(CC2CCN(CCc3ccc(F)cc3)CC2)c1,7.29
CHEMBL208069,CCN(Cc1ccccc1C(F)(F)F)C1CCNCC1.O=C(O)/C=C/C(=O)O,8.1
CHEMBL236604,CSc1ccc(C2CN(C)Cc3cc(Oc4cccc(CN5CCCCC5)n4)ccc32)cc1,7.29
CHEMBL238054,CSc1ccc(C2CN(C)Cc3cc(Oc4nc(CN5CCCCC5)cs4)ccc32)cc1,7.68
CHEMBL219334,CCC(CC)C(c1ccc(Cl)cc1)C1CCCCN1,5.32
CHEMBL3950204,COCCOc1cc(CC2CCN(CCc3ccc4c(c3)C(O)CCO4)CC2)ccc1Br.O=[SH](=O)c1ccccc1,8.09
CHEMBL219224,CC(c1ccc(Cl)cc1)C1CCCCN1,5.31
CHEMBL487763,CNCCC(c1ccccc1)c1c[nH]c2ccccc12,8.05
CHEMBL463585,CCCCC1(c2ccc3[nH]ccc3c2)CCNC1,7.8
CHEMBL442924,CNC(=O)c1cc2cc(C3(Cc4ccccc4)CCNC3)ccc2[nH]1,7.89
CHEMBL519910,Cc1ccc(Cc2cc([C@@H]3C4CCC(C[C@@H]3c3ccc(Cl)cc3)N4C)on2)cc1.Cl,7.37
CHEMBL520035,CN1C2CCC1[C@@H](c1cc(Cc3ccc(Cl)cc3)no1)[C@@H](c1ccc(Cl)cc1)C2.Cl,7.1
CHEMBL1790051,COC(=O)[C@@H]1C2CC[C@H](C[C@@H]1c1ccccc1)N2C.Cl,6.74
CHEMBL511288,Cc1ccc(-c2c(C)noc2[C@@H]2C3CCC(C[C@@H]2c2ccc(C)cc2)N3C)cc1.Cl,6.0
CHEMBL388825,COc1ccc([C@@H]2C3CCC(C[C@H]2c2ccc(C)cc2)N3C)cc1OC,5.83
CHEMBL219653,Clc1ccc(C(CC2CCCC2)C2CCCCN2)cc1,5.5
CHEMBL796,COC(=O)C(c1ccccc1)C1CCCCN1,4.19
CHEMBL2114391,[11CH3]Sc1ccc([C@@H]2CN3CCC[C@@H]3c3ccccc32)cc1,8.74
CHEMBL594219,CC(C)CN(CCCc1c[nH]c2ccc(F)cc12)C1COc2ccc3c(c2C1)C(=O)NC3,6.21
CHEMBL2206507,Cc1ccc2c(c1)CN(C)CC2c1cccc(Cl)c1,6.47
CHEMBL2206533,COc1ccc2c(c1)CN(C)CC2c1ccc(C)c(F)c1,6.96
CHEMBL2206526,Cc1ccc(C2CN(C)Cc3ccccc32)cc1F,6.99
CHEMBL2206536,Cc1ccc2c(c1)CN(C)CC2c1ccc(F)c(F)c1,6.23
CHEMBL234526,COc1ccc(C2CN(C)Cc3cc(OCCCN4CCC4)ccc32)cc1,8.32
CHEMBL394801,COc1ccc(C2CN(C)Cc3cc(OCCCN4CCC(C#N)CC4)ccc32)cc1,8.28
CHEMBL438490,CN(C)CCC(Oc1ccccc1)c1ccc(OCCCN2CCCCC2)cc1,7.59
CHEMBL232218,COc1ccc(C2CN(C)Cc3cc(OCCCN4CCN(C(=O)c5cccn5C)CC4)ccc32)cc1,8.06
CHEMBL394800,COc1ccc(C2CN(C)Cc3cc(OCCCN4CCC(O)CC4)ccc32)cc1,8.42
CHEMBL233053,COc1ccc(C2CN(C)Cc3cc(OCCCN4CCOCC4)ccc32)cc1,8.19
CHEMBL3819153,O=c1[nH]c2cc(Cl)ccc2n1C1CCN(CCCCc2nc3ccccc3o2)CC1,6.41
CHEMBL3753318,C=CCN(CC=C)CCc1c[nH]c2ccc(C)cc12,6.44
CHEMBL219916,O=c1[nH]c2ccccc2n1CCCN1CCC(n2c(=O)[nH]c3cc(Cl)ccc32)CC1,5.79
CHEMBL1086274,COc1cccc(F)c1CC(c1ccccc1)N1CCNCC1,8.05
CHEMBL214335,COc1ccccc1CC(c1ccccc1)N1CCNCC1,8.7
CHEMBL1224024,CCCC1(C(=O)c2ccc(Cl)c(Cl)c2)CCCN1,8.6
CHEMBL245920,CN(C)CCC(Oc1ccc(Cl)c(Cl)c1)c1ccc(OCCCN2CCCCC2)cc1,8.52
CHEMBL393071,CC(C)N1CCN(C(=O)c2ccc(C(CCN(C)C)Oc3ccc(C(F)(F)F)cc3)cc2)CC1,7.38
CHEMBL66068,COC(=O)C1C2CCC(CC1c1cccc(I)c1)N2,8.91
CHEMBL241705,COc1cccc(C2CN(C)Cc3cc(OCCCN4CCCCC4)ncc32)c1,6.52
CHEMBL232879,COC(=O)C1=C(c2cccc([N+](=O)[O-])c2)CCCC1,4.54
CHEMBL247683,CN1Cc2cc(OCCCN3CCCCC3)ncc2C(c2ccc(Cl)c(Cl)c2)C1,6.92
CHEMBL303494,COC(=O)C1C(c2cccc(-c3ccco3)c2)CC2CCC1N2C,7.26
CHEMBL487875,COc1ccc(Cc2cc([C@@H]3C4CCC(C[C@@H]3c3ccc(C)cc3)N4C)on2)cc1.Cl,7.39
CHEMBL486042,Cc1ccc([C@H]2CC3CCC([C@H]2c2cc(Cc4ccc(Cl)cc4)no2)N3C)cc1.Cl,7.07
CHEMBL1171425,COCC1CNCCN1c1ccc2[nH]ncc2c1,6.8
CHEMBL320597,Cc1ccc(CN2CCN(CC(=O)N3c4ccccc4C[C@H]3C)CC2)cc1,6.27
CHEMBL494626,CN1[C@H]2CC[C@@H]1[C@@H](C=C(Br)Br)[C@@H](c1ccc(Cl)cc1)C2.Cl,8.15
CHEMBL247063,CN1Cc2cc(OCCCN3CCCCC3)ncc2C(c2ccccc2F)C1,6.12
CHEMBL331799,CNCC1C2CCC(C2)C1c1ccc2ccccc2c1,8.31
CHEMBL512189,Cc1noc([C@@H]2C3CCC(C[C@@H]2c2ccc(Cl)cc2)N3C)c1-c1ccc(F)cc1.Cl,6.04
CHEMBL347772,c1ccc(C(c2ccccc2)c2ccccn2)cc1,4.46
CHEMBL218999,CC(C)CC(c1ccc(Cl)c(Cl)c1)C1CCCCN1,5.8
CHEMBL332097,CNCC[C@H](Oc1ccc(O)c2ccccc12)c1cccs1,4.19
CHEMBL130668,Oc1ccc(C2(O)c3ccccc3C3=NCCCN32)cc1,7.11
CHEMBL378498,CCC(CC)CN(Cc1ccccc1C(F)(F)F)C1CCNCC1.O=C(O)/C=C/C(=O)O,8.16
CHEMBL2206529,Cc1ccc(C2CN(C)Cc3c(C)cccc32)cc1,6.08
CHEMBL2206521,COc1ccc2c(c1)C(c1ccccc1)CN(C)C2,5.8
CHEMBL139277,CNCCC(Oc1cccc2ccccc12)c1cccc(C)c1,8.4
CHEMBL397065,CN1Cc2cc(OCCCN3CCC(F)CC3)ccc2C(c2ccccc2)C1,7.34
CHEMBL247061,CN1Cc2cc(OCCCN3CCCCC3)ncc2C(c2ccccc2)C1,5.94
CHEMBL4228477,COCCOc1cc(CC2CCN(CCc3ccc4c(c3)C(=O)CCCO4)CC2)ccc1Br,8.93
CHEMBL1169733,c1ccc(C2CNCCN2c2ccc3[nH]ncc3c2)cc1,7.7
CHEMBL4225921,Clc1ccc(C2CCNCC23COC3)cc1Cl,7.2
CHEMBL4227376,COCCOc1cccc(CC2CCN(CCc3ccc4c(c3)C(=O)CCO4)CC2)c1,6.7
CHEMBL220247,CC(C)CC(c1ccc(Cl)cc1)C1CCCCN1,5.37
CHEMBL383745,O=C(O)C(=O)O.O[C@@H](CCN1CCC(CCOC(c2ccccc2)c2ccccc2)CC1)c1ccccc1,6.64
CHEMBL1171975,c1ccc(CC2CNCCN2c2ccc3[nH]ncc3c2)cc1,8.9
CHEMBL3287655,CCN(CC)c1ccc2c(-c3ccc(S(=O)(=O)NCCCCCC(=O)NCCCc4ccc5c(c4)CO[C@@]5(CCCN(C)C)c4ccc(F)cc4)cc3S(=O)(=O)[O-])c3ccc(=[N+](CC)CC)cc-3oc2c1,7.96
CHEMBL2096859,COC(=O)[C@H]1C2CCC(C[C@@H]1c1ccc(Br)cc1)N2C,6.85
CHEMBL205025,O=C(O)C(=O)O.O[C@@H](CCN1CCC(CCOC(c2ccc(F)cc2)c2ccc(F)cc2)CC1)c1ccccc1,7.66
CHEMBL595751,CN1C2CCC1[C@@H](C(=O)NCCCCCCCCCCNC(=O)[C@H]1C3CCC(C[C@@H]1c1ccc(-c4ccsc4)cc1)N3C)[C@@H](c1ccc(-c3ccsc3)cc1)C2,6.6
CHEMBL2386163,COc1ccc(O[C@@H](CC(C)C)[C@H]2CCNC2)c(C)n1.O=C(O)C(O)C(O)C(=O)O,9.66
CHEMBL4079972,Cc1[nH]c2ccc(Cl)cc2c1C1=CCN(CCCCNS(=O)(=O)c2ccc3ccccc3c2)CC1,7.6
CHEMBL611962,CN1C2CCC1[C@@H](C(=O)Nc1ccc(NC(=O)[C@H]3C4CCC(C[C@@H]3c3ccc(-c5ccsc5)cc3)N4C)cc1)[C@@H](c1ccc(-c3ccsc3)cc1)C2,6.57
CHEMBL4092243,O=S(=O)(NCCCN1CC=C(c2c[nH]c3ccc(F)cc23)CC1)c1ccc2ccccc2c1,8.59
CHEMBL607546,CN1C2CCC1[C@@H](C(=O)Nc1ccc(CCNC(=O)[C@H]3C4CCC(C[C@@H]3c3ccc(-c5ccsc5)cc3)N4C)cc1)[C@@H](c1ccc(-c3ccsc3)cc1)C2,6.47
CHEMBL608704,CN1C2CCC1[C@@H](C(=O)Nc1ccc(NC(=O)[C@H]3C4CCC(C[C@@H]3c3ccc(Cl)cc3)N4C)cc1)[C@@H](c1ccc(Cl)cc1)C2,5.5
CHEMBL207634,CC(C)(C#N)CCN(Cc1ccc(F)cc1C(F)(F)F)C1CCNCC1.O=C(O)C(O)C(O)C(=O)O,9.15
CHEMBL207860,CC(C)CN(Cc1ccc(Cl)cc1Cl)C1CCNCC1.O=C(O)/C=C/C(=O)O,9.02
CHEMBL379699,CC(C)CN(Cc1c(F)cccc1C(F)(F)F)C1CCNCC1.O=C(O)/C=C/C(=O)O,8.39
CHEMBL207914,CC(C)CN(Cc1ccccc1OC(F)(F)F)C1CCNCC1.O=C(O)/C=C/C(=O)O,8.66
CHEMBL208251,CC(C)CN(Cc1ccccc1Cl)C1CCNCC1.O=C(O)/C=C/C(=O)O,8.8
CHEMBL381056,Cc1cccc(CN(CC(C)C)C2CCNCC2)c1.O=C(O)/C=C/C(=O)O,8.66
CHEMBL208067,Cc1ccccc1CN(CC(C)C)C1CCNCC1.O=C(O)/C=C/C(=O)O,8.82
CHEMBL381373,CC(C)CN(Cc1cccc(C(F)(F)F)c1)C1CCNCC1.O=C(O)/C=C/C(=O)O,9.59
CHEMBL2096860,COC(=O)[C@H]1C2CCC(C[C@@H]1c1ccc(I)cc1)N2C,8.22
CHEMBL335423,COC(=O)C1C(c2ccc(OC)c(OC)c2)CC2CCC1N2C,7.34
CHEMBL83617,NC(=O)c1ccc2c(c1)CCOC2CCN1CC=C(c2c[nH]c3cc(F)ccc23)CC1,10.0
CHEMBL390718,COc1cc2c(cc1OC)C1=NOC(CN3CCN(C/C(C)=C/c4ccccc4)CC3)C1CN2,7.1
CHEMBL4084492,O=S(=O)(NCCN1CC=C(c2c[nH]c3ccc(Cl)cc23)CC1)c1ccc2ccccc2c1,8.57
CHEMBL387758,Cc1ccc([C@@H]2C3CCC(C[C@@H]2c2ccccc2)N3C)cc1,5.39
CHEMBL2096877,Cc1ccc([C@H]2CC3CCC([C@H]2c2ccc(C)cc2)N3C)cc1,6.6
CHEMBL247062,c1ccc(C2CNCc3cc(OCCCN4CCCCC4)ncc32)cc1,5.63
CHEMBL1224319,CC(C)(C)CCC1(C(=O)c2ccc3[nH]ncc3c2)CCNC1,9.2
CHEMBL219281,Clc1ccc(C(CCc2ccccc2)C2CCCCN2)cc1,6.19
CHEMBL219707,Clc1ccc(C(CC2CCCCC2)C2CCCCN2)cc1,6.05
CHEMBL216736,COC(=O)[C@@H]1C2CCC(C[C@@H]1c1cccc(/C=C/I)c1)N2,9.7
CHEMBL2432046,COc1ccc(CN[C@H]2C3C4CC5C6C4CC3C6C52)cc1OC,7.15
CHEMBL461241,COc1ccc([C@H]2C[C@H]3CC[C@H]([C@H]2c2cc(-c4ccc(C)cc4)no2)N3C)cc1.Cl,6.07
CHEMBL233681,COc1ccc(C2CN(C)Cc3cc(OCCCN4CCC(C(F)(F)F)CC4)ccc32)cc1,7.85
CHEMBL230000,O=C(OCCF)C1C2CCC(CC1c1ccc(/C=C\I)cc1)N2,10.1
CHEMBL234447,C[C@@H]1CN(c2cccc3cc(F)ccc23)CCN1CCC1OCCc2cc(C(N)=O)ccc21,9.1
CHEMBL4292366,CN(C)CCC[C@@]1(c2ccc(F)cc2)OCc2cc(CNC(=O)c3cc(CN=[N+]=[N-])cc(N=[N+]=[N-])c3)ccc21,7.97
CHEMBL1214059,COC(=O)[C@@H]1C2CCC(C[C@@H]1c1ccc(I)cc1)N2C/C=C/CF,8.66
CHEMBL236252,CCN(CC)CCCOc1cc2c(cn1)C(c1ccc(Cl)c(Cl)c1)CN(C)C2,7.52
CHEMBL238055,CSc1ccc(C2CN(C)Cc3cc(Oc4ncc(CN5CCCCC5)s4)ccc32)cc1,7.68
CHEMBL233470,COc1ccc(C2CN(C)Cc3cc(OCCCN4CCCC(F)(F)C4)ccc32)cc1,8.09
CHEMBL130477,OC1(c2ccc(Cl)cc2)c2ccccc2C2=NCCCN21,7.41
CHEMBL455937,COc1ccc([C@H]2C[C@H]3CC[C@H]([C@H]2C(=O)OC2CCC2)N3C)cc1.Cl,7.0
CHEMBL470488,COc1ccc(-c2c(C)noc2[C@@H]2C3CCC(C[C@@H]2c2ccc(Cl)cc2)N3C)cc1.Cl,5.75
CHEMBL238052,COc1ccc(C2CN(C)Cc3cc(OCCCN4CCCCC4)ncc32)cc1,6.97
CHEMBL322348,CNC[C@H]1C2CCC(C2)[C@@H]1c1ccc2cc(OC)ccc2c1,7.92
CHEMBL462585,O=C(OCCCF)C1C2CCC(CC1c1cccc(/C=C\Br)c1)N2,9.48
CHEMBL3982551,CCS(=O)(=O)CCCCNC(CC(C)C)C1(c2ccc(Cl)c(Cl)c2)CCC1,7.42
CHEMBL4096479,O=S(=O)(NCCCCN1CC=C(c2c[nH]c3ccc(Cl)cc23)CC1)c1cccc2ccccc12,8.29
CHEMBL637,COc1ccc(C(CN(C)C)C2(O)CCCCC2)cc1,8.42
CHEMBL520869,c1ccc(CC2(c3ccc4[nH]ncc4c3)CCNC2)cc1,9.0
CHEMBL213754,CCCOc1ccccc1CC(c1ccccc1)N1CCNCC1,7.75
CHEMBL1084033,Fc1ccc(C(Cc2ccccc2OC(F)(F)F)N2CCNCC2)cc1,7.44
CHEMBL566380,O=c1[nH]c2cccc(N3CCN(CC4CCc5c([nH]c6ccc(F)cc56)C4)CC3)c2o1,7.21
CHEMBL568103,O=c1[nH]c2cccc(N3CCN(CCCC4CCc5c([nH]c6ccc(F)cc56)C4)CC3)c2o1,7.21
CHEMBL511163,NCC1CCC(CCc2cccc3ccccc23)O1,7.75
CHEMBL508678,NCC1CCC(CCc2cccnc2)O1,5.34
CHEMBL457967,COc1ccc(F)cc1C1CCC(CN)O1,5.16
CHEMBL206153,N#CCCCN(Cc1ccc(F)cc1C(F)(F)F)C1CCNCC1.O=C(O)C(O)C(O)C(=O)O,9.4
CHEMBL208535,CC(C)CN(Cc1cc(Cl)ccc1Cl)C1CCNCC1.O=C(O)/C=C/C(=O)O,8.68
CHEMBL1173087,C=CCC(OC)[C@]12CNCC[C@]1(c1ccc(Cl)c(Cl)c1)C2,9.9
CHEMBL86760,CCCCCCc1ccc2c(c1)Cc1ccccc1C2CN,6.31
CHEMBL133070,COC(=O)C1C(c2ccc(C(C)=O)c(C(C)=O)c2)CC2CCC1N2C,6.78
CHEMBL565935,O=C1Cc2c(ccc3c2OC[C@H](CNCC2CCc4c([nH]c5ccc(F)cc45)C2)O3)N1,7.6
CHEMBL566155,O=C1Cc2c(ccc3c2OC[C@H](CNCCC2CCc4c([nH]c5ccc(F)cc45)C2)O3)N1,5.28
CHEMBL3323185,CN1Cc2cc(N3CCCCC3)ccc2C(c2cc3ccccc3s2)C1,7.52
CHEMBL236783,CSc1ccc(C2CN(C)Cc3cc(Oc4cncc(CN5CCCCC5)c4)ccc32)cc1,6.96
CHEMBL259209,CCN(CC)C(=O)C1(c2ccccc2)CC1CN,8.19
CHEMBL3321790,OC1(c2ccc(Cl)cc2)CC2CCC(C1)N2CCCSc1ccc(F)cc1,6.5
CHEMBL357321,COc1cccc2c1O[C@@H](CN1C3C=C(c4ccc5ccccc5c4)CC1CC3)CO2,8.85
CHEMBL1818451,Cc1ccn(CC23CNCC[C@]2(c2ccc(Cl)c(Cl)c2)C3)n1,9.6
CHEMBL14257,COC(=O)C1C2CCC(CC1c1ccc(C=C(Br)Br)cc1)N2,10.1
CHEMBL3906576,COCCOc1ccc(Br)c(CC2CCN(CCc3cc4c(cc3Cl)OCCO4)CC2)c1.Cl,7.49
CHEMBL4226281,COCCOc1cc(CC2CCN(CCc3ccc4c(c3)C(=O)CCO4)CC2)ccc1Br,8.99
CHEMBL1170373,c1ccc(CCC2CNCCN2c2ccc3[nH]ncc3c2)cc1,8.4
CHEMBL595766,CN1C2CCC1[C@@H](C(=O)NCCCCCCNC(=O)[C@H]1C3CCC(C[C@@H]1c1ccc(-c4ccsc4)cc1)N3C)[C@@H](c1ccc(-c3ccsc3)cc1)C2,5.68
CHEMBL3323105,CN1Cc2ccccc2C(c2ccc3cn[nH]c3c2)C1,7.64
CHEMBL4086593,CCCNc1nc(C#Cc2ccc(Cl)s2)nc2c1ncn2[C@@H]1O[C@H](C(=O)NC)[C@@H](O)[C@H]1O,5.51
CHEMBL4066427,COC(=O)[C@H]1[C@@H](c2ccc([125I])cc2)CC2CC[C@H]1N2C,8.9
CHEMBL374634,CCCCC(c1ccc(Cl)c(Cl)c1)C1CCCCN1,5.96
CHEMBL468376,CC(O)(Cc1ccccc1)CN1CCN(CCOC(c2ccc(F)cc2)c2ccc(F)cc2)CC1,6.51
CHEMBL204254,CCCC(C(=O)c1cccc(C)c1)N1CCCC1,5.23
CHEMBL1170396,c1cc2[nH]ncc2cc1N1CCNCC1CC1CCOCC1,8.4
CHEMBL43048,CNC(C)Cc1ccc2c(c1)OCO2,8.69
CHEMBL246125,CN(C)CCC(Oc1ccc([N+](=O)[O-])cc1)c1ccc(OCCCN2CCCCC2)cc1,8.06
CHEMBL1224402,CCCC1(C(=O)c2cc(F)c3[nH]ccc3c2)CCNC1,8.8
CHEMBL520970,[11CH3]Oc1ccc2c(c1)CCN(CCCc1c[nH]c3ccc(I)cc13)C2,5.96
CHEMBL326713,CNCC[C@H](Oc1cccc2c(O)c(O)ccc12)c1cccs1,4.5
CHEMBL245307,CN(C)CCC(Oc1cccc(OCCCN2CCCCC2)c1)c1ccccc1,5.83
CHEMBL394321,CSc1ccc(OC(CCN(C)C)c2ccc(OCCCN3CCCCC3)cc2)cc1,8.0
CHEMBL426304,CCCC(C(=O)c1cccc(I)c1)N1CCCC1,5.85
CHEMBL516933,COc1ccc([C@H]2C[C@H]3CC[C@H]([C@H]2C(=O)OCCc2cc(Br)c(N)c(Br)c2)N3C)cc1.Cl,8.7
CHEMBL219703,CCCCCC(c1ccc(Cl)cc1)C1CCCCN1,5.44
CHEMBL246126,CN(C)CCC(Oc1ccc(C#N)cc1)c1ccc(OCCCN2CCCCC2)cc1,6.8
CHEMBL245714,COc1ccc(OC(CCN(C)C)c2ccc(OCCCN3CCCCC3)cc2)cc1,7.22
CHEMBL3704750,CCOC(=O)NCCNC(CC(C)C)C1(c2ccc(Cl)c(Cl)c2)CCC1,9.0
CHEMBL595744,O=C1NCCc2cc(F)c3c(c21)CC(NCCCc1c[nH]c2ccc(F)cc12)CO3,7.57
CHEMBL592953,CCCN(CCCc1c[nH]c2ccc(F)cc12)C1COc2ccc3c(c2C1)C(=O)NCC3,7.21
CHEMBL207854,CCCN(Cc1ccc(F)cc1C(F)(F)F)C1CCNCC1.O=C(O)/C=C/C(=O)O,9.1
CHEMBL394732,Clc1ccc(C2CNCc3cc(OCCCN4CCCCC4)ncc32)cc1Cl,7.5
CHEMBL2206532,COc1ccc2c(c1)CN(C)CC2c1cccc(C)c1,6.32
CHEMBL2206525,CN1Cc2ccccc2C(c2ccc(Cl)c(F)c2)C1,7.09
CHEMBL303266,CN1C2CCC1C(C(=O)NCCCNC(=O)C1C(c3ccc(Cl)cc3)CC3CCC1N3C)C(c1ccc(Cl)cc1)C2,6.45
CHEMBL419385,CN(C)C[C@H]1C2CCC(C2)[C@@H]1c1ccc2cc(O)ccc2c1,7.33
CHEMBL1818466,Cc1ccn(CC23CNCC[C@]2(c2ccc(Cl)c(Cl)c2)C3)c1,9.3
CHEMBL1214006,COC(=O)[C@@H]1C2CCC(C[C@@H]1c1ccc(Cl)cc1)N2C/C=C/CF,7.95
CHEMBL3913541,COc1ccc(Br)c(CC2CCN(CCc3ccccc3)CC2)c1,7.18
CHEMBL340281,OC1(c2ccc3ccccc3c2)c2ccc3ccccc3c2C2=NCCN21,7.96
CHEMBL3799356,CN(C)CCCN1c2ccccc2CCc2ccc(CCCOCCCN3c4ccccc4CCc4ccccc43)cc21,6.48
CHEMBL478,Clc1cccc(N2CCNCC2)c1,6.57
CHEMBL1729,COc1cc(N)c(Cl)cc1C(=O)NC1CCN(CCCOc2ccc(F)cc2)CC1OC,6.69
CHEMBL3323090,CN1Cc2ccccc2C(c2ccc3ccoc3c2)C1,6.59
CHEMBL317757,CN1C2CCC1CC(OC(c1ccc(F)cc1)c1ccc(F)cc1)C2,5.49
CHEMBL2207495,CCCN1CCC(N2C(=O)C(=O)c3ccccc32)CC1,4.62
CHEMBL407803,CN1C2CCC1C(C(=O)NCCCCNC(=O)C1C(c3ccc(Cl)cc3)CC3CCC1N3C)C(c1ccc(Cl)cc1)C2,5.5
CHEMBL3817898,COc1ccc(C(=O)CCCN2CCc3ccccc3C2)cc1,5.61
CHEMBL374769,CC(C)(C)CC(c1ccc(Cl)cc1)C1CCCCN1,5.46
CHEMBL219116,COC(=O)C(c1ccc(Cl)cc1)C1CCCCN1,5.23
CHEMBL3799503,CN(C)CCCN1c2ccccc2CCc2ccc(C#CCOSCc3cccc4ccccc34)cc21,6.32
CHEMBL3663911,COc1cccc2cc(C3CN(C)Cc4ccccc43)oc12,7.57
CHEMBL379446,CCCC(C(=O)c1ccc([N+](=O)[O-])cc1)N1CCCC1,5.61
CHEMBL215236,COC(=O)/C=C1/CN2C3CCC2C1C(c1ccc(Cl)cc1)C3,7.73
CHEMBL2206535,Cc1ccc(C2CN(C)Cc3cc(C)ccc32)cc1,6.92
CHEMBL3818805,O=c1[nH]c2cc(Cl)ccc2n1C1CCN(CCCCc2c[nH]c3ccccc23)CC1,7.6
CHEMBL378243,CN1C2CCC1C1COC(=O)CCSCCC(=O)Nc3ccc(cc3)C1C2,5.78
CHEMBL3287656,CCN(CC)c1ccc2c(-c3ccc(S(=O)(=O)NCCCCCC(=O)NCc4ccc5c(c4)CO[C@@]5(CCCN(C)C)c4ccc(F)cc4)cc3S(=O)(=O)[O-])c3ccc(=[N+](CC)CC)cc-3oc2c1,7.47
CHEMBL3656907,OCCOc1cc(CC2CCN(CCc3ccc4c(c3)C(O)CCO4)CC2)ccc1Br,7.14
CHEMBL6467,CSc1ccc(CC(C)N)cc1,6.35
CHEMBL157101,CC(=O)N1CCN(c2ccc(OCC3COC(Cn4ccnc4)(c4ccc(Cl)cc4Cl)O3)cc2)CC1,6.55
CHEMBL373385,COC(=O)[C@@H]1C2CCC(C[C@H]1c1ccc(C)cc1)N2C,6.41
CHEMBL2096878,COc1ccc([C@H]2C3CCC(C[C@H]2c2ccc(C)cc2)N3C)cc1,6.42
CHEMBL225235,Cc1ccc([C@H]2CC3CCC([C@H]2c2ccc(F)cc2)N3C)cc1,7.6
CHEMBL337798,CNCCC(Oc1cccc2ccccc12)c1cccc(Br)c1,8.12
CHEMBL236784,CSc1ccc(C2CN(C)Cc3cc(Oc4cc(CN5CCCCC5)ccn4)ccc32)cc1,7.46
CHEMBL4227238,COCCOc1cc(CC2CCN(CCc3ccc4c(c3)OCCO4)CC2)ccc1Br,8.62
CHEMBL137936,CNCCC(Oc1cccc2ccccc12)c1ccc(C(F)(F)F)cc1,7.84
CHEMBL202860,O=C(O)C(=O)O.O[C@H](CCc1ccccc1)CN1CCC(CCOC(c2ccc(F)cc2)c2ccc(F)cc2)CC1,7.72
CHEMBL522699,CN1[C@H]2CC[C@@H]1[C@@H](C#Cc1ccc([N+](=O)[O-])cc1)[C@@H](c1ccc(Cl)cc1)C2.Cl,6.21
CHEMBL3656920,COCCOc1cc(CC2CCN(CCc3ccc4occ(O)c(=O)c4c3)CC2)ccc1Br,9.06
CHEMBL3799011,CN(C)CCCN1c2ccccc2CCc2ccc(C#CCOCCCOc3cccc4ccccc34)cc21,4.57
CHEMBL3798279,CN(C)CCCN1c2ccccc2CCc2ccc(C#CCOCCOCCOc3cccc4ccccc34)cc21,5.19
CHEMBL218847,CCCC(c1ccc(Cl)cc1)C1CCCCN1,5.57
CHEMBL1201082,CNCCC(Oc1ccc(C(F)(F)F)cc1)c1ccccc1.Cl,8.96
CHEMBL426316,CCCCN(Cc1ccc(F)cc1C(F)(F)F)C1CCNCC1.O=C(O)/C=C/C(=O)O,8.89
CHEMBL377574,CCOCCN(Cc1ccc(F)cc1C(F)(F)F)C1CCNCC1.O=C(O)C(O)C(O)C(=O)O,8.55
CHEMBL4229188,COCCOc1cc(CC2CCN(CCc3ccc4c(c3)C(O)CCO4)CC2)ccc1Br,8.07
CHEMBL400830,CSc1ccc(C2CN(C)Cc3cccc(Oc4cncc(CN5CCCCC5)c4)c32)cc1,6.58
CHEMBL2206513,COc1cccc2c1CN(C)CC2c1ccccc1,5.37
CHEMBL2206512,Cc1cccc2c1CN(C)CC2c1ccccc1,5.84
CHEMBL1162965,CN(C)CC1CC1c1c[nH]c2ccc(C#N)cc12,8.15
CHEMBL2336610,CCN(CC)c1ccc2c(-c3ccc(S(=O)(=O)NCCCCCC(=O)NCCC(=O)Nc4cccc(-c5ccc6c(c5)COC6(CCCN(C)C)c5ccc(F)cc5)c4)cc3S(=O)(=O)[O-])c3ccc(=[N+](CC)CC)cc-3oc2c1,6.65
CHEMBL236782,CSc1ccc(C2CN(C)Cc3cccc(Oc4ccnc(CN5CCCCC5)c4)c32)cc1,6.58
CHEMBL394787,COc1ccc(C2CN(C)Cc3cc(OCCCN4CCN(C(C)C)CC4)ccc32)cc1,8.74
CHEMBL396459,CCN1CCN(CCCOc2ccc3c(c2)CN(C)CC3c2ccc(OC)cc2)CC1,8.7
CHEMBL427845,CCN(CC)CCCOc1ccc2c(c1)CN(C)CC2c1ccc(OC)cc1,8.4
CHEMBL396703,COc1ccc(C2CN(C)Cc3cc(OCCCN4CC(F)(F)C4)ccc32)cc1,8.54
CHEMBL242820,COc1ccc(C2CN(C)Cc3cc(OCCCN4CCN(c5ccncc5)CC4)ccc32)cc1,8.4
CHEMBL385359,CN1C2CCC1C1COC(=O)CCCCCCC(=O)Nc3ccc(cc3)C1C2,6.29
CHEMBL232661,COc1ccc(C2CN(C)Cc3cc(OCCCN(C4CC4)C4CC4)ccc32)cc1,8.01
CHEMBL232660,COc1ccc(C2CN(C)Cc3cc(OCCCNC4CC4)ccc32)cc1,7.71
CHEMBL396945,CCNCCCOc1ccc2c(c1)CN(C)CC2c1ccc(OC)cc1,8.47
CHEMBL234732,COc1ccc(C2CN(C)Cc3cc(OCCCN4CCC(F)(F)C4)ccc32)cc1,8.14
CHEMBL233471,COc1ccc(C2CN(C)Cc3cc(OCCCN4CCC(CO)CC4)ccc32)cc1,8.49
CHEMBL232010,COc1ccc(C2CN(C)Cc3cc(OCCCN4CCN(c5ccc(C(F)(F)F)cc5)CC4)ccc32)cc1,7.48
CHEMBL451232,Cl.NC[C@H]1C[C@@H]1c1ccc(F)cc1Cl,5.98
CHEMBL3321788,OC1(c2ccc(Cl)cc2)CC2CCC(C1)N2CCCCc1ccc(F)cc1,6.38
CHEMBL3769968,C=CCOc1cc(F)c(F)cc1C1CC1CN.Cl,5.9
CHEMBL1214007,COC(=O)[C@@H]1C2CCC(C[C@@H]1c1ccc(Br)cc1)N2C/C=C/CF,8.07
CHEMBL2205836,COc1ccccc1CCN1C2C3C4CC5C6C4C2C6C1(O)C53,6.26
CHEMBL382783,O=C(O)C(=O)O.O[C@H](Cc1ccccc1)CN1CCC(CCOC(c2ccccc2)c2ccccc2)CC1,6.54
CHEMBL3964962,Cc1cccc2c1C(c1ccc3ccccc3c1)CN(C)C2,8.47
CHEMBL247265,CCN(CC)CCCOc1cc2c(cn1)C(c1ccc(Cl)c(Cl)c1)CNC2,7.58
CHEMBL247094,CN1Cc2cc(OCCCN3CCCCC3)ncc2C(c2ccc(Cl)c(F)c2)C1,6.83
CHEMBL247076,Clc1ccccc1C1CNCc2cc(OCCCN3CCCCC3)ncc21,5.88
CHEMBL379333,CN1C2CCC1C1COC(=O)CCC(=O)CCC(=O)Nc3ccc(cc3)C1C2,5.91
CHEMBL342716,CNCCC(Oc1cccc2ccccc12)c1ccc(F)cc1,9.02
CHEMBL512551,CCOC(=O)c1cc2cc(C3(Cc4ccccc4)CCNC3)ccc2[nH]1,8.4
CHEMBL1788140,CN(C)[C@@H]1C[C@@H](c2ccc(Cl)c(Cl)c2)c2ccccc21.O=C(O)/C=C\C(=O)O,7.19
CHEMBL568140,CC(NC(C)(C)C)C(=O)c1ccc(Cl)c(Cl)c1,5.83
CHEMBL1224165,CCCC1(C(=O)c2cc(F)c3[nH]ccc3c2)CCCN1,8.2
CHEMBL375118,Clc1ccc(C(C2CCCC2)C2CCCCN2)cc1,5.34
CHEMBL204490,CCCC(C(=O)c1ccc(C(F)(F)F)cc1)N1CCCC1,6.02
CHEMBL1086273,COc1c(F)cccc1CC(c1ccccc1)N1CCNCC1,8.7
CHEMBL4075144,O=S(=O)(NCCCN1CC=C(c2c[nH]c3ccc(Cl)cc23)CC1)c1cccc(F)c1,8.96
CHEMBL566379,O=C1Cc2c(ccc3c2OC[C@H](CNCCCC2CCc4c([nH]c5ccc(F)cc45)C2)O3)N1,7.82
CHEMBL565553,O=c1[nH]c2cccc(OC3CCN(CCC4CCc5[nH]c6ccc(F)cc6c5C4)CC3)c2o1,5.92
CHEMBL558329,CNC[C@H]1C[C@@]1(Oc1cccc2ccccc12)c1cccs1.Cl,7.75
CHEMBL482903,[11CH3]Oc1ccc2c(c1)CCN(CCCc1c[nH]c3ccc(F)cc13)C2,8.39
CHEMBL236606,CSc1ccc(C2CN(C)Cc3cc(Oc4ccnc(CN5CCCCC5)c4)ccc32)cc1,7.98
CHEMBL495705,Cc1ccc2c(N3CCN(CCc4ccc5c(c4)NC(=O)CO5)CC3C)cccc2n1,8.0
CHEMBL3085019,CN1[C@H]2CC[C@@H]1C[C@@H](NC(c1ccc(F)cc1)c1ccc(F)cc1)C2,4.31
CHEMBL1818547,Clc1ccc([C@]23CCNCC2(Cn2cc4ccccc4n2)C3)cc1Cl,9.7
CHEMBL219540,CC(=O)C(c1ccccc1)C1CCCCN1,5.11
CHEMBL4227642,COCCOc1cc(CC2CCN(CCc3ccc4c(c3)S(=O)(=O)CCO4)CC2)ccc1Br,8.59
CHEMBL417035,Fc1ccc(CCNCC2CCCN(CCOC(c3ccccc3)c3ccccc3)C2)cc1,6.05
CHEMBL149776,COc1cccc2c1O[C@@H](CN1C3C=C(c4ccc(Cl)c(Cl)c4)CC1CC3)CO2,8.33
CHEMBL483316,[11CH3]Oc1cccc2c1CCN(CCCc1c[nH]c3ccc(Br)cc13)C2,5.53
CHEMBL447825,NCC1CCC(c2ccc(Cl)cc2)O1,5.96
CHEMBL452928,NCC1CCC(CCc2c(F)c(F)c(F)c(F)c2F)O1,5.67
CHEMBL1818445,Cc1csc(C23CNCC[C@]2(c2ccc(Cl)c(Cl)c2)C3)n1,7.8
CHEMBL1818452,Cc1ccnn1CC12CNCC[C@]1(c1ccc(Cl)c(Cl)c1)C2,9.1
CHEMBL596001,CN1C2CCC1[C@@H](C(=O)OCc1cn(CCCCCCOC(=O)[C@H]3C4CCC(C[C@@H]3c3ccc(Cl)cc3)N4C)nn1)[C@@H](c1ccc(Cl)cc1)C2,9.07
CHEMBL568538,O=C1Cc2c(ccc3c2OC[C@H](CNCCC2CCc4[nH]c5ccc(F)cc5c4C2)O3)N1,7.68
CHEMBL4066532,O=S(=O)(NCCN1CC=C(c2c[nH]c3ccc(Cl)cc23)CC1)c1cccc(Cl)c1,8.48
CHEMBL494814,CN1[C@H]2CC[C@@H]1[C@@H](C#Cc1ccccc1)[C@@H](c1ccc(Cl)cc1)C2.Cl,7.09
CHEMBL494807,Cc1ccc([C@H]2C[C@@H]3CC[C@H]([C@H]2C#Cc2ccccc2)N3C)cc1.Cl,6.14
CHEMBL514447,c1ccc(CC2(c3c[nH]c4ccccc34)CCNC2)cc1,7.64
CHEMBL3706923,C[C@H]1CN(c2cccc3cc(F)ccc23)CCN1CC[C@@H]1OCc2cc(C(N)=O)ccc21,8.89
CHEMBL574317,COC(=O)[C@@H]1C2CCC(C[C@@H]1c1ccc([S+](C)[O-])cc1)N2C,8.37
CHEMBL593865,O=C1NCCc2ccc3c(c21)CC(N(CCCc1c[nH]c2ccc(F)cc12)CC1CC1)CO3,7.58
CHEMBL594807,CC(C)CN(CCCc1c[nH]c2ccc(F)cc12)C1COc2ccc3c(c2C1)C(=O)NCC3,6.74
CHEMBL593281,O=C1NCc2ccc3c(c21)CC(N(CCCc1c[nH]c2ccc(F)cc12)C(=O)c1ccccc1)CO3,7.51
CHEMBL306208,COC(=O)C1C(c2ccc(Cl)cc2)CC2CCC1N2C,7.35
CHEMBL3656913,O=C1CCOc2ccc(CCN3CCC(Cc4ccc(Br)c(O)c4)CC3)cc21,8.19
CHEMBL3705001,COCCOc1cc(CC2CCNCC2)ccc1Br,6.42
CHEMBL575199,COC(=O)[C@@H]1C2CCC(C[C@@H]1c1ccc(SC)cc1)N2CCCF,8.52
CHEMBL574020,COC(=O)[C@@H]1C2CCC(C[C@@H]1c1ccc([S+](C)[O-])c(Br)c1)N2C,8.49
CHEMBL2206510,Cc1ccc2c(c1)CN(C)CC2c1ccc(Cl)cc1,6.94
CHEMBL2205814,COc1ccc(CCN2C3C4C5CC6C7C5C3C7C2(O)C64)cc1OC,5.37
CHEMBL607419,O=C1NCc2ccc3c(c21)CC(N(CCCc1c[nH]c2ccc(F)cc12)CC1CC1)CO3,7.82
CHEMBL294105,COC(=O)[C@H]1C2CC[C@@H]3C[C@@H]1/C(=C/c1ccccc1)CN23,5.62
CHEMBL3957797,CCSCCCCNC(CC(C)C)C1(c2ccc(Cl)cc2)CCC1,7.73
CHEMBL395096,COc1ccc(C2CN(C)Cc3cc(OCCCN4CCC(F)(F)CC4)ccc32)cc1,8.19
CHEMBL1085959,COc1ccccc1CC(c1ccccc1F)N1CCNCC1,8.0
CHEMBL1083425,Fc1ccc(C(Cc2ccccc2OC(F)F)N2CCNCC2)cc1,8.05
CHEMBL464422,COc1ccc(F)cc1CCC1CCC(CCN)O1,8.68
CHEMBL450907,COc1ccc(F)cc1CCCC1CCC(CCN)O1,8.96
CHEMBL579056,COC(=O)[C@@H]1C2CCC(C[C@@H]1c1ccc(SC)cc1)N2C,9.15
CHEMBL573844,COC(=O)[C@@H]1C2CCC(C[C@@H]1c1ccc(SC(F)(F)F)cc1)N2C,8.1
CHEMBL574543,COC(=O)[C@@H]1C2CCC(C[C@@H]1c1ccc(S(C)(=O)=O)cc1)N2C,6.68
CHEMBL201978,CCC(C(=O)c1ccc(Cl)c(Cl)c1)N1CCCC1,6.09
CHEMBL348552,COC(=O)C1C2CCC(C[C@@H]1c1ccc(I)cc1)CN2C,9.17
CHEMBL3704758,CCOc1ccc(C2(C[C@H](C)CCNCCCC(N)=O)CCC2)cc1,6.48
CHEMBL383873,COC(=O)/C=C1/CN2C3CCC2C1C(c1ccc(Br)cc1)C3,8.25
CHEMBL1169916,COCCC1CNCCN1c1ccc2[nH]ncc2c1,8.7
CHEMBL1170374,CCCC1CNCCN1c1ccc2[nH]ncc2c1,7.8
CHEMBL578219,C=CCN1C2CCC1[C@@H](C(=O)OC)[C@@H](c1ccc(SC)cc1)C2,8.26
CHEMBL246747,CN1Cc2cc(OCCCN3CCC(F)CC3)ccc2C(c2cccc(C(F)(F)F)c2)C1,7.82
CHEMBL246542,CN1Cc2cc(OCCCN3CCC(F)CC3)ccc2C(c2ccc(C(F)(F)F)cc2)C1,8.07
CHEMBL395998,O=C(OCC[18F])C1C2CCC(CC1c1ccc(/C=C\I)cc1)N2,10.1
CHEMBL204814,N[C@H](Cc1ccccc1)CN1CCC(CCOC(c2ccc(F)cc2)c2ccc(F)cc2)CC1.O=C(O)C(=O)O.O=C(O)C(=O)O,7.17
CHEMBL383682,O=C(O)C(=O)O.O[C@H](CCN1CCC(CCOC(c2ccc(F)cc2)c2ccc(F)cc2)CC1)c1ccccc1,7.37
CHEMBL206128,Fc1ccc(C(OCCC2CCN(C[C@H]3C[C@@H]3c3ccccc3)CC2)c2ccc(F)cc2)cc1.O=C(O)C(=O)O,6.87
CHEMBL1914695,CN1C2CCC1[C@@H](C(=O)Nc1cccc(F)n1)[C@@H](c1ccc(Cl)cc1)C2,4.54
CHEMBL523916,CN1[C@H]2CC[C@@H]1[C@@H](c1cn(Cc3ccccc3)nn1)[C@@H](c1ccc(Cl)cc1)C2.Cl,6.79
CHEMBL496911,CN1[C@H]2CC[C@@H]1[C@@H](c1cn(CCN3CCCCC3)nn1)[C@@H](c1ccc(Cl)cc1)C2.Cl,6.86
CHEMBL246331,COc1ccc(C2CN(C)Cc3cc(OCCCN4CCC(F)CC4)ccc32)cc1Cl,8.24
CHEMBL567479,CC(C)(C)NC(CCC1CCCCC1)C(=O)c1cccc(Cl)c1,5.21
CHEMBL596297,N#Cc1ccc2[nH]cc(CCCCN(CC3CC3)C3COc4ccc5c(c4C3)C(=O)NC5)c2c1,7.6
CHEMBL247670,COc1ccc(C2CNCc3cc(OCC4CCN(C(C)C)CC4)ncc32)cc1,7.03
CHEMBL202420,CCCC(C(=O)c1ccc(Br)cc1)N1CCCC1,6.08
CHEMBL592939,O=C1NCCc2cc(F)c3c(c21)CC(N(CCCc1c[nH]c2ccc(F)cc12)CC1CC1)CO3,6.95
CHEMBL3754496,C=CCN(CC=C)CCc1c[nH]c2ccc(F)cc12,7.44
CHEMBL399429,O=C(NCc1ccco1)C1=C(c2ccc(Cl)c(Cl)c2)CCC1,4.62
CHEMBL245514,CN(C)CCC(Oc1ccc(C(F)(F)F)cc1)c1ccc(C#CCCN2CCCCC2)cc1,7.21
CHEMBL4571321,COc1ccc2[nH]cc(C3CC(=O)N(CCCCN4CCC(c5c[nH]c6ccc(F)cc56)CC4)C3=O)c2c1,7.76
CHEMBL4472066,O=C1CC(c2c[nH]c3ccc(F)cc23)C(=O)N1CCN1CCC(c2c[nH]c3ccc(F)cc23)CC1,6.5
CHEMBL4456442,COc1ccc2[nH]cc(C3CCN(CCN4C(=O)CC(c5c[nH]c6ccc(OC)cc56)C4=O)CC3)c2c1,7.2
CHEMBL4553259,COc1ccc2[nH]cc(C3CC(=O)N(CCCN4CCC(c5c[nH]c6ccc(F)cc56)CC4)C3=O)c2c1,7.52
CHEMBL231684,COC(=O)[C@@H]1CCCCC[C@@H]1c1ccc(-c2ccccc2)cc1,4.14
CHEMBL461268,NCC1CCC(c2ccc(Br)cc2)O1,5.95
CHEMBL459390,COc1ccc(CCC2CCC(CCN)O2)c2ccccc12,7.04
CHEMBL494624,CN1[C@H]2CC[C@@H]1[C@H](C=C(Br)Br)[C@@H](c1ccc(Cl)cc1)C2.Cl,7.12
CHEMBL524188,Cc1ccc([C@H]2C[C@@H]3CC[C@H]([C@@H]2C=C(Br)Br)N3C)cc1.Cl,6.6
CHEMBL574546,CCSc1ccc([C@H]2CC3CCC(N3)[C@H]2C(=O)OC)cc1,8.9
CHEMBL174088,COC(=O)[C@@H]1C2CCC(C[C@@H]1c1ccc(/C=C\I)cc1)N2,10.3
CHEMBL566356,O=c1[nH]c2cccc(N3C[C@H]4C[C@@H]3CN4CC3CCc4[nH]c5ccc(F)cc5c4C3)c2o1,8.1
CHEMBL573831,CCSc1ccc([C@H]2CC3CCC([C@H]2C(=O)OC)N3CCCF)cc1,7.57
CHEMBL573361,CCCN1C2CCC1[C@@H](C(=O)OC)[C@@H](c1ccc(SC)cc1)C2,8.24
CHEMBL69380,CN(CCc1ccc(F)cc1)CC1CCCN(CCOC(c2ccccc2)c2ccccc2)C1,6.28
CHEMBL198842,COC(=O)[C@@H]1C2CCC(C[C@@H]1c1ccc(Cl)c(Cl)c1)N2CCNC(=O)CCCN1CCCc2cc3c(cc21)C(C)(C)C1=CC(=[N+](C)C)C=CC1=C3.[O-][Cl+3]([O-])([O-])[O-],6.64
CHEMBL202409,Cc1ccc(C(=O)C(CC(C)C)N2CCCC2)cc1,5.54
CHEMBL1224240,Cc1cccc2nc(C(=O)C3(CCC(C)(C)C)CCNC3)ccc12,9.7
CHEMBL1224241,CC(C)(C)CCC1(C(=O)c2cc(Cl)c(Cl)s2)CCNC1,8.3
CHEMBL3958278,COc1ccc(Br)c(CC2CCN(CCc3ccc4c(c3)OCCO4)CC2)c1,7.85
CHEMBL643,CC(CN1c2ccccc2Sc2ccccc21)N(C)C,5.67
CHEMBL336940,COc1cccc2c1C1=NCCN1C2(O)c1ccc(Cl)cc1,6.06
CHEMBL381842,N[C@@H](Cc1ccccc1)CN1CCC(CCOC(c2ccc(F)cc2)c2ccc(F)cc2)CC1.O=C(O)C(=O)O.O=C(O)C(=O)O,6.64
CHEMBL3950161,COc1ccc(Br)c(CC2CCN(CCc3ccc(OC)c(Cl)c3)CC2)c1,7.72
CHEMBL207067,Fc1ccc(CN(CC2CC2)C2CCNCC2)c(C(F)(F)F)c1.O=C(O)C(O)C(O)C(=O)O,9.4
CHEMBL425589,CC(C)CN(Cc1cccc(C#N)c1)C1CCNCC1.O=C(O)/C=C/C(=O)O,9.32
CHEMBL1170795,NC(=O)c1c[nH]c2ccc(N3CCNCC3Cc3ccccc3)cc12,7.0
CHEMBL449047,C#C[C@H]1[C@@H](c2ccc(Cl)cc2)C[C@@H]2CC[C@H]1N2C.Cl,7.75
CHEMBL245919,CN(C)CCC(Oc1cccc(Cl)c1)c1ccc(OCCCN2CCCCC2)cc1,7.68
CHEMBL204586,O=C(O)C(=O)O.O[C@@H](Cc1ccccc1)CN1CCC(CCOC(c2ccccc2)c2ccccc2)CC1,6.35
CHEMBL246748,CN1Cc2cc(OCCCN3CCC(F)CC3)ccc2C(c2ccc(C#N)cc2)C1,7.8
CHEMBL380890,CC(C)CN(Cc1ccccc1C(F)(F)F)C1CCNCC1.O=C(O)/C=C/C(=O)O,8.85
CHEMBL565845,Cc1cc(C(=O)C(C)NC(C)(C)C)ccc1Br,5.92
CHEMBL111128,CNC[C@H]1C2CCC(C2)[C@@H]1c1ccc2ccccc2c1,8.44
CHEMBL566050,CCCC(NC(C)(C)C)C(=O)c1ccc(Cl)c(Cl)c1,6.08
CHEMBL1170794,Cn1ccc2cc(N3CCNCC3Cc3ccccc3)ccc21,8.1
CHEMBL207374,Cc1ccc(CN(CC(C)C)C2CCNCC2)c(C)c1.O=C(O)/C=C/C(=O)O,9.41
CHEMBL2206508,Cc1ccc2c(c1)CN(C)CC2c1cc(F)cc(F)c1,5.67
CHEMBL207407,CC(C)CN(Cc1ccccc1C#N)C1CCNCC1.O=C(O)/C=C/C(=O)O,8.92
CHEMBL207023,CCCCN(Cc1ccccc1C(F)(F)F)C1CCNCC1.O=C(O)/C=C/C(=O)O,8.82
CHEMBL208232,CC(C)CN(Cc1ccc(C(F)(F)F)cc1F)C1CCNCC1.O=C(O)/C=C/C(=O)O,8.24
CHEMBL441358,CC(C)CN(Cc1ccc(F)cc1C(F)(F)F)C1CCNCC1.O=C(O)/C=C/C(=O)O,9.52
CHEMBL438059,CSc1ccccc1CN(CC(C)C)C1CCNCC1.O=C(O)/C=C/C(=O)O,8.96
CHEMBL4225635,COCCOc1cc(CC2CCN(CCc3ccc4c(c3)C(=O)CCO4)CC2)ccc1C(C)C,6.61
CHEMBL236605,CSc1ccc(C2CN(C)Cc3cccc(Oc4cccc(CN5CCCCC5)c4)c32)cc1,6.6
CHEMBL1214005,COC(=O)[C@@H]1C2CCC(C[C@@H]1c1ccc(F)cc1)N2C/C=C/CF,6.45
CHEMBL1224316,CC(C)(C)CCC1(C(=O)c2ccc(Cl)c(Cl)n2)CCNC1,7.9
CHEMBL1818442,Cl.Clc1ccc([C@]23CNC[C@H]2C3)cc1Cl,7.8
CHEMBL6966,COc1ccc(CCN(C)CCCC(C#N)(c2ccc(OC)c(OC)c2)C(C)C)cc1OC,6.9
CHEMBL3085025,CN1[C@H]2CC[C@@H]1C[C@H](NC(c1ccccc1)c1ccc(Cl)cc1)C2,4.87
CHEMBL589141,O=C1NCc2ccc3c(c21)CC(N(CCCCc1c[nH]c2ccc(F)cc12)CC1CC1)CO3,6.86
CHEMBL2204360,Cc1ccc(Sc2ccccc2N2CCNCC2)c(C)c1.Cl,8.8
CHEMBL141974,CNCCC(Oc1cccc2ccccc12)c1cccc(C(F)(F)F)c1,7.72
CHEMBL3323089,CN1Cc2ccccc2C(c2ccc3occc3c2)C1,7.72
CHEMBL67078,c1ccc(CCCNCC2CCCN(CCOC(c3ccccc3)c3ccccc3)C2)cc1,6.5
CHEMBL382554,FC(F)(F)CN(Cc1ccccc1C(F)(F)F)C1CCNCC1.O=C(O)C(O)C(O)C(=O)O,8.34
CHEMBL458072,COC(=O)[C@H]1[C@@H](c2ccc(OC)c(F)c2)C[C@H]2CC[C@H]1N2C.Cl,8.32
CHEMBL1628650,[3H]c1cc2c(cc1OC[C@@H]1CNCC[C@H]1c1ccc(F)cc1)OCO2,10.1
CHEMBL3942269,COc1ccc(Br)c(CC2CCN(CCc3cc4c(cc3Cl)OCCO4)CC2)c1,7.91
CHEMBL14613,COC(=O)C1C2CCC(CC1c1ccc(I)cc1)N2,9.44
CHEMBL457930,N#Cc1cc2cc(C3(Cc4ccccc4)CCNC3)ccc2[nH]1,9.4
CHEMBL516825,O=C(OCCF)C1C2CCC(CC1c1cccc(/C=C/I)c1)N2,7.82
CHEMBL602323,COCC[C@@]1(c2ccc(Cl)c(Cl)c2)[C@H]2CNC[C@H]21.Cl,9.5
CHEMBL3799640,CN(C)CCCN1c2ccccc2CCc2ccc(CCCOCCCOc3cccc4ccccc34)cc21,6.21
CHEMBL556299,CNCCC(c1ccccc1)c1ccc2[nH]ccc2c1,7.5
CHEMBL397597,c1cc([C@@H]2CN3CCC[C@@H]3c3cc(OCCCN4CCOCC4)ccc32)[nH]n1,6.92
CHEMBL4282264,CNC(=O)Nc1ccc2c(c1)CC[C@@]21OC(=O)N(CC(=O)N(Cc2ccc(F)cc2)[C@@H](C)C(F)(F)F)C1=O,6.66
CHEMBL1085510,CN1CC2C(=NO[C@H]2CN2CCN(C/C=C/c3ccccc3)CC2)c2ccccc21,7.8
CHEMBL561599,CC(c1ccccc1)N(c1ccc2[nH]ccc2c1)C1CCNCC1,7.4
CHEMBL451500,COc1ccc(F)c(CCCC2CCC(CCNCCCCCN3N=C(c4ccc(OC)c(OC)c4)[C@H]4CC=CC[C@H]4C3=O)O2)c1,6.71
CHEMBL224819,COC(=O)[C@@H]1C2CCC(C[C@H]1c1ccc(Br)cc1)N2C,7.69
CHEMBL376899,COC(=O)[C@@H]1C2CCC(C[C@H]1c1ccccc1)N2C,6.29
CHEMBL495464,Cc1ccc([C@H]2C[C@@H]3CC[C@H]([C@H]2C=C(Br)Br)N3C)cc1.Cl,7.41
CHEMBL1670,Clc1ccc(C(c2ccccc2Cl)C(Cl)Cl)cc1,5.8
CHEMBL560536,c1ccc(CN(c2ccc3[nH]ccc3c2)C2CCCNC2)cc1,8.2
CHEMBL1255834,CC(N)Cc1c[nH]c2ccc(OCc3cccs3)cc12,5.59
CHEMBL3754166,C=CCN(CC=C)CCc1c[nH]c2ccc(Br)cc12,6.9
CHEMBL216773,CCN(CC)c1ccc2c(-c3ccc(S(=O)(=O)NC[C@H]4CC[C@H](C(=O)NCCN5C6CCC5[C@@H](C(=O)OC)[C@@H](c5ccc(Cl)c(Cl)c5)C6)CC4)cc3S(=O)(=O)[O-])c3ccc(=[N+](CC)CC)cc-3oc2c1,6.15
CHEMBL4469848,FC(F)(F)c1cc(Oc2nccc3occc23)ccc1-c1cccc2nccn12,5.01
CHEMBL4077937,O=S(=O)(NCCCN1CC=C(c2c[nH]c3ccc(Cl)cc23)CC1)c1ccc(F)cc1,8.39
CHEMBL707,COc1cc2nc(N3CCN(C(=O)C4COc5ccccc5O4)CC3)nc(N)c2cc1OC,5.84
CHEMBL4074195,O=S(=O)(NCCCCN1CC=C(c2c[nH]c3ccc(Cl)cc23)CC1)c1ccc2ccccc2c1,8.28
CHEMBL595674,CN1C2CCC1[C@@H](C(=O)NCCCCCCCCNC(=O)[C@H]1C3CCC(C[C@@H]1c1ccc(-c4ccsc4)cc1)N3C)[C@@H](c1ccc(-c3ccsc3)cc1)C2,6.33
CHEMBL334255,CCCCCCCCCCCCCCCC[n+]1ccccc1.[Br-],6.05
CHEMBL607547,CN1C2CCC1[C@@H](C(=O)NCc1ccc(CCNC(=O)[C@H]3C4CCC(C[C@@H]3c3ccc(-c5ccsc5)cc3)N4C)cc1)[C@@H](c1ccc(-c3ccsc3)cc1)C2,7.21
CHEMBL248377,CN(C)CCC(Oc1ccc(OCCCN2CCCCC2)cc1)c1ccccc1,6.55
CHEMBL204538,CC#Cc1ccc(C(=O)C(CCC)N2CCCC2)cc1,5.17
CHEMBL595638,CN1C2CCC1[C@@H](C(=O)OCc1cn(CCOC(=O)[C@H]3C4CCC(C[C@@H]3c3ccc(Cl)cc3)N4C)nn1)[C@@H](c1ccc(Cl)cc1)C2,7.57
CHEMBL380056,CN1CCCCCCCCCC(=O)OCC2C(CC3CCC2N3C)c2ccc1cc2,7.03
CHEMBL611963,CN1C2CCC1[C@@H](C(=O)Nc1ccc(CNC(=O)[C@H]3C4CCC(C[C@@H]3c3ccc(-c5ccsc5)cc3)N4C)cc1)[C@@H](c1ccc(-c3ccsc3)cc1)C2,6.14
CHEMBL594388,CN1C2CCC1[C@@H](C(=O)N[C@H]1CC[C@H](NC(=O)[C@H]3C4CCC(C[C@@H]3c3ccc(-c5ccsc5)cc3)N4C)CC1)[C@@H](c1ccc(-c3ccsc3)cc1)C2,6.09
CHEMBL610766,COC(=O)[C@@H]1C2CCC(C[C@@H]1c1ccc(I)cc1)N2C,8.38
CHEMBL388605,COc1ccc([C@@H]2C3CCC(C[C@@H]2c2ccc(C)cc2)N3C)cc1OC,5.9
CHEMBL2206527,Cc1cc(C2CN(C)Cc3ccccc32)ccc1F,6.93
CHEMBL3663914,CN1Cc2cc(CN3CCOCC3)ccc2C(c2cc3ccccc3s2)C1,8.48
CHEMBL248375,CN(C)CCC(Oc1ccc(C(F)(F)F)cc1)c1ccc(OCCCN2CCCCC2)cc1,7.85
CHEMBL595190,CN1C2CCC1[C@@H](C(=O)OCc1cn(CCCCCCCOC(=O)[C@H]3C4CCC(C[C@@H]3c3ccc(Cl)cc3)N4C)nn1)[C@@H](c1ccc(Cl)cc1)C2,8.46
CHEMBL595540,CN1C2CCC1[C@@H](C(=O)NCCC1CCN(C(=O)[C@H]3C4CCC(C[C@@H]3c3ccc(Cl)cc3)N4C)CC1)[C@@H](c1ccc(Cl)cc1)C2,5.6
CHEMBL463389,CCCC1(c2ccc3[nH]ccc3c2)CCNC1,7.18
CHEMBL456654,c1ccc(CC2(c3ccc4[nH]ccc4c3)CCNC2)nc1,7.28
CHEMBL377552,CC(C)(O)CCN(Cc1ccc(F)cc1C(F)(F)F)C1CCNCC1.O=C(O)C(O)C(O)C(=O)O,8.3
CHEMBL1202031,CN(C)[C@@H]1C[C@@H](c2ccc(Cl)c(Cl)c2)c2ccc(I)cc21.O=C(O)C(=O)O,5.43
CHEMBL1224089,CCCC1(C(=O)c2ccc(N)c(Cl)c2)CCCN1,8.7
CHEMBL180700,O=C1COc2ccc(OCCNCCCOc3cccc4[nH]ccc34)cc2N1,7.1
CHEMBL519819,[11CH3]Oc1cccc2c1CCN(CCCc1c[nH]c3ccc(I)cc13)C2,5.58
CHEMBL3323182,CN1Cc2cc(N3CCOCC3)ccc2C(c2ccc3sccc3c2)C1,8.15
CHEMBL391193,CN(C)CCC(Oc1ccc(Br)cc1)c1ccc(OCCCN2CCCCC2)cc1,8.05
CHEMBL394322,CN(C)CCC(Oc1ccc(F)cc1)c1ccc(OCCCN2CCCCC2)cc1,7.34
CHEMBL381256,Fc1ccc(C(OCCC2CCN(C[C@@H]3C[C@H]3c3ccccc3)CC2)c2ccc(F)cc2)cc1.O=C(O)C(=O)O,7.8
CHEMBL205005,Fc1ccc(C(OCCC2CCN(CC3=Cc4ccccc4CC3)CC2)c2ccc(F)cc2)cc1.O=C(O)C(=O)O,6.9
CHEMBL606809,CN1C2CCC1[C@@H](C(=O)OCCCCCn1ccnn1)[C@@H](c1ccc(Cl)cc1)C2,7.7
CHEMBL566418,CC(NC1CCC1)C(=O)c1cccc(Cl)c1,5.46
CHEMBL208533,CC(C)CN(Cc1cccc(C(F)(F)F)c1Cl)C1CCNCC1.O=C(O)/C=C/C(=O)O,9.32
CHEMBL323447,CN(C)CC1C2CCC(C2)C1c1cccc2ccccc12,7.28
CHEMBL377882,FC(F)(F)c1ccccc1CN(CC1CC1)C1CCNCC1.O=C(O)/C=C/C(=O)O,8.82
CHEMBL574126,O=C1C(Cc2ccccc2N2CCNCC2)SCCN1c1ccc(Cl)c(Cl)c1,7.09
CHEMBL513090,COC(=O)[C@H]1[C@@H](c2ccc(OC)c(Br)c2)C[C@H]2CC[C@H]1N2C.Cl,8.51
CHEMBL458080,COc1ccc([C@H]2C[C@H]3CC[C@H]([C@H]2C(=O)OCCc2ccc(N)cc2)N3C)cc1.Cl,8.08
CHEMBL457655,COc1ccc([C@H]2C[C@H]3CC[C@H]([C@H]2C(=O)OCCc2ccc(NC(C)=O)cc2)N3C)cc1.Cl,8.26
CHEMBL249214,O=C(OCCO)C1=C(c2ccc(Cl)c(Cl)c2)CCC1,4.3
CHEMBL566420,CC(C(=O)c1cccc(Cl)c1)N1CCCCC1,5.26
CHEMBL383734,CCC(CC)N(Cc1ccccc1C(F)(F)F)C1CCNCC1.O=C(O)/C=C/C(=O)O,8.17
CHEMBL458639,NCC1CCC(c2ccccc2)O1,7.37
CHEMBL377678,FC(F)(F)CCN(Cc1ccccc1C(F)(F)F)C1CCNCC1.O=C(O)/C=C/C(=O)O,8.55
CHEMBL149246,c1ccc(C(c2ccccc2)c2cccnc2)cc1,4.9
CHEMBL606149,O=C1NCCc2ccc3c(c21)CC(NCCCc1c[nH]c2ccc(F)cc12)CO3,8.0
CHEMBL603835,O=C1NCc2ccc3c(c21)CC(N(CCCc1c[nH]c2ccc(F)cc12)CC1CCCCC1)CO3,5.91
CHEMBL109571,CN(C)CC1C2CCC(C2)C1c1ccc2ccccc2c1,8.55
CHEMBL234525,COc1ccc(C2CN(C)Cc3cc(OCCCN4CCS(=O)(=O)CC4)ccc32)cc1,7.92
CHEMBL458282,COC(=O)[C@H]1[C@@H](c2cc(Br)c(OC)c(Br)c2)C[C@H]2CC[C@H]1N2C.Cl,8.54
CHEMBL2096874,CN1C2CCC1[C@H](c1ccccc1)[C@H](c1ccccc1)C2,5.43
CHEMBL199824,Cn1c(=O)cnn(CCCCN2CCN(c3cccc4ccc(O[11CH3])cc34)CC2)c1=O,5.21
CHEMBL512280,CC(O)(Cc1ccccc1)CN1CCN(CCOC(c2ccccc2)c2ccccc2)CC1,5.7
CHEMBL4579120,CC(C)CCO[C@H]1[C@H]2CCN(CCc3ccc4ccccc4c3)CCCCCCOCc3cn(nn3)C[C@@H](O2)[C@@H]2OC(C)(C)O[C@H]12,5.47
CHEMBL900,Cc1ccccc1C(OCCN(C)C)c1ccccc1,6.61
CHEMBL1836102,Cl.Nc1nc(NC[C@H]2CC[C@H](CNS(=O)(=O)c3ccc4ccccc4c3)CC2)nc2ccccc12,8.21
CHEMBL1818465,N#Cc1ccn(CC23CNCC[C@]2(c2ccc(Cl)c(Cl)c2)C3)c1,9.2
CHEMBL1818543,Cc1nc(C)n(CC23CNCC[C@]2(c2ccc(Cl)c(Cl)c2)C3)n1,8.7
CHEMBL3940484,COc1ccc(CCN2CCC(Cc3cc(OC)ccc3Br)CC2)cc1,7.43
CHEMBL3963429,COc1ccc(Br)c(CC2CCN(CCc3ccc(OC)c(OC)c3)CC2)c1,7.57
CHEMBL3960919,Oc1ccccc1CCCNCc1ccccc1F,4.85
CHEMBL3913057,COc1ccc(Br)c(CC2CCN(CCc3ccccc3Cl)CC2)c1,7.21
CHEMBL3940863,COc1ccc(CCN2CCC(Cc3cc(OC)ccc3Br)CC2)c(Cl)c1,7.52
CHEMBL3921860,COc1ccc(Br)c(CC2CCN(CCc3cccc4c3OCCO4)CC2)c1,7.59
CHEMBL3969352,CCOc1ccc(Br)c(CC2CCN(CCc3cc4c(cc3Cl)OCCO4)CC2)c1,7.73
CHEMBL6437,CN1CCN2c3ccccc3Cc3ccccc3C2C1,5.96
CHEMBL486537,c1ccc(CC2(c3ccc4sccc4c3)CCNC2)cc1,8.15
CHEMBL1818441,Clc1ccc([C@]23CCNCC2(Cn2ncc4ccccc42)C3)cc1Cl,9.6
CHEMBL246541,CN1Cc2cc(OCCCN3CCC(F)CC3)ccc2C(c2cc(Cl)ccc2Cl)C1,6.97
CHEMBL207635,O=C(O)/C=C/C(=O)O.OCCN(Cc1ccc(F)cc1C(F)(F)F)C1CCNCC1,8.51
CHEMBL378839,CC(C)CN(Cc1cc(C(F)(F)F)ccc1Cl)C1CCNCC1.O=C(O)/C=C/C(=O)O,8.02
CHEMBL611961,CN1C2CCC1[C@@H](C(=O)NCc1ccc(CCNC(=O)[C@H]3C4CCC(C[C@@H]3c3ccc(Cl)cc3)N4C)cc1)[C@@H](c1ccc(Cl)cc1)C2,7.19
CHEMBL378536,C=C1CN2C3CCC2C1C(c1ccc(Cl)cc1)C3,9.09
CHEMBL2321998,Clc1ccc(C2CC=CCNC2)cc1Cl,6.66
CHEMBL4104622,O=S(=O)(NCCN1CC=C(c2c[nH]c3ccc(Cl)cc23)CC1)c1cccc(O)c1,8.66
CHEMBL4066971,O=S(=O)(NCCCCN1CC=C(c2c[nH]c3ccc(Cl)cc23)CC1)c1cccc(O)c1,8.38
CHEMBL3797849,CN(C)CCCN1c2ccccc2CCc2ccc(C#CCOCc3cccc4ccccc34)cc21,5.27
CHEMBL3800215,CN(C)CCCN1c2ccccc2CCc2ccc(C#CCOCCCOCCCN3c4ccccc4CCc4ccccc43)cc21,5.0
CHEMBL1087817,O=C1CCc2ccc(CC3C4CCC3CN(C[C@@H]3COc5c(ccc6c5CC(=O)N6)O3)C4)cc2N1,8.82
CHEMBL487873,Cc1ccc(Cc2cc([C@@H]3C4CCC(C[C@@H]3c3ccc(C)cc3)N4C)on2)cc1.Cl,7.05
CHEMBL4080369,Cc1cccc(S(=O)(=O)NCCCCN2CC=C(c3c[nH]c4ccc(Cl)cc34)CC2)c1,8.41
CHEMBL504028,NCC1CCC(c2ccc3ccccc3c2)O1,7.35
CHEMBL448912,NCCC1CCC(Cc2ccccc2)O1,5.42
CHEMBL207480,Fc1ccc(CN(CC2CCC2)C2CCNCC2)c(C(F)(F)F)c1.O=C(O)C(O)C(O)C(=O)O,8.6
CHEMBL207214,Fc1ccc(CN(CC2CC2)C2CCNCC2)c(C(F)(F)F)c1.O=C(O)/C=C/C(=O)O,9.1
CHEMBL246540,CN1Cc2cc(OCCCN3CCC(F)CC3)ccc2C(c2ccc(Cl)c(Cl)c2)C1,7.68
CHEMBL397299,COc1cccc(C2CN(C)Cc3cc(OCCCN4CCC(F)CC4)ccc32)c1,8.37
CHEMBL451071,C#C[C@H]1[C@@H](c2ccc(C)cc2)C[C@@H]2CC[C@H]1N2C.Cl,7.27
CHEMBL3975077,CCCCSCCCCNC(CC(C)C)C1(c2ccc(Cl)c(Cl)c2)CCC1,7.18
CHEMBL67387,COC(=O)C1C(c2cccc(I)c2)CC2CCC1N2C,8.02
CHEMBL3903154,CCCOCCCN[C@H](CC(C)C)C1(c2ccc(Cl)c(Cl)c2)CCC1,8.42
CHEMBL566172,O=c1[nH]c2cccc(CN3CCN(CC4CCc5[nH]c6ccc(F)cc6c5C4)CC3)c2o1,7.39
CHEMBL4228158,COCCOc1cc(CC2CCN(CCc3ccc4c(c3)C(=O)CCO4)CC2)ccc1Cl,8.47
CHEMBL206580,CC(C)CN(Cc1ccc(C(F)(F)F)cc1)C1CCNCC1.O=C(O)/C=C/C(=O)O,10.15
CHEMBL3799319,CN(C)CCCN1c2ccccc2CCc2ccc(CCCOCCCOCCCN3c4ccccc4CCc4ccccc43)cc21,4.96
CHEMBL3798035,C#Cc1ccc2c(c1)N(CCCN(C)C)c1ccccc1CC2,5.62
CHEMBL208252,CC(C)CN(Cc1cc(F)ccc1C(F)(F)F)C1CCNCC1.O=C(O)/C=C/C(=O)O,8.1
CHEMBL207915,COc1ccccc1CN(CC(C)C)C1CCNCC1.O=C(O)/C=C/C(=O)O,7.82
CHEMBL207719,CC(C)CN(Cc1ccc(F)cc1)C1CCNCC1.O=C(O)/C=C/C(=O)O,8.72
CHEMBL383611,N#CCCCN(Cc1ccccc1C(F)(F)F)C1CCNCC1.O=C(O)C(O)C(O)C(=O)O,9.24
CHEMBL208178,COCCCN(Cc1ccccc1C(F)(F)F)C1CCNCC1.O=C(O)C(O)C(O)C(=O)O,8.66
CHEMBL3704752,CCCC(=O)NCCNC(CC(C)C)C1(c2ccc(Cl)c(Cl)c2)CCC1,7.56
CHEMBL4104216,O=S(=O)(NCCN1CC=C(c2c[nH]c3ccc(Cl)cc23)CC1)c1cccc2ccccc12,8.57
CHEMBL3799416,CN(C)CCCN1c2ccccc2CCc2ccc(CCCOCc3cccc4ccccc34)cc21,6.21
CHEMBL610163,O=C1NCCc2ccc3c(c21)CC(N(CCCc1c[nH]c2ccc(F)cc12)C(=O)c1ccccc1)CO3,6.17
CHEMBL594788,CCN(CCCc1c[nH]c2ccc(F)cc12)C1COc2ccc3c(c2C1)C(=O)NCC3,7.52
CHEMBL592028,CN(CCCc1c[nH]c2ccc(F)cc12)C1COc2ccc3c(c2C1)C(=O)NC3,8.05
CHEMBL591561,O=C1NCc2ccc3c(c21)CC(N(CCCc1c[nH]c2ccc(F)cc12)C1CCC1)CO3,7.2
CHEMBL4065568,Cc1cccc(S(=O)(=O)NCCN2CC=C(c3c[nH]c4ccc(Cl)cc34)CC2)c1,8.3
CHEMBL388255,COC(=O)[C@@H]1CN(C)CC[C@H]1c1ccccc1,4.33
CHEMBL243204,COC(=O)[C@@H]1CN(C)CC[C@@H]1c1ccccc1,4.57
CHEMBL566001,CC(NC(C)(C)C)C(=O)c1ccc(Br)cc1,5.38
CHEMBL440687,c1ccc(N2CCN(Cc3nc4ccccc4[nH]3)CC2)nc1,5.0
CHEMBL606864,N#Cc1ccc2[nH]cc(CCCNC3COc4ccc5c(c4C3)C(=O)NC5)c2c1,7.89
CHEMBL3663908,Cc1ccc(C2CN(C)Cc3ccccc32)s1,5.5
CHEMBL232621,COc1ccc(C2CN(C)Cc3cc(OCCCN4CCN(C(=O)C(C)C)CC4)ccc32)cc1,7.82
CHEMBL214209,CN1C2CCC1C1COC(=O)CCCCCC(=O)Nc3ccc(cc3)C1C2,7.3
CHEMBL323678,COc1ccc2cc([C@H]3C4CCC(C4)[C@@H]3CN(C)C)ccc2c1,7.6
CHEMBL42553,COC(=O)[C@@H]1C2CCC(C[C@@H]1c1ccc(Cl)c(Cl)c1)N2C,7.92
CHEMBL432022,CNC[C@H]1C2CCC(C2)[C@@H]1c1ccc2cc(F)ccc2c1,8.36
CHEMBL528995,Clc1ccc(C23CNCC2C3)cc1Cl,7.2
CHEMBL424682,C[C@H](CCN1CCC(CCOC(c2ccc(F)cc2)c2ccc(F)cc2)CC1)c1ccccc1.O=C(O)C(=O)O,7.24
CHEMBL336613,Clc1ccc(C2c3ccccc3C3=NCCN32)cc1,7.58
CHEMBL248376,CN(C)CCC(Oc1ccccc1)c1cccc(OCCCN2CCCCC2)c1,6.7
CHEMBL1088000,O=C1CCc2ccc(CC3CC4CCC(C3)N4C[C@@H]3COc4c(ccc5c4CC(=O)N5)O3)cc2N1,9.59
CHEMBL473966,CNCCC1CCC(CCc2cc(F)ccc2OC)O1,7.67
CHEMBL1171391,c1ccc(CC2CNCCN2c2ccc3[nH]ccc3c2)cc1,7.9
CHEMBL247470,COc1ccc(C2CNCc3cc(OCCCN4CCOCC4)ncc32)cc1,6.72
CHEMBL247268,CCN(CC)CCCOc1cc2c(cn1)C(c1ccccc1)CN(C)C2,5.7
CHEMBL1645613,Fc1cccc(Oc2ccccc2Cl)c1OC1CCNC1,5.65
CHEMBL379755,CN1C2CCC1C1COC(=O)CCCCCCCCCCC(=O)Nc3ccc(cc3)C1C2,6.54
CHEMBL1083707,c1ccc(C(Cc2cccc3c2OCC3)N2CCNCC2)cc1,8.1
CHEMBL1084309,Fc1ccccc1C(Cc1ccccc1OC(F)F)N1CCNCC1,7.77
CHEMBL1084577,Fc1cccc(C(Cc2ccccc2OC(F)F)N2CCNCC2)c1,7.92
CHEMBL201666,CCCC(C(=O)c1ccc(C(=O)OC)cc1)N1CCCC1,5.44
CHEMBL3233142,CN1CCN2c3c(cccc31)[C@@H]1CN(CCCC(=O)c3ccc(F)cc3)CC[C@@H]12.Cc1ccc(S(=O)(=O)O)cc1,7.21
CHEMBL1083405,CC(C)Oc1ccccc1CC(c1ccccc1)N1CCNCC1,7.75
CHEMBL183921,CC(COc1ccc2c(c1)NC(=O)CO2)NCC(O)COc1cccc2[nH]ccc12,7.3
CHEMBL2112916,C[C@@H](CF)OC(=O)C1C(c2ccc(Cl)cc2)CC2CCC1N2C,7.07
CHEMBL429440,COc1ccc(C2CN(C)Cc3cc(OCCCN4CCN(C(=O)c5ccncc5)CC4)ccc32)cc1,7.72
CHEMBL535371,CN(C)CCN(Cc1ccc(-c2ccc(CNCCc3ccccc3)cc2)cc1)C(=O)CCC1CCCC1.Cl.Cl,7.6
CHEMBL3704751,CCOC(=O)NCCNC(CC(C)C)C1(c2ccc(OCC)cc2)CCC1,8.7
CHEMBL241712,CN1Cc2cc(OCCCN3CCCCC3)ncc2C(c2ccc(F)cc2)C1,6.44
CHEMBL3939995,COc1ccc(Br)c(CC2CCN(CCc3cccc4ccccc34)CC2)c1,7.41
CHEMBL459391,COc1ccc2ccccc2c1CCC1CCC(CCN)O1,7.07
CHEMBL1083427,Fc1cccc(C(Cc2ccccc2OC(F)(F)F)N2CCNCC2)c1,7.8
CHEMBL1083708,FC(F)Oc1ccccc1CC(c1ccccc1)N1CCNCC1,8.1
CHEMBL1085567,COc1ccccc1CC(c1ccc(F)cc1)N1CCNCC1,8.1
CHEMBL1277686,CNCCC(c1ccccc1)c1cccc2ccccc12,8.62
CHEMBL1118,CN(C)CC(c1ccc(O)cc1)C1(O)CCCCC1,7.82
CHEMBL219649,CCCC(c1ccc(Cl)c(Cl)c1)C1CCCCN1,6.35
CHEMBL565844,Cc1ccc(C(=O)C(C)NC(C)(C)C)cc1Cl,5.68
CHEMBL1224562,O=C(c1ccc2[nH]ccc2c1)C1(Cc2ccccc2)CCNC1,8.2
CHEMBL133646,OC1(c2ccc(Cl)cc2)c2ccc3ccccc3c2C2=NCCN21,6.65
CHEMBL4100951,O=S(=O)(NCCCN1CC=C(c2c[nH]c3ccc(Cl)cc23)CC1)c1ccc2ccccc2c1,8.42
CHEMBL388850,CN1C2CCC1[C@@H](c1ccccc1)[C@@H](c1ccccc1)C2,5.72
CHEMBL426178,Cc1ccc([C@H]2C3CCC(C[C@H]2c2ccc(C)cc2)N3C)cc1,6.04
CHEMBL378070,COc1ccc(CN(CC(C)C)C2CCNCC2)c(OC)c1.O=C(O)/C=C/C(=O)O,8.66
CHEMBL1224094,CC(C)(C)CCC1(C(=O)c2ccc3[nH]ncc3c2)CCCN1,8.3
CHEMBL4217398,CC(C)(C)OC(=O)NCCCCCCn1cc(CCCCN2CCC(c3ccc(-c4cc(C(=O)O)cc5cc(-c6ccc(C(F)(F)F)cc6)ccc45)cc3)CC2)nn1,5.68
CHEMBL1224321,CC(C)(C)CCC1(C(=O)c2cc(F)c3[nH]ccc3c2)CCNC1,9.3
CHEMBL1224399,Cc1ccc(C(=O)C2(CCC(C)(C)C)CCNC2)cc1Cl,9.0
CHEMBL1224164,CCCC1(C(=O)c2ccc3[nH]ccc3c2)CCCN1,8.7
CHEMBL2096858,COC(=O)[C@H]1C2CCC(C[C@@H]1c1ccc(Cl)cc1)N2C,6.45
CHEMBL222705,COC(=O)[C@@H]1C2CCC(C[C@H]1c1ccc(F)cc1)N2C,6.34
CHEMBL579254,COC(=O)[C@@H]1C2CCC(C[C@@H]1c1ccc(SC(C)C)cc1)N2C,7.64
CHEMBL3321791,OC1(c2ccc(Cl)cc2)CC2CCC(C1)N2CCCSc1cccc(F)c1,6.64
CHEMBL454507,COc1ccc(C2=NN(CCCCCNCC[C@H](Oc3ccc(C(F)(F)F)cc3)c3ccccc3)C(=O)C3CC=CCC23)cc1OC,6.52
CHEMBL3321792,OC1(c2ccc(Cl)cc2)CC2CCC(C1)N2CCCSc1ccccc1F,6.99
CHEMBL488423,CN1C2CCC1[C@@H](c1cc(Cc3ccc(F)cc3)no1)[C@@H](c1ccc(Cl)cc1)C2.Cl,7.14
CHEMBL487874,COc1ccc(Cc2cc([C@@H]3C4CCC(C[C@@H]3c3ccc(Cl)cc3)N4C)on2)cc1.Cl,7.84
CHEMBL247671,COc1ccc(C2CN(C)Cc3cc(OCC4CCN(C(C)C)CC4)ncc32)cc1,7.21
CHEMBL565594,CC(C)CC(NC(C)(C)C)C(=O)c1cccc(Cl)c1,5.21
CHEMBL1087585,CS(=O)(=O)Nc1cc(OCCN2CC3CCC(C2)C3Cc2ccc3c(c2)NC(=O)CC3)ccc1F,8.3
CHEMBL196760,CCN(CC)c1ccc2c(-c3ccc(S(=O)(=O)NCCCCCC(=O)NCCN4C5CCC4[C@@H](C(=O)OC)[C@@H](c4ccc(Cl)c(Cl)c4)C5)cc3S(=O)(=O)[O-])c3ccc(=[N+](CC)CC)cc-3oc2c1,7.03
CHEMBL3323104,CN1Cc2ccccc2C(c2ccc3[nH]ncc3c2)C1,6.75
CHEMBL2326692,Clc1ccc(C2CCCCNC2)cc1Cl,6.85
CHEMBL2322001,C1=CCC(c2ccc3ccccc3c2)CNC1,7.2
CHEMBL4070254,O=S(=O)(NCCCCN1CC=C(c2c[nH]c3ccc(Cl)cc23)CC1)c1cccc(Cl)c1,8.55
CHEMBL3912176,CCOCCCCNC(CC(C)C)C1(c2ccc(SC)cc2)CCC1,8.52
CHEMBL463388,CC1(c2ccc3[nH]ccc3c2)CCNC1,6.06
CHEMBL514759,COc1cccc(CC2(c3ccc4[nH]ccc4c3)CCNC2)c1,7.47
CHEMBL1914692,CN1C2CCC1[C@@H](C(=O)Nc1cccc(Br)n1)[C@@H](c1ccc(Cl)cc1)C2,5.49
CHEMBL605919,O=C1NCCc2ccc3c(c21)CC(N(CCCc1c[nH]c2ccc(F)cc12)CCC(F)(F)F)CO3,6.47
CHEMBL3663906,Cc1noc(C)c1C1CN(C)Cc2ccccc21,5.85
CHEMBL551135,c1ccc(CN(c2ccc3[nH]ccc3c2)C2CCNC2)cc1,7.7
CHEMBL567454,O=c1[nH]c2cccc(OC3CCN(CC4CCc5[nH]c6ccc(F)cc6c5C4)CC3)c2o1,8.52
CHEMBL569251,O=C1Cc2c(ccc3c2OC[C@H](CNCC2CCc4[nH]c5ccc(F)cc5c4C2)O3)N1,9.0
CHEMBL604063,CN(CCCc1c[nH]c2ccc(F)cc12)C1COc2ccc3c(c2C1)C(=O)NCC3,7.77
CHEMBL595055,CCN(CCCc1c[nH]c2ccc(F)cc12)C1COc2c(F)cc3c(c2C1)C(=O)NCC3,7.82
CHEMBL1237165,Cl.O=C1Cc2c(ccc3c2OC[C@H](CNCCC2CCc4[nH]c5ccc(F)cc5c4C2)O3)N1,7.62
CHEMBL594357,O=C1NCCc2ccc3c(c21)CC(N(CCCc1c[nH]c2ccc(F)cc12)C1CCC1)CO3,7.55
CHEMBL592029,CCN(CCCc1c[nH]c2ccc(F)cc12)C1COc2ccc3c(c2C1)C(=O)NC3,8.1
CHEMBL594829,O=C1NCc2ccc3c(c21)CC(NCCCc1c[nH]c2ccc(F)cc12)CO3,8.1
CHEMBL224062,COc1ccc([C@@H]2C3CCC(C[C@@H]2c2ccc(C)cc2)N3C)cc1,6.39
CHEMBL2107797,C#CC1(O)CC[C@H]2[C@@H]3CCC4=CC(=O)CC[C@@H]4[C@H]3CC[C@@]21CC,6.22
CHEMBL91,Clc1ccc(COC(Cn2ccnc2)c2ccc(Cl)cc2Cl)c(Cl)c1,6.38
CHEMBL4087852,O=S(=O)(NCCCCN1CC=C(c2c[nH]c3ccc(Cl)cc23)CC1)c1cccc(F)c1,8.49
CHEMBL456638,NCC1CCC(c2cccc3ccccc23)O1,6.76
CHEMBL456639,NCC1CCC(CCc2ccccc2)O1,7.17
CHEMBL457968,Cc1cc(CCC2CCC(CCN)O2)ccc1F,6.16
CHEMBL2203406,CCCN(CC[C@]1(O)C[C@H](NC(=O)c2ccc3ccccc3c2)C1)[C@H]1CCc2nc(N)sc2C1,7.5
CHEMBL3663917,CN1Cc2cc(-c3cccnn3)ccc2C(c2ccc3sccc3c2)C1,8.66
CHEMBL517305,N#Cc1c[nH]c2ccc(C3(Cc4ccccc4)CCNC3)cc12,7.18
CHEMBL241706,COc1ccc(C2CNCc3cc(OCCCN4CCCCC4)ncc32)cc1,6.83
CHEMBL457635,COc1ccc([C@H]2C[C@H]3CC[C@H]([C@H]2C(=O)OC2CC2)N3C)cc1.Cl,7.54
CHEMBL503609,[11CH3]Oc1ccc2c(c1)CCN(CCCc1c[nH]c3ccc(Br)cc13)C2,7.94
CHEMBL1200781,Br.CN(C)CCCC1(c2ccc(F)cc2)OCc2cc(C#N)ccc21,9.11
CHEMBL4470604,O=C1CC(c2c[nH]c3ccc(F)cc23)C(=O)N1CCCN1CCC(c2c[nH]c3ccccc23)CC1,6.82
CHEMBL493384,COc1ccc(CCN(C)CCN2CCCCC2)cc1,4.28
CHEMBL2314219,CN(C)Cc1ccccc1Sc1ccc([123I])cc1CO,10.01
CHEMBL334929,CNCCC(Oc1cccc2ccccc12)c1ccccc1C(F)(F)F,8.0
CHEMBL247267,CCN(CC)CCCOc1cc2c(cn1)C(c1ccc(OC)cc1)CN(C)C2,7.18
CHEMBL391605,c1ccc(C2CNCc3cc(OCCCN4CCOCC4)ncc32)cc1,5.32
CHEMBL3752900,C=CCN(CC=C)CCc1c[nH]c2ccc(Cl)cc12,7.39
CHEMBL224771,Cc1ccc([C@H]2CC3CCC([C@H]2c2ccccc2)N3C)cc1,7.0
CHEMBL2314218,CN(C)Cc1ccccc1Sc1ccc([123I])cc1N,10.89
CHEMBL3706925,C[C@H]1CN(c2cccc3cc(C#N)ccc23)CCN1CC[C@H]1OCc2cc(C(N)=O)ccc21,8.89
CHEMBL1224237,CC(C)(C)CCC1(C(=O)c2cc3ccccc3s2)CCNC1,9.0
CHEMBL369997,CCCC(C(=O)c1ccc(-c2cccs2)cc1)N1CCCC1,5.48
CHEMBL3085023,NCCN1[C@H]2CC[C@@H]1C[C@H](NC(c1ccc(F)cc1)c1ccc(F)cc1)C2,4.96
CHEMBL1200322,CN(C)CCC[C@@]1(c2ccc(F)cc2)OCc2cc(C#N)ccc21.O=C(O)C(=O)O,9.0
CHEMBL249854,CC(=O)c1sc(NC(=O)N[C@@H]2CN(C(C)=O)CC[C@H]2CN2CCC[C@@H](Cc3ccc(F)cc3)C2)nc1C,4.54
CHEMBL246332,CN1Cc2cc(OCCCN3CCC(F)CC3)ccc2C(c2ccc(Cl)cc2)C1,7.96
CHEMBL469165,CC(O)(CCN1CCN(CCOC(c2ccccc2)c2ccccc2)CC1)c1ccccc1,5.75
CHEMBL610897,COC(=O)C1C2CC[C@H](C[C@@H]1c1ccc(Cl)cc1)N2C,8.4
CHEMBL3640036,CCCC(=O)NCCNC(CC(C)C)C1(c2ccc(OCC)cc2)CCC1,7.6
CHEMBL1224161,O=C(c1ccc2[nH]ccc2c1)C1(Cc2ccccc2)CCCNC1,7.9
CHEMBL608703,COC(=O)[C@@H]1C2CCC(C[C@@H]1c1ccc(Cl)cc1)N2C,7.68
CHEMBL462431,O=C(OCCF)C1C2CCC(CC1c1cccc(/C=C\I)c1)N2,9.37
CHEMBL296602,CNC1CC(c2ccc(Cl)c(Cl)c2)c2ccccc21,9.7
CHEMBL1822892,Cl.Fc1ccc(OC[C@@H]2CNCCO2)c2c1CCC2,7.68
CHEMBL2447963,CN(C)CCC(Oc1ccc(Cl)c(Cl)c1)c1ccc(OCCCN2CCCCC2)cc1.Cl,8.14
CHEMBL232620,COc1ccc(C2CN(C)Cc3cc(OCCCN4CCN(C(C)=O)CC4)ccc32)cc1,7.38
CHEMBL569476,O=c1[nH]c2cccc(OCC3CCN(CCC4CCc5[nH]c6ccc(F)cc6c5C4)CC3)c2o1,8.0
CHEMBL462410,O=C(OCCCF)C1C2CCC(CC1c1cccc(/C=C\I)c1)N2,9.59
CHEMBL4067700,Cc1[nH]c2ccc(Cl)cc2c1C1=CCN(CCNS(=O)(=O)c2ccc3ccccc3c2)CC1,7.92
CHEMBL1644980,OC1(c2ccc(Cl)c(C(F)(F)F)c2)CCN(CCCC(c2ccccc2)c2ccccc2)CC1,5.93
CHEMBL4224788,CCc1ccc(CC2CCN(CCc3ccc4c(c3)C(=O)CCO4)CC2)cc1OCCOC,8.01
CHEMBL607548,CN1C2CCC1[C@@H](C(=O)NCc1cccc(CNC(=O)[C@H]3C4CCC(C[C@@H]3c3ccc(-c5ccsc5)cc3)N4C)c1)[C@@H](c1ccc(-c3ccsc3)cc1)C2,6.07
CHEMBL525952,O=C(OCCF)C1C2CCC(CC1c1cccc(/C=C\Br)c1)N2,9.48
CHEMBL505431,COc1ccc(F)cc1CCC1CCC(CCNCCCCCN2N=C(c3ccc(OC)c(OC)c3)[C@H]3CC=CC[C@H]3C2=O)O1,6.81
CHEMBL457866,COc1ccc([C@H]2C[C@H]3CC[C@H]([C@H]2C(=O)OCCc2ccc([N+](=O)[O-])cc2)N3C)cc1.Cl,8.54
CHEMBL374712,COC(=O)[C@@H]1[C@H](c2ccc(Cl)cc2)CC2CC[C@H]1N2C,6.36
CHEMBL3705032,COCCOc1cc(CC2CCN(CC(O)c3ccc4c(c3)C(=O)CCO4)CC2)ccc1Br,8.66
CHEMBL569513,O=c1[nH]c2cccc(N3CCN(CC4CCc5[nH]c6ccc(F)cc6c5C4)CC3)c2o1,7.5
CHEMBL3898537,CC(C)Oc1ccc(Br)c(CC2CCN(CCc3cc4c(cc3Cl)OCCO4)CC2)c1,7.86
CHEMBL569700,CC(NC1CC1)C(=O)c1cccc(Cl)c1,5.47
CHEMBL90997,Fc1ccc2c(c1)CC(CC1CN=CN1)C2,7.11
CHEMBL3818128,Cl.Fc1ccc(CCCCN2CCc3ccccc3C2)cc1,5.37
CHEMBL395022,COc1ccc(C2CN(C)Cc3cc(OCCCN4CCN(c5ccc(C#N)cc5)CC4)ccc32)cc1,8.1
CHEMBL245130,COc1ccc(C2CN(C)Cc3cc(OCCCN4CCN(C5CC5)CC4)ccc32)cc1,7.75
CHEMBL246953,CN1Cc2cc(OCCCN3CCC(F)CC3)ccc2C(c2ccc(SC(F)(F)F)cc2)C1,7.47
CHEMBL246749,Cc1ccc(C2CN(C)Cc3cc(OCCCN4CCC(F)CC4)ccc32)cc1,7.89
CHEMBL204288,CCCC(C(=O)c1ccc(Cl)c(Cl)c1)N1CCCCC1,5.61
CHEMBL208420,CC(C)(C)CN(Cc1ccccc1C(F)(F)F)C1CCNCC1.O=C(O)/C=C/C(=O)O,8.37
CHEMBL377057,CC(C)N(Cc1ccccc1C(F)(F)F)C1CCNCC1.O=C(O)/C=C/C(=O)O,8.25
CHEMBL4534005,COc1cc(-c2cn(C3CCc4ccccc4N(CC(F)(F)F)C3=O)nn2)ccc1-n1ccc(C)n1,6.42
CHEMBL204060,O=C(O)C(=O)O.O[C@H](CCN1CCC(CCOC(c2ccccc2)c2ccccc2)CC1)c1ccccc1,6.55
CHEMBL208070,CC(C)OCCN(Cc1ccc(F)cc1C(F)(F)F)C1CCNCC1.O=C(O)C(O)C(O)C(=O)O,8.52
CHEMBL3735756,COc1ccc(CCN(CCCc2ccccc2)CCc2ccc3c(c2)OCO3)cc1OC,6.0
CHEMBL3706924,C[C@H]1CN(c2cccc3cc(F)ccc23)CCN1CC[C@H]1OCc2cc(C(N)=O)ccc21,8.06
CHEMBL1914696,CN1C2CCC1[C@@H](CNc1cccc(Br)n1)[C@@H](c1ccc(Cl)cc1)C2,8.13
CHEMBL141741,CNCCC(Oc1cccc2ccccc12)c1ccccc1C,8.7
CHEMBL261076,COc1cc(Cl)ccc1OC(c1ccccc1)C1CNCCO1,7.55
CHEMBL246333,CN1Cc2cc(OCCCN3CCC(F)CC3)ccc2C(c2ccccc2Cl)C1,7.75
CHEMBL3896561,COc1ccc(Br)c(CC2CCN(CCc3cccc(Cl)c3)CC2)c1,7.37
CHEMBL1170210,Clc1cc(N2CCNCC2Cc2ccccc2)cc2cc[nH]c12,8.5
CHEMBL1215761,CN(C)CCCC1(c2ccc(F)cc2)OCc2cc(-c3cccc(N)c3)ccc21,6.41
CHEMBL245716,CN(C)CCC(Oc1ccc(Cl)cc1)c1ccc(OCCCN2CCCCC2)cc1,7.8
CHEMBL207810,COc1ccc(F)cc1CN(CC(C)C)C1CCNCC1.O=C(O)/C=C/C(=O)O,8.85
CHEMBL4228775,COCCOc1cc(CC2CCN(CCc3ccc4c(c3)C(=O)CCO4)CC2)ccc1C,8.28
CHEMBL3287654,CCN(CC)c1ccc2c(-c3ccc(S(=O)(=O)NCCCCCC(=O)NCCCCCN(C)CCC[C@@]4(c5ccc(F)cc5)OCc5cc(C#N)ccc54)cc3S(=O)(=O)[O-])c3ccc(=[N+](CC)CC)cc-3oc2c1,6.75
CHEMBL3818200,N#Cc1ccc(C(=O)CCCN2CCc3ccccc3C2)cc1,6.05
CHEMBL595677,COC(=O)[C@@H]1C2CCC(C[C@@H]1c1ccc(-c3ccsc3)cc1)N2C,9.24
CHEMBL3818881,Cl.O=C(CCCCN1C2CCC1CC(O)(c1ccc(Cl)cc1)C2)c1nc2ccccc2s1,7.27
CHEMBL375888,COC(=O)[C@@H]1C2CCC(C[C@H]1c1ccc(Cl)cc1)N2C,8.32
CHEMBL1914697,CN1C2CCC1[C@@H](CNc1ccc(Br)nc1)[C@@H](c1ccc(Cl)cc1)C2,7.98
CHEMBL512636,CC(O)(CCN1CCN(CCOC(c2ccc(F)cc2)c2ccc(F)cc2)CC1)c1ccccc1,6.82
CHEMBL4069237,O=S(=O)(NCCCN1CC=C(c2c[nH]c3ccc(Cl)cc23)CC1)c1cccc2ccccc12,8.32
CHEMBL4289361,Fc1cc(N2CCN(CCc3coc4ccccc34)CC2)c2ncccc2c1,7.6
CHEMBL3819082,Cl.Fc1ccc2c(c1)CC(CCN1CCc3ccccc3C1)C2,6.79
CHEMBL2336611,CCN(CC)c1ccc2c(-c3ccc(S(=O)(=O)NCCCCCC(=O)NCCN4[C@@H]5CC[C@@H]4[C@@H](C(=O)OC)[C@@H](c4ccc(Cl)c(Cl)c4)C5)cc3S(=O)(=O)[O-])c3ccc(=[N+](CC)CC)cc-3oc2c1,6.41
CHEMBL3954574,CC1NOC(C)C1c1ccc2c(c1)CN(C)CC2c1ccc2ccccc2c1,8.28
CHEMBL467094,COc1cc2c3c(c1OC)-c1cc4c(cc1CC3N(C)CC2)OCO4,6.61
CHEMBL457931,NC(=O)c1cc2cc(C3(Cc4ccccc4)CCNC3)ccc2[nH]1,8.7
CHEMBL1224093,CC(C)CC1(C(=O)c2ccc3[nH]ncc3c2)CCCN1,8.6
CHEMBL1224091,CC(C)OCC1(C(=O)c2ccc(N)c(Cl)c2)CCCN1,8.9
CHEMBL4226603,COCCOc1cc(Br)cc(CC2CCN(CCc3cc4c(cc3Cl)OCCO4)CC2)c1,7.85
CHEMBL3965642,COCCCCN[C@H](CC(C)C)C1(c2ccc(Cl)c(Cl)c2)CCC1,8.92
CHEMBL1224238,CC(C)(C)CCC1(C(=O)c2cc3ccccc3[nH]2)CCNC1,8.2
CHEMBL1087818,CS(=O)(=O)Nc1cccc(OCCN2CC3CCC(C2)C3Cc2ccc3c(c2)NC(=O)CC3)c1,8.77
CHEMBL1172526,CC(C)CC1CNCCN1c1ccc2[nH]ncc2c1,8.3
CHEMBL1170017,NC(=O)c1cc2cc(N3CCNCC3Cc3ccccc3)ccc2[nH]1,8.1
CHEMBL596806,CCC(C)OCC[C@@]1(c2ccc(Cl)c(Cl)c2)[C@H]2CNC[C@H]21,9.5
CHEMBL3586682,CN(C)CCC[C@@]1(c2ccc(F)cc2)OCc2cc(CNC(=O)CCc3ccc(N=[N+]=[N-])c(I)c3)ccc21,7.42
CHEMBL3586681,CN(CCC[C@@]1(c2ccc(F)cc2)OCc2cc(C#N)ccc21)CCc1ccc(N=[N+]=[N-])c(I)c1,5.42
CHEMBL4239823,O=S(=O)(c1cncc2ccccc12)N1CCC[C@H]1CCN1CCN(c2cccc3sccc23)CC1,7.12
CHEMBL3940791,CCC(NC(CC(C)C)C1(c2ccc(Cl)cc2)CCC1)C(=O)O,7.64
CHEMBL1224090,CC(C)CC1(C(=O)c2ccc(N)c(Cl)c2)CCCN1,9.4
CHEMBL4227753,C#Cc1ccc([C@H]2CN3CCC[C@H]3c3ccccc32)cc1,7.8
CHEMBL432727,CN1C2CCC1C(C(=O)NCCCCCCNC(=O)C1C(c3ccc(Cl)cc3)CC3CCC1N3C)C(c1ccc(Cl)cc1)C2,6.99
CHEMBL1083705,c1ccc(C(Cc2ccccc2OC2CC2)N2CCNCC2)cc1,7.72
CHEMBL459165,c1ccc(CC2(c3ccc4cc[nH]c4c3)CCNC2)cc1,7.89
CHEMBL459176,Cn1ccc2cc(C3(Cc4ccccc4)CCNC3)ccc21,8.4
CHEMBL402143,COc1c(OCCF)cccc1C(O)C1CCN(CCc2ccc(F)cc2)CC1,5.45
CHEMBL3949173,CCSCCCCNC(CC(C)C)C1(c2ccc(Cl)c(Cl)c2)CCC1,7.83
CHEMBL2326686,Fc1ccc(C2CC=CCNC2)cc1Cl,5.82
CHEMBL2322002,Cc1ccc(C2CC=CCNC2)cc1Cl,6.22
CHEMBL3912652,CCSCCNC(CC)C1(c2ccc(Cl)c(Cl)c2)CCC1,6.65
CHEMBL2206518,COc1ccc2c(c1)CN(C)CC2c1ccccc1,5.84
CHEMBL2206515,CN1Cc2ccccc2C(c2ccccc2)C1,5.82
CHEMBL3663916,COc1c(C2CN(C)Cc3cc(-c4ccc(C)nn4)ccc32)ccc2sccc12,7.89
CHEMBL2206534,CN1Cc2cc(O)ccc2C(c2ccc(F)c(F)c2)C1,6.54
CHEMBL595767,CN1C2CCC1[C@@H](C(=O)NCc1ccc(CNC(=O)[C@H]3C4CCC(C[C@@H]3c3ccc(-c5ccsc5)cc3)N4C)cc1)[C@@H](c1ccc(-c3ccsc3)cc1)C2,6.8
CHEMBL2321995,CN1CC=CCC(c2ccc(Cl)c(Cl)c2)C1,7.0
CHEMBL1172525,CCCCC1CNCCN1c1ccc2[nH]ncc2c1,8.4
CHEMBL3818478,O=C1NCN(c2ccccc2)C12CCN(CCCCc1c[nH]c3ccccc13)CC2,8.0
CHEMBL6731,CC(N)Cc1ccc2c(c1)OCO2,5.64
CHEMBL506,COc1cc(NC(C)CCCN)c2ncccc2c1,8.07
CHEMBL47050,OC1(c2ccc(Cl)c(C(F)(F)F)c2)CCN(CCCC(c2ccc(F)cc2)c2ccc(F)cc2)CC1,6.0
CHEMBL4226546,COCCOc1cc(CC2CCN(CCc3ccc4c(c3)CCCO4)CC2)ccc1Br,8.76
CHEMBL611959,CN1C2CCC1[C@@H](C(=O)Nc1ccc(CNC(=O)[C@H]3C4CCC(C[C@@H]3c3ccc(Cl)cc3)N4C)cc1)[C@@H](c1ccc(Cl)cc1)C2,5.82
CHEMBL595539,CN1C2CCC1[C@@H](C(=O)N[C@H]1CC[C@H](NC(=O)[C@H]3C4CCC(C[C@@H]3c3ccc(Cl)cc3)N4C)CC1)[C@@H](c1ccc(Cl)cc1)C2,5.4
CHEMBL203821,Cc1ccc([S+]([O-])c2ccccc2CN(C)C)c(N)c1,8.38
CHEMBL377498,CCC(CC(=O)c1ccc(Cl)c(Cl)c1)N1CCCC1,5.41
CHEMBL202479,CCCC(C(=O)c1ccc(I)cc1)N1CCCC1,6.52
CHEMBL109517,CN(C)C[C@@H]1C2CCC(C2)[C@H]1c1ccc2ccccc2c1,8.24
CHEMBL3818989,O=C(CCCN1CCc2ccccc2C1)c1ccccc1,5.81
CHEMBL1085321,COc1ccccc1CC(c1cccc(F)c1)N1CCNCC1,8.1
CHEMBL3942037,COc1ccc(Br)c(CC2CCN(CCc3ccc(C)cc3)CC2)c1,7.18
CHEMBL3323101,CN1Cc2ccccc2C(c2ccc3[nH]ccc3c2)C1,6.86
CHEMBL3321789,OC1(c2ccc(Cl)cc2)CC2CCC(C1)N2CCCOc1ccc(F)cc1,6.59
CHEMBL2206516,Cc1ccc2c(c1)CN(C)CC2c1ccccc1,5.91
CHEMBL2326684,Cc1cc(C2CC=CCN(C)C2)ccc1Cl,6.57
CHEMBL4228870,COCCOc1cccc(CC2CCN(CCc3cc4c(cc3Cl)OCCO4)CC2)c1Br,7.13
CHEMBL3752576,C=CCN(CC=C)CCc1c[nH]c2ccccc12,6.82
CHEMBL382768,CCCC(C(=O)c1ccc(OC)c(OC)c1)N1CCCC1,5.13
CHEMBL595622,O=C1NCc2ccc3c(c21)CC(NCCCCc1c[nH]c2ccc(F)cc12)CO3,7.7
CHEMBL1083706,c1ccc(C(Cc2ccccc2OCC2CC2)N2CCNCC2)cc1,7.72
CHEMBL1086275,Fc1cccc(OC(F)F)c1CC(c1ccccc1)N1CCNCC1,7.72
CHEMBL611063,Cl.Clc1ccc([C@]23CNC[C@H]2[C@@H]3COC2CCC2)cc1Cl,9.5
CHEMBL207867,Cc1ccc2c(c1C)CN(C)CC2c1ccccc1,5.76
CHEMBL3323184,CN1Cc2cc(N3CCOCC3)ccc2C(c2cc3ccccc3s2)C1,8.17
CHEMBL444540,C[C@H](Cc1ccccc1)CN1CCC(CCOC(c2ccc(F)cc2)c2ccc(F)cc2)CC1.O=C(O)C(=O)O,7.28
CHEMBL4204665,COc1ccccc1N1CCN(CCCN2CCOc3ccccc32)CC1,6.71
CHEMBL3663907,CN1Cc2ccccc2C(c2cccs2)C1,5.61
CHEMBL566208,CCC(NC(C)(C)C)C(=O)c1ccc(Cl)c(Cl)c1,6.07
CHEMBL4461198,COc1ccc2[nH]cc(C3CC(=O)N(CCN4CCC(c5c[nH]c6ccc(F)cc56)CC4)C3=O)c2c1,6.66
CHEMBL4567029,COc1ccc2[nH]cc(C3CC(=O)N(CCN4CCC(c5c[nH]c6ccccc56)CC4)C3=O)c2c1,6.85
CHEMBL4099997,Cc1cccc(S(=O)(=O)NCCCCN2CC=C(c3c(C)[nH]c4ccc(Cl)cc34)CC2)c1,7.75
CHEMBL4088249,O=S(=O)(NCCN1CC=C(c2c[nH]c3ccc(Cl)cc23)CC1)c1ccc(F)cc1,8.28
CHEMBL3897750,CN1Cc2cc(-c3cnccn3)ccc2C(c2cc3ccccc3s2)C1,7.04
CHEMBL4167315,COc1cccc(-c2ccc3c(c2)CN(Cc2ccccc2)C3)c1,5.61
CHEMBL375131,FC(F)(F)Oc1ccccc1CC(c1ccccc1)N1CCNCC1,7.6
CHEMBL4070715,O=S(=O)(NCCCCN1CC=C(c2c[nH]c3ccc(Cl)cc23)CC1)c1ccc(Cl)cc1,8.21
CHEMBL4452474,COCc1ccc(-c2ccc(N(C[C@@H](N)[C@@H](C)OC)C(=O)[C@@H]3C[C@H]3c3ccccn3)cc2)cc1.Cl.Cl,6.12
CHEMBL4278465,OC1(c2ccc(Cl)c(C(F)(F)F)c2)CCN(CCCCN(c2ccc(F)cc2)c2ccc(F)cc2)CC1,5.0
CHEMBL4281744,C#CCOc1ccc(C(=O)c2ccc(C(=O)NCc3ccc4c(c3)CO[C@@]4(CCCN(C)C)c3ccc(F)cc3)cc2)cc1,9.8
CHEMBL542933,Cl.Fc1ccc(C(OCCN2CCN(CCCc3ccccc3)CC2)c2ccc(F)cc2)cc1,6.7
CHEMBL4066784,Cc1cccc(Cl)c1-c1nc(CN2CCC(C(=O)NCCCN3C[C@@H](C)C[C@@H](C)C3)CC2)c(C)o1,5.6
CHEMBL3933129,Oc1ccccc1CNCCCc1c[nH]c2ccc(F)cc12,6.1
CHEMBL4095555,O=S(=O)(NCCN1CC=C(c2c[nH]c3ccc(Cl)cc23)CC1)c1cccc(F)c1,8.44
CHEMBL4080399,O=S(=O)(NCCCN1CC=C(c2c[nH]c3ccc(Cl)cc23)CC1)c1cccc(O)c1,8.46
CHEMBL4089071,CNc1nc(C#Cc2ccc(Cl)s2)nc2c1ncn2[C@H]1[C@H](O)[C@H](O)[C@]2(C(=O)OCc3ccccc3)C[C@H]12,5.25
CHEMBL2206530,CN1Cc2cc(F)ccc2C(c2ccccc2)C1,5.83
CHEMBL4226233,CN(C)C[C@H](c1ccc2ccccc2c1)[C@H](O)C1CCCCC1,8.22
CHEMBL4482920,COc1ccc2[nH]cc(C3CC(=O)N(CCCN4CCC(c5c[nH]c6ccccc56)CC4)C3=O)c2c1,6.28
CHEMBL4483554,COc1ccc2[nH]cc(C3CC(=O)N(CCCCN4CCC(c5c[nH]c6ccccc56)CC4)C3=O)c2c1,6.15
CHEMBL3924225,COc1ccc(Br)c(CC2CCN(CCc3ccccc3OC)CC2)c1,7.42
CHEMBL3913012,CN1Cc2ccccc2C(c2ccc3[nH]ncc3c2)C1Cl,7.67
CHEMBL3656915,COCCOc1cc(CC2CCN(CCc3ccc4c(c3)C(=O)CC(O)O4)CC2)ccc1Br,8.89
CHEMBL4291048,OC1(c2ccc(Cl)c(C(F)(F)F)c2)CCN(CCCN(c2ccc(F)cc2)c2ccc(F)cc2)CC1,6.04
CHEMBL4591262,O=C1CC(c2c[nH]c3ccc(F)cc23)C(=O)N1CCN1CCC(c2c[nH]c3ccccc23)CC1,6.99
CHEMBL7002,CC1(COc2ccc(CC3SC(=O)NC3=O)cc2)CCCCC1,5.1
CHEMBL2206520,Cc1ccc2c(c1)C(c1ccccc1)CN(C)C2,5.54
CHEMBL611960,CN1C2CCC1[C@@H](C(=O)Nc1ccc(CCNC(=O)[C@H]3C4CCC(C[C@@H]3c3ccc(Cl)cc3)N4C)cc1)[C@@H](c1ccc(Cl)cc1)C2,5.58
CHEMBL3982923,COc1ccc(Br)c(CC2CCN(CCc3ccc(Cl)cc3)CC2)c1,7.33
CHEMBL723,COc1ccccc1OCCNCC(O)COc1cccc2[nH]c3ccccc3c12,6.93
CHEMBL4228366,COCCOc1cc(CC2CCN(CCc3ccc4c(c3)C(=O)CCO4)CC2)ccc1F,6.96
CHEMBL3753894,CN(C)CCN(Cc1ccccc1)S(=O)(=O)c1ccc(I)cc1,7.52
CHEMBL1914694,CN1C2CCC1[C@@H](C(=O)Nc1ccnc(Br)c1)[C@@H](c1ccc(Cl)cc1)C2,4.99
CHEMBL1914698,CN1C2CCC1[C@@H](CNc1ccnc(Br)c1)[C@@H](c1ccc(Cl)cc1)C2,7.96
CHEMBL418971,CC(C)(c1ccc(O)cc1)c1ccc(O)cc1,4.97
CHEMBL4277213,C#CCOc1ccc(C(=O)c2ccc(CN(C)CCC[C@@]3(c4ccc(F)cc4)OCc4cc(C#N)ccc43)cc2)cc1,6.31
CHEMBL1644978,OC1(c2ccc(Cl)c(C(F)(F)F)c2)CCN(CCCCC(c2ccc(F)cc2)c2ccc(F)cc2)CC1,6.37
CHEMBL3609637,COc1cc(-c2cn(C3CCc4c(F)cccc4N(CC(F)(F)F)C3=O)nn2)ccc1-n1cnc(C)c1,7.62
CHEMBL2206519,CCOc1ccc2c(c1)CN(C)CC2c1ccccc1,6.45
CHEMBL202565,CCCC(CN1CCCC1)C(=O)c1ccc(C)cc1,5.39
CHEMBL330666,C#Cc1ccc(C2CN3CCCC3c3ccccc32)cc1,9.05
CHEMBL1196025,COc1cc2c(cc1OC)CN(C)CC2,4.33
CHEMBL1214060,COC(=O)[C@@H]1C2CCC(C[C@@H]1c1ccc(C)cc1)N2C/C=C/CF,6.83
CHEMBL2206514,CN1Cc2c(O)cccc2C(c2ccccc2)C1,5.69
CHEMBL457966,NCCC1CCC(CCc2ccc(O)cc2)O1,5.13
CHEMBL3337895,COc1cccc(CNC(=O)c2nc3scc(CN(C)Cc4ccccc4)c3c(=O)[nH]2)c1,6.1
CHEMBL3663918,CN1Cc2cc(-c3cccnn3)ccc2C(c2cc3ccccc3o2)C1,8.39
CHEMBL3663919,CCN1Cc2ccccc2C(c2ccc3cn[nH]c3c2)C1,7.65
CHEMBL3663912,CN1Cc2cc(-c3cccnn3)ccc2C(c2cc3ccccc3s2)C1,8.66
CHEMBL3663920,CN1Cc2ccccc2C(c2ccc3sncc3c2)C1,7.98
CHEMBL3704757,CCOc1ccc(C2(C[C@@H](C)CCNCCCC(N)=O)CCC2)cc1,8.55
CHEMBL2206524,CN1Cc2ccccc2C(c2ccc(F)c(F)c2)C1,6.58
CHEMBL4085802,O=S(=O)(NCCN1CC=C(c2c[nH]c3ccc(Cl)cc23)CC1)c1ccc(Cl)cc1,8.22
CHEMBL3656910,O=C1c2cc(CCN3CCC(Cc4ccc(Br)c(O)c4)CC3)ccc2OCC1O,7.96
CHEMBL337822,CNCCC(Oc1cccc2ccccc12)c1ccco1,9.15
CHEMBL3323107,CN1Cc2ccccc2C(c2ccc3cnsc3c2)C1,6.69
CHEMBL4470395,O=C1CC(c2c[nH]c3ccc(F)cc23)C(=O)N1CCCN1CCC(c2c[nH]c3ccc(F)cc23)CC1,6.85
CHEMBL4227027,Clc1ccc([C@@H]2CCN[C@@H]3CCOC[C@@H]32)cc1Cl,7.5
CHEMBL4103725,O=S(=O)(NCCCN1CC=C(c2c[nH]c3ccc(Cl)cc23)CC1)c1ccc(Cl)cc1,8.34
CHEMBL4078873,Cc1cccc(S(=O)(=O)NCCN2CC=C(c3c[nH]c4ccc(F)cc34)CC2)c1,8.07
CHEMBL3323094,CN1Cc2ccccc2C(c2cccc3ccoc23)C1,7.72
CHEMBL3656909,O=C1c2cc(CCN3CCC(Cc4ccc(Br)c(OCCO)c4)CC3)ccc2OCC1O,7.75
CHEMBL2206531,COc1ccc2c(c1)CN(C)CC2c1ccc(F)c(F)c1,6.28
CHEMBL3916301,CCC(NC(CC(C)C)C1(c2ccc(Cl)cc2)CCC1)C(=O)OCC(C)C,7.17
CHEMBL4077040,Cc1cccc(S(=O)(=O)NCCCN2CC=C(c3c[nH]c4ccc(Cl)cc34)CC2)c1,8.21
CHEMBL3589752,Cc1c(Oc2c(F)cccc2F)c(OC(C)C)nn1-c1ncc(C2CC2)cc1F,5.0
CHEMBL457865,COC(=O)[C@H]1[C@@H](c2ccc(Cl)c(C)c2)C[C@H]2CC[C@H]1N2C.Cl,9.02
CHEMBL457416,COC(=O)[C@H]1[C@@H](c2cc(I)c(OC)c(I)c2)C[C@H]2CC[C@H]1N2C.Cl,8.12
CHEMBL513258,Fc1ccc(CC2(c3ccc4[nH]ccc4c3)CCNC2)cc1,7.82
CHEMBL4225701,COCCOc1cc(Br)cc(CC2CCN(CCc3ccc4c(c3)OCCO4)CC2)c1,7.73
CHEMBL4226867,COC[C@@H]1CN[C@@H]2CC[C@@]1(c1ccc(Cl)c(Cl)c1)C2,7.5
CHEMBL4225176,COCCOc1cc(CC2CCN(CCc3ccc4c(c3)OCCC4)CC2)ccc1Br,8.27
CHEMBL3946788,CC(C)CC(NCCCC(N)=O)C1(c2ccc(Cl)c(Cl)c2)CCC1,8.09
CHEMBL3704754,C[C@@H](CCNCCCC(N)=O)CC1(c2ccc(Cl)c(Cl)c2)CCC1,8.64
CHEMBL3656914,O=c1ccoc2ccc(CCN3CCC(Cc4ccc(Br)c(O)c4)CC3)cc12,8.77
CHEMBL3705037,COCCOc1cc(CC2CCN(CCc3ccc4occc(=O)c4c3)CC2)ccc1Br,9.57
CHEMBL479,CSc1ccc2c(c1)N(CCC1CCCCN1C)c1ccccc1S2,6.4
CHEMBL4163428,CN1CCN(c2ccc3c(c2)CN(C(=O)OCc2ccccc2)C3)CC1,5.86
CHEMBL4075673,Cc1cccc(S(=O)(=O)NCCCCN2CC=C(c3c[nH]c4ccc(F)cc34)CC2)c1,8.64
CHEMBL1277411,CNCCC(c1ccccc1)c1ccc(O)c2ccc(OCCN3CCCC3)cc12,8.15
CHEMBL4293307,COc1ccc(N(CCCCN2CCC(O)(c3ccc(Cl)c(C(F)(F)F)c3)CC2)c2ccc(OC)cc2)cc1,5.88
CHEMBL4226031,COCCOc1cc(CC2CCN(CCc3ccc4c(c3)OCCC4=O)CC2)ccc1Br,8.85
CHEMBL4227688,COC[C@@H]1CN[C@H]2CC[C@]1(c1ccc(Cl)c(Cl)c1)C2,8.68
CHEMBL3892582,COc1ccc(F)c(CC2CCN(CCc3ccccc3)CC2)c1,6.56
ZINC000000595482,Fc1ccc2[nH]cc(CC3CCN(CCOc4cccc5c4OCCO5)CC3)c2c1,11.0
ZINC000101031400,COC(=O)[C@@H]1[C@H](c2ccc(-c3ccsc3)cc2)C[C@H]2CC[C@H]1N2C,10.77
ZINC000101303877,COC(=O)[C@H]1[C@@H](c2ccc(-c3ccsc3)cc2)C[C@H]2CC[C@H]1N2C,10.77
ZINC000253994983,COC(=O)[C@H]1[C@H](c2ccc(-c3ccsc3)cc2)C[C@H]2CC[C@H]1N2C,10.77
ZINC000253994988,COC(=O)[C@@H]1[C@@H](c2ccc(-c3ccsc3)cc2)C[C@H]2CC[C@H]1N2C,10.77
ZINC000045261420,CC(C)(Cc1ccc2ccccc2c1)NC[C@@H](O)COc1ccc(CCC(=O)O)cc1C#N,10.64
ZINC000005965155,CN(C)[C@@H]1C[C@H](c2ccc(Cl)cc2Cl)c2ccccc21,10.52
ZINC000005965160,CN(C)[C@@H]1C[C@@H](c2ccc(Cl)cc2Cl)c2ccccc21,10.52
ZINC000005965213,CN(C)[C@H]1C[C@H](c2ccc(Cl)cc2Cl)c2ccccc21,10.52
ZINC000005965216,CN(C)[C@H]1C[C@@H](c2ccc(Cl)cc2Cl)c2ccccc21,10.52
ZINC000013439731,O=[N+]([O-])c1ccc2nc(N3CCNCC3)cc(Cl)c2c1,10.52
ZINC000003994242,COC(=O)[C@H]1[C@@H](c2ccc(/C=C\I)cc2)C[C@@H]2CC[C@H]1N2,10.4
ZINC000005965152,CN(C)[C@@H]1C[C@H](c2ccc(Br)cc2)c2ccccc21,10.4
ZINC000005965157,CN(C)[C@@H]1C[C@@H](c2ccc(Br)cc2)c2ccccc21,10.4
ZINC000005965210,CN(C)[C@H]1C[C@H](c2ccc(Br)cc2)c2ccccc21,10.4
ZINC000005965214,CN(C)[C@H]1C[C@@H](c2ccc(Br)cc2)c2ccccc21,10.4
ZINC000013559569,COC(=O)[C@H]1[C@@H](c2ccc(/C=C\Br)cc2)C[C@@H]2CC[C@H]1N2,10.4
ZINC000028566505,COC(=O)[C@@H]1[C@@H](c2ccc(/C=C\I)cc2)C[C@@H]2CC[C@H]1N2,10.4
ZINC000169300901,COC(=O)[C@@H]1[C@@H](c2ccc(/C=C\Br)cc2)C[C@@H]2CC[C@H]1N2,10.4
ZINC000253636158,COC(=O)[C@@H]1[C@H]2CC[C@@H](C[C@H]1c1ccc(/C=C\Br)cc1)N2,10.4
ZINC000253636161,COC(=O)[C@H]1[C@H]2CC[C@@H](C[C@H]1c1ccc(/C=C\Br)cc1)N2,10.4
ZINC000253638138,COC(=O)[C@@H]1[C@H]2CC[C@@H](C[C@H]1c1ccc(/C=C\I)cc1)N2,10.4
ZINC000253638142,COC(=O)[C@H]1[C@H]2CC[C@@H](C[C@H]1c1ccc(/C=C\I)cc1)N2,10.4
ZINC000013533317,Cc1c([N+](=O)[O-])ccc2nc(N3CCNCC3)ccc12,10.29
ZINC000100949849,C=C(C)c1ccc([C@H]2C[C@H]3CC[C@@H](N3)[C@@H]2C(=O)OC)cc1,10.26
ZINC000100949856,C=C(C)c1ccc([C@H]2C[C@H]3CC[C@@H](N3)[C@H]2C(=O)OC)cc1,10.26
ZINC000002530687,COC(=O)[C@H]1[C@@H](c2ccc(I)cc2)C[C@@H]2CC[C@H]1N2,10.22
ZINC000005997419,COC(=O)[C@@H]1[C@@H](c2ccc(I)cc2)C[C@@H]2CC[C@H]1N2,10.22
ZINC000025757443,COC(=O)[C@H]1[C@H]2CC[C@@H](C[C@H]1c1ccc(I)cc1)N2,10.22
ZINC000031424758,COC(=O)[C@@H]1[C@H]2CC[C@@H](C[C@H]1c1ccc(I)cc1)N2,10.22
ZINC000253633313,O=C(OC[C@H]1[C@H]2C[C@H]3CC[C@H]1N3C/C2=C\c1ccc(I)c(Cl)c1)c1ccccc1,10.22
ZINC000253633315,O=C(OC[C@@H]1[C@H]2C[C@H]3CC[C@H]1N3C/C2=C\c1ccc(I)c(Cl)c1)c1ccccc1,10.22
ZINC000101300587,Clc1ccc(CO[C@]2(c3ccccc3)C[C@@H]3CC[C@H](C2)N3)cc1Cl,10.21
ZINC000100949938,CCc1ccc([C@H]2C[C@H]3CC[C@@H](N3)[C@@H]2C(=O)OC)cc1I,10.2
ZINC000100949944,CCc1ccc([C@H]2C[C@H]3CC[C@@H](N3)[C@H]2C(=O)OC)cc1I,10.2
ZINC000045284644,CC(C)(Cc1ccc2ccccc2c1)NC[C@@H](O)COc1ccc(CCC(=O)O)cc1,10.17
ZINC000036093131,CC(C)CN(Cc1ccc(C(F)(F)F)cc1)C1CCNCC1,10.15
ZINC000100921430,COC(=O)[C@@H]1[C@@H](c2ccc3ccccc3c2)C[C@H]2CC[C@H]1N2C,10.15
ZINC000100921435,COC(=O)[C@H]1[C@@H](c2ccc3ccccc3c2)C[C@H]2CC[C@H]1N2C,10.15
ZINC000100958053,O[C@H](COc1cccc2[nH]ccc12)CN1[C@H]2CC[C@@H]1C[C@@H](c1cc3ccccc3s1)C2,10.15
ZINC000045315721,CCOC(=O)CCc1ccc(OC[C@H](O)CNC(C)(C)Cc2ccc3ccccc3c2)c(C#N)c1,10.11
ZINC000002022579,Fc1ccc2[nH]cc(CCCNCCOc3cccc4c3OCCO4)c2c1,10.1
ZINC000013559570,COC(=O)[C@H]1[C@@H](c2ccc(C=C(Br)Br)cc2)C[C@@H]2CC[C@H]1N2,10.1
ZINC000028711363,O=C(OCCF)[C@H]1[C@@H](c2ccc(/C=C\I)cc2)C[C@@H]2CC[C@H]1N2,10.1
ZINC000028711364,O=C(OCCF)[C@@H]1[C@@H](c2ccc(/C=C\I)cc2)C[C@@H]2CC[C@H]1N2,10.1
ZINC000100761208,COC(=O)[C@@H]1[C@H](c2ccc(/C=C\Br)cc2)C[C@H]2CC[C@H]1N2C,10.1
ZINC000136818659,COC(=O)[C@@H]1[C@@H](c2ccc(/C=C\Br)cc2)C[C@H]2CC[C@H]1N2C,10.1
ZINC000169300804,COC(=O)[C@@H]1[C@@H](c2ccc(C=C(Br)Br)cc2)C[C@@H]2CC[C@H]1N2,10.1
ZINC000230558879,COC(=O)[C@H]1[C@@H](c2ccc(/C=C\Br)cc2)C[C@H]2CC[C@H]1N2C,10.1
ZINC000253634068,COC(=O)[C@@H]1[C@H]2CC[C@@H](C[C@H]1c1ccc(C=C(Br)Br)cc1)N2,10.1
ZINC000253634069,COC(=O)[C@H]1[C@H]2CC[C@@H](C[C@H]1c1ccc(C=C(Br)Br)cc1)N2,10.1
ZINC000253636473,COC(=O)[C@H]1[C@H](c2ccc(/C=C\Br)cc2)C[C@H]2CC[C@H]1N2C,10.1
ZINC000253656105,O=C(OCCF)[C@@H]1[C@H]2CC[C@@H](C[C@H]1c1ccc(/C=C\I)cc1)N2,10.1
ZINC000253656111,O=C(OCCF)[C@H]1[C@H]2CC[C@@H](C[C@H]1c1ccc(/C=C\I)cc1)N2,10.1
ZINC000026579415,C[C@@H]1CNCCN1c1ccc2cc([N+](=O)[O-])ccc2n1,10.09
ZINC000026579416,C[C@H]1CNCCN1c1ccc2cc([N+](=O)[O-])ccc2n1,10.09
ZINC000261099422,C=C1CN2[C@H]3CC[C@H]2[C@H]1[C@@H](c1ccc(I)cc1)C3,10.05
ZINC000261099423,C=C1CN2[C@H]3CC[C@H]2[C@H]1[C@H](c1ccc(I)cc1)C3,10.05
ZINC000000603789,NC(=O)c1ccc2c(c1)CCO[C@@H]2CCN1CC=C(c2c[nH]c3cc(F)ccc23)CC1,10.0
ZINC000003976847,NC(=O)c1ccc2c(c1)CCO[C@H]2CCN1CC=C(c2c[nH]c3cc(F)ccc23)CC1,10.0
ZINC000101300628,Clc1ccc(CO[C@]2(c3ccc(Cl)cc3)C[C@@H]3CC[C@H](C2)N3)cc1,10.0
ZINC000253633705,O=C(OC[C@@H]1[C@H]2C[C@H]3CC[C@H]1N3C/C2=C\c1ccc(I)cc1)c1ccccc1,10.0
ZINC000253633706,O=C(OC[C@H]1[C@H]2C[C@H]3CC[C@H]1N3C/C2=C\c1ccc(I)cc1)c1ccccc1,10.0
ZINC000253693446,O=C(OC[C@H]1[C@H]2C[C@H]3CC[C@H]1N3C/C2=C\c1ccc2ccccc2c1)c1ccccc1,10.0
ZINC000253693456,O=C(OC[C@@H]1[C@H]2C[C@H]3CC[C@H]1N3C/C2=C\c1ccc2ccccc2c1)c1ccccc1,10.0
ZINC000006091496,NC1Cc2cc3c(cc2C1)OCO3,9.98
ZINC000013560904,CN[C@H]1C[C@H](c2ccc(Cl)c(Cl)c2)c2ccc(O)cc21,9.96
ZINC000013560905,CN[C@@H]1C[C@@H](c2ccc(Cl)c(Cl)c2)c2ccc(O)cc21,9.96
ZINC000028137389,COC(=O)[C@H]1[C@@H](c2ccc(-c3cccs3)cc2)C[C@@H]2CC[C@H]1N2,9.96
ZINC000028137396,COC(=O)[C@@H]1[C@@H](c2ccc(-c3cccs3)cc2)C[C@@H]2CC[C@H]1N2,9.96
ZINC000029485427,CN[C@H]1C[C@@H](c2ccc(Cl)c(Cl)c2)c2ccc(O)cc21,9.96
ZINC000029485432,CN[C@@H]1C[C@H](c2ccc(Cl)c(Cl)c2)c2ccc(O)cc21,9.96
ZINC000100037971,COC(=O)[C@H]1[C@@H](c2ccc(I)cc2)C[C@H]2CC[C@H]1N2CCCF,9.96
ZINC000100761476,COC(=O)[C@@H]1[C@@H](c2ccc(I)cc2)C[C@H]2CC[C@H]1N2CCCF,9.96
ZINC000100771818,C=C(C)c1ccc([C@H]2C[C@H]3CC[C@@H](N3)[C@H]2C(=O)CC)cc1,9.96
ZINC000100771820,C=C(C)c1ccc([C@H]2C[C@H]3CC[C@@H](N3)[C@@H]2C(=O)CC)cc1,9.96
ZINC000100987885,COC(=O)[C@@H]1[C@H](c2ccc(/C=C\I)cc2)C[C@H]2CC[C@H]1N2C,9.96
ZINC000169359457,C=C(C)c1ccc([C@@H]2C[C@H]3CC[C@@H](N3)[C@@H]2C(=O)CC)cc1,9.96
ZINC000169714215,COC(=O)[C@H]1[C@H](c2ccc(I)cc2)C[C@H]2CC[C@H]1N2CCCF,9.96
ZINC000225541322,COC(=O)[C@@H]1[C@H](c2ccc(I)cc2)C[C@H]2CC[C@H]1N2CCCF,9.96
ZINC000253681845,COC(=O)[C@@H]1[C@@H](c2ccc(/C=C\I)cc2)C[C@H]2CC[C@H]1N2C,9.96
ZINC000253681866,COC(=O)[C@H]1[C@H](c2ccc(/C=C\I)cc2)C[C@H]2CC[C@H]1N2C,9.96
ZINC000253681872,COC(=O)[C@H]1[C@@H](c2ccc(/C=C\I)cc2)C[C@H]2CC[C@H]1N2C,9.96
ZINC000253852617,C=C(C)c1ccc([C@@H]2C[C@H]3CC[C@@H](N3)[C@H]2C(=O)CC)cc1,9.96
ZINC000261148395,COC(=O)[C@@H]1[C@H]2CC[C@@H](C[C@H]1c1ccc(-c3cccs3)cc1)N2,9.96
ZINC000261148396,COC(=O)[C@H]1[C@H]2CC[C@@H](C[C@H]1c1ccc(-c3cccs3)cc1)N2,9.96
ZINC000100741810,CCC(=O)[C@H]1[C@@H](c2ccc3ccccc3c2)C[C@H]2CC[C@H]1N2C,9.92
ZINC000100741814,CCC(=O)[C@@H]1[C@@H](c2ccc3ccccc3c2)C[C@H]2CC[C@H]1N2C,9.92
ZINC000137526208,CCC(=O)[C@@H]1[C@H](c2ccc3ccccc3c2)C[C@H]2CC[C@H]1N2C,9.92
ZINC000137696843,CCC(=O)[C@H]1[C@H](c2ccc3ccccc3c2)C[C@H]2CC[C@H]1N2C,9.92
ZINC000101355496,C=CC[C@H](OC)[C@]12CNCC[C@]1(c1ccc(Cl)c(Cl)c1)C2,9.9
ZINC000101355501,C=CC[C@@H](OC)[C@]12CNCC[C@]1(c1ccc(Cl)c(Cl)c1)C2,9.9
ZINC000003948263,CN(C)C[C@H]1CCC[C@@H]1c1c[nH]c2ccc(C#N)cc12,9.89
ZINC000013439775,CCC(=O)[C@H]1[C@@H](c2ccc(/C=C(/C)I)cc2)C[C@@H]2CC[C@H]1N2,9.89
ZINC000027900974,CCC(=O)[C@@H]1[C@@H](c2ccc(/C=C(/C)I)cc2)C[C@@H]2CC[C@H]1N2,9.89
ZINC000253681828,CCC(=O)[C@@H]1[C@H]2CC[C@@H](C[C@H]1c1ccc(/C=C(/C)I)cc1)N2,9.89
ZINC000253681832,CCC(=O)[C@H]1[C@H]2CC[C@@H](C[C@H]1c1ccc(/C=C(/C)I)cc1)N2,9.89
ZINC000100742393,COC(=O)[C@H]1[C@@H](c2ccc(I)cc2)C[C@H]2CC[C@H]1N2CCF,9.85
ZINC000100761530,COC(=O)[C@@H]1[C@@H](c2ccc(I)cc2)C[C@H]2CC[C@H]1N2CCF,9.85
ZINC000101019793,C1=C(c2ccc3ccccc3c2)C[C@H]2CC[C@H]1N2CCCOc1cccc2[nH]ccc12,9.85
ZINC000169714216,COC(=O)[C@H]1[C@H](c2ccc(I)cc2)C[C@H]2CC[C@H]1N2CCF,9.85
ZINC000253681672,COC(=O)[C@@H]1[C@H](c2ccc(I)cc2)C[C@H]2CC[C@H]1N2CCF,9.85
ZINC000028566145,COC(=O)[C@H]1[C@@H](c2ccc(-c3ccco3)cc2)C[C@@H]2CC[C@H]1N2,9.82
ZINC000028566147,COC(=O)[C@@H]1[C@@H](c2ccc(-c3ccco3)cc2)C[C@@H]2CC[C@H]1N2,9.82
ZINC000101007973,COC(=O)[C@@H]1[C@H](c2ccc(-c3cccs3)cc2)C[C@H]2CC[C@H]1N2C,9.82
ZINC000167901623,COC(=O)[C@H]1[C@@H](c2ccc(-c3cccs3)cc2)C[C@H]2CC[C@H]1N2C,9.82
ZINC000253637516,COC(=O)[C@@H]1[C@H]2CC[C@@H](C[C@H]1c1ccc(-c3ccco3)cc1)N2,9.82
ZINC000253637530,COC(=O)[C@H]1[C@H]2CC[C@@H](C[C@H]1c1ccc(-c3ccco3)cc1)N2,9.82
ZINC000261131625,COC(=O)[C@H]1[C@H](c2ccc(-c3cccs3)cc2)C[C@H]2CC[C@H]1N2C,9.82
ZINC000261131626,COC(=O)[C@@H]1[C@@H](c2ccc(-c3cccs3)cc2)C[C@H]2CC[C@H]1N2C,9.82
ZINC000029484271,CN[C@@H]1C[C@@H](c2ccc(Br)cc2)c2ccccc21,9.8
ZINC000029484274,CN[C@H]1C[C@@H](c2ccc(Br)cc2)c2ccccc21,9.8
ZINC000029484277,CN[C@@H]1C[C@H](c2ccc(Br)cc2)c2ccccc21,9.8
ZINC000029484281,CN[C@H]1C[C@H](c2ccc(Br)cc2)c2ccccc21,9.8
ZINC000068247258,COc1ccc(O[C@@H](CC(C)C)[C@H]2CCNC2)c(C)n1,9.8
ZINC000100899661,COc1cccc2sc([C@@H]3C[C@@H]4CC[C@H](C3)N4C[C@H](O)COc3cccc4[nH]ccc34)cc12,9.77
ZINC000100958046,COc1cccc2sc([C@H]3C[C@@H]4CC[C@H](C3)N4C[C@H](O)COc3cccc4[nH]ccc34)cc12,9.77
ZINC000028397853,O=C(OCCF)[C@H]1[C@@H](c2ccc(I)cc2)C[C@@H]2CC[C@H]1N2,9.74
ZINC000028397858,O=C(OCCF)[C@@H]1[C@@H](c2ccc(I)cc2)C[C@@H]2CC[C@H]1N2,9.74
ZINC000261092429,O=C(OCCF)[C@H]1[C@H]2CC[C@@H](C[C@H]1c1ccc(I)cc1)N2,9.74
ZINC000261092434,O=C(OCCF)[C@@H]1[C@H]2CC[C@@H](C[C@H]1c1ccc(I)cc1)N2,9.74
ZINC000026641882,O=[N+]([O-])c1ccc2nc(N3CCNCC3)ccc2c1I,9.72
ZINC000045286513,COC(=O)[C@H]1[C@@H](c2ccc(SC)cc2)C[C@@H]2CC[C@H]1N2,9.72
ZINC000000001565,CN[C@H]1C[C@H](c2ccc(Cl)c(Cl)c2)c2ccccc21,9.7
ZINC000003872904,CN[C@@H]1C[C@H](c2ccc(Cl)c(Cl)c2)c2ccccc21,9.7
ZINC000013826815,O=S1(=O)c2cccc3cccc(c23)N1CCCN1CC=C(c2c[nH]c3ccccc23)CC1,9.7
ZINC000026496748,NC(=O)c1ccc2c(c1)CCO[C@@H]2CCN1CC=C(c2c[nH]c3c(F)cccc23)CC1,9.7
ZINC000036093265,COC(=O)[C@H]1[C@@H](c2cccc(/C=C/I)c2)C[C@@H]2CC[C@H]1N2,9.7
ZINC000036093267,COC(=O)[C@H]1[C@@H](c2cccc(/C=C/Br)c2)C[C@@H]2CC[C@H]1N2,9.7
ZINC000058581366,Cc1cccc2nc(C(=O)[C@@]3(CCC(C)(C)C)CCNC3)ccc12,9.7
ZINC000062225360,Cc1cccc2nc(C(=O)[C@]3(CCC(C)(C)C)CCNC3)ccc12,9.7
ZINC000072113629,Clc1ccc([C@]23CCNC[C@@]2(Cn2cc4ccccc4n2)C3)cc1Cl,9.7
ZINC000101014996,C1=C(c2ccc3ccccc3c2)C[C@H]2CC[C@H]1N2CCOc1cccc2[nH]ccc12,9.7
ZINC000101267279,COC(=O)[C@H]1[C@@H](c2ccc(I)cc2)C[C@H]2CC[C@H]1N2CCCCCCCCN1C(=O)c2ccccc2C1=O,9.7
ZINC000101267281,COC(=O)[C@@H]1[C@@H](c2ccc(I)cc2)C[C@H]2CC[C@H]1N2CCCCCCCCN1C(=O)c2ccccc2C1=O,9.7
ZINC000101433126,Cc1cc(C)n(C[C@]23CNCC[C@]2(c2ccc(Cl)c(Cl)c2)C3)n1,9.7
ZINC000101976425,Clc1ccc([C@]23CCNC[C@]2(Cn2cc4ccccc4n2)C3)cc1Cl,9.7
ZINC000261117191,COC(=O)[C@H]1[C@H](c2ccc(I)cc2)C[C@H]2CC[C@H]1N2CCCCCCCCN1C(=O)c2ccccc2C1=O,9.7
ZINC000261117192,COC(=O)[C@@H]1[C@H](c2ccc(I)cc2)C[C@H]2CC[C@H]1N2CCCCCCCCN1C(=O)c2ccccc2C1=O,9.7
ZINC000100882264,COC(=O)[C@H]1[C@@H](c2ccc(I)cc2)C[C@H]2CC[C@H]1N2CCCCN1C(=O)c2ccccc2C1=O,9.68
ZINC000100882268,COC(=O)[C@@H]1[C@@H](c2ccc(I)cc2)C[C@H]2CC[C@H]1N2CCCCN1C(=O)c2ccccc2C1=O,9.68
ZINC000253635077,COC(=O)[C@H]1[C@H](c2ccc(I)cc2)C[C@H]2CC[C@H]1N2CCCCN1C(=O)c2ccccc2C1=O,9.68
ZINC000253635079,COC(=O)[C@@H]1[C@H](c2ccc(I)cc2)C[C@H]2CC[C@H]1N2CCCCN1C(=O)c2ccccc2C1=O,9.68
ZINC000003948260,CN(C)[C@@H]1CC[C@H](c2c[nH]c3ccc(C#N)cc23)C1,9.66
ZINC000013756667,CCC(=O)[C@H]1[C@@H](c2ccc3ccccc3c2)C[C@@H]2CC[C@H]1N2,9.66
ZINC000029312929,CCC(=O)[C@@H]1[C@@H](c2ccc3ccccc3c2)C[C@@H]2CC[C@H]1N2,9.66
ZINC000036469701,CCC(=O)[C@@H]1[C@H]2CC[C@@H](C[C@H]1c1ccc3ccccc3c1)N2,9.66
ZINC000036469702,CCC(=O)[C@H]1[C@H]2CC[C@@H](C[C@H]1c1ccc3ccccc3c1)N2,9.66
ZINC000028132393,COC(=O)[C@H]1[C@@H](c2ccc(-c3ccsc3)cc2)C[C@@H]2CC[C@H]1N2,9.64
ZINC000028132404,COC(=O)[C@@H]1[C@@H](c2ccc(-c3ccsc3)cc2)C[C@@H]2CC[C@H]1N2,9.64
ZINC000253636781,COC(=O)[C@@H]1[C@H]2CC[C@@H](C[C@H]1c1ccc(-c3ccsc3)cc1)N2,9.64
ZINC000253636789,COC(=O)[C@H]1[C@H]2CC[C@@H](C[C@H]1c1ccc(-c3ccsc3)cc1)N2,9.64
ZINC000028455778,O=C(OCCF)[C@H]1[C@@H](c2ccc(Br)cc2)C[C@@H]2CC[C@H]1N2,9.62
ZINC000028455780,O=C(OCCF)[C@@H]1[C@@H](c2ccc(Br)cc2)C[C@@H]2CC[C@H]1N2,9.62
ZINC000261178368,O=C(OCCF)[C@H]1[C@H]2CC[C@@H](C[C@H]1c1ccc(Br)cc1)N2,9.62
ZINC000261178371,O=C(OCCF)[C@@H]1[C@H]2CC[C@@H](C[C@H]1c1ccc(Br)cc1)N2,9.62
ZINC000042990149,Cc1ccc2c3c(ccc2n1)OC[C@H](CN1CCN(c2ccc4cc([N+](=O)[O-])ccc4n2)CC1)O3,9.6
ZINC000072116222,Cc1ccn(C[C@@]23CNCC[C@]2(c2ccc(Cl)c(Cl)c2)C3)n1,9.6
ZINC000072116471,Clc1ccc([C@]23CCNC[C@@]2(Cn2ncc4ccccc42)C3)cc1Cl,9.6
ZINC000101433113,Cc1ccn(C[C@]23CNCC[C@]2(c2ccc(Cl)c(Cl)c2)C3)n1,9.6
ZINC000101944897,CC[C@@H](C)OC[C@@]1(c2ccc(Cl)c(Cl)c2)[C@H]2CNC[C@H]21,9.6
ZINC000101944900,CC[C@H](C)OC[C@@]1(c2ccc(Cl)c(Cl)c2)[C@H]2CNC[C@H]21,9.6
ZINC000101990020,Clc1ccc([C@]23CCNC[C@]2(Cn2ncc4ccccc42)C3)cc1Cl,9.6
ZINC000036093130,CC(C)CN(Cc1cccc(C(F)(F)F)c1)C1CCNCC1,9.59
ZINC000049050565,O=C1CCc2ccc(CC3C[C@@H]4CC[C@H](C3)N4C[C@@H]3COc4c(ccc5c4CC(=O)N5)O3)cc2N1,9.59
ZINC000149577783,O=C(OCCCF)[C@H]1[C@@H](c2cccc(/C=C\I)c2)C[C@@H]2CC[C@H]1N2,9.59
ZINC000169369800,O=C(OCCCF)[C@@H]1[C@@H](c2cccc(/C=C\I)c2)C[C@@H]2CC[C@H]1N2,9.59
ZINC000261088243,O=C(OCCCF)[C@H]1[C@H]2CC[C@@H](C[C@H]1c1cccc(/C=C\I)c1)N2,9.59
ZINC000261088244,O=C(OCCCF)[C@@H]1[C@H]2CC[C@@H](C[C@H]1c1cccc(/C=C\I)c1)N2,9.59
ZINC000001530637,CNCC[C@H](Oc1ccc(C(F)(F)F)cc1)c1ccccc1,9.57
ZINC000001530638,CNCC[C@@H](Oc1ccc(C(F)(F)F)cc1)c1ccccc1,9.57
ZINC000028898588,Cc1ccc(Sc2ccc(F)cc2CN(C)C)c(N)c1,9.57
ZINC000026500544,NC(=O)c1ccc2c(c1)CCO[C@@H]2CCN1CC=C(c2c[nH]c3c(Cl)c(Cl)ccc23)CC1,9.55
ZINC000026500547,NC(=O)c1ccc2c(c1)CCO[C@H]2CCN1CC=C(c2c[nH]c3c(Cl)c(Cl)ccc23)CC1,9.55
ZINC000028898610,CN(C)Cc1cc(F)ccc1Sc1ccc(C#N)cc1N,9.55
ZINC000036093151,CC(C)CN(Cc1ccc(C#N)cc1)C1CCNCC1,9.55
ZINC000100728182,COC(=O)[C@@H]1[C@H](c2ccc(Cl)c(Cl)c2)C[C@H]2CC[C@H]1N2C,9.55
ZINC000101084353,COC(=O)[C@H]1[C@H](c2ccc(Cl)c(Cl)c2)C[C@H]2CC[C@H]1N2C,9.55
ZINC000253638993,C=C1CN2[C@H]3CC[C@H]2[C@H]1[C@@H](c1ccc(Br)cc1)C3,9.55
ZINC000253638994,C=C1CN2[C@H]3CC[C@H]2[C@H]1[C@H](c1ccc(Br)cc1)C3,9.55
ZINC000026493960,NC(=O)c1ccc2c(c1)CCO[C@@H]2CCN1CC=C(c2coc3cc(F)ccc23)CC1,9.54
ZINC000026493962,NC(=O)c1ccc2c(c1)CCO[C@H]2CCN1CC=C(c2coc3cc(F)ccc23)CC1,9.54
ZINC000000022174,Clc1ccc(C2=C[C@H]3CC[C@@H](C2)N3)cc1Cl,9.52
ZINC000013560901,CN[C@H]1C[C@@H](c2ccc(Cl)c(Cl)c2)c2ccc(OC)cc21,9.52
ZINC000013560902,CN[C@@H]1C[C@@H](c2ccc(Cl)c(Cl)c2)c2ccc(OC)cc21,9.52
ZINC000013560903,CN[C@H]1C[C@H](c2ccc(Cl)c(Cl)c2)c2ccc(OC)cc21,9.52
ZINC000013582491,NC(=O)c1cc2cc(N3CCN(CCCCc4c[nH]c5ccc(F)cc45)CC3)ccc2o1,9.52
ZINC000013582534,COc1ccc(N2CCN(CCCCc3c[nH]c4ccc(C#N)cc34)CC2)cc1OC,9.52
ZINC000013582560,N#Cc1ccc2[nH]cc(CCCCN3CCN(c4ccc5sc(C(N)=O)cc5c4)CC3)c2c1,9.52
ZINC000013674817,Fc1ccc2[nH]cc(CCCN3CCN(c4cccc5c4OCCO5)CC3)c2c1,9.52
ZINC000013826825,O=S1(=O)c2cccc3cccc(c23)N1CCCN1CC=C(c2c[nH]c3ccc(F)cc23)CC1,9.52
ZINC000013826841,O=S1(=O)c2cccc3cccc(c23)N1CCN1CCC(Cc2c[nH]c3cc(F)ccc23)CC1,9.52
ZINC000026496752,NC(=O)c1ccc2c(c1)CCO[C@H]2CCN1CC=C(c2c[nH]c3c(F)cccc23)CC1,9.52
ZINC000026503509,NC(=O)c1ccc2c(c1)CCO[C@@H]2CCN1CC=C(c2c[nH]c3c(F)c(F)ccc23)CC1,9.52
ZINC000026503513,NC(=O)c1ccc2c(c1)CCO[C@H]2CCN1CC=C(c2c[nH]c3c(F)c(F)ccc23)CC1,9.52
ZINC000027527216,CN[C@@H]1C[C@H](c2ccc(Cl)c(Cl)c2)c2ccc(OC)cc21,9.52
ZINC000028373270,O=C(OCCCF)[C@H]1[C@@H](c2ccc(Br)cc2)C[C@@H]2CC[C@H]1N2,9.52
ZINC000028373277,O=C(OCCCF)[C@@H]1[C@@H](c2ccc(Br)cc2)C[C@@H]2CC[C@H]1N2,9.52
ZINC000036093159,CC(C)CN(Cc1ccc(F)cc1C(F)(F)F)C1CCNCC1,9.52
ZINC000040894643,CCCCN(Cc1ccc2ccccc2c1)[C@H]1CCNC1,9.52
ZINC000040938053,Cc1ccc(-c2c(=O)n(CCCCN3CCC(c4c[nH]c5ccccc45)CC3)c(=O)n3ccccc23)cc1,9.52
ZINC000261099821,O=C(OCCCF)[C@H]1[C@H]2CC[C@@H](C[C@H]1c1ccc(Br)cc1)N2,9.52
ZINC000261099824,O=C(OCCCF)[C@@H]1[C@H]2CC[C@@H](C[C@H]1c1ccc(Br)cc1)N2,9.52
ZINC000101944098,CC[C@@H](C)OCC[C@@]1(c2ccc(Cl)c(Cl)c2)[C@H]2CNC[C@H]21,9.5
ZINC000101944102,CC[C@H](C)OCC[C@@]1(c2ccc(Cl)c(Cl)c2)[C@H]2CNC[C@H]21,9.5
ZINC000101954320,COCC[C@@]1(c2ccc(Cl)c(Cl)c2)[C@H]2CNC[C@H]21,9.5
ZINC000003819480,O=[N+]([O-])c1ccc2nc(N3CCNCC3)c(CCCF)cc2c1,9.49
ZINC000026652742,CN1CC[C@@H](c2ccc(Cl)cc2)[C@H](C(=O)NCc2ccc(CNC(=O)[C@@H]3CN(C)CC[C@H]3c3ccc(Cl)cc3)cc2)C1,9.49
ZINC000100761617,COC(=O)[C@H]1[C@@H](c2ccc(I)cc2)C[C@H]2CC[C@H]1N2CCCCl,9.49
ZINC000100761622,COC(=O)[C@@H]1[C@@H](c2ccc(I)cc2)C[C@H]2CC[C@H]1N2CCCCl,9.49
ZINC000100771907,C=Cc1ccc([C@H]2C[C@H]3CC[C@@H](N3)[C@H]2C(=O)CC)cc1,9.49
ZINC000100771912,C=Cc1ccc([C@H]2C[C@H]3CC[C@@H](N3)[C@@H]2C(=O)CC)cc1,9.49
ZINC000169329708,C=Cc1ccc([C@@H]2C[C@H]3CC[C@@H](N3)[C@@H]2C(=O)CC)cc1,9.49
ZINC000253636165,C=Cc1ccc([C@@H]2C[C@H]3CC[C@@H](N3)[C@H]2C(=O)CC)cc1,9.49
ZINC000253688020,COC(=O)[C@H]1[C@H](c2ccc(I)cc2)C[C@H]2CC[C@H]1N2CCCCl,9.49
ZINC000253688025,COC(=O)[C@@H]1[C@H](c2ccc(I)cc2)C[C@H]2CC[C@H]1N2CCCCl,9.49
ZINC000149549910,O=C(OCCCF)[C@H]1[C@@H](c2cccc(/C=C\Br)c2)C[C@@H]2CC[C@H]1N2,9.48
ZINC000169365925,O=C(OCCF)[C@H]1[C@@H](c2cccc(/C=C\Br)c2)C[C@@H]2CC[C@H]1N2,9.48
ZINC000169365926,O=C(OCCF)[C@@H]1[C@@H](c2cccc(/C=C\Br)c2)C[C@@H]2CC[C@H]1N2,9.48
ZINC000169369723,O=C(OCCCF)[C@@H]1[C@@H](c2cccc(/C=C\Br)c2)C[C@@H]2CC[C@H]1N2,9.48
ZINC000253798324,O=C(OCCF)[C@@H]1[C@H]2CC[C@@H](C[C@H]1c1cccc(/C=C\Br)c1)N2,9.48
ZINC000253798329,O=C(OCCF)[C@H]1[C@H]2CC[C@@H](C[C@H]1c1cccc(/C=C\Br)c1)N2,9.48
ZINC000253798467,O=C(OCCCF)[C@H]1[C@H]2CC[C@@H](C[C@H]1c1cccc(/C=C\Br)c1)N2,9.48
ZINC000253798470,O=C(OCCCF)[C@@H]1[C@H]2CC[C@@H](C[C@H]1c1cccc(/C=C\Br)c1)N2,9.48
ZINC000028819410,CN(C)[C@H]1CC=C(c2c[nH]c3ccc(C#N)cc23)CC1,9.47
ZINC000028819412,CN(C)[C@@H]1CC=C(c2c[nH]c3ccc(C#N)cc23)CC1,9.47
ZINC000029479693,CN(C)[C@@H]1C[C@@H](c2ccc(Cl)cc2)c2ccccc21,9.47
ZINC000029479696,CN(C)[C@H]1C[C@@H](c2ccc(Cl)cc2)c2ccccc21,9.47
ZINC000029479699,CN(C)[C@@H]1C[C@H](c2ccc(Cl)cc2)c2ccccc21,9.47
ZINC000029479702,CN(C)[C@H]1C[C@H](c2ccc(Cl)cc2)c2ccccc21,9.47
ZINC000101267308,COC(=O)[C@H]1[C@@H](c2ccc(I)cc2)C[C@H]2CC[C@H]1N2CCCCCN1C(=O)c2ccccc2C1=O,9.47
ZINC000101267310,COC(=O)[C@@H]1[C@@H](c2ccc(I)cc2)C[C@H]2CC[C@H]1N2CCCCCN1C(=O)c2ccccc2C1=O,9.47
ZINC000261154898,COC(=O)[C@@H]1[C@H](c2ccc(I)cc2)C[C@H]2CC[C@H]1N2CCCCCN1C(=O)c2ccccc2C1=O,9.47
ZINC000261154903,COC(=O)[C@H]1[C@H](c2ccc(I)cc2)C[C@H]2CC[C@H]1N2CCCCCN1C(=O)c2ccccc2C1=O,9.47
ZINC000028898597,CN(C)Cc1cc(F)ccc1Sc1ccc(Cl)cc1N,9.46
ZINC000040828409,CN(C)Cc1ccccc1Oc1ccc(Cl)c(Cl)c1,9.46
ZINC000100761567,COC(=O)[C@H]1[C@@H](c2ccc(I)cc2)C[C@H]2CC[C@H]1N2CCCBr,9.46
ZINC000100761569,COC(=O)[C@@H]1[C@@H](c2ccc(I)cc2)C[C@H]2CC[C@H]1N2CCCBr,9.46
ZINC000101035237,COC(=O)[C@@H]1[C@H](c2ccc(-c3ccoc3)cc2)C[C@H]2CC[C@H]1N2C,9.46
ZINC000253638309,COC(=O)[C@H]1[C@H](c2ccc(-c3ccoc3)cc2)C[C@H]2CC[C@H]1N2C,9.46
ZINC000253638310,COC(=O)[C@H]1[C@@H](c2ccc(-c3ccoc3)cc2)C[C@H]2CC[C@H]1N2C,9.46
ZINC000253638312,COC(=O)[C@@H]1[C@@H](c2ccc(-c3ccoc3)cc2)C[C@H]2CC[C@H]1N2C,9.46
ZINC000253685857,COC(=O)[C@H]1[C@H](c2ccc(I)cc2)C[C@H]2CC[C@H]1N2CCCBr,9.46
ZINC000253685861,COC(=O)[C@@H]1[C@H](c2ccc(I)cc2)C[C@H]2CC[C@H]1N2CCCBr,9.46
ZINC000100390358,COC(=O)[C@H]1[C@@H](c2ccc(I)cc2)C[C@H]2CC[C@H]1N2,9.44
ZINC000006094219,O=[N+]([O-])c1ccc2nc(N3CCNCC3)cc(Br)c2c1,9.43
ZINC000013835781,CN(C)[C@H]1C[C@H](c2ccc(Cl)c(Cl)c2)c2ccccc21,9.43
ZINC000029481110,CN(C)[C@@H]1C[C@@H](c2ccc(Cl)c(Cl)c2)c2ccc(O)cc21,9.43
ZINC000029481112,CN(C)[C@H]1C[C@@H](c2ccc(Cl)c(Cl)c2)c2ccc(O)cc21,9.43
ZINC000029481114,CN(C)[C@@H]1C[C@H](c2ccc(Cl)c(Cl)c2)c2ccc(O)cc21,9.43
ZINC000029481117,CN(C)[C@H]1C[C@H](c2ccc(Cl)c(Cl)c2)c2ccc(O)cc21,9.43
ZINC000029481779,CN(C)[C@@H]1C[C@H](c2ccc(Cl)c(Cl)c2)c2ccccc21,9.43
ZINC000100882941,CCC(=O)[C@H]1[C@@H](c2ccc3cc(I)ccc3c2)C[C@H]2CC[C@H]1N2C,9.43
ZINC000100882947,CCC(=O)[C@@H]1[C@@H](c2ccc3cc(I)ccc3c2)C[C@H]2CC[C@H]1N2C,9.43
ZINC000100903467,COc1cccc2sc([C@H]3C[C@@H]4CC[C@H](C3)N4C[C@H](O)COc3cccc4[nH]c(C(N)=O)cc34)cc12,9.43
ZINC000139661315,CCC(=O)[C@@H]1[C@H](c2ccc3cc(I)ccc3c2)C[C@H]2CC[C@H]1N2C,9.43
ZINC000253691778,CCC(=O)[C@H]1[C@H](c2ccc3cc(I)ccc3c2)C[C@H]2CC[C@H]1N2C,9.43
ZINC000003948262,CN(C)[C@H]1CC[C@@H](c2c[nH]c3ccc(C#N)cc23)C1,9.42
ZINC000013644776,COC(=O)[C@@H]1[C@H]2CC[C@@H](C[C@H]1c1ccc(Cl)cc1)N2,9.42
ZINC000013644798,COC(=O)[C@H]1[C@@H](c2ccc(Cl)cc2)C[C@@H]2CC[C@H]1N2,9.42
ZINC000026494812,COC(=O)[C@@H]1[C@@H](c2ccc(Cl)cc2)C[C@@H]2CC[C@H]1N2,9.42
ZINC000026499232,NC(=O)c1ccc2c(c1)CCO[C@@H]2CCN1CC=C(c2c[nH]c3cc(Cl)ccc23)CC1,9.42
ZINC000026499234,NC(=O)c1ccc2c(c1)CCO[C@H]2CCN1CC=C(c2c[nH]c3cc(Cl)ccc23)CC1,9.42
ZINC000100645190,COC(=O)[C@@H]1[C@@H](c2ccc(I)cc2)C[C@H]2CC[C@H]1N2C,9.42
ZINC000100645193,COC(=O)[C@H]1[C@@H](c2ccc(I)cc2)C[C@H]2CC[C@H]1N2C,9.42
ZINC000101008719,COC(=O)[C@@H]1[C@H](c2ccc(-c3ccc(Br)s3)cc2)C[C@H]2CC[C@H]1N2C,9.42
ZINC000101019703,O[C@H](COc1cccc2[nH]ccc12)CN1[C@H]2C=C(c3ccc(Cl)c(Cl)c3)C[C@H]1CC2,9.42
ZINC000136879416,CCC(=O)[C@@H]1[C@H](c2ccc3cc(CC)ccc3c2)C[C@H]2CC[C@H]1N2C,9.42
ZINC000168410991,COC(=O)[C@H]1[C@@H](c2ccc(-c3ccc(Br)s3)cc2)C[C@H]2CC[C@H]1N2C,9.42
ZINC000253634841,COC(=O)[C@H]1[C@H]2CC[C@@H](C[C@H]1c1ccc(Cl)cc1)N2,9.42
ZINC000253673347,CCC(=O)[C@H]1[C@@H](c2ccc3cc(CC)ccc3c2)C[C@H]2CC[C@H]1N2C,9.42
ZINC000253673358,CCC(=O)[C@H]1[C@H](c2ccc3cc(CC)ccc3c2)C[C@H]2CC[C@H]1N2C,9.42
ZINC000253673369,CCC(=O)[C@@H]1[C@@H](c2ccc3cc(CC)ccc3c2)C[C@H]2CC[C@H]1N2C,9.42
ZINC000261134744,COC(=O)[C@H]1[C@H](c2ccc(-c3ccc(Br)s3)cc2)C[C@H]2CC[C@H]1N2C,9.42
ZINC000261134746,COC(=O)[C@@H]1[C@@H](c2ccc(-c3ccc(Br)s3)cc2)C[C@H]2CC[C@H]1N2C,9.42
ZINC000003923589,Fc1ccc2[nH]cc(CCCNCCOc3cccc4nc[nH]c34)c2c1,9.41
ZINC000003923592,Fc1ccc2[nH]cc(CCCNCCOc3cc(Cl)cc4[nH]cnc34)c2c1,9.41
ZINC000006019879,CSc1ccc([C@@H]2CN3CCC[C@@H]3c3ccccc32)cc1,9.41
ZINC000013535663,C[C@H]1C[C@H](c2cc3cc(F)ccc3s2)CCN1C[C@H](O)COc1cccc2[nH]ccc12,9.41
ZINC000013587195,Cc1cc2c(OC[C@@H](O)CN3CC[C@@H](c4cc5ccc(F)cc5s4)C[C@@H]3C)cccc2[nH]1,9.41
ZINC000036093152,Cc1ccc(CN(CC(C)C)C2CCNCC2)c(C)c1,9.41
ZINC000000025764,Fc1ccc(O[C@@H](c2ccccc2)C2CCNCC2)cc1,9.4
ZINC000000587497,O=S1(=O)c2cccc3cccc(c23)N1CCN1CCC(Cc2c[nH]c3ccc(F)cc23)CC1,9.4
ZINC000000587501,O=c1n(CCN2CCC(Cc3c[nH]c4ccc(F)cc34)CC2)c2cccc3c2n1CCC3,9.4
ZINC000013530884,Fc1ccc(O[C@H](c2ccccc2)C2CCNCC2)cc1,9.4
ZINC000013582476,N#Cc1ccc2[nH]cc(CCCCN3CCN(c4ccc5c(c4)OCCO5)CC3)c2c1,9.4
ZINC000013674809,c1cc2c(c(N3CCN(CCCc4c[nH]c5ccccc45)CC3)c1)OCCO2,9.4
ZINC000013674815,Fc1cccc2[nH]cc(CCCN3CCN(c4cccc5c4OCCO5)CC3)c12,9.4
ZINC000013674832,Cc1ccc2[nH]cc(CCCN3CCN(c4cccc5c4OCCO5)CC3)c2c1,9.4
ZINC000013674849,C[C@@H]1Oc2c(cccc2N2CCN(CCCc3c[nH]c4ccccc34)CC2)NC1=O,9.4
ZINC000013674851,C[C@H]1Oc2c(cccc2N2CCN(CCCc3c[nH]c4ccccc34)CC2)NC1=O,9.4
ZINC000027406257,O=C1c2cccc(F)c2C(=O)N1CCCCCN1CC=C(c2c[nH]c3ccc(F)cc23)CC1,9.4
ZINC000034479294,CCN(CCCCc1c[nH]c2ccc(F)cc12)[C@H]1COc2c(F)ccc(C(N)=O)c2C1,9.4
ZINC000034479297,CCN(CCCCc1c[nH]c2ccc(F)cc12)[C@@H]1COc2c(F)ccc(C(N)=O)c2C1,9.4
ZINC000036093145,N#CCCN(Cc1ccc(F)cc1C(F)(F)F)C1CCNCC1,9.4
ZINC000036093146,N#CCCCN(Cc1ccc(F)cc1C(F)(F)F)C1CCNCC1,9.4
ZINC000036093179,Fc1ccc(CN(CC2CC2)C2CCNCC2)c(C(F)(F)F)c1,9.4
ZINC000040393595,N#Cc1cc2cc([C@@]3(Cc4ccccc4)CCNC3)ccc2[nH]1,9.4
ZINC000040393596,N#Cc1cc2cc([C@]3(Cc4ccccc4)CCNC3)ccc2[nH]1,9.4
ZINC000045244870,O=c1[nH]c2cccc(OCC3CCN(C[C@@H]4CCc5[nH]c6ccc(F)cc6c5C4)CC3)c2o1,9.4
ZINC000045244871,O=c1[nH]c2cccc(OCC3CCN(C[C@H]4CCc5[nH]c6ccc(F)cc6c5C4)CC3)c2o1,9.4
ZINC000058575446,CC(C)C[C@]1(C(=O)c2cc(F)c3[nH]ccc3c2)CCNC1,9.4
ZINC000058581761,CC(C)CC[C@]1(C(=O)c2cc(F)c3[nH]ccc3c2)CCNC1,9.4
ZINC000058590562,CC(C)C[C@]1(C(=O)c2ccc(N)c(Cl)c2)CCCN1,9.4
ZINC000062225278,CC(C)C[C@@]1(C(=O)c2cc(F)c3[nH]ccc3c2)CCNC1,9.4
ZINC000062225287,CC(C)CC[C@@]1(C(=O)c2cc(F)c3[nH]ccc3c2)CCNC1,9.4
ZINC000062225364,CC(C)C[C@@]1(C(=O)c2ccc(N)c(Cl)c2)CCCN1,9.4
ZINC000100921391,C#Cc1ccc([C@H]2C[C@H]3CC[C@H]([C@@H]2C(=O)OC)N3C)cc1,9.4
ZINC000100921392,C#Cc1ccc([C@H]2C[C@H]3CC[C@H]([C@H]2C(=O)OC)N3C)cc1,9.4
ZINC000101019821,C1=C(c2ccc3ccccc3c2)C[C@H]2CC[C@H]1N2CCOc1cccc2ncccc12,9.4
ZINC000101433109,Cc1csc([C@]23CNCC[C@]2(c2ccc(Cl)c(Cl)c2)C3)n1,9.4
ZINC000101033913,COC(=O)[C@@H]1[C@H](c2ccc(-c3cc(F)cc(F)c3)cc2)C[C@H]2CC[C@H]1N2C,9.39
ZINC000253638724,COC(=O)[C@H]1[C@H](c2ccc(-c3cc(F)cc(F)c3)cc2)C[C@H]2CC[C@H]1N2C,9.39
ZINC000253638727,COC(=O)[C@H]1[C@@H](c2ccc(-c3cc(F)cc(F)c3)cc2)C[C@H]2CC[C@H]1N2C,9.39
ZINC000253638729,COC(=O)[C@@H]1[C@@H](c2ccc(-c3cc(F)cc(F)c3)cc2)C[C@H]2CC[C@H]1N2C,9.39
ZINC000045393569,CN1CCc2ccccc2[C@@H]1CCc1c[nH]c2ccc(C#N)cc12,9.38
ZINC000045393573,CN1CCc2ccccc2[C@H]1CCc1c[nH]c2ccc(C#N)cc12,9.38
ZINC000028713287,O=[N+]([O-])c1ccc2nc(N3CCNC[C@H]3CO)ccc2c1,9.37
ZINC000028713288,O=[N+]([O-])c1ccc2nc(N3CCNC[C@@H]3CO)ccc2c1,9.37
ZINC000028713291,CCOC[C@@H]1CNCCN1c1ccc2cc([N+](=O)[O-])ccc2n1,9.37
ZINC000028713292,CCOC[C@H]1CNCCN1c1ccc2cc([N+](=O)[O-])ccc2n1,9.37
ZINC000073198715,O=C(OCCF)[C@H]1[C@@H](c2cccc(/C=C\I)c2)C[C@@H]2CC[C@H]1N2,9.37
ZINC000169369865,O=C(OCCF)[C@@H]1[C@@H](c2cccc(/C=C\I)c2)C[C@@H]2CC[C@H]1N2,9.37
ZINC000261135908,O=C(OCCF)[C@@H]1[C@H]2CC[C@@H](C[C@H]1c1cccc(/C=C\I)c1)N2,9.37
ZINC000261135910,O=C(OCCF)[C@H]1[C@H]2CC[C@@H](C[C@H]1c1cccc(/C=C\I)c1)N2,9.37
ZINC000100310273,COC(=O)[C@@H]1[C@H](c2ccc(I)cc2)C[C@H]2CC[C@H]1N2C,9.36
ZINC000100742366,COC(=O)[C@H]1[C@H](c2ccc(I)cc2)C[C@H]2CC[C@H]1N2C,9.36
ZINC000100902934,COc1cccc2sc([C@@H]3C[C@@H]4CC[C@H](C3)N4C[C@H](O)COc3cccc4[nH]c(C)cc34)cc12,9.35
ZINC000100882857,CCC(=O)[C@H]1[C@@H](c2ccc3ccc(I)cc3c2)C[C@H]2CC[C@H]1N2C,9.33
ZINC000100882862,CCC(=O)[C@@H]1[C@@H](c2ccc3ccc(I)cc3c2)C[C@H]2CC[C@H]1N2C,9.33
ZINC000137010920,CCC(=O)[C@@H]1[C@H](c2ccc3ccc(I)cc3c2)C[C@H]2CC[C@H]1N2C,9.33
ZINC000253994992,CCC(=O)[C@H]1[C@H](c2ccc3ccc(I)cc3c2)C[C@H]2CC[C@H]1N2C,9.33
ZINC000002022582,COc1ccccc1OCCNCCCc1c[nH]c2ccc(F)cc12,9.32
ZINC000003794601,CN(C)CCC[C@]1(c2ccc(F)cc2)OCc2cc(C#N)ccc21,9.32
ZINC000003948258,CN(C)[C@@H]1CC[C@@H](c2c[nH]c3ccc(C#N)cc23)C1,9.32
ZINC000013975940,CN(C)[C@H]1CC[C@H](c2c[nH]c3ccc(C#N)cc23)C1,9.32
ZINC000036093127,CC(C)CN(Cc1cccc(C#N)c1)C1CCNCC1,9.32
ZINC000036093158,CC(C)CN(Cc1cccc(C(F)(F)F)c1Cl)C1CCNCC1,9.32
ZINC000013581125,Fc1cc(OCCNCCCc2c[nH]c3ccc(F)cc23)c2c(c1)OCCO2,9.31
ZINC000012356364,Oc1ccc2[nH]cc(CCCCN3CCN(c4ccc5c(c4)OCCO5)CC3)c2c1,9.3
ZINC000013582498,N#Cc1ccc2[nH]cc(CCCCN3CCN(c4ccc(O)cc4)CC3)c2c1,9.3
ZINC000013582501,COc1ccc(N2CCN(CCCCc3c[nH]c4ccc(C#N)cc34)CC2)cc1,9.3
ZINC000013674826,Clc1ccc2[nH]cc(CCCN3CCN(c4cccc5c4OCCO5)CC3)c2c1,9.3
ZINC000026493953,NC(=O)c1ccc2c(c1)CCO[C@@H]2CCN1CC=C(c2n[nH]c3cc(F)ccc23)CC1,9.3
ZINC000026493957,NC(=O)c1ccc2c(c1)CCO[C@H]2CCN1CC=C(c2n[nH]c3cc(F)ccc23)CC1,9.3
ZINC000028372461,Clc1ccc(C2=C[C@H]3CC[C@@H](C2)N3CCOc2cccc3[nH]ccc23)cc1Cl,9.3
ZINC000058592781,CC(C)(C)CC[C@]1(C(=O)c2cc(F)c3[nH]ccc3c2)CCNC1,9.3
ZINC000058592862,CCC[C@]1(C(=O)c2ccc(Cl)c(Cl)c2)CCCN1,9.3
ZINC000062225291,CC(C)(C)CC[C@@]1(C(=O)c2cc(F)c3[nH]ccc3c2)CCNC1,9.3
ZINC000072114433,Cc1ccn(C[C@@]23CNCC[C@]2(c2ccc(Cl)c(Cl)c2)C3)c1,9.3
ZINC000095587361,Fc1cc(Cl)cc(Cl)c1O[C@@H](c1ccccc1)[C@H]1CCNC1,9.3
ZINC000101019781,C1=C(c2ccc3ccccc3c2)C[C@H]2CC[C@H]1N2CCOc1cccc2cccnc12,9.3
ZINC000101038351,COC(=O)[C@@H]1[C@H](c2ccc(-c3cccc(F)c3)cc2)C[C@H]2CC[C@H]1N2C,9.3
ZINC000101985060,Cc1ccn(C[C@]23CNCC[C@]2(c2ccc(Cl)c(Cl)c2)C3)c1,9.3
ZINC000253639838,COC(=O)[C@H]1[C@H](c2ccc(-c3cccc(F)c3)cc2)C[C@H]2CC[C@H]1N2C,9.3
ZINC000253639841,COC(=O)[C@H]1[C@@H](c2ccc(-c3cccc(F)c3)cc2)C[C@H]2CC[C@H]1N2C,9.3
ZINC000253639843,COC(=O)[C@@H]1[C@@H](c2ccc(-c3cccc(F)c3)cc2)C[C@H]2CC[C@H]1N2C,9.3
ZINC000026495823,Cn1nc(C2=CCN(CC[C@@H]3OCCc4cc(C(N)=O)ccc43)CC2)c2ccc(F)cc21,9.27
ZINC000026495827,Cn1nc(C2=CCN(CC[C@H]3OCCc4cc(C(N)=O)ccc43)CC2)c2ccc(F)cc21,9.27
ZINC000101017410,O[C@H](COc1cccc2[nH]ccc12)CN1[C@H]2C=C(c3ccc4ccccc4c3)C[C@H]1CC2,9.27
ZINC000013587199,COc1cccc2sc([C@@H]3CCN(C[C@H](O)COc4cccc5[nH]c(C(N)=O)cc45)[C@@H](C)C3)cc12,9.25
ZINC000100854120,COC(=O)[C@@H]1[C@@H]2C[C@H]3CC[C@H]1N3C/C2=C\c1ccc(Cl)c(Cl)c1,9.25
ZINC000027984729,CCC(=O)[C@@H]1[C@@H](c2ccc(/C=C(\C)I)cc2)C[C@@H]2CC[C@H]1N2,9.24
ZINC000028132970,COC(=O)[C@H]1[C@@H](c2ccc(-c3ccsc3)cc2)C[C@@H]2CC[C@H]1N2C,9.24
ZINC000036093185,N#CCCCN(Cc1ccccc1C(F)(F)F)C1CCNCC1,9.24
ZINC000140476494,CCC(=O)[C@H]1[C@@H](c2ccc(/C=C(\C)I)cc2)C[C@@H]2CC[C@H]1N2,9.24
ZINC000261096586,CCC(=O)[C@@H]1[C@H]2CC[C@@H](C[C@H]1c1ccc(/C=C(\C)I)cc1)N2,9.24
ZINC000261096588,CCC(=O)[C@H]1[C@H]2CC[C@@H](C[C@H]1c1ccc(/C=C(\C)I)cc1)N2,9.24
ZINC000027079861,COC(=O)[C@H]1[C@@H](c2ccc(I)cc2)C[C@@H]2CC[C@H]1N2CCCN1C(=O)c2ccccc2C1=O,9.23
ZINC000013530866,O=[N+]([O-])c1ccc(O[C@H](c2ccccc2)C2CCNCC2)cc1,9.22
ZINC000013530869,O=[N+]([O-])c1ccc(O[C@@H](c2ccccc2)C2CCNCC2)cc1,9.22
ZINC000013582484,N#Cc1ccc2[nH]cc(CCCCN3CCN(c4ccc5c(c4)OCO5)CC3)c2c1,9.22
ZINC000013582530,N#Cc1ccc2[nH]cc(CCCCN3CCN(c4ccc(C(N)=O)cc4)CC3)c2c1,9.22
ZINC000013674821,Fc1cccc2c(CCCN3CCN(c4cccc5c4OCCO5)CC3)c[nH]c12,9.22
ZINC000013674847,O=C1COc2c(cccc2N2CCN(CCCc3c[nH]c4ccccc34)CC2)N1,9.22
ZINC000013826827,Cn1cc(C2=CCN(CCCN3c4cccc5cccc(c45)S3(=O)=O)CC2)c2ccccc21,9.22
ZINC000013826831,O=S1(=O)c2cccc3cccc(c23)N1CCN1CC=C(c2c[nH]c3ccccc23)CC1,9.22
ZINC000045290666,COC(=O)[C@H]1[C@@H](c2ccc(SC)c(Br)c2)C[C@@H]2CC[C@H]1N2C,9.22
ZINC000064550111,COc1ccc(COC(=O)C2(c3ccc(I)cc3)CCNCC2)cc1,9.22
ZINC000138399055,C=C(C)c1ccc([C@@H]2C[C@H]3CC[C@@H](N3)[C@@H]2C(=O)OC)cc1,9.22
ZINC000138399182,C=C(C)c1ccc([C@@H]2C[C@H]3CC[C@@H](N3)[C@H]2C(=O)OC)cc1,9.22
ZINC000013439771,CCC(=O)[C@H]1[C@@H](c2ccc(/C=C/I)cc2)C[C@@H]2CC[C@H]1N2,9.21
ZINC000013587191,Cc1cc2c(OC[C@@H](O)CN3CC[C@@H](c4cc5c(C)cccc5s4)C[C@@H]3C)cccc2[nH]1,9.21
ZINC000027902780,CCC(=O)[C@@H]1[C@@H](c2ccc(/C=C/I)cc2)C[C@@H]2CC[C@H]1N2,9.21
ZINC000100890157,COc1cccc2c1CCN([C@@H]1CC[C@@H](c3c[nH]c4ccc(C#N)cc34)CC1)C2,9.21
ZINC000253693704,CCC(=O)[C@H]1[C@H]2CC[C@@H](C[C@H]1c1ccc(/C=C/I)cc1)N2,9.21
ZINC000253693710,CCC(=O)[C@@H]1[C@H]2CC[C@@H](C[C@H]1c1ccc(/C=C/I)cc1)N2,9.21
ZINC000261093711,CN1[C@H]2CC[C@H]1[C@@H](C(=O)OCCOS(=O)(=O)c1ccccc1)[C@@H](c1ccc(I)cc1)C2,9.21
ZINC000261093712,CN1[C@H]2CC[C@H]1[C@H](C(=O)OCCOS(=O)(=O)c1ccccc1)[C@H](c1ccc(I)cc1)C2,9.21
ZINC000261093713,CN1[C@H]2CC[C@H]1[C@@H](C(=O)OCCOS(=O)(=O)c1ccccc1)[C@H](c1ccc(I)cc1)C2,9.21
ZINC000261093714,CN1[C@H]2CC[C@H]1[C@H](C(=O)OCCOS(=O)(=O)c1ccccc1)[C@@H](c1ccc(I)cc1)C2,9.21
ZINC000038418471,CN(C)[C@H]1CC[C@@H](c2c[nH]c3ccc(F)cc23)C1,9.2
ZINC000058581089,CCCC[C@]1(C(=O)c2cc(F)c3[nH]ccc3c2)CCNC1,9.2
ZINC000058591506,CC(C)(C)CC[C@]1(C(=O)c2ccc3[nH]ncc3c2)CCNC1,9.2
ZINC000062225283,CCCC[C@@]1(C(=O)c2cc(F)c3[nH]ccc3c2)CCNC1,9.2
ZINC000062225317,CC(C)(C)CC[C@@]1(C(=O)c2ccc3[nH]ncc3c2)CCNC1,9.2
ZINC000072118077,N#Cc1ccn(C[C@@]23CNCC[C@]2(c2ccc(Cl)c(Cl)c2)C3)c1,9.2
ZINC000095587325,COc1cc(Cl)ccc1O[C@H](c1ccccc1)[C@@H]1CCNC1,9.2
ZINC000095589976,N#Cc1cccc(O[C@H](c2ccccc2)[C@@H]2CCNC2)c1,9.2
ZINC000101991853,N#Cc1ccn(C[C@]23CNCC[C@]2(c2ccc(Cl)c(Cl)c2)C3)c1,9.2
ZINC000028384293,Clc1ccc(C2=C[C@H]3CC[C@@H](C2)N3CCCOc2cccc3[nH]ccc23)cc1Cl,9.19
ZINC000029480023,CN[C@@H]1C[C@@H](c2ccc(Cl)cc2)c2ccccc21,9.19
ZINC000029480026,CN[C@H]1C[C@@H](c2ccc(Cl)cc2)c2ccccc21,9.19
ZINC000029480029,CN[C@@H]1C[C@H](c2ccc(Cl)cc2)c2ccccc21,9.19
ZINC000029480032,CN[C@H]1C[C@H](c2ccc(Cl)cc2)c2ccccc21,9.19
ZINC000072104822,Cc1cccc(N2CCN(C[C@H](O)CNC(=O)c3nc(C)n(-c4ccccc4)c3C)CC2)c1C,9.19
ZINC000095585197,CN1[C@H]2CC[C@@H]1C[C@H](c1ccc(Cl)cc1)[C@H]2C(=O)OCCc1ccc(N=S)cc1,9.19
ZINC000101019840,C1=C(c2c[nH]c3ccccc23)C[C@H]2CC[C@H]1N2CCCOc1cccc2[nH]ccc12,9.19
ZINC000101031376,COC(=O)[C@@H]1[C@H](c2ccc(-c3ccc(Cl)s3)cc2)C[C@H]2CC[C@H]1N2C,9.19
ZINC000169295535,CN1[C@H]2CC[C@@H]1C[C@H](c1ccc(Cl)cc1)[C@@H]2C(=O)OCCc1ccc(N=S)cc1,9.19
ZINC000253685567,COC(=O)[C@H]1[C@@H](c2ccc(-c3ccc(Cl)s3)cc2)C[C@H]2CC[C@H]1N2C,9.19
ZINC000253685574,COC(=O)[C@H]1[C@H](c2ccc(-c3ccc(Cl)s3)cc2)C[C@H]2CC[C@H]1N2C,9.19
ZINC000253685581,COC(=O)[C@@H]1[C@@H](c2ccc(-c3ccc(Cl)s3)cc2)C[C@H]2CC[C@H]1N2C,9.19
ZINC000026666871,CSc1ccc([C@@H]2CN3CCC[C@H]3c3ccccc32)cc1,9.17
ZINC000027721738,COC(=O)[C@H]1[C@@H](c2ccc(I)cc2)C[C@@H]2CC[C@H]1N(C)C2,9.17
ZINC000027721744,COC(=O)[C@@H]1[C@@H](c2ccc(I)cc2)C[C@@H]2CC[C@H]1N(C)C2,9.17
ZINC000028713289,COC[C@@H]1CNCCN1c1ccc2cc([N+](=O)[O-])ccc2n1,9.17
ZINC000028713290,COC[C@H]1CNCCN1c1ccc2cc([N+](=O)[O-])ccc2n1,9.17
ZINC000013535701,C[C@H]1C[C@H](c2cc3c(Cl)cccc3s2)CCN1C[C@H](O)COc1cccc2[nH]ccc12,9.16
ZINC000100903493,COc1cccc2sc([C@H]3C[C@@H]4CC[C@H](C3)N4C[C@H](O)COc3cccc4[nH]c(C)cc34)cc12,9.16
ZINC000169316814,CCc1ccc([C@@H]2C[C@H]3CC[C@@H](N3)[C@@H]2C(=O)OC)cc1I,9.16
ZINC000253638804,CCc1ccc([C@@H]2C[C@H]3CC[C@@H](N3)[C@H]2C(=O)OC)cc1I,9.16
ZINC000001546681,N#Cc1ccc2[nH]cc(CCCCN3CCN(c4ccc5oc(=O)ccc5c4)CC3)c2c1,9.15
ZINC000013560900,CCN(CC)[C@H]1C[C@H](c2ccc(Cl)c(Cl)c2)c2ccc(O)cc21,9.15
ZINC000013588086,CNCC[C@@H](Oc1cccc2ccccc12)c1ccco1,9.15
ZINC000013588087,CNCC[C@H](Oc1cccc2ccccc12)c1ccco1,9.15
ZINC000013674861,C[C@@H]1Oc2c(cccc2N2CCN(CCCc3c[nH]c4ccc(F)cc34)CC2)NC1=O,9.15
ZINC000026579737,CCN(CC)[C@@H]1C[C@@H](c2ccc(Cl)c(Cl)c2)c2ccc(O)cc21,9.15
ZINC000026579738,CCN(CC)[C@H]1C[C@@H](c2ccc(Cl)c(Cl)c2)c2ccc(O)cc21,9.15
ZINC000026579739,CCN(CC)[C@@H]1C[C@H](c2ccc(Cl)c(Cl)c2)c2ccc(O)cc21,9.15
ZINC000036093176,CC(C)(C#N)CCN(Cc1ccc(F)cc1C(F)(F)F)C1CCNCC1,9.15
ZINC000040939694,O=c1c(-c2ccccc2F)c2ccccn2c(=O)n1CCCCN1CCC(c2c[nH]c3ccccc23)CC1,9.15
ZINC000045303270,COC(=O)[C@H]1[C@@H](c2ccc(SC)cc2)C[C@@H]2CC[C@H]1N2C,9.15
ZINC000299858849,c1ccc(C(c2ccccc2)[C@@H]2CC[C@H](NCc3ccc4occc4c3)CO2)cc1,9.15
ZINC000000000859,CN[C@@H](C)Cc1ccc2c(c1)OCO2,9.14
ZINC000000403053,CN[C@H](C)Cc1ccc2c(c1)OCO2,9.14
ZINC000028818083,CCNCCCOc1ccc2c(c1)CN(C)C[C@@H]2c1ccc(OC)cc1,9.14
ZINC000028818085,CCNCCCOc1ccc2c(c1)CN(C)C[C@H]2c1ccc(OC)cc1,9.14
ZINC000028827055,CN(C)CC[C@@H](Oc1ccccc1)c1ccc(OCCCN2CCCCC2)cc1,9.14
ZINC000028827056,CN(C)CC[C@H](Oc1ccccc1)c1ccc(OCCCN2CCCCC2)cc1,9.14
ZINC000100741772,CCc1ccc([C@H]2C[C@H]3CC[C@@H](N3)[C@@H]2C(=O)OC)cc1,9.13
ZINC000100949829,CCc1ccc([C@H]2C[C@H]3CC[C@@H](N3)[C@H]2C(=O)OC)cc1,9.13
ZINC000029482958,CN[C@@H]1C[C@@H](c2ccc(Cl)c(Cl)c2)c2ccc(F)cc21,9.12
ZINC000029482961,CN[C@H]1C[C@@H](c2ccc(Cl)c(Cl)c2)c2ccc(F)cc21,9.12
ZINC000029482964,CN[C@@H]1C[C@H](c2ccc(Cl)c(Cl)c2)c2ccc(F)cc21,9.12
ZINC000029482967,CN[C@H]1C[C@H](c2ccc(Cl)c(Cl)c2)c2ccc(F)cc21,9.12
ZINC000045388125,COc1cccc2c(CCN3CC=C(c4c[nH]c5cc(F)ccc45)CC3)coc12,9.12
ZINC000072104844,Cc1cccc(N2CCN(C[C@H](O)CNC(=O)c3nc(C)n(-c4ccccc4F)c3C)CC2)c1C,9.12
ZINC000000595147,C[C@H]1C[C@H](c2c[nH]c3cc(F)ccc23)CCN1CC[C@H]1OCCc2cc(C(N)=O)ccc21,9.11
ZINC000026494573,C[C@H]1C[C@@H](c2c[nH]c3cc(F)ccc23)CCN1CC[C@@H]1OCCc2cc(C(N)=O)ccc21,9.11
ZINC000026494577,C[C@H]1C[C@H](c2c[nH]c3cc(F)ccc23)CCN1CC[C@@H]1OCCc2cc(C(N)=O)ccc21,9.11
ZINC000036237955,C[C@H]1C[C@@H](c2c[nH]c3cc(F)ccc23)CCN1CC[C@H]1OCCc2cc(C(N)=O)ccc21,9.11
ZINC000013582522,N#Cc1ccc2[nH]cc(CCCCN3CCN(c4ccc(O)c(C#N)c4)CC3)c2c1,9.1
ZINC000013826833,O=S1(=O)c2cccc3cccc(c23)N1CCCCN1CC=C(c2c[nH]c3ccccc23)CC1,9.1
ZINC000022926761,Fc1cc(F)cc(COC[C@H](c2ccccc2)N2CCNCC2)c1,9.1
ZINC000022926765,Fc1cc(F)cc(COC[C@@H](c2ccccc2)N2CCNCC2)c1,9.1
ZINC000027330886,O=C1c2ccccc2C(=O)N1CCCCCCCN1CC=C(c2c[nH]c3ccc(F)cc23)CC1,9.1
ZINC000027331801,O=C1c2cccc(F)c2C(=O)N1CCCCCN1CC=C(c2c[nH]c3ccccc23)CC1,9.1
ZINC000036093171,CCCN(Cc1ccc(F)cc1C(F)(F)F)C1CCNCC1,9.1
ZINC000072114346,Cc1ccnn1C[C@@]12CNCC[C@]1(c1ccc(Cl)c(Cl)c1)C2,9.1
ZINC000095587791,Clc1cc(Cl)cc(O[C@H](c2ccccc2)[C@@H]2CCNC2)c1,9.1
ZINC000095592777,Clc1cccc(O[C@H](c2ccccc2)[C@@H]2CCNC2)c1Cl,9.1
ZINC000100862081,COC(=O)[C@@H]1[C@H](c2ccc(-c3cccc([N+](=O)[O-])c3)cc2)C[C@H]2CC[C@H]1N2C,9.1
ZINC000100890136,COc1ccc2c(c1)CN([C@@H]1CC[C@@H](c3c[nH]c4ccc(C#N)cc34)CC1)CC2,9.1
ZINC000101433118,Cc1ccnn1C[C@]12CNCC[C@]1(c1ccc(Cl)c(Cl)c1)C2,9.1
ZINC000137738351,COC(=O)[C@H]1[C@@H](c2ccc(-c3cccc([N+](=O)[O-])c3)cc2)C[C@H]2CC[C@H]1N2C,9.1
ZINC000253701611,COC(=O)[C@@H]1[C@@H](c2ccc(-c3cccc([N+](=O)[O-])c3)cc2)C[C@H]2CC[C@H]1N2C,9.1
ZINC000253701616,COC(=O)[C@H]1[C@H](c2ccc(-c3cccc([N+](=O)[O-])c3)cc2)C[C@H]2CC[C@H]1N2C,9.1
ZINC000033980674,C=C(C)c1ccc([C@H]2C[C@H]3CC[C@@H]([C@H]2C(=O)CC)N3C)cc1,9.09
ZINC000036270938,C=C(C)c1ccc([C@H]2C[C@H]3CC[C@@H]([C@@H]2C(=O)CC)N3C)cc1,9.09
ZINC000040393481,CNCCC[C@H](c1ccc(Cl)c(Cl)c1)c1cccc2[nH]ccc12,9.09
ZINC000169328397,C=C(C)c1ccc([C@@H]2C[C@H]3CC[C@@H]([C@@H]2C(=O)CC)N3C)cc1,9.09
ZINC000253636196,C=C(C)c1ccc([C@@H]2C[C@H]3CC[C@@H]([C@H]2C(=O)CC)N3C)cc1,9.09
ZINC000253638028,COC(=O)CN1[C@H]2CC[C@H]1[C@@H](C(=O)OC)[C@@H](c1ccc(I)cc1)C2,9.09
ZINC000253638030,COC(=O)CN1[C@H]2CC[C@H]1[C@@H](C(=O)OC)[C@H](c1ccc(I)cc1)C2,9.09
ZINC000253638031,COC(=O)CN1[C@H]2CC[C@H]1[C@H](C(=O)OC)[C@H](c1ccc(I)cc1)C2,9.09
ZINC000253638033,COC(=O)CN1[C@H]2CC[C@H]1[C@H](C(=O)OC)[C@@H](c1ccc(I)cc1)C2,9.09
ZINC000261167419,C=C1CN2[C@H]3CC[C@H]2[C@H]1[C@@H](c1ccc(Cl)cc1)C3,9.09
ZINC000261167420,C=C1CN2[C@H]3CC[C@H]2[C@H]1[C@H](c1ccc(Cl)cc1)C3,9.09
ZINC000100880214,COC(=O)[C@H]1[C@@H](c2ccc(I)cc2)C[C@H]2CC[C@H]1N2CCN1C(=O)c2ccccc2C1=O,9.08
ZINC000100880216,COC(=O)[C@@H]1[C@@H](c2ccc(I)cc2)C[C@H]2CC[C@H]1N2CCN1C(=O)c2ccccc2C1=O,9.08
ZINC000253637717,COC(=O)[C@@H]1[C@H](c2ccc(I)cc2)C[C@H]2CC[C@H]1N2CCN1C(=O)c2ccccc2C1=O,9.08
ZINC000253637723,COC(=O)[C@H]1[C@H](c2ccc(I)cc2)C[C@H]2CC[C@H]1N2CCN1C(=O)c2ccccc2C1=O,9.08
ZINC000100921488,C=Cc1ccc([C@H]2C[C@H]3CC[C@H]([C@@H]2C(=O)OC)N3C)cc1,9.07
ZINC000100921491,C=Cc1ccc([C@H]2C[C@H]3CC[C@H]([C@H]2C(=O)OC)N3C)cc1,9.07
ZINC000150543570,CN1[C@H]2CC[C@H]1[C@@H](C(=O)OCc1cn(CCCCCCOC(=O)[C@@H]3[C@@H](c4ccc(Cl)cc4)C[C@@H]4CC[C@H]3N4C)nn1)[C@@H](c1ccc(Cl)cc1)C2,9.07
ZINC000034013836,Cc1ccc2c3c(ccc2n1)OC[C@H](CN1CCN(c2ccc4cc(Cl)ccc4n2)CC1)O3,9.06
ZINC000000025763,Fc1ccc(O[C@@H](c2ccc(F)cc2)C2CCNCC2)cc1,9.05
ZINC000013530933,Fc1ccc(O[C@H](c2ccc(F)cc2)C2CCNCC2)cc1,9.05
ZINC000013530936,COc1ccc(O[C@H](c2ccc(F)cc2)C2CCNCC2)cc1,9.05
ZINC000013530939,COc1ccc(O[C@@H](c2ccc(F)cc2)C2CCNCC2)cc1,9.05
ZINC000013582494,O=c1ccc2cc(N3CCN(CCCCc4c[nH]c5ccc(F)cc45)CC3)ccc2o1,9.05
ZINC000013582536,N#Cc1ccc2[nH]cc(CCCCN3CCN(c4ccc5c(c4)CCCO5)CC3)c2c1,9.05
ZINC000040951862,CN(C)Cc1ccccc1Sc1ccc(Cl)cc1NC(=O)c1ccc(F)cc1,9.05
ZINC000002527449,Brc1ccc2nc(N3CCNCC3)ccc2c1,9.04
ZINC000003928678,Cc1cc2c(OC[C@@H](O)CN3CC[C@@H](c4cc5c(F)cccc5s4)C[C@@H]3C)cccc2[nH]1,9.04
ZINC000005912553,CN(C)CCC[C@@]1(c2ccc(F)cc2)OCc2cc(Br)ccc21,9.04
ZINC000029481781,CN[C@@H]1C[C@@H](c2ccc(Cl)cc2Cl)c2ccccc21,9.04
ZINC000029481784,CN[C@H]1C[C@@H](c2ccc(Cl)cc2Cl)c2ccccc21,9.04
ZINC000029481786,CN[C@@H]1C[C@H](c2ccc(Cl)cc2Cl)c2ccccc21,9.04
ZINC000029481789,CN[C@H]1C[C@H](c2ccc(Cl)cc2Cl)c2ccccc21,9.04
ZINC000013586310,COC(=O)[C@H]1[C@@H](c2ccc(Br)cc2)C[C@@H]2CC[C@H]1N2C,9.02
ZINC000013588058,CNCC[C@@H](Oc1cccc2ccccc12)c1ccc(F)cc1,9.02
ZINC000013588059,CNCC[C@H](Oc1cccc2ccccc12)c1ccc(F)cc1,9.02
ZINC000028383086,COC(=O)[C@H]1[C@@H](c2ccc(Br)cc2)C[C@@H]2CC[C@H]1N2,9.02
ZINC000028383091,COC(=O)[C@@H]1[C@@H](c2ccc(Br)cc2)C[C@@H]2CC[C@H]1N2,9.02
ZINC000036093157,CC(C)CN(Cc1ccc(Cl)cc1Cl)C1CCNCC1,9.02
ZINC000100728600,COC(=O)[C@@H]1[C@H](c2ccc(Br)cc2)C[C@H]2CC[C@H]1N2C,9.02
ZINC000100801566,COC(=O)[C@@H]1[C@@H](c2ccc(Cl)c(C)c2)C[C@H]2CC[C@H]1N2C,9.02
ZINC000100801569,COC(=O)[C@H]1[C@@H](c2ccc(Cl)c(C)c2)C[C@H]2CC[C@H]1N2C,9.02
ZINC000101025861,COC(=O)[C@H]1[C@H](c2ccc(Br)cc2)C[C@H]2CC[C@H]1N2C,9.02
ZINC000261132754,COC(=O)[C@@H]1[C@H]2CC[C@@H](C[C@H]1c1ccc(Br)cc1)N2,9.02
ZINC000261132757,COC(=O)[C@H]1[C@H]2CC[C@@H](C[C@H]1c1ccc(Br)cc1)N2,9.02
ZINC000000595148,Cn1cc(C2=CCN(CC[C@H]3OCCc4cc(C(N)=O)ccc43)CC2)c2ccc(F)cc21,9.01
ZINC000003976853,Cn1cc(C2=CCN(CC[C@@H]3OCCc4cc(C(N)=O)ccc43)CC2)c2ccc(F)cc21,9.01
ZINC000013472749,CNCc1ccccc1Sc1ccc(I)cc1CO,9.01
ZINC000000025765,Fc1cccc(O[C@@H](c2ccccc2)C2CCNCC2)c1,9.0
ZINC000000598934,FC(F)(F)c1cc(COCC2(c3ccccc3)CCNCC2)cc(C(F)(F)F)c1,9.0
ZINC000003941518,COC(=O)[C@H]1[C@@H](c2ccc(Cl)c(C)c2)C[C@@H]2CC[C@H]1N2C,9.0
ZINC000013530851,Fc1cccc(O[C@H](c2ccccc2)C2CCNCC2)c1,9.0
ZINC000013530854,N#Cc1cccc(O[C@H](c2ccccc2)C2CCNCC2)c1,9.0
ZINC000013530857,N#Cc1cccc(O[C@@H](c2ccccc2)C2CCNCC2)c1,9.0
ZINC000013535666,C[C@@H]1C[C@@H](c2cc3cc(F)ccc3s2)CCN1C[C@H](O)COc1cccc2[nH]ccc12,9.0
ZINC000013582462,Fc1ccc2[nH]cc(CCCCN3CCN(c4ccc5c(c4)OCCO5)CC3)c2c1,9.0
ZINC000013582466,O=Cc1ccc2[nH]cc(CCCCN3CCN(c4ccc5c(c4)OCCO5)CC3)c2c1,9.0
ZINC000013582481,Fc1ccc2[nH]cc(CCCCN3CCN(c4ccc5c(c4)OCO5)CC3)c2c1,9.0
ZINC000013582488,N#Cc1ccc2[nH]cc(CCCCN3CCN(c4ccc5oc(C#N)cc5c4)CC3)c2c1,9.0
ZINC000013582496,N#Cc1ccc2[nH]cc(CCCCN3CCN(c4ccccc4)CC3)c2c1,9.0
ZINC000013582505,N#Cc1ccc2[nH]cc(CCCCN3CCN(c4ccc(F)cc4)CC3)c2c1,9.0
ZINC000013582538,N#Cc1ccc2[nH]cc(CCCCN3CCN(c4ccc5c(c4)CCO5)CC3)c2c1,9.0
ZINC000026490195,NC(=O)c1ccc2c(c1)CCO[C@@H]2CCN1CC=C(c2csc3cc(F)ccc23)CC1,9.0
ZINC000026490199,NC(=O)c1ccc2c(c1)CCO[C@H]2CCN1CC=C(c2csc3cc(F)ccc23)CC1,9.0
ZINC000026498155,NC(=O)c1ccc2c(c1)CCO[C@@H]2CCN1CC=C(c2c[nH]c3cc(C(F)(F)F)ccc23)CC1,9.0
ZINC000026498159,NC(=O)c1ccc2c(c1)CCO[C@H]2CCN1CC=C(c2c[nH]c3cc(C(F)(F)F)ccc23)CC1,9.0
ZINC000027325057,Cc1cccc2c1C(=O)N(CCCCCN1CC=C(c3c[nH]c4ccc(F)cc34)CC1)C2=O,9.0
ZINC000027331869,Cc1cccc2c1C(=O)N(CCCCCN1CC=C(c3c[nH]c4ccccc34)CC1)C2=O,9.0
ZINC000028571474,CN[C@H]1CC[C@@H](c2ccc(Cl)c(Cl)c2)c2ccc(CO)cc21,9.0
ZINC000028571499,CN[C@H]1CC[C@@H](c2ccc(Cl)c(Cl)c2)c2ccc(S(N)(=O)=O)cc21,9.0
ZINC000028818066,COc1ccc([C@@H]2CN(C)Cc3cc(OCCCN4CCC4)ccc32)cc1,9.0
ZINC000028818068,COc1ccc([C@H]2CN(C)Cc3cc(OCCCN4CCC4)ccc32)cc1,9.0
ZINC000028819414,CN(C)[C@H]1CC=C(c2c[nH]c3ccc([N+](=O)[O-])cc23)CC1,9.0
ZINC000028819416,CN(C)[C@@H]1CC=C(c2c[nH]c3ccc([N+](=O)[O-])cc23)CC1,9.0
ZINC000034018241,CSc1ccc(Oc2ccccc2CN(C)C)cc1,9.0
ZINC000035941147,CCC(=O)N(Cc1ccc2ccccc2c1)C1CCNCC1,9.0
ZINC000042887532,c1ccc(C[C@]2(c3ccc4[nH]ncc4c3)CCNC2)cc1,9.0
ZINC000042887535,c1ccc(C[C@@]2(c3ccc4[nH]ncc4c3)CCNC2)cc1,9.0
ZINC000043154435,NC[C@H]1Cc2ccccc2[C@H](c2ccc(Cl)c(Cl)c2)C1,9.0
ZINC000043154436,NCC[C@@H]1Cc2ccccc2[C@H](c2ccc(Cl)c(Cl)c2)C1,9.0
ZINC000045257969,O=C1Cc2c(ccc3c2OC[C@H](CNC[C@H]2CCc4[nH]c5ccc(F)cc5c4C2)O3)N1,9.0
ZINC000045257974,O=C1Cc2c(ccc3c2OC[C@H](CNC[C@@H]2CCc4[nH]c5ccc(F)cc5c4C2)O3)N1,9.0
ZINC000058580982,Cc1ccc(C(=O)[C@@]2(CCC(C)(C)C)CCNC2)cc1Cl,9.0
ZINC000058591502,CC(C)(C)CC[C@@]1(C(=O)c2cc3ccccc3s2)CCNC1,9.0
ZINC000058591790,CC(C)(C)CC[C@]1(C(=O)c2ccc(N)c(Cl)c2)CCNC1,9.0
ZINC000058592042,CC(C)(C)CC[C@]1(C(=O)c2ccc(Cl)c(Cl)c2)CCNC1,9.0
ZINC000059106256,C[C@H](N(C)C)C1(c2ccc3ccccc3c2)CCCCC1,9.0
ZINC000059106257,C[C@@H](N(C)C)C1(c2ccc3ccccc3c2)CCCCC1,9.0
ZINC000062225294,Cc1ccc(C(=O)[C@]2(CCC(C)(C)C)CCNC2)cc1Cl,9.0
ZINC000062225299,CC(C)(C)CC[C@@]1(C(=O)c2ccc(Cl)c(Cl)c2)CCNC1,9.0
ZINC000062225311,CC(C)(C)CC[C@@]1(C(=O)c2ccc(N)c(Cl)c2)CCNC1,9.0
ZINC000062225321,CC(C)(C)CC[C@]1(C(=O)c2cc3ccccc3s2)CCNC1,9.0
ZINC000064560041,CN1CCC(C(=O)OCc2ccc([N+](=O)[O-])cc2)(c2ccc(Cl)c(Cl)c2)CC1,9.0
ZINC000066098310,CN(C)CC1(c2cccc3ccccc23)CCCCC1,9.0
ZINC000095586620,Fc1ccc(F)c(O[C@H](c2ccccc2)[C@@H]2CCNC2)c1Cl,9.0
ZINC000095589058,Cc1cc(Cl)ccc1O[C@@H](c1ccccc1)[C@H]1CCNC1,9.0
ZINC000096924129,CN1CC(OCc2ccc(Cl)c(Cl)c2)(c2ccccc2)C1,9.0
ZINC000100890125,COc1cccc2c1CN([C@@H]1CC[C@@H](c3c[nH]c4ccc(C#N)cc34)CC1)CC2,9.0
ZINC000150524116,COc1ccc([C@H]2C[C@H]3CC[C@H]([C@H]2C(=O)OCCc2cc(I)c(N)c(I)c2)N3C)cc1,9.0
ZINC000013587196,Cc1cc2c(OC[C@@H](O)CN3CC[C@@H](c4cc5cc(Cl)ccc5s4)C[C@@H]3C)cccc2[nH]1,8.99
ZINC000005912566,CN(C)CCC[C@]1(c2ccc(F)cc2)OCc2cc(Br)ccc21,8.98
ZINC000027551143,CCOC(=O)[C@H]1[C@@H](c2ccc(-c3cccn3C)cc2)C[C@@H]2CC[C@H]1N2,8.98
ZINC000027551146,CCOC(=O)[C@@H]1[C@@H](c2ccc(-c3cccn3C)cc2)C[C@@H]2CC[C@H]1N2,8.98
ZINC000100803194,COC(=O)[C@@H]1[C@H](c2ccc3ccccc3c2)C[C@H]2CC[C@H]1N2C,8.98
ZINC000100861293,COC(=O)[C@H]1[C@H](c2ccc3ccccc3c2)C[C@H]2CC[C@H]1N2C,8.98
ZINC000100921402,C/C=C\c1ccc([C@H]2C[C@H]3CC[C@H]([C@@H]2C(=O)OC)N3C)cc1,8.98
ZINC000100921403,C/C=C\c1ccc([C@H]2C[C@H]3CC[C@H]([C@H]2C(=O)OC)N3C)cc1,8.98
ZINC000101000933,Fc1ccc2[nH]cc([C@@H]3CC[C@H](NCCOc4cccc5c4OCCO5)CC3)c2c1,8.98
ZINC000253644133,CCOC(=O)[C@@H]1[C@H]2CC[C@@H](C[C@H]1c1ccc(-c3cccn3C)cc1)N2,8.98
ZINC000253644134,CCOC(=O)[C@H]1[C@H]2CC[C@@H](C[C@H]1c1ccc(-c3cccn3C)cc1)N2,8.98
ZINC000013439761,CCC(=O)[C@H]1[C@@H](c2ccc(I)c(Cl)c2)C[C@@H]2CC[C@H]1N2,8.97
ZINC000027984050,CCC(=O)[C@@H]1[C@@H](c2ccc(I)c(Cl)c2)C[C@@H]2CC[C@H]1N2,8.97
ZINC000100741936,CC(=O)[C@H]1[C@@H](c2ccc3ccccc3c2)C[C@H]2CC[C@H]1N2C,8.97
ZINC000100741938,CC(=O)[C@@H]1[C@@H](c2ccc3ccccc3c2)C[C@H]2CC[C@H]1N2C,8.97
ZINC000136269896,CC(=O)[C@@H]1[C@H](c2ccc3ccccc3c2)C[C@H]2CC[C@H]1N2C,8.97
ZINC000253636495,CC(=O)[C@H]1[C@H](c2ccc3ccccc3c2)C[C@H]2CC[C@H]1N2C,8.97
ZINC000253637428,CCC(=O)[C@H]1[C@H]2CC[C@@H](C[C@H]1c1ccc(I)c(Cl)c1)N2,8.97
ZINC000253637430,CCC(=O)[C@@H]1[C@H]2CC[C@@H](C[C@H]1c1ccc(I)c(Cl)c1)N2,8.97
ZINC000013535707,C[C@H]1C[C@H](c2cc3ccc(Cl)cc3s2)CCN1C[C@H](O)COc1cccc2[nH]ccc12,8.96
ZINC000013581100,Fc1ccc2[nH]cc(CCCNCCOc3cccc4ncccc34)c2c1,8.96
ZINC000013582547,N#Cc1ccc2[nH]cc(CCCCN3CCN(c4ccc5cc(C(N)=O)oc5c4)CC3)c2c1,8.96
ZINC000013584863,CC(C)NC(=O)CSC[C@H]1CN(C)CC[C@@H]1c1ccc(Cl)cc1,8.96
ZINC000013588084,CNCC[C@@H](Oc1cccc2ccccc12)c1ccsc1,8.96
ZINC000013588085,CNCC[C@H](Oc1cccc2ccccc12)c1ccsc1,8.96
ZINC000013674836,c1cc2c(c(N3CCN(CCCc4c[nH]c5ccccc45)CC3)c1)CCCO2,8.96
ZINC000013674838,c1cc2c(c(N3CCN(CCCc4c[nH]c5ccccc45)CC3)c1)CCCN2,8.96
ZINC000013677472,CC(C)NC(=O)CSC[C@@H]1CN(C)CC[C@H]1c1ccc(Cl)cc1,8.96
ZINC000013677493,CC(C)NC(=O)CSC[C@H]1CN(C)CC[C@H]1c1ccc(Cl)cc1,8.96
ZINC000013677519,CC(C)NC(=O)CSC[C@@H]1CN(C)CC[C@@H]1c1ccc(Cl)cc1,8.96
ZINC000013806931,CO[C@]1(C)c2cccc3c2-c2c1ccc1c2[C@@H](C3)N(C)CC1,8.96
ZINC000013806934,CO[C@@]1(C)c2cccc3c2-c2c1ccc1c2[C@@H](C3)N(C)CC1,8.96
ZINC000013826843,O=S1(=O)c2cccc3cccc(c23)N1CCN1CC=C(Cc2c[nH]c3ccc(F)cc23)CC1,8.96
ZINC000029484619,CN(C)[C@@H]1C[C@@H](c2ccc(Cl)c(Cl)c2)c2ccc(F)cc21,8.96
ZINC000029484622,CN(C)[C@H]1C[C@@H](c2ccc(Cl)c(Cl)c2)c2ccc(F)cc21,8.96
ZINC000029484625,CN(C)[C@@H]1C[C@H](c2ccc(Cl)c(Cl)c2)c2ccc(F)cc21,8.96
ZINC000029484628,CN(C)[C@H]1C[C@H](c2ccc(Cl)c(Cl)c2)c2ccc(F)cc21,8.96
ZINC000036093148,COCCCN(Cc1ccc(F)cc1C(F)(F)F)C1CCNCC1,8.96
ZINC000036093168,CSc1ccccc1CN(CC(C)C)C1CCNCC1,8.96
ZINC000038277146,COc1ccc(F)cc1CCC[C@H]1CC[C@H](CCN)O1,8.96
ZINC000038438384,CN(C)C[C@H]1CCC[C@H]1c1c[nH]c2ccc(C#N)cc12,8.96
ZINC000040836184,COc1ccc(F)cc1CCC[C@@H]1CC[C@H](CCN)O1,8.96
ZINC000040836186,COc1ccc(F)cc1CCC[C@@H]1CC[C@@H](CCN)O1,8.96
ZINC000040836188,COc1ccc(F)cc1CCC[C@H]1CC[C@@H](CCN)O1,8.96
ZINC000096307643,Cc1ccc2c3c(ccc2n1)OC[C@H](CN1CCCN(c2ccc4cc(C#N)ccc4n2)CC1)O3,8.96
ZINC000101181692,N#Cc1ccc2[nH]cc([C@@H]3CC[C@@H](N4CCN(c5cccc6nccnc56)CC4)CC3)c2c1,8.96
ZINC000101034405,COC(=O)[C@@H]1[C@H](c2ccc(-c3ccco3)cc2)C[C@H]2CC[C@H]1N2C,8.95
ZINC000253638281,COC(=O)[C@H]1[C@@H](c2ccc(-c3ccco3)cc2)C[C@H]2CC[C@H]1N2C,8.95
ZINC000253638284,COC(=O)[C@H]1[C@H](c2ccc(-c3ccco3)cc2)C[C@H]2CC[C@H]1N2C,8.95
ZINC000253638285,COC(=O)[C@@H]1[C@@H](c2ccc(-c3ccco3)cc2)C[C@H]2CC[C@H]1N2C,8.95
ZINC000013493590,COC(=O)[C@H]1[C@@H](c2ccc(/C=C/I)cc2)C[C@@H]2CC[C@H]1N2,8.94
ZINC000013535691,C[C@H]1C[C@H](c2cc3c(F)cccc3s2)CCN1C[C@H](O)COc1cccc2[nH]ccc12,8.94
ZINC000027329806,C/C=C\c1ccc([C@H]2C[C@H]3CC[C@@H]([C@H]2C(=O)OC)N3C)cc1,8.94
ZINC000100911914,CCC(=O)[C@H]1[C@@H](c2ccc(I)c(Cl)c2)C[C@H]2CC[C@H]1N2C,8.94
ZINC000100911917,CCC(=O)[C@@H]1[C@@H](c2ccc(I)c(Cl)c2)C[C@H]2CC[C@H]1N2C,8.94
ZINC000169319428,C/C=C\c1ccc([C@@H]2C[C@H]3CC[C@@H](N3)[C@@H]2C(=O)OC)cc1,8.94
ZINC000169319430,C/C=C\c1ccc([C@H]2C[C@H]3CC[C@@H](N3)[C@@H]2C(=O)OC)cc1,8.94
ZINC000202976250,C/C=C\c1ccc([C@H]2C[C@H]3CC[C@@H](N3)[C@H]2C(=O)OC)cc1,8.94
ZINC000253638461,CCC(=O)[C@@H]1[C@H](c2ccc(I)c(Cl)c2)C[C@H]2CC[C@H]1N2C,8.94
ZINC000253638463,CCC(=O)[C@H]1[C@H](c2ccc(I)c(Cl)c2)C[C@H]2CC[C@H]1N2C,8.94
ZINC000253644080,C/C=C\c1ccc([C@@H]2C[C@H]3CC[C@@H](N3)[C@H]2C(=O)OC)cc1,8.94
ZINC000013581117,Fc1cc2c(c(OCCNCCCc3c[nH]c4ccc(F)cc34)c1)OCC2,8.93
ZINC000000597802,O=S1(=O)N(CCN2CCC(Cc3c[nH]c4ccc(F)cc34)CC2)c2cccc3c2N1CCC3,8.92
ZINC000003975393,CN1CC[C@@H](c2ccc(Cl)cc2)[C@H](C(=O)NCCCCCNC(=O)[C@@H]2CN(C)CC[C@H]2c2ccc(Cl)cc2)C1,8.92
ZINC000013581102,Fc1ccc2[nH]cc(CCCNCCOc3cccc4nccnc34)c2c1,8.92
ZINC000027549273,CN(C)C[C@@H](c1ccc2ccccc2c1)[C@@H](O)C(C)(C)C,8.92
ZINC000028821564,Fc1ccc2[nH]cc(CCCN[C@@H]3COc4c(ccc5ncccc45)C3)c2c1,8.92
ZINC000028821565,Fc1ccc2[nH]cc(CCCN[C@H]3COc4c(ccc5ncccc45)C3)c2c1,8.92
ZINC000029481325,CN(C)[C@@H]1C[C@@H](c2ccc(F)cc2)c2ccc(F)cc21,8.92
ZINC000029481328,CN(C)[C@H]1C[C@@H](c2ccc(F)cc2)c2ccc(F)cc21,8.92
ZINC000029481331,CN(C)[C@@H]1C[C@H](c2ccc(F)cc2)c2ccc(F)cc21,8.92
ZINC000029481334,CN(C)[C@H]1C[C@H](c2ccc(F)cc2)c2ccc(F)cc21,8.92
ZINC000036093181,CC(C)CN(Cc1ccccc1C#N)C1CCNCC1,8.92
ZINC000038438382,CN(C)C[C@@H]1CCC[C@@H]1c1c[nH]c2ccc(C#N)cc12,8.92
ZINC000045336907,COc1ccc2c(CCN3CC=C(c4c[nH]c5cc(F)ccc45)CC3)coc2c1,8.92
ZINC000100921438,COC(=O)[C@@H]1[C@@H](c2ccc(C#CCc3ccccc3)cc2)C[C@H]2CC[C@H]1N2C,8.92
ZINC000100921441,COC(=O)[C@H]1[C@@H](c2ccc(C#CCc3ccccc3)cc2)C[C@H]2CC[C@H]1N2C,8.92
ZINC000101019767,C1=C(c2c[nH]c3ccccc23)C[C@H]2CC[C@H]1N2CCOc1cccc2[nH]ccc12,8.92
ZINC000101124042,COC(=O)[C@@H]1[C@@H]2C[C@H]3CC[C@H]1N3C/C2=C\c1ccc(-c2cc(F)cc(F)c2)cc1,8.92
ZINC000101124044,COC(=O)[C@H]1[C@@H]2C[C@H]3CC[C@H]1N3C/C2=C\c1ccc(-c2cc(F)cc(F)c2)cc1,8.92
ZINC000005997305,COC(=O)[C@H]1[C@@H](c2ccc(Cl)c(Cl)c2)C[C@@H]2CC[C@H]1N2,8.91
ZINC000013587200,COc1cccc2sc([C@H]3CCN(C[C@H](O)COc4cccc5[nH]c(C(N)=O)cc45)[C@H](C)C3)cc12,8.91
ZINC000026262733,COC(=O)[C@H]1[C@@H](c2cccc(I)c2)C[C@@H]2CC[C@H]1N2,8.91
ZINC000026262744,COC(=O)[C@@H]1[C@@H](c2cccc(I)c2)C[C@@H]2CC[C@H]1N2,8.91
ZINC000027985807,COC(=O)[C@@H]1[C@@H](c2ccc(Cl)c(Cl)c2)C[C@@H]2CC[C@H]1N2,8.91
ZINC000034004755,COC(=O)[C@@H]1[C@H]2CC[C@@H](C[C@H]1c1ccc(Cl)c(Cl)c1)N2,8.91
ZINC000204285413,COC(=O)[C@H]1[C@H]2CC[C@@H](C[C@H]1c1ccc(Cl)c(Cl)c1)N2,8.91
ZINC000261102323,COC(=O)[C@@H]1[C@H]2CC[C@@H](C[C@H]1c1cccc(I)c1)N2,8.91
ZINC000261102324,COC(=O)[C@H]1[C@H]2CC[C@@H](C[C@H]1c1cccc(I)c1)N2,8.91
ZINC000013472756,CNCc1ccccc1Sc1ccc(I)cc1N,8.9
ZINC000043194158,c1ccc(C[C@H]2CNCCN2c2ccc3[nH]ncc3c2)cc1,8.9
ZINC000053313324,c1ccc(C[C@@H]2CNCCN2c2ccc3[nH]ncc3c2)cc1,8.9
ZINC000058583805,CC(C)OC[C@]1(C(=O)c2ccc(N)c(Cl)c2)CCCN1,8.9
ZINC000062225343,CC(C)OC[C@@]1(C(=O)c2ccc(N)c(Cl)c2)CCCN1,8.9
ZINC000072113035,Clc1ccc([C@]23CCNC[C@@]2(Cn2ccc4ccccc42)C3)cc1Cl,8.9
ZINC000095588860,COc1cc(Cl)ccc1O[C@@H](c1ccccc1)[C@H]1CCNC1,8.9
ZINC000095591395,Clc1ccc(O[C@H](c2ccccc2)[C@@H]2CCNC2)cc1,8.9
ZINC000101281295,CCSc1ccc([C@H]2C[C@H]3CC[C@@H](N3)[C@H]2C(=O)OC)cc1,8.9
ZINC000101965149,Clc1ccc([C@]23CCNC[C@]2(Cn2ccc4ccccc42)C3)cc1Cl,8.9
ZINC000001893305,N#Cc1ccc(N2CCN(CCCCc3c[nH]c4ccc(C#N)cc34)CC2)cc1,8.89
ZINC000013560898,CCN(CC)[C@H]1C[C@@H](c2ccc(Cl)c(Cl)c2)c2ccc(OC)cc21,8.89
ZINC000013560899,CCN(CC)[C@@H]1C[C@@H](c2ccc(Cl)c(Cl)c2)c2ccc(OC)cc21,8.89
ZINC000013587186,Cc1cc2c(OC[C@@H](O)CN3CC[C@@H](c4cc5cccc(F)c5s4)C[C@@H]3C)cccc2[nH]1,8.89
ZINC000013587192,Cc1ccc2cc([C@@H]3CCN(C[C@H](O)COc4cccc5[nH]c(C)cc45)[C@@H](C)C3)sc2c1,8.89
ZINC000026579028,CCN(CC)[C@@H]1C[C@H](c2ccc(Cl)c(Cl)c2)c2ccc(OC)cc21,8.89
ZINC000026579029,CCN(CC)[C@H]1C[C@H](c2ccc(Cl)c(Cl)c2)c2ccc(OC)cc21,8.89
ZINC000027407234,O=C1c2ccc(F)cc2C(=O)N1CCCCCN1CC=C(c2c[nH]c3ccc(F)cc23)CC1,8.89
ZINC000027407826,Cc1cccc2c(C3=CCN(CCCCCN4C(=O)c5ccccc5C4=O)CC3)c[nH]c12,8.89
ZINC000028007989,C/C=C/c1ccc([C@H]2C[C@H]3CC[C@@H]([C@H]2C(=O)OC)N3C)cc1,8.89
ZINC000028818111,COc1ccc([C@@H]2CN(C)Cc3cc(OCCCN4CCN(C(C)C)CC4)ccc32)cc1,8.89
ZINC000028818113,COc1ccc([C@H]2CN(C)Cc3cc(OCCCN4CCN(C(C)C)CC4)ccc32)cc1,8.89
ZINC000028821527,C[C@H]1CN(c2cccc3cc(F)ccc23)CCN1CC[C@@H]1OCC2=CC(C(N)=O)=CC[C@H]21,8.89
ZINC000028821529,C[C@H]1CN(c2cccc3cc(C#N)ccc23)CCN1CC[C@H]1OCC2=CC(C(N)=O)=CC[C@H]21,8.89
ZINC000028821544,Fc1ccc2[nH]cc(CCCN[C@@H]3COc4ccc5ncccc5c4C3)c2c1,8.89
ZINC000028821545,Fc1ccc2[nH]cc(CCCN[C@H]3COc4ccc5ncccc5c4C3)c2c1,8.89
ZINC000028886006,Oc1cccc([C@@H]2CN3CCC[C@@H]3c3cc(OCCCN4CCCCC4)ccc32)c1,8.89
ZINC000028886013,Oc1cccc([C@H]2CN3CCC[C@@H]3c3cc(OCCCN4CCCCC4)ccc32)c1,8.89
ZINC000028892863,CSc1ccc(O[C@@H](CCN(C)C)c2ccc(OCCCN3CCCCC3)cc2)cc1,8.89
ZINC000028892869,CSc1ccc(O[C@H](CCN(C)C)c2ccc(OCCCN3CCCCC3)cc2)cc1,8.89
ZINC000028892911,CN(C)CC[C@@H](Oc1ccc(F)cc1)c1ccc(OCCCN2CCCCC2)cc1,8.89
ZINC000028892915,CN(C)CC[C@H](Oc1ccc(F)cc1)c1ccc(OCCCN2CCCCC2)cc1,8.89
ZINC000029482129,CN(C)[C@@H]1C[C@@H](c2ccc(F)c(F)c2)c2ccccc21,8.89
ZINC000029482132,CN(C)[C@H]1C[C@@H](c2ccc(F)c(F)c2)c2ccccc21,8.89
ZINC000029482135,CN(C)[C@@H]1C[C@H](c2ccc(F)c(F)c2)c2ccccc21,8.89
ZINC000029482138,CN(C)[C@H]1C[C@H](c2ccc(F)c(F)c2)c2ccccc21,8.89
ZINC000036093178,CCCCN(Cc1ccc(F)cc1C(F)(F)F)C1CCNCC1,8.89
ZINC000058685730,C[C@H]1CN(c2cccc3cc(C#N)ccc23)CCN1CC[C@H]1OCC2=CC(C(N)=O)=CC[C@@H]21,8.89
ZINC000058692870,Oc1cccc([C@@H]2CN3CCC[C@H]3c3cc(OCCCN4CCCCC4)ccc32)c1,8.89
ZINC000096924135,CN1CC(OCc2ccc(Cl)c(Cl)c2)(c2ccc(Cl)c(Cl)c2)C1,8.89
ZINC000100761637,COC(=O)[C@H]1[C@@H](c2ccc(I)cc2)C[C@H]2CC[C@H]1N2CC1CC1,8.89
ZINC000100761639,COC(=O)[C@@H]1[C@@H](c2ccc(I)cc2)C[C@H]2CC[C@H]1N2CC1CC1,8.89
ZINC000101181594,N#Cc1ccc2[nH]cc([C@@H]3CC[C@@H](N4CCN(c5cccc6cccnc56)CC4)CC3)c2c1,8.89
ZINC000141618967,Oc1cccc([C@H]2CN3CCC[C@H]3c3cc(OCCCN4CCCCC4)ccc32)c1,8.89
ZINC000169355587,C[C@H]1CN(c2cccc3cc(F)ccc23)CCN1CC[C@@H]1OCC2=CC(C(N)=O)=CC[C@@H]21,8.89
ZINC000169372577,C/C=C/c1ccc([C@@H]2C[C@H]3CC[C@@H](N3)[C@@H]2C(=O)OC)cc1,8.89
ZINC000169372578,C/C=C/c1ccc([C@H]2C[C@H]3CC[C@@H](N3)[C@@H]2C(=O)OC)cc1,8.89
ZINC000202978171,C/C=C/c1ccc([C@H]2C[C@H]3CC[C@@H](N3)[C@H]2C(=O)OC)cc1,8.89
ZINC000253639514,COC(=O)[C@H]1[C@H](c2ccc(I)cc2)C[C@H]2CC[C@H]1N2CC1CC1,8.89
ZINC000253639518,COC(=O)[C@@H]1[C@H](c2ccc(I)cc2)C[C@H]2CC[C@H]1N2CC1CC1,8.89
ZINC000253685482,C/C=C/c1ccc([C@@H]2C[C@H]3CC[C@@H](N3)[C@H]2C(=O)OC)cc1,8.89
ZINC000045372242,C1=C(c2c[nH]c3ccccc23)CCN(CCc2coc3ccccc23)C1,8.88
ZINC000013581094,COc1ccc(F)cc1OCCNCCCc1c[nH]c2ccc(F)cc12,8.87
ZINC000100761671,COC(=O)[C@@H]1[C@H](c2ccc(C=C(Br)Br)cc2)C[C@H]2CC[C@H]1N2C,8.87
ZINC000253636074,COC(=O)[C@H]1[C@@H](c2ccc(C=C(Br)Br)cc2)C[C@H]2CC[C@H]1N2C,8.87
ZINC000253636077,COC(=O)[C@H]1[C@H](c2ccc(C=C(Br)Br)cc2)C[C@H]2CC[C@H]1N2C,8.87
ZINC000253636079,COC(=O)[C@@H]1[C@@H](c2ccc(C=C(Br)Br)cc2)C[C@H]2CC[C@H]1N2C,8.87
ZINC000029551073,COc1ccc2c(c1)CCN(CCCc1c[nH]c3ccc(F)cc13)C2,8.86
ZINC000100801932,COC(=O)[C@@H]1[C@H](c2ccc(-c3cccc(O)c3)cc2)C[C@H]2CC[C@H]1N2C,8.86
ZINC000136800899,COC(=O)[C@H]1[C@@H](c2ccc(-c3cccc(O)c3)cc2)C[C@H]2CC[C@H]1N2C,8.86
ZINC000253634655,COC(=O)[C@@H]1[C@@H](c2ccc(-c3cccc(O)c3)cc2)C[C@H]2CC[C@H]1N2C,8.86
ZINC000253634657,COC(=O)[C@H]1[C@H](c2ccc(-c3cccc(O)c3)cc2)C[C@H]2CC[C@H]1N2C,8.86
ZINC000001849595,CNCC[C@H](Oc1ccccc1OC)c1ccccc1,8.85
ZINC000001849597,CNCC[C@@H](Oc1ccccc1OC)c1ccccc1,8.85
ZINC000013530983,Fc1cc(F)cc(O[C@H](c2ccccc2)C2CCNCC2)c1,8.85
ZINC000013530986,Fc1cc(F)cc(O[C@@H](c2ccccc2)C2CCNCC2)c1,8.85
ZINC000013674824,Clc1cccc2[nH]cc(CCCN3CCN(c4cccc5c4OCCO5)CC3)c12,8.85
ZINC000013674855,C[C@@H]1Oc2c(N3CCN(CCCc4c[nH]c5ccccc45)CC3)cccc2N(C)C1=O,8.85
ZINC000013674857,C[C@H]1Oc2c(N3CCN(CCCc4c[nH]c5ccccc45)CC3)cccc2N(C)C1=O,8.85
ZINC000013826821,O=S1(=O)c2cccc3cccc(c23)N1CCCN1CC=C(c2c[nH]c3ccc(Cl)cc23)CC1,8.85
ZINC000013826837,O=S1(=O)c2cccc3cccc(c23)N1CCN1CCC(CCc2c[nH]c3ccc(F)cc23)CC1,8.85
ZINC000028818041,COc1ccc([C@@H]2CN(C)Cc3cc(OCCCN4CCC(O)CC4)ccc32)cc1,8.85
ZINC000028818043,COc1ccc([C@H]2CN(C)Cc3cc(OCCCN4CCC(O)CC4)ccc32)cc1,8.85
ZINC000036093156,COc1ccc(F)cc1CN(CC(C)C)C1CCNCC1,8.85
ZINC000053173516,CC(C)CN(Cc1ccccc1C(F)(F)F)C1CCNCC1,8.85
ZINC000058581842,CN(C)CCC[C@]1(c2ccc(F)cc2)OCc2cc(I)ccc21,8.85
ZINC000062224832,CN(C)CCC[C@@]1(c2ccc(F)cc2)OCc2cc(I)ccc21,8.85
ZINC000064448960,CN(C)[C@@H]1CC[C@H](c2c[nH]c3c(Cl)cccc23)C1,8.85
ZINC000064448961,CN(C)[C@H]1CC[C@H](c2c[nH]c3c(Cl)cccc23)C1,8.85
ZINC000064448963,CN(C)[C@@H]1CC[C@@H](c2c[nH]c3c(Cl)cccc23)C1,8.85
ZINC000064448964,CN(C)[C@H]1CC[C@@H](c2c[nH]c3c(Cl)cccc23)C1,8.85
ZINC000100984924,COc1cccc2c1O[C@@H](CN1[C@H]3C=C(c4ccc5ccccc5c4)C[C@H]1CC3)CO2,8.85
ZINC000013523229,COC(=O)[C@H]1[C@@H](c2ccc(Cl)c(Cl)c2)C[C@@H]2CC[C@H]1N2C,8.84
ZINC000100921409,CC#Cc1ccc([C@H]2C[C@H]3CC[C@H]([C@@H]2C(=O)OC)N3C)cc1,8.84
ZINC000100921410,CC#Cc1ccc([C@H]2C[C@H]3CC[C@H]([C@H]2C(=O)OC)N3C)cc1,8.84
ZINC000013472754,CNCc1ccccc1Sc1ccc(Br)cc1N,8.83
ZINC000006117464,Clc1ccc([C@H]2CN3CCC[C@H]3c3ccccc32)cc1,8.82
ZINC000013530860,Clc1cccc(O[C@H](c2ccccc2)C2CCNCC2)c1,8.82
ZINC000013530863,Clc1cccc(O[C@@H](c2ccccc2)C2CCNCC2)c1,8.82
ZINC000013582542,N#Cc1ccc2[nH]cc(CCCCN3CCN(c4cccc5nsnc45)CC3)c2c1,8.82
ZINC000013674845,O=C1CCc2c(cccc2N2CCN(CCCc3c[nH]c4ccccc34)CC2)N1,8.82
ZINC000013674859,c1cc2c(c(N3CCN(CCCc4c[nH]c5ccccc45)CC3)c1)OCCN2,8.82
ZINC000026668931,Clc1ccc([C@@H]2CN3CCC[C@@H]3c3ccccc32)cc1,8.82
ZINC000028009863,Clc1ccc([C@@H]2CN3CCC[C@H]3c3ccccc32)cc1,8.82
ZINC000028818107,CCN1CCN(CCCOc2ccc3c(c2)CN(C)C[C@@H]3c2ccc(OC)cc2)CC1,8.82
ZINC000028818109,CCN1CCN(CCCOc2ccc3c(c2)CN(C)C[C@H]3c2ccc(OC)cc2)CC1,8.82
ZINC000028821570,Fc1ccc2[nH]cc(CCCCN[C@@H]3COc4c(ccc5ncccc45)C3)c2c1,8.82
ZINC000028821571,Fc1ccc2[nH]cc(CCCCN[C@H]3COc4c(ccc5ncccc45)C3)c2c1,8.82
ZINC000028892876,Cc1ccc(O[C@H](CCN(C)C)c2ccc(OCCCN3CCCCC3)cc2)cc1,8.82
ZINC000028892883,Cc1ccc(O[C@@H](CCN(C)C)c2ccc(OCCCN3CCCCC3)cc2)cc1,8.82
ZINC000036093132,CCCCN(Cc1ccccc1C(F)(F)F)C1CCNCC1,8.82
ZINC000036093144,Cc1ccccc1CN(CC(C)C)C1CCNCC1,8.82
ZINC000036248204,NC(=O)c1ccc(F)c2c1C[C@@H](N(CCCc1c[nH]c3ccc(F)cc13)C1CCC1)CO2,8.82
ZINC000053151252,FC(F)(F)c1ccccc1CN(CC1CC1)C1CCNCC1,8.82
ZINC000095591502,CN1CCC(COCc2cc(C3CC3)cc(C3CC3)n2)(c2ccc(F)cc2)CC1,8.82
ZINC000101341670,O=C1CCc2ccc(CC3[C@H]4CC[C@H]3CN(C[C@@H]3COc5c(ccc6c5CC(=O)N6)O3)C4)cc2N1,8.82
ZINC000253739986,O=C(OC[C@H]1[C@H]2C[C@H]3CC[C@H]1N3C/C2=C\c1cccs1)c1ccccc1,8.82
ZINC000253739993,O=C(OC[C@@H]1[C@H]2C[C@H]3CC[C@H]1N3C/C2=C\c1cccs1)c1ccccc1,8.82
ZINC000028566205,COC(=O)[C@H]1[C@@H](c2ccc(-c3cncc(OC)c3)cc2)C[C@@H]2CC[C@H]1N2,8.81
ZINC000028566207,COC(=O)[C@@H]1[C@@H](c2ccc(-c3cncc(OC)c3)cc2)C[C@@H]2CC[C@H]1N2,8.81
ZINC000029556842,N#Cc1ccc2[nH]cc(C3=CC[C@@H](NCCc4ccccc4)CC3)c2c1,8.81
ZINC000029556845,N#Cc1ccc2[nH]cc(C3=CC[C@H](NCCc4ccccc4)CC3)c2c1,8.81
ZINC000253638173,COC(=O)[C@@H]1[C@H]2CC[C@@H](C[C@H]1c1ccc(-c3cncc(OC)c3)cc1)N2,8.81
ZINC000253638176,COC(=O)[C@H]1[C@H]2CC[C@@H](C[C@H]1c1ccc(-c3cncc(OC)c3)cc1)N2,8.81
ZINC000013674819,Fc1ccc2c(CCCN3CCN(c4cccc5c4OCCO5)CC3)c[nH]c2c1,8.8
ZINC000013826856,Fc1ccc2[nH]cc(CC3CCNCC3)c2c1,8.8
ZINC000026497342,NC(=O)c1ccc2c(c1)CCO[C@@H]2CCN1CC=C(c2c[nH]c3ccc(F)cc23)CC1,8.8
ZINC000026497345,NC(=O)c1ccc2c(c1)CCO[C@H]2CCN1CC=C(c2c[nH]c3ccc(F)cc23)CC1,8.8
ZINC000028818031,COc1ccc([C@H]2CN(C)Cc3cc(OCCCN4CCC(F)CC4)ccc32)cc1,8.8
ZINC000029483315,COc1ccc2c(c1)[C@H](N(C)C)C[C@@H]2c1ccc(Cl)c(Cl)c1,8.8
ZINC000029483318,COc1ccc2c(c1)[C@H](N(C)C)C[C@H]2c1ccc(Cl)c(Cl)c1,8.8
ZINC000029483321,COc1ccc2c(c1)[C@@H](N(C)C)C[C@@H]2c1ccc(Cl)c(Cl)c1,8.8
ZINC000029483324,COc1ccc2c(c1)[C@@H](N(C)C)C[C@H]2c1ccc(Cl)c(Cl)c1,8.8
ZINC000029483938,CCN[C@@H]1C[C@H](c2ccc(Cl)c(Cl)c2)c2ccccc21,8.8
ZINC000029483941,CCN[C@H]1C[C@H](c2ccc(Cl)c(Cl)c2)c2ccccc21,8.8
ZINC000034051848,Cc1ccc(Sc2ccccc2N2CCNCC2)c(C)c1,8.8
ZINC000034148527,CCN(C)[C@@H]1CC[C@H](c2c[nH]c3ccc(C#N)cc23)C1,8.8
ZINC000034148531,CCN(C)[C@H]1CC[C@H](c2c[nH]c3ccc(C#N)cc23)C1,8.8
ZINC000036093167,CC(C)CN(Cc1ccccc1Cl)C1CCNCC1,8.8
ZINC000038881685,CN(C)[C@@H]1CC[C@H](c2c[nH]c3c(Br)cccc23)C1,8.8
ZINC000038881687,CN(C)[C@H]1CC[C@H](c2c[nH]c3c(Br)cccc23)C1,8.8
ZINC000038881689,CN(C)[C@@H]1CC[C@@H](c2c[nH]c3c(Br)cccc23)C1,8.8
ZINC000038881691,CN(C)[C@H]1CC[C@@H](c2c[nH]c3c(Br)cccc23)C1,8.8
ZINC000058575524,CCC[C@]1(C(=O)c2cc(F)c3[nH]ccc3c2)CCNC1,8.8
ZINC000062225277,CCC[C@@]1(C(=O)c2cc(F)c3[nH]ccc3c2)CCNC1,8.8
ZINC000095586009,Clc1cc(Cl)c(Cl)c(O[C@H](c2ccccc2)[C@@H]2CCNC2)c1,8.8
ZINC000095586808,CN1CCC(COCc2cc(C#N)cc(C3CC3)n2)(c2ccc(F)cc2)CC1,8.8
ZINC000095589926,COc1cc([N+](=O)[O-])ccc1O[C@@H](c1ccccc1)[C@H]1CCNC1,8.8
ZINC000100779432,C#Cc1ccc([C@H]2C[C@H]3CC[C@@H](N3)[C@H]2C(=O)OC)cc1,8.8
ZINC000100779436,C#Cc1ccc([C@H]2C[C@H]3CC[C@@H](N3)[C@@H]2C(=O)OC)cc1,8.8
ZINC000101182488,N#Cc1ccc2[nH]cc([C@@H]3CC[C@@H](N4CCN(c5cccc6[nH]ccc56)CC4)CC3)c2c1,8.8
ZINC000136930460,CC(=O)OC[C@H]1[C@H]2C[C@H]3CC[C@H]1N3C/C2=C\c1ccc(Cl)c(Cl)c1,8.8
ZINC000169363339,CCN(C)[C@@H]1CC[C@@H](c2c[nH]c3ccc(C#N)cc23)C1,8.8
ZINC000169363340,CCN(C)[C@H]1CC[C@@H](c2c[nH]c3ccc(C#N)cc23)C1,8.8
ZINC000169368223,C#Cc1ccc([C@@H]2C[C@H]3CC[C@@H](N3)[C@@H]2C(=O)OC)cc1,8.8
ZINC000253697491,CC(=O)OC[C@@H]1[C@H]2C[C@H]3CC[C@H]1N3C/C2=C\c1ccc(Cl)c(Cl)c1,8.8
ZINC000299823311,Clc1ccccc1CN(CC1CNC1)c1ccccc1,8.8
ZINC000013439737,C=CCc1cc(N2CCNCC2)nc2ccc([N+](=O)[O-])cc12,8.78
ZINC000013581113,Fc1ccc2[nH]cc(CCCNCCOc3cccc4c3OCC4)c2c1,8.78
ZINC000101062082,COC(=O)[C@@H]1[C@H](c2ccc(-c3nccs3)cc2)C[C@H]2CC[C@H]1N2C,8.78
ZINC000167981871,COC(=O)[C@H]1[C@@H](c2ccc(-c3nccs3)cc2)C[C@H]2CC[C@H]1N2C,8.78
ZINC000253681638,CN1[C@H]2CC[C@H]1[C@@H](C(=O)OCCOS(=O)(=O)c1ccccc1)[C@@H](c1ccc(Br)cc1)C2,8.78
ZINC000253681644,CN1[C@H]2CC[C@H]1[C@H](C(=O)OCCOS(=O)(=O)c1ccccc1)[C@H](c1ccc(Br)cc1)C2,8.78
ZINC000253681649,CN1[C@H]2CC[C@H]1[C@@H](C(=O)OCCOS(=O)(=O)c1ccccc1)[C@H](c1ccc(Br)cc1)C2,8.78
ZINC000253681653,CN1[C@H]2CC[C@H]1[C@H](C(=O)OCCOS(=O)(=O)c1ccccc1)[C@@H](c1ccc(Br)cc1)C2,8.78
ZINC000253770374,CN1[C@H]2CC[C@H]1[C@@H](C(=O)OCCF)[C@@H](c1ccc(I)cc1)C2,8.78
ZINC000253770378,CN1[C@H]2CC[C@H]1[C@@H](C(=O)OCCF)[C@H](c1ccc(I)cc1)C2,8.78
ZINC000253770380,CN1[C@H]2CC[C@H]1[C@H](C(=O)OCCF)[C@@H](c1ccc(I)cc1)C2,8.78
ZINC000253770384,CN1[C@H]2CC[C@H]1[C@H](C(=O)OCCF)[C@H](c1ccc(I)cc1)C2,8.78
ZINC000253825360,CN1[C@H]2CC[C@H]1[C@H](C(=O)OCCCF)[C@H](c1ccc(I)cc1)C2,8.78
ZINC000253825364,CN1[C@H]2CC[C@H]1[C@@H](C(=O)OCCCF)[C@H](c1ccc(I)cc1)C2,8.78
ZINC000253825368,CN1[C@H]2CC[C@H]1[C@H](C(=O)OCCCF)[C@@H](c1ccc(I)cc1)C2,8.78
ZINC000253825372,CN1[C@H]2CC[C@H]1[C@@H](C(=O)OCCCF)[C@@H](c1ccc(I)cc1)C2,8.78
ZINC000261187063,COC(=O)[C@@H]1[C@@H](c2ccc(-c3nccs3)cc2)C[C@H]2CC[C@H]1N2C,8.78
ZINC000261187064,COC(=O)[C@H]1[C@H](c2ccc(-c3nccs3)cc2)C[C@H]2CC[C@H]1N2C,8.78
ZINC000000597801,O=C1c2cccc3cccc(c23)N1CCN1CCC(Cc2c[nH]c3ccc(F)cc23)CC1,8.77
ZINC000002527450,Clc1ccc2nc(N3CCNCC3)ccc2c1,8.77
ZINC000022930669,COc1cc2c(cc1OC)C1=NO[C@H](CN3CCN(Cc4ccc5ccccc5c4)CC3)[C@H]1CO2,8.77
ZINC000022930672,COc1cc2c(cc1OC)C1=NO[C@H](CN3CCN(Cc4ccc5ccccc5c4)CC3)[C@@H]1CO2,8.77
ZINC000022930675,COc1cc2c(cc1OC)C1=NO[C@@H](CN3CCN(Cc4ccc5ccccc5c4)CC3)[C@H]1CO2,8.77
ZINC000028005911,COc1ccc([C@@H]2CN3CCC[C@H]3c3ccccc32)cc1,8.77
ZINC000028005912,COc1ccc([C@H]2CN3CCC[C@H]3c3ccccc32)cc1,8.77
ZINC000028892931,CN(C)CC[C@@H](Oc1cccc(Cl)c1)c1ccc(OCCCN2CCCCC2)cc1,8.77
ZINC000028892937,CN(C)CC[C@H](Oc1cccc(Cl)c1)c1ccc(OCCCN2CCCCC2)cc1,8.77
ZINC000029129912,CN(C)Cc1ccccc1Oc1ccc(Cl)cc1,8.77
ZINC000029236600,COc1ccc([C@@H]2CN3CCC[C@@H]3c3ccccc32)cc1,8.77
ZINC000034640044,CN1Cc2ccccc2[C@H](c2ccc3sccc3c2)C1,8.77
ZINC000034640045,CN1Cc2ccccc2[C@@H](c2ccc3sccc3c2)C1,8.77
ZINC000038418468,CN(C)[C@@H]1CC[C@H](c2c[nH]c3ccc(F)cc23)C1,8.77
ZINC000038418469,CN(C)[C@H]1CC[C@H](c2c[nH]c3ccc(F)cc23)C1,8.77
ZINC000038418470,CN(C)[C@@H]1CC[C@@H](c2c[nH]c3ccc(F)cc23)C1,8.77
ZINC000040379022,CNCC[C@H](c1ccc(Cl)c(Cl)c1)c1cccc2[nH]ccc12,8.77
ZINC000049109797,CS(=O)(=O)Nc1cccc(OCCN2C[C@H]3CC[C@@H](C2)C3Cc2ccc3c(c2)NC(=O)CC3)c1,8.77
ZINC000064573281,COc1ccc(COC(=O)C2(c3ccc(Cl)c(Cl)c3)CCN(C)CC2)cc1,8.77
ZINC000095587572,FC(F)(F)c1cc(Cl)cc(COCC2(c3ccccc3)CCNCC2)c1,8.77
ZINC000100761574,COC(=O)[C@@H]1[C@H](c2ccc(I)cc2)C[C@H]2CC[C@H]1N2CC(OC)OC,8.77
ZINC000101221509,CCOc1ccc([C@H]2C[C@H]3CC[C@H]([C@H]2C(=O)OC)N3C)cc1,8.77
ZINC000194967590,COC(=O)[C@H]1[C@@H](c2ccc(I)cc2)C[C@H]2CC[C@H]1N2CC(OC)OC,8.77
ZINC000253637095,COC(=O)[C@H]1[C@H](c2ccc(I)cc2)C[C@H]2CC[C@H]1N2CC(OC)OC,8.77
ZINC000253637096,COC(=O)[C@@H]1[C@@H](c2ccc(I)cc2)C[C@H]2CC[C@H]1N2CC(OC)OC,8.77
ZINC000013439733,O=[N+]([O-])c1ccc2nc(N3CCNCC3)cc(I)c2c1,8.76
ZINC000027551416,CCOC(=O)[C@H]1[C@@H](c2ccc3c(ccn3C)c2)C[C@@H]2CC[C@H]1N2,8.76
ZINC000027551420,CCOC(=O)[C@@H]1[C@@H](c2ccc3c(ccn3C)c2)C[C@@H]2CC[C@H]1N2,8.76
ZINC000027886571,O=CN1CCN(c2cc(Br)c3cc([N+](=O)[O-])ccc3n2)CC1,8.76
ZINC000036271169,CCCCCCCCCC(=O)O[C@@H](CCN1CCN(CCOC(c2ccc(F)cc2)c2ccc(F)cc2)CC1)c1ccccc1,8.76
ZINC000036271170,CCCCCCCCCC(=O)O[C@H](CCN1CCN(CCOC(c2ccc(F)cc2)c2ccc(F)cc2)CC1)c1ccccc1,8.76
ZINC000101001039,Fc1ccc2[nH]cc([C@@H]3CC[C@H](NCCOc4cccc5[nH]ccc45)CC3)c2c1,8.76
ZINC000253637047,CCOC(=O)[C@@H]1[C@H]2CC[C@@H](C[C@H]1c1ccc3c(ccn3C)c1)N2,8.76
ZINC000253637049,CCOC(=O)[C@H]1[C@H]2CC[C@@H](C[C@H]1c1ccc3c(ccn3C)c1)N2,8.76
ZINC000013439735,C=Cc1cc(N2CCNCC2)nc2ccc([N+](=O)[O-])cc12,8.74
ZINC000028005913,Clc1ccc([C@@H]2CN3CCC[C@H]3c3ccccc32)cc1Cl,8.74
ZINC000028005914,Clc1ccc([C@H]2CN3CCC[C@H]3c3ccccc32)cc1Cl,8.74
ZINC000029234531,Clc1ccc([C@@H]2CN3CCC[C@@H]3c3ccccc32)cc1Cl,8.74
ZINC000045260203,FC(F)(F)c1ccc(C2=C[C@H]3CC[C@@H](C2)N3)cc1,8.74
ZINC000253698747,COC(=O)[C@H]1[C@H]2C[C@H]3CC[C@H]1N3C/C2=C\c1ccc(I)c(Cl)c1,8.74
ZINC000253698752,COC(=O)[C@@H]1[C@H]2C[C@H]3CC[C@H]1N3C/C2=C\c1ccc(I)c(Cl)c1,8.74
ZINC000100911932,CCC(=O)[C@H]1[C@@H](c2ccc(I)cc2)C[C@H]2CC[C@H]1N2C,8.73
ZINC000100911937,CCC(=O)[C@@H]1[C@@H](c2ccc(I)cc2)C[C@H]2CC[C@H]1N2C,8.73
ZINC000139653942,CCC(=O)[C@H]1[C@H](c2ccc(I)cc2)C[C@H]2CC[C@H]1N2C,8.73
ZINC000253688029,CCC(=O)[C@@H]1[C@H](c2ccc(I)cc2)C[C@H]2CC[C@H]1N2C,8.73
ZINC000013530972,COc1cc(F)cc(O[C@H](c2ccccc2)C2CCNCC2)c1,8.72
ZINC000013530974,COc1cc(F)cc(O[C@@H](c2ccccc2)C2CCNCC2)c1,8.72
ZINC000029339890,O=[N+]([O-])c1ccc2nc(N3CCCNCC3)ccc2c1,8.72
ZINC000036093143,CC(C)CN(Cc1ccc(F)cc1)C1CCNCC1,8.72
ZINC000095607271,NC(=O)c1ccc2c(c1)CCO[C@@H]2CCN1CC=C(c2ccc(F)c3ccoc23)CC1,8.72
ZINC000095607272,NC(=O)c1ccc2c(c1)CCO[C@H]2CCN1CC=C(c2ccc(F)c3ccoc23)CC1,8.72
ZINC000100801654,COC(=O)[C@@H]1[C@H](c2ccc(-c3cccc(OC)c3)cc2)C[C@H]2CC[C@H]1N2C,8.72
ZINC000137679356,COC(=O)[C@H]1[C@@H](c2ccc(-c3cccc(OC)c3)cc2)C[C@H]2CC[C@H]1N2C,8.72
ZINC000253635393,COC(=O)[C@H]1[C@H](c2ccc(-c3cccc(OC)c3)cc2)C[C@H]2CC[C@H]1N2C,8.72
ZINC000253635399,COC(=O)[C@@H]1[C@@H](c2ccc(-c3cccc(OC)c3)cc2)C[C@H]2CC[C@H]1N2C,8.72
ZINC000253640367,CN1[C@H]2CC[C@H]1[C@@H]1COC(=O)CCCCCCCCC(=O)Nc3ccc(cc3)[C@H]1C2,8.72
ZINC000253640370,CN1[C@H]2CC[C@H]1[C@H]1COC(=O)CCCCCCCCC(=O)Nc3ccc(cc3)[C@H]1C2,8.72
ZINC000253640371,CN1[C@H]2CC[C@H]1[C@@H]1COC(=O)CCCCCCCCC(=O)Nc3ccc(cc3)[C@@H]1C2,8.72
ZINC000253640373,CN1[C@H]2CC[C@H]1[C@H]1COC(=O)CCCCCCCCC(=O)Nc3ccc(cc3)[C@@H]1C2,8.72
ZINC000013535683,Cc1cc(C)c2cc([C@@H]3CCN(C[C@H](O)COc4cccc5[nH]ccc45)[C@@H](C)C3)sc2c1,8.71
ZINC000029545694,COc1cccc2c1CCN(CCCc1c[nH]c3ccc(F)cc13)C2,8.71
ZINC000045357843,COc1cccc2c([C@@H](C)CN3CC=C(c4c[nH]c5cc(F)ccc45)CC3)coc12,8.71
ZINC000045357845,COc1cccc2c([C@H](C)CN3CC=C(c4c[nH]c5cc(F)ccc45)CC3)coc12,8.71
ZINC000100883041,CCC(=O)[C@H]1[C@@H](c2ccc3cc(C(C)C)ccc3c2)C[C@H]2CC[C@H]1N2C,8.71
ZINC000100883046,CCC(=O)[C@@H]1[C@@H](c2ccc3cc(C(C)C)ccc3c2)C[C@H]2CC[C@H]1N2C,8.71
ZINC000136902357,CCC(=O)[C@@H]1[C@H](c2ccc3cc(C(C)C)ccc3c2)C[C@H]2CC[C@H]1N2C,8.71
ZINC000261146803,CCC(=O)[C@H]1[C@H](c2ccc3cc(C(C)C)ccc3c2)C[C@H]2CC[C@H]1N2C,8.71
ZINC000000587489,O=S1(=O)c2cccc3cccc(c23)N1CCCN1CCC(Cc2c[nH]c3ccc(F)cc23)CC1,8.7
ZINC000003975668,CC(C)(Cc1ccc2ccccc2c1)NC[C@@H](O)COc1cccc(Cl)c1C#N,8.7
ZINC000003993653,CN[C@H]1CC[C@@H](c2ccc(Cl)c(Cl)c2)c2ccc([S@@](C)=O)cc21,8.7
ZINC000004674528,c1ccc2c(CCC3CCNCC3)c[nH]c2c1,8.7
ZINC000013487260,O=C(CCCN1CCC(CCc2c[nH]c3ccccc23)CC1)c1ccc(F)cc1,8.7
ZINC000013530893,Brc1ccc(O[C@H](c2ccccc2)C2CCNCC2)cc1,8.7
ZINC000013530896,Brc1ccc(O[C@@H](c2ccccc2)C2CCNCC2)cc1,8.7
ZINC000013531041,Oc1cc(F)cc(O[C@H](c2ccccc2)C2CCNCC2)c1,8.7
ZINC000013531044,Oc1cc(F)cc(O[C@@H](c2ccccc2)C2CCNCC2)c1,8.7
ZINC000013581106,Fc1ccc2[nH]cc(CCCNCCOc3cccc4[nH]ccc34)c2c1,8.7
ZINC000013582479,N#Cc1ccc(N2CCN(CCCCc3c[nH]c4ccc(F)cc34)CC2)cc1,8.7
ZINC000013582507,N#Cc1ccc2[nH]cc(CCCCN3CCN(c4ccc(C#N)c(C#N)c4)CC3)c2c1,8.7
ZINC000013582509,N#Cc1ccc2[nH]cc(CCCCN3CCN(c4c(C#N)cccc4C#N)CC3)c2c1,8.7
ZINC000013582557,N#Cc1ccc2[nH]cc(CCCCN3CCN(c4ccc5[nH]c(C(N)=O)cc5c4)CC3)c2c1,8.7
ZINC000013587193,Cc1cc(C)c2cc([C@@H]3CCN(C[C@H](O)COc4cccc5[nH]c(C)cc45)[C@@H](C)C3)sc2c1,8.7
ZINC000013588072,CNCC[C@@H](Oc1cccc2ccccc12)c1ccccc1C,8.7
ZINC000013588073,CNCC[C@H](Oc1cccc2ccccc12)c1ccccc1C,8.7
ZINC000013674828,Clc1ccc2c(CCCN3CCN(c4cccc5c4OCCO5)CC3)c[nH]c2c1,8.7
ZINC000013917418,CN[C@H]1CC[C@@H](c2ccc(Cl)c(Cl)c2)c2ccc([S@](C)=O)cc21,8.7
ZINC000026495165,NC(=O)c1ccc2c(c1)CCO[C@@H]2CCN1CCC(c2c[nH]c3cc(F)ccc23)CC1,8.7
ZINC000026495168,NC(=O)c1ccc2c(c1)CCO[C@H]2CCN1CCC(c2c[nH]c3cc(F)ccc23)CC1,8.7
ZINC000027327497,O=C1c2ccc(F)cc2C(=O)N1CCCCCN1CC=C(c2c[nH]c3ccccc23)CC1,8.7
ZINC000027331865,Cc1ccc2c(c1)C(=O)N(CCCCCN1CC=C(c3c[nH]c4ccccc34)CC1)C2=O,8.7
ZINC000028127339,N#Cc1ccc2[nH]cc(SC[C@@H]3CN4CCC3CC4)c2c1,8.7
ZINC000028529480,O=C(CCCC[C@@H]1SC[C@@H]2NC(=O)N[C@H]12)NCCN1CC=C(c2c[nH]c3ccccc23)CC1,8.7
ZINC000028529484,O=C(CCCC[C@@H]1SC[C@H]2NC(=O)N[C@@H]21)NCCN1CC=C(c2c[nH]c3ccccc23)CC1,8.7
ZINC000028571389,CN[C@H]1CC[C@@H](c2ccc(Cl)c(Cl)c2)c2ccc([N+](=O)[O-])cc21,8.7
ZINC000028571483,CN[C@H]1CC[C@@H](c2ccc(Cl)c(Cl)c2)c2ccc(C(N)=O)cc21,8.7
ZINC000028818016,COc1ccc([C@@H]2CN(C)Cc3cc(OCCCN4CCCCC4)ccc32)cc1,8.7
ZINC000028818017,COc1ccc([C@H]2CN(C)Cc3cc(OCCCN4CCCCC4)ccc32)cc1,8.7
ZINC000028818045,COc1ccc([C@@H]2CN(C)Cc3cc(OCCCN4CCC(CO)CC4)ccc32)cc1,8.7
ZINC000028818047,COc1ccc([C@H]2CN(C)Cc3cc(OCCCN4CCC(CO)CC4)ccc32)cc1,8.7
ZINC000028818070,COc1ccc([C@@H]2CN(C)Cc3cc(OCCCN4CC(F)(F)C4)ccc32)cc1,8.7
ZINC000028818073,COc1ccc([C@H]2CN(C)Cc3cc(OCCCN4CC(F)(F)C4)ccc32)cc1,8.7
ZINC000028885561,c1ccc([C@H]2CN3CCC[C@@H]3c3cc(OCCCN4CCCCC4)ccc32)cc1,8.7
ZINC000028885568,c1ccc([C@@H]2CN3CCC[C@@H]3c3cc(OCCCN4CCCCC4)ccc32)cc1,8.7
ZINC000028892889,COc1ccc(O[C@@H](CCN(C)C)c2ccc(OCCCN3CCCCC3)cc2)cc1,8.7
ZINC000028892895,COc1ccc(O[C@H](CCN(C)C)c2ccc(OCCCN3CCCCC3)cc2)cc1,8.7
ZINC000028892901,COc1cccc(O[C@@H](CCN(C)C)c2ccc(OCCCN3CCCCC3)cc2)c1,8.7
ZINC000028892905,COc1cccc(O[C@H](CCN(C)C)c2ccc(OCCCN3CCCCC3)cc2)c1,8.7
ZINC000028893119,CSc1ccc([C@@H]2CN(C)Cc3cc(OCCCN4CCC(F)CC4)ccc32)cc1,8.7
ZINC000028893124,CSc1ccc([C@H]2CN(C)Cc3cc(OCCCN4CCC(F)CC4)ccc32)cc1,8.7
ZINC000033976563,CSc1ccc(Oc2ccncc2CN(C)C)cc1,8.7
ZINC000036093206,COc1ccccc1C[C@@H](c1ccccc1)N1CCNCC1,8.7
ZINC000036093207,COc1ccccc1C[C@H](c1ccccc1)N1CCNCC1,8.7
ZINC000040393577,COc1ccc(F)cc1CCCC[C@@H]1CC[C@H](CCN)O1,8.7
ZINC000040393578,COc1ccc(F)cc1CCCC[C@H]1CC[C@H](CCN)O1,8.7
ZINC000040393579,COc1ccc(F)cc1CCCC[C@@H]1CC[C@@H](CCN)O1,8.7
ZINC000040393580,COc1ccc(F)cc1CCCC[C@H]1CC[C@@H](CCN)O1,8.7
ZINC000040846268,CSc1ccc(Oc2ccc(Br)cc2CN(C)C)cc1,8.7
ZINC000040862251,NC(=O)c1cc2cc([C@@]3(Cc4ccccc4)CCNC3)ccc2[nH]1,8.7
ZINC000040862253,NC(=O)c1cc2cc([C@]3(Cc4ccccc4)CCNC3)ccc2[nH]1,8.7
ZINC000040892503,c1ccc2cc(CN(C3CCC3)C3CCNCC3)ccc2c1,8.7
ZINC000040940309,NC(=O)c1ccc(Cl)c2c1C[C@@H](N(CCCc1c[nH]c3ccc(F)cc13)C1CCC1)CO2,8.7
ZINC000040940311,NC(=O)c1ccc(Cl)c2c1C[C@H](N(CCCc1c[nH]c3ccc(F)cc13)C1CCC1)CO2,8.7
ZINC000042967024,CNC[C@@H]1C[C@@]1(Oc1cccc2ccccc12)c1cccs1,8.7
ZINC000043154434,NC[C@@H]1Cc2ccccc2[C@H](c2ccc(Cl)c(Cl)c2)C1,8.7
ZINC000043206746,COCC[C@@H]1CNCCN1c1ccc2[nH]ncc2c1,8.7
ZINC000043206747,COCC[C@H]1CNCCN1c1ccc2[nH]ncc2c1,8.7
ZINC000049053953,COc1c(F)cccc1C[C@@H](c1ccccc1)N1CCNCC1,8.7
ZINC000049053956,COc1c(F)cccc1C[C@H](c1ccccc1)N1CCNCC1,8.7
ZINC000058509641,c1ccc([C@@H]2CN3CCC[C@H]3c3cc(OCCCN4CCCCC4)ccc32)cc1,8.7
ZINC000058554584,O=C(CCCC[C@@H]1SC[C@H]2NC(=O)N[C@H]21)NCCN1CC=C(c2c[nH]c3ccccc23)CC1,8.7
ZINC000058581131,CCC[C@]1(C(=O)c2ccc3[nH]ccc3c2)CCCN1,8.7
ZINC000058583803,CCC[C@]1(C(=O)c2ccc(N)c(Cl)c2)CCCN1,8.7
ZINC000058591503,CC(C)(C)CC[C@]1(C(=O)c2ccc3ccccc3n2)CCNC1,8.7
ZINC000062225333,CCC[C@@]1(C(=O)c2ccc3[nH]ccc3c2)CCCN1,8.7
ZINC000062225341,CCC[C@@]1(C(=O)c2ccc(N)c(Cl)c2)CCCN1,8.7
ZINC000062225359,CC(C)(C)CC[C@@]1(C(=O)c2ccc3ccccc3n2)CCNC1,8.7
ZINC000064417290,O=C(OCc1ccccc1)C1(c2ccc(-c3ccccc3)cc2)CCNCC1,8.7
ZINC000064559006,O=C(OCc1ccc([N+](=O)[O-])cc1)C1(c2ccc3ccccc3c2)CCNCC1,8.7
ZINC000095585896,FC(F)(F)c1ccc(O[C@H](c2ccccc2)[C@H]2CCNC2)cc1,8.7
ZINC000100739564,COC(=O)[C@@H]1[C@@H](c2ccc(Cl)c(Cl)c2)C[C@H]2CC[C@H]1N2C,8.7
ZINC000100796189,COC(=O)[C@H]1[C@@H](c2ccc(Cl)c(Cl)c2)C[C@H]2CC[C@H]1N2C,8.7
ZINC000100806784,N#Cc1ccc2[nH]cc([C@@H]3CC[C@H](NCCc4ccccc4)CC3)c2c1,8.7
ZINC000101221941,COc1ccc([C@H]2C[C@H]3CC[C@H]([C@H]2C(=O)OCCc2cc(Br)c(N)c(Br)c2)N3C)cc1,8.7
ZINC000101433133,Cc1nc(C)n(C[C@]23CNCC[C@]2(c2ccc(Cl)c(Cl)c2)C3)n1,8.7
ZINC000144436653,c1ccc([C@H]2CN3CCC[C@H]3c3cc(OCCCN4CCCCC4)ccc32)cc1,8.7
ZINC000169352865,O=C(CCCC[C@@H]1SC[C@@H]2NC(=O)N[C@@H]12)NCCN1CC=C(c2c[nH]c3ccccc23)CC1,8.7
ZINC000253697038,Cc1ccc(/C=C2\CN3[C@H]4CC[C@H]3[C@H](COC(=O)c3ccccc3)[C@H]2C4)cc1Cl,8.7
ZINC000253697053,Cc1ccc(/C=C2\CN3[C@H]4CC[C@H]3[C@@H](COC(=O)c3ccccc3)[C@H]2C4)cc1Cl,8.7
ZINC000028898576,CN(C)Cc1cc(Cl)ccc1Oc1ccc(F)cc1N,8.69
ZINC000003975402,CN1CC[C@@H](c2ccc(Cl)cc2)[C@H](C(=O)NCCCCCCCCNC(=O)[C@@H]2CN(C)CC[C@H]2c2ccc(Cl)cc2)C1,8.68
ZINC000013588076,CNCC[C@@H](Oc1cccc2ccccc12)c1ccc(C)cc1,8.68
ZINC000013588077,CNCC[C@H](Oc1cccc2ccccc12)c1ccc(C)cc1,8.68
ZINC000026494008,N#Cc1cccc2c(C3=CCN(CC[C@H]4OCCc5cc(C(N)=O)ccc54)CC3)c[nH]c12,8.68
ZINC000026494013,N#Cc1cccc2c(C3=CCN(CC[C@@H]4OCCc5cc(C(N)=O)ccc54)CC3)c[nH]c12,8.68
ZINC000026495159,NC(=O)c1ccc2c(c1)CCO[C@@H]2CCN1CC[C@@H](c2c[nH]c3cc(F)ccc23)C1,8.68
ZINC000026495163,NC(=O)c1ccc2c(c1)CCO[C@H]2CCN1CC[C@@H](c2c[nH]c3cc(F)ccc23)C1,8.68
ZINC000028528468,C[C@@H]1CN(c2cccc3cc(F)ccc23)CCN1CC[C@@H]1OCCc2c1sc(C(N)=O)c2Cl,8.68
ZINC000028654963,COc1cc2c(cc1OC)C1=NO[C@H](CN3CCN(C/C=C/c4ccc(F)cc4)CC3)[C@H]1CO2,8.68
ZINC000028654965,COc1cc2c(cc1OC)C1=NO[C@H](CN3CCN(C/C=C/c4ccc(F)cc4)CC3)[C@@H]1CO2,8.68
ZINC000028654969,COc1cc2c(cc1OC)C1=NO[C@@H](CN3CCN(C/C=C/c4ccc(F)cc4)CC3)[C@H]1CO2,8.68
ZINC000034313077,C[C@@H]1CN(c2cccc3cc(F)ccc23)CCN1CC[C@H]1OCCc2c1sc(C(N)=O)c2Cl,8.68
ZINC000035875089,COc1ccc(F)cc1CC[C@@H]1CC[C@@H](CCN)O1,8.68
ZINC000035875090,COc1ccc(F)cc1CC[C@H]1CC[C@@H](CCN)O1,8.68
ZINC000036093160,CC(C)CN(Cc1cc(Cl)ccc1Cl)C1CCNCC1,8.68
ZINC000036237956,NC(=O)c1ccc2c(c1)CCO[C@@H]2CCN1CC[C@H](c2c[nH]c3cc(F)ccc23)C1,8.68
ZINC000036237958,NC(=O)c1ccc2c(c1)CCO[C@H]2CCN1CC[C@H](c2c[nH]c3cc(F)ccc23)C1,8.68
ZINC000045374169,CN1CCCC[C@]1(C)CCc1c[nH]c2ccc(C#N)cc12,8.68
ZINC000045374172,CN1CCCC[C@@]1(C)CCc1c[nH]c2ccc(C#N)cc12,8.68
ZINC000095591381,CN1CCC(COCc2cc(C(F)(F)F)cc(C3CC3)n2)(c2ccc(F)cc2)CC1,8.68
ZINC000096914806,COC[C@@H](c1ccc2ccccc2c1)C1CCNCC1,8.68
ZINC000096914807,COC[C@H](c1ccc2ccccc2c1)C1CCNCC1,8.68
ZINC000100882893,CC(C)C(=O)[C@H]1[C@@H](c2ccc3ccccc3c2)C[C@H]2CC[C@H]1N2C,8.68
ZINC000100882897,CC(C)C(=O)[C@@H]1[C@@H](c2ccc3ccccc3c2)C[C@H]2CC[C@H]1N2C,8.68
ZINC000253849558,CC(C)C(=O)[C@H]1[C@H](c2ccc3ccccc3c2)C[C@H]2CC[C@H]1N2C,8.68
ZINC000253849564,CC(C)C(=O)[C@@H]1[C@H](c2ccc3ccccc3c2)C[C@H]2CC[C@H]1N2C,8.68
ZINC000013491132,O[C@@H](CCN1CCN(c2ccc3ncccc3c2)CC1)c1csc2ccccc12,8.66
ZINC000013491133,O[C@H](CCN1CCN(c2ccc3ncccc3c2)CC1)c1csc2ccccc12,8.66
ZINC000013581115,Fc1cc(OCCNCCCc2c[nH]c3ccc(F)cc23)c2occc2c1,8.66
ZINC000013588080,CNCC[C@@H](Oc1cccc2ccccc12)c1cccc(OC)c1,8.66
ZINC000013588081,CNCC[C@H](Oc1cccc2ccccc12)c1cccc(OC)c1,8.66
ZINC000026491338,NC(=O)c1ccc2c(c1)CCO[C@@H]2CCN1CC=C(c2ccc3cc(F)ccc3c2)CC1,8.66
ZINC000026491343,NC(=O)c1ccc2c(c1)CCO[C@H]2CCN1CC=C(c2ccc3cc(F)ccc3c2)CC1,8.66
ZINC000028818087,CCN(CC)CCCOc1ccc2c(c1)CN(C)C[C@@H]2c1ccc(OC)cc1,8.66
ZINC000028818089,CCN(CC)CCCOc1ccc2c(c1)CN(C)C[C@H]2c1ccc(OC)cc1,8.66
ZINC000028885941,COc1ccc([C@H]2CN3CCC[C@@H]3c3cc(OCCCN4CCCCC4)ccc32)cc1,8.66
ZINC000034801023,CCN(CCCc1c[nH]c2ccc(F)cc12)[C@H]1COc2cccc(OC)c2C1,8.66
ZINC000034801024,CCN(CCCc1c[nH]c2ccc(F)cc12)[C@@H]1COc2cccc(OC)c2C1,8.66
ZINC000036093137,Cc1cccc(CN(CC(C)C)C2CCNCC2)c1,8.66
ZINC000036093169,CC(C)CN(Cc1ccccc1OC(F)(F)F)C1CCNCC1,8.66
ZINC000036093175,CCCN(Cc1ccccc1C(F)(F)F)C1CCNCC1,8.66
ZINC000058563667,COC(=O)[C@H]1[C@@H](c2ccc(I)cc2)C[C@@H]2CC[C@H]1N2C/C=C/CF,8.66
ZINC000084589087,COCCCN(Cc1ccccc1C(F)(F)F)C1CCNCC1,8.66
ZINC000084804832,COc1ccc(CN(CC(C)C)C2CCNCC2)c(OC)c1,8.66
ZINC000095592684,CN1CCC(COCc2cc(C(F)(F)F)ccn2)(c2ccc(F)cc2)CC1,8.66
ZINC000139999771,COc1ccc([C@@H]2CN3CCC[C@H]3c3cc(OCCCN4CCCCC4)ccc32)cc1,8.66
ZINC000140306892,COc1ccc([C@H]2CN3CCC[C@H]3c3cc(OCCCN4CCCCC4)ccc32)cc1,8.66
ZINC000253633384,CCC(=O)[C@H]1[C@H]2C[C@H]3CC[C@H]1N3C/C2=C\c1ccc(Cl)c(Cl)c1,8.66
ZINC000253633386,CCC(=O)[C@@H]1[C@H]2C[C@H]3CC[C@H]1N3C/C2=C\c1ccc(Cl)c(Cl)c1,8.66
ZINC000013472753,CN(C)Cc1ccccc1Sc1ccc(Br)cc1N,8.65
ZINC000013535680,Cc1ccc2cc([C@@H]3CCN(C[C@H](O)COc4cccc5[nH]ccc45)[C@@H](C)C3)sc2c1,8.65
ZINC000100779758,C=Cc1ccc([C@H]2C[C@H]3CC[C@@H](N3)[C@H]2C(=O)OC)cc1,8.65
ZINC000100779763,C=Cc1ccc([C@H]2C[C@H]3CC[C@@H](N3)[C@@H]2C(=O)OC)cc1,8.65
ZINC000100794017,CCC(=O)[C@H]1[C@@H](c2ccc3cc(OC)ccc3c2)C[C@H]2CC[C@H]1N2C,8.65
ZINC000100794018,CCC(=O)[C@@H]1[C@@H](c2ccc3cc(OC)ccc3c2)C[C@H]2CC[C@H]1N2C,8.65
ZINC000137796348,CCC(=O)[C@@H]1[C@H](c2ccc3cc(OC)ccc3c2)C[C@H]2CC[C@H]1N2C,8.65
ZINC000169318329,C=Cc1ccc([C@@H]2C[C@H]3CC[C@@H](N3)[C@@H]2C(=O)OC)cc1,8.65
ZINC000253634040,CCC(=O)[C@H]1[C@H](c2ccc3cc(OC)ccc3c2)C[C@H]2CC[C@H]1N2C,8.65
ZINC000013491106,O[C@]1(c2ccc3ccccc3c2)c2ccccc2C2=NCCN21,8.64
ZINC000013491107,O[C@@]1(c2ccc3ccccc3c2)c2ccccc2C2=NCCN21,8.64
ZINC000013530798,c1ccc(O[C@@H](c2ccccc2)C2CCNCC2)cc1,8.64
ZINC000013530801,c1ccc(O[C@H](c2ccccc2)C2CCNCC2)cc1,8.64
ZINC000013588078,CNCC[C@@H](Oc1cccc2ccccc12)c1ccccc1OC,8.64
ZINC000013588079,CNCC[C@H](Oc1cccc2ccccc12)c1ccccc1OC,8.64
ZINC000022930653,COc1cc2c(cc1OC)C1=NO[C@H](CN3CCN(C/C(C)=C/c4ccccc4)CC3)[C@H]1CO2,8.64
ZINC000022930655,COc1cc2c(cc1OC)C1=NO[C@H](CN3CCN(C/C(C)=C/c4ccccc4)CC3)[C@@H]1CO2,8.64
ZINC000022930658,COc1cc2c(cc1OC)C1=NO[C@@H](CN3CCN(C/C(C)=C/c4ccccc4)CC3)[C@H]1CO2,8.64
ZINC000028827082,CSc1ccc([C@@H]2CN(C)Cc3cc(Oc4ccc(CN5CCCCC5)cn4)ccc32)cc1,8.64
ZINC000028827083,CSc1ccc([C@H]2CN(C)Cc3cc(Oc4ccc(CN5CCCCC5)cn4)ccc32)cc1,8.64
ZINC000028892921,CN(C)CC[C@@H](Oc1ccc(Cl)cc1)c1ccc(OCCCN2CCCCC2)cc1,8.64
ZINC000028892927,CN(C)CC[C@H](Oc1ccc(Cl)cc1)c1ccc(OCCCN2CCCCC2)cc1,8.64
ZINC000028892965,CN(C)CC[C@@H](Oc1cccc(Br)c1)c1ccc(OCCCN2CCCCC2)cc1,8.64
ZINC000028892970,CN(C)CC[C@H](Oc1cccc(Br)c1)c1ccc(OCCCN2CCCCC2)cc1,8.64
ZINC000028893189,CSc1ccc([C@H]2CN(C)Cc3cc(OCCCN4CCOCC4)ccc32)cc1,8.64
ZINC000029479847,COC(=O)[C@H](c1ccc2cc(C)ccc2c1)[C@@H]1CCCN1,8.64
ZINC000072105533,CN1C[C@@H]2CCC[C@]2(c2ccc3ccccc3c2)C1,8.64
ZINC000100870781,CN(C)C[C@H]1[C@H]2CC[C@@H](C2)[C@@H]1c1ccc2ccccc2c1,8.64
ZINC000100882841,CCC(=O)[C@H]1[C@@H](c2ccc3c(I)c(OC)ccc3c2)C[C@H]2CC[C@H]1N2C,8.64
ZINC000100882845,CCC(=O)[C@@H]1[C@@H](c2ccc3c(I)c(OC)ccc3c2)C[C@H]2CC[C@H]1N2C,8.64
ZINC000253698992,CCC(=O)[C@H]1[C@H](c2ccc3c(I)c(OC)ccc3c2)C[C@H]2CC[C@H]1N2C,8.64
ZINC000253699002,CCC(=O)[C@@H]1[C@H](c2ccc3c(I)c(OC)ccc3c2)C[C@H]2CC[C@H]1N2C,8.64
ZINC000253850736,COC(=O)[C@H]1[C@H]2C[C@H]3CC[C@H]1N3C/C2=C\c1ccc(Br)c(Cl)c1,8.64
ZINC000253850740,COC(=O)[C@@H]1[C@H]2C[C@H]3CC[C@H]1N3C/C2=C\c1ccc(Br)c(Cl)c1,8.64
ZINC000013587189,COc1ccc2cc([C@@H]3CCN(C[C@H](O)COc4cccc5[nH]c(C)cc45)[C@@H](C)C3)sc2c1,8.63
ZINC000013973456,Cc1ccc2c3c(ccc2n1)OC[C@H](CN1CC=C(c2c[nH]c4ccccc24)CC1)O3,8.63
ZINC000034052327,Cc1ccc(Oc2ccc(Cl)c(Cl)c2)c(CN(C)C)c1,8.63
ZINC000013582544,N#Cc1ccc2[nH]cc(CCCCN3CCN(c4ccc5[nH]ccc5c4)CC3)c2c1,8.62
ZINC000013588056,CNCC[C@@H](Oc1cccc2ccccc12)c1ccccc1,8.62
ZINC000013588057,CNCC[C@H](Oc1cccc2ccccc12)c1ccccc1,8.62
ZINC000013674863,C[C@H]1Oc2c(cccc2N2CCN(CCCc3c[nH]c4c(F)cccc34)CC2)NC1=O,8.62
ZINC000028827076,CSc1ccc([C@@H]2CN(C)Cc3cc(Oc4cc(CN5CCCCC5)ccn4)ccc32)cc1,8.62
ZINC000028827077,CSc1ccc([C@H]2CN(C)Cc3cc(Oc4cc(CN5CCCCC5)ccn4)ccc32)cc1,8.62
ZINC000034657452,CCC(=O)N(Cc1ccc2ccccc2c1)[C@@H]1CCNC1,8.62
ZINC000040847666,CCCN(CCCc1c[nH]c2ccc(F)cc12)[C@H]1COc2c(F)ccc(C(=O)NC)c2C1,8.62
ZINC000040847668,CCCN(CCCc1c[nH]c2ccc(F)cc12)[C@@H]1COc2c(F)ccc(C(=O)NC)c2C1,8.62
ZINC000064448484,CNCC[C@@H](c1ccccc1)c1cccc2ccccc12,8.62
ZINC000064448485,CNCC[C@H](c1ccccc1)c1cccc2ccccc12,8.62
ZINC000095589503,CN1CCC(COCc2cc(C(F)(F)F)cc(N3CCC(C#N)CC3)n2)(c2ccc(F)cc2)CC1,8.62
ZINC000013439749,CCC(=O)[C@H]1[C@@H](c2ccc(I)cc2)C[C@@H]2CC[C@H]1N2,8.61
ZINC000027903715,CCC(=O)[C@@H]1[C@@H](c2ccc(I)cc2)C[C@@H]2CC[C@H]1N2,8.61
ZINC000040379629,CN(C)Cc1cc(CC(N)=O)ccc1Oc1ccc(Cl)c(Cl)c1,8.61
ZINC000040937447,N#Cc1ccc2[nH]cc(CCCN(C3CCC3)[C@H]3COc4c(F)ccc(C(N)=O)c4C3)c2c1,8.61
ZINC000040937449,N#Cc1ccc2[nH]cc(CCCN(C3CCC3)[C@@H]3COc4c(F)ccc(C(N)=O)c4C3)c2c1,8.61
ZINC000253693034,CCC(=O)[C@@H]1[C@H]2CC[C@@H](C[C@H]1c1ccc(I)cc1)N2,8.61
ZINC000253693038,CCC(=O)[C@H]1[C@H]2CC[C@@H](C[C@H]1c1ccc(I)cc1)N2,8.61
ZINC000013472751,COCc1cc(I)ccc1Sc1ccccc1CN(C)C,8.6
ZINC000022926748,Clc1cc(Cl)cc(COC[C@H](c2ccccc2)N2CCNCC2)c1,8.6
ZINC000027405987,O=C1c2ccccc2C(=O)N1CCCCCN1CC=C(c2c[nH]c3ccc(F)cc23)CC1,8.6
ZINC000027406581,O=C1c2ccccc2C(=O)N1CCCCCN1CC=C(c2c[nH]c3ccccc23)CC1,8.6
ZINC000029482544,COC(=O)[C@H](c1ccc2ccccc2c1)[C@@H]1CCCN1,8.6
ZINC000034052171,CNCc1cc(C#N)ccc1Oc1ccc(Cl)c(Cl)c1,8.6
ZINC000036093133,Fc1ccc(CN(CC2CCC2)C2CCNCC2)c(C(F)(F)F)c1,8.6
ZINC000036093138,COCCN(Cc1ccccc1C(F)(F)F)C1CCNCC1,8.6
ZINC000045336674,N#Cc1ccc2[nH]cc(CC[C@@H]3CCCCN3)c2c1,8.6
ZINC000045336677,N#Cc1ccc2[nH]cc(CC[C@H]3CCCCN3)c2c1,8.6
ZINC000058591083,CC(C)C[C@]1(C(=O)c2ccc3[nH]ncc3c2)CCCN1,8.6
ZINC000062225352,CC(C)C[C@@]1(C(=O)c2ccc3[nH]ncc3c2)CCCN1,8.6
ZINC000064746341,CCOC(=O)C1(c2ccc(I)cc2)CCNCC1,8.6
ZINC000095592697,Clc1cccc(O[C@H](c2ccccc2)[C@@H]2CCNC2)c1,8.6
ZINC000100761594,COC(=O)[C@H]1[C@@H](c2ccc(I)cc2)C[C@H]2CC[C@H]1N2CCCO,8.6
ZINC000100761599,COC(=O)[C@@H]1[C@@H](c2ccc(I)cc2)C[C@H]2CC[C@H]1N2CCCO,8.6
ZINC000261184064,COC(=O)[C@H]1[C@H](c2ccc(I)cc2)C[C@H]2CC[C@H]1N2CCCO,8.6
ZINC000261184067,COC(=O)[C@@H]1[C@H](c2ccc(I)cc2)C[C@H]2CC[C@H]1N2CCCO,8.6
ZINC000012356448,N#Cc1ccc2[nH]cc(CCCCN3CCN(c4cccc5cc(C(N)=O)oc45)CC3)c2c1,8.59
ZINC000013530977,N#Cc1cc(F)cc(O[C@H](c2ccccc2)C2CCNCC2)c1,8.59
ZINC000013530980,N#Cc1cc(F)cc(O[C@@H](c2ccccc2)C2CCNCC2)c1,8.59
ZINC000027213310,CCc1ccc([C@H]2C[C@H]3CC[C@@H]([C@@H]2C(=O)OC)N3C)cc1,8.59
ZINC000029488591,CN(C)[C@@H]1C[C@@H](c2cccc(Cl)c2)c2ccccc21,8.59
ZINC000029488594,CN(C)[C@H]1C[C@@H](c2cccc(Cl)c2)c2ccccc21,8.59
ZINC000029488597,CN(C)[C@@H]1C[C@H](c2cccc(Cl)c2)c2ccccc21,8.59
ZINC000029488600,CN(C)[C@H]1C[C@H](c2cccc(Cl)c2)c2ccccc21,8.59
ZINC000034554171,Fc1ccc2c(C3=CCN(CCc4coc5ccccc45)CC3)c[nH]c2c1,8.59
ZINC000036270844,CCc1ccc([C@H]2C[C@H]3CC[C@@H]([C@H]2C(=O)OC)N3C)cc1,8.59
ZINC000100966586,CN(C)C[C@H]1[C@H]2CC[C@@H](C2)[C@@H]1c1ccc2cc(F)ccc2c1,8.59
ZINC000013674842,C[C@@H]1CNc2cccc(N3CCN(CCCc4c[nH]c5ccccc45)CC3)c2C1,8.57
ZINC000013674844,C[C@H]1CNc2cccc(N3CCN(CCCc4c[nH]c5ccccc45)CC3)c2C1,8.57
ZINC000028818143,COc1ccc([C@@H]2CN(C)Cc3cc(OCCCN4CCN(c5nccs5)CC4)ccc32)cc1,8.57
ZINC000028818145,COc1ccc([C@H]2CN(C)Cc3cc(OCCCN4CCN(c5nccs5)CC4)ccc32)cc1,8.57
ZINC000028893005,CCOc1ccc([C@@H]2CN(C)Cc3cc(OCCCN4CCC(F)CC4)ccc32)cc1,8.57
ZINC000028893012,CCOc1ccc([C@H]2CN(C)Cc3cc(OCCCN4CCC(F)CC4)ccc32)cc1,8.57
ZINC000040861960,CNCCC[C@@H](c1ccc(Cl)c(Cl)c1)c1cccc2[nH]ccc12,8.57
ZINC000072106091,Cc1c(Cl)cccc1N1CCN(CCCNC(=O)c2nc(C)n(-c3ccc4c(c3)OCCO4)c2C)CC1,8.57
ZINC000200102035,O[C@@H]1C[C@@H](C(c2ccccc2)c2ccccc2)OC[C@H]1NCc1ccc2occc2c1,8.57
ZINC000013472750,COCc1cc(Br)ccc1Sc1ccccc1CN(C)C,8.56
ZINC000000025766,Fc1cccc(O[C@@H](c2cccc(F)c2)C2CCNCC2)c1,8.55
ZINC000013530912,Fc1cccc(O[C@H](c2cccc(F)c2)C2CCNCC2)c1,8.55
ZINC000013587190,COc1cc(OC)c2cc([C@@H]3CCN(C[C@H](O)COc4cccc5[nH]c(C)cc45)[C@@H](C)C3)sc2c1,8.55
ZINC000013674853,CC1(C)Oc2c(cccc2N2CCN(CCCc3c[nH]c4ccccc34)CC2)NC1=O,8.55
ZINC000029485683,CCN(CC)[C@@H]1C[C@@H](c2ccc(Cl)c(Cl)c2)c2ccccc21,8.55
ZINC000029485686,CCN(CC)[C@H]1C[C@@H](c2ccc(Cl)c(Cl)c2)c2ccccc21,8.55
ZINC000029485689,CCN(CC)[C@@H]1C[C@H](c2ccc(Cl)c(Cl)c2)c2ccccc21,8.55
ZINC000029485692,CCN(CC)[C@H]1C[C@H](c2ccc(Cl)c(Cl)c2)c2ccccc21,8.55
ZINC000033994314,Clc1ccc(C2=C[C@H]3CC[C@@H](C2)N3)cc1,8.55
ZINC000036093149,CCOCCN(Cc1ccc(F)cc1C(F)(F)F)C1CCNCC1,8.55
ZINC000036093161,FC(F)(F)CCN(Cc1ccccc1C(F)(F)F)C1CCNCC1,8.55
ZINC000045365096,CNC[C@@H](O)[C@H](c1cccc(F)c1)N1CCc2cc(Cl)ccc21,8.55
ZINC000045366329,COc1cccc2c(CCN3CC=C(c4c[nH]c5ccccc45)CC3)coc12,8.55
ZINC000095590416,COc1cc(C(F)(F)F)cc(COCC2(c3ccc(F)cc3)CCN(C)CC2)n1,8.55
ZINC000100870780,CN(C)C[C@@H]1[C@H]2CC[C@@H](C2)[C@@H]1c1ccc2ccccc2c1,8.55
ZINC000100870910,CN(C)C[C@@H]1[C@H]2CC[C@@H](C2)[C@H]1c1ccc2ccccc2c1,8.55
ZINC000100875681,CCOC(=O)[C@H]1[C@@H](c2ccc3c(ccn3C)c2)C[C@H]2CC[C@H]1N2C,8.55
ZINC000100875689,CCOC(=O)[C@@H]1[C@@H](c2ccc3c(ccn3C)c2)C[C@H]2CC[C@H]1N2C,8.55
ZINC000100911923,CCC(=O)[C@H]1[C@@H](c2ccc(-c3cccn3C)cc2)C[C@H]2CC[C@H]1N2C/C=C/I,8.55
ZINC000100911925,CCC(=O)[C@@H]1[C@@H](c2ccc(-c3cccn3C)cc2)C[C@H]2CC[C@H]1N2C/C=C/I,8.55
ZINC000143172397,CN(C)C[C@H]1[C@H]2CC[C@@H](C2)[C@H]1c1ccc2ccccc2c1,8.55
ZINC000253639329,CCC(=O)[C@@H]1[C@H](c2ccc(-c3cccn3C)cc2)C[C@H]2CC[C@H]1N2C/C=C/I,8.55
ZINC000253639334,CCC(=O)[C@H]1[C@H](c2ccc(-c3cccn3C)cc2)C[C@H]2CC[C@H]1N2C/C=C/I,8.55
ZINC000253687823,CCOC(=O)[C@H]1[C@H](c2ccc3c(ccn3C)c2)C[C@H]2CC[C@H]1N2C,8.55
ZINC000253687832,CCOC(=O)[C@@H]1[C@H](c2ccc3c(ccn3C)c2)C[C@H]2CC[C@H]1N2C,8.55
ZINC000026668922,Clc1ccc([C@@H]2CN3CCC[C@@H]3c3cc(Cl)ccc32)cc1,8.54
ZINC000028898606,CN(C)Cc1cc(F)ccc1Oc1ccc(C#N)cc1N,8.54
ZINC000035951853,FC(F)(F)c1cc(COC[C@]2(c3ccccc3)CCCNCC2)cc(C(F)(F)F)c1,8.54
ZINC000038778624,Fc1ccc2[nH]cc([C@@H]3CC[C@H](N4CCCC4)C3)c2c1,8.54
ZINC000038778625,Fc1ccc2[nH]cc([C@H]3CC[C@H](N4CCCC4)C3)c2c1,8.54
ZINC000038778626,Fc1ccc2[nH]cc([C@@H]3CC[C@@H](N4CCCC4)C3)c2c1,8.54
ZINC000038778627,Fc1ccc2[nH]cc([C@H]3CC[C@@H](N4CCCC4)C3)c2c1,8.54
ZINC000064559202,COc1ccc(COC(=O)C2(c3ccc4ccccc4c3)CCNCC2)cc1,8.54
ZINC000072106425,Cc1cccc(N2CCN(C[C@H](O)CNC(=O)c3nc(C)n(-c4cccc(Cl)c4)c3C)CC2)c1C,8.54
ZINC000072106426,Cc1cccc(N2CCN(C[C@@H](O)CNC(=O)c3nc(C)n(-c4cccc(Cl)c4)c3C)CC2)c1C,8.54
ZINC000096924125,Clc1ccc(COC2(c3ccc(Cl)c(Cl)c3)CNC2)cc1,8.54
ZINC000101221521,COC(=O)[C@H]1[C@@H](c2cc(Br)c(OC)c(Br)c2)C[C@H]2CC[C@H]1N2C,8.54
ZINC000101221880,COc1ccc([C@H]2C[C@H]3CC[C@H]([C@H]2C(=O)OCCc2ccc([N+](=O)[O-])cc2)N3C)cc1,8.54
ZINC000253738464,CN1[C@H]2CC[C@H]1[C@H](C(=O)OCCCF)[C@H](c1ccc(Br)cc1)C2,8.54
ZINC000253738468,CN1[C@H]2CC[C@H]1[C@@H](C(=O)OCCCF)[C@H](c1ccc(Br)cc1)C2,8.54
ZINC000253739894,CN1[C@H]2CC[C@H]1[C@H](C(=O)OCCCF)[C@@H](c1ccc(Br)cc1)C2,8.54
ZINC000253739895,CN1[C@H]2CC[C@H]1[C@@H](C(=O)OCCCF)[C@@H](c1ccc(Br)cc1)C2,8.54
ZINC000022927643,COc1ccc2c(c1)CC[C@H](CN1CCN(CCOC(c3ccc(F)cc3)c3ccc(F)cc3)CC1)C2=O,8.53
ZINC000022927647,COc1ccc2c(c1)CC[C@@H](CN1CCN(CCOC(c3ccc(F)cc3)c3ccc(F)cc3)CC1)C2=O,8.53
ZINC000000006051,CN1CCC(Sc2c[nH]c3ccc(Cl)cc23)CC1,8.52
ZINC000000593143,CN(C)Cc1cc(C(N)=O)ccc1Oc1ccc(OC(F)(F)F)cc1,8.52
ZINC000006718105,CC(C)CN(C(=O)c1ccc2ccccc2c1)[C@H]1CCNC1,8.52
ZINC000013582486,N#Cc1cc2cc(N3CCN(CCCCc4c[nH]c5ccc(F)cc45)CC3)ccc2o1,8.52
ZINC000013582503,COc1ccccc1N1CCN(CCCCc2c[nH]c3ccc(C#N)cc23)CC1,8.52
ZINC000013674865,C[C@@H]1Oc2c(cccc2N2CCN(CCCc3c[nH]c4c(F)cccc34)CC2)NC1=O,8.52
ZINC000019360479,COc1ccc2c(c1)CC[C@@H](CN1CCN(CCOC(c3ccc(F)cc3)c3ccc(F)cc3)CC1)[C@H]2O,8.52
ZINC000019365468,COc1ccc2c(c1)CC[C@@H](CN1CCN(CCOC(c3ccc(F)cc3)c3ccc(F)cc3)CC1)[C@@H]2O,8.52
ZINC000027330058,Cc1ccc2c(c1)C(=O)N(CCCCCN1CC=C(c3c[nH]c4ccc(F)cc34)CC1)C2=O,8.52
ZINC000027552736,CCOC(=O)[C@H]1[C@@H](c2ccc3c(ccn3CC)c2)C[C@@H]2CC[C@H]1N2,8.52
ZINC000027552739,CCOC(=O)[C@@H]1[C@@H](c2ccc3c(ccn3CC)c2)C[C@@H]2CC[C@H]1N2,8.52
ZINC000028571388,CN[C@H]1CC[C@@H](c2ccc(Cl)c(Cl)c2)c2ccc(C#N)cc21,8.52
ZINC000028571484,CNC(=O)c1ccc2c(c1)[C@@H](NC)CC[C@H]2c1ccc(Cl)c(Cl)c1,8.52
ZINC000028571531,CN[C@H]1CC[C@@H](c2ccc(Cl)c(Cl)c2)c2ccc(NS(C)(=O)=O)cc21,8.52
ZINC000028643047,COC(=O)[C@H]1[C@@H](c2ccc(Cl)c(Cl)c2)C[C@@H]2CC[C@H]1S2,8.52
ZINC000028818095,COc1ccc([C@@H]2CN(C)Cc3cc(OCCCNC4CC4)ccc32)cc1,8.52
ZINC000028818097,COc1ccc([C@H]2CN(C)Cc3cc(OCCCNC4CC4)ccc32)cc1,8.52
ZINC000028885580,Cc1ccc([C@@H]2CN3CCC[C@@H]3c3cc(OCCCN4CCCCC4)ccc32)cc1,8.52
ZINC000028885584,Cc1ccc([C@H]2CN3CCC[C@@H]3c3cc(OCCCN4CCCCC4)ccc32)cc1,8.52
ZINC000028892942,CN(C)CC[C@@H](Oc1ccc(Cl)c(Cl)c1)c1ccc(OCCCN2CCCCC2)cc1,8.52
ZINC000028892948,CN(C)CC[C@H](Oc1ccc(Cl)c(Cl)c1)c1ccc(OCCCN2CCCCC2)cc1,8.52
ZINC000028893174,CN1Cc2cc(OCCCN3CCC(F)CC3)ccc2[C@H](c2ccc(OC(F)F)cc2)C1,8.52
ZINC000028893180,CN1Cc2cc(OCCCN3CCC(F)CC3)ccc2[C@@H](c2ccc(OC(F)F)cc2)C1,8.52
ZINC000028948793,Clc1cccc(CN(Cc2ccccn2)[C@@H]2CCNC2)c1Cl,8.52
ZINC000029046349,Cc1cc(Cl)ccc1Oc1ccncc1CN(C)C,8.52
ZINC000034003732,CN(C)Cc1cnccc1Oc1ccc2c(c1)CCS2,8.52
ZINC000036093150,CC(C)OCCN(Cc1ccc(F)cc1C(F)(F)F)C1CCNCC1,8.52
ZINC000036248206,NC(=O)c1ccc(F)c2c1C[C@H](N(CCCc1c[nH]c3ccc(F)cc13)C1CCC1)CO2,8.52
ZINC000038358929,Fc1ccc2c(C3=CCN(CCc4coc5ccc(Cl)cc45)CC3)c[nH]c2c1,8.52
ZINC000038526172,CN(C)[C@@H]1CC[C@@H](c2c[nH]c3ccc(Cl)cc23)C1,8.52
ZINC000038526173,CN(C)[C@H]1CC[C@@H](c2c[nH]c3ccc(Cl)cc23)C1,8.52
ZINC000038527247,N#Cc1ccc2[nH]cc([C@@H]3CC[C@H](N4CCCC4)C3)c2c1,8.52
ZINC000038527248,N#Cc1ccc2[nH]cc([C@H]3CC[C@H](N4CCCC4)C3)c2c1,8.52
ZINC000038527249,N#Cc1ccc2[nH]cc([C@@H]3CC[C@@H](N4CCCC4)C3)c2c1,8.52
ZINC000038527250,N#Cc1ccc2[nH]cc([C@H]3CC[C@@H](N4CCCC4)C3)c2c1,8.52
ZINC000040411331,CN(C)Cc1cc(NS(C)(=O)=O)ccc1Sc1ccc(C(F)(F)F)cc1,8.52
ZINC000040833582,N#Cc1ccc2ccc(OCC3CCNCC3)cc2c1,8.52
ZINC000040880433,CNC[C@@H](O)[C@H](c1ccccc1)N(C)c1ccc(OC)cc1,8.52
ZINC000040895741,N#Cc1ccc2cc(CO[C@H]3CCNC3)ccc2c1,8.52
ZINC000040933690,CN(C)Cc1cc(C(N)=O)ccc1Cc1ccc(Cl)c(Cl)c1,8.52
ZINC000040936376,CN(C)Cc1cc(Br)ccc1Oc1ccc(C(F)(F)F)cc1,8.52
ZINC000040980498,CSc1ccc(Sc2ccc(NS(C)(=O)=O)cc2CN(C)C)cc1,8.52
ZINC000042923179,Clc1cccc(O[C@@H](c2cccnc2)C2CCNCC2)c1Cl,8.52
ZINC000042923182,Clc1cccc(O[C@H](c2cccnc2)C2CCNCC2)c1Cl,8.52
ZINC000043012100,Clc1cccc(O[C@@H](c2cccnc2)C2CCNCC2)c1,8.52
ZINC000043012103,Clc1cccc(O[C@H](c2cccnc2)C2CCNCC2)c1,8.52
ZINC000043015957,Clc1cccc(O[C@@H](c2cccnc2)[C@H]2CCCNC2)c1Cl,8.52
ZINC000043015960,Clc1cccc(O[C@H](c2cccnc2)[C@H]2CCCNC2)c1Cl,8.52
ZINC000043069340,Fc1cccc(O[C@@H](c2cccnc2)C2CCNCC2)c1F,8.52
ZINC000043069344,Fc1cccc(O[C@H](c2cccnc2)C2CCNCC2)c1F,8.52
ZINC000043123126,Cc1cccc(O[C@@H](c2cccnc2)C2CCNCC2)c1C,8.52
ZINC000043123127,Cc1cccc(O[C@H](c2cccnc2)C2CCNCC2)c1C,8.52
ZINC000043154440,CN(C)[C@@H]1Cc2ccccc2[C@H](c2ccc(Cl)c(Cl)c2)C1,8.52
ZINC000045245747,O=c1[nH]c2cccc(OC3CCN(C[C@@H]4CCc5[nH]c6ccc(F)cc6c5C4)CC3)c2o1,8.52
ZINC000045245748,O=c1[nH]c2cccc(OC3CCN(C[C@H]4CCc5[nH]c6ccc(F)cc6c5C4)CC3)c2o1,8.52
ZINC000045290735,COC(=O)[C@H]1[C@@H](c2ccc(SC)cc2)C[C@@H]2CC[C@H]1N2CCCF,8.52
ZINC000058509482,Cc1ccc([C@@H]2CN3CCC[C@H]3c3cc(OCCCN4CCCCC4)ccc32)cc1,8.52
ZINC000064448562,CN(C)[C@@H]1CC[C@H](c2c[nH]c3ccc(Cl)cc23)C1,8.52
ZINC000064448563,CN(C)[C@H]1CC[C@H](c2c[nH]c3ccc(Cl)cc23)C1,8.52
ZINC000066098913,CN(C)CC1(c2ccc3ccccc3c2)CCCCC1,8.52
ZINC000066111868,CN(C)[C@@H]1CCN(c2ccc(Cl)c(Cl)c2)c2ccccc21,8.52
ZINC000066262110,CN(C)[C@H]1CCN(c2ccc(Cl)c(Cl)c2)c2ccccc21,8.52
ZINC000096924132,CN1CC(OCc2ccc(Cl)c(Cl)c2)(c2ccc(Cl)cc2)C1,8.52
ZINC000101082948,COC(=O)[C@H]1[C@@H](c2ccc(Cl)c(Cl)c2)C[C@H]2CC[C@H]1S2,8.52
ZINC000103228727,Fc1ccc(C(c2ccc(F)cc2)[C@@H]2CC[C@H](NCc3ccc4c(c3)CCO4)CO2)cc1,8.52
ZINC000140523117,Cc1ccc([C@H]2CN3CCC[C@H]3c3cc(OCCCN4CCCCC4)ccc32)cc1,8.52
ZINC000150226540,CN1Cc2cc(N3CCOCC3)ccc2[C@@H](c2ccc3sccc3c2)C1,8.52
ZINC000169351373,CCN(CC)c1ccc2c(-c3ccc(S(=O)(=O)NCCCCCC(=O)NCc4ccc5c(c4)CO[C@@]5(CCCN(C)C)c4ccc(F)cc4)cc3S(=O)(=O)O)c3ccc(=[N+](CC)CC)cc-3oc2c1,8.52
ZINC000253685606,CCOC(=O)[C@@H]1[C@H]2CC[C@@H](C[C@H]1c1ccc3c(ccn3CC)c1)N2,8.52
ZINC000253685611,CCOC(=O)[C@H]1[C@H]2CC[C@@H](C[C@H]1c1ccc3c(ccn3CC)c1)N2,8.52
ZINC000013582540,N#Cc1ccc2[nH]cc(CCCCN3CCN(c4ccc5nsnc5c4)CC3)c2c1,8.51
ZINC000013582552,N#Cc1ccc2[nH]cc(CCCCN3CCN(c4ccc5c(c4)C[C@@H](C(N)=O)O5)CC3)c2c1,8.51
ZINC000013582554,N#Cc1ccc2[nH]cc(CCCCN3CCN(c4ccc5c(c4)C[C@H](C(N)=O)O5)CC3)c2c1,8.51
ZINC000028819428,CN(C)[C@H]1CC=C(c2c[nH]c3ccccc23)CC1,8.51
ZINC000028819430,CN(C)[C@@H]1CC=C(c2c[nH]c3ccccc23)CC1,8.51
ZINC000029489068,Clc1ccc([C@@H]2C[C@@H](N3CCCC3)c3ccccc32)cc1Cl,8.51
ZINC000029489071,Clc1ccc([C@H]2C[C@@H](N3CCCC3)c3ccccc32)cc1Cl,8.51
ZINC000029489074,Clc1ccc([C@@H]2C[C@H](N3CCCC3)c3ccccc32)cc1Cl,8.51
ZINC000029489077,Clc1ccc([C@H]2C[C@H](N3CCCC3)c3ccccc32)cc1Cl,8.51
ZINC000036093177,OCCN(Cc1ccc(F)cc1C(F)(F)F)C1CCNCC1,8.51
ZINC000036093182,CC(C)CN(Cc1ccc(F)cc1F)C1CCNCC1,8.51
ZINC000095589459,CN1CCC(COCc2cncc(Br)c2)(c2ccccc2)CC1,8.51
ZINC000101221516,COC(=O)[C@H]1[C@@H](c2ccc(OC)c(Br)c2)C[C@H]2CC[C@H]1N2C,8.51
ZINC000253851750,O=C(OC[C@H]1[C@H]2C[C@H]3CC[C@H]1N3C/C2=C\c1ccc(Cl)c(Cl)c1)c1ccccc1,8.51
ZINC000253851754,O=C(OC[C@@H]1[C@H]2C[C@H]3CC[C@H]1N3C/C2=C\c1ccc(Cl)c(Cl)c1)c1ccccc1,8.51
ZINC000028571236,COc1cccc2c1O[C@H](CNCCc1c[nH]c3ccc(F)cc13)CN2,8.5
ZINC000028571237,COc1cccc2c1O[C@@H](CNCCc1c[nH]c3ccc(F)cc13)CN2,8.5
ZINC000029551160,N#Cc1ccc2[nH]cc(C3=CC[C@@H](NCc4ccccc4)CC3)c2c1,8.5
ZINC000029551164,N#Cc1ccc2[nH]cc(C3=CC[C@H](NCc4ccccc4)CC3)c2c1,8.5
ZINC000036271138,C=C(C)c1ccc([C@@H]2C[C@H]3CC[C@@H]([C@@H]2C(=O)OC)N3C)cc1,8.5
ZINC000036271139,C=C(C)c1ccc([C@H]2C[C@H]3CC[C@@H]([C@@H]2C(=O)OC)N3C)cc1,8.5
ZINC000038318279,Fc1ccc2occ(CCN3CC=C(c4c[nH]c5ccccc45)CC3)c2c1,8.5
ZINC000045355409,COc1cccc2c(CCN3CC=C(c4c[nH]c5ccc(F)cc45)CC3)coc12,8.5
ZINC000053295140,Clc1cc(N2CCNC[C@H]2Cc2ccccc2)cc2cc[nH]c12,8.5
ZINC000053295143,Clc1cc(N2CCNC[C@@H]2Cc2ccccc2)cc2cc[nH]c12,8.5
ZINC000058501955,C=C(C)c1ccc([C@H]2C[C@H]3CC[C@@H]([C@H]2C(=O)OC)N3C)cc1,8.5
ZINC000058575527,CCOC[C@]1(C(=O)c2cc(F)c3[nH]ccc3c2)CCNC1,8.5
ZINC000058581028,CC(C)(C)CC[C@@]1(C(=O)c2cc(F)c(Cl)c(Cl)c2)CCNC1,8.5
ZINC000062225282,CCOC[C@@]1(C(=O)c2cc(F)c3[nH]ccc3c2)CCNC1,8.5
ZINC000062225300,CC(C)(C)CC[C@]1(C(=O)c2cc(F)c(Cl)c(Cl)c2)CCNC1,8.5
ZINC000095587957,Clc1ccc(O[C@@H](c2ccccc2)[C@H]2CCNC2)c(Cl)c1,8.5
ZINC000169372268,CC#Cc1ccc([C@@H]2C[C@H]3CC[C@@H](N3)[C@@H]2C(=O)OC)cc1,8.5
ZINC000169372269,CC#Cc1ccc([C@H]2C[C@H]3CC[C@@H](N3)[C@@H]2C(=O)OC)cc1,8.5
ZINC000202980407,CC#Cc1ccc([C@H]2C[C@H]3CC[C@@H](N3)[C@H]2C(=O)OC)cc1,8.5
ZINC000253640411,C=C(C)c1ccc([C@@H]2C[C@H]3CC[C@@H]([C@H]2C(=O)OC)N3C)cc1,8.5
ZINC000253689033,CC#Cc1ccc([C@@H]2C[C@H]3CC[C@@H](N3)[C@H]2C(=O)OC)cc1,8.5
ZINC000013491142,O[C@@H](CCN1CCN(c2ccc3sccc3c2)CC1)c1csc2ccccc12,8.49
ZINC000013491143,O[C@H](CCN1CCN(c2ccc3sccc3c2)CC1)c1csc2ccccc12,8.49
ZINC000013582519,CCOCCOCCOc1cccc(N2CCN(CCCCc3c[nH]c4ccc(C#N)cc34)CC2)c1C#N,8.49
ZINC000026496434,NC(=O)c1ccc2c(c1)CCO[C@@H]2CCN1CC=C(c2cccc3ccccc23)CC1,8.49
ZINC000026496438,NC(=O)c1ccc2c(c1)CCO[C@H]2CCN1CC=C(c2cccc3ccccc23)CC1,8.49
ZINC000026674022,COc1ccccc1[C@@H]1CN2CCC[C@@H]2c2ccccc21,8.49
ZINC000028010882,Oc1ccc([C@@H]2CN3CCC[C@H]3c3ccccc32)cc1,8.49
ZINC000028010888,Oc1ccc([C@H]2CN3CCC[C@H]3c3ccccc32)cc1,8.49
ZINC000028827092,CSc1ccc([C@@H]2CN(C)Cc3cc(Oc4ncc(CN5CCCCC5)s4)ccc32)cc1,8.49
ZINC000028827093,CSc1ccc([C@H]2CN(C)Cc3cc(Oc4ncc(CN5CCCCC5)s4)ccc32)cc1,8.49
ZINC000029239611,Oc1ccc([C@@H]2CN3CCC[C@@H]3c3ccccc32)cc1,8.49
ZINC000036270926,C=Cc1ccc([C@H]2C[C@H]3CC[C@@H]([C@H]2C(=O)CC)N3C)cc1,8.49
ZINC000036270928,C=Cc1ccc([C@H]2C[C@H]3CC[C@@H]([C@@H]2C(=O)CC)N3C)cc1,8.49
ZINC000038319285,COc1cccc2c(CCN3CC=C(c4c[nH]c5ccc(C#N)cc45)CC3)coc12,8.49
ZINC000045261930,COC(=O)[C@H]1[C@@H](c2ccc([S@](C)=O)c(Br)c2)C[C@@H]2CC[C@H]1N2C,8.49
ZINC000045496607,C[C@@H](c1ccccc1Oc1ccc(Cl)c(Cl)c1)N(C)C,8.49
ZINC000045496609,C[C@H](c1ccccc1Oc1ccc(Cl)c(Cl)c1)N(C)C,8.49
ZINC000101876788,COC(=O)[C@H]1[C@@H](c2ccc([S@@](C)=O)c(Br)c2)C[C@@H]2CC[C@H]1N2C,8.49
ZINC000103245919,CN(C)CCC[C@@]1(c2ccc(F)cc2)OCc2cc(CN3CCN(c4ccccc4)CC3)ccc21,8.49
ZINC000103245921,CN(C)CCC[C@]1(c2ccc(F)cc2)OCc2cc(CN3CCN(c4ccccc4)CC3)ccc21,8.49
ZINC000169370852,C=Cc1ccc([C@@H]2C[C@H]3CC[C@@H]([C@@H]2C(=O)CC)N3C)cc1,8.49
ZINC000253704798,O=C(OC[C@H]1[C@H]2C[C@H]3CC[C@H]1N3C/C2=C\c1ccc(Br)c(Cl)c1)c1ccccc1,8.49
ZINC000253704806,O=C(OC[C@@H]1[C@H]2C[C@H]3CC[C@H]1N3C/C2=C\c1ccc(Br)c(Cl)c1)c1ccccc1,8.49
ZINC000261150019,C=Cc1ccc([C@@H]2C[C@H]3CC[C@@H]([C@H]2C(=O)CC)N3C)cc1,8.49
ZINC000013587183,COc1cccc2sc([C@H]3CCN(C[C@H](O)COc4cccc5[nH]c(C)cc45)[C@H](C)C3)cc12,8.48
ZINC000013806925,C[C@@H]1c2cccc3c2-c2c1ccc1c2[C@@H](C3)N(C)CC1,8.48
ZINC000028818133,COc1ccc([C@@H]2CN(C)Cc3cc(OCCCN4CCN(c5ccc(C#N)cc5)CC4)ccc32)cc1,8.48
ZINC000028818135,COc1ccc([C@H]2CN(C)Cc3cc(OCCCN4CCN(c5ccc(C#N)cc5)CC4)ccc32)cc1,8.48
ZINC000028885917,CSc1ccc([C@H]2CN3CCC[C@@H]3c3cc(OCCCN4CCCCC4)ccc32)cc1,8.48
ZINC000028886031,CN(C)c1ccc([C@@H]2CN3CCC[C@@H]3c3cc(OCCCN4CCCCC4)ccc32)cc1,8.48
ZINC000028886038,CN(C)c1ccc([C@H]2CN3CCC[C@@H]3c3cc(OCCCN4CCCCC4)ccc32)cc1,8.48
ZINC000033995966,CNCc1cc(F)ccc1Oc1ccc(Cl)c(Cl)c1,8.48
ZINC000034801037,NC(=O)c1ccc(F)c2c1C[C@@H](N(CCCCc1c[nH]c3ccc(F)cc13)CC1CC1)CO2,8.48
ZINC000034801038,NC(=O)c1ccc(F)c2c1C[C@H](N(CCCCc1c[nH]c3ccc(F)cc13)CC1CC1)CO2,8.48
ZINC000038919173,CN(C)[C@@H]1CC[C@H](c2c[nH]c3c(F)cccc23)C1,8.48
ZINC000038919174,CN(C)[C@H]1CC[C@H](c2c[nH]c3c(F)cccc23)C1,8.48
ZINC000038919175,CN(C)[C@@H]1CC[C@@H](c2c[nH]c3c(F)cccc23)C1,8.48
ZINC000038919176,CN(C)[C@H]1CC[C@@H](c2c[nH]c3c(F)cccc23)C1,8.48
ZINC000040938829,NC(=O)c1ccc(F)c2c1C[C@H](N(CCCc1c[nH]c3c(F)cc(F)cc13)C1CCC1)CO2,8.48
ZINC000040938831,NC(=O)c1ccc(F)c2c1C[C@@H](N(CCCc1c[nH]c3c(F)cc(F)cc13)C1CCC1)CO2,8.48
ZINC000058509449,CN(C)c1ccc([C@@H]2CN3CCC[C@H]3c3cc(OCCCN4CCCCC4)ccc32)cc1,8.48
ZINC000058509683,CSc1ccc([C@@H]2CN3CCC[C@H]3c3cc(OCCCN4CCCCC4)ccc32)cc1,8.48
ZINC000064560235,CCOC(=O)C1(c2ccc(-c3ccccc3)cc2)CCNCC1,8.48
ZINC000095592992,CN1CCC(COCc2cc(C(F)(F)F)cc(N3CC[C@H](C#N)C3)n2)(c2ccc(F)cc2)CC1,8.48
ZINC000095592993,CN1CCC(COCc2cc(C(F)(F)F)cc(N3CC[C@@H](C#N)C3)n2)(c2ccc(F)cc2)CC1,8.48
ZINC000101008347,COc1ccccc1N1CCN([C@@H]2CC[C@@H](c3c[nH]c4ccc(F)cc34)CC2)CC1,8.48
ZINC000101182497,Cn1cc([C@@H]2CC[C@@H](N3CCN(c4cccc5[nH]ccc45)CC3)CC2)c2cc(C#N)ccc21,8.48
ZINC000140761452,CSc1ccc([C@H]2CN3CCC[C@H]3c3cc(OCCCN4CCCCC4)ccc32)cc1,8.48
ZINC000141621461,CN(C)c1ccc([C@H]2CN3CCC[C@H]3c3cc(OCCCN4CCCCC4)ccc32)cc1,8.48
ZINC000013582511,COc1cc(N2CCN(CCCCc3c[nH]c4ccc(C#N)cc34)CC2)ccc1C#N,8.47
ZINC000019406570,C[C@@H](N)Cc1ccc2ccccc2c1,8.47
ZINC000019406573,C[C@H](N)Cc1ccc2ccccc2c1,8.47
ZINC000034801021,CCN(CCCc1c[nH]c2ccc(F)cc12)[C@H]1COc2c(F)ccc(C(N)=O)c2C1,8.47
ZINC000045366325,COc1ccc2c(CCN3CC=C(c4c[nH]c5ccc(C#N)cc45)CC3)coc2c1,8.47
ZINC000045384133,COc1ccc2c(CCN3CC=C(c4c[nH]c5ccccc45)CC3)coc2c1,8.47
ZINC000013535698,C[C@H]1C[C@H](c2cc3cccc(F)c3s2)CCN1C[C@H](O)COc1cccc2[nH]ccc12,8.46
ZINC000013535713,C[C@H]1C[C@H](c2cc3c(C(F)(F)F)cccc3s2)CCN1C[C@H](O)COc1cccc2[nH]ccc12,8.46
ZINC000013588082,CNCC[C@@H](Oc1cccc2ccccc12)c1ccc(OC)cc1,8.46
ZINC000013588083,CNCC[C@H](Oc1cccc2ccccc12)c1ccc(OC)cc1,8.46
ZINC000013806638,COC(=O)[C@@H]1CNCC[C@H]1c1ccc2ccccc2c1,8.46
ZINC000026498910,COc1ccc2[nH]cc(C3=CCN(CC[C@@H]4OCCc5cc(C(N)=O)ccc54)CC3)c2c1,8.46
ZINC000026498914,COc1ccc2[nH]cc(C3=CCN(CC[C@H]4OCCc5cc(C(N)=O)ccc54)CC3)c2c1,8.46
ZINC000034801030,NC(=O)c1ccc(F)c2c1C[C@@H](N(CCCc1c[nH]c3ccc(F)cc13)CC1CC1)CO2,8.46
ZINC000036248215,NC(=O)c1ccc(F)c2c1C[C@H](N(CCCc1c[nH]c3ccc(F)cc13)CC1CC1)CO2,8.46
ZINC000040848325,Cc1ccc(Oc2ccccc2CN(C)C)cc1,8.46
ZINC000045254343,CS(=O)(=O)N(Cc1ccc2ccccc2c1)[C@H]1CCNC1,8.46
ZINC000045258517,CS(=O)(=O)N(Cc1ccc2ccccc2c1)C1CCNCC1,8.46
ZINC000096924122,Clc1ccc(COC2(c3ccc(Cl)cc3)CNC2)cc1,8.46
ZINC000101181469,N#Cc1ccc2[nH]cc([C@@H]3CC[C@@H](N4CCN(c5cccc6ncccc56)CC4)CC3)c2c1,8.46
ZINC000101221624,COC(=O)[C@H]1[C@@H](c2ccc(OC)c(I)c2)C[C@H]2CC[C@H]1N2C,8.46
ZINC000101221946,COc1ccc([C@H]2C[C@H]3CC[C@H]([C@H]2C(=O)OCCc2ccc(N)c(I)c2)N3C)cc1,8.46
ZINC000150543558,CN1[C@H]2CC[C@H]1[C@@H](C(=O)OCc1cn(CCCCCCCOC(=O)[C@@H]3[C@@H](c4ccc(Cl)cc4)C[C@@H]4CC[C@H]3N4C)nn1)[C@@H](c1ccc(Cl)cc1)C2,8.46
ZINC000013535655,C[C@@H]1C[C@H](c2cc3cc(F)ccc3s2)CCN1C[C@H](O)COc1cccc2[nH]ccc12,8.45
ZINC000045358717,Fc1ccc2c(C3=CCN(CCc4coc5cc(Cl)ccc45)CC3)c[nH]c2c1,8.45
ZINC000100061082,COC(=O)[C@@H]1[C@H](c2ccc(-c3cccnc3)cc2)C[C@H]2CC[C@H]1N2C,8.45
ZINC000253638680,COC(=O)[C@@H]1[C@@H](c2ccc(-c3cccnc3)cc2)C[C@H]2CC[C@H]1N2C,8.45
ZINC000253638682,COC(=O)[C@H]1[C@H](c2ccc(-c3cccnc3)cc2)C[C@H]2CC[C@H]1N2C,8.45
ZINC000253638685,COC(=O)[C@H]1[C@@H](c2ccc(-c3cccnc3)cc2)C[C@H]2CC[C@H]1N2C,8.45
ZINC000034801022,CCN(CCCc1c[nH]c2ccc(F)cc12)[C@@H]1COc2c(F)ccc(C(N)=O)c2C1,8.44
ZINC000036093140,FC(F)(F)c1ccccc1CN(C1CCCC1)C1CCNCC1,8.44
ZINC000038441544,COc1ccc(CN(C)C)c(Oc2ccc(Cl)c(Cl)c2)c1,8.44
ZINC000040835272,CNCC[C@@H](c1ccc(Cl)c(Cl)c1)c1cccc2[nH]ccc12,8.44
ZINC000045367790,COc1ccc2c(CCN3CC=C(c4c[nH]c5ccc(F)cc45)CC3)coc2c1,8.44
ZINC000072112635,CN1C[C@H]2CCC[C@@]2(c2ccc(Cl)c(Cl)c2)C1,8.44
ZINC000100817391,COC(=O)[C@H]1[C@@H](c2cccc(I)c2)C[C@H]2CC[C@H]1N2,8.44
ZINC000100817392,COC(=O)[C@@H]1[C@@H](c2cccc(I)c2)C[C@H]2CC[C@H]1N2,8.44
ZINC000100874447,CNC[C@H]1[C@H]2CC[C@@H](C2)[C@@H]1c1ccc2ccccc2c1,8.44
ZINC000101108911,CC(C)OC(=O)[C@H]1[C@@H](c2ccc(I)cc2)C[C@H]2CC[C@H]1N2,8.44
ZINC000013490086,Cc1cccc2sc(C3CCN(C[C@H](O)COc4cccc5[nH]ccc45)CC3)cc12,8.43
ZINC000013530834,Ic1cccc(O[C@H](c2ccccc2)C2CCNCC2)c1,8.43
ZINC000013530837,Ic1cccc(O[C@@H](c2ccccc2)C2CCNCC2)c1,8.43
ZINC000028885695,Fc1ccc([C@@H]2CN3CCC[C@@H]3c3cc(OCCCN4CCCCC4)ccc32)cc1,8.43
ZINC000028885700,Fc1ccc([C@H]2CN3CCC[C@@H]3c3cc(OCCCN4CCCCC4)ccc32)cc1,8.43
ZINC000028892976,CN(C)CC[C@@H](Oc1ccc([N+](=O)[O-])cc1)c1ccc(OCCCN2CCCCC2)cc1,8.43
ZINC000028892981,CN(C)CC[C@H](Oc1ccc([N+](=O)[O-])cc1)c1ccc(OCCCN2CCCCC2)cc1,8.43
ZINC000038678600,CCN(C)[C@@H]1CC[C@H](c2c[nH]c3ccc(F)cc23)C1,8.43
ZINC000038678602,CCN(C)[C@H]1CC[C@H](c2c[nH]c3ccc(F)cc23)C1,8.43
ZINC000058692356,Fc1ccc([C@@H]2CN3CCC[C@H]3c3cc(OCCCN4CCCCC4)ccc32)cc1,8.43
ZINC000140453909,Fc1ccc([C@H]2CN3CCC[C@H]3c3cc(OCCCN4CCCCC4)ccc32)cc1,8.43
ZINC000169363181,CCN(C)[C@@H]1CC[C@@H](c2c[nH]c3ccc(F)cc23)C1,8.43
ZINC000169363182,CCN(C)[C@H]1CC[C@@H](c2c[nH]c3ccc(F)cc23)C1,8.43
ZINC000000006016,COc1ccc([C@@H](CN(C)C)C2(O)CCCCC2)cc1,8.42
ZINC000000896698,COc1ccc([C@H](CN(C)C)C2(O)CCCCC2)cc1,8.42
ZINC000001493886,Cc1cccc(C#N)c1-c1cccc2c1-c1cccc3c1[C@@H](C2)N(C)CC3,8.42
ZINC000013588070,CNCC[C@@H](Oc1cccc2ccccc12)c1ccc(Cl)cc1,8.42
ZINC000013588071,CNCC[C@H](Oc1cccc2ccccc12)c1ccc(Cl)cc1,8.42
ZINC000028827078,CSc1ccc([C@@H]2CN(C)Cc3cc(Oc4ccc(CN5CCCCC5)cc4)ccc32)cc1,8.42
ZINC000028827079,CSc1ccc([C@H]2CN(C)Cc3cc(Oc4ccc(CN5CCCCC5)cc4)ccc32)cc1,8.42
ZINC000033977883,CNCc1cc(OC)ccc1Oc1ccc(Cl)c(Cl)c1,8.42
ZINC000040379958,CNCc1cc(C(N)=O)ccc1Oc1ccc(Cl)c(Cl)c1,8.42
ZINC000096909371,CN(C)C[C@@H]1CCC[C@H]1c1ccc2[nH]cc(C#N)c2c1,8.42
ZINC000013530960,N#Cc1ccc(O[C@H](c2ccccc2)C2CCNCC2)cc1Cl,8.41
ZINC000013530963,N#Cc1ccc(O[C@@H](c2ccccc2)C2CCNCC2)cc1Cl,8.41
ZINC000013582516,COc1cccc(N2CCN(CCCCc3c[nH]c4ccc(C#N)cc34)CC2)c1C#N,8.41
ZINC000013582546,N#Cc1ccc2[nH]cc(CCCCN3CCN(c4ccc5occc5c4)CC3)c2c1,8.41
ZINC000022930635,COc1cc2c(cc1OC)C1=NO[C@@H](CN3CCN(Cc4cccc5ccccc45)CC3)[C@@H]1CO2,8.41
ZINC000026644028,COc1cc2c(cc1OC)C1=NO[C@H](CN3CCN(Cc4cccc5ccccc45)CC3)[C@H]1CO2,8.41
ZINC000026644034,COc1cc2c(cc1OC)C1=NO[C@H](CN3CCN(Cc4cccc5ccccc45)CC3)[C@@H]1CO2,8.41
ZINC000026644039,COc1cc2c(cc1OC)C1=NO[C@@H](CN3CCN(Cc4cccc5ccccc45)CC3)[C@H]1CO2,8.41
ZINC000036093213,Clc1ccccc1C[C@H](c1ccccc1)N1CCNCC1,8.41
ZINC000036093214,Clc1ccccc1C[C@@H](c1ccccc1)N1CCNCC1,8.41
ZINC000036093253,Clc1cccc(C[C@H](c2ccccc2)N2CCNCC2)c1Cl,8.41
ZINC000036093254,Clc1cccc(C[C@@H](c2ccccc2)N2CCNCC2)c1Cl,8.41
ZINC000045374958,CN1CCCC[C@@H]1CCc1c[nH]c2ccc(C#N)cc12,8.41
ZINC000045374962,CN1CCCC[C@H]1CCc1c[nH]c2ccc(C#N)cc12,8.41
ZINC000058575437,CN(C)CCC[C@]1(c2ccc(F)cc2)OCc2c(Br)cccc21,8.41
ZINC000062224772,CN(C)CCC[C@@]1(c2ccc(F)cc2)OCc2c(Br)cccc21,8.41
ZINC000064573280,CN1CCC(C(=O)OCc2ccccc2)(c2ccc(Cl)c(Cl)c2)CC1,8.41
ZINC000072106304,CCCc1nc(C(=O)NCCCN2CCN(c3cccc(Cl)c3C)CC2)c(C)n1-c1ccccc1,8.41
ZINC000095587191,CCN(C)c1cc(C(F)(F)F)cc(COCC2(c3ccc(F)cc3)CCN(C)CC2)n1,8.41
ZINC000096307642,Cc1ccc2c3c(ccc2n1)OC[C@H](CN1CCCN(c2ccc4cc(F)ccc4n2)CC1)O3,8.41
ZINC000100061090,COC(=O)[C@@H]1[C@H](c2ccc(-c3cncc(OC)c3)cc2)C[C@H]2CC[C@H]1N2C,8.41
ZINC000253638709,COC(=O)[C@@H]1[C@@H](c2ccc(-c3cncc(OC)c3)cc2)C[C@H]2CC[C@H]1N2C,8.41
ZINC000253638711,COC(=O)[C@H]1[C@H](c2ccc(-c3cncc(OC)c3)cc2)C[C@H]2CC[C@H]1N2C,8.41
ZINC000253638713,COC(=O)[C@H]1[C@@H](c2ccc(-c3cncc(OC)c3)cc2)C[C@H]2CC[C@H]1N2C,8.41
ZINC000299858419,O=c1c(-c2ccccc2F)c2ccccn2c(=O)n1CCCCN1CC=C(c2c[nH]c3ccc(F)cc23)CC1,8.41
ZINC000000593140,CSc1ccc(Oc2ccc(S(N)(=O)=O)cc2CN(C)C)cc1,8.4
ZINC000013588074,CNCC[C@@H](Oc1cccc2ccccc12)c1cccc(C)c1,8.4
ZINC000013588075,CNCC[C@H](Oc1cccc2ccccc12)c1cccc(C)c1,8.4
ZINC000028223845,O=S1(=O)c2cccc3cccc(c23)N1CCN1CCC(Cc2cc3cc(F)ccc3[nH]2)CC1,8.4
ZINC000028571472,CN[C@H]1CC[C@@H](c2ccc(Cl)c(Cl)c2)c2ccc(-n3cncn3)cc21,8.4
ZINC000028818150,COc1ccc([C@@H]2CN(C)Cc3cc(OCCCN4CCN(c5ccncc5)CC4)ccc32)cc1,8.4
ZINC000028818152,COc1ccc([C@H]2CN(C)Cc3cc(OCCCN4CCN(c5ccncc5)CC4)ccc32)cc1,8.4
ZINC000028885645,Clc1cccc([C@@H]2CN3CCC[C@@H]3c3cc(OCCCN4CCCCC4)ccc32)c1,8.4
ZINC000028885652,Clc1cccc([C@H]2CN3CCC[C@@H]3c3cc(OCCCN4CCCCC4)ccc32)c1,8.4
ZINC000028948788,Clc1cccc(CN(CC2CC2)[C@@H]2CCNC2)c1Cl,8.4
ZINC000029046204,CN(C)Cc1cnccc1Oc1ccc(Cl)cc1Br,8.4
ZINC000029046471,CNCc1cnc(C)cc1Oc1ccc(Cl)cc1OC,8.4
ZINC000029129913,CN(C)Cc1ccccc1Oc1ccc(Cl)cc1Cl,8.4
ZINC000035976207,NC[C@H]1CC[C@@H](c2ccc3ccccc3c2)O1,8.4
ZINC000035976208,NC[C@H]1CC[C@H](c2ccc3ccccc3c2)O1,8.4
ZINC000035976210,NC[C@@H]1CC[C@@H](c2ccc3ccccc3c2)O1,8.4
ZINC000035976212,NC[C@@H]1CC[C@H](c2ccc3ccccc3c2)O1,8.4
ZINC000036093166,CC(C)(O)CN(Cc1ccc(F)cc1C(F)(F)F)C1CCNCC1,8.4
ZINC000036093204,N#Cc1cccc(C[C@H](c2ccccc2)N2CCNCC2)c1,8.4
ZINC000036093205,N#Cc1cccc(C[C@@H](c2ccccc2)N2CCNCC2)c1,8.4
ZINC000038001535,CNCc1ccccc1Oc1ccc(Cl)c(Cl)c1,8.4
ZINC000040422718,CNCc1ccccc1Cc1ccc(SC)cc1,8.4
ZINC000040834039,CSc1ccc(Oc2ccc(Cl)cc2CN(C)C)cc1,8.4
ZINC000040862247,CCOC(=O)c1cc2cc([C@]3(Cc4ccccc4)CCNC3)ccc2[nH]1,8.4
ZINC000040862249,CCOC(=O)c1cc2cc([C@@]3(Cc4ccccc4)CCNC3)ccc2[nH]1,8.4
ZINC000040865566,Cn1ccc2cc([C@]3(Cc4ccccc4)CCNC3)ccc21,8.4
ZINC000040865568,Cn1ccc2cc([C@@]3(Cc4ccccc4)CCNC3)ccc21,8.4
ZINC000040896210,Fc1ccc2cc(CO[C@@H]3CCNC3)ccc2c1,8.4
ZINC000040977369,Cc1c(CCN2CCNCC2)ccc2cc(F)ccc12,8.4
ZINC000040980482,CNCc1cc(C(N)=O)ccc1Cc1ccc(Cl)c(Cl)c1,8.4
ZINC000043015950,Clc1cccc(O[C@@H](c2cccnc2)[C@@H]2CCCNC2)c1Cl,8.4
ZINC000043015953,Clc1cccc(O[C@H](c2cccnc2)[C@@H]2CCCNC2)c1Cl,8.4
ZINC000043178341,CN1CCC(COCc2cc(C(F)(F)F)cc(N3CC=CC3)n2)(c2ccc(F)cc2)CC1,8.4
ZINC000045253083,O=C1Cc2c(ccc3c2OC[C@H](CNCCC[C@@H]2CCc4c([nH]c5ccc(F)cc45)C2)O3)N1,8.4
ZINC000045253085,O=C1Cc2c(ccc3c2OC[C@H](CNCCC[C@H]2CCc4c([nH]c5ccc(F)cc45)C2)O3)N1,8.4
ZINC000045339809,CCN1CCCC[C@@H]1CCc1c[nH]c2ccc(C#N)cc12,8.4
ZINC000045339811,CCN1CCCC[C@H]1CCc1c[nH]c2ccc(C#N)cc12,8.4
ZINC000045375044,COc1cccc2c([C@@H](C)CN3CC=C(c4c[nH]c5ccccc45)CC3)coc12,8.4
ZINC000045375048,COc1cccc2c([C@H](C)CN3CC=C(c4c[nH]c5ccccc45)CC3)coc12,8.4
ZINC000053276627,c1ccc(CC[C@@H]2CNCCN2c2ccc3[nH]ncc3c2)cc1,8.4
ZINC000053276630,c1ccc(CC[C@H]2CNCCN2c2ccc3[nH]ncc3c2)cc1,8.4
ZINC000053314343,CCCC[C@@H]1CNCCN1c1ccc2[nH]ncc2c1,8.4
ZINC000053314348,CCCC[C@H]1CNCCN1c1ccc2[nH]ncc2c1,8.4
ZINC000058581764,O=C(c1cc(F)c2[nH]ccc2c1)[C@@]1(Cc2ccccc2)CCNC1,8.4
ZINC000058692621,Clc1cccc([C@H]2CN3CCC[C@H]3c3cc(OCCCN4CCCCC4)ccc32)c1,8.4
ZINC000062225274,O=C(c1cc(F)c2[nH]ccc2c1)[C@]1(Cc2ccccc2)CCNC1,8.4
ZINC000095586959,Fc1cc(F)cc(O[C@H](c2ccccc2)[C@@H]2CCNC2)c1,8.4
ZINC000095587482,Clc1ccc(Cl)c(O[C@@H](c2ccccc2)[C@H]2CCNC2)c1Cl,8.4
ZINC000095587925,Clc1ccc(Cl)c(O[C@H](c2ccccc2)[C@@H]2CCNC2)c1Cl,8.4
ZINC000095587969,Clc1ccccc1O[C@H](c1ccccc1)[C@@H]1CCNC1,8.4
ZINC000095592337,Fc1cc(F)c(Cl)c(O[C@H](c2ccccc2)[C@@H]2CCNC2)c1Cl,8.4
ZINC000096909809,O=C1C[C@@H](c2c[nH]c3ccccc23)C(=O)N1CCCN1CC=C(c2c[nH]c3ccccc23)CC1,8.4
ZINC000096924128,CN1CC(OCc2ccc(Cl)cc2)(c2ccccc2)C1,8.4
ZINC000100097505,COC(=O)[C@@H]1[C@H](c2ccc(Cl)cc2)C[C@H]2CC[C@H]1N2C,8.4
ZINC000100739547,COC(=O)[C@@H]1[C@@H](c2ccc(Cl)cc2)C[C@H]2CC[C@H]1N2C,8.4
ZINC000101025852,COC(=O)[C@H]1[C@H](c2ccc(Cl)cc2)C[C@H]2CC[C@H]1N2C,8.4
ZINC000101030940,COc1ccccc1OCCN[C@@H]1CC[C@@H](c2c[nH]c3ccc(F)cc23)CC1,8.4
ZINC000101031422,COC(=O)[C@@H]1[C@H](c2ccc(-c3cscc3Br)cc2)C[C@H]2CC[C@H]1N2C,8.4
ZINC000101118031,C1=C(c2c[nH]c3ccccc23)C[C@H]2CC[C@H]1N2CCOc1cccc2c1OCCO2,8.4
ZINC000101225801,COC(=O)[C@H]1[C@@H](c2ccc(Cl)cc2)C[C@H]2CC[C@H]1N2C,8.4
ZINC000103135101,O=C1C[C@H](c2c[nH]c3ccccc23)C(=O)N1CCCN1CC=C(c2c[nH]c3ccccc23)CC1,8.4
ZINC000140413790,Clc1cccc([C@@H]2CN3CCC[C@H]3c3cc(OCCCN4CCCCC4)ccc32)c1,8.4
ZINC000168431679,COC(=O)[C@H]1[C@@H](c2ccc(-c3cscc3Br)cc2)C[C@H]2CC[C@H]1N2C,8.4
ZINC000169345036,CN(C)CC[C@@H](Oc1ccc(NC(=O)Nc2ccc3nccn3c2)cc1)c1ccccc1,8.4
ZINC000169345038,CN(C)CC[C@H](Oc1ccc(NC(=O)Nc2ccc3nccn3c2)cc1)c1ccccc1,8.4
ZINC000253701806,O=C(OC[C@@H]1[C@H]2C[C@H]3CC[C@H]1N3C/C2=C\c1ccc(Br)cc1)c1ccccc1,8.4
ZINC000253701812,O=C(OC[C@H]1[C@H]2C[C@H]3CC[C@H]1N3C/C2=C\c1ccc(Br)cc1)c1ccccc1,8.4
ZINC000261073308,COC(=O)[C@@H]1[C@@H](c2ccc(-c3cscc3Br)cc2)C[C@H]2CC[C@H]1N2C,8.4
ZINC000261073310,COC(=O)[C@H]1[C@H](c2ccc(-c3cscc3Br)cc2)C[C@H]2CC[C@H]1N2C,8.4
ZINC000000594917,O[C@@H](CCN1CCN(c2cccc3[nH]ccc23)CC1)c1csc2ccccc12,8.39
ZINC000001488041,CN(C)C[C@@H](c1ccc2ccccc2c1)[C@@H](O)c1ccccc1,8.39
ZINC000013491137,O[C@H](CCN1CCN(c2cccc3[nH]ccc23)CC1)c1csc2ccccc12,8.39
ZINC000013582513,COc1cc(C#N)ccc1N1CCN(CCCCc2c[nH]c3ccc(C#N)cc23)CC1,8.39
ZINC000013588062,CNCC[C@@H](Oc1cccc2ccccc12)c1ccc(Br)cc1,8.39
ZINC000013588063,CNCC[C@H](Oc1cccc2ccccc12)c1ccc(Br)cc1,8.39
ZINC000022930632,COc1cc2c(cc1OC)C1=NO[C@@H](CN3CCN(CC4=Cc5ccccc5C4)CC3)[C@@H]1CO2,8.39
ZINC000026655841,COc1cc2c(cc1OC)C1=NO[C@H](CN3CCN(CC4=Cc5ccccc5C4)CC3)[C@H]1CO2,8.39
ZINC000026655846,COc1cc2c(cc1OC)C1=NO[C@H](CN3CCN(CC4=Cc5ccccc5C4)CC3)[C@@H]1CO2,8.39
ZINC000026655851,COc1cc2c(cc1OC)C1=NO[C@@H](CN3CCN(CC4=Cc5ccccc5C4)CC3)[C@H]1CO2,8.39
ZINC000028960316,CN(C)C[C@@H]1C[C@@H]1c1cccc2cc(C#N)ccc12,8.39
ZINC000028960319,CN(C)C[C@H]1C[C@@H]1c1cccc2cc(C#N)ccc12,8.39
ZINC000028960322,CN(C)C[C@@H]1C[C@H]1c1cccc2cc(C#N)ccc12,8.39
ZINC000028960326,CN(C)C[C@H]1C[C@H]1c1cccc2cc(C#N)ccc12,8.39
ZINC000036093155,CC(C)CN(Cc1c(F)cccc1C(F)(F)F)C1CCNCC1,8.39
ZINC000040980978,CNCCC[C@H](c1ccc(Cl)c(Cl)c1)c1cccc2ccccc12,8.39
ZINC000101221889,COc1ccc([C@H]2C[C@H]3CC[C@H]([C@H]2C(=O)OCCc2ccc(N)c(Br)c2)N3C)cc1,8.39
ZINC000013491126,O[C@@H](CCN1CCN(c2cnc3ccccc3c2)CC1)c1csc2ccccc12,8.38
ZINC000013491127,O[C@H](CCN1CCN(c2cnc3ccccc3c2)CC1)c1csc2ccccc12,8.38
ZINC000013530775,Fc1ccc([C@@H](Oc2ccc3c(c2)OCO3)[C@@H]2CCCNC2)cc1,8.38
ZINC000013530778,Fc1ccc([C@H](Oc2ccc3c(c2)OCO3)[C@@H]2CCCNC2)cc1,8.38
ZINC000013530781,Fc1ccc([C@@H](Oc2ccc3c(c2)OCO3)[C@H]2CCCNC2)cc1,8.38
ZINC000013530784,Fc1ccc([C@H](Oc2ccc3c(c2)OCO3)[C@H]2CCCNC2)cc1,8.38
ZINC000013530804,Fc1ccccc1O[C@H](c1ccccc1)C1CCNCC1,8.38
ZINC000013530807,Fc1ccccc1O[C@@H](c1ccccc1)C1CCNCC1,8.38
ZINC000028569726,Cc1ccc([S@](=O)c2ccccc2CN(C)C)c(N)c1,8.38
ZINC000028569727,Cc1ccc([S@@](=O)c2ccccc2CN(C)C)c(N)c1,8.38
ZINC000029487699,CN[C@@H]1C[C@@H](c2ccc(Cl)c(C(F)(F)F)c2)c2ccccc21,8.38
ZINC000029487702,CN[C@H]1C[C@@H](c2ccc(Cl)c(C(F)(F)F)c2)c2ccccc21,8.38
ZINC000029487705,CN[C@@H]1C[C@H](c2ccc(Cl)c(C(F)(F)F)c2)c2ccccc21,8.38
ZINC000029487708,CN[C@H]1C[C@H](c2ccc(Cl)c(C(F)(F)F)c2)c2ccccc21,8.38
ZINC000036093147,CC(C)(C#N)CN(Cc1ccc(F)cc1C(F)(F)F)C1CCNCC1,8.38
ZINC000040845485,CNCc1ccc(Cl)cc1Oc1ccc(C)c(Cl)c1,8.38
ZINC000045358489,N#Cc1ccc2[nH]cc(C3=CCN(CCc4coc5ccc(F)cc45)CC3)c2c1,8.38
ZINC000096924126,Clc1ccc(COC2(c3ccc(Cl)c(Cl)c3)CNC2)cc1Cl,8.38
ZINC000103245896,COC(=O)c1ccc2c(c1)CO[C@@]2(CCCN(C)C)c1ccc(F)cc1,8.38
ZINC000103245898,COC(=O)c1ccc2c(c1)CO[C@]2(CCCN(C)C)c1ccc(F)cc1,8.38
ZINC000013530905,Fc1cccc([C@@H](Oc2ccccc2F)C2CCNCC2)c1,8.37
ZINC000013530909,Fc1cccc([C@H](Oc2ccccc2F)C2CCNCC2)c1,8.37
ZINC000013531273,Cc1cccc(O)c1-c1cccc2c1-c1cccc3c1[C@@H](C2)N(C)CC3,8.37
ZINC000013535659,C[C@H]1C[C@@H](c2cc3cc(F)ccc3s2)CCN1C[C@H](O)COc1cccc2[nH]ccc12,8.37
ZINC000013738419,COC(=O)[C@H]1[C@@H](c2ccc(OC)cc2)C[C@@H]2CC[C@H]1N2C,8.37
ZINC000013806915,CN1CCc2ccc3c4c2[C@H]1Cc1cccc(c1-4)[C@]3(C)O,8.37
ZINC000028827088,CSc1ccc([C@@H]2CN(C)Cc3cc(Oc4nc(CN5CCCCC5)cs4)ccc32)cc1,8.37
ZINC000028827089,CSc1ccc([C@H]2CN(C)Cc3cc(Oc4nc(CN5CCCCC5)cs4)ccc32)cc1,8.37
ZINC000028892994,COc1cccc([C@@H]2CN(C)Cc3cc(OCCCN4CCC(F)CC4)ccc32)c1,8.37
ZINC000028893000,COc1cccc([C@H]2CN(C)Cc3cc(OCCCN4CCC(F)CC4)ccc32)c1,8.37
ZINC000029482056,CN(C)[C@@H]1C[C@@H](c2ccc(F)cc2)c2ccc(C(F)(F)F)cc21,8.37
ZINC000029482059,CN(C)[C@H]1C[C@@H](c2ccc(F)cc2)c2ccc(C(F)(F)F)cc21,8.37
ZINC000029482061,CN(C)[C@@H]1C[C@H](c2ccc(F)cc2)c2ccc(C(F)(F)F)cc21,8.37
ZINC000029482063,CN(C)[C@H]1C[C@H](c2ccc(F)cc2)c2ccc(C(F)(F)F)cc21,8.37
ZINC000034007291,CN(C)CCC[C@@]1(c2ccc(F)cc2)OCc2cc(C=O)ccc21,8.37
ZINC000034007292,CN(C)CCC[C@]1(c2ccc(F)cc2)OCc2cc(C=O)ccc21,8.37
ZINC000036093128,CC(C)(C)CN(Cc1ccccc1C(F)(F)F)C1CCNCC1,8.37
ZINC000036248226,COc1cccc2c1C[C@H](N(CCCc1c[nH]c3ccc(F)cc13)CC1CC1)CO2,8.37
ZINC000036248229,COc1cccc2c1C[C@@H](N(CCCc1c[nH]c3ccc(F)cc13)CC1CC1)CO2,8.37
ZINC000038677377,CNC[C@@H]1CCC[C@H]1c1ccc2[nH]cc(C#N)c2c1,8.37
ZINC000040836023,CNCc1ccc(Cl)cc1Oc1ccc(Cl)c(C)c1,8.37
ZINC000043178339,CN1CCC(COCc2cc(C(F)(F)F)cc(Cl)n2)(c2ccc(F)cc2)CC1,8.37
ZINC000045285615,COC(=O)[C@H]1[C@@H](c2ccc([S@](C)=O)cc2)C[C@@H]2CC[C@H]1N2C,8.37
ZINC000064446741,CN(C)[C@@H]1CC[C@H](c2c[nH]c3ccc(Br)cc23)C1,8.37
ZINC000064446743,CN(C)[C@H]1CC[C@H](c2c[nH]c3ccc(Br)cc23)C1,8.37
ZINC000064446744,CN(C)[C@@H]1CC[C@@H](c2c[nH]c3ccc(Br)cc23)C1,8.37
ZINC000064446746,CN(C)[C@H]1CC[C@@H](c2c[nH]c3ccc(Br)cc23)C1,8.37
ZINC000064573143,CN1CCC(C(=O)OCc2ccc(Cl)c(Cl)c2)(c2ccc(Cl)c(Cl)c2)CC1,8.37
ZINC000095563472,COc1ccc(Sc2ccccc2N2CCNCC2)c(Cl)c1,8.37
ZINC000095586428,CN1CCC(COCc2cc(C(F)(F)F)cc(C#N)n2)(c2ccccc2)CC1,8.37
ZINC000100645227,COC(=O)[C@H]1[C@@H](c2ccc(OC)cc2)C[C@H]2CC[C@H]1N2C,8.37
ZINC000100741821,CCC(=O)[C@H]1[C@@H](c2ccc(-c3ccccc3)cc2)C[C@H]2CC[C@H]1N2C,8.37
ZINC000100741824,CCC(=O)[C@@H]1[C@@H](c2ccc(-c3ccccc3)cc2)C[C@H]2CC[C@H]1N2C,8.37
ZINC000100921470,COC(=O)[C@@H]1[C@@H](c2ccc(C#Cc3ccccc3)cc2)C[C@H]2CC[C@H]1N2C,8.37
ZINC000100921472,COC(=O)[C@H]1[C@@H](c2ccc(C#Cc3ccccc3)cc2)C[C@H]2CC[C@H]1N2C,8.37
ZINC000101876462,COC(=O)[C@H]1[C@@H](c2ccc([S@@](C)=O)cc2)C[C@@H]2CC[C@H]1N2C,8.37
ZINC000253635421,CCC(=O)[C@@H]1[C@H](c2ccc(-c3ccccc3)cc2)C[C@H]2CC[C@H]1N2C,8.37
ZINC000253635425,CCC(=O)[C@H]1[C@H](c2ccc(-c3ccccc3)cc2)C[C@H]2CC[C@H]1N2C,8.37
ZINC000000402912,NCCc1c[nH]c2cc(F)ccc12,8.36
ZINC000027330034,C#Cc1ccc([C@H]2C[C@H]3CC[C@@H]([C@H]2C(=O)OC)N3C)cc1,8.36
ZINC000027330038,C#Cc1ccc([C@H]2C[C@H]3CC[C@@H]([C@@H]2C(=O)OC)N3C)cc1,8.36
ZINC000028893141,Cc1ccc([C@@H]2CN(C)Cc3cc(OCCCN4CCC(F)CC4)ccc32)cc1,8.36
ZINC000028893147,Cc1ccc([C@H]2CN(C)Cc3cc(OCCCN4CCC(F)CC4)ccc32)cc1,8.36
ZINC000029231013,Fc1ccc([C@@H]2CN3CCC[C@@H]3c3cc(F)ccc32)cc1,8.36
ZINC000040380195,CNCc1cc(F)c(Cl)cc1Oc1ccc(Cl)c(Cl)c1,8.36
ZINC000043104641,CN(C)Cc1ccc2c(c1)CN(C)C[C@H]2c1ccc2sccc2c1,8.36
ZINC000043104644,CN(C)Cc1ccc2c(c1)CN(C)C[C@@H]2c1ccc2sccc2c1,8.36
ZINC000095557867,Cc1cccc(Sc2ccccc2N2CCNCC2)c1C,8.36
ZINC000100966415,CNC[C@H]1[C@H]2CC[C@@H](C2)[C@@H]1c1ccc2cc(F)ccc2c1,8.36
ZINC000101019741,Cn1ccc2c(OCCN3[C@H]4C=C(c5ccc6ccccc6c5)C[C@H]3CC4)cccc21,8.36
ZINC000149951151,CN1Cc2cc(N3CCOCC3)ccc2[C@H](c2cc3ccccc3s2)C1,8.36
ZINC000149951356,CN1Cc2cc(N3CCOCC3)ccc2[C@@H](c2cc3ccccc3s2)C1,8.36
ZINC000169318935,C#Cc1ccc([C@@H]2C[C@H]3CC[C@@H]([C@@H]2C(=O)OC)N3C)cc1,8.36
ZINC000253632591,CC(=O)OC[C@H]1[C@H]2C[C@H]3CC[C@H]1N3C/C2=C\c1ccc2ccccc2c1,8.36
ZINC000253632592,CC(=O)OC[C@@H]1[C@H]2C[C@H]3CC[C@H]1N3C/C2=C\c1ccc2ccccc2c1,8.36
ZINC000253639437,C#Cc1ccc([C@@H]2C[C@H]3CC[C@@H]([C@H]2C(=O)OC)N3C)cc1,8.36
ZINC000013584865,CN1CC[C@H](c2ccc(Cl)cc2)[C@@H](CSCC(=O)N2CCCCC2)C1,8.35
ZINC000013677476,CN1CC[C@@H](c2ccc(Cl)cc2)[C@H](CSCC(=O)N2CCCCC2)C1,8.35
ZINC000013677497,CN1CC[C@@H](c2ccc(Cl)cc2)[C@@H](CSCC(=O)N2CCCCC2)C1,8.35
ZINC000013677522,CN1CC[C@H](c2ccc(Cl)cc2)[C@H](CSCC(=O)N2CCCCC2)C1,8.35
ZINC000029231235,COc1ccc2c(c1)[C@H]1CCCN1C[C@H]2c1ccccc1,8.35
ZINC000034279959,CNCc1cc(F)c(OC)cc1Oc1ccc(Cl)c(Cl)c1,8.35
ZINC000045254619,CC(=O)N(Cc1ccc2ccccc2c1)C1CCNCC1,8.35
ZINC000045299675,CCSc1ccc([C@H]2C[C@H]3CC[C@@H]([C@H]2C(=O)OC)N3C)cc1,8.35
ZINC000072107536,COc1ccc([C@]23CCC[C@H]2CN(C)C3)cc1,8.35
ZINC000150078116,CN1Cc2cc(N3CCOCC3)ccc2[C@H](c2ccc3ccsc3c2)C1,8.35
ZINC000150078333,CN1Cc2cc(N3CCOCC3)ccc2[C@@H](c2ccc3ccsc3c2)C1,8.35
ZINC000029340629,C[C@@H]1CN(c2ccc3cc([N+](=O)[O-])ccc3n2)CCN1,8.34
ZINC000029340632,C[C@H]1CN(c2ccc3cc([N+](=O)[O-])ccc3n2)CCN1,8.34
ZINC000029488278,CN[C@@H]1C[C@@H](c2ccc(F)c(F)c2)c2ccccc21,8.34
ZINC000029488281,CN[C@H]1C[C@@H](c2ccc(F)c(F)c2)c2ccccc21,8.34
ZINC000029488283,CN[C@@H]1C[C@H](c2ccc(F)c(F)c2)c2ccccc21,8.34
ZINC000029488285,CN[C@H]1C[C@H](c2ccc(F)c(F)c2)c2ccccc21,8.34
ZINC000036093164,FC(F)(F)CN(Cc1ccccc1C(F)(F)F)C1CCNCC1,8.34
ZINC000045289200,Cc1c(CN([C@@H]2CCNC2)S(C)(=O)=O)ccc2cc(F)ccc12,8.34
ZINC000101005392,COC(=O)[C@@H]1[C@H](c2ccc(-c3ccc(I)s3)cc2)C[C@H]2CC[C@H]1N2C,8.34
ZINC000101181587,Fc1ccc2[nH]cc([C@@H]3CC[C@@H](N4CCN(c5cccc6cccnc56)CC4)CC3)c2c1,8.34
ZINC000253636685,COC(=O)[C@H]1[C@@H](c2ccc(-c3ccc(I)s3)cc2)C[C@H]2CC[C@H]1N2C,8.34
ZINC000253636688,COC(=O)[C@H]1[C@H](c2ccc(-c3ccc(I)s3)cc2)C[C@H]2CC[C@H]1N2C,8.34
ZINC000253636690,COC(=O)[C@@H]1[C@@H](c2ccc(-c3ccc(I)s3)cc2)C[C@H]2CC[C@H]1N2C,8.34
ZINC000013764429,COC(=O)[C@H]1[C@@H](c2ccc(Cl)c(Cl)c2)C[C@@H]2CC[C@H]1O2,8.33
ZINC000013764447,COC(=O)[C@@H]1[C@H]2CC[C@@H](C[C@H]1c1ccc(Cl)c(Cl)c1)O2,8.33
ZINC000026577964,COC(=O)[C@@H]1[C@@H](c2ccc(Cl)c(Cl)c2)C[C@@H]2CC[C@H]1O2,8.33
ZINC000028885968,COc1cccc([C@@H]2CN3CCC[C@@H]3c3cc(OCCCN4CCCCC4)ccc32)c1,8.33
ZINC000028885974,COc1cccc([C@H]2CN3CCC[C@@H]3c3cc(OCCCN4CCCCC4)ccc32)c1,8.33
ZINC000029480012,CN[C@@H]1C[C@@H](c2ccc(C(F)(F)F)cc2)c2ccccc21,8.33
ZINC000029480015,CN[C@H]1C[C@@H](c2ccc(C(F)(F)F)cc2)c2ccccc21,8.33
ZINC000029480018,CN[C@@H]1C[C@H](c2ccc(C(F)(F)F)cc2)c2ccccc21,8.33
ZINC000029480020,CN[C@H]1C[C@H](c2ccc(C(F)(F)F)cc2)c2ccccc21,8.33
ZINC000034661427,N[C@H]1CC[C@@](COCc2cc(C(F)(F)F)cc(C(F)(F)F)c2)(c2ccccc2)C1,8.33
ZINC000036248224,CCCN(CCCc1c[nH]c2ccc(F)cc12)[C@@H]1COc2c(F)ccc(C(N)=O)c2C1,8.33
ZINC000040913984,CNCc1ccc(Cl)cc1Oc1ccc(C)c(C)c1,8.33
ZINC000058503357,COc1cccc([C@H]2CN3CCC[C@H]3c3cc(OCCCN4CCCCC4)ccc32)c1,8.33
ZINC000095563306,Clc1ccc(Sc2ccccc2N2CCNCC2)cc1Cl,8.33
ZINC000100796030,COC(=O)[C@H]1[C@@H](c2ccc(Cl)c(Cl)c2)C[C@H]2CC[C@H]1O2,8.33
ZINC000100936173,COc1cccc2c1O[C@@H](CN1[C@H]3C=C(c4ccc(Cl)c(Cl)c4)C[C@H]1CC3)CO2,8.33
ZINC000101300709,Clc1ccc(CO[C@]2(c3ccc(Cl)c(Cl)c3)C[C@@H]3CC[C@H](C2)N3)cc1Cl,8.33
ZINC000140006750,COc1cccc([C@@H]2CN3CCC[C@H]3c3cc(OCCCN4CCCCC4)ccc32)c1,8.33
ZINC000253838824,COC(=O)[C@H]1[C@H]2CC[C@@H](C[C@H]1c1ccc(Cl)c(Cl)c1)O2,8.33
ZINC000013586312,COC(=O)[C@H]1[C@H](c2ccc(Cl)cc2)C[C@@H]2CC[C@H]1N2C,8.32
ZINC000028818024,COc1ccc([C@@H]2CN(C)Cc3cc(OCCCN4CCOCC4)ccc32)cc1,8.32
ZINC000028818026,COc1ccc([C@H]2CN(C)Cc3cc(OCCCN4CCOCC4)ccc32)cc1,8.32
ZINC000029237631,Clc1ccc2c(c1)[C@H]1CCCN1C[C@H]2c1ccccc1,8.32
ZINC000034044260,CNCc1cc(Br)ccc1Oc1ccc(Cl)c(Cl)c1,8.32
ZINC000072111462,CN1C[C@@H]2CCCC[C@]2(c2ccc3ccccc3c2)C1,8.32
ZINC000095588027,CCNc1cc(C(F)(F)F)cc(COCC2(c3ccc(F)cc3)CCN(C)CC2)n1,8.32
ZINC000096924134,CN1CC(OCc2ccc(Cl)cc2)(c2ccc(Cl)c(Cl)c2)C1,8.32
ZINC000101221512,COC(=O)[C@H]1[C@@H](c2ccc(OC)c(F)c2)C[C@H]2CC[C@H]1N2C,8.32
ZINC000026674704,FC(F)(F)c1ccc([C@@H]2CN3CCC[C@@H]3c3ccccc32)cc1,8.31
ZINC000029545696,Fc1ccc2[nH]cc(CCCN3CCc4ccccc4C3)c2c1,8.31
ZINC000072105141,Cc1cccc(N2CCN(CCCNC(=O)c3nc(C)n(-c4cccc(Cl)c4)c3C)CC2)c1C,8.31
ZINC000100651697,COC(=O)[C@@H]1[C@@H](c2ccc(Br)cc2)C[C@H]2CC[C@H]1N2C,8.31
ZINC000100651700,COC(=O)[C@H]1[C@@H](c2ccc(Br)cc2)C[C@H]2CC[C@H]1N2C,8.31
ZINC000100966520,CNC[C@@H]1[C@H]2CC[C@@H](C2)[C@@H]1c1ccc2ccccc2c1,8.31
ZINC000100989372,CNC[C@@H]1[C@H]2CC[C@@H](C2)[C@H]1c1ccc2ccccc2c1,8.31
ZINC000101181466,N#Cc1ccc2[nH]cc([C@H]3CC[C@@H](N4CCN(c5cccc6ncccc56)CC4)CC3)c2c1,8.31
ZINC000102356721,CNC[C@H]1[C@H]2CC[C@@H](C2)[C@H]1c1ccc2ccccc2c1,8.31
ZINC000150226332,CN1Cc2cc(N3CCOCC3)ccc2[C@H](c2ccc3sccc3c2)C1,8.31
ZINC000164764246,Cc1ccc2c(c1)CN(C)C[C@H]2c1ccc2sccc2c1,8.31
ZINC000164764371,Cc1ccc2c(c1)CN(C)C[C@@H]2c1ccc2sccc2c1,8.31
ZINC000000593144,CN(C)Cc1cc(NS(C)(=O)=O)ccc1Oc1ccc(C(F)(F)F)cc1,8.3
ZINC000013582468,O/N=C/c1ccc2[nH]cc(CCCCN3CCN(c4ccc5c(c4)OCCO5)CC3)c2c1,8.3
ZINC000013826847,O=S1(=O)c2cccc3cccc(c23)N1CCN1CCC(CC2=CCc3ccccc32)CC1,8.3
ZINC000022930628,COc1cc2c(cc1OC)C1=NO[C@@H](CN3CCN(Cc4cc5ccccc5s4)CC3)[C@@H]1CO2,8.3
ZINC000022940551,O=S1(=O)c2cccc3cccc(c23)N1CCN1CCN(Cc2c[nH]c3ccc(F)cc23)CC1,8.3
ZINC000026655856,COc1cc2c(cc1OC)C1=NO[C@H](CN3CCN(Cc4cc5ccccc5s4)CC3)[C@H]1CO2,8.3
ZINC000026655862,COc1cc2c(cc1OC)C1=NO[C@H](CN3CCN(Cc4cc5ccccc5s4)CC3)[C@@H]1CO2,8.3
ZINC000026655867,COc1cc2c(cc1OC)C1=NO[C@@H](CN3CCN(Cc4cc5ccccc5s4)CC3)[C@H]1CO2,8.3
ZINC000028089999,O=[N+]([O-])c1ccc([C@@H]2CN3CCC[C@H]3c3ccccc32)cc1,8.3
ZINC000028090006,O=[N+]([O-])c1ccc([C@H]2CN3CCC[C@H]3c3ccccc32)cc1,8.3
ZINC000028345545,O=c1[nH]c2cc3c(cc2c2c1[C@@H](N1CCC(Cc4cc(F)ccc4F)CC1)CCC2)OCO3,8.3
ZINC000028570459,CN[C@H]1CC[C@@H](c2ccc(Cl)c(Cl)c2)c2ccc(S(=O)(=O)NCCO)cc21,8.3
ZINC000028571324,CN[C@H]1CC[C@@H](c2ccc(Cl)c(Cl)c2)c2ccc(-n3ccnn3)cc21,8.3
ZINC000028571705,CN[C@H]1CC[C@@H](c2ccc(Cl)c(Cl)c2)c2ccc(C(=O)OC)cc21,8.3
ZINC000028571930,CN[C@H]1CC[C@@H](c2ccc(Cl)c(Cl)c2)c2ccc(S(=O)(=O)NC)cc21,8.3
ZINC000028892954,CN(C)CC[C@@H](Oc1ccc(Br)cc1)c1ccc(OCCCN2CCCCC2)cc1,8.3
ZINC000028892961,CN(C)CC[C@H](Oc1ccc(Br)cc1)c1ccc(OCCCN2CCCCC2)cc1,8.3
ZINC000028948797,Clc1cccc(CN(Cc2ccccn2)[C@H]2CCNC2)c1Cl,8.3
ZINC000028948816,Cc1cccc(CN(C2CCOCC2)[C@H]2CCNC2)c1Cl,8.3
ZINC000029129665,CNCc1cc(C#N)ccc1Oc1ccc(Cl)cc1OC,8.3
ZINC000033977740,CSc1ccc(Oc2ccncc2CN(C)C)cc1Cl,8.3
ZINC000034055612,CSc1ccc(Oc2ccc(S(N)(=O)=O)cc2CN(C)C)cc1C,8.3
ZINC000034658217,CC(C)C(=O)N(Cc1cccc(Cl)c1Cl)[C@@H]1CCNC1,8.3
ZINC000035846154,CC(C)C(=O)N(Cc1ccc(Cl)c(Cl)c1Cl)[C@H]1CCNC1,8.3
ZINC000036093326,CC(C)(O)CCN(Cc1ccc(F)cc1C(F)(F)F)C1CCNCC1,8.3
ZINC000038341482,CC(C)CN(C(=O)c1ccc2ccccc2c1)[C@@H]1CCNC1,8.3
ZINC000040380628,CSc1ccc(Oc2ccc(NS(C)(=O)=O)cc2CN(C)C)cc1,8.3
ZINC000040422953,CNCc1cc(S(=O)(=O)N(C)CCO)ccc1Oc1ccc(SC)cc1,8.3
ZINC000040430722,CN(C)Cc1ccccc1Cc1ccc(Cl)c(Cl)c1,8.3
ZINC000040865716,CNC[C@]1(O)Cc2ccccc2[C@@H]1Oc1ccc(C)cc1C,8.3
ZINC000040895431,COC[C@H](Oc1ccc2ccccc2c1)C1CCNCC1,8.3
ZINC000040895434,COC[C@@H](Oc1ccc2ccccc2c1)C1CCNCC1,8.3
ZINC000040896015,CC(C)CN(Cc1ccc2ccccc2c1)[C@@H]1CCNC1,8.3
ZINC000040935958,CSc1ccc(Sc2ccc(N(C)S(C)(=O)=O)cc2CN(C)C)cc1,8.3
ZINC000040950993,CSc1ccc(Oc2ccc(C)cc2CN(C)C)cc1,8.3
ZINC000040951723,CSc1ccc(Cc2ccccc2CN(C)C)cc1,8.3
ZINC000042966222,Clc1ccc(O[C@@H](c2cccnc2)C2CCNCC2)c(Cl)c1,8.3
ZINC000042966224,Clc1ccc(O[C@H](c2cccnc2)C2CCNCC2)c(Cl)c1,8.3
ZINC000043121716,CCc1ccc(O[C@@H](c2cccnc2)C2CCNCC2)cc1,8.3
ZINC000043121718,CCc1ccc(O[C@H](c2cccnc2)C2CCNCC2)cc1,8.3
ZINC000045375123,O=C1NCc2ccc3c(c21)C[C@@H](N(CCCc1c[nH]c2ccc(F)cc12)CC1CC1)CO3,8.3
ZINC000045375127,O=C1NCc2ccc3c(c21)C[C@H](N(CCCc1c[nH]c2ccc(F)cc12)CC1CC1)CO3,8.3
ZINC000045495384,CN(C)Cc1cc(N)ccc1Oc1ccc(Cl)c(Cl)c1,8.3
ZINC000049049038,CS(=O)(=O)Nc1cc(OCCN2C[C@H]3CC[C@@H](C2)C3Cc2ccc3c(c2)NC(=O)CC3)ccc1F,8.3
ZINC000053243111,CC(C)C[C@@H]1CNCCN1c1ccc2[nH]ncc2c1,8.3
ZINC000053243113,CC(C)C[C@H]1CNCCN1c1ccc2[nH]ncc2c1,8.3
ZINC000058582887,CC(C)(C)CC[C@@]1(C(=O)c2cc(Cl)c(Cl)s2)CCNC1,8.3
ZINC000058591085,CC(C)(C)CC[C@]1(C(=O)c2ccc3[nH]ncc3c2)CCCN1,8.3
ZINC000062225304,CC(C)(C)CC[C@]1(C(=O)c2cc(Cl)c(Cl)s2)CCNC1,8.3
ZINC000062225354,CC(C)(C)CC[C@@]1(C(=O)c2ccc3[nH]ncc3c2)CCCN1,8.3
ZINC000072104700,CCCc1nc(C(=O)NCCCN2CCN(c3cccc(C)c3C)CC2)c(C)n1-c1ccc2c(c1)OCCO2,8.3
ZINC000072104823,Cc1cccc(N2CCN(C[C@@H](O)CNC(=O)c3nc(C)n(-c4ccccc4)c3C)CC2)c1C,8.3
ZINC000072104848,CCCc1nc(C(=O)NCCCN2CCN(c3cccc(C)c3C)CC2)c(C)n1-c1ccccc1,8.3
ZINC000072106308,Cc1cccc(N2CCN(C[C@H](O)CNC(=O)c3nc(C)n(-c4ccccc4Cl)c3C)CC2)c1C,8.3
ZINC000072106309,Cc1cccc(N2CCN(C[C@@H](O)CNC(=O)c3nc(C)n(-c4ccccc4Cl)c3C)CC2)c1C,8.3
ZINC000095589899,Fc1cc(F)c(F)c(O[C@H](c2ccccc2)[C@@H]2CCNC2)c1F,8.3
ZINC000095591952,Fc1ccc(F)c(O[C@H](c2ccccc2)[C@H]2CCNC2)c1Cl,8.3
ZINC000101018244,C1=C(c2ccc3ccccc3c2)C[C@H]2CC[C@H]1N2CCOc1cccc2c1CCC2,8.3
ZINC000028565683,COC(=O)[C@H]1[C@@H](c2ccc(-c3nccs3)cc2)C[C@@H]2CC[C@H]1N2,8.29
ZINC000028565685,COC(=O)[C@@H]1[C@@H](c2ccc(-c3nccs3)cc2)C[C@@H]2CC[C@H]1N2,8.29
ZINC000034030604,CNCc1ccc(Br)cc1Oc1ccc(Cl)c(Cl)c1,8.29
ZINC000038436758,CN(C)[C@@H]1CC[C@H](c2c[nH]c3cc(F)ccc23)C1,8.29
ZINC000038436759,CN(C)[C@H]1CC[C@H](c2c[nH]c3cc(F)ccc23)C1,8.29
ZINC000038436760,CN(C)[C@@H]1CC[C@@H](c2c[nH]c3cc(F)ccc23)C1,8.29
ZINC000038436761,CN(C)[C@H]1CC[C@@H](c2c[nH]c3cc(F)ccc23)C1,8.29
ZINC000058581348,CN(C)CCC[C@@]1(c2ccc(F)cc2)OCc2c(-c3ccccc3)cccc21,8.29
ZINC000062224817,CN(C)CCC[C@]1(c2ccc(F)cc2)OCc2c(-c3ccccc3)cccc21,8.29
ZINC000138898247,CN1[C@H]2CC[C@H]1[C@H](C(=O)OCCF)[C@H](c1ccc(Br)cc1)C2,8.29
ZINC000138898375,CN1[C@H]2CC[C@H]1[C@@H](C(=O)OCCF)[C@H](c1ccc(Br)cc1)C2,8.29
ZINC000253665683,CN1[C@H]2CC[C@H]1[C@@H](C(=O)OCCF)[C@@H](c1ccc(Br)cc1)C2,8.29
ZINC000253665689,CN1[C@H]2CC[C@H]1[C@H](C(=O)OCCF)[C@@H](c1ccc(Br)cc1)C2,8.29
ZINC000253677883,COC(=O)[C@H]1[C@H]2CC[C@@H](C[C@H]1c1ccc(-c3nccs3)cc1)N2,8.29
ZINC000253677887,COC(=O)[C@@H]1[C@H]2CC[C@@H](C[C@H]1c1ccc(-c3nccs3)cc1)N2,8.29
ZINC000000022504,CCC(=O)[C@H]1[C@H]2CC[C@@H](C[C@H]1c1ccc(C(C)C)cc1)N2,8.28
ZINC000003794816,COc1cccc2c1CCC[C@H]2CN(C)CCc1ccc2ncoc2c1,8.28
ZINC000003952727,CCC(=O)[C@H]1[C@@H](c2ccc(C(C)C)cc2)C[C@@H]2CC[C@H]1N2,8.28
ZINC000013439743,O=[N+]([O-])c1ccc2nc(N3CCNCC3)cc(-c3ccco3)c2c1,8.28
ZINC000013490100,Cc1cc2c(OC[C@@H](O)CN3CCC(c4cc5cc(F)ccc5s4)CC3)cccc2[nH]1,8.28
ZINC000013530942,Cc1c(F)cccc1O[C@H](c1ccccc1)C1CCNCC1,8.28
ZINC000013530945,Cc1c(F)cccc1O[C@@H](c1ccccc1)C1CCNCC1,8.28
ZINC000026569881,CCC(=O)[C@@H]1[C@@H](c2ccc(C(C)C)cc2)C[C@@H]2CC[C@H]1N2,8.28
ZINC000028818050,COc1ccc([C@@H]2CN(C)Cc3cc(OCCCN4CCC(C#N)CC4)ccc32)cc1,8.28
ZINC000028818052,COc1ccc([C@H]2CN(C)Cc3cc(OCCCN4CCC(C#N)CC4)ccc32)cc1,8.28
ZINC000028819421,CN(C)[C@H]1CC=C(c2c[nH]c3ccc(Br)cc23)CC1,8.28
ZINC000028819423,CN(C)[C@@H]1CC=C(c2c[nH]c3ccc(Br)cc23)CC1,8.28
ZINC000028885733,O=[N+]([O-])c1ccc([C@@H]2CN3CCC[C@@H]3c3cc(OCCCN4CCCCC4)ccc32)cc1,8.28
ZINC000028885739,O=[N+]([O-])c1ccc([C@H]2CN3CCC[C@@H]3c3cc(OCCCN4CCCCC4)ccc32)cc1,8.28
ZINC000028893018,COc1ccc([C@@H]2CN(C)Cc3cc(OCCCN4CCC(F)CC4)ccc32)cc1Cl,8.28
ZINC000028893026,COc1ccc([C@H]2CN(C)Cc3cc(OCCCN4CCC(F)CC4)ccc32)cc1Cl,8.28
ZINC000029235083,O=[N+]([O-])c1ccc([C@@H]2CN3CCC[C@@H]3c3ccccc32)cc1,8.28
ZINC000034126985,CN(C)[C@@H]1CC[C@H](c2c[nH]c3cccc(Br)c23)C1,8.28
ZINC000034126986,CN(C)[C@H]1CC[C@H](c2c[nH]c3cccc(Br)c23)C1,8.28
ZINC000034126987,CN(C)[C@@H]1CC[C@@H](c2c[nH]c3cccc(Br)c23)C1,8.28
ZINC000034126988,CN(C)[C@H]1CC[C@@H](c2c[nH]c3cccc(Br)c23)C1,8.28
ZINC000035837924,CC(=O)N(Cc1ccc2ccccc2c1)[C@@H]1CCNC1,8.28
ZINC000038483448,CN(Cc1ccccc1)[C@@H]1CC[C@H](c2c[nH]c3ccc(C#N)cc23)C1,8.28
ZINC000038483450,CN(Cc1ccccc1)[C@H]1CC[C@H](c2c[nH]c3ccc(C#N)cc23)C1,8.28
ZINC000040393656,CNCC[C@H](c1ccc(Cl)c(Cl)c1)c1cccc2ccccc12,8.28
ZINC000058685767,O=[N+]([O-])c1ccc([C@@H]2CN3CCC[C@H]3c3cc(OCCCN4CCCCC4)ccc32)cc1,8.28
ZINC000095559542,Clc1ccc(Sc2ccccc2N2CCNCC2)c(Cl)c1,8.28
ZINC000096909812,O=C1C[C@@H](c2c[nH]c3ccccc23)C(=O)N1CCCN1CC=C(c2c[nH]c3ccc(F)cc23)CC1,8.28
ZINC000096914794,COC(=O)[C@@H](c1ccc(Cl)c(Cl)c1)C1CCNCC1,8.28
ZINC000096914795,COC(=O)[C@H](c1ccc(Cl)c(Cl)c1)C1CCNCC1,8.28
ZINC000101004112,Fc1ccc2[nH]cc([C@@H]3CC[C@@H](N4CCN(c5cccc6[nH]ccc56)CC4)CC3)c2c1,8.28
ZINC000103135114,O=C1C[C@H](c2c[nH]c3ccccc23)C(=O)N1CCCN1CC=C(c2c[nH]c3ccc(F)cc23)CC1,8.28
ZINC000140145774,O=[N+]([O-])c1ccc([C@H]2CN3CCC[C@H]3c3cc(OCCCN4CCCCC4)ccc32)cc1,8.28
ZINC000149744386,COc1ccc2c(c1)CN(C)C[C@H]2c1ccc2sccc2c1,8.28
ZINC000149744579,COc1ccc2c(c1)CN(C)C[C@@H]2c1ccc2sccc2c1,8.28
ZINC000169363663,CN(Cc1ccccc1)[C@@H]1CC[C@@H](c2c[nH]c3ccc(C#N)cc23)C1,8.28
ZINC000169363664,CN(Cc1ccccc1)[C@H]1CC[C@@H](c2c[nH]c3ccc(C#N)cc23)C1,8.28
ZINC000253635746,CCC(=O)[C@@H]1[C@H]2CC[C@@H](C[C@H]1c1ccc(C(C)C)cc1)N2,8.28
ZINC000299856877,O=c1c(-c2ccccc2Cl)c2ccccn2c(=O)n1CCCCN1CC=C(c2c[nH]c3ccc(F)cc23)CC1,8.28
ZINC000013582527,N#Cc1ccc2[nH]cc(CCCCN3CCN(c4cc(F)c(C#N)c(F)c4)CC3)c2c1,8.27
ZINC000101030943,Fc1ccc2[nH]cc([C@@H]3CC[C@@H](N4CCN(c5cccc6c5OCCO6)CC4)CC3)c2c1,8.27
ZINC000006117518,Clc1ccccc1[C@@H]1CN2CCC[C@@H]2c2ccccc21,8.26
ZINC000013491120,O[C@]1(c2ccc(Cl)cc2)c2ccc3ccccc3c2C2=NCCCN21,8.26
ZINC000013491121,O[C@@]1(c2ccc(Cl)cc2)c2ccc3ccccc3c2C2=NCCCN21,8.26
ZINC000013582563,N#Cc1ccc2[nH]cc(CCCCN3CCN(c4ccc5occc5c4C(N)=O)CC3)c2c1,8.26
ZINC000028381913,COc1cc2[nH]c(=O)c3c(c2cc1OC)CCC[C@@H]3N1CCC(Cc2cc(F)ccc2F)CC1,8.26
ZINC000029235738,Brc1ccccc1[C@@H]1CN2CCC[C@@H]2c2ccccc21,8.26
ZINC000029481935,COC(=O)[C@H](c1ccc2cc(Br)ccc2c1)[C@@H]1CCCN1,8.26
ZINC000037238447,CCc1cc(Oc2ccc(F)cc2CNC)ccc1Cl,8.26
ZINC000045358966,CNC[C@@H](O)[C@H](c1cccc(F)c1)N1CCc2cc(C)ccc21,8.26
ZINC000045391487,COc1ccc2occ(CCN3CC=C(c4c[nH]c5cc(F)ccc45)CC3)c2c1,8.26
ZINC000072113680,CN1C[C@H]2CCCC[C@@]2(Cc2ccc(Cl)c(Cl)c2)C1,8.26
ZINC000101221886,COc1ccc([C@H]2C[C@H]3CC[C@H]([C@H]2C(=O)OCCc2ccc(NC(C)=O)cc2)N3C)cc1,8.26
ZINC000101281345,C=CCN1[C@H]2CC[C@H]1[C@@H](C(=O)OC)[C@@H](c1ccc(SC)cc1)C2,8.26
ZINC000253665680,CCOC(=O)[C@H]1[C@H](c2ccc3c(ccn3CC)c2)C[C@H]2CC[C@H]1N2C,8.26
ZINC000253665686,CCOC(=O)[C@@H]1[C@@H](c2ccc3c(ccn3CC)c2)C[C@H]2CC[C@H]1N2C,8.26
ZINC000253665691,CCOC(=O)[C@H]1[C@@H](c2ccc3c(ccn3CC)c2)C[C@H]2CC[C@H]1N2C,8.26
ZINC000253665696,CCOC(=O)[C@@H]1[C@H](c2ccc3c(ccn3CC)c2)C[C@H]2CC[C@H]1N2C,8.26
ZINC000013835648,CN[C@@H]1C[C@@H](c2ccc(Cl)c(Cl)c2OC)c2ccc(OC)cc21,8.25
ZINC000027552007,CN[C@@H]1C[C@H](c2ccc(Cl)c(Cl)c2OC)c2ccc(OC)cc21,8.25
ZINC000028713293,CCCOC[C@@H]1CNCCN1c1ccc2cc([N+](=O)[O-])ccc2n1,8.25
ZINC000028713294,CCCOC[C@H]1CNCCN1c1ccc2cc([N+](=O)[O-])ccc2n1,8.25
ZINC000036093163,CC(C)N(Cc1ccccc1C(F)(F)F)C1CCNCC1,8.25
ZINC000095590775,CN1CCC(COCc2cc(C(F)(F)F)cc(C3(F)CC3)n2)(c2ccc(F)cc2)CC1,8.25
ZINC000100801348,Fc1ccc([C@@H]2C[C@H]3CC[C@@H](N3)[C@H]2COc2ccc3c(c2)OCO3)cc1,8.25
ZINC000100837342,COC(=O)[C@H]1[C@H]2[C@H](O)C[C@H](C[C@H]1c1ccc3ccccc3c1)N2C,8.25
ZINC000136627449,COC(=O)[C@H]1[C@@H](c2ccc3ccccc3c2)C[C@H]2C[C@@H](O)[C@H]1N2C,8.25
ZINC000136627495,COC(=O)[C@@H]1[C@H]2[C@H](O)C[C@H](C[C@H]1c1ccc3ccccc3c1)N2C,8.25
ZINC000253952366,COC(=O)/C=C1/CN2[C@H]3CC[C@H]2[C@H]1[C@@H](c1ccc(Br)cc1)C3,8.25
ZINC000253952370,COC(=O)/C=C1/CN2[C@H]3CC[C@H]2[C@H]1[C@H](c1ccc(Br)cc1)C3,8.25
ZINC000261148438,COC(=O)[C@@H]1[C@@H](c2ccc3ccccc3c2)C[C@H]2C[C@@H](O)[C@H]1N2C,8.25
ZINC000013530921,Fc1ccc(O[C@H](c2cccc(F)c2)C2CCNCC2)cc1,8.24
ZINC000013530924,Fc1ccc(O[C@@H](c2cccc(F)c2)C2CCNCC2)cc1,8.24
ZINC000013581111,Fc1ccc2[nH]cc(CCCNCCOc3cccc4ccoc34)c2c1,8.24
ZINC000013761432,COc1cccc2c1CCC[C@H]2CN(C)CCc1ccc2c(c1)CN(S(C)(=O)=O)C2,8.24
ZINC000028818033,COc1ccc([C@@H]2CN(C)Cc3cc(OCCCN4CCC(F)(F)CC4)ccc32)cc1,8.24
ZINC000028818035,COc1ccc([C@H]2CN(C)Cc3cc(OCCCN4CCC(F)(F)CC4)ccc32)cc1,8.24
ZINC000028818127,COc1ccc([C@@H]2CN(C)Cc3cc(OCCCN4CCN(c5ccccc5O)CC4)ccc32)cc1,8.24
ZINC000028818129,COc1ccc([C@H]2CN(C)Cc3cc(OCCCN4CCN(c5ccccc5O)CC4)ccc32)cc1,8.24
ZINC000036093184,CC(C)CN(Cc1ccc(C(F)(F)F)cc1F)C1CCNCC1,8.24
ZINC000040834231,CNCc1cc(Cl)ccc1Oc1ccc(Cl)c(Cl)c1,8.24
ZINC000045355814,CN1CCc2ccccc2[C@@H]1CCc1c[nH]c2ccc(F)cc12,8.24
ZINC000045355817,CN1CCc2ccccc2[C@H]1CCc1c[nH]c2ccc(F)cc12,8.24
ZINC000095564160,Cc1ccc(Sc2ccccc2N2CCNCC2)cc1C,8.24
ZINC000096909819,O=C1C[C@H](c2c[nH]c3ccccc23)C(=O)N1CCCCN1CCC(c2c[nH]c3ccccc23)CC1,8.24
ZINC000096914815,COC[C@@H](c1ccc(Cl)c(Cl)c1)C1CCNCC1,8.24
ZINC000103135146,O=C1C[C@@H](c2c[nH]c3ccccc23)C(=O)N1CCCCN1CCC(c2c[nH]c3ccccc23)CC1,8.24
ZINC000253676178,CCCN1[C@H]2CC[C@H]1[C@@H](C(=O)OC)[C@@H](c1ccc(SC)cc1)C2,8.24
ZINC000000003647,c1ccc2cc(COC3CCNCC3)ccc2c1,8.23
ZINC000003919236,COC(=O)[C@H]1[C@H](c2ccc(I)cc2)C[C@@H]2CC[C@H]1N2C,8.23
ZINC000028960565,CN(C)C[C@@H]1C[C@@H]1c1ccc2cc(C#N)c(C#N)cc2c1,8.23
ZINC000028960568,CN(C)C[C@H]1C[C@@H]1c1ccc2cc(C#N)c(C#N)cc2c1,8.23
ZINC000028960573,CN(C)C[C@@H]1C[C@H]1c1ccc2cc(C#N)c(C#N)cc2c1,8.23
ZINC000028960577,CN(C)C[C@H]1C[C@H]1c1ccc2cc(C#N)c(C#N)cc2c1,8.23
ZINC000040413050,NC(=O)c1cccc2c1C[C@@H](N(CCCc1c[nH]c3ccc(F)cc13)C1CCC1)CO2,8.23
ZINC000040413053,NC(=O)c1cccc2c1C[C@H](N(CCCc1c[nH]c3ccc(F)cc13)C1CCC1)CO2,8.23
ZINC000064559159,O=C(OCc1ccc([N+](=O)[O-])cc1)C1(c2ccc(I)cc2)CCNCC1,8.23
ZINC000064559201,O=C(OCc1ccc(Cl)c(Cl)c1)C1(c2ccc(I)cc2)CCNCC1,8.23
ZINC000000154399,C1=C(c2c[nH]c3ccccc23)CCNC1,8.22
ZINC000000601884,COC(=O)[C@@H]1[C@@H](c2ccc(I)cc2)C[C@@H]2CC[C@H]1N2C,8.22
ZINC000003964679,CN(C)C(=O)Oc1ccc2c(c1)C=CCN(C)[C@@H]2CCOc1ccc([N+](=O)[O-])cc1,8.22
ZINC000013587187,Cc1cc2c(OC[C@@H](O)CN3CC[C@H](c4cc5cccc(F)c5s4)C[C@H]3C)cccc2[nH]1,8.22
ZINC000013806928,C[C@H]1c2cccc3c2-c2c1ccc1c2[C@@H](C3)N(C)CC1,8.22
ZINC000013826839,O=S1(=O)c2cccc3cccc(c23)N1CCN1CCC(Cc2c[nH]c3cccc(F)c23)CC1,8.22
ZINC000028571369,CN[C@H]1CC[C@@H](c2ccc(Cl)c(Cl)c2)c2ccc(S(C)(=O)=O)cc21,8.22
ZINC000028571473,CN[C@H]1CC[C@@H](c2ccc(Cl)c(Cl)c2)c2ccc(O)cc21,8.22
ZINC000028572116,CN[C@H]1CC[C@@H](c2ccc(Cl)c(Cl)c2)c2cc(S(N)(=O)=O)ccc21,8.22
ZINC000028892852,CN(C)CC[C@@H](Oc1ccccc1)c1ccc(C#CCCN2CCCCC2)cc1,8.22
ZINC000028892857,CN(C)CC[C@H](Oc1ccccc1)c1ccc(C#CCCN2CCCCC2)cc1,8.22
ZINC000028948792,Clc1cccc(CN(CC2CC2)[C@H]2CCNC2)c1Cl,8.22
ZINC000029046200,Cc1cc(Oc2ccc(Cl)cc2C)c(CN(C)C)cn1,8.22
ZINC000029046208,CNCc1cnc(C)cc1Oc1ccc(Cl)cc1C,8.22
ZINC000029046469,COc1cc(Cl)ccc1Oc1ccncc1CN(C)C,8.22
ZINC000029129833,COc1cc(Cl)ccc1Oc1ccccc1CN(C)C,8.22
ZINC000029129838,CN(C)Cc1ccccc1Oc1ccc(Cl)cc1F,8.22
ZINC000040379070,CNC[C@]1(O)Cc2ccccc2[C@@H]1Oc1ccc(F)cc1C,8.22
ZINC000040935205,CNCc1cc(S(N)(=O)=O)ccc1Cc1ccc(Cl)c(Cl)c1,8.22
ZINC000040950996,COc1ccc(Oc2ccc(SC)cc2)c(CN(C)C)c1,8.22
ZINC000043023131,Clc1cccc(O[C@@H](c2ccccn2)C2CCNCC2)c1Cl,8.22
ZINC000043023134,Clc1cccc(O[C@H](c2ccccn2)C2CCNCC2)c1Cl,8.22
ZINC000043208081,c1ccc(C[C@]2(c3ccc4[nH]ccc4c3)CCNC2)cc1,8.22
ZINC000045496881,c1ccc(C[C@@]2(c3ccc4[nH]ccc4c3)CCNC2)cc1,8.22
ZINC000049034964,FC(F)Oc1ccccc1C[C@H](c1ccccc1)N1CCNCC1,8.22
ZINC000049034966,FC(F)Oc1ccccc1C[C@@H](c1ccccc1)N1CCNCC1,8.22
ZINC000066098613,CN[C@@H](C)C1(c2ccc3ccccc3c2)CCCCC1,8.22
ZINC000066098615,CN[C@H](C)C1(c2ccc3ccccc3c2)CCCCC1,8.22
ZINC000066102395,CN[C@H]1Cc2ccccc2[C@H](c2ccc(Cl)c(Cl)c2)C1,8.22
ZINC000072104653,CCCc1nc(C(=O)NC[C@H](O)CN2CCN(c3cccc(C)c3C)CC2)c(C)n1-c1ccc(OC)cc1,8.22
ZINC000072104654,CCCc1nc(C(=O)NC[C@@H](O)CN2CCN(c3cccc(C)c3C)CC2)c(C)n1-c1ccc(OC)cc1,8.22
ZINC000072105247,Cc1cccc(N2CCN(CCCNC(=O)c3nc(C)n(-c4ccccc4)c3C)CC2)c1C,8.22
ZINC000072106083,Cc1cccc(N2CCN(CCCNC(=O)c3nc(C)n(-c4ccc5c(c4)OCCO5)c3C)CC2)c1C,8.22
ZINC000096909373,CN(C)C[C@@H]1C[C@H]1c1ccc2[nH]cc(C#N)c2c1,8.22
ZINC000000023155,CC(C)(C)[C@H](O)[C@@H](CN)c1ccc2ccccc2c1,8.21
ZINC000027553345,NC[C@@H](c1ccc2ccccc2c1)[C@@H](O)c1ccccc1,8.21
ZINC000029486722,CN(C)[C@@H]1C[C@@H](c2ccc(F)cc2)c2ccccc21,8.21
ZINC000029486725,CN(C)[C@H]1C[C@@H](c2ccc(F)cc2)c2ccccc21,8.21
ZINC000029486727,CN(C)[C@@H]1C[C@H](c2ccc(F)cc2)c2ccccc21,8.21
ZINC000029486730,CN(C)[C@H]1C[C@H](c2ccc(F)cc2)c2ccccc21,8.21
ZINC000034004914,CNCc1ccc(Cl)cc1Oc1ccc(Cl)c(Cl)c1,8.21
ZINC000038439115,CCN(CC)[C@@H]1CC[C@H](c2c[nH]c3ccc(C#N)cc23)C1,8.21
ZINC000038439116,CCN(CC)[C@H]1CC[C@H](c2c[nH]c3ccc(C#N)cc23)C1,8.21
ZINC000038439117,CCN(CC)[C@@H]1CC[C@@H](c2c[nH]c3ccc(C#N)cc23)C1,8.21
ZINC000038439118,CCN(CC)[C@H]1CC[C@@H](c2c[nH]c3ccc(C#N)cc23)C1,8.21
ZINC000064447894,CN(CCc1ccccc1)[C@@H]1CC[C@H](c2c[nH]c3ccc(C#N)cc23)C1,8.21
ZINC000064447896,CN(CCc1ccccc1)[C@H]1CC[C@H](c2c[nH]c3ccc(C#N)cc23)C1,8.21
ZINC000072105078,Cc1c(Cl)cccc1N1CCN(CCCNC(=O)c2nc(C)n(-c3ccccc3F)c2C)CC1,8.21
ZINC000072106087,CCCc1nc(C(=O)NC[C@H](O)CN2CCN(c3cccc(Cl)c3C)CC2)c(C)n1-c1ccccc1,8.21
ZINC000072106088,CCCc1nc(C(=O)NC[C@@H](O)CN2CCN(c3cccc(Cl)c3C)CC2)c(C)n1-c1ccccc1,8.21
ZINC000072139636,COC(=O)[C@H]1[C@@H](c2ccc(Cl)c(C)c2)C[C@@H]2CC[C@H]1N2,8.21
ZINC000100779527,C=CCc1ccc([C@H]2C[C@H]3CC[C@@H](N3)[C@H]2C(=O)OC)cc1,8.21
ZINC000100779535,C=CCc1ccc([C@H]2C[C@H]3CC[C@@H](N3)[C@@H]2C(=O)OC)cc1,8.21
ZINC000101300569,Clc1ccc(CO[C@]2(c3ccccc3)C[C@@H]3CC[C@H](C2)N3)cc1,8.21
ZINC000169363198,CN(CCc1ccccc1)[C@@H]1CC[C@@H](c2c[nH]c3ccc(C#N)cc23)C1,8.21
ZINC000169363199,CN(CCc1ccccc1)[C@H]1CC[C@@H](c2c[nH]c3ccc(C#N)cc23)C1,8.21
ZINC000169372342,C=CCc1ccc([C@@H]2C[C@H]3CC[C@@H](N3)[C@@H]2C(=O)OC)cc1,8.21
ZINC000253677914,Nc1nc(NC[C@@H]2CC[C@@H](CNS(=O)(=O)c3ccc4ccccc4c3)CC2)nc2ccccc12,8.21
ZINC000253793421,C=CCc1ccc([C@@H]2C[C@H]3CC[C@@H](N3)[C@H]2C(=O)OC)cc1,8.21
ZINC000299829508,c1ccc2cc(CN(C3CCCCC3)C3CNC3)ccc2c1,8.21
ZINC000005997306,COC(=O)[C@H]1[C@@H](c2ccc(F)cc2)C[C@@H]2CC[C@H]1N2,8.2
ZINC000005997418,COC(=O)[C@@H]1[C@@H](c2ccc(F)cc2)C[C@@H]2CC[C@H]1N2,8.2
ZINC000013644773,COC(=O)[C@@H]1[C@H]2CC[C@@H](C[C@H]1c1ccc(F)cc1)N2,8.2
ZINC000022926808,COc1c(Br)cc(Br)cc1COC[C@H](c1ccccc1)N1CCNCC1,8.2
ZINC000022926812,COc1c(Br)cc(Br)cc1COC[C@@H](c1ccccc1)N1CCNCC1,8.2
ZINC000027550609,CCOC(=O)[C@H]1[C@@H](c2ccc(-c3cccn3Cc3ccccc3)cc2)C[C@@H]2CC[C@H]1N2,8.2
ZINC000027550612,CCOC(=O)[C@@H]1[C@@H](c2ccc(-c3cccn3Cc3ccccc3)cc2)C[C@@H]2CC[C@H]1N2,8.2
ZINC000028818062,COc1ccc([C@@H]2CN(C)Cc3cc(OCCCN4CCS(=O)(=O)CC4)ccc32)cc1,8.2
ZINC000028818064,COc1ccc([C@H]2CN(C)Cc3cc(OCCCN4CCS(=O)(=O)CC4)ccc32)cc1,8.2
ZINC000028885621,Clc1ccc([C@@H]2CN3CCC[C@@H]3c3cc(OCCCN4CCCCC4)ccc32)cc1,8.2
ZINC000028885628,Clc1ccc([C@H]2CN3CCC[C@@H]3c3cc(OCCCN4CCCCC4)ccc32)cc1,8.2
ZINC000031417731,COC(=O)[C@H]1[C@H]2CC[C@@H](C[C@H]1c1ccc(F)cc1)N2,8.2
ZINC000040939235,Cc1ccc2c(N3CCN(CCCCc4ccc5c(c4)NC(=O)CO5)CC3)cccc2n1,8.2
ZINC000043068822,c1ccc(CN(c2ccc3[nH]ccc3c2)[C@@H]2CCCNC2)cc1,8.2
ZINC000043068826,c1ccc(CN(c2ccc3[nH]ccc3c2)[C@H]2CCCNC2)cc1,8.2
ZINC000058582486,CC(C)(C)CC[C@]1(C(=O)c2cc3ccccc3[nH]2)CCNC1,8.2
ZINC000058583852,CCC[C@]1(C(=O)c2cc(F)c3[nH]ccc3c2)CCCN1,8.2
ZINC000058609203,O=C(c1ccc2[nH]ccc2c1)[C@@]1(Cc2ccccc2)CCNC1,8.2
ZINC000058685450,Clc1ccc([C@@H]2CN3CCC[C@H]3c3cc(OCCCN4CCCCC4)ccc32)cc1,8.2
ZINC000062225327,CC(C)(C)CC[C@@]1(C(=O)c2cc3ccccc3[nH]2)CCNC1,8.2
ZINC000062225337,CCC[C@@]1(C(=O)c2cc(F)c3[nH]ccc3c2)CCCN1,8.2
ZINC000064380886,O=C(c1ccc2[nH]ccc2c1)[C@]1(Cc2ccccc2)CCNC1,8.2
ZINC000072179905,CCCc1nc(C(=O)NC[C@H](O)CN2CCN(c3cccc(C)c3C)CC2)c(C)n1-c1ccc(F)cc1,8.2
ZINC000072179906,CCCc1nc(C(=O)NC[C@@H](O)CN2CCN(c3cccc(C)c3C)CC2)c(C)n1-c1ccc(F)cc1,8.2
ZINC000095587103,Fc1ccc(F)c(O[C@@H](c2ccccc2)[C@@H]2CCNC2)c1Cl,8.2
ZINC000095587970,FC(F)(F)c1cc(Cl)cc(COCC2(c3ccccc3)CCNCC2)n1,8.2
ZINC000095588734,Clc1cc(Cl)cc(O[C@@H](c2ccccc2)[C@H]2CCNC2)c1,8.2
ZINC000095589597,CN1CCC(COCc2cc(C(F)(F)F)cc(Cl)n2)(c2ccccc2)CC1,8.2
ZINC000095589913,Cc1cc(Cl)cc(-c2ccccn2)c1O[C@@H](c1ccccc1)[C@H]1CCNC1,8.2
ZINC000140065714,Clc1ccc([C@H]2CN3CCC[C@H]3c3cc(OCCCN4CCCCC4)ccc32)cc1,8.2
ZINC000253687203,CCOC(=O)[C@H]1[C@H]2CC[C@@H](C[C@H]1c1ccc(-c3cccn3Cc3ccccc3)cc1)N2,8.2
ZINC000253687209,CCOC(=O)[C@@H]1[C@H]2CC[C@@H](C[C@H]1c1ccc(-c3cccn3Cc3ccccc3)cc1)N2,8.2
ZINC000013491124,O[C@@H](CCN1CCN(c2ccc3ccccc3n2)CC1)c1csc2ccccc12,8.19
ZINC000013491125,O[C@H](CCN1CCN(c2ccc3ccccc3n2)CC1)c1csc2ccccc12,8.19
ZINC000013588088,CNCC[C@@H](Oc1cccc2ccccc12)c1nccs1,8.19
ZINC000013588089,CNCC[C@H](Oc1cccc2ccccc12)c1nccs1,8.19
ZINC000013745916,COC(=O)[C@H]1[C@@H](c2ccc(I)cc2)C[C@@H]2CC[C@H]1N2CC(=O)N(C)C,8.19
ZINC000013835646,CN[C@@H]1C[C@@H](c2ccc(Cl)c(Cl)c2)c2cc(OC)ccc21,8.19
ZINC000027527295,CN[C@@H]1C[C@H](c2ccc(Cl)c(Cl)c2)c2cc(OC)ccc21,8.19
ZINC000028827086,CSc1ccc([C@@H]2CN(C)Cc3cc(Oc4ccc(CN5CCC(F)CC5)cn4)ccc32)cc1,8.19
ZINC000028827087,CSc1ccc([C@H]2CN(C)Cc3cc(Oc4ccc(CN5CCC(F)CC5)cn4)ccc32)cc1,8.19
ZINC000038792394,N#Cc1ccc2[nH]cc([C@H]3CC[C@@H](N4CCc5ccccc5C4)C3)c2c1,8.19
ZINC000038792395,N#Cc1ccc2[nH]cc([C@H]3CC[C@H](N4CCc5ccccc5C4)C3)c2c1,8.19
ZINC000038920560,CN(C)[C@@H]1CC[C@H](c2c[nH]c3cc(Cl)ccc23)C1,8.19
ZINC000038920562,CN(C)[C@H]1CC[C@H](c2c[nH]c3cc(Cl)ccc23)C1,8.19
ZINC000038920563,CN(C)[C@@H]1CC[C@@H](c2c[nH]c3cc(Cl)ccc23)C1,8.19
ZINC000038920565,CN(C)[C@H]1CC[C@@H](c2c[nH]c3cc(Cl)ccc23)C1,8.19
ZINC000064560605,O=C(OCc1ccc([N+](=O)[O-])cc1)C1(c2ccc(Cl)c(Cl)c2)CCNCC1,8.19
ZINC000095586158,CN1CCC(COCc2cc(C(F)(F)F)cc(N3CC[C@@H]4C[C@@H]43)n2)(c2ccc(F)cc2)CC1,8.19
ZINC000100921495,CCCc1ccc([C@H]2C[C@H]3CC[C@H]([C@@H]2C(=O)OC)N3C)cc1,8.19
ZINC000100921498,CCCc1ccc([C@H]2C[C@H]3CC[C@H]([C@H]2C(=O)OC)N3C)cc1,8.19
ZINC000101007135,COc1ccccc1OCCN[C@H]1CC[C@@H](c2c[nH]c3ccc(F)cc23)CC1,8.19
ZINC000101665121,CN1CCC(COCc2cc(C(F)(F)F)cc(N3CC[C@H]4C[C@@H]43)n2)(c2ccc(F)cc2)CC1,8.19
ZINC000164944129,CN1Cc2ccccc2[C@H](c2ccc3cc[nH]c3c2)C1,8.19
ZINC000164944259,CN1Cc2ccccc2[C@@H](c2ccc3cc[nH]c3c2)C1,8.19
ZINC000169363370,N#Cc1ccc2[nH]cc([C@@H]3CC[C@@H](N4CCc5ccccc5C4)C3)c2c1,8.19
ZINC000169363371,N#Cc1ccc2[nH]cc([C@@H]3CC[C@H](N4CCc5ccccc5C4)C3)c2c1,8.19
ZINC000253848663,COC(=O)[C@@H]1[C@H]2C[C@H]3CC[C@H]1N3C/C2=C\c1ccc(C)c(Cl)c1,8.19
ZINC000253848666,COC(=O)[C@H]1[C@H]2C[C@H]3CC[C@H]1N3C/C2=C\c1ccc(C)c(Cl)c1,8.19
ZINC000261140528,CN1CCC(COCc2cc(C(F)(F)F)cc(N3CC[C@H]4C[C@H]43)n2)(c2ccc(F)cc2)CC1,8.19
ZINC000261140532,CN1CCC(COCc2cc(C(F)(F)F)cc(N3CC[C@@H]4C[C@H]43)n2)(c2ccc(F)cc2)CC1,8.19
ZINC000002527444,Ic1ccc2nc(N3CCNCC3)ccc2c1,8.18
ZINC000013587198,COc1cccc2sc([C@H]3CCN(C[C@H](O)COc4cccc5[nH]c(C(N)=O)cc45)[C@@H](C)C3)cc12,8.18
ZINC000013761427,COc1cccc2c1CCC[C@H]2CN(C)CCc1ccc2c(c1)CS(=O)(=O)C2,8.18
ZINC000038777475,CCN[C@@H]1CC[C@H](c2c[nH]c3ccc(C#N)cc23)C1,8.18
ZINC000038777476,CCN[C@H]1CC[C@H](c2c[nH]c3ccc(C#N)cc23)C1,8.18
ZINC000038777477,CCN[C@@H]1CC[C@@H](c2c[nH]c3ccc(C#N)cc23)C1,8.18
ZINC000038777478,CCN[C@H]1CC[C@@H](c2c[nH]c3ccc(C#N)cc23)C1,8.18
ZINC000072104846,CCCc1nc(C(=O)NCCCN2CCN(c3cccc(C)c3C)CC2)c(C)n1-c1ccc(F)cc1,8.18
ZINC000095586916,CN1CCC(COCc2cc(C(F)(F)F)cc(N3CCCC3)n2)(c2ccccc2)CC1,8.18
ZINC000095587580,Clc1cc(COCC2(c3ccccc3)CCNCC2)cc(Cl)n1,8.18
ZINC000013581127,Fc1cc2c(c(OCCNCCc3c[nH]c4ccccc34)c1)OCCC2,8.17
ZINC000013582524,COc1ccc(Cl)cc1N1CCN(CCCCc2c[nH]c3ccc(C#N)cc23)CC1,8.17
ZINC000013584849,CN1CC[C@H](c2ccc(Cl)cc2)[C@@H](CSCCOC(=O)c2ccccc2)C1,8.17
ZINC000013677486,CN1CC[C@@H](c2ccc(Cl)cc2)[C@H](CSCCOC(=O)c2ccccc2)C1,8.17
ZINC000013677511,CN1CC[C@@H](c2ccc(Cl)cc2)[C@@H](CSCCOC(=O)c2ccccc2)C1,8.17
ZINC000029482427,CN[C@@H]1C[C@@H](c2cccc(Cl)c2)c2ccccc21,8.17
ZINC000029482430,CN[C@H]1C[C@@H](c2cccc(Cl)c2)c2ccccc21,8.17
ZINC000029482433,CN[C@@H]1C[C@H](c2cccc(Cl)c2)c2ccccc21,8.17
ZINC000029482436,CN[C@H]1C[C@H](c2cccc(Cl)c2)c2ccccc21,8.17
ZINC000034801028,COc1cccc2c1C[C@@H](N(C)CCCc1c[nH]c3ccc(F)cc13)CO2,8.17
ZINC000034801029,COc1cccc2c1C[C@H](N(C)CCCc1c[nH]c3ccc(F)cc13)CO2,8.17
ZINC000036093139,CCC(CC)N(Cc1ccccc1C(F)(F)F)C1CCNCC1,8.17
ZINC000036271544,CN1CC[C@H](c2ccc(Cl)cc2)[C@H](CSCCOC(=O)c2ccccc2)C1,8.17
ZINC000038782805,N#Cc1ccc2[nH]cc([C@H]3CC[C@@H](N4Cc5ccccc5C4)C3)c2c1,8.17
ZINC000038782807,N#Cc1ccc2[nH]cc([C@H]3CC[C@H](N4Cc5ccccc5C4)C3)c2c1,8.17
ZINC000038782809,N#Cc1ccc2[nH]cc([C@@H]3CC[C@@H](N4Cc5ccccc5C4)C3)c2c1,8.17
ZINC000038782811,N#Cc1ccc2[nH]cc([C@@H]3CC[C@H](N4Cc5ccccc5C4)C3)c2c1,8.17
ZINC000043207046,CN1CCC(COCc2cc(C(F)(F)F)cc(C3CC3)n2)(c2ccccc2)CC1,8.17
ZINC000058564041,CN(C)CCC[C@@]1(c2ccc(F)cc2)OCc2cc(-c3cccc(C#N)c3)ccc21,8.17
ZINC000062224781,CN(C)CCC[C@]1(c2ccc(F)cc2)OCc2cc(-c3cccc(C#N)c3)ccc21,8.17
ZINC000095554193,CCCO[C@@H](c1ccc2ccccc2c1)C1CNC1,8.17
ZINC000095554194,CCCO[C@H](c1ccc2ccccc2c1)C1CNC1,8.17
ZINC000095587493,CN1CCC(COCc2cc(C(F)(F)F)cc(C3CCCC3)n2)(c2ccc(F)cc2)CC1,8.17
ZINC000261192745,COC(=O)[C@H]1[C@H]2C[C@H]3CC[C@H]1N3C/C2=C\c1cc(C)c(Br)s1,8.17
ZINC000261192746,COC(=O)[C@@H]1[C@H]2C[C@H]3CC[C@H]1N3C/C2=C\c1cc(C)c(Br)s1,8.17
ZINC000013916881,COc1cccc2c1O[C@@H](CN1CC=C(c3c[nH]c4ccc(F)cc34)CC1)CN2,8.16
ZINC000036093141,CCC(CC)CN(Cc1ccccc1C(F)(F)F)C1CCNCC1,8.16
ZINC000040937375,O=C(NCC1CC1)c1ccc(F)c2c1C[C@@H](N(CCCc1c[nH]c3ccc(F)cc13)C1CCC1)CO2,8.16
ZINC000040937377,O=C(NCC1CC1)c1ccc(F)c2c1C[C@H](N(CCCc1c[nH]c3ccc(F)cc13)C1CCC1)CO2,8.16
ZINC000053173631,COc1cccc2c1O[C@H](CN1CC=C(c3c[nH]c4ccc(F)cc34)CC1)CN2,8.16
ZINC000072105372,Cc1cccc(N2CCN(CCCNC(=O)c3nc(C)n(-c4ccccc4F)c3C)CC2)c1C,8.16
ZINC000095563614,FC(F)(F)c1ccc(Sc2ccccc2N2CCNCC2)cc1,8.16
ZINC000165583391,CN1Cc2ccccc2[C@H](c2ccc3ncccc3c2)C1,8.16
ZINC000165583548,CN1Cc2ccccc2[C@@H](c2ccc3ncccc3c2)C1,8.16
ZINC000027329808,C/C=C\c1ccc([C@H]2C[C@H]3CC[C@@H]([C@@H]2C(=O)OC)N3C)cc1,8.15
ZINC000028128943,CN(C)CCCc1c[nH]c2ccc(Cl)cc12,8.15
ZINC000028571627,CN[C@H]1CC[C@@H](c2ccc(Cl)c(Cl)c2)c2cc(C(=O)N(C)C)ccc21,8.15
ZINC000028571960,CN[C@H]1CC[C@@H](c2ccc(Cl)c(Cl)c2)c2cc([S@@](C)=O)ccc21,8.15
ZINC000028571961,CN[C@H]1CC[C@@H](c2ccc(Cl)c(Cl)c2)c2cc([S@](C)=O)ccc21,8.15
ZINC000028885591,C#Cc1ccc([C@@H]2CN3CCC[C@@H]3c3cc(OCCCN4CCCCC4)ccc32)cc1,8.15
ZINC000028885602,C#Cc1ccc([C@H]2CN3CCC[C@@H]3c3cc(OCCCN4CCCCC4)ccc32)cc1,8.15
ZINC000029041670,CN1CCc2ccc3c4c2[C@@]1(C)Cc1cccc(c1-4)C3,8.15
ZINC000029046608,CNCc1cc(C(=O)N(C)C)ccc1Oc1ccc(Cl)cc1OC,8.15
ZINC000029129498,CNCc1cc(C(N)=O)ccc1Oc1ccc(Cl)cc1C,8.15
ZINC000029395121,CN1CC[C@H](c2ccc(Cl)cc2)[C@@H](C(=O)NCCCCCNC(=O)[C@H]2CN(C)CC[C@@H]2c2ccc(Cl)cc2)C1,8.15
ZINC000034801036,CCCN(CCCc1c[nH]c2ccc(F)cc12)[C@H]1COc2c(F)ccc(C(N)=O)c2C1,8.15
ZINC000036271160,C/C=C\c1ccc([C@@H]2C[C@H]3CC[C@@H]([C@@H]2C(=O)OC)N3C)cc1,8.15
ZINC000040423908,c1ccc(C[C@]2(c3ccc4sccc4c3)CCNC2)cc1,8.15
ZINC000040423909,c1ccc(C[C@@]2(c3ccc4sccc4c3)CCNC2)cc1,8.15
ZINC000040934167,CN(C)Cc1ccccc1Oc1ccc(OC(F)(F)F)cc1,8.15
ZINC000040952667,CN1[C@H]2CC[C@@H]1[C@@H](C=C(Br)Br)[C@@H](c1ccc(Cl)cc1)C2,8.15
ZINC000042921793,Clc1ccc(O[C@@H](c2ccncc2)C2CCNCC2)c(Cl)c1,8.15
ZINC000042921795,Clc1ccc(O[C@H](c2ccncc2)C2CCNCC2)c(Cl)c1,8.15
ZINC000042922575,Clc1ccc(O[C@@H](c2ccccn2)C2CCNCC2)c(Cl)c1,8.15
ZINC000042922577,Clc1ccc(O[C@H](c2ccccn2)C2CCNCC2)c(Cl)c1,8.15
ZINC000042922581,CNC[C@H]1CCC[C@@H]1c1c[nH]c2ccc(C#N)cc12,8.15
ZINC000043063849,CCc1cccc(O[C@@H](c2cccnc2)C2CCNCC2)c1,8.15
ZINC000043063854,CCc1cccc(O[C@H](c2cccnc2)C2CCNCC2)c1,8.15
ZINC000043070847,Clc1ccc(Cl)c(O[C@@H](c2cccnc2)C2CCNCC2)c1,8.15
ZINC000043070852,Clc1ccc(Cl)c(O[C@H](c2cccnc2)C2CCNCC2)c1,8.15
ZINC000043121721,CSc1ccc(O[C@@H](c2cccnc2)C2CCNCC2)cc1,8.15
ZINC000043121724,CSc1ccc(O[C@H](c2cccnc2)C2CCNCC2)cc1,8.15
ZINC000045254316,Cc1c(C(=O)N(C(C)C)[C@@H]2CCNC2)ccc(Cl)c1Cl,8.15
ZINC000045371634,N#Cc1ccc2[nH]cc(CC[C@H]3CCCCN3Cc3ccccc3)c2c1,8.15
ZINC000045371638,N#Cc1ccc2[nH]cc(CC[C@@H]3CCCCN3Cc3ccccc3)c2c1,8.15
ZINC000045498072,CN(C)Cc1cc(NS(C)(=O)=O)ccc1Oc1ccc2c(c1)CCS2,8.15
ZINC000058503229,C#Cc1ccc([C@@H]2CN3CCC[C@H]3c3cc(OCCCN4CCCCC4)ccc32)cc1,8.15
ZINC000058541346,Cc1c(C(=O)NCCCN2CCN(c3cccc(Cl)c3Cl)CC2)cc(-c2cccnc2)n1C,8.15
ZINC000064454412,CNCC[C@@H](c1ccccc1)c1ccc(O)c2ccc(OCCN3CCCC3)cc12,8.15
ZINC000064454414,CNCC[C@H](c1ccccc1)c1ccc(O)c2ccc(OCCN3CCCC3)cc12,8.15
ZINC000064549249,CN1CCC(C(=O)OCc2ccc(Br)cc2)(c2ccc(Cl)c(Cl)c2)CC1,8.15
ZINC000066103116,CN(C)[C@H]1Cc2ccccc2[C@H](c2ccc(Cl)c(Cl)c2)C1,8.15
ZINC000103245803,CN(C)CCC[C@@]1(c2ccc(F)cc2)OCc2c(I)cccc21,8.15
ZINC000103245808,CN(C)CCC[C@]1(c2ccc(F)cc2)OCc2c(I)cccc21,8.15
ZINC000137823249,CN1[C@H]2CC[C@H]1[C@@H](CN(CCS)CCNCCS)[C@@H](c1ccc(Cl)cc1)C2,8.15
ZINC000141622925,C#Cc1ccc([C@H]2CN3CCC[C@H]3c3cc(OCCCN4CCCCC4)ccc32)cc1,8.15
ZINC000253685074,C/C=C\c1ccc([C@@H]2C[C@H]3CC[C@@H]([C@H]2C(=O)OC)N3C)cc1,8.15
ZINC000000025559,CCOC(=O)C1(c2ccc3ccccc3c2)CCN(C)CC1,8.14
ZINC000000594935,O[C@H](CCN1CCN(c2cccc3[nH]ccc23)CC1)c1csc2ccc(F)cc12,8.14
ZINC000013439757,CCC(=O)[C@H]1[C@@H](c2ccc(I)c(F)c2)C[C@@H]2CC[C@H]1N2,8.14
ZINC000013491147,O[C@@H](CCN1CCN(c2cccc3[nH]ccc23)CC1)c1csc2ccc(F)cc12,8.14
ZINC000022930626,COc1cc2c(cc1OC)C1=NO[C@@H](CN3CCN(Cc4csc5ccccc45)CC3)[C@@H]1CO2,8.14
ZINC000026657469,COc1cc2c(cc1OC)C1=NO[C@H](CN3CCN(Cc4csc5ccccc45)CC3)[C@H]1CO2,8.14
ZINC000026657472,COc1cc2c(cc1OC)C1=NO[C@H](CN3CCN(Cc4csc5ccccc45)CC3)[C@@H]1CO2,8.14
ZINC000026657477,COc1cc2c(cc1OC)C1=NO[C@@H](CN3CCN(Cc4csc5ccccc45)CC3)[C@H]1CO2,8.14
ZINC000027985214,CCC(=O)[C@@H]1[C@@H](c2ccc(I)c(F)c2)C[C@@H]2CC[C@H]1N2,8.14
ZINC000028818077,COc1ccc([C@@H]2CN(C)Cc3cc(OCCCN4CCC(F)(F)C4)ccc32)cc1,8.14
ZINC000028818080,COc1ccc([C@H]2CN(C)Cc3cc(OCCCN4CCC(F)(F)C4)ccc32)cc1,8.14
ZINC000029235732,Clc1cccc([C@@H]2CN3CCC[C@@H]3c3ccccc32)c1,8.14
ZINC000029236276,COc1cccc([C@@H]2CN3CCC[C@@H]3c3ccccc32)c1,8.14
ZINC000034125149,CCN(CC)[C@@H]1CC[C@H](c2c[nH]c3ccc(F)cc23)C1,8.14
ZINC000034125150,CCN(CC)[C@H]1CC[C@H](c2c[nH]c3ccc(F)cc23)C1,8.14
ZINC000034125151,CCN(CC)[C@@H]1CC[C@@H](c2c[nH]c3ccc(F)cc23)C1,8.14
ZINC000034125152,CCN(CC)[C@H]1CC[C@@H](c2c[nH]c3ccc(F)cc23)C1,8.14
ZINC000040412222,O=C(NC1CCC1)c1ccc(F)c2c1C[C@@H](N(CCCc1c[nH]c3ccc(F)cc13)C1CCC1)CO2,8.14
ZINC000040412225,O=C(NC1CCC1)c1ccc(F)c2c1C[C@H](N(CCCc1c[nH]c3ccc(F)cc13)C1CCC1)CO2,8.14
ZINC000072106802,CCCc1nc(C(=O)NCCCN2CCN(c3cccc(C)c3C)CC2)c(C)n1-c1ccccc1Cl,8.14
ZINC000095586572,CCN(CC)c1cc(C(F)(F)F)cc(COCC2(c3ccc(F)cc3)CCN(C)CC2)n1,8.14
ZINC000095590442,CN(C)c1cc(C(F)(F)F)cc(COCC2(c3ccc(F)cc3)CCNCC2)n1,8.14
ZINC000096924138,Clc1ccc(COC2(c3ccccc3)CNC2)cc1Cl,8.14
ZINC000253685152,CCC(=O)[C@H]1[C@H]2CC[C@@H](C[C@H]1c1ccc(I)c(F)c1)N2,8.14
ZINC000253685159,CCC(=O)[C@@H]1[C@H]2CC[C@@H](C[C@H]1c1ccc(I)c(F)c1)N2,8.14
ZINC000013674840,CN1CCCc2c1cccc2N1CCN(CCCc2c[nH]c3ccccc23)CC1,8.13
ZINC000038561256,Cc1ccc2c3c(ccc2n1)OC[C@H](CN1CCCN(c2ccc4ccccc4n2)CC1)O3,8.13
ZINC000040867065,CNCc1cc(Cl)ccc1Oc1ccc(Cl)cc1,8.13
ZINC000042967026,CNC[C@H]1C[C@@]1(Oc1cccc2ccccc12)c1cccs1,8.13
ZINC000095591363,FC(F)(F)c1cc(Cl)nc(COCC2(c3ccccc3)CCNCC2)c1,8.13
ZINC000254120839,CN1[C@H]2CC[C@H]1[C@@H](CNc1cccc(Br)n1)[C@@H](c1ccc(Cl)cc1)C2,8.13
ZINC000000594934,O[C@H](CCN1CCN(c2cccc3cccnc23)CC1)c1csc2ccc(F)cc12,8.12
ZINC000011689109,O[C@@H](CCN1CCN(c2cccc3cccnc23)CC1)c1csc2ccc(F)cc12,8.12
ZINC000013530927,Fc1ccc(O[C@H](c2ccc(Cl)cc2)C2CCNCC2)cc1,8.12
ZINC000013530930,Fc1ccc(O[C@@H](c2ccc(Cl)cc2)C2CCNCC2)cc1,8.12
ZINC000013588060,CNCC[C@@H](Oc1cccc2ccccc12)c1cccc(Br)c1,8.12
ZINC000013588061,CNCC[C@H](Oc1cccc2ccccc12)c1cccc(Br)c1,8.12
ZINC000013806630,COC(=O)[C@@H]1CN(C)CC[C@@H]1c1ccc2ccccc2c1,8.12
ZINC000028818101,COc1ccc([C@@H]2CN(C)Cc3cc(OCCCN(C4CC4)C4CC4)ccc32)cc1,8.12
ZINC000028818103,COc1ccc([C@H]2CN(C)Cc3cc(OCCCN(C4CC4)C4CC4)ccc32)cc1,8.12
ZINC000028827080,CSc1ccc([C@@H]2CN(C)Cc3cc(Oc4ccc(CN5CCCCC5)nc4)ccc32)cc1,8.12
ZINC000028827081,CSc1ccc([C@H]2CN(C)Cc3cc(Oc4ccc(CN5CCCCC5)nc4)ccc32)cc1,8.12
ZINC000037237706,CNCc1cc(F)ccc1Oc1ccc(C)c(C)c1,8.12
ZINC000045387653,CN1CC[C@H](Cc2ccccc2)C[C@@H]1CCc1c[nH]c2ccc(C#N)cc12,8.12
ZINC000072104845,Cc1cccc(N2CCN(C[C@@H](O)CNC(=O)c3nc(C)n(-c4ccccc4F)c3C)CC2)c1C,8.12
ZINC000095560510,COc1ccc(Sc2ccccc2N2CCNCC2)c(OC)c1,8.12
ZINC000100804480,N#Cc1ccc2[nH]cc([C@@H]3CC[C@@H](NCCc4ccccc4)CC3)c2c1,8.12
ZINC000100807490,COc1cccc2c1CN([C@@H]1CC[C@H](c3c[nH]c4ccc(C#N)cc34)CC1)CC2,8.12
ZINC000100808115,N#Cc1ccc2[nH]cc([C@@H]3CC[C@@H](NCc4ccccc4)CC3)c2c1,8.12
ZINC000101221629,COC(=O)[C@H]1[C@@H](c2cc(I)c(OC)c(I)c2)C[C@H]2CC[C@H]1N2C,8.12
ZINC000253688300,CCC(=O)[C@@H]1[C@H](c2ccc3c(CC)c(OC)ccc3c2)C[C@H]2CC[C@H]1N2C,8.12
ZINC000253688341,CCC(=O)[C@H]1[C@H](c2ccc3c(CC)c(OC)ccc3c2)C[C@H]2CC[C@H]1N2C,8.12
ZINC000253688351,CCC(=O)[C@@H]1[C@@H](c2ccc3c(CC)c(OC)ccc3c2)C[C@H]2CC[C@H]1N2C,8.12
ZINC000253688362,CCC(=O)[C@H]1[C@@H](c2ccc3c(CC)c(OC)ccc3c2)C[C@H]2CC[C@H]1N2C,8.12
ZINC000299824921,CC(C)N(Cc1ccc(Cl)c(Cl)c1)CC1CNC1,8.12
ZINC000021992582,CN(C)CC[C@@H](Oc1ccc(C(F)(F)F)cc1)c1ccccc1,8.11
ZINC000021992584,CN(C)CC[C@H](Oc1ccc(C(F)(F)F)cc1)c1ccccc1,8.11
ZINC000028892984,CN(C)CC[C@@H](Oc1ccc(C#N)cc1)c1ccc(OCCCN2CCCCC2)cc1,8.11
ZINC000028892990,CN(C)CC[C@H](Oc1ccc(C#N)cc1)c1ccc(OCCCN2CCCCC2)cc1,8.11
ZINC000028893130,CN1Cc2cc(OCCCN3CCC(F)CC3)ccc2[C@H](c2ccc(C#N)cc2)C1,8.11
ZINC000028893136,CN1Cc2cc(OCCCN3CCC(F)CC3)ccc2[C@@H](c2ccc(C#N)cc2)C1,8.11
ZINC000096924131,CN1CC(OCc2ccc(Cl)cc2)(c2ccc(Cl)cc2)C1,8.11
ZINC000199571415,C=C1CN2[C@H]3CC[C@H]2[C@H]1[C@H](c1ccc(C)cc1)C3,8.11
ZINC000199571462,C=C1CN2[C@H]3CC[C@H]2[C@H]1[C@@H](c1ccc(C)cc1)C3,8.11
ZINC000006093913,NCCc1c[nH]c2c(Cl)cccc12,8.1
ZINC000013472748,CN(C)Cc1ccccc1Sc1ccc(F)cc1CO,8.1
ZINC000013674830,Clc1cccc2c(CCCN3CCN(c4cccc5c4OCCO5)CC3)c[nH]c12,8.1
ZINC000014631494,c1ccc2cc(OCC3CCNCC3)ccc2c1,8.1
ZINC000022926733,Clc1cccc(COC[C@H](c2ccccc2)N2CCNCC2)c1,8.1
ZINC000022926737,Clc1cccc(COC[C@@H](c2ccccc2)N2CCNCC2)c1,8.1
ZINC000026494490,NC(=O)c1ccc2c(c1)CCO[C@@H]2CCN1CC=C(c2noc3cc(F)ccc23)CC1,8.1
ZINC000026494494,NC(=O)c1ccc2c(c1)CCO[C@H]2CCN1CC=C(c2noc3cc(F)ccc23)CC1,8.1
ZINC000026671345,N#Cc1ccc([C@@H]2CN3CCC[C@@H]3c3ccccc32)cc1,8.1
ZINC000028571360,CN[C@H]1CC[C@@H](c2ccc(Cl)c(Cl)c2)c2cccc(C(N)=O)c21,8.1
ZINC000028827084,CSc1ccc([C@@H]2CN(C)Cc3cc(Oc4ccc(CN5CCOCC5)cn4)ccc32)cc1,8.1
ZINC000028827085,CSc1ccc([C@H]2CN(C)Cc3cc(Oc4ccc(CN5CCOCC5)cn4)ccc32)cc1,8.1
ZINC000028948806,Cc1cccc(CN(Cc2ccccn2)[C@H]2CCNC2)c1C,8.1
ZINC000029048208,CN(C)Cc1cnccc1Oc1ccc(Cl)cc1Cl,8.1
ZINC000034019802,COc1ccc(Sc2ccc(C)cc2N2CCNCC2)cc1,8.1
ZINC000034051480,CSc1ccc(Oc2ccncc2CN(C)C)cc1C,8.1
ZINC000034841826,CC(C)N(CCCc1c[nH]c2ccc(F)cc12)[C@H]1COc2ccc3c(c2C1)C(=O)NCC3,8.1
ZINC000034841828,CC(C)N(CCCc1c[nH]c2ccc(F)cc12)[C@@H]1COc2ccc3c(c2C1)C(=O)NCC3,8.1
ZINC000034892347,COC(=O)[C@@H]1CN(C)CC[C@@H]1c1ccc(/C=C\I)cc1,8.1
ZINC000035067187,O=C1NCc2ccc3c(c21)C[C@@H](NCCCc1c[nH]c2ccc(F)cc12)CO3,8.1
ZINC000035067189,O=C1NCc2ccc3c(c21)C[C@H](NCCCc1c[nH]c2ccc(F)cc12)CO3,8.1
ZINC000036093172,CC(C)CN(Cc1cc(F)ccc1C(F)(F)F)C1CCNCC1,8.1
ZINC000036093174,CCN(Cc1ccccc1C(F)(F)F)C1CCNCC1,8.1
ZINC000038361942,CCCNC(=O)c1ccc(F)c2c1C[C@H](N(CCCc1c[nH]c3ccc(F)cc13)C1CCC1)CO2,8.1
ZINC000038361943,CCCNC(=O)c1ccc(F)c2c1C[C@@H](N(CCCc1c[nH]c3ccc(F)cc13)C1CCC1)CO2,8.1
ZINC000040864298,c1ccc(C[C@]2(c3ccc4cc[nH]c4c3)CCNC2)cc1,8.1
ZINC000040864300,c1ccc(C[C@@]2(c3ccc4cc[nH]c4c3)CCNC2)cc1,8.1
ZINC000040943078,C[C@@H]1CN(c2ccc3ccccc3n2)CCN1CCCCN1C(=O)c2ccccc2C1=O,8.1
ZINC000040943080,C[C@H]1CN(c2ccc3ccccc3n2)CCN1CCCCN1C(=O)c2ccccc2C1=O,8.1
ZINC000040950080,CN(C)Cc1ccccc1Sc1ccc(Br)cc1NC(=O)c1ccc(F)cc1,8.1
ZINC000042989160,Clc1cccc(O[C@@H](c2ccccc2)C2CCNCC2)c1Cl,8.1
ZINC000042989162,Clc1cccc(O[C@H](c2ccccc2)C2CCNCC2)c1Cl,8.1
ZINC000043024468,Clc1cccc(O[C@@H](c2ccncc2)C2CCNCC2)c1Cl,8.1
ZINC000043024471,Clc1cccc(O[C@H](c2ccncc2)C2CCNCC2)c1Cl,8.1
ZINC000043078114,Cc1ccnc([C@H](Oc2cccc(Cl)c2Cl)C2CCNCC2)c1,8.1
ZINC000043078117,Cc1ccnc([C@@H](Oc2cccc(Cl)c2Cl)C2CCNCC2)c1,8.1
ZINC000043194153,NC(=O)c1cc2cc(N3CCNC[C@H]3Cc3ccccc3)ccc2[nH]1,8.1
ZINC000043194154,NC(=O)c1cc2cc(N3CCNC[C@@H]3Cc3ccccc3)ccc2[nH]1,8.1
ZINC000045245344,O=c1[nH]c2cccc(N3C[C@H]4C[C@@H]3CN4C[C@@H]3CCc4[nH]c5ccc(F)cc5c4C3)c2o1,8.1
ZINC000045283808,COC(=O)[C@H]1[C@@H](c2ccc(SC(F)(F)F)cc2)C[C@@H]2CC[C@H]1N2C,8.1
ZINC000045338605,CCN(CCCc1c[nH]c2ccc(F)cc12)[C@H]1COc2ccc3c(c2C1)C(=O)NC3,8.1
ZINC000045338607,CCN(CCCc1c[nH]c2ccc(F)cc12)[C@@H]1COc2ccc3c(c2C1)C(=O)NC3,8.1
ZINC000049034960,c1ccc([C@@H](Cc2cccc3c2OCC3)N2CCNCC2)cc1,8.1
ZINC000049034962,c1ccc([C@H](Cc2cccc3c2OCC3)N2CCNCC2)cc1,8.1
ZINC000049036917,COc1ccccc1C[C@@H](c1cccc(F)c1)N1CCNCC1,8.1
ZINC000049036919,COc1ccccc1C[C@H](c1cccc(F)c1)N1CCNCC1,8.1
ZINC000049109955,COc1ccccc1C[C@@H](c1ccc(F)cc1)N1CCNCC1,8.1
ZINC000049109957,COc1ccccc1C[C@H](c1ccc(F)cc1)N1CCNCC1,8.1
ZINC000053243535,Cn1ccc2cc(N3CCNC[C@@H]3Cc3ccccc3)ccc21,8.1
ZINC000053243537,Cn1ccc2cc(N3CCNC[C@H]3Cc3ccccc3)ccc21,8.1
ZINC000066102397,CN[C@@H]1Cc2ccccc2[C@H](c2ccc(Cl)c(Cl)c2)C1,8.1
ZINC000070631586,COc1ccc([C@@H](C)N[C@@H]2CC[C@@H](C(=O)N3CCC(c4ccccc4)(c4ccc(Cl)nc4)CC3)C(C)(C)C2)cc1,8.1
ZINC000095563761,COc1ccc(Sc2ccccc2N2CCNCC2)cc1,8.1
ZINC000095587267,Clc1ccc(O[C@@H](c2ccccc2)[C@H]2CCNC2)cc1,8.1
ZINC000095588357,Fc1cc(F)c(Cl)c(O[C@@H](c2ccccc2)[C@H]2CCNC2)c1Cl,8.1
ZINC000095588585,Fc1ccc(O[C@@H](c2ccccc2)[C@H]2CCNC2)c(F)c1,8.1
ZINC000095626336,O=c1[nH]c2cccc(N3C[C@H]4C[C@@H]3CN4C[C@H]3CCc4[nH]c5ccc(F)cc5c4C3)c2o1,8.1
ZINC000100846447,Cc1ccc([C@H]2C[C@H]3CC[C@H]4[C@H]2[C@@](O)(c2ccccc2)CN43)cc1,8.1
ZINC000103245925,COc1ccccc1N1CCN(Cc2ccc3c(c2)CO[C@@]3(CCCN(C)C)c2ccc(F)cc2)CC1,8.1
ZINC000103245927,COc1ccccc1N1CCN(Cc2ccc3c(c2)CO[C@]3(CCCN(C)C)c2ccc(F)cc2)CC1,8.1
ZINC000253698984,CN1[C@H]2CC[C@H]1[C@H](C(=O)NCCCCCCCCNC(=O)[C@@H]1[C@H](c3ccc(Cl)cc3)C[C@H]3CC[C@H]1N3C)[C@@H](c1ccc(Cl)cc1)C2,8.1
ZINC000253698995,CN1[C@H]2CC[C@H]1[C@H](C(=O)NCCCCCCCCNC(=O)[C@@H]1[C@H](c3ccc(Cl)cc3)C[C@H]3CC[C@H]1N3C)[C@H](c1ccc(Cl)cc1)C2,8.1
ZINC000253699008,CN1[C@H]2CC[C@H]1[C@H](C(=O)NCCCCCCCCNC(=O)[C@H]1[C@H](c3ccc(Cl)cc3)C[C@H]3CC[C@H]1N3C)[C@H](c1ccc(Cl)cc1)C2,8.1
ZINC000253699018,CN1[C@H]2CC[C@H]1[C@H](C(=O)NCCCCCCCCNC(=O)[C@@H]1[C@@H](c3ccc(Cl)cc3)C[C@H]3CC[C@H]1N3C)[C@@H](c1ccc(Cl)cc1)C2,8.1
ZINC000013530828,Clc1ccccc1O[C@H](c1ccccc1)C1CCNCC1,8.09
ZINC000013530831,Clc1ccccc1O[C@@H](c1ccccc1)C1CCNCC1,8.09
ZINC000013835650,CN[C@H]1c2cc(OC)ccc2[C@H](c2ccc(Cl)c(Cl)c2)[C@@H]1O,8.09
ZINC000022930638,COc1cc2c(cc1OC)C1=NO[C@@H](CN3CCN(Cc4ccc5ncccc5c4)CC3)[C@@H]1CO2,8.09
ZINC000026646268,COc1cc2c(cc1OC)C1=NO[C@H](CN3CCN(Cc4ccc5ncccc5c4)CC3)[C@H]1CO2,8.09
ZINC000026646273,COc1cc2c(cc1OC)C1=NO[C@H](CN3CCN(Cc4ccc5ncccc5c4)CC3)[C@@H]1CO2,8.09
ZINC000026646277,COc1cc2c(cc1OC)C1=NO[C@@H](CN3CCN(Cc4ccc5ncccc5c4)CC3)[C@H]1CO2,8.09
ZINC000026671336,Clc1ccc([C@@H]2CN3CCC[C@@H]3c3ccccc32)c(Cl)c1,8.09
ZINC000027552011,CN[C@H]1c2cc(OC)ccc2[C@@H](c2ccc(Cl)c(Cl)c2)[C@@H]1O,8.09
ZINC000028818037,COc1ccc([C@@H]2CN(C)Cc3cc(OCCCN4CCCC(F)(F)C4)ccc32)cc1,8.09
ZINC000028818039,COc1ccc([C@H]2CN(C)Cc3cc(OCCCN4CCCC(F)(F)C4)ccc32)cc1,8.09
ZINC000033977992,CN[C@H](C)c1cc(F)ccc1Oc1ccc(Cl)c(Cl)c1,8.09
ZINC000033977993,CN[C@@H](C)c1cc(F)ccc1Oc1ccc(Cl)c(Cl)c1,8.09
ZINC000036093221,Clc1ccc(Cl)c(C[C@H](c2ccccc2)N2CCNCC2)c1,8.09
ZINC000036093222,Clc1ccc(Cl)c(C[C@@H](c2ccccc2)N2CCNCC2)c1,8.09
ZINC000045368190,CN1CCC[C@@H]1CCc1c[nH]c2ccc(C#N)cc12,8.09
ZINC000045368193,CN1CCC[C@H]1CCc1c[nH]c2ccc(C#N)cc12,8.09
ZINC000045484544,O=C(NC1CC1)c1ccc(F)c2c1C[C@@H](N(CCCc1c[nH]c3ccc(F)cc13)C1CCC1)CO2,8.09
ZINC000045484547,O=C(NC1CC1)c1ccc(F)c2c1C[C@H](N(CCCc1c[nH]c3ccc(F)cc13)C1CCC1)CO2,8.09
ZINC000058581135,CN(C)CCC[C@]1(c2ccc(F)cc2)OCc2c(-c3cccc(F)c3)cccc21,8.09
ZINC000062224828,CN(C)CCC[C@@]1(c2ccc(F)cc2)OCc2c(-c3cccc(F)c3)cccc21,8.09
ZINC000096924123,Clc1ccc(C2(OCc3ccc(Cl)c(Cl)c3)CNC2)cc1,8.09
ZINC000169372573,CCc1ccc([C@@H]2C[C@H]3CC[C@@H](N3)[C@@H]2C(=O)OC)cc1,8.09
ZINC000253782523,CN1[C@H]2CC[C@H]1[C@@H](c1ccno1)[C@@H](c1ccc(Cl)cc1)C2,8.09
ZINC000253782531,CN1[C@H]2CC[C@H]1[C@@H](c1ccno1)[C@H](c1ccc(Cl)cc1)C2,8.09
ZINC000253782538,CN1[C@H]2CC[C@H]1[C@H](c1ccno1)[C@H](c1ccc(Cl)cc1)C2,8.09
ZINC000253782543,CN1[C@H]2CC[C@H]1[C@H](c1ccno1)[C@@H](c1ccc(Cl)cc1)C2,8.09
ZINC000253793137,CCc1ccc([C@@H]2C[C@H]3CC[C@@H](N3)[C@H]2C(=O)OC)cc1,8.09
ZINC000001530862,COc1cc(N[C@@H](C)CCCN)c2ncccc2c1,8.08
ZINC000001530863,COc1cc(N[C@H](C)CCCN)c2ncccc2c1,8.08
ZINC000013531047,c1ccc([C@H](Oc2cccc3ccccc23)C2CCNCC2)cc1,8.08
ZINC000013531050,c1ccc([C@@H](Oc2cccc3ccccc23)C2CCNCC2)cc1,8.08
ZINC000022930644,COc1cc2c(cc1OC)C1=NO[C@H](CN3CCN(C/C=C/c4ccccc4)CC3)[C@H]1CO2,8.08
ZINC000022930647,COc1cc2c(cc1OC)C1=NO[C@H](CN3CCN(C/C=C/c4ccccc4)CC3)[C@@H]1CO2,8.08
ZINC000022930650,COc1cc2c(cc1OC)C1=NO[C@@H](CN3CCN(C/C=C/c4ccccc4)CC3)[C@H]1CO2,8.08
ZINC000028818182,COc1ccc([C@@H]2CN(C)Cc3cc(OCCCN4CCN(C(=O)c5cccn5C)CC4)ccc32)cc1,8.08
ZINC000028818184,COc1ccc([C@H]2CN(C)Cc3cc(OCCCN4CCN(C(=O)c5cccn5C)CC4)ccc32)cc1,8.08
ZINC000028827072,CSc1ccc([C@@H]2CN(C)Cc3cc(Oc4cncc(CN5CCCCC5)c4)ccc32)cc1,8.08
ZINC000028827073,CSc1ccc([C@H]2CN(C)Cc3cc(Oc4cncc(CN5CCCCC5)c4)ccc32)cc1,8.08
ZINC000028893066,CN1Cc2cc(OCCCN3CCC(F)CC3)ccc2[C@H](c2ccc(Cl)c(Cl)c2)C1,8.08
ZINC000028893070,CN1Cc2cc(OCCCN3CCC(F)CC3)ccc2[C@@H](c2ccc(Cl)c(Cl)c2)C1,8.08
ZINC000029127989,NC[C@@H]1C[C@@]1(C(=O)[C@@H]1NCCc2ccccc21)c1ccccc1,8.08
ZINC000029127991,NC[C@@H]1C[C@]1(C(=O)[C@@H]1NCCc2ccccc21)c1ccccc1,8.08
ZINC000036093292,NC[C@@H]1C[C@@]1(C(=O)[C@H]1NCCc2ccccc21)c1ccccc1,8.08
ZINC000036093293,NC[C@@H]1C[C@]1(C(=O)[C@H]1NCCc2ccccc21)c1ccccc1,8.08
ZINC000040943312,CNC(=O)c1ccc(F)c2c1C[C@H](N(CCCc1c[nH]c3ccc(F)cc13)C1CCC1)CO2,8.08
ZINC000040943314,CNC(=O)c1ccc(F)c2c1C[C@@H](N(CCCc1c[nH]c3ccc(F)cc13)C1CCC1)CO2,8.08
ZINC000053267999,C1=C(c2c[nH]c3ccccc23)CCN(C[C@@H]2CNc3ccccc3O2)C1,8.08
ZINC000053268002,C1=C(c2c[nH]c3ccccc23)CCN(C[C@H]2CNc3ccccc3O2)C1,8.08
ZINC000095552306,c1ccc(O[C@@H](c2ccc3ccccc3c2)C2CNC2)cc1,8.08
ZINC000095552307,c1ccc(O[C@H](c2ccc3ccccc3c2)C2CNC2)cc1,8.08
ZINC000095589382,CN1CCC(COCc2cc(C(F)(F)F)cc(C3CC3)n2)(c2cccc(F)c2)CC1,8.08
ZINC000101221883,COc1ccc([C@H]2C[C@H]3CC[C@H]([C@H]2C(=O)OCCc2ccc(N)cc2)N3C)cc1,8.08
ZINC000103245947,CN(C)CCC[C@@]1(c2ccc(F)cc2)OCc2cc(CNCc3ccc4ccccc4c3)ccc21,8.08
ZINC000103245949,CN(C)CCC[C@]1(c2ccc(F)cc2)OCc2cc(CNCc3ccc4ccccc4c3)ccc21,8.08
ZINC000165751714,CN1Cc2cc(F)ccc2[C@H](c2ccc3sccc3c2)C1,8.08
ZINC000165751873,CN1Cc2cc(F)ccc2[C@@H](c2ccc3sccc3c2)C1,8.08
ZINC000299829168,c1ccc(N(Cc2ccc3ccccc3c2)CC2CNC2)cc1,8.08
ZINC000000000506,CCN(CC)C(=O)[C@@]1(c2ccccc2)C[C@H]1CN,8.07
ZINC000013582549,N#Cc1ccc2[nH]cc(CCCCN3CCN(c4cccc5oc(C(N)=O)cc45)CC3)c2c1,8.07
ZINC000027554076,Cc1cc(C)c([C@H](O)[C@@H](CN(C)C)c2ccccc2)c(C)c1,8.07
ZINC000028893098,CN1Cc2cc(OCCCN3CCC(F)CC3)ccc2[C@H](c2ccc(C(F)(F)F)cc2)C1,8.07
ZINC000028893102,CN1Cc2cc(OCCCN3CCC(F)CC3)ccc2[C@@H](c2ccc(C(F)(F)F)cc2)C1,8.07
ZINC000028960428,CN(C)C[C@@H]1C[C@@H]1c1ccc2ccccc2c1,8.07
ZINC000028960433,CN(C)C[C@H]1C[C@@H]1c1ccc2ccccc2c1,8.07
ZINC000028960436,CN(C)C[C@@H]1C[C@H]1c1ccc2ccccc2c1,8.07
ZINC000028960440,CN(C)C[C@H]1C[C@H]1c1ccc2ccccc2c1,8.07
ZINC000029233544,Fc1ccc([C@@H]2CN3CCC[C@@H]3c3ccccc32)cc1,8.07
ZINC000029337154,CNCCN(C)c1ccc2cc([N+](=O)[O-])ccc2n1,8.07
ZINC000038436440,CN[C@@H]1CC[C@H](c2c[nH]c3ccc(C#N)cc23)C1,8.07
ZINC000038436441,CN[C@H]1CC[C@H](c2c[nH]c3ccc(C#N)cc23)C1,8.07
ZINC000038436442,CN[C@@H]1CC[C@@H](c2c[nH]c3ccc(C#N)cc23)C1,8.07
ZINC000038436443,CN[C@H]1CC[C@@H](c2c[nH]c3ccc(C#N)cc23)C1,8.07
ZINC000058541423,COC(=O)[C@H]1[C@@H](c2ccc(Br)cc2)C[C@@H]2CC[C@H]1N2C/C=C/CF,8.07
ZINC000100936679,COc1cccc2c1O[C@@H](CN1[C@H]3C=C(n4ccc5cc(F)ccc54)C[C@H]1CC3)CO2,8.07
ZINC000101182338,N#Cc1ccc2[nH]cc([C@H]3CC[C@@H](N4CCN(c5cccc6[nH]ccc56)CC4)CC3)c2c1,8.07
ZINC000101300649,Clc1ccc(CO[C@]2(c3ccc(Cl)c(Cl)c3)C[C@@H]3CC[C@H](C2)N3)cc1,8.07
ZINC000253848868,O=C(CCCCCCCCCC(=O)OC[C@H]1[C@H]2C[C@H]3CC[C@H]1N3C/C2=C\c1ccc(Cl)c(Cl)c1)OC[C@H]1[C@H]2C[C@H]3CC[C@H]1N3C/C2=C\c1ccc(Cl)c(Cl)c1,8.07
ZINC000253848873,O=C(CCCCCCCCCC(=O)OC[C@@H]1[C@H]2C[C@H]3CC[C@H]1N3C/C2=C\c1ccc(Cl)c(Cl)c1)OC[C@@H]1[C@H]2C[C@H]3CC[C@H]1N3C/C2=C\c1ccc(Cl)c(Cl)c1,8.07
ZINC000253848877,O=C(CCCCCCCCCC(=O)OC[C@@H]1[C@H]2C[C@H]3CC[C@H]1N3C/C2=C\c1ccc(Cl)c(Cl)c1)OC[C@H]1[C@H]2C[C@H]3CC[C@H]1N3C/C2=C\c1ccc(Cl)c(Cl)c1,8.07
ZINC000013677521,CN1CC[C@H](c2ccc(Cl)cc2)[C@H](CSCC(=O)N(C)C)C1,8.06
ZINC000028821528,C[C@H]1CN(c2cccc3cc(F)ccc23)CCN1CC[C@H]1OCC2=CC(C(N)=O)=CC[C@H]21,8.06
ZINC000028821548,CCCN(CCCc1c[nH]c2ccc(F)cc12)[C@@H]1COc2ccc3ncccc3c2C1,8.06
ZINC000028821549,CCCN(CCCc1c[nH]c2ccc(F)cc12)[C@H]1COc2ccc3ncccc3c2C1,8.06
ZINC000028885607,C#Cc1cccc([C@@H]2CN3CCC[C@@H]3c3cc(OCCCN4CCCCC4)ccc32)c1,8.06
ZINC000028885614,C#Cc1cccc([C@H]2CN3CCC[C@@H]3c3cc(OCCCN4CCCCC4)ccc32)c1,8.06
ZINC000028885658,Clc1ccccc1[C@@H]1CN2CCC[C@@H]2c2cc(OCCCN3CCCCC3)ccc21,8.06
ZINC000028885665,Clc1ccccc1[C@H]1CN2CCC[C@@H]2c2cc(OCCCN3CCCCC3)ccc21,8.06
ZINC000034004668,CNCc1ccc(OC)cc1Oc1ccc(Cl)c(Cl)c1,8.06
ZINC000058498226,C[C@H]1CN(c2cccc3cc(F)ccc23)CCN1CC[C@H]1OCC2=CC(C(N)=O)=CC[C@@H]21,8.06
ZINC000058509489,C#Cc1cccc([C@H]2CN3CCC[C@H]3c3cc(OCCCN4CCCCC4)ccc32)c1,8.06
ZINC000058509561,Clc1ccccc1[C@H]1CN2CCC[C@H]2c2cc(OCCCN3CCCCC3)ccc21,8.06
ZINC000100921383,COC(=O)[C@@H]1[C@@H](c2ccc(-c3ccccc3)cc2)C[C@H]2CC[C@H]1N2C,8.06
ZINC000100921385,COC(=O)[C@H]1[C@@H](c2ccc(-c3ccccc3)cc2)C[C@H]2CC[C@H]1N2C,8.06
ZINC000140070090,Clc1ccccc1[C@@H]1CN2CCC[C@H]2c2cc(OCCCN3CCCCC3)ccc21,8.06
ZINC000140737150,C#Cc1cccc([C@@H]2CN3CCC[C@H]3c3cc(OCCCN4CCCCC4)ccc32)c1,8.06
ZINC000000002275,CCOc1ccccc1O[C@H](c1ccccc1)[C@@H]1CNCCO1,8.05
ZINC000000002284,CCOc1ccccc1O[C@@H](c1ccccc1)[C@H]1CNCCO1,8.05
ZINC000000593141,CN(C)Cc1cc(S(N)(=O)=O)ccc1Oc1ccc(OC(F)(F)F)cc1,8.05
ZINC000001842633,CNCC[C@@H](Oc1ccccc1C)c1ccccc1,8.05
ZINC000003996032,CCOc1ccccc1O[C@H](c1ccccc1)[C@H]1CNCCO1,8.05
ZINC000006745515,CCCN(CCCc1c[nH]c2ccc(F)cc12)[C@@H]1COc2cccc(OC)c2C1,8.05
ZINC000013530845,FC(F)(F)c1cccc(O[C@H](c2ccccc2)C2CCNCC2)c1,8.05
ZINC000013530848,FC(F)(F)c1cccc(O[C@@H](c2ccccc2)C2CCNCC2)c1,8.05
ZINC000013761441,COc1cccc2c1CCC[C@H]2CN(C)CCc1ccc2ncsc2c1,8.05
ZINC000028571830,CN[C@H]1CC[C@@H](c2ccc(Cl)c(Cl)c2)c2ccc(C(=O)N(C)C)cc21,8.05
ZINC000028654951,COc1cc2c(cc1OC)C1=NO[C@H](CN3CCN(C/C(C)=C/c4ccccc4)CC3)[C@H]1CN2,8.05
ZINC000028654954,COc1cc2c(cc1OC)C1=NO[C@H](CN3CCN(C/C(C)=C/c4ccccc4)CC3)[C@@H]1CN2,8.05
ZINC000028654956,COc1cc2c(cc1OC)C1=NO[C@@H](CN3CCN(C/C(C)=C/c4ccccc4)CC3)[C@H]1CN2,8.05
ZINC000028948809,Cc1cccc(CN(C2CCOCC2)[C@H]2CCNC2)c1C,8.05
ZINC000034044938,CSc1ccc(Oc2ccc(S(N)(=O)=O)cc2CN(C)C)cc1F,8.05
ZINC000034052328,CNCc1cc(C)c(C)cc1Oc1ccc(Cl)c(Cl)c1,8.05
ZINC000034801025,CCCN(CCCc1c[nH]c2ccc(F)cc12)[C@H]1COc2cccc(OC)c2C1,8.05
ZINC000036271672,COC(=O)[C@H]1[C@@H](c2ccc(-c3ccc(N)c(I)c3)cc2)C[C@@H]2CC[C@H]1N2C,8.05
ZINC000043060199,Clc1ccccc1O[C@@H](c1cccnc1)C1CCNCC1,8.05
ZINC000043060202,Clc1ccccc1O[C@H](c1cccnc1)C1CCNCC1,8.05
ZINC000045261735,O=C(c1ccc2ccccc2c1)N(C1CCC1)[C@@H]1CCNC1,8.05
ZINC000045338601,CN(CCCc1c[nH]c2ccc(F)cc12)[C@H]1COc2ccc3c(c2C1)C(=O)NC3,8.05
ZINC000045338603,CN(CCCc1c[nH]c2ccc(F)cc12)[C@@H]1COc2ccc3c(c2C1)C(=O)NC3,8.05
ZINC000045495419,CNS(=O)(=O)c1ccc(Oc2ccc(SC)cc2)c(CN(C)C)c1,8.05
ZINC000045496913,CNCC[C@@H](c1ccccc1)c1c[nH]c2ccccc12,8.05
ZINC000045496915,CNCC[C@H](c1ccccc1)c1c[nH]c2ccccc12,8.05
ZINC000049037070,Fc1ccc([C@H](Cc2ccccc2OC(F)F)N2CCNCC2)cc1,8.05
ZINC000049037072,Fc1ccc([C@@H](Cc2ccccc2OC(F)F)N2CCNCC2)cc1,8.05
ZINC000049054382,COc1cccc(F)c1C[C@@H](c1ccccc1)N1CCNCC1,8.05
ZINC000049054385,COc1cccc(F)c1C[C@H](c1ccccc1)N1CCNCC1,8.05
ZINC000066157083,CNC[C@H]1Cc2ccccc2[C@H](c2ccc(Cl)c(Cl)c2)C1,8.05
ZINC000072106086,COc1ccccc1-n1c(C)nc(C(=O)NCCCN2CCN(c3cccc(C)c3C)CC2)c1C,8.05
ZINC000072142461,CN1C[C@@H]2CCC[C@]2(c2ccc(Cl)c(Cl)c2)C1,8.05
ZINC000095585913,Fc1ccc(C2(COCc3cc(C(F)(F)F)cc(Cl)n3)CCNCC2)cc1,8.05
ZINC000095591776,CC(C)Cc1cc(C(F)(F)F)cc(COCC2(c3ccc(F)cc3)CCN(C)CC2)n1,8.05
ZINC000100761714,COC(=O)[C@H]1[C@@H](c2ccc(I)cc2)C[C@H]2CC[C@H]1N2CCCI,8.05
ZINC000100761720,COC(=O)[C@@H]1[C@@H](c2ccc(I)cc2)C[C@H]2CC[C@H]1N2CCCI,8.05
ZINC000100792676,CCC(=O)[C@H]1[C@@H](c2ccc(C)c3ccccc23)C[C@H]2CC[C@H]1N2C,8.05
ZINC000100792678,CCC(=O)[C@@H]1[C@@H](c2ccc(C)c3ccccc23)C[C@H]2CC[C@H]1N2C,8.05
ZINC000169345027,CN(C)CC[C@@H](Oc1ccc(NC(=O)Nc2ccc3c(ccn3C)c2)cc1)c1ccccc1,8.05
ZINC000169345029,CN(C)CC[C@H](Oc1ccc(NC(=O)Nc2ccc3c(ccn3C)c2)cc1)c1ccccc1,8.05
ZINC000253633577,CCC(=O)[C@H]1[C@H](c2ccc(C)c3ccccc23)C[C@H]2CC[C@H]1N2C,8.05
ZINC000253633579,CCC(=O)[C@@H]1[C@H](c2ccc(C)c3ccccc23)C[C@H]2CC[C@H]1N2C,8.05
ZINC000253639256,COC(=O)[C@H]1[C@H](c2ccc(I)cc2)C[C@H]2CC[C@H]1N2CCCI,8.05
ZINC000253639259,COC(=O)[C@@H]1[C@H](c2ccc(I)cc2)C[C@H]2CC[C@H]1N2CCCI,8.05
ZINC000028821542,COc1cccc2c1C[C@H](NCCCc1c[nH]c3ccc(F)cc13)CO2,8.04
ZINC000028821543,COc1cccc2c1C[C@@H](NCCCc1c[nH]c3ccc(F)cc13)CO2,8.04
ZINC000029239407,FC(F)(F)c1cccc([C@@H]2CN3CCC[C@@H]3c3ccccc32)c1,8.04
ZINC000040391284,CNCc1ccc(Cl)cc1Oc1ccc(Cl)cc1,8.04
ZINC000058540736,COc1cccc(-c2ccc3c(c2)CO[C@@]3(CCCN(C)C)c2ccc(F)cc2)c1,8.04
ZINC000062224786,COc1cccc(-c2ccc3c(c2)CO[C@]3(CCCN(C)C)c2ccc(F)cc2)c1,8.04
ZINC000064549716,O=C(OCc1ccccc1)C1(c2ccc(Cl)c(Cl)c2)CCNCC1,8.04
ZINC000072105213,Cc1nc(C(=O)NCCCN2CCN(c3cccc(Cl)c3Cl)CC2)c(C)n1-c1ccc2c(c1)OCCO2,8.04
ZINC000072106720,Cc1c(Cl)cccc1N1CCN(C[C@H](O)CNC(=O)c2nc(C)n(-c3ccc4c(c3)OCCO4)c2C)CC1,8.04
ZINC000072106721,Cc1c(Cl)cccc1N1CCN(C[C@@H](O)CNC(=O)c2nc(C)n(-c3ccc4c(c3)OCCO4)c2C)CC1,8.04
ZINC000095589266,CN1CCC(COCc2cc(C(F)(F)F)cc(C3CC3)n2)(c2cccc(Cl)c2)CC1,8.04
ZINC000096914788,CSC[C@@H](c1ccc(Cl)c(Cl)c1)C1CCNCC1,8.04
ZINC000096914789,CSC[C@H](c1ccc(Cl)c(Cl)c1)C1CCNCC1,8.04
ZINC000096914790,CCSC[C@@H](c1ccc(Cl)c(Cl)c1)C1CCNCC1,8.04
ZINC000096914791,CCSC[C@H](c1ccc(Cl)c(Cl)c1)C1CCNCC1,8.04
ZINC000100911893,CCC(=O)[C@H]1[C@@H](c2ccc(I)c(F)c2)C[C@H]2CC[C@H]1N2C,8.04
ZINC000100911897,CCC(=O)[C@@H]1[C@@H](c2ccc(I)c(F)c2)C[C@H]2CC[C@H]1N2C,8.04
ZINC000253685768,CCC(=O)[C@@H]1[C@H](c2ccc(I)c(F)c2)C[C@H]2CC[C@H]1N2C,8.04
ZINC000253685771,CCC(=O)[C@H]1[C@H](c2ccc(I)c(F)c2)C[C@H]2CC[C@H]1N2C,8.04
ZINC000299862134,COc1ccc(CN[C@@H]2CO[C@H](C(c3ccccc3)c3ccccc3)C[C@H]2O)cc1F,8.04
ZINC000028885994,Oc1ccc([C@@H]2CN3CCC[C@@H]3c3cc(OCCCN4CCCCC4)ccc32)cc1,8.03
ZINC000028885999,Oc1ccc([C@H]2CN3CCC[C@@H]3c3cc(OCCCN4CCCCC4)ccc32)cc1,8.03
ZINC000036093202,Clc1cccc(C[C@H](c2ccccc2)N2CCNCC2)c1,8.03
ZINC000036093203,Clc1cccc(C[C@@H](c2ccccc2)N2CCNCC2)c1,8.03
ZINC000038345791,Fc1ccc2[nH]cc(C3=CCN(CCc4coc5ccc(F)cc45)CC3)c2c1,8.03
ZINC000040848231,CNCc1cc(S(=O)(=O)NC)ccc1Oc1ccc(Cl)c(Cl)c1,8.03
ZINC000058503362,Oc1ccc([C@@H]2CN3CCC[C@H]3c3cc(OCCCN4CCCCC4)ccc32)cc1,8.03
ZINC000058568526,CN(C)CCC[C@]1(c2ccc(F)cc2)OCc2cc(/C=C/c3ccccc3)ccc21,8.03
ZINC000058576114,CN(C)CCC[C@@]1(c2ccc(F)cc2)OCc2cc(/C=C/c3ccccc3)ccc21,8.03
ZINC000072104607,CCCc1nc(C(=O)NC[C@H](O)CN2CCN(c3cccc(C)c3C)CC2)c(C)n1-c1ccc2c(c1)OCCO2,8.03
ZINC000072104608,CCCc1nc(C(=O)NC[C@@H](O)CN2CCN(c3cccc(C)c3C)CC2)c(C)n1-c1ccc2c(c1)OCCO2,8.03
ZINC000095607490,O[C@@H](CCN1CCN(c2ccc3ccccc3n2)CC1)c1csc2ccc(F)cc12,8.03
ZINC000095607491,O[C@H](CCN1CCN(c2ccc3ccccc3n2)CC1)c1csc2ccc(F)cc12,8.03
ZINC000096914796,CCOC(=O)[C@@H](c1ccc(Cl)c(Cl)c1)C1CCNCC1,8.03
ZINC000096914797,CCOC(=O)[C@H](c1ccc(Cl)c(Cl)c1)C1CCNCC1,8.03
ZINC000141618545,Oc1ccc([C@H]2CN3CCC[C@H]3c3cc(OCCCN4CCCCC4)ccc32)cc1,8.03
ZINC000169345057,CN(C)CC[C@@H](Oc1cccc(NC(=O)Nc2ccc3c(ccn3C)c2)c1)c1ccccc1,8.03
ZINC000169345058,CN(C)CC[C@H](Oc1cccc(NC(=O)Nc2ccc3c(ccn3C)c2)c1)c1ccccc1,8.03
ZINC000253635411,O=C(OC[C@@H]1[C@H]2C[C@H]3CC[C@H]1N3C/C2=C\c1ccc(Cl)c(Cl)c1)c1ccc2ccccc2c1,8.03
ZINC000253635416,O=C(OC[C@H]1[C@H]2C[C@H]3CC[C@H]1N3C/C2=C\c1ccc(Cl)c(Cl)c1)c1ccc2ccccc2c1,8.03
ZINC000002037189,CN(C)[C@H]1C[C@@H](c2ccccc2)c2ccccc21,8.02
ZINC000002037190,CN(C)[C@H]1C[C@H](c2ccccc2)c2ccccc21,8.02
ZINC000002037191,CN(C)[C@@H]1C[C@H](c2ccccc2)c2ccccc21,8.02
ZINC000005689252,CN(C)[C@@H]1C[C@@H](c2ccccc2)c2ccccc21,8.02
ZINC000012359681,CNCc1cc(F)ccc1Oc1ccc(Cl)cc1,8.02
ZINC000013761444,COc1cccc2c1CCC[C@H]2CN(C)CCc1ccc2nc(N)sc2c1,8.02
ZINC000027310256,C=Cc1ccc([C@H]2C[C@H]3CC[C@@H]([C@H]2C(=O)OC)N3C)cc1,8.02
ZINC000027310260,C=Cc1ccc([C@H]2C[C@H]3CC[C@@H]([C@@H]2C(=O)OC)N3C)cc1,8.02
ZINC000029473867,Oc1cccc(C[C@H](c2ccccc2)N2CCNCC2)c1,8.02
ZINC000029473872,Oc1cccc(C[C@@H](c2ccccc2)N2CCNCC2)c1,8.02
ZINC000034644867,CN(C)[C@@H]1CC[C@H](c2c[nH]c3cc(Br)ccc23)C1,8.02
ZINC000034644868,CN(C)[C@H]1CC[C@H](c2c[nH]c3cc(Br)ccc23)C1,8.02
ZINC000034644869,CN(C)[C@@H]1CC[C@@H](c2c[nH]c3cc(Br)ccc23)C1,8.02
ZINC000034644870,CN(C)[C@H]1CC[C@@H](c2c[nH]c3cc(Br)ccc23)C1,8.02
ZINC000036093183,CC(C)CN(Cc1cc(C(F)(F)F)ccc1Cl)C1CCNCC1,8.02
ZINC000040391210,CNCCC[C@@H](c1cccs1)c1cccc2ccccc12,8.02
ZINC000040939587,CCNC(=O)c1ccc(F)c2c1C[C@H](N(CCCc1c[nH]c3ccc(F)cc13)C1CCC1)CO2,8.02
ZINC000040939589,CCNC(=O)c1ccc(F)c2c1C[C@@H](N(CCCc1c[nH]c3ccc(F)cc13)C1CCC1)CO2,8.02
ZINC000072106084,Cc1c(Cl)cccc1N1CCN(CCCNC(=O)c2nc(C)n(C3CCCC3)c2C)CC1,8.02
ZINC000095561409,Cc1ccc(Sc2ccc(Cl)cc2)c(N2CCNCC2)c1,8.02
ZINC000100739570,COC(=O)[C@@H]1[C@@H](c2cccc(I)c2)C[C@H]2CC[C@H]1N2C,8.02
ZINC000100754892,COC(=O)[C@@H]1[C@H](c2cccc(I)c2)C[C@H]2CC[C@H]1N2C,8.02
ZINC000100761649,COC(=O)[C@H]1[C@@H](c2ccc(I)cc2)C[C@H]2CC[C@H]1N2CC(F)F,8.02
ZINC000100761653,COC(=O)[C@@H]1[C@@H](c2ccc(I)cc2)C[C@H]2CC[C@H]1N2CC(F)F,8.02
ZINC000101778956,COC(=O)[C@H]1[C@@H](c2cccc(I)c2)C[C@H]2CC[C@H]1N2C,8.02
ZINC000169317491,C=Cc1ccc([C@@H]2C[C@H]3CC[C@@H]([C@@H]2C(=O)OC)N3C)cc1,8.02
ZINC000253642417,C=Cc1ccc([C@@H]2C[C@H]3CC[C@@H]([C@H]2C(=O)OC)N3C)cc1,8.02
ZINC000253681820,COC(=O)[C@H]1[C@H](c2ccc(I)cc2)C[C@H]2CC[C@H]1N2CC(F)F,8.02
ZINC000253681824,COC(=O)[C@@H]1[C@H](c2ccc(I)cc2)C[C@H]2CC[C@H]1N2CC(F)F,8.02
ZINC000261187048,COC(=O)[C@H]1[C@H](c2cccc(I)c2)C[C@H]2CC[C@H]1N2C,8.02
ZINC000036093208,CCOc1ccccc1C[C@@H](c1ccccc1)N1CCNCC1,8.01
ZINC000040392857,CNCc1cc(Cl)ccc1Oc1ccc(C)c(C)c1,8.01
ZINC000040845428,CNCc1ccc(Cl)cc1Oc1ccc(F)c(C(F)(F)F)c1,8.01
ZINC000072112113,CN1C[C@H]2CCCC[C@@]2(c2ccc(Cl)c(Cl)c2)C1,8.01
ZINC000095564036,Cc1ccc(Sc2ccccc2N2CCNCC2)c(Cl)c1,8.01
ZINC000000077278,NCCc1c[nH]c2ccc(F)cc12,8.0
ZINC000013530839,Brc1cccc(O[C@H](c2ccccc2)C2CCNCC2)c1,8.0
ZINC000013530842,Brc1cccc(O[C@@H](c2ccccc2)C2CCNCC2)c1,8.0
ZINC000013530966,Clc1ccc(O[C@H](c2ccccc2)C2CCNCC2)cc1Cl,8.0
ZINC000013530969,Clc1ccc(O[C@@H](c2ccccc2)C2CCNCC2)cc1Cl,8.0
ZINC000013582460,c1ccc2c(CCCCN3CCN(c4ccc5c(c4)OCCO5)CC3)c[nH]c2c1,8.0
ZINC000013588064,CNCC[C@@H](Oc1cccc2ccccc12)c1ccccc1C(F)(F)F,8.0
ZINC000013588065,CNCC[C@H](Oc1cccc2ccccc12)c1ccccc1C(F)(F)F,8.0
ZINC000013809589,COC(=O)c1ccccc1-c1ccc2ccccc2c1,8.0
ZINC000013826817,COc1ccc2[nH]cc(C3=CCN(CCCN4c5cccc6cccc(c56)S4(=O)=O)CC3)c2c1,8.0
ZINC000013826823,O=S1(=O)c2cccc3cccc(c23)N1CCCN1CC=C(c2c[nH]c3ccc(Br)cc23)CC1,8.0
ZINC000013826829,CC(=O)n1cc(C2=CCN(CCCN3c4cccc5cccc(c45)S3(=O)=O)CC2)c2ccccc21,8.0
ZINC000013861796,O[C@@H](CCN1CCN(c2ccc(Cl)cc2)CC1)c1ccc2ccccc2c1,8.0
ZINC000013861797,O[C@H](CCN1CCN(c2ccc(Cl)cc2)CC1)c1ccc2ccccc2c1,8.0
ZINC000022926755,Brc1cc(Br)cc(COC[C@H](c2ccccc2)N2CCNCC2)c1,8.0
ZINC000022930614,COc1cc2c(cc1OC)C1=NO[C@@H](CN3CCN(CCCc4ccccc4)CC3)[C@@H]1CO2,8.0
ZINC000022930661,COc1cc2c(cc1OC)C1=NO[C@H](CN3CCN(C/C=C(\C)c4ccccc4)CC3)[C@H]1CO2,8.0
ZINC000022930664,COc1cc2c(cc1OC)C1=NO[C@H](CN3CCN(C/C=C(\C)c4ccccc4)CC3)[C@@H]1CO2,8.0
ZINC000022930667,COc1cc2c(cc1OC)C1=NO[C@@H](CN3CCN(C/C=C(\C)c4ccccc4)CC3)[C@H]1CO2,8.0
ZINC000026646003,COc1cc2c(cc1OC)C1=NO[C@H](CN3CCN(CCCc4ccccc4)CC3)[C@H]1CO2,8.0
ZINC000026646007,COc1cc2c(cc1OC)C1=NO[C@H](CN3CCN(CCCc4ccccc4)CC3)[C@@H]1CO2,8.0
ZINC000026646012,COc1cc2c(cc1OC)C1=NO[C@@H](CN3CCN(CCCc4ccccc4)CC3)[C@H]1CO2,8.0
ZINC000026978740,O[C@@H](CCc1ccccc1)CN1CCC2(CC1)OCc1c2ccc2ccccc12,8.0
ZINC000026978749,O[C@H](CCc1ccccc1)CN1CCC2(CC1)OCc1c2ccc2ccccc12,8.0
ZINC000027412839,O[C@@H](CCN1CCN([C@H]2C=Cc3ccccc3N2)CC1)c1csc2ccccc12,8.0
ZINC000027412843,O[C@H](CCN1CCN([C@H]2C=Cc3ccccc3N2)CC1)c1csc2ccccc12,8.0
ZINC000027412849,O[C@@H](CCN1CCN([C@@H]2C=Cc3ccccc3N2)CC1)c1csc2ccccc12,8.0
ZINC000027412855,O[C@H](CCN1CCN([C@@H]2C=Cc3ccccc3N2)CC1)c1csc2ccccc12,8.0
ZINC000028571532,CN[C@H]1CC[C@@H](c2ccc(Cl)c(Cl)c2)c2ccc(CNS(C)(=O)=O)cc21,8.0
ZINC000028571831,CN[C@H]1CC[C@@H](c2ccc(Cl)c(Cl)c2)c2ccc(CC(N)=O)cc21,8.0
ZINC000028644449,COC(=O)[C@H]1[C@@H](c2ccc(I)cc2)C[C@@H]2CC[C@H]1S2,8.0
ZINC000028818118,COc1ccc([C@@H]2CN(C)Cc3cc(OCCCN4CCN(C5CC5)CC4)ccc32)cc1,8.0
ZINC000028818120,COc1ccc([C@H]2CN(C)Cc3cc(OCCCN4CCN(C5CC5)CC4)ccc32)cc1,8.0
ZINC000028892771,CN(C)CC[C@@H](Oc1ccc(C(F)(F)F)cc1)c1ccc(OCCCN2CCCCC2)cc1,8.0
ZINC000028892777,CN(C)CC[C@H](Oc1ccc(C(F)(F)F)cc1)c1ccc(OCCCN2CCCCC2)cc1,8.0
ZINC000028948799,Clc1cccc(CN(C2CCOCC2)[C@H]2CCNC2)c1Cl,8.0
ZINC000029046194,CNCc1cnc(C)cc1Oc1ccc(Cl)cc1Br,8.0
ZINC000029129396,CNCc1cc(N2CCCS2(=O)=O)ccc1Oc1ccc(Cl)cc1C,8.0
ZINC000034593844,CNC[C@H](O)[C@H](c1ccccc1)n1ccc2cc(Cl)ccc21,8.0
ZINC000036093215,FC(F)(F)c1ccccc1C[C@H](c1ccccc1)N1CCNCC1,8.0
ZINC000036093216,FC(F)(F)c1ccccc1C[C@@H](c1ccccc1)N1CCNCC1,8.0
ZINC000036093225,CCOc1ccccc1C[C@@H](c1ccccc1F)N1CCNCC1,8.0
ZINC000036093226,CCOc1ccccc1C[C@H](c1ccccc1F)N1CCNCC1,8.0
ZINC000038512358,Cc1ccc2c(N3CCN(CCc4ccc5c(c4)NC(=O)CO5)C[C@@H]3C)cccc2n1,8.0
ZINC000038879083,CCN(C)C[C@H]1CCC[C@@H]1c1c[nH]c2ccc(C#N)cc12,8.0
ZINC000040411377,NC(=O)c1ccc(F)c2c1C[C@@H](N(CCCCn1ccc3ccc(F)cc31)CC1CC1)CO2,8.0
ZINC000040411380,NC(=O)c1ccc(F)c2c1C[C@H](N(CCCCn1ccc3ccc(F)cc31)CC1CC1)CO2,8.0
ZINC000040834617,CSc1ccc(Oc2ccc(F)cc2CN(C)C)cc1,8.0
ZINC000040860553,CNC[C@]1(O)Cc2ccccc2[C@@H]1Oc1ccccc1-c1cccc2ccccc12,8.0
ZINC000040933525,CNC(=O)c1ccc(Oc2ccc(OC(F)(F)F)cc2)c(CN(C)C)c1,8.0
ZINC000040935613,CNCc1cc(NS(C)(=O)=O)ccc1Sc1ccc(SC)cc1,8.0
ZINC000040952336,CSc1ccc(Oc2ccc(NS(C)(=O)=O)cc2CN(C)C)cc1F,8.0
ZINC000040975383,Cc1ccc(Sc2ccccc2CN(C)C)c(NCc2ccc(F)cc2)c1,8.0
ZINC000043062140,Clc1cc(Cl)cc(O[C@@H](c2cccnc2)C2CCNCC2)c1,8.0
ZINC000043062143,Clc1cc(Cl)cc(O[C@H](c2cccnc2)C2CCNCC2)c1,8.0
ZINC000043077353,Clc1cc(Cl)c(Cl)c(O[C@@H](c2cccnc2)C2CCNCC2)c1,8.0
ZINC000043077356,Clc1cc(Cl)c(Cl)c(O[C@H](c2cccnc2)C2CCNCC2)c1,8.0
ZINC000045252963,c1cnc(N(Cc2ccc3ccccc3c2)C2CCNCC2)nc1,8.0
ZINC000045257997,O=c1[nH]c2cccc(OCC3CCN(CC[C@@H]4CCc5[nH]c6ccc(F)cc6c5C4)CC3)c2o1,8.0
ZINC000045258002,O=c1[nH]c2cccc(OCC3CCN(CC[C@H]4CCc5[nH]c6ccc(F)cc6c5C4)CC3)c2o1,8.0
ZINC000045288471,CCN(C(=O)c1ccc(Cl)c(Cl)c1C)[C@@H]1CCNC1,8.0
ZINC000045301014,O=C(c1ccc2ccccc2c1)N(C1CCC1)C1CCNCC1,8.0
ZINC000045386646,O=C1NCCc2ccc3c(c21)C[C@@H](NCCCc1c[nH]c2ccc(F)cc12)CO3,8.0
ZINC000045386651,O=C1NCCc2ccc3c(c21)C[C@H](NCCCc1c[nH]c2ccc(F)cc12)CO3,8.0
ZINC000049113740,COc1ccccc1C[C@@H](c1ccccc1F)N1CCNCC1,8.0
ZINC000049113742,COc1ccccc1C[C@H](c1ccccc1F)N1CCNCC1,8.0
ZINC000064454060,N#Cc1ccc2[nH]cc([C@H]3CC[C@@H](NCCc4ccccc4)C3)c2c1,8.0
ZINC000064454062,N#Cc1ccc2[nH]cc([C@H]3CC[C@H](NCCc4ccccc4)C3)c2c1,8.0
ZINC000064454064,N#Cc1ccc2[nH]cc([C@@H]3CC[C@@H](NCCc4ccccc4)C3)c2c1,8.0
ZINC000064454066,N#Cc1ccc2[nH]cc([C@@H]3CC[C@H](NCCc4ccccc4)C3)c2c1,8.0
ZINC000064559056,CN1CCC(C(=O)OCc2ccc3ccccc3c2)(c2ccc(Cl)c(Cl)c2)CC1,8.0
ZINC000072106726,COc1cc(OC)cc(-n2c(C)nc(C(=O)NCCCN3CCN(c4cccc(C)c4C)CC3)c2C)c1,8.0
ZINC000084601933,COC(=O)[C@@H]1[C@H]2CC[C@@H](C[C@H]1c1cc3ccccc3s1)O2,8.0
ZINC000095587829,C/C=C/c1cc(C(F)(F)F)cc(COCC2(c3ccc(F)cc3)CCN(C)CC2)n1,8.0
ZINC000095588857,Clc1cccc(Cl)c1O[C@@H](c1ccccc1)[C@H]1CCNC1,8.0
ZINC000095589414,Clc1cccc(O[C@@H](c2ccccc2)[C@H]2CCNC2)c1Cl,8.0
ZINC000095591728,Brc1cncc(COCC2(c3ccccc3)CCNCC2)c1,8.0
ZINC000118595483,Cc1ccc2c(N3CCN(CCc4ccc5c(c4)NC(=O)CO5)C[C@H]3C)cccc2n1,8.0
ZINC000165283488,CN1Cc2cc(O)ccc2[C@H](c2ccc3sccc3c2)C1,8.0
ZINC000165283628,CN1Cc2cc(O)ccc2[C@@H](c2ccc3sccc3c2)C1,8.0
ZINC000253632930,COC(=O)[C@H]1[C@H]2C[C@H]3CC[C@H]1N3C/C2=C\c1ccc(C)c(C)c1,8.0
ZINC000253632933,COC(=O)[C@@H]1[C@H]2C[C@H]3CC[C@H]1N3C/C2=C\c1ccc(C)c(C)c1,8.0
ZINC000029230271,COc1ccc2c(c1)CN(C)C[C@@H]2c1ccc(Cl)c(Cl)c1,7.99
ZINC000029230278,COc1ccc2c(c1)CN(C)C[C@H]2c1ccc(Cl)c(Cl)c1,7.99
ZINC000038561261,Cc1ccc2c3c(ccc2n1)OC[C@H](CN1CCN(c2ccc4ccccc4n2)C[C@@H]1C)O3,7.99
ZINC000040939556,C[C@@H](CCc1c[nH]c2ccc(F)cc12)N(CC1CC1)[C@H]1COc2c(F)ccc(C(N)=O)c2C1,7.99
ZINC000040939557,C[C@H](CCc1c[nH]c2ccc(F)cc12)N(CC1CC1)[C@H]1COc2c(F)ccc(C(N)=O)c2C1,7.99
ZINC000064549717,COc1ccc(COC(=O)C2(c3ccc(Cl)c(Cl)c3)CCNCC2)cc1,7.99
ZINC000068249175,Cc1nc(C(=O)NCCCN2CCN(c3cccc(Cl)c3Cl)CC2)c(C)n1-c1ccccc1,7.99
ZINC000072106557,CCCc1nc(C(=O)NCCCN2CCN(c3cccc(Cl)c3C)CC2)c(C)n1-c1ccc(OC)cc1,7.99
ZINC000100812607,CCC[C@H]1[C@@H](c2ccc(C)cc2)C[C@H]2CC[C@H]1N2C,7.99
ZINC000147097184,C[C@@H](CCc1c[nH]c2ccc(F)cc12)N(CC1CC1)[C@@H]1COc2c(F)ccc(C(N)=O)c2C1,7.99
ZINC000147097369,C[C@H](CCc1c[nH]c2ccc(F)cc12)N(CC1CC1)[C@@H]1COc2c(F)ccc(C(N)=O)c2C1,7.99
ZINC000169319502,CCC[C@H]1[C@H](c2ccc(C)cc2)C[C@H]2CC[C@H]1N2C,7.99
ZINC000253633402,COC(=O)[C@@H]1[C@H]2C[C@H]3CC[C@H]1N3C/C2=C\c1ccc(C(C)C)cc1,7.99
ZINC000253633403,COC(=O)[C@H]1[C@H]2C[C@H]3CC[C@H]1N3C/C2=C\c1ccc(C(C)C)cc1,7.99
ZINC000013581119,Fc1cc2c(c(OCCNCCc3c[nH]c4ccc(F)cc34)c1)OCC2,7.98
ZINC000028827068,CSc1ccc([C@@H]2CN(C)Cc3cc(Oc4ccnc(CN5CCCCC5)c4)ccc32)cc1,7.98
ZINC000028827069,CSc1ccc([C@H]2CN(C)Cc3cc(Oc4ccnc(CN5CCCCC5)c4)ccc32)cc1,7.98
ZINC000034801039,NC(=O)c1ccc(F)c2c1C[C@@H](N(CCCCc1c[nH]c3ccc(F)cc13)C1CCC1)CO2,7.98
ZINC000034801040,NC(=O)c1ccc(F)c2c1C[C@H](N(CCCCc1c[nH]c3ccc(F)cc13)C1CCC1)CO2,7.98
ZINC000058583576,CN(C)CCC[C@@]1(c2ccc(F)cc2)OCc2cc(-c3cccc(N)c3)ccc21,7.98
ZINC000062224778,CN(C)CCC[C@]1(c2ccc(F)cc2)OCc2cc(-c3cccc(N)c3)ccc21,7.98
ZINC000072104826,CCCn1c(C)nc(C(=O)NC[C@H](O)CN2CCN(c3cccc(C)c3C)CC2)c1C,7.98
ZINC000072104827,CCCn1c(C)nc(C(=O)NC[C@@H](O)CN2CCN(c3cccc(C)c3C)CC2)c1C,7.98
ZINC000202975885,COC(=O)[C@H]1[C@H](c2ccc(Cl)c(C)c2)C[C@H]2CC[C@H]1N2C,7.98
ZINC000253642280,COC(=O)[C@@H]1[C@H](c2ccc(Cl)c(C)c2)C[C@H]2CC[C@H]1N2C,7.98
ZINC000261086616,CN1[C@H]2CC[C@H]1[C@@H](CNc1ccc(Br)nc1)[C@@H](c1ccc(Cl)cc1)C2,7.98
ZINC000013535673,COc1ccc2sc([C@@H]3CCN(C[C@H](O)COc4cccc5[nH]ccc45)[C@@H](C)C3)cc2c1OC,7.97
ZINC000001662062,O[C@@]1(c2ccc3ccccc3c2)c2ccc3ccccc3c2C2=NCCN21,7.96
ZINC000006041418,O[C@]1(c2ccc3ccccc3c2)c2ccc3ccccc3c2C2=NCCN21,7.96
ZINC000013826835,O=S1(=O)c2cccc3cccc(c23)N1CCCN1CCC(c2c[nH]c3ccccc23)CC1,7.96
ZINC000028357809,CN(C)CCCc1c[nH]c2ccc(O)cc12,7.96
ZINC000028885832,FC(F)(F)Oc1ccc([C@@H]2CN3CCC[C@@H]3c3cc(OCCCN4CCCCC4)ccc32)cc1,7.96
ZINC000028885836,FC(F)(F)Oc1ccc([C@H]2CN3CCC[C@@H]3c3cc(OCCCN4CCCCC4)ccc32)cc1,7.96
ZINC000028893032,CN1Cc2cc(OCCCN3CCC(F)CC3)ccc2[C@H](c2ccc(Cl)cc2)C1,7.96
ZINC000028893037,CN1Cc2cc(OCCCN3CCC(F)CC3)ccc2[C@@H](c2ccc(Cl)cc2)C1,7.96
ZINC000028948821,Cc1c(Cl)cccc1CN(C1CCOCC1)[C@H]1CCNC1,7.96
ZINC000028948825,COc1cccc(CN(C2CCOCC2)[C@H]2CCNC2)c1C,7.96
ZINC000029046368,CCc1cc(Cl)ccc1Oc1ccncc1CN(C)C,7.96
ZINC000029129576,CNCc1cc(C(=O)N(C)C)ccc1Oc1ccc(Cl)cc1Cl,7.96
ZINC000036093335,Clc1ccc(C[C@H](c2ccccc2)N2CCNCC2)c(Cl)c1,7.96
ZINC000036093336,Clc1ccc(C[C@@H](c2ccccc2)N2CCNCC2)c(Cl)c1,7.96
ZINC000040892268,C=CCN(CC=C)C(=O)[C@@]1(c2cccs2)C[C@H]1CN,7.96
ZINC000040895436,Fc1ccc2cc(CCN3CCNCC3)ccc2c1,7.96
ZINC000040933527,CN(C)Cc1cc(CNS(C)(=O)=O)ccc1Oc1ccc(OC(F)(F)F)cc1,7.96
ZINC000042922472,Cc1cccnc1[C@H](Oc1cccc(Cl)c1Cl)C1CCNCC1,7.96
ZINC000042922474,Cc1cccnc1[C@@H](Oc1cccc(Cl)c1Cl)C1CCNCC1,7.96
ZINC000045364625,COc1ccc2occ(CCN3CC=C(c4c[nH]c5ccccc45)CC3)c2c1,7.96
ZINC000049034230,Cc1c(C(=O)NCCCN2CCN(c3cccc(Cl)c3)CC2)cc(-c2ccccc2)n1C,7.96
ZINC000058685728,FC(F)(F)Oc1ccc([C@@H]2CN3CCC[C@H]3c3cc(OCCCN4CCCCC4)ccc32)cc1,7.96
ZINC000064559768,CN1CCC(C(=O)OCc2ccc(-c3ccccc3)cc2)(c2ccc(Cl)c(Cl)c2)CC1,7.96
ZINC000070631584,COc1ccc([C@@H](C)N[C@@H]2CC[C@@H](C(=O)N3CCC(c4ccccc4)(N4CCCCC4=O)CC3)C(C)(C)C2)cc1,7.96
ZINC000095563090,COc1cc(C)ccc1Sc1ccccc1N1CCNCC1,7.96
ZINC000096914814,COC[C@H](c1ccc(Cl)c(Cl)c1)C1CCNCC1,7.96
ZINC000101019700,C1=C(c2cc3ccccc3[nH]2)C[C@H]2CC[C@H]1N2CCOc1cccc2ncccc12,7.96
ZINC000103245936,CN(C)CCC[C@@]1(c2ccc(F)cc2)OCc2cc(CNCc3coc4ccccc34)ccc21,7.96
ZINC000103245939,CN(C)CCC[C@]1(c2ccc(F)cc2)OCc2cc(CNCc3coc4ccccc34)ccc21,7.96
ZINC000141619205,FC(F)(F)Oc1ccc([C@H]2CN3CCC[C@H]3c3cc(OCCCN4CCCCC4)ccc32)cc1,7.96
ZINC000253700272,O=C(OC[C@@H]1[C@H]2C[C@H]3CC[C@H]1N3C/C2=C\c1cccc(Cl)c1)c1ccccc1,7.96
ZINC000253700280,O=C(OC[C@H]1[C@H]2C[C@H]3CC[C@H]1N3C/C2=C\c1cccc(Cl)c1)c1ccccc1,7.96
ZINC000254004951,COC(=O)[C@@H]1[C@H]2C[C@H]3CC[C@H]1N3C/C2=C\c1ccc(Br)cc1,7.96
ZINC000254004955,COC(=O)[C@H]1[C@H]2C[C@H]3CC[C@H]1N3C/C2=C\c1ccc(Br)cc1,7.96
ZINC000261093775,CN1[C@H]2CC[C@H]1[C@@H](CNc1ccnc(Br)c1)[C@@H](c1ccc(Cl)cc1)C2,7.96
ZINC000013490101,Cc1cc2c(OC[C@@H](O)CN3CCC(c4cc5ccc(F)cc5s4)CC3)cccc2[nH]1,7.95
ZINC000013761440,COc1cccc2c1CCC[C@H]2CN(C)CCc1ccc2nc[nH]c2c1,7.95
ZINC000034008154,COC(=O)[C@H]1[C@@H](c2ccc(Cl)cc2)C[C@@H]2CC[C@H]1N2C/C=C/CF,7.95
ZINC000040943552,CC(C)NC(=O)c1ccc(F)c2c1C[C@H](N(CCCc1c[nH]c3ccc(F)cc13)C1CCC1)CO2,7.95
ZINC000040943554,CC(C)NC(=O)c1ccc(F)c2c1C[C@@H](N(CCCc1c[nH]c3ccc(F)cc13)C1CCC1)CO2,7.95
ZINC000096909804,O=C1C[C@@H](c2c[nH]c3ccccc23)C(=O)N1CCCCN1CC=C(c2c[nH]c3ccccc23)CC1,7.95
ZINC000101062007,COC(=O)[C@@H]1[C@H](c2ccc(-c3cnccn3)cc2)C[C@H]2CC[C@H]1N2C,7.95
ZINC000103135077,O=C1C[C@H](c2c[nH]c3ccccc23)C(=O)N1CCCCN1CC=C(c2c[nH]c3ccccc23)CC1,7.95
ZINC000103245941,CN(C)CCC[C@@]1(c2ccc(F)cc2)OCc2cc(CNCc3csc4ccccc34)ccc21,7.95
ZINC000103245944,CN(C)CCC[C@]1(c2ccc(F)cc2)OCc2cc(CNCc3csc4ccccc34)ccc21,7.95
ZINC000253695164,COC(=O)[C@H]1[C@H](c2ccc(-c3cnccn3)cc2)C[C@H]2CC[C@H]1N2C,7.95
ZINC000253695176,COC(=O)[C@@H]1[C@@H](c2ccc(-c3cnccn3)cc2)C[C@H]2CC[C@H]1N2C,7.95
ZINC000253695183,COC(=O)[C@H]1[C@@H](c2ccc(-c3cnccn3)cc2)C[C@H]2CC[C@H]1N2C,7.95
ZINC000299826924,Clc1cccc(CN(CC2CNC2)c2ccccc2)c1Cl,7.95
ZINC000299859472,O=c1c(-c2ccc(F)cc2)c2ccccn2c(=O)n1CCCCN1CC=C(c2c[nH]c3ccc(F)cc23)CC1,7.95
ZINC000013761431,COc1cccc2c1CCC[C@H]2CN(C)CCc1ccc2c(c1)CNC2,7.94
ZINC000036271154,C/C=C/c1ccc([C@@H]2C[C@H]3CC[C@@H]([C@@H]2C(=O)OC)N3C)cc1,7.94
ZINC000036271155,C/C=C/c1ccc([C@H]2C[C@H]3CC[C@@H]([C@@H]2C(=O)OC)N3C)cc1,7.94
ZINC000101182123,Cn1cc([C@@H]2CC[C@@H](N3CCN(c4cccc5[nH]ccc45)CC3)CC2)c2cc(F)ccc21,7.94
ZINC000103245818,CN(C)CCC[C@@]1(c2ccc(Br)cc2)OCc2cc(C#N)ccc21,7.94
ZINC000103245820,CN(C)CCC[C@]1(c2ccc(Br)cc2)OCc2cc(C#N)ccc21,7.94
ZINC000253639308,C/C=C/c1ccc([C@@H]2C[C@H]3CC[C@@H]([C@H]2C(=O)OC)N3C)cc1,7.94
ZINC000299823465,Cc1cccc(CN(CC2CNC2)c2ccccc2)c1,7.94
ZINC000013490090,O[C@H](COc1cccc2[nH]ccc12)CN1CCC(c2cc3cc(F)ccc3s2)CC1,7.93
ZINC000028571004,COc1ccc2c(c1)O[C@H](CNCCc1c[nH]c3ccc(F)cc13)CN2,7.93
ZINC000028571005,COc1ccc2c(c1)O[C@@H](CNCCc1c[nH]c3ccc(F)cc13)CN2,7.93
ZINC000028827062,CSc1ccc([C@@H]2CN(C)Cc3cc(Oc4cccc(CN5CCCCC5)n4)ccc32)cc1,7.93
ZINC000028827063,CSc1ccc([C@H]2CN(C)Cc3cc(Oc4cccc(CN5CCCCC5)n4)ccc32)cc1,7.93
ZINC000028827064,CSc1ccc([C@@H]2CN(C)Cc3cc(Oc4cccc(CN5CCCCC5)c4)ccc32)cc1,7.93
ZINC000028827065,CSc1ccc([C@H]2CN(C)Cc3cc(Oc4cccc(CN5CCCCC5)c4)ccc32)cc1,7.93
ZINC000035953042,c1ccc(C(c2ccccc2)[C@H]2CC[C@@H](NCc3ccc4[nH]ccc4c3)CO2)cc1,7.93
ZINC000049036014,Cc1cccc(N2CCN(CCCNC(=O)c3cc(-c4ccccc4)n(C)c3C)CC2)c1C,7.93
ZINC000000015130,CN(C)Cc1ccccc1Sc1cccc(Cl)c1,7.92
ZINC000001489735,c1cc2c(c(N3CCN(CCc4c[nH]c5ccccc45)CC3)c1)OCCO2,7.92
ZINC000003993838,COC(=O)[C@@H]1[C@H]2CC[C@@H](C[C@H]1c1ccc(C)cc1)N2,7.92
ZINC000013644795,COC(=O)[C@H]1[C@@H](c2ccc(C)cc2)C[C@@H]2CC[C@H]1N2,7.92
ZINC000013674834,Cc1cccc2c(CCCN3CCN(c4cccc5c4OCCO5)CC3)c[nH]c12,7.92
ZINC000013764427,COC(=O)[C@H]1[C@@H](c2ccc(I)cc2)C[C@@H]2CC[C@H]1O2,7.92
ZINC000013764444,COC(=O)[C@@H]1[C@H]2CC[C@@H](C[C@H]1c1ccc(I)cc1)O2,7.92
ZINC000013806634,COC(=O)[C@H]1CN(C)CC[C@H]1c1ccc2ccccc2c1,7.92
ZINC000013861811,COc1cc(F)ccc1N1CCN(CC[C@@H](O)c2csc3ccccc23)CC1,7.92
ZINC000013861812,COc1cc(F)ccc1N1CCN(CC[C@H](O)c2csc3ccccc23)CC1,7.92
ZINC000023247598,COc1ccc2cc([C@@H](O)[C@H](C)N3CCN(Cc4ccccc4)CC3)ccc2c1Cl,7.92
ZINC000026476978,COC(=O)[C@@H]1[C@@H](c2ccc(C)cc2)C[C@@H]2CC[C@H]1N2,7.92
ZINC000026579435,COC(=O)[C@@H]1[C@@H](c2ccc(I)cc2)C[C@@H]2CC[C@H]1O2,7.92
ZINC000028821573,CCCN(CCCCc1c[nH]c2ccc(F)cc12)[C@@H]1COc2c(ccc3ncccc23)C1,7.92
ZINC000028821574,CCCN(CCCCc1c[nH]c2ccc(F)cc12)[C@H]1COc2c(ccc3ncccc23)C1,7.92
ZINC000028827060,COc1ccc([C@@H]2CN(C)Cc3cc(OCCCN4CCCCC4)ncc32)cc1,7.92
ZINC000028827061,COc1ccc([C@H]2CN(C)Cc3cc(OCCCN4CCCCC4)ncc32)cc1,7.92
ZINC000029129574,CNCc1cc(N2CCCS2(=O)=O)ccc1Oc1ccc(Cl)cc1Cl,7.92
ZINC000029129662,CNCc1cc(C(N)=O)ccc1Oc1ccc(Cl)cc1OC,7.92
ZINC000036093211,Clc1cccc(Cl)c1C[C@H](c1ccccc1)N1CCNCC1,7.92
ZINC000036093212,Clc1cccc(Cl)c1C[C@@H](c1ccccc1)N1CCNCC1,7.92
ZINC000036093217,Cc1ccccc1C[C@@H](c1ccccc1)N1CCNCC1,7.92
ZINC000036093218,Cc1ccccc1C[C@H](c1ccccc1)N1CCNCC1,7.92
ZINC000036093235,Clc1ccccc1C[C@@H](c1cncs1)N1CCNCC1,7.92
ZINC000036093236,Clc1ccccc1C[C@H](c1cncs1)N1CCNCC1,7.92
ZINC000036093339,c1ccc([C@@H](Cc2cccc3ccccc23)N2CCNCC2)cc1,7.92
ZINC000036093340,c1ccc([C@H](Cc2cccc3ccccc23)N2CCNCC2)cc1,7.92
ZINC000038318720,Clc1ccc2c(CCN3CC=C(c4c[nH]c5ccccc45)CC3)coc2c1,7.92
ZINC000040845106,CN(C)Cc1ccccc1Oc1ccc(Br)cc1,7.92
ZINC000040846417,CNCC[C@@H](c1cccs1)c1cccc2ccccc12,7.92
ZINC000040950456,CNCc1cc(NS(C)(=O)=O)ccc1Oc1ccc(SC)cc1,7.92
ZINC000045260295,O=C(c1ccc2ccccc2c1)N(C1CCCC1)[C@@H]1CCNC1,7.92
ZINC000045364206,N#Cc1ccc2[nH]cc(CCCCN(CC3CC3)[C@H]3COc4ccc5c(c4C3)C(=O)NC5)c2c1,7.92
ZINC000045364209,N#Cc1ccc2[nH]cc(CCCCN(CC3CC3)[C@@H]3COc4ccc5c(c4C3)C(=O)NC5)c2c1,7.92
ZINC000049035327,Fc1cccc([C@H](Cc2ccccc2OC(F)F)N2CCNCC2)c1,7.92
ZINC000049035329,Fc1cccc([C@@H](Cc2ccccc2OC(F)F)N2CCNCC2)c1,7.92
ZINC000066112415,C[C@H](N(C)C)C1(c2ccc(Cl)c(Cl)c2)CCCCC1,7.92
ZINC000066112416,C[C@@H](N(C)C)C1(c2ccc(Cl)c(Cl)c2)CCCCC1,7.92
ZINC000072104738,COc1ccc(-n2c(-c3ccccc3)nc(C(=O)NCCCN3CCN(c4cccc(C)c4C)CC3)c2C)cc1,7.92
ZINC000072106486,Cc1nc(C(=O)NC[C@H](O)CN2CCN(c3cccc(Cl)c3Cl)CC2)c(C)n1-c1ccc2c(c1)OCCO2,7.92
ZINC000072106487,Cc1nc(C(=O)NC[C@@H](O)CN2CCN(c3cccc(Cl)c3Cl)CC2)c(C)n1-c1ccc2c(c1)OCCO2,7.92
ZINC000095590118,CC(C)c1cc(C(F)(F)F)cc(COCC2(c3ccc(F)cc3)CCN(C)CC2)n1,7.92
ZINC000095591117,CC(C)=Cc1cc(C(F)(F)F)cc(COCC2(c3ccc(F)cc3)CCN(C)CC2)n1,7.92
ZINC000095602075,NC[C@@H](N)CCc1c[nH]c2ccc(F)cc12,7.92
ZINC000095602076,NC[C@H](N)CCc1c[nH]c2ccc(F)cc12,7.92
ZINC000096914816,C[C@@H](c1ccc(Cl)c(Cl)c1)C1CCNCC1,7.92
ZINC000096914817,C[C@H](c1ccc(Cl)c(Cl)c1)C1CCNCC1,7.92
ZINC000100050293,Clc1ccc([C@@]23CNC[C@H]2C3)cc1Cl,7.92
ZINC000100050295,Clc1ccc([C@]23CNC[C@@H]2C3)cc1Cl,7.92
ZINC000100645017,COC(=O)[C@H]1[C@@H](c2ccc(C)cc2)C[C@H]2CC[C@H]1N2C,7.92
ZINC000100803735,COc1cccc2c1CCN([C@@H]1CC[C@H](c3c[nH]c4ccc(C#N)cc34)CC1)C2,7.92
ZINC000100804247,COc1ccc2c(c1)CN([C@@H]1CC[C@H](c3c[nH]c4ccc(C#N)cc34)CC1)CC2,7.92
ZINC000100966456,CNC[C@H]1[C@H]2CC[C@@H](C2)[C@@H]1c1ccc2cc(OC)ccc2c1,7.92
ZINC000101030956,Fc1ccc2[nH]cc([C@@H]3CC[C@@H](NCCOc4cccc5c4OCCO5)CC3)c2c1,7.92
ZINC000253654072,COC(=O)[C@H]1[C@H]2CC[C@@H](C[C@H]1c1ccc(C)cc1)N2,7.92
ZINC000253862734,COC(=O)[C@H]1[C@H]2CC[C@@H](C[C@H]1c1ccc(I)cc1)O2,7.92
ZINC000299833781,c1ccc(N(Cc2ccc3ccccc3c2)C2CNC2)cc1,7.92
ZINC000006116281,c1ccc([C@@H]2CN3CCC[C@@H]3c3ccccc32)cc1,7.91
ZINC000013530948,Cc1c(Cl)cccc1O[C@H](c1ccccc1)C1CCNCC1,7.91
ZINC000013530951,Cc1c(Cl)cccc1O[C@@H](c1ccccc1)C1CCNCC1,7.91
ZINC000027323007,c1ccc([C@H]2CN3CCC[C@H]3c3ccccc32)cc1,7.91
ZINC000028012188,c1ccc([C@@H]2CN3CCC[C@H]3c3ccccc32)cc1,7.91
ZINC000028256390,NC(=O)c1ccc2[nH]cc(C3=CC[C@@H](NCCCCCCCCN[C@H]4CC=C(c5c[nH]c6ccc(C(N)=O)cc56)CC4)CC3)c2c1,7.91
ZINC000028256396,NC(=O)c1ccc2[nH]cc(C3=CC[C@H](NCCCCCCCCN[C@H]4CC=C(c5c[nH]c6ccc(C(N)=O)cc56)CC4)CC3)c2c1,7.91
ZINC000028256402,NC(=O)c1ccc2[nH]cc(C3=CC[C@@H](NCCCCCCCCN[C@@H]4CC=C(c5c[nH]c6ccc(C(N)=O)cc56)CC4)CC3)c2c1,7.91
ZINC000028571015,CN1C[C@@H](CNCCc2c[nH]c3ccc(F)cc23)Oc2ccccc21,7.91
ZINC000028571016,CN1C[C@H](CNCCc2c[nH]c3ccc(F)cc23)Oc2ccccc21,7.91
ZINC000028821566,CCCN(CCCc1c[nH]c2ccc(F)cc12)[C@@H]1COc2c(ccc3ncccc23)C1,7.91
ZINC000028821567,CCCN(CCCc1c[nH]c2ccc(F)cc12)[C@H]1COc2c(ccc3ncccc23)C1,7.91
ZINC000029233277,FC(F)(F)c1ccc2c(c1)[C@H]1CCCN1C[C@H]2c1ccccc1,7.91
ZINC000034801043,CCCN(CCCCc1c[nH]c2ccc(F)cc12)[C@H]1COc2c(F)ccc(C(N)=O)c2C1,7.91
ZINC000034801044,CCCN(CCCCc1c[nH]c2ccc(F)cc12)[C@@H]1COc2c(F)ccc(C(N)=O)c2C1,7.91
ZINC000072105114,COc1ccc(-n2c(C)nc(C(=O)NCCCN3CCN(c4cccc(Cl)c4C)CC3)c2C)cc1,7.91
ZINC000072106403,COc1ccccc1-n1c(C)nc(C(=O)NC[C@H](O)CN2CCN(c3cccc(Cl)c3Cl)CC2)c1C,7.91
ZINC000072106404,COc1ccccc1-n1c(C)nc(C(=O)NC[C@@H](O)CN2CCN(c3cccc(Cl)c3Cl)CC2)c1C,7.91
ZINC000013761390,COc1cccc2c1CCC[C@H]2CN(C)CCc1ccc2c(c1)OCO2,7.9
ZINC000013859354,O=[N+]([O-])c1ccc2nc(N3CCNCC3)c(Br)cc2c1,7.9
ZINC000013916882,COc1cccc2c1O[C@@H](CN1CC=C(c3c[nH]c4ccc(F)cc34)CC1)CN2C,7.9
ZINC000022926752,Clc1cc(Cl)cc(COC[C@@H](c2ccccc2)N2CCNCC2)c1,7.9
ZINC000026672925,CSc1ccccc1[C@@H]1CN2CCC[C@@H]2c2ccccc21,7.9
ZINC000028252299,NC(=O)c1ccc2[nH]cc(C3=CC[C@@H](NCCN[C@H]4CC=C(c5c[nH]c6ccc(C(N)=O)cc56)CC4)CC3)c2c1,7.9
ZINC000028252306,NC(=O)c1ccc2[nH]cc(C3=CC[C@H](NCCN[C@H]4CC=C(c5c[nH]c6ccc(C(N)=O)cc56)CC4)CC3)c2c1,7.9
ZINC000028252311,NC(=O)c1ccc2[nH]cc(C3=CC[C@@H](NCCN[C@@H]4CC=C(c5c[nH]c6ccc(C(N)=O)cc56)CC4)CC3)c2c1,7.9
ZINC000040423327,CCCN(CCCc1c[nH]c2ccc(F)cc12)[C@H]1COc2c(F)ccc(OC)c2C1,7.9
ZINC000040423328,CCCN(CCCc1c[nH]c2ccc(F)cc12)[C@@H]1COc2c(F)ccc(OC)c2C1,7.9
ZINC000053262099,COc1cccc2c1O[C@H](CN1CC=C(c3c[nH]c4ccc(F)cc34)CC1)CN2C,7.9
ZINC000053314229,c1ccc(C[C@@H]2CNCCN2c2ccc3[nH]ccc3c2)cc1,7.9
ZINC000053314232,c1ccc(C[C@H]2CNCCN2c2ccc3[nH]ccc3c2)cc1,7.9
ZINC000058591680,CC(C)(C)CC[C@]1(C(=O)c2ccc(Cl)c(Cl)n2)CCNC1,7.9
ZINC000058638814,O=C(c1ccc2[nH]ccc2c1)[C@]1(Cc2ccccc2)CCCNC1,7.9
ZINC000062225307,CC(C)(C)CC[C@@]1(C(=O)c2ccc(Cl)c(Cl)n2)CCNC1,7.9
ZINC000064436474,O=C(c1ccc2[nH]ccc2c1)[C@@]1(Cc2ccccc2)CCCNC1,7.9
ZINC000072104801,Cc1cccc(N2CCN(C[C@H](O)CNC(=O)c3nc(C)n(-c4ccc5c(c4)OCCO5)c3C)CC2)c1C,7.9
ZINC000072104802,Cc1cccc(N2CCN(C[C@@H](O)CNC(=O)c3nc(C)n(-c4ccc5c(c4)OCCO5)c3C)CC2)c1C,7.9
ZINC000072106669,CN1C[C@H]2CCCC[C@@]2(c2ccc3ccccc3c2)C1,7.9
ZINC000095543861,Cc1ccc2c3c(ccc2n1)OC[C@H](CN1CCN(c2ccc4cc(Br)ccc4n2)CC1)O3,7.9
ZINC000095585911,Fc1cc(Cl)ccc1O[C@@H](c1ccccc1)[C@H]1CCNC1,7.9
ZINC000095590141,Cc1ccccc1O[C@H](c1ccccc1)[C@@H]1CCNC1,7.9
ZINC000100308501,CC(C)OC(=O)[C@H]1[C@@H](c2ccc(I)cc2)C[C@H]2CC[C@H]1N2C,7.9
ZINC000100308508,CC(C)OC(=O)[C@@H]1[C@@H](c2ccc(I)cc2)C[C@H]2CC[C@H]1N2C,7.9
ZINC000101030954,Fc1ccc2[nH]cc([C@@H]3CC[C@@H](NCCOc4cccc5[nH]ccc45)CC3)c2c1,7.9
ZINC000101182320,Fc1ccc2c([C@@H]3CC[C@@H](N4CCN(c5cccc6[nH]ccc56)CC4)CC3)c[nH]c2c1,7.9
ZINC000253642472,CC(C)OC(=O)[C@H]1[C@H](c2ccc(I)cc2)C[C@H]2CC[C@H]1N2C,7.9
ZINC000253642475,CC(C)OC(=O)[C@@H]1[C@H](c2ccc(I)cc2)C[C@H]2CC[C@H]1N2C,7.9
ZINC000253697833,COC(=O)[C@@H]1[C@H]2C[C@H]3CC[C@H]1N3C/C2=C\c1ccc(C(F)(F)F)cc1,7.9
ZINC000253697838,COC(=O)[C@H]1[C@H]2C[C@H]3CC[C@H]1N3C/C2=C\c1ccc(C(F)(F)F)cc1,7.9
ZINC000005958016,CN(C)C[C@@H](c1ccccc1Cl)C1(O)CCCCC1,7.89
ZINC000005958046,CN(C)C[C@H](c1ccccc1Cl)C1(O)CCCCC1,7.89
ZINC000013584896,COC(=O)CSC[C@H]1CNCC[C@@H]1c1ccc(Cl)cc1,7.89
ZINC000013683640,O[C@H](CCc1ccccc1)CN1CCC(CCOC(c2ccc(F)cc2)c2ccc(F)cc2)CC1,7.89
ZINC000013806920,CN1CCc2ccc3c4c2[C@H]1Cc1cccc(c1-4)[C@H]3N,7.89
ZINC000013835795,CCN(C)[C@H]1C[C@@H](c2ccc(Cl)c(Cl)c2)c2ccccc21,7.89
ZINC000022925320,O[C@@H](CN1CCN(CCOC(c2ccc(F)cc2)c2ccc(F)cc2)CC1)c1ccccc1,7.89
ZINC000026500538,NC(=O)c1ccc2c(c1)CCO[C@@H]2CCN1CC=C(c2cccc3ccc(F)cc23)CC1,7.89
ZINC000026500541,NC(=O)c1ccc2c(c1)CCO[C@H]2CCN1CC=C(c2cccc3ccc(F)cc23)CC1,7.89
ZINC000028463019,COC(=O)CSC[C@@H]1CNCC[C@@H]1c1ccc(Cl)cc1,7.89
ZINC000028463023,COC(=O)CSC[C@@H]1CNCC[C@H]1c1ccc(Cl)cc1,7.89
ZINC000028463027,COC(=O)CSC[C@H]1CNCC[C@H]1c1ccc(Cl)cc1,7.89
ZINC000028571558,CN[C@H]1CC[C@@H](c2ccc(Cl)c(Cl)c2)c2cc(C(N)=O)ccc21,7.89
ZINC000028644575,COC(=O)[C@H]1[C@@H](c2ccc3ccccc3c2)C[C@@H]2CC[C@H]1S2,7.89
ZINC000028893086,CN1Cc2cc(OCCCN3CCC(F)CC3)ccc2[C@H](c2ccccc2)C1,7.89
ZINC000028893092,CN1Cc2cc(OCCCN3CCC(F)CC3)ccc2[C@@H](c2ccccc2)C1,7.89
ZINC000028948823,Cc1c(CN(C2CCOCC2)[C@H]2CCNC2)cccc1C(F)(F)F,7.89
ZINC000028960542,CN(C)C[C@@H]1C[C@@H]1c1ccc2cc(C#N)ccc2c1,7.89
ZINC000028960547,CN(C)C[C@H]1C[C@@H]1c1ccc2cc(C#N)ccc2c1,7.89
ZINC000028960551,CN(C)C[C@@H]1C[C@H]1c1ccc2cc(C#N)ccc2c1,7.89
ZINC000028960556,CN(C)C[C@H]1C[C@H]1c1ccc2cc(C#N)ccc2c1,7.89
ZINC000029046473,COc1cc(Cl)ccc1Oc1cc(C)ncc1CN(C)C,7.89
ZINC000029047221,NC[C@@H]1C[C@@]1(C(=O)N1CCc2ccccc21)c1ccccc1,7.89
ZINC000029047224,NC[C@H]1C[C@@]1(C(=O)N1CCc2ccccc21)c1ccccc1,7.89
ZINC000029047226,NC[C@@H]1C[C@]1(C(=O)N1CCc2ccccc21)c1ccccc1,7.89
ZINC000029047228,NC[C@H]1C[C@]1(C(=O)N1CCc2ccccc21)c1ccccc1,7.89
ZINC000029129581,CNCc1cc(C(=O)NC)ccc1Oc1ccc(Cl)cc1Cl,7.89
ZINC000029129663,CNCc1cc(C(=O)NC)ccc1Oc1ccc(Cl)cc1OC,7.89
ZINC000029129835,CNCc1ccccc1Oc1ccc(Cl)cc1OC,7.89
ZINC000029336553,COc1ccc(CN[C@H]2CC[C@@H](C(c3ccccc3)c3ccccc3)OC2)cc1,7.89
ZINC000034004394,Clc1ccc(Sc2ccccc2N2CCNCC2)cc1,7.89
ZINC000034576174,COc1cccc2c1C[C@H](N(CCCc1c[nH]c3ccc(F)cc13)C1CCC1)CO2,7.89
ZINC000034576175,COc1cccc2c1C[C@@H](N(CCCc1c[nH]c3ccc(F)cc13)C1CCC1)CO2,7.89
ZINC000034664554,CNCc1ccccc1Oc1ccc(C)c(C)c1,7.89
ZINC000036093229,FC(F)(F)Oc1ccccc1C[C@H](c1ccccc1)N1CCNCC1,7.89
ZINC000036093230,FC(F)(F)Oc1ccccc1C[C@@H](c1ccccc1)N1CCNCC1,7.89
ZINC000036093233,Fc1ccc([C@H](Cc2ccccc2Cl)N2CCNCC2)cc1,7.89
ZINC000036093234,Fc1ccc([C@@H](Cc2ccccc2Cl)N2CCNCC2)cc1,7.89
ZINC000036093329,FC(F)(F)c1cccc(C[C@H](c2ccccc2)N2CCNCC2)c1,7.89
ZINC000036093330,FC(F)(F)c1cccc(C[C@@H](c2ccccc2)N2CCNCC2)c1,7.89
ZINC000040379992,c1ccc(CC[C@]2(c3ccc4[nH]ccc4c3)CCNC2)cc1,7.89
ZINC000040379993,c1ccc(CC[C@@]2(c3ccc4[nH]ccc4c3)CCNC2)cc1,7.89
ZINC000040827846,CNC(=O)c1cc2cc([C@]3(Cc4ccccc4)CCNC3)ccc2[nH]1,7.89
ZINC000040827849,CNC(=O)c1cc2cc([C@@]3(Cc4ccccc4)CCNC3)ccc2[nH]1,7.89
ZINC000040834681,CN(Cc1ccc2ccccc2c1)[C@H]1CCNC1,7.89
ZINC000040874947,CC(C)C(=O)N(Cc1ccc(Cl)cc1Cl)[C@H]1CCNC1,7.89
ZINC000040891855,NC[C@@H]1C[C@@]1(C(=O)N1Cc2ccccc2C1)c1cccs1,7.89
ZINC000043059274,Clc1cccc(O[C@@H](c2ccccn2)[C@H]2CCNC2)c1Cl,7.89
ZINC000043059276,Clc1cccc(O[C@H](c2ccccn2)[C@H]2CCNC2)c1Cl,7.89
ZINC000043207045,FC(F)(F)c1cc(COCC2(c3ccccc3)CCNCC2)nc(C2CC2)c1,7.89
ZINC000045358560,COc1cccc2c([C@@H](C)CN3CC=C(c4c[nH]c5ccc(F)cc45)CC3)coc12,7.89
ZINC000045358562,COc1cccc2c([C@H](C)CN3CC=C(c4c[nH]c5ccc(F)cc45)CC3)coc12,7.89
ZINC000045385601,N#Cc1ccc2[nH]cc(CCCN[C@H]3COc4ccc5c(c4C3)C(=O)NC5)c2c1,7.89
ZINC000045385604,N#Cc1ccc2[nH]cc(CCCN[C@@H]3COc4ccc5c(c4C3)C(=O)NC5)c2c1,7.89
ZINC000072104785,Cc1nc(C(=O)NC[C@H](O)CN2CCN(c3cccc(Cl)c3Cl)CC2)c(C)n1-c1ccccc1F,7.89
ZINC000072104786,Cc1nc(C(=O)NC[C@@H](O)CN2CCN(c3cccc(Cl)c3Cl)CC2)c(C)n1-c1ccccc1F,7.89
ZINC000072106085,CCCc1nc(C(=O)NCCCN2CCN(c3cccc(C)c3C)CC2)c(C)n1-c1ccc(OC)cc1,7.89
ZINC000072106314,CCCc1nc(C(=O)NCCCN2CCN(c3cccc(Cl)c3Cl)CC2)c(C)n1-c1ccccc1,7.89
ZINC000072106488,Cc1nc(C(=O)NCCCN2CCN(c3cccc(Cl)c3Cl)CC2)c(C)n1-c1ccccc1F,7.89
ZINC000100846461,Cc1ccc([C@H]2C[C@H]3CC[C@H]4[C@H]2[C@@](O)(c2ccc(Cl)cc2)CN43)cc1,7.89
ZINC000101181262,c1ccc2c([C@@H]3CC[C@@H](N4CCN(c5cccc6[nH]cnc56)CC4)CC3)c[nH]c2c1,7.89
ZINC000103253719,Fc1ccc2[nH]cc(CCCN3CCN(CCCc4c[nH]c5ccc(F)cc45)CC3)c2c1,7.89
ZINC000013916883,CCN1C[C@H](CN2CC=C(c3c[nH]c4ccc(F)cc34)CC2)Oc2c(OC)cccc21,7.88
ZINC000053267915,CCN1C[C@@H](CN2CC=C(c3c[nH]c4ccc(F)cc34)CC2)Oc2c(OC)cccc21,7.88
ZINC000064559534,CN1CCC(C(=O)OCc2ccc(I)cc2)(c2ccc(Cl)c(Cl)c2)CC1,7.88
ZINC000100911792,CCC(=O)[C@H]1[C@@H](c2ccc(-c3cccn3C)cc2)C[C@H]2CC[C@H]1N2C/C=C\I,7.88
ZINC000100911795,CCC(=O)[C@@H]1[C@@H](c2ccc(-c3cccn3C)cc2)C[C@H]2CC[C@H]1N2C/C=C\I,7.88
ZINC000195290340,O=C(OCCF)[C@H]1[C@@H](c2ccc(I)cc2)C[C@H]2CC[C@H]1N2CCCF,7.88
ZINC000253819994,CCC(=O)[C@H]1[C@H](c2ccc(-c3cccn3C)cc2)C[C@H]2CC[C@H]1N2C/C=C\I,7.88
ZINC000253819996,CCC(=O)[C@@H]1[C@H](c2ccc(-c3cccn3C)cc2)C[C@H]2CC[C@H]1N2C/C=C\I,7.88
ZINC000261119012,O=C(OCCF)[C@@H]1[C@@H](c2ccc(I)cc2)C[C@H]2CC[C@H]1N2CCCF,7.88
ZINC000261119015,O=C(OCCF)[C@H]1[C@H](c2ccc(I)cc2)C[C@H]2CC[C@H]1N2CCCF,7.88
ZINC000261119018,O=C(OCCF)[C@@H]1[C@H](c2ccc(I)cc2)C[C@H]2CC[C@H]1N2CCCF,7.88
ZINC000027212893,Fc1ccc2[nH]cc(CCNCCOc3cccc4c3OCCO4)c2c1,7.87
ZINC000028898618,CN(C)Cc1ccccc1Oc1ccc(F)cc1N,7.87
ZINC000072112312,c1ccc2cc([C@]34CCC[C@H]3CNC4)ccc2c1,7.87
ZINC000101180815,CCn1cc([C@@H]2CC[C@@H](N3CCN(c4cccc5[nH]ccc45)CC3)CC2)c2cc(C#N)ccc21,7.87
ZINC000101181690,N#Cc1ccc2[nH]cc([C@H]3CC[C@@H](N4CCN(c5cccc6nccnc56)CC4)CC3)c2c1,7.87
ZINC000103245913,CN(C)CCC[C@@]1(c2ccc(F)cc2)OCc2cc(CN3CCOCC3)ccc21,7.87
ZINC000103245916,CN(C)CCC[C@]1(c2ccc(F)cc2)OCc2cc(CN3CCOCC3)ccc21,7.87
ZINC000013490093,O[C@H](COc1cccc2[nH]ccc12)CN1CCC(c2cc3ccc(Cl)cc3s2)CC1,7.86
ZINC000013530706,Fc1ccc([C@@H](Oc2ccc(Cl)cc2)[C@@H]2CCCNC2)cc1,7.86
ZINC000013530709,Fc1ccc([C@H](Oc2ccc(Cl)cc2)[C@@H]2CCCNC2)cc1,7.86
ZINC000013530712,Fc1ccc([C@@H](Oc2ccc(Cl)cc2)[C@H]2CCCNC2)cc1,7.86
ZINC000013530715,Fc1ccc([C@H](Oc2ccc(Cl)cc2)[C@H]2CCCNC2)cc1,7.86
ZINC000013644792,COC(=O)[C@@H]1[C@H]2CC[C@@H](C[C@H]1c1cc(F)cc(F)c1)N2,7.86
ZINC000028521690,COC(=O)[C@H]1[C@@H](c2cc(F)cc(F)c2)C[C@@H]2CC[C@H]1N2,7.86
ZINC000028521692,COC(=O)[C@@H]1[C@@H](c2cc(F)cc(F)c2)C[C@@H]2CC[C@H]1N2,7.86
ZINC000034833761,CNCc1ccccc1Oc1ccc(Cl)cc1,7.86
ZINC000096307641,Cc1ccc2c3c(ccc2n1)OC[C@H](CN1CCN(c2ccc4cc(C#N)ccc4n2)CC1)O3,7.86
ZINC000101181459,Fc1ccc2[nH]cc([C@@H]3CC[C@@H](N4CCN(c5cccc6ncccc56)CC4)CC3)c2c1,7.86
ZINC000253681664,COC(=O)[C@H]1[C@H]2CC[C@@H](C[C@H]1c1cc(F)cc(F)c1)N2,7.86
ZINC000000057322,C[C@H](N)Cc1c[nH]c2ccc(F)cc12,7.85
ZINC000000057323,C[C@@H](N)Cc1c[nH]c2ccc(F)cc12,7.85
ZINC000013530915,Cc1ccc([C@@H](Oc2cccc(F)c2)C2CCNCC2)cc1,7.85
ZINC000013530918,Cc1ccc([C@H](Oc2cccc(F)c2)C2CCNCC2)cc1,7.85
ZINC000013674823,COc1ccc2[nH]cc(CCCN3CCN(c4cccc5c4OCCO5)CC3)c2c1,7.85
ZINC000013760483,CCN(CC)C(=O)[C@@]1(c2ccccc2)C[C@H]1[C@H](C)N,7.85
ZINC000013760484,CCN(CC)C(=O)[C@@]1(c2ccccc2)C[C@H]1[C@@H](C)N,7.85
ZINC000013806907,CN1CCc2ccc3c4c2[C@H]1Cc1cccc(c1-4)[C@H]3O,7.85
ZINC000022930604,COc1ccc2c(c1)C1=NO[C@@H](CN3CCN(C/C=C/c4ccccc4)CC3)[C@@H]1CO2,7.85
ZINC000022930641,COc1cc2c(cc1OC)C1=NO[C@@H](CN3CCN(Cc4cnc5ccccc5c4)CC3)[C@@H]1CO2,7.85
ZINC000026644012,COc1cc2c(cc1OC)C1=NO[C@H](CN3CCN(Cc4cnc5ccccc5c4)CC3)[C@H]1CO2,7.85
ZINC000026644018,COc1cc2c(cc1OC)C1=NO[C@H](CN3CCN(Cc4cnc5ccccc5c4)CC3)[C@@H]1CO2,7.85
ZINC000026644023,COc1cc2c(cc1OC)C1=NO[C@@H](CN3CCN(Cc4cnc5ccccc5c4)CC3)[C@H]1CO2,7.85
ZINC000026646466,COc1ccc2c(c1)C1=NO[C@H](CN3CCN(C/C=C/c4ccccc4)CC3)[C@H]1CO2,7.85
ZINC000026646471,COc1ccc2c(c1)C1=NO[C@H](CN3CCN(C/C=C/c4ccccc4)CC3)[C@@H]1CO2,7.85
ZINC000026646476,COc1ccc2c(c1)C1=NO[C@@H](CN3CCN(C/C=C/c4ccccc4)CC3)[C@H]1CO2,7.85
ZINC000027523453,CN1CCC(COCc2cc(C(F)(F)F)cc(C(F)(F)F)c2)(c2ccccc2)CC1,7.85
ZINC000028644445,COC(=O)[C@H]1[C@@H](c2ccc(Br)cc2)C[C@@H]2CC[C@H]1S2,7.85
ZINC000028818054,COc1ccc([C@@H]2CN(C)Cc3cc(OCCCN4CCC(C(F)(F)F)CC4)ccc32)cc1,7.85
ZINC000028818056,COc1ccc([C@H]2CN(C)Cc3cc(OCCCN4CCC(C(F)(F)F)CC4)ccc32)cc1,7.85
ZINC000028819418,CN(C)[C@H]1CC=C(c2c[nH]c3ccc(F)cc23)CC1,7.85
ZINC000028819419,CN(C)[C@@H]1CC=C(c2c[nH]c3ccc(F)cc23)CC1,7.85
ZINC000028827090,CSc1ccc([C@@H]2CN(C)Cc3cc(Oc4nc(CN5CCOCC5)cs4)ccc32)cc1,7.85
ZINC000028827091,CSc1ccc([C@H]2CN(C)Cc3cc(Oc4nc(CN5CCOCC5)cs4)ccc32)cc1,7.85
ZINC000028885981,COc1ccccc1[C@@H]1CN2CCC[C@@H]2c2cc(OCCCN3CCCCC3)ccc21,7.85
ZINC000028885987,COc1ccccc1[C@H]1CN2CCC[C@@H]2c2cc(OCCCN3CCCCC3)ccc21,7.85
ZINC000028893043,CN1Cc2cc(OCCCN3CCC(F)CC3)ccc2[C@H](c2cccc(Cl)c2)C1,7.85
ZINC000028893049,CN1Cc2cc(OCCCN3CCC(F)CC3)ccc2[C@@H](c2cccc(Cl)c2)C1,7.85
ZINC000029046356,CNCc1cnccc1Oc1ccc(Cl)cc1C,7.85
ZINC000029046602,CNCc1cnccc1Oc1ccc(Cl)cc1OC,7.85
ZINC000029047602,NC[C@@H]1C[C@@]1(C(=O)N1CCc2sccc2C1)c1ccc2c(c1)OCO2,7.85
ZINC000029129491,CNCc1cc(C(=O)NC)ccc1Oc1ccc(Cl)cc1C,7.85
ZINC000034280662,CNCc1cc(OC)c(OC)cc1Oc1ccc(Cl)c(Cl)c1,7.85
ZINC000034506682,Clc1ccc2occ(CCN3CC=C(c4c[nH]c5ccccc45)CC3)c2c1,7.85
ZINC000034964801,CNCC[C@H](c1cccc(F)c1)n1ccc2ccccc21,7.85
ZINC000036093200,c1ccc(C[C@@H](c2ccccc2)N2CCNCC2)cc1,7.85
ZINC000036093201,c1ccc(C[C@H](c2ccccc2)N2CCNCC2)cc1,7.85
ZINC000036093255,Clc1ccccc1C[C@@H](c1cccnc1)N1CCNCC1,7.85
ZINC000036093256,Clc1ccccc1C[C@H](c1cccnc1)N1CCNCC1,7.85
ZINC000040379533,CNC[C@]1(O)Cc2ccccc2[C@@H]1Oc1ccc(O)cc1C,7.85
ZINC000040394634,CCCCN(C1CCNCC1)S(=O)(=O)c1ccc2ccccc2c1,7.85
ZINC000043077088,Cc1ccc([C@H](Oc2cccc(Cl)c2Cl)C2CCNCC2)cn1,7.85
ZINC000043077091,Cc1ccc([C@@H](Oc2cccc(Cl)c2Cl)C2CCNCC2)cn1,7.85
ZINC000045390935,Fc1ccc2[nH]cc(C3=CCN(CCc4coc5ccccc45)CC3)c2c1,7.85
ZINC000058503367,COc1ccccc1[C@H]1CN2CCC[C@H]2c2cc(OCCCN3CCCCC3)ccc21,7.85
ZINC000064560376,CCOC(=O)C1(c2ccc3ccccc3c2)CCNCC1,7.85
ZINC000070631585,COc1ccc([C@@H](C)N[C@@H]2CC[C@@H](C(=O)C3CCC(c4ccccc4)(N(C)C(C)=O)CC3)C(C)(C)C2)cc1,7.85
ZINC000070631587,COc1ccc([C@@H](C)N[C@@H]2CC[C@@H](C(=O)N3CCC(c4ccccc4)(c4ccc(OC)nc4)CC3)C(C)(C)C2)cc1,7.85
ZINC000072105893,Cc1c(Cl)cccc1N1CCN(C[C@H](O)CNC(=O)c2nc(C)n(-c3cccc(Cl)c3)c2C)CC1,7.85
ZINC000072105894,Cc1c(Cl)cccc1N1CCN(C[C@@H](O)CNC(=O)c2nc(C)n(-c3cccc(Cl)c3)c2C)CC1,7.85
ZINC000072141200,CCCc1nc(C(=O)NCCCN2CCN(c3cccc(Cl)c3C)CC2)c(C)n1-c1ccc2c(c1)OCCO2,7.85
ZINC000095587705,CN1CCC(COCc2cc(Cl)cc(C(F)(F)F)n2)(c2ccccc2)CC1,7.85
ZINC000101008646,Fc1ccc2[nH]cc([C@@H]3CC[C@H](NC[C@@H]4COc5ccccc5O4)CC3)c2c1,7.85
ZINC000101008648,Fc1ccc2[nH]cc([C@@H]3CC[C@H](NC[C@H]4COc5ccccc5O4)CC3)c2c1,7.85
ZINC000103253708,COc1ccc2[nH]cc(CCCN3CCN(CCCc4c[nH]c5ccc(F)cc45)CC3)c2c1,7.85
ZINC000140524486,COc1ccccc1[C@@H]1CN2CCC[C@H]2c2cc(OCCCN3CCCCC3)ccc21,7.85
ZINC000003794806,COc1cccc2c1CCC[C@H]2CN(C)CCc1ccc2c(c1)CCO2,7.84
ZINC000013588068,CNCC[C@@H](Oc1cccc2ccccc12)c1ccc(C(F)(F)F)cc1,7.84
ZINC000013588069,CNCC[C@H](Oc1cccc2ccccc12)c1ccc(C(F)(F)F)cc1,7.84
ZINC000035951051,c1ccc(C(c2ccccc2)[C@@H]2CC[C@H](NCc3ccc4[nH]ccc4c3)CO2)cc1,7.84
ZINC000040423652,COc1ccc(Cc2cc([C@H]3[C@@H](c4ccc(Cl)cc4)C[C@@H]4CC[C@H]3N4C)on2)cc1,7.84
ZINC000040975254,Cc1ccc(Sc2ccccc2CN(C)C)c(NC(=O)c2ccc(F)cc2)c1,7.84
ZINC000049112278,Cc1cccc(N2CCN(CCCNC(=O)c3cc(-c4ccccc4)n(Cc4ccccc4)c3C)CC2)c1C,7.84
ZINC000072112516,CN1C[C@H]2CCC[C@@]2(c2ccc3ccccc3c2)C1,7.84
ZINC000101060128,CN1[C@H]2C=C(c3ccc4c(c3)Cc3ccccc3-4)C[C@H]1CC2,7.84
ZINC000299828408,Clc1ccc(CN(CC2CNC2)c2ccccc2)cc1,7.84
ZINC000013530887,FC(F)(F)c1ccc(O[C@H](c2ccccc2)C2CCNCC2)cc1,7.83
ZINC000013530890,FC(F)(F)c1ccc(O[C@@H](c2ccccc2)C2CCNCC2)cc1,7.83
ZINC000013648546,COc1ccc(CN[C@@H]2CO[C@H](C(c3ccccc3)c3ccccc3)C[C@H]2O)cc1,7.83
ZINC000036248231,CN(CCCc1c[nH]c2ccc(F)cc12)[C@H]1COc2c(F)ccc(C(N)=O)c2C1,7.83
ZINC000000009342,CN(C)C[C@H](c1ccc(O)cc1)C1(O)CCCCC1,7.82
ZINC000002525885,CN(C)C[C@@H](c1ccc(O)cc1)C1(O)CCCCC1,7.82
ZINC000013491084,Clc1ccc([C@H]2c3ccccc3C3=NCCN32)cc1,7.82
ZINC000013491085,Clc1ccc([C@@H]2c3ccccc3C3=NCCN32)cc1,7.82
ZINC000013587204,COc1cccc2sc([C@H]3CCN(C[C@H](O)COc4cccc5oc(C)cc45)[C@H](C)C3)cc12,7.82
ZINC000013759277,COC(=O)[C@H]1[C@@H](c2ccc(C(C)C)cc2)C[C@@H]2CC[C@H]1N2,7.82
ZINC000026496426,NC(=O)c1ccc2c(c1)CCO[C@@H]2CCN1CCC(c2cccc3ccccc23)CC1,7.82
ZINC000026496430,NC(=O)c1ccc2c(c1)CCO[C@H]2CCN1CCC(c2cccc3ccccc23)CC1,7.82
ZINC000027322577,COC(=O)[C@@H]1[C@@H](c2ccc(C(C)C)cc2)C[C@@H]2CC[C@H]1N2,7.82
ZINC000028571447,CCN1C[C@@H](CNCCc2c[nH]c3ccc(F)cc23)Oc2ccccc21,7.82
ZINC000028571448,CCN1C[C@H](CNCCc2c[nH]c3ccc(F)cc23)Oc2ccccc21,7.82
ZINC000028818164,COc1ccc([C@@H]2CN(C)Cc3cc(OCCCN4CCN(C(C)=O)CC4)ccc32)cc1,7.82
ZINC000028818166,COc1ccc([C@H]2CN(C)Cc3cc(OCCCN4CCN(C(C)=O)CC4)ccc32)cc1,7.82
ZINC000028818170,COc1ccc([C@@H]2CN(C)Cc3cc(OCCCN4CCN(C(=O)C(C)C)CC4)ccc32)cc1,7.82
ZINC000028818172,COc1ccc([C@H]2CN(C)Cc3cc(OCCCN4CCN(C(=O)C(C)C)CC4)ccc32)cc1,7.82
ZINC000028882974,CN1Cc2cc(OCCCN3CCCCC3)ncc2[C@H](c2ccc(Cl)c(Cl)c2)C1,7.82
ZINC000028882980,CN1Cc2cc(OCCCN3CCCCC3)ncc2[C@@H](c2ccc(Cl)c(Cl)c2)C1,7.82
ZINC000028883535,CCN(CC)CCCOc1cc2c(cn1)[C@H](c1ccc(Cl)c(Cl)c1)CNC2,7.82
ZINC000028883540,CCN(CC)CCCOc1cc2c(cn1)[C@@H](c1ccc(Cl)c(Cl)c1)CNC2,7.82
ZINC000028883662,COc1ccc([C@@H]2CNCc3cc(OCC4CCN(C(C)C)CC4)ncc32)cc1,7.82
ZINC000028883667,COc1ccc([C@H]2CNCc3cc(OCC4CCN(C(C)C)CC4)ncc32)cc1,7.82
ZINC000028893108,CN1Cc2cc(OCCCN3CCC(F)CC3)ccc2[C@H](c2cccc(C(F)(F)F)c2)C1,7.82
ZINC000028893113,CN1Cc2cc(OCCCN3CCC(F)CC3)ccc2[C@@H](c2cccc(C(F)(F)F)c2)C1,7.82
ZINC000028948804,Cc1cccc(CN(Cc2ccccn2)[C@@H]2CCNC2)c1C,7.82
ZINC000028948835,Fc1ccc(CN(C2CCOCC2)[C@H]2CCNC2)c(F)c1F,7.82
ZINC000028960233,CN(C)C[C@@H]1C[C@@H]1c1cccc2ccccc12,7.82
ZINC000028960235,CN(C)C[C@H]1C[C@@H]1c1cccc2ccccc12,7.82
ZINC000028960239,CN(C)C[C@@H]1C[C@H]1c1cccc2ccccc12,7.82
ZINC000028960242,CN(C)C[C@H]1C[C@H]1c1cccc2ccccc12,7.82
ZINC000028967239,Fc1ccc(C(OCCC2CCN(C[C@H]3Cc4ccccc4CN3)CC2)c2ccc(F)cc2)cc1,7.82
ZINC000034841994,CCN(CCCc1c[nH]c2ccc(F)cc12)[C@H]1COc2c(F)cc3c(c2C1)C(=O)NCC3,7.82
ZINC000034841996,CCN(CCCc1c[nH]c2ccc(F)cc12)[C@@H]1COc2c(F)cc3c(c2C1)C(=O)NCC3,7.82
ZINC000036093170,COc1ccccc1CN(CC(C)C)C1CCNCC1,7.82
ZINC000036093239,Brc1ccccc1C[C@H](c1ccccc1)N1CCNCC1,7.82
ZINC000036093240,Brc1ccccc1C[C@@H](c1ccccc1)N1CCNCC1,7.82
ZINC000036093241,Fc1cccc([C@H](Cc2ccccc2Cl)N2CCNCC2)c1,7.82
ZINC000036093242,Fc1cccc([C@@H](Cc2ccccc2Cl)N2CCNCC2)c1,7.82
ZINC000036271626,O[C@@H]1C[C@@H](C(c2ccccc2)c2ccccc2)OC[C@H]1NCc1ccc2[nH]ccc2c1,7.82
ZINC000040379599,Fc1ccc(C[C@]2(c3ccc4[nH]ccc4c3)CCNC2)cc1,7.82
ZINC000040379600,Fc1ccc(C[C@@]2(c3ccc4[nH]ccc4c3)CCNC2)cc1,7.82
ZINC000040892817,N#Cc1ccc2cc(OCC3CCNCC3)ccc2c1,7.82
ZINC000040951170,CN(C)Cc1cc(NS(C)(=O)=O)ccc1Oc1ccc2c(c1)OCCS2,7.82
ZINC000045244975,Cc1c(C(=O)N(CC(C)(C)C)[C@H]2CCNC2)ccc(Cl)c1Cl,7.82
ZINC000045253456,CC(C)N(C(=O)c1ccc2ccccc2c1)[C@@H]1CCNC1,7.82
ZINC000045357573,Fc1ccc2[nH]cc(C3=CCN(CCc4coc5ccc(Cl)cc45)CC3)c2c1,7.82
ZINC000049035659,Fc1ccc([C@H](Cc2ccccc2OC(F)(F)F)N2CCNCC2)cc1,7.82
ZINC000049035661,Fc1ccc([C@@H](Cc2ccccc2OC(F)(F)F)N2CCNCC2)cc1,7.82
ZINC000064436415,N#Cc1ccc2[nH]cc([C@H]3CC[C@@H](NCc4ccccc4)C3)c2c1,7.82
ZINC000064436416,N#Cc1ccc2[nH]cc([C@H]3CC[C@H](NCc4ccccc4)C3)c2c1,7.82
ZINC000064436418,N#Cc1ccc2[nH]cc([C@@H]3CC[C@@H](NCc4ccccc4)C3)c2c1,7.82
ZINC000064436420,N#Cc1ccc2[nH]cc([C@@H]3CC[C@H](NCc4ccccc4)C3)c2c1,7.82
ZINC000070631589,COc1ccc([C@@H](C)N[C@@H]2CC[C@@H](C(=O)N3CCC(c4ccccc4)(c4ccccc4)CC3)C(C)(C)C2)cc1,7.82
ZINC000073388454,O=C(OCCF)[C@H]1[C@@H](c2cccc(/C=C/I)c2)C[C@@H]2CC[C@H]1N2,7.82
ZINC000095563848,COc1ccc(Sc2ccccc2N2CCNCC2)cc1OC,7.82
ZINC000095589294,CCC(CC)Nc1cc(C(F)(F)F)cc(COCC2(c3ccc(F)cc3)CCN(C)CC2)n1,7.82
ZINC000100791160,CCC(=O)[C@H]1[C@@H](c2ccc3c([N+](=O)[O-])c(OC)ccc3c2)C[C@H]2CC[C@H]1N2C,7.82
ZINC000100791162,CCC(=O)[C@@H]1[C@@H](c2ccc3c([N+](=O)[O-])c(OC)ccc3c2)C[C@H]2CC[C@H]1N2C,7.82
ZINC000100812553,CCCC[C@H]1[C@@H](c2ccc(C)cc2)C[C@H]2CC[C@H]1N2C,7.82
ZINC000100843797,COC(=O)[C@H]1[C@H]2[C@H](O)C[C@H](C[C@H]1c1ccc(Cl)c(Cl)c1)N2C,7.82
ZINC000100891228,COC(=O)[C@H]1[C@@H](c2ccc(Cl)c(Cl)c2)C[C@H]2C[C@@H](O)[C@H]1N2C,7.82
ZINC000100891230,COC(=O)[C@@H]1[C@H]2[C@H](O)C[C@H](C[C@H]1c1ccc(Cl)c(Cl)c1)N2C,7.82
ZINC000101019736,C1=C(c2csc3ccccc23)C[C@H]2CC[C@H]1N2CCOc1cccc2[nH]ccc12,7.82
ZINC000169292903,O=C(OCCF)[C@@H]1[C@@H](c2cccc(/C=C/I)c2)C[C@@H]2CC[C@H]1N2,7.82
ZINC000169319142,COC(=O)[C@@H]1[C@@H](c2ccc(Cl)c(Cl)c2)C[C@H]2C[C@@H](O)[C@H]1N2C,7.82
ZINC000169319506,CCCC[C@H]1[C@H](c2ccc(C)cc2)C[C@H]2CC[C@H]1N2C,7.82
ZINC000253632994,COC(=O)[C@H]1[C@H]2C[C@H]3CC[C@H]1N3C/C2=C\c1ccc(C)cc1,7.82
ZINC000253632996,COC(=O)[C@@H]1[C@H]2C[C@H]3CC[C@H]1N3C/C2=C\c1ccc(C)cc1,7.82
ZINC000253633638,CCC(=O)[C@H]1[C@H](c2ccc3c([N+](=O)[O-])c(OC)ccc3c2)C[C@H]2CC[C@H]1N2C,7.82
ZINC000253633639,CCC(=O)[C@@H]1[C@H](c2ccc3c([N+](=O)[O-])c(OC)ccc3c2)C[C@H]2CC[C@H]1N2C,7.82
ZINC000253793017,COC(=O)[C@H]1[C@H]2CC[C@@H](C[C@H]1c1ccc(C(C)C)cc1)N2,7.82
ZINC000253793019,COC(=O)[C@@H]1[C@H]2CC[C@@H](C[C@H]1c1ccc(C(C)C)cc1)N2,7.82
ZINC000261135907,O=C(OCCF)[C@@H]1[C@H]2CC[C@@H](C[C@H]1c1cccc(/C=C/I)c1)N2,7.82
ZINC000261135911,O=C(OCCF)[C@H]1[C@H]2CC[C@@H](C[C@H]1c1cccc(/C=C/I)c1)N2,7.82
ZINC000003923590,c1cc(OCCNCCCc2c[nH]c3ccccc23)c2[nH]cnc2c1,7.81
ZINC000013490091,O[C@H](COc1cccc2[nH]ccc12)CN1CCC(c2cc3c(Cl)cccc3s2)CC1,7.81
ZINC000013530954,Cc1ccc(Cl)cc1O[C@H](c1ccccc1)C1CCNCC1,7.81
ZINC000013530957,Cc1ccc(Cl)cc1O[C@@H](c1ccccc1)C1CCNCC1,7.81
ZINC000013531029,Oc1c(F)cccc1O[C@H](c1ccccc1)C1CCNCC1,7.81
ZINC000013531032,Oc1c(F)cccc1O[C@@H](c1ccccc1)C1CCNCC1,7.81
ZINC000026668255,CC(=O)Nc1ccc([C@@H]2CN3CCC[C@@H]3c3ccccc32)cc1,7.81
ZINC000028713295,CCCCOC[C@@H]1CNCCN1c1ccc2cc([N+](=O)[O-])ccc2n1,7.81
ZINC000028713296,CCCCOC[C@H]1CNCCN1c1ccc2cc([N+](=O)[O-])ccc2n1,7.81
ZINC000253794767,CN1[C@H]2CC[C@H]1[C@@H](C(=O)OC1CC1)[C@H](c1ccc(I)cc1)C2,7.81
ZINC000253794777,CN1[C@H]2CC[C@H]1[C@@H](C(=O)OC1CC1)[C@@H](c1ccc(I)cc1)C2,7.81
ZINC000253794785,CN1[C@H]2CC[C@H]1[C@H](C(=O)OC1CC1)[C@@H](c1ccc(I)cc1)C2,7.81
ZINC000253794794,CN1[C@H]2CC[C@H]1[C@H](C(=O)OC1CC1)[C@H](c1ccc(I)cc1)C2,7.81
ZINC000299854701,COc1ccc(-c2c(=O)n(CCCCN3CC=C(c4c[nH]c5ccc(F)cc45)CC3)c(=O)n3ccccc23)cc1,7.81
ZINC000299856595,O=c1c(-c2ccccc2)c2ccccn2c(=O)n1CCCCN1CCC(c2c[nH]c3ccc(F)cc23)CC1,7.81
ZINC000013439753,CCC(=O)[C@H]1[C@@H](c2cccc(I)c2)C[C@@H]2CC[C@H]1N2,7.8
ZINC000013490089,O[C@H](COc1cccc2[nH]ccc12)CN1CCC(c2cc3c(F)cccc3s2)CC1,7.8
ZINC000013491148,O[C@@H](CCN1CCN(c2cccc3c2OCCO3)CC1)c1csc2ccc(F)cc12,7.8
ZINC000013491149,O[C@H](CCN1CCN(c2cccc3c2OCCO3)CC1)c1csc2ccc(F)cc12,7.8
ZINC000013582532,N#Cc1ccc2[nH]cc(CCCCN3CCN(c4ccccc4C(N)=O)CC3)c2c1,7.8
ZINC000013683692,Fc1ccc(C(OCCC2CCN(C[C@@H]3C[C@H]3c3ccccc3)CC2)c2ccc(F)cc2)cc1,7.8
ZINC000022926769,Fc1cc(COC[C@H](c2ccccc2)N2CCNCC2)cc(C(F)(F)F)c1,7.8
ZINC000022926773,Fc1cc(COC[C@@H](c2ccccc2)N2CCNCC2)cc(C(F)(F)F)c1,7.8
ZINC000026648685,C(=C/c1ccccc1)\CN1CCN(C[C@@H]2ON=C3c4ccccc4OC[C@@H]32)CC1,7.8
ZINC000026648690,C(=C/c1ccccc1)\CN1CCN(C[C@H]2ON=C3c4ccccc4OC[C@@H]32)CC1,7.8
ZINC000026648694,C(=C/c1ccccc1)\CN1CCN(C[C@H]2ON=C3c4ccccc4OC[C@H]32)CC1,7.8
ZINC000027310743,CC#Cc1ccc([C@H]2C[C@H]3CC[C@@H]([C@H]2C(=O)OC)N3C)cc1,7.8
ZINC000027310748,CC#Cc1ccc([C@H]2C[C@H]3CC[C@@H]([C@@H]2C(=O)OC)N3C)cc1,7.8
ZINC000027330054,O=C1c2ccccc2C(=O)N1CCCCCN1CC=C(c2c[nH]c3ccc(Cl)cc23)CC1,7.8
ZINC000027552260,CCOC(=O)[C@H]1[C@@H](c2ccc(-c3cccn3CC)cc2)C[C@@H]2CC[C@H]1N2,7.8
ZINC000027552263,CCOC(=O)[C@@H]1[C@@H](c2ccc(-c3cccn3CC)cc2)C[C@@H]2CC[C@H]1N2,7.8
ZINC000027995137,CCC(=O)[C@@H]1[C@@H](c2cccc(I)c2)C[C@@H]2CC[C@H]1N2,7.8
ZINC000028571372,Fc1ccc2[nH]cc(CCNC[C@@H]3CNc4ccccc4O3)c2c1,7.8
ZINC000028571373,Fc1ccc2[nH]cc(CCNC[C@H]3CNc4ccccc4O3)c2c1,7.8
ZINC000028892779,CN(C)CC[C@@H](Oc1ccccc1)c1cccc(OCCCN2CCCCC2)c1,7.8
ZINC000028892785,CN(C)CC[C@H](Oc1ccccc1)c1cccc(OCCCN2CCCCC2)c1,7.8
ZINC000028960371,CN(Cc1ccccc1)C[C@@H]1C[C@@H]1c1cccc2cc(C#N)ccc12,7.8
ZINC000028960376,CN(Cc1ccccc1)C[C@H]1C[C@@H]1c1cccc2cc(C#N)ccc12,7.8
ZINC000029129397,CNCc1cc(NS(C)(=O)=O)ccc1Oc1ccc(Cl)cc1C,7.8
ZINC000036093219,CCc1ccccc1C[C@@H](c1ccccc1)N1CCNCC1,7.8
ZINC000036093220,CCc1ccccc1C[C@H](c1ccccc1)N1CCNCC1,7.8
ZINC000036271143,CC#Cc1ccc([C@@H]2C[C@H]3CC[C@@H]([C@@H]2C(=O)OC)N3C)cc1,7.8
ZINC000040847214,C=CCN(Cc1nccs1)C(=O)[C@@]1(c2cccs2)C[C@H]1CN,7.8
ZINC000040873973,CCCC[C@]1(c2ccc3[nH]ccc3c2)CCNC1,7.8
ZINC000040873975,CCCC[C@@]1(c2ccc3[nH]ccc3c2)CCNC1,7.8
ZINC000040892232,CCCCN([C@H]1CCNC1)S(=O)(=O)c1ccc2ccccc2c1,7.8
ZINC000040951801,CNCc1cc(NS(C)(=O)=O)ccc1Oc1ccc(SC)c(F)c1,7.8
ZINC000043021303,Cc1ccc([C@H](Oc2cccc(Cl)c2Cl)C2CCNCC2)nc1,7.8
ZINC000043021305,Cc1ccc([C@@H](Oc2cccc(Cl)c2Cl)C2CCNCC2)nc1,7.8
ZINC000043194151,Fc1cc(N2CCNC[C@H]2Cc2ccccc2)cc2cc[nH]c12,7.8
ZINC000043194152,Fc1cc(N2CCNC[C@@H]2Cc2ccccc2)cc2cc[nH]c12,7.8
ZINC000049037074,Fc1cccc([C@H](Cc2ccccc2OC(F)(F)F)N2CCNCC2)c1,7.8
ZINC000049037075,Fc1cccc([C@@H](Cc2ccccc2OC(F)(F)F)N2CCNCC2)c1,7.8
ZINC000049115356,CN1C[C@H]2C(=NO[C@H]2CN2CCN(C/C=C/c3ccccc3)CC2)c2ccccc21,7.8
ZINC000053294630,Clc1ccc(N2CCNC[C@H]2Cc2ccccc2)cc1Cl,7.8
ZINC000053294633,Clc1ccc(N2CCNC[C@@H]2Cc2ccccc2)cc1Cl,7.8
ZINC000053295345,CCOC[C@@H]1CNCCN1c1ccc2[nH]ncc2c1,7.8
ZINC000053295348,CCOC[C@H]1CNCCN1c1ccc2[nH]ncc2c1,7.8
ZINC000053314235,c1ccc(C[C@@H]2CNCCN2c2ccccc2)cc1,7.8
ZINC000053314238,c1ccc(C[C@H]2CNCCN2c2ccccc2)cc1,7.8
ZINC000058583492,CCC[C@]1(C(=O)c2ccc3[nH]ncc3c2)CCCN1,7.8
ZINC000062225349,CCC[C@@]1(C(=O)c2ccc3[nH]ncc3c2)CCCN1,7.8
ZINC000066099703,CNC[C@H]1Cc2ccccc2[C@@H](c2ccc(Cl)c(Cl)c2)C1,7.8
ZINC000072104682,Cc1cccc(N2CCN(CCCNC(=O)c3nc(C(C)C)n(-c4ccccc4)c3C)CC2)c1C,7.8
ZINC000072104740,COc1ccccc1-n1c(C)nc(C(=O)NCCCN2CCN(c3cccc(Cl)c3Cl)CC2)c1C,7.8
ZINC000095586893,Fc1ccc(F)c(O[C@@H](c2ccccc2)[C@H]2CCNC2)c1Cl,7.8
ZINC000095590325,Fc1ccc(O[C@@H](c2ccccc2)[C@H]2CCNC2)c(Cl)c1,7.8
ZINC000095592423,CN1CCC(COCc2cc(C(F)(F)F)cc([C@H]3CC3(C)C)n2)(c2ccc(F)cc2)CC1,7.8
ZINC000095592424,CN1CCC(COCc2cc(C(F)(F)F)cc([C@@H]3CC3(C)C)n2)(c2ccc(F)cc2)CC1,7.8
ZINC000096914820,CCOC[C@@H](c1ccc(Cl)c(Cl)c1)C1CCNCC1,7.8
ZINC000096914821,CCOC[C@H](c1ccc(Cl)c(Cl)c1)C1CCNCC1,7.8
ZINC000100882961,CCC(=O)[C@H]1[C@@H](c2ccc3c(C(C)=O)c(OC)ccc3c2)C[C@H]2CC[C@H]1N2C,7.8
ZINC000100882964,CCC(=O)[C@@H]1[C@@H](c2ccc3c(C(C)=O)c(OC)ccc3c2)C[C@H]2CC[C@H]1N2C,7.8
ZINC000100890169,Fc1ccc2[nH]cc([C@@H]3CC[C@H](NCc4ccccc4)CC3)c2c1,7.8
ZINC000169345077,COc1ccc(C(=O)Nc2ccc(O[C@@H](CCN(C)C)c3ccccc3)cc2)cc1Cl,7.8
ZINC000169345079,COc1ccc(C(=O)Nc2ccc(O[C@H](CCN(C)C)c3ccccc3)cc2)cc1Cl,7.8
ZINC000253639533,CC#Cc1ccc([C@@H]2C[C@H]3CC[C@@H]([C@H]2C(=O)OC)N3C)cc1,7.8
ZINC000253666604,CN(Cc1ccccc1)C[C@H]1C[C@H]1c1cccc2cc(C#N)ccc12,7.8
ZINC000253666611,CN(Cc1ccccc1)C[C@@H]1C[C@H]1c1cccc2cc(C#N)ccc12,7.8
ZINC000253690110,CCC(=O)[C@H]1[C@H](c2ccc3c(C(C)=O)c(OC)ccc3c2)C[C@H]2CC[C@H]1N2C,7.8
ZINC000253690117,CCC(=O)[C@@H]1[C@H](c2ccc3c(C(C)=O)c(OC)ccc3c2)C[C@H]2CC[C@H]1N2C,7.8
ZINC000253791667,CCOC(=O)[C@H]1[C@H]2CC[C@@H](C[C@H]1c1ccc(-c3cccn3CC)cc1)N2,7.8
ZINC000253791676,CCOC(=O)[C@@H]1[C@H]2CC[C@@H](C[C@H]1c1ccc(-c3cccn3CC)cc1)N2,7.8
ZINC000253917806,CCC(=O)[C@@H]1[C@H]2CC[C@@H](C[C@H]1c1cccc(I)c1)N2,7.8
ZINC000253917807,CCC(=O)[C@H]1[C@H]2CC[C@@H](C[C@H]1c1cccc(I)c1)N2,7.8
ZINC000000403683,C[C@H](N)Cc1c[nH]c2ccc(Cl)cc12,7.79
ZINC000000403684,C[C@@H](N)Cc1c[nH]c2ccc(Cl)cc12,7.79
ZINC000013587197,COc1cccc2sc([C@@H]3CCN(C[C@H](O)COc4cccc5[nH]c(C(N)=O)cc45)[C@H](C)C3)cc12,7.79
ZINC000013761447,COc1cccc2c1CCC[C@H]2CN(C)CCc1ccc2[nH]c(=O)[nH]c2c1,7.79
ZINC000036271628,Nc1ccc(CN[C@H]2CC[C@@H](C(c3ccccc3)c3ccccc3)OC2)cc1,7.79
ZINC000013761439,COc1cccc2c1CCC[C@H]2CN(C)CCc1ccc2ocnc2c1,7.78
ZINC000072106496,Cc1cccc(N2CCN(C[C@H](O)CNC(=O)c3nc(C)n(-c4ccc(F)cc4)c3C)CC2)c1C,7.78
ZINC000072106497,Cc1cccc(N2CCN(C[C@@H](O)CNC(=O)c3nc(C)n(-c4ccc(F)cc4)c3C)CC2)c1C,7.78
ZINC000013531006,N#Cc1ccc(O[C@H](CC2CCNCC2)c2ccc(F)cc2)cc1,7.77
ZINC000013531009,N#Cc1ccc(O[C@@H](CC2CCNCC2)c2ccc(F)cc2)cc1,7.77
ZINC000013644781,COC(=O)[C@@H]1[C@H]2CC[C@@H](C[C@H]1c1ccc(F)c(C)c1)N2,7.77
ZINC000013835782,CN(C)[C@@H]1C[C@@H](c2ccc(Cl)c(Cl)c2)c2ccc(I)cc21,7.77
ZINC000028344150,CN(C)CCCc1c[nH]c2ccc(Br)cc12,7.77
ZINC000028521348,COC(=O)[C@H]1[C@@H](c2ccc(F)c(C)c2)C[C@@H]2CC[C@H]1N2,7.77
ZINC000028521350,COC(=O)[C@@H]1[C@@H](c2ccc(F)c(C)c2)C[C@@H]2CC[C@H]1N2,7.77
ZINC000028644584,COC(=O)[C@H]1[C@@H](c2ccc(Cl)c(F)c2)C[C@@H]2CC[C@H]1S2,7.77
ZINC000028893055,CN1Cc2cc(OCCCN3CCC(F)CC3)ccc2[C@H](c2ccccc2Cl)C1,7.77
ZINC000028893060,CN1Cc2cc(OCCCN3CCC(F)CC3)ccc2[C@@H](c2ccccc2Cl)C1,7.77
ZINC000028960288,CNC[C@@H]1C[C@@H]1c1cccc2cc(C#N)ccc12,7.77
ZINC000028960291,CNC[C@H]1C[C@@H]1c1cccc2cc(C#N)ccc12,7.77
ZINC000028960294,CNC[C@@H]1C[C@H]1c1cccc2cc(C#N)ccc12,7.77
ZINC000028960296,CNC[C@H]1C[C@H]1c1cccc2cc(C#N)ccc12,7.77
ZINC000029129493,CNCc1cc(C(=O)N(C)C)ccc1Oc1ccc(Cl)cc1C,7.77
ZINC000034044455,CN(C)Cc1ccc(C(F)(F)F)cc1Oc1ccc(Cl)c(Cl)c1,7.77
ZINC000036093180,FC(F)(F)OCCN(Cc1ccccc1C(F)(F)F)C1CCNCC1,7.77
ZINC000036093231,CCOc1ccccc1C[C@@H](c1ccc(F)cc1)N1CCNCC1,7.77
ZINC000036093232,CCOc1ccccc1C[C@H](c1ccc(F)cc1)N1CCNCC1,7.77
ZINC000036093337,c1ccc([C@@H](Cc2ccc3ccccc3c2)N2CCNCC2)cc1,7.77
ZINC000036093338,c1ccc([C@H](Cc2ccc3ccccc3c2)N2CCNCC2)cc1,7.77
ZINC000040834292,CNCc1ccc(Cl)cc1Oc1ccc(C)cc1,7.77
ZINC000040836353,CN(C)Cc1ccccc1Oc1ccc(C2CC2)cc1,7.77
ZINC000040879931,CNC[C@@H](O)[C@H](c1ccccc1)N(C)c1cccc(OC)c1,7.77
ZINC000040979786,CC(C)CC(=O)N(Cc1cccc(Cl)c1Cl)[C@H]1CCNC1,7.77
ZINC000043059270,Clc1cccc(O[C@@H](c2ccccn2)[C@@H]2CCNC2)c1Cl,7.77
ZINC000043059272,Clc1cccc(O[C@H](c2ccccn2)[C@@H]2CCNC2)c1Cl,7.77
ZINC000045245839,CS(=O)(=O)N(Cc1ccc2ccccc2c1)[C@@H]1CCNC1,7.77
ZINC000045358463,N#Cc1ccc2[nH]cc(CC[C@@H]3CCCN3)c2c1,7.77
ZINC000045358465,N#Cc1ccc2[nH]cc(CC[C@H]3CCCN3)c2c1,7.77
ZINC000045372606,C[C@]1(CCc2c[nH]c3ccc(C#N)cc23)CCCCN1,7.77
ZINC000045372610,C[C@@]1(CCc2c[nH]c3ccc(C#N)cc23)CCCCN1,7.77
ZINC000045385823,CN(CCCc1c[nH]c2ccc(F)cc12)[C@H]1COc2ccc3c(c2C1)C(=O)NCC3,7.77
ZINC000045385826,CN(CCCc1c[nH]c2ccc(F)cc12)[C@@H]1COc2ccc3c(c2C1)C(=O)NCC3,7.77
ZINC000049035908,Fc1ccccc1[C@H](Cc1ccccc1OC(F)F)N1CCNCC1,7.77
ZINC000049035910,Fc1ccccc1[C@@H](Cc1ccccc1OC(F)F)N1CCNCC1,7.77
ZINC000070631581,COc1ccc([C@@H](C)N[C@@H]2CC[C@@H](C(=O)N3CCC(C(=O)N4CCCC4)(c4ccccc4)CC3)C(C)(C)C2)cc1,7.77
ZINC000070631583,COc1ccc([C@@H](C)N[C@@H]2CC[C@@H](C(=O)N3CCC(c4ccccc4)(N4CCCOC4=O)CC3)C(C)(C)C2)cc1,7.77
ZINC000070631588,COc1ccc([C@@H](C)N[C@@H]2CC[C@@H](C(=O)N3CCC(c4ccccc4)(c4cccnc4)CC3)C(C)(C)C2)cc1,7.77
ZINC000072104763,Cc1cccc(N2CCN(CCCNC(=O)c3nc(C)n(-c4ccccc4Cl)c3C)CC2)c1C,7.77
ZINC000072104792,CCCc1nc(C(=O)NCCCN2CCN(c3cccc(C)c3C)CC2)cn1-c1ccccc1,7.77
ZINC000072105296,COc1ccccc1-n1c(C)nc(C(=O)NCCCN2CCN(c3cccc(Cl)c3C)CC2)c1C,7.77
ZINC000072106640,CCCc1nc(C(=O)NC[C@H](O)CN2CCN(c3cccc(Cl)c3C)CC2)c(C)n1-c1ccc(OC)cc1,7.77
ZINC000072106641,CCCc1nc(C(=O)NC[C@@H](O)CN2CCN(c3cccc(Cl)c3C)CC2)c(C)n1-c1ccc(OC)cc1,7.77
ZINC000095560527,Clc1cccc(Sc2ccccc2N2CCNCC2)c1Cl,7.77
ZINC000096307645,Cc1ccc2c3c(ccc2n1)OC[C@H](CN1CCN(c2ccc4cc(C(N)=O)ccc4n2)CC1)O3,7.77
ZINC000150524417,CN1[C@H]2CC[C@H]1[C@@H](COC(=O)CCCCCCCCC(=O)OC[C@H]1[C@@H](c3ccc(Cl)c(Cl)c3)C[C@@H]3CC[C@H]1N3C)[C@@H](c1ccc(Cl)c(Cl)c1)C2,7.77
ZINC000253638605,COC(=O)[C@H]1[C@H]2CC[C@@H](C[C@H]1c1ccc(F)c(C)c1)N2,7.77
ZINC000261139452,COC(=O)[C@@H]1[C@H]2C[C@H]3CC[C@H]1N3C/C2=C\C#Cc1ccc(F)cc1,7.77
ZINC000261139453,COC(=O)[C@H]1[C@H]2C[C@H]3CC[C@H]1N3C/C2=C\C#Cc1ccc(F)cc1,7.77
ZINC000013490096,Cc1cc2c(OC[C@@H](O)CN3CCC(c4cc5c(C)cccc5s4)CC3)cccc2[nH]1,7.76
ZINC000100761696,COC(=O)[C@H]1[C@@H](c2ccc(I)cc2)C[C@H]2CC[C@H]1N2CCCOS(C)(=O)=O,7.76
ZINC000100761698,COC(=O)[C@@H]1[C@@H](c2ccc(I)cc2)C[C@H]2CC[C@H]1N2CCCOS(C)(=O)=O,7.76
ZINC000253638683,COC(=O)[C@H]1[C@H](c2ccc(I)cc2)C[C@H]2CC[C@H]1N2CCCOS(C)(=O)=O,7.76
ZINC000253638686,COC(=O)[C@@H]1[C@H](c2ccc(I)cc2)C[C@H]2CC[C@H]1N2CCCOS(C)(=O)=O,7.76
ZINC000013761421,COc1cccc2c1CCC[C@H]2CN(C)CCc1ccc2occc2c1,7.75
ZINC000028257893,NC(=O)c1ccc2[nH]cc(C3=CC[C@@H](NCCCCCCCN[C@H]4CC=C(c5c[nH]c6ccc(C(N)=O)cc56)CC4)CC3)c2c1,7.75
ZINC000028257900,NC(=O)c1ccc2[nH]cc(C3=CC[C@H](NCCCCCCCN[C@H]4CC=C(c5c[nH]c6ccc(C(N)=O)cc56)CC4)CC3)c2c1,7.75
ZINC000028257906,NC(=O)c1ccc2[nH]cc(C3=CC[C@@H](NCCCCCCCN[C@@H]4CC=C(c5c[nH]c6ccc(C(N)=O)cc56)CC4)CC3)c2c1,7.75
ZINC000067665000,CN(C)CCC[C@@]1(c2ccc(F)cc2)OCc2cc(C(N)=O)ccc21,7.75
ZINC000067665001,CN(C)CCC[C@]1(c2ccc(F)cc2)OCc2cc(C(N)=O)ccc21,7.75
ZINC000072106408,Cc1c(Cl)cccc1N1CCN(CCCNC(=O)c2nc(-c3ccccc3)n(-c3ccccc3)c2C)CC1,7.75
ZINC000299824933,Fc1ccc(CN(CC2CNC2)c2ccccc2)cc1,7.75
ZINC000013581098,c1cnc2c(OCCNCCCc3c[nH]c4ccccc34)cccc2c1,7.74
ZINC000013761420,COc1cccc2c1CCC[C@H]2CN(C)CCc1ccc2c(c1)OCC2,7.74
ZINC000013761448,COc1cccc2c1CCC[C@H]2CN(C)CCc1ccc2cccnc2c1,7.74
ZINC000013806922,CN1CCc2ccc3c4c2[C@H]1Cc1cccc(c1-4)[C@@H]3N,7.74
ZINC000028090114,COc1ccc([C@@H]2CN3CCC[C@H]3c3ccccc32)cc1OC,7.74
ZINC000028090121,COc1ccc([C@H]2CN3CCC[C@H]3c3ccccc32)cc1OC,7.74
ZINC000028819393,CCN(CC)C(=O)[C@]1(c2ccc3ccccc3c2)C[C@@H]1CN,7.74
ZINC000028883635,CC(C)N1CCC(COc2cc3c(cn2)[C@H](c2ccc(Cl)c(Cl)c2)CNC3)CC1,7.74
ZINC000028883642,CC(C)N1CCC(COc2cc3c(cn2)[C@@H](c2ccc(Cl)c(Cl)c2)CNC3)CC1,7.74
ZINC000028892789,CN(C)CC[C@@H](Oc1ccc(OCCCN2CCCCC2)cc1)c1ccccc1,7.74
ZINC000028892795,CN(C)CC[C@H](Oc1ccc(OCCCN2CCCCC2)cc1)c1ccccc1,7.74
ZINC000029048213,CNCc1cnc(C)cc1Oc1ccc(C)cc1OC,7.74
ZINC000029129743,CNCc1ccccc1Oc1ccc(Cl)cc1C,7.74
ZINC000029236918,COc1ccc([C@@H]2CN3CCC[C@@H]3c3ccccc32)cc1OC,7.74
ZINC000034605354,NC[C@H]1CC[C@@H](CCc2cccc3ccccc23)O1,7.74
ZINC000034605356,NC[C@H]1CC[C@H](CCc2cccc3ccccc23)O1,7.74
ZINC000034605357,NC[C@@H]1CC[C@@H](CCc2cccc3ccccc23)O1,7.74
ZINC000034605359,NC[C@@H]1CC[C@H](CCc2cccc3ccccc23)O1,7.74
ZINC000036093209,CCCOc1ccccc1C[C@@H](c1ccccc1)N1CCNCC1,7.74
ZINC000036093210,CCCOc1ccccc1C[C@H](c1ccccc1)N1CCNCC1,7.74
ZINC000036428866,CN(C)C[C@H]1CCC[C@H]1c1ccc2[nH]cc(C#N)c2c1,7.74
ZINC000040829069,C#C[C@H]1[C@@H](c2ccc(Cl)cc2)C[C@@H]2CC[C@H]1N2C,7.74
ZINC000040901538,CNCC[C@@H]1CC[C@H](CCc2cc(F)ccc2OC)O1,7.74
ZINC000040901541,CNCC[C@H]1CC[C@H](CCc2cc(F)ccc2OC)O1,7.74
ZINC000040901544,CNCC[C@@H]1CC[C@@H](CCc2cc(F)ccc2OC)O1,7.74
ZINC000040901547,CNCC[C@H]1CC[C@@H](CCc2cc(F)ccc2OC)O1,7.74
ZINC000045358119,N#Cc1ccc2[nH]cc(CC[C@H]3C[C@@H](Cc4ccccc4)CCN3)c2c1,7.74
ZINC000049785226,CC(C)Oc1ccccc1C[C@@H](c1ccccc1)N1CCNCC1,7.74
ZINC000049785227,CC(C)Oc1ccccc1C[C@H](c1ccccc1)N1CCNCC1,7.74
ZINC000072104824,Cc1c(Cl)cccc1N1CCN(CCCNC(=O)c2nc(C)n(-c3ccccc3Cl)c2C)CC1,7.74
ZINC000072104859,CCCn1c(C)nc(C(=O)NCCCN2CCN(c3cccc(Cl)c3Cl)CC2)c1C,7.74
ZINC000095558223,Cc1ccc(Sc2ccccc2N2CCNCC2)cc1,7.74
ZINC000095607655,Fc1ccc2[nH]cc(C[C@@H]3CN4CCC3CC4)c2c1,7.74
ZINC000095607656,Fc1ccc2[nH]cc(C[C@H]3CN4CCC3CC4)c2c1,7.74
ZINC000096914802,CCC(=O)[C@@H](c1ccc(Cl)c(Cl)c1)C1CCNCC1,7.74
ZINC000096914803,CCC(=O)[C@H](c1ccc(Cl)c(Cl)c1)C1CCNCC1,7.74
ZINC000164720338,CN1Cc2cc(C#N)ccc2[C@H](c2ccc3sccc3c2)C1,7.74
ZINC000164720453,CN1Cc2cc(C#N)ccc2[C@@H](c2ccc3sccc3c2)C1,7.74
ZINC000195096024,O=C(OCCF)[C@H]1[C@@H](c2ccc(Br)cc2)C[C@H]2CC[C@H]1N2CCCF,7.74
ZINC000253837865,O=C(OCCF)[C@@H]1[C@@H](c2ccc(Br)cc2)C[C@H]2CC[C@H]1N2CCCF,7.74
ZINC000253837868,O=C(OCCF)[C@H]1[C@H](c2ccc(Br)cc2)C[C@H]2CC[C@H]1N2CCCF,7.74
ZINC000253837872,O=C(OCCF)[C@@H]1[C@H](c2ccc(Br)cc2)C[C@H]2CC[C@H]1N2CCCF,7.74
ZINC000000008665,CCOC(=O)C1(c2ccc(Cl)c(Cl)c2)CCN(C)CC1,7.73
ZINC000001999157,CCNCCc1c[nH]c2ccccc12,7.73
ZINC000036271651,COC(=O)[C@@H]1CN(C)CC[C@@H]1c1ccc(-c2ccco2)cc1,7.73
ZINC000103245978,CN(C)CCC[C@@]1(c2ccc(F)cc2)OCc2cc(-c3ccc([N+](=O)[O-])cc3)ccc21,7.73
ZINC000103245981,CN(C)CCC[C@]1(c2ccc(F)cc2)OCc2cc(-c3ccc([N+](=O)[O-])cc3)ccc21,7.73
ZINC000253975284,COC(=O)/C=C1/CN2[C@H]3CC[C@H]2[C@H]1[C@@H](c1ccc(Cl)cc1)C3,7.73
ZINC000253975288,COC(=O)/C=C1/CN2[C@H]3CC[C@H]2[C@H]1[C@H](c1ccc(Cl)cc1)C3,7.73
ZINC000000077277,NCCc1c[nH]c2ccc(Cl)cc12,7.72
ZINC000012336371,CN1CC=C(c2c[nH]c3ccc(C#N)cc23)CC1,7.72
ZINC000013588066,CNCC[C@@H](Oc1cccc2ccccc12)c1cccc(C(F)(F)F)c1,7.72
ZINC000013588067,CNCC[C@H](Oc1cccc2ccccc12)c1cccc(C(F)(F)F)c1,7.72
ZINC000013756665,CCC(=O)[C@H]1[C@@H](c2ccc(C)cc2)C[C@@H]2CC[C@H]1N2,7.72
ZINC000022930601,COc1ccc2c(c1)OC[C@@H]1C2=NO[C@H]1CN1CCN(C/C=C/c2ccccc2)CC1,7.72
ZINC000026496618,NC(=O)c1ccc2c(c1)CCO[C@@H]2CCN1CCN(c2c[nH]c3cc(F)ccc23)CC1,7.72
ZINC000026496622,NC(=O)c1ccc2c(c1)CCO[C@H]2CCN1CCN(c2c[nH]c3cc(F)ccc23)CC1,7.72
ZINC000026575821,CCC(=O)[C@@H]1[C@@H](c2ccc(C)cc2)C[C@@H]2CC[C@H]1N2,7.72
ZINC000026651980,COc1ccc2c(c1)OC[C@@H]1C2=NO[C@@H]1CN1CCN(C/C=C/c2ccccc2)CC1,7.72
ZINC000026651984,COc1ccc2c(c1)OC[C@H]1C2=NO[C@H]1CN1CCN(C/C=C/c2ccccc2)CC1,7.72
ZINC000026651989,COc1ccc2c(c1)OC[C@H]1C2=NO[C@@H]1CN1CCN(C/C=C/c2ccccc2)CC1,7.72
ZINC000026669121,NC(=O)c1ccc([C@@H]2CN3CCC[C@@H]3c3ccccc32)cc1,7.72
ZINC000028818186,COc1ccc([C@@H]2CN(C)Cc3cc(OCCCN4CCN(C(=O)c5ccncc5)CC4)ccc32)cc1,7.72
ZINC000028818189,COc1ccc([C@H]2CN(C)Cc3cc(OCCCN4CCN(C(=O)c5ccncc5)CC4)ccc32)cc1,7.72
ZINC000028819424,CN(C)[C@H]1CC=C(c2c[nH]c3ccc(Cl)cc23)CC1,7.72
ZINC000028819426,CN(C)[C@@H]1CC=C(c2c[nH]c3ccc(Cl)cc23)CC1,7.72
ZINC000028883566,CCN(CC)CCCOc1cc2c(cn1)[C@H](c1ccc(OC)cc1)CN(C)C2,7.72
ZINC000028883574,CCN(CC)CCCOc1cc2c(cn1)[C@@H](c1ccc(OC)cc1)CN(C)C2,7.72
ZINC000040974313,CN1[C@H]2CC[C@@H]1[C@@H](C#Cc1ccc(N)cc1)[C@@H](c1ccc(Cl)cc1)C2,7.72
ZINC000049034956,c1ccc([C@@H](Cc2ccccc2OC2CC2)N2CCNCC2)cc1,7.72
ZINC000049034958,c1ccc([C@H](Cc2ccccc2OC2CC2)N2CCNCC2)cc1,7.72
ZINC000049110619,c1ccc([C@@H](Cc2ccccc2OCC2CC2)N2CCNCC2)cc1,7.72
ZINC000049110621,c1ccc([C@H](Cc2ccccc2OCC2CC2)N2CCNCC2)cc1,7.72
ZINC000049112911,Fc1cccc(OC(F)F)c1C[C@H](c1ccccc1)N1CCNCC1,7.72
ZINC000049112912,Fc1cccc(OC(F)F)c1C[C@@H](c1ccccc1)N1CCNCC1,7.72
ZINC000058541506,Cc1cccc(N2CCN(CCCNC(=O)c3cc(-c4ccc(Cl)cc4)[nH]c3C)CC2)c1C,7.72
ZINC000066100520,NC[C@H]1Cc2ccccc2[C@@H](c2ccc(Cl)c(Cl)c2)C1,7.72
ZINC000066136521,CN(C)CC1(c2ccc(Cl)c(Cl)c2)CCCCC1,7.72
ZINC000072104857,Cc1cccc(N2CCN(C[C@H](O)CNC(=O)c3nc(-c4ccccc4)n(-c4ccccc4)c3C)CC2)c1C,7.72
ZINC000072104858,Cc1cccc(N2CCN(C[C@@H](O)CNC(=O)c3nc(-c4ccccc4)n(-c4ccccc4)c3C)CC2)c1C,7.72
ZINC000072106235,COc1ccccc1-n1c(C)nc(C(=O)NC[C@@H](O)CN2CCN(c3cccc(Cl)c3C)CC2)c1C,7.72
ZINC000072106236,COc1ccccc1-n1c(C)nc(C(=O)NC[C@H](O)CN2CCN(c3cccc(Cl)c3C)CC2)c1C,7.72
ZINC000100801364,Fc1ccc([C@H]2C[C@H]3CC[C@@H](N3)[C@H]2COc2ccc3c(c2)OCO3)cc1,7.72
ZINC000103244772,CN(CCC[C@@]1(c2ccc(F)cc2)OCc2cc(C#N)ccc21)Cc1ccc2c(c1)Cc1ccccc1-2,7.72
ZINC000103244775,CN(CCC[C@]1(c2ccc(F)cc2)OCc2cc(C#N)ccc21)Cc1ccc2c(c1)Cc1ccccc1-2,7.72
ZINC000103245908,CN(C)CCC[C@@]1(c2ccc(F)cc2)OCc2cc(CN3CCCCC3)ccc21,7.72
ZINC000103245910,CN(C)CCC[C@]1(c2ccc(F)cc2)OCc2cc(CN3CCCCC3)ccc21,7.72
ZINC000253635741,CCC(=O)[C@H]1[C@H]2CC[C@@H](C[C@H]1c1ccc(C)cc1)N2,7.72
ZINC000253635742,CCC(=O)[C@@H]1[C@H]2CC[C@@H](C[C@H]1c1ccc(C)cc1)N2,7.72
ZINC000013472757,CN(CCF)Cc1ccccc1Sc1ccc(I)cc1N,7.71
ZINC000013491128,O[C@@H](CCN1CCN(c2ccnc3ccccc23)CC1)c1csc2ccccc12,7.71
ZINC000013491129,O[C@H](CCN1CCN(c2ccnc3ccccc23)CC1)c1csc2ccccc12,7.71
ZINC000013530899,Clc1ccc([C@@H](Oc2ccccc2)C2CCNCC2)cc1,7.71
ZINC000013530902,Clc1ccc([C@H](Oc2ccccc2)C2CCNCC2)cc1,7.71
ZINC000013581108,c1ccc2c(CCCCNCCOc3cccc4[nH]ccc34)c[nH]c2c1,7.71
ZINC000013648559,COc1cc(CN[C@@H]2CO[C@H](C(c3ccccc3)c3ccccc3)C[C@H]2O)cc(OC)c1,7.71
ZINC000013761445,COc1cccc2c1CCC[C@H]2CN(C)CCc1ccc2[nH]c(=O)oc2c1,7.71
ZINC000027207862,COC(=O)[C@H]1[C@@H](OC(c2ccc(F)cc2)c2ccc(F)cc2)C[C@@H]2CC[C@H]1N2CCCc1ccccc1,7.71
ZINC000027207865,COC(=O)[C@@H]1[C@@H](OC(c2ccc(F)cc2)c2ccc(F)cc2)C[C@@H]2CC[C@H]1N2CCCc1ccccc1,7.71
ZINC000028459837,COc1cc(CN[C@@H]2CO[C@H](C(c3ccccc3)c3ccccc3)C[C@@H]2O)cc(OC)c1,7.71
ZINC000034051295,CNCc1cc(F)ccc1Oc1ccc(Cl)c(F)c1,7.71
ZINC000100645015,COC(=O)[C@@H]1[C@@H](c2ccc(C)cc2)C[C@H]2CC[C@H]1N2C,7.71
ZINC000100773450,COC(=O)[C@H]1[C@H](c2ccc(C)cc2)C[C@H]2CC[C@H]1N2C,7.71
ZINC000100911945,CCC(=O)[C@H]1[C@@H](c2cccc(I)c2)C[C@H]2CC[C@H]1N2C,7.71
ZINC000100911949,CCC(=O)[C@@H]1[C@@H](c2cccc(I)c2)C[C@H]2CC[C@H]1N2C,7.71
ZINC000101025875,COC(=O)[C@@H]1[C@H](c2ccc(C)cc2)C[C@H]2CC[C@H]1N2C,7.71
ZINC000103245960,CN(C)CCC[C@@]1(c2ccc(F)cc2)OCc2cc(CNCc3ccc4c(c3)CO[C@@]4(CCCN(C)C)c3ccc(F)cc3)ccc21,7.71
ZINC000103245963,CN(C)CCC[C@@]1(c2ccc(F)cc2)OCc2cc(CNCc3ccc4c(c3)CO[C@]4(CCCN(C)C)c3ccc(F)cc3)ccc21,7.71
ZINC000103245967,CN(C)CCC[C@]1(c2ccc(F)cc2)OCc2cc(CNCc3ccc4c(c3)CO[C@]4(CCCN(C)C)c3ccc(F)cc3)ccc21,7.71
ZINC000169345030,CN(C)CC[C@@H](Oc1ccc(NC(=O)Nc2ccc3ccn(C)c3c2)cc1)c1ccccc1,7.71
ZINC000169345031,CN(C)CC[C@H](Oc1ccc(NC(=O)Nc2ccc3ccn(C)c3c2)cc1)c1ccccc1,7.71
ZINC000253664141,CCC(=O)[C@H]1[C@H](c2cccc(I)c2)C[C@H]2CC[C@H]1N2C,7.71
ZINC000253664143,CCC(=O)[C@@H]1[C@H](c2cccc(I)c2)C[C@H]2CC[C@H]1N2C,7.71
ZINC000000005204,CN(C)Cc1ccccc1Sc1ccc(Cl)cc1,7.7
ZINC000000022439,Nc1c2c(nc3ccccc13)CCCc1ccccc1-2,7.7
ZINC000001489634,COc1ccccc1N1CCN(CC[C@@H](O)c2csc3ccccc23)CC1,7.7
ZINC000006094145,Oc1ccc2[nH]cc(CCC3CCNCC3)c2c1,7.7
ZINC000012356220,COc1ccccc1N1CCN(CC[C@H](O)c2csc3ccccc23)CC1,7.7
ZINC000013437339,O=C(COc1cc(F)cc(F)c1)N(Cc1cccc(Cl)c1)C1CCNCC1,7.7
ZINC000013581104,c1ccc2c(CCCNCCOc3cccc4[nH]ccc34)c[nH]c2c1,7.7
ZINC000013582464,Clc1ccc2[nH]cc(CCCCN3CCN(c4ccc5c(c4)OCCO5)CC3)c2c1,7.7
ZINC000028882963,Clc1ccc([C@@H]2CNCc3cc(OCCCN4CCCCC4)ncc32)cc1Cl,7.7
ZINC000028882967,Clc1ccc([C@H]2CNCc3cc(OCCCN4CCCCC4)ncc32)cc1Cl,7.7
ZINC000029344385,O=[N+]([O-])c1ccc(CN[C@H]2CC[C@@H](C(c3ccccc3)c3ccccc3)OC2)cc1,7.7
ZINC000040895738,c1ccc2cc(CO[C@@H]3CCNC3)ccc2c1,7.7
ZINC000040935799,CSc1ccc(Sc2ccc(S(N)(=O)=O)cc2CN(C)C)cc1,7.7
ZINC000040937371,O=C(NC1CCCCC1)c1ccc(F)c2c1C[C@@H](N(CCCc1c[nH]c3ccc(F)cc13)C1CCC1)CO2,7.7
ZINC000040937373,O=C(NC1CCCCC1)c1ccc(F)c2c1C[C@H](N(CCCc1c[nH]c3ccc(F)cc13)C1CCC1)CO2,7.7
ZINC000043066205,c1ccc(CN(c2ccc3[nH]ccc3c2)[C@@H]2CCNC2)cc1,7.7
ZINC000043066209,c1ccc(CN(c2ccc3[nH]ccc3c2)[C@H]2CCNC2)cc1,7.7
ZINC000045348147,O=C1NCc2ccc3c(c21)C[C@@H](NCCCCc1c[nH]c2ccc(F)cc12)CO3,7.7
ZINC000045348150,O=C1NCc2ccc3c(c21)C[C@H](NCCCCc1c[nH]c2ccc(F)cc12)CO3,7.7
ZINC000053243634,c1ccc([C@@H]2CNCCN2c2ccc3[nH]ncc3c2)cc1,7.7
ZINC000053243636,c1ccc([C@H]2CNCCN2c2ccc3[nH]ncc3c2)cc1,7.7
ZINC000066100518,CN(C)[C@H]1Cc2ccccc2[C@@H](c2ccc(Cl)c(Cl)c2)C1,7.7
ZINC000066259535,CN[C@@H]1CCN(c2ccc(Cl)c(Cl)c2)c2ccccc21,7.7
ZINC000066262040,CN[C@H]1CCN(c2ccc(Cl)c(Cl)c2)c2ccccc21,7.7
ZINC000072104722,CCCc1nc(C(=O)NC[C@H](O)CN2CCN(c3cccc(Cl)c3C)CC2)c(C)n1-c1ccc2c(c1)OCCO2,7.7
ZINC000072104723,CCCc1nc(C(=O)NC[C@@H](O)CN2CCN(c3cccc(Cl)c3C)CC2)c(C)n1-c1ccc2c(c1)OCCO2,7.7
ZINC000072106312,Cc1c(Cl)cccc1N1CCN(C[C@H](O)CNC(=O)c2nc(C)n(-c3ccc(F)cc3)c2C)CC1,7.7
ZINC000072106313,Cc1c(Cl)cccc1N1CCN(C[C@@H](O)CNC(=O)c2nc(C)n(-c3ccc(F)cc3)c2C)CC1,7.7
ZINC000095564203,Cc1ccc(Sc2ccc(C)cc2N2CCNCC2)cc1,7.7
ZINC000095587915,Fc1ccccc1O[C@H](c1ccccc1)[C@@H]1CCNC1,7.7
ZINC000096909807,O=C1C[C@@H](c2c[nH]c3ccccc23)C(=O)N1CCCCN1CC=C(c2c[nH]c3ccc(F)cc23)CC1,7.7
ZINC000100785999,C(=C/N1CCCNCC1)\Cc1ccccc1,7.7
ZINC000101034090,COC(=O)[C@@H]1[C@H](c2ccc(-c3cnc4ccccc4c3)cc2)C[C@H]2CC[C@H]1N2C,7.7
ZINC000101181590,N#Cc1ccc2[nH]cc([C@H]3CC[C@@H](N4CCN(c5cccc6cccnc56)CC4)CC3)c2c1,7.7
ZINC000103135093,O=C1C[C@H](c2c[nH]c3ccccc23)C(=O)N1CCCCN1CC=C(c2c[nH]c3ccc(F)cc23)CC1,7.7
ZINC000253639236,COC(=O)[C@H]1[C@H](c2ccc(-c3cnc4ccccc4c3)cc2)C[C@H]2CC[C@H]1N2C,7.7
ZINC000253639239,COC(=O)[C@H]1[C@@H](c2ccc(-c3cnc4ccccc4c3)cc2)C[C@H]2CC[C@H]1N2C,7.7
ZINC000253639241,COC(=O)[C@@H]1[C@@H](c2ccc(-c3cnc4ccccc4c3)cc2)C[C@H]2CC[C@H]1N2C,7.7
ZINC000253706388,COC(=O)[C@H]1[C@H]2C[C@H]3CC[C@H]1N3C/C2=C\c1ccc(Cl)c(Cl)c1,7.7
ZINC000253706391,COC(=O)[C@@H]1[C@H]2C[C@H]3CC[C@H]1N3C/C2=C\c1ccc(Cl)c(Cl)c1,7.7
ZINC000253731456,CN1[C@H]2CC[C@H]1[C@@H](C(=O)OCCCCCn1ccnn1)[C@@H](c1ccc(Cl)cc1)C2,7.7
ZINC000013530872,Ic1ccc(O[C@H](c2ccccc2)C2CCNCC2)cc1,7.69
ZINC000013530875,Ic1ccc(O[C@@H](c2ccccc2)C2CCNCC2)cc1,7.69
ZINC000013586313,COC(=O)[C@H]1[C@H](c2ccc(Br)cc2)C[C@@H]2CC[C@H]1N2C,7.69
ZINC000013587207,COc1cccc2sc([C@@H]3CCN(C[C@H](O)COc4cccc5[nH]c(C)cc45)C(C)(C)C3)cc12,7.69
ZINC000013587208,COc1cccc2sc([C@H]3CCN(C[C@H](O)COc4cccc5[nH]c(C)cc45)C(C)(C)C3)cc12,7.69
ZINC000013761389,COc1cccc2c1CCC[C@@H]2CN(C)CCc1ccc2c(c1)OCO2,7.69
ZINC000013761423,COc1cccc2c1CCC[C@H]2CN(C)CCc1ccc2c(c1)CCC2,7.69
ZINC000036248233,NC(=O)c1ccc(F)c2c1C[C@@H](NCCCc1c[nH]c3ccc(F)cc13)CO2,7.69
ZINC000072104631,Cc1cccc(N2CCN(CCCNC(=O)c3nc(-c4ccccc4)n(-c4ccccc4)c3C)CC2)c1C,7.69
ZINC000100754872,COC(=O)[C@@H]1[C@H](c2cccc(Br)c2)C[C@H]2CC[C@H]1N2C,7.69
ZINC000100945986,COC(=O)[C@H]1[C@@H](c2cccc(Br)c2)C[C@H]2CC[C@H]1N2C,7.69
ZINC000253638167,COC(=O)[C@H]1[C@H](c2cccc(Br)c2)C[C@H]2CC[C@H]1N2C,7.69
ZINC000253638170,COC(=O)[C@@H]1[C@@H](c2cccc(Br)c2)C[C@H]2CC[C@H]1N2C,7.69
ZINC000254120102,CN1[C@H]2CC[C@H]1[C@@H](CNc1cccc(F)n1)[C@@H](c1ccc(Cl)cc1)C2,7.69
ZINC000299823232,c1ccc(CN(Cc2ccc3ccccc3c2)C2CNC2)cc1,7.69
ZINC000003785748,COC(=O)[C@H]1[C@@H](c2ccc(Cl)cc2)C[C@@H]2CC[C@H]1N2C,7.68
ZINC000013530741,COc1ccc(O[C@H](c2ccc(F)cc2)[C@@H]2CCCNC2)cc1,7.68
ZINC000013530744,COc1ccc(O[C@@H](c2ccc(F)cc2)[C@@H]2CCCNC2)cc1,7.68
ZINC000013530746,COc1ccc(O[C@H](c2ccc(F)cc2)[C@H]2CCCNC2)cc1,7.68
ZINC000013530749,COc1ccc(O[C@@H](c2ccc(F)cc2)[C@H]2CCCNC2)cc1,7.68
ZINC000013610051,CCOC(=O)C1(c2ccc(I)cc2)CCN(C)CC1,7.68
ZINC000013648556,COc1ccc(CN[C@@H]2CO[C@H](C(c3ccccc3)c3ccccc3)C[C@H]2O)c(OC)c1,7.68
ZINC000013677515,CN1CC[C@H](c2ccc(Cl)cc2)[C@H](CSCC(N)=O)C1,7.68
ZINC000013985202,CNC[C@@H](O)[C@H](c1cccc(F)c1)N1CCc2ccccc21,7.68
ZINC000028468399,COc1ccc(CN[C@@H]2CO[C@H](C(c3ccccc3)c3ccccc3)C[C@@H]2O)c(OC)c1,7.68
ZINC000028571213,CC(C)N1C[C@@H](CNCCc2c[nH]c3ccc(F)cc23)Oc2ccccc21,7.68
ZINC000028571214,CC(C)N1C[C@H](CNCCc2c[nH]c3ccc(F)cc23)Oc2ccccc21,7.68
ZINC000028886019,Oc1ccccc1[C@@H]1CN2CCC[C@@H]2c2cc(OCCCN3CCCCC3)ccc21,7.68
ZINC000028886024,Oc1ccccc1[C@H]1CN2CCC[C@@H]2c2cc(OCCCN3CCCCC3)ccc21,7.68
ZINC000028948830,FC(F)(F)c1ccccc1CN(C1CCOCC1)[C@H]1CCNC1,7.68
ZINC000029484374,CN[C@@H]1C[C@@H](c2ccc(F)cc2)c2ccccc21,7.68
ZINC000029484376,CN[C@H]1C[C@@H](c2ccc(F)cc2)c2ccccc21,7.68
ZINC000029484379,CN[C@@H]1C[C@H](c2ccc(F)cc2)c2ccccc21,7.68
ZINC000029484382,CN[C@H]1C[C@H](c2ccc(F)cc2)c2ccccc21,7.68
ZINC000036425207,NC(=O)c1ccc(F)c2c1C[C@@H](NC[C@H]1CCc3[nH]c4ccc(F)cc4c3C1)CO2,7.68
ZINC000036425208,NC(=O)c1ccc(F)c2c1C[C@@H](NC[C@@H]1CCc3[nH]c4ccc(F)cc4c3C1)CO2,7.68
ZINC000040380740,COc1ccc(CC(C)(C)NC[C@H](O)COc2ccccc2C#N)cc1,7.68
ZINC000040380741,COc1ccc(CC(C)(C)NC[C@@H](O)COc2ccccc2C#N)cc1,7.68
ZINC000040980650,CCc1cc(Oc2cc(Cl)ccc2CNC)ccc1Cl,7.68
ZINC000045254393,O=C1Cc2c(ccc3c2OC[C@H](CNCC[C@H]2CCc4[nH]c5ccc(F)cc5c4C2)O3)N1,7.68
ZINC000045254395,O=C1Cc2c(ccc3c2OC[C@H](CNCC[C@@H]2CCc4[nH]c5ccc(F)cc5c4C2)O3)N1,7.68
ZINC000049033758,Cc1cccc(N2CCN(CCCCNC(=O)c3cc(-c4ccccc4)[nH]c3C)CC2)c1C,7.68
ZINC000049036225,Fc1ccccc1[C@H](Cc1ccccc1OC(F)(F)F)N1CCNCC1,7.68
ZINC000049036227,Fc1ccccc1[C@@H](Cc1ccccc1OC(F)(F)F)N1CCNCC1,7.68
ZINC000058509446,Oc1ccccc1[C@H]1CN2CCC[C@H]2c2cc(OCCCN3CCCCC3)ccc21,7.68
ZINC000096914800,CC(=O)[C@@H](c1ccc(Cl)c(Cl)c1)C1CCNCC1,7.68
ZINC000096914801,CC(=O)[C@H](c1ccc(Cl)c(Cl)c1)C1CCNCC1,7.68
ZINC000100647786,COC(=O)[C@H]1[C@@H](c2ccccc2)C[C@H]2CC[C@H]1N2C,7.68
ZINC000100741885,CCC(=O)[C@H]1[C@@H](c2cccc3ccccc23)C[C@H]2CC[C@H]1N2C,7.68
ZINC000100741887,CCC(=O)[C@@H]1[C@@H](c2cccc3ccccc23)C[C@H]2CC[C@H]1N2C,7.68
ZINC000100806718,Fc1ccc2[nH]cc([C@@H]3CC[C@@H](NCc4ccccc4)CC3)c2c1,7.68
ZINC000103245796,CN(C)CCC[C@@]1(c2ccc(F)cc2)OCc2cc(/C=C/Cc3ccccc3)ccc21,7.68
ZINC000103245800,CN(C)CCC[C@]1(c2ccc(F)cc2)OCc2cc(/C=C/Cc3ccccc3)ccc21,7.68
ZINC000253635383,COC(=O)[C@H]1[C@H]2C[C@H]3CC[C@H]1N3C/C2=C\c1ccc2ccccc2c1,7.68
ZINC000253635386,COC(=O)[C@@H]1[C@H]2C[C@H]3CC[C@H]1N3C/C2=C\c1ccc2ccccc2c1,7.68
ZINC000253660089,Oc1ccccc1[C@@H]1CN2CCC[C@H]2c2cc(OCCCN3CCCCC3)ccc21,7.68
ZINC000253693094,CCC(=O)[C@H]1[C@H](c2cccc3ccccc23)C[C@H]2CC[C@H]1N2C,7.68
ZINC000253693098,CCC(=O)[C@@H]1[C@H](c2cccc3ccccc23)C[C@H]2CC[C@H]1N2C,7.68
ZINC000299855324,COc1ccccc1-c1c(=O)n(CCCCN2CC=C(c3c[nH]c4ccc(F)cc34)CC2)c(=O)n2ccccc12,7.68
ZINC000299858031,COc1ccccc1-c1c(=O)n(CCCCN2CCC(c3c[nH]c4ccc(F)cc34)CC2)c(=O)n2ccccc12,7.68
ZINC000013491152,O[C@@H](CCN1CCN(c2cccc3c2OCCCO3)CC1)c1csc2ccc(F)cc12,7.67
ZINC000013491153,O[C@H](CCN1CCN(c2cccc3c2OCCCO3)CC1)c1csc2ccc(F)cc12,7.67
ZINC000013530787,Fc1ccc([C@@H](Oc2cccc3ccccc23)[C@@H]2CCCNC2)cc1,7.67
ZINC000013530790,Fc1ccc([C@H](Oc2cccc3ccccc23)[C@@H]2CCCNC2)cc1,7.67
ZINC000013530793,Fc1ccc([C@@H](Oc2cccc3ccccc23)[C@H]2CCCNC2)cc1,7.67
ZINC000013530796,Fc1ccc([C@H](Oc2cccc3ccccc23)[C@H]2CCCNC2)cc1,7.67
ZINC000013531035,Oc1ccc(O[C@H](c2ccccc2)C2CCNCC2)cc1F,7.67
ZINC000013531038,Oc1ccc(O[C@@H](c2ccccc2)C2CCNCC2)cc1F,7.67
ZINC000064560550,CCOC(=O)C1(c2ccc(Cl)c(Cl)c2)CCNCC1,7.67
ZINC000072104630,Cc1cccc(N2CCN(CCCNC(=O)c3nc(C)n(-c4ccc(F)cc4)c3C)CC2)c1C,7.67
ZINC000072105997,COc1ccc(-n2c(C)nc(C(=O)NC[C@@H](O)CN3CCN(c4cccc(C)c4C)CC3)c2C)cc1,7.67
ZINC000072105998,COc1ccc(-n2c(C)nc(C(=O)NC[C@H](O)CN3CCN(c4cccc(C)c4C)CC3)c2C)cc1,7.67
ZINC000100921485,COC(=O)[C@@H]1[C@@H](c2ccc(CCc3ccccc3)cc2)C[C@H]2CC[C@H]1N2C,7.67
ZINC000100921487,COC(=O)[C@H]1[C@@H](c2ccc(CCc3ccccc3)cc2)C[C@H]2CC[C@H]1N2C,7.67
ZINC000000001148,CN(C)CC/C=C1/c2ccccc2COc2ccccc21,7.66
ZINC000000001331,CN(C)CC/C=C1\c2ccccc2COc2ccccc21,7.66
ZINC000000404450,C[C@H](N)Cc1c[nH]c2ccccc12,7.66
ZINC000000404451,C[C@@H](N)Cc1c[nH]c2ccccc12,7.66
ZINC000006177287,CSc1ccc(Sc2ccccc2CN(C)C)cc1,7.66
ZINC000013677501,CN1CC[C@@H](c2ccc(Cl)cc2)[C@@H](CSCC(=O)NCc2ccccc2)C1,7.66
ZINC000013683676,O[C@@H](CCN1CCC(CCOC(c2ccc(F)cc2)c2ccc(F)cc2)CC1)c1ccccc1,7.66
ZINC000013826851,CN(CCN1CCC(Cc2c[nH]c3ccc(F)cc23)CC1)S(=O)(=O)c1ccc2ccccc2c1,7.66
ZINC000028883000,CN1Cc2cc(OCCCN3CCCCC3)ncc2[C@H](c2ccc(Cl)cc2)C1,7.66
ZINC000028883006,CN1Cc2cc(OCCCN3CCCCC3)ncc2[C@@H](c2ccc(Cl)cc2)C1,7.66
ZINC000028885818,FC(F)(F)c1cccc([C@@H]2CN3CCC[C@@H]3c3cc(OCCCN4CCCCC4)ccc32)c1,7.66
ZINC000028885825,FC(F)(F)c1cccc([C@H]2CN3CCC[C@@H]3c3cc(OCCCN4CCCCC4)ccc32)c1,7.66
ZINC000028893163,CN1Cc2cc(OCCCN3CCC(F)CC3)ccc2[C@H](c2ccc(S(C)(=O)=O)cc2)C1,7.66
ZINC000028893169,CN1Cc2cc(OCCCN3CCC(F)CC3)ccc2[C@@H](c2ccc(S(C)(=O)=O)cc2)C1,7.66
ZINC000029129740,CNCc1ccccc1Oc1ccc(OC)cc1Cl,7.66
ZINC000034281160,CNCc1cc(C(F)(F)F)ccc1Oc1ccc(Cl)c(Cl)c1,7.66
ZINC000038923028,N#Cc1ccc2[nH]cc([C@H]3CCC[C@@H]3CN3CCCC3)c2c1,7.66
ZINC000040866668,CN(C)C(=O)c1cc2cc([C@]3(Cc4ccccc4)CCNC3)ccc2[nH]1,7.66
ZINC000040866670,CN(C)C(=O)c1cc2cc([C@@]3(Cc4ccccc4)CCNC3)ccc2[nH]1,7.66
ZINC000040879749,CNC[C@@H](O)[C@H](c1ccccc1)N(C)c1ccc(Cl)cc1,7.66
ZINC000045255093,O=c1[nH]c2cccc(N3CCN(C[C@@H]4CCc5[nH]c6ccc(F)cc6c5C4)CC3)c2o1,7.66
ZINC000045255095,O=c1[nH]c2cccc(N3CCN(C[C@H]4CCc5[nH]c6ccc(F)cc6c5C4)CC3)c2o1,7.66
ZINC000058509645,FC(F)(F)c1cccc([C@@H]2CN3CCC[C@H]3c3cc(OCCCN4CCCCC4)ccc32)c1,7.66
ZINC000058568468,Cc1c(C(=O)NCCCN2CCN(c3cccc4cccnc34)CC2)cc(-c2ccccc2)n1C,7.66
ZINC000058569115,CN(C)CCC[C@@]1(c2ccc(F)cc2)OCc2cc(-c3cccc(F)c3)ccc21,7.66
ZINC000062224804,CN(C)CCC[C@]1(c2ccc(F)cc2)OCc2cc(-c3cccc(F)c3)ccc21,7.66
ZINC000100742402,CC(C)OC(=O)[C@H]1[C@@H](c2ccc(I)cc2)C[C@H]2CC[C@H]1N2CCF,7.66
ZINC000100761462,CC(C)OC(=O)[C@@H]1[C@@H](c2ccc(I)cc2)C[C@H]2CC[C@H]1N2CCF,7.66
ZINC000100805239,N#Cc1ccc2[nH]cc([C@@H]3CC[C@@H](N4CCCCC4)CC3)c2c1,7.66
ZINC000100812576,CCC[C@H]1[C@@H](c2ccc(F)cc2)C[C@H]2CC[C@H]1N2C,7.66
ZINC000141628569,FC(F)(F)c1cccc([C@H]2CN3CCC[C@H]3c3cc(OCCCN4CCCCC4)ccc32)c1,7.66
ZINC000169324104,CCC[C@H]1[C@H](c2ccc(F)cc2)C[C@H]2CC[C@H]1N2C,7.66
ZINC000253686075,CC(C)OC(=O)[C@H]1[C@H](c2ccc(I)cc2)C[C@H]2CC[C@H]1N2CCF,7.66
ZINC000253686082,CC(C)OC(=O)[C@@H]1[C@H](c2ccc(I)cc2)C[C@H]2CC[C@H]1N2CCF,7.66
ZINC000253690407,CC(=O)OC[C@@H]1[C@H]2C[C@H]3CC[C@H]1N3C/C2=C\c1ccc(I)cc1,7.66
ZINC000253690412,CC(=O)OC[C@H]1[C@H]2C[C@H]3CC[C@H]1N3C/C2=C\c1ccc(I)cc1,7.66
ZINC000001995685,CNCCc1c[nH]c2ccccc12,7.65
ZINC000013530729,Cc1ccc(O[C@H](c2ccc(F)cc2)[C@@H]2CCCNC2)cc1,7.65
ZINC000013530732,Cc1ccc(O[C@@H](c2ccc(F)cc2)[C@@H]2CCCNC2)cc1,7.65
ZINC000013530735,Cc1ccc(O[C@H](c2ccc(F)cc2)[C@H]2CCCNC2)cc1,7.65
ZINC000013530738,Cc1ccc(O[C@@H](c2ccc(F)cc2)[C@H]2CCCNC2)cc1,7.65
ZINC000013761437,COc1cccc2c1CCC[C@H]2CN(C)CCc1ccc2c(c1)CC(=O)N2,7.65
ZINC000013916885,CCCN1C[C@H](CN2CC=C(c3c[nH]c4ccc(F)cc34)CC2)Oc2c(OC)cccc21,7.65
ZINC000053173484,CCCN1C[C@@H](CN2CC=C(c3c[nH]c4ccc(F)cc34)CC2)Oc2c(OC)cccc21,7.65
ZINC000169345081,COc1ccc(C(=O)Nc2ccc(O[C@@H](CCN(C)C)c3ccccc3)cc2)cc1C(F)(F)F,7.65
ZINC000169345082,COc1ccc(C(=O)Nc2ccc(O[C@H](CCN(C)C)c3ccccc3)cc2)cc1C(F)(F)F,7.65
ZINC000013677524,CN1CC[C@H](c2ccc(Cl)cc2)[C@H](CSCC(=O)NCc2ccccc2)C1,7.64
ZINC000013760493,C=C[C@H](N)[C@@H]1C[C@@]1(C(=O)N(CC)CC)c1ccccc1,7.64
ZINC000027547168,C=C[C@@H](N)[C@@H]1C[C@@]1(C(=O)N(CC)CC)c1ccccc1,7.64
ZINC000028008542,FC(F)(F)c1cccc([C@H]2CN3CCC[C@H]3c3ccccc32)c1,7.64
ZINC000028351254,O=c1[nH]c2cc3c(cc2c2c1[C@@H](N1CCN(Cc4ccccc4I)CC1)CCC2)OCO3,7.64
ZINC000028572031,CCCN1C[C@@H](CNCCc2c[nH]c3ccccc23)Oc2ccccc21,7.64
ZINC000028572032,CCCN1C[C@H](CNCCc2c[nH]c3ccccc23)Oc2ccccc21,7.64
ZINC000028883649,CC(C)N1CCC(COc2cc3c(cn2)[C@H](c2ccc(Cl)c(Cl)c2)CN(C)C3)CC1,7.64
ZINC000028883656,CC(C)N1CCC(COc2cc3c(cn2)[C@@H](c2ccc(Cl)c(Cl)c2)CN(C)C3)CC1,7.64
ZINC000029046202,CNCc1cnccc1Oc1ccc(Cl)cc1Br,7.64
ZINC000029229441,Cc1ccccc1[C@@H]1CN2CCC[C@@H]2c2ccccc21,7.64
ZINC000034040629,CN[C@@H](C)c1ccccc1Oc1ccc(Cl)c(Cl)c1,7.64
ZINC000034040630,CN[C@H](C)c1ccccc1Oc1ccc(Cl)c(Cl)c1,7.64
ZINC000036093257,c1ccc(CC[C@@H](Cc2ccccc2)N2CCNCC2)cc1,7.64
ZINC000036093258,c1ccc(CC[C@H](Cc2ccccc2)N2CCNCC2)cc1,7.64
ZINC000036093333,c1ccc(CC[C@@H](c2ccccc2)N2CCNCC2)cc1,7.64
ZINC000036093334,c1ccc(CC[C@H](c2ccccc2)N2CCNCC2)cc1,7.64
ZINC000040393410,c1ccc(C[C@]2(c3c[nH]c4ccccc34)CCNC2)cc1,7.64
ZINC000040393411,c1ccc(C[C@@]2(c3c[nH]c4ccccc34)CCNC2)cc1,7.64
ZINC000040834760,c1ccc2cc(CO[C@H]3CCNC3)ccc2c1,7.64
ZINC000045303088,COC(=O)[C@H]1[C@@H](c2ccc(SC(C)C)cc2)C[C@@H]2CC[C@H]1N2C,7.64
ZINC000058568362,Cc1c(C(=O)NCCCN2CCN(c3ccc(Cl)cc3Cl)CC2)cc(-c2ccccc2)n1C,7.64
ZINC000066100526,CNC[C@@H]1Cc2ccccc2[C@H](c2ccc(Cl)c(Cl)c2)C1,7.64
ZINC000095586388,CN1CCC(COCc2cc(C(F)(F)F)cc(Cl)n2)(c2ccc(Cl)cc2)CC1,7.64
ZINC000096924133,CN1CC(OCc2ccccc2)(c2ccc(Cl)c(Cl)c2)C1,7.64
ZINC000100974845,COC(=O)[C@@H]1[C@H](c2ccc(OC)c(OC)c2)C[C@H]2CC[C@H]1N2C,7.64
ZINC000103245880,CN(CCC[C@@]1(c2ccc(F)cc2)OCc2cc(C#N)ccc21)Cc1csc2ccccc12,7.64
ZINC000103245882,CN(CCC[C@]1(c2ccc(F)cc2)OCc2cc(C#N)ccc21)Cc1csc2ccccc12,7.64
ZINC000103245929,CN(C)CCC[C@@]1(c2ccc(F)cc2)OCc2cc(CN3CCN(c4cccc(Cl)c4Cl)CC3)ccc21,7.64
ZINC000103245932,CN(C)CCC[C@]1(c2ccc(F)cc2)OCc2cc(CN3CCN(c4cccc(Cl)c4Cl)CC3)ccc21,7.64
ZINC000253688914,COC(=O)[C@H]1[C@H](c2ccc(OC)c(OC)c2)C[C@H]2CC[C@H]1N2C,7.64
ZINC000253688922,COC(=O)[C@@H]1[C@@H](c2ccc(OC)c(OC)c2)C[C@H]2CC[C@H]1N2C,7.64
ZINC000253688928,COC(=O)[C@H]1[C@@H](c2ccc(OC)c(OC)c2)C[C@H]2CC[C@H]1N2C,7.64
ZINC000299827025,Cc1ccc(N(Cc2ccc3ccccc3c2)C2CNC2)cc1,7.64
ZINC000299839030,Cc1cccc(O[C@H](CC2CNC2)c2ccc(Cl)c(F)c2)c1,7.64
ZINC000299839031,Cc1cccc(O[C@@H](CC2CNC2)c2ccc(Cl)c(F)c2)c1,7.64
ZINC000000112537,Cc1cccc2c(CCN)c[nH]c12,7.63
ZINC000000139367,CC[C@H](N)Cc1c[nH]c2ccccc12,7.63
ZINC000000139370,CC[C@@H](N)Cc1c[nH]c2ccccc12,7.63
ZINC000013530694,Fc1ccc(O[C@H](c2ccc(F)cc2)[C@@H]2CCCNC2)cc1,7.63
ZINC000013530697,Fc1ccc(O[C@@H](c2ccc(F)cc2)[C@@H]2CCCNC2)cc1,7.63
ZINC000013530700,Fc1ccc(O[C@H](c2ccc(F)cc2)[C@H]2CCCNC2)cc1,7.63
ZINC000013530703,Fc1ccc(O[C@@H](c2ccc(F)cc2)[C@H]2CCCNC2)cc1,7.63
ZINC000013581090,COc1ccc(F)cc1OCCNCCc1c[nH]c2ccc(F)cc12,7.63
ZINC000013979267,CCCN(CCCc1c[nH]c2ccc(F)cc12)[C@H]1COc2cccc(C(N)=O)c2C1,7.63
ZINC000101030948,Fc1ccc2[nH]cc([C@@H]3CC[C@@H](NC[C@@H]4COc5ccccc5O4)CC3)c2c1,7.63
ZINC000101030950,Fc1ccc2[nH]cc([C@@H]3CC[C@@H](NC[C@H]4COc5ccccc5O4)CC3)c2c1,7.63
ZINC000103245954,CN(C)CCC[C@@]1(c2ccc(F)cc2)OCc2cc(CNCc3ccc4c(c3)Cc3ccccc3-4)ccc21,7.63
ZINC000103245957,CN(C)CCC[C@]1(c2ccc(F)cc2)OCc2cc(CNCc3ccc4c(c3)Cc3ccccc3-4)ccc21,7.63
ZINC000000594937,O[C@@H](CCN1CCN(c2cccc3cccnc23)CC1)c1csc2ccccc12,7.62
ZINC000003924214,CN[C@H]1CC[C@@H](c2ccc(Cl)c(Cl)c2)c2cc(C(N)=O)c(NS(C)(=O)=O)cc21,7.62
ZINC000013490085,Cc1c(C2CCN(C[C@H](O)COc3cccc4[nH]ccc34)CC2)sc2ccccc12,7.62
ZINC000013491134,O[C@H](CCN1CCN(c2cccc3cccnc23)CC1)c1csc2ccccc12,7.62
ZINC000013644778,COC(=O)[C@@H]1[C@H]2CC[C@@H](C[C@H]1c1ccc(C)c(F)c1)N2,7.62
ZINC000028521662,COC(=O)[C@H]1[C@@H](c2ccc(C)c(F)c2)C[C@@H]2CC[C@H]1N2,7.62
ZINC000028521665,COC(=O)[C@@H]1[C@@H](c2ccc(C)c(F)c2)C[C@@H]2CC[C@H]1N2,7.62
ZINC000028571896,CC(C)N1C[C@@H](CNCCCc2c[nH]c3ccccc23)Oc2ccccc21,7.62
ZINC000028571897,CC(C)N1C[C@H](CNCCCc2c[nH]c3ccccc23)Oc2ccccc21,7.62
ZINC000028948827,Fc1cccc(CN(C2CCOCC2)[C@H]2CCNC2)c1C(F)(F)F,7.62
ZINC000029048211,CCOc1cc(Cl)ccc1Oc1ccncc1CNC,7.62
ZINC000035837501,NC[C@H]1CC[C@@H](c2cccc3ccccc23)O1,7.62
ZINC000035837502,NC[C@H]1CC[C@H](c2cccc3ccccc23)O1,7.62
ZINC000035837503,NC[C@@H]1CC[C@@H](c2cccc3ccccc23)O1,7.62
ZINC000035837504,NC[C@@H]1CC[C@H](c2cccc3ccccc23)O1,7.62
ZINC000040918657,CC(C)C(=O)N(Cc1ccc(C(F)(F)F)cc1F)[C@H]1CCNC1,7.62
ZINC000043104624,CN1Cc2ccccc2[C@H](c2ccc3occc3c2)C1,7.62
ZINC000043104627,CN1Cc2ccccc2[C@@H](c2ccc3occc3c2)C1,7.62
ZINC000070631582,COc1ccc([C@@H](C)N[C@@H]2CC[C@@H](C(=O)N3CCC(c4ccccc4)(N4CCCNC4=O)CC3)C(C)(C)C2)cc1,7.62
ZINC000072106703,COc1ccc(-n2c(C)nc(C(=O)NC[C@@H](O)CN3CCN(c4cccc(Cl)c4C)CC3)c2C)cc1,7.62
ZINC000072106704,COc1ccc(-n2c(C)nc(C(=O)NC[C@H](O)CN3CCN(c4cccc(Cl)c4C)CC3)c2C)cc1,7.62
ZINC000100949796,COC(=O)[C@@H]1[C@@H](c2ccc(C)c(F)c2)C[C@H]2CC[C@H]1N2,7.62
ZINC000100949804,COC(=O)[C@H]1[C@@H](c2ccc(C)c(F)c2)C[C@H]2CC[C@H]1N2,7.62
ZINC000253738263,COC(=O)[C@H]1[C@H]2CC[C@@H](C[C@H]1c1ccc(C)c(F)c1)N2,7.62
ZINC000003794812,COc1cccc2c1CCC[C@H]2CN(C)CCc1ccc2c(c1)CCS2,7.61
ZINC000028885715,N#Cc1ccc([C@@H]2CN3CCC[C@@H]3c3cc(OCCCN4CCCCC4)ccc32)cc1,7.61
ZINC000028885722,N#Cc1ccc([C@H]2CN3CCC[C@@H]3c3cc(OCCCN4CCCCC4)ccc32)cc1,7.61
ZINC000028903570,c1cc([C@@H]2CN3CCC[C@@H]3c3cc(OCCCN4CCOCC4)ccc32)n[nH]1,7.61
ZINC000029234152,Oc1cccc([C@@H]2CN3CCC[C@@H]3c3ccccc32)c1,7.61
ZINC000058692358,N#Cc1ccc([C@@H]2CN3CCC[C@H]3c3cc(OCCCN4CCCCC4)ccc32)cc1,7.61
ZINC000141623946,N#Cc1ccc([C@H]2CN3CCC[C@H]3c3cc(OCCCN4CCCCC4)ccc32)cc1,7.61
ZINC000013437288,Fc1ccc(CN(CCCc2cc(C(F)(F)F)cc(C(F)(F)F)c2)C2CCNCC2)cc1,7.6
ZINC000013437323,O=C(COc1cc(F)cc(F)c1)N(c1ccc(Cl)c(Cl)c1)C1CCNCC1,7.6
ZINC000013437335,Cc1cc(C)cc(OCC(=O)N(Cc2cccc(Cl)c2)C2CCNCC2)c1,7.6
ZINC000013487265,O=C1c2ccccc2C(=O)N1CCCN1CC=C(c2c[nH]c3ccc(F)cc23)CC1,7.6
ZINC000013781111,FC(F)(F)c1cc(COC[C@@]2(c3ccccc3)CCCNC2)cc(C(F)(F)F)c1,7.6
ZINC000013781112,FC(F)(F)c1cc(COC[C@]2(c3ccccc3)CCCNC2)cc(C(F)(F)F)c1,7.6
ZINC000013826819,O=S1(=O)c2cccc3cccc(c23)N1CCCN1CC=C(c2c[nH]c3ccc(O)cc23)CC1,7.6
ZINC000014632433,c1ccc2cc(OC[C@@H]3CCNC3)ccc2c1,7.6
ZINC000014632434,c1ccc2cc(OC[C@H]3CCNC3)ccc2c1,7.6
ZINC000022941699,Brc1cc(I)cc(COC[C@H](c2ccccc2)N2CCNCC2)c1,7.6
ZINC000022941702,Brc1cc(I)cc(COC[C@@H](c2ccccc2)N2CCNCC2)c1,7.6
ZINC000028571559,CNC(=O)c1ccc2c(c1)[C@H](c1ccc(Cl)c(Cl)c1)CC[C@@H]2NC,7.6
ZINC000028571929,CN[C@H]1CC[C@H](c2ccc(Cl)c(Cl)c2)c2ccc(S(N)(=O)=O)cc21,7.6
ZINC000028818157,COc1ccc([C@@H]2CN(C)Cc3cc(OCCCN4CCN(c5ccc(C(F)(F)F)cc5)CC4)ccc32)cc1,7.6
ZINC000028818159,COc1ccc([C@H]2CN(C)Cc3cc(OCCCN4CCN(c5ccc(C(F)(F)F)cc5)CC4)ccc32)cc1,7.6
ZINC000028957544,NCCCCCCCCCCCN1CCC(c2c[nH]c3ccccc23)CC1,7.6
ZINC000028960069,CN(C)C[C@@H]1C[C@@H]1c1csc2ccccc12,7.6
ZINC000028960073,CN(C)C[C@H]1C[C@@H]1c1csc2ccccc12,7.6
ZINC000028960077,CN(C)C[C@@H]1C[C@H]1c1csc2ccccc12,7.6
ZINC000028960081,CN(C)C[C@H]1C[C@H]1c1csc2ccccc12,7.6
ZINC000029046763,C#CCN(CC#C)C(=O)[C@@]1(c2ccc3c(c2)OCCO3)C[C@H]1CN,7.6
ZINC000029128462,COc1cccc([C@@]2(OCC3CC3)CCCC[C@@H]2CN(C)C)c1,7.6
ZINC000029128517,CCCO[C@]1(c2cccc(OC)c2)CCCC[C@@H]1CN(C)C,7.6
ZINC000029389947,CN1CC[C@H](c2ccc(Cl)cc2)[C@@H](C(=O)OCCCCCOC(=O)[C@H]2CN(C)CC[C@@H]2c2ccc(Cl)cc2)C1,7.6
ZINC000034105721,Cc1ccc2c(N3CCN(CCCc4ccc5c(c4)NC(=O)CO5)CC3)cccc2n1,7.6
ZINC000034184513,COc1cccc(C[C@@H](c2ccccc2)N2CCNCC2)c1,7.6
ZINC000034184514,COc1cccc(C[C@H](c2ccccc2)N2CCNCC2)c1,7.6
ZINC000034658025,Cc1ccc([C@H]2C[C@H]3CC[C@@H]([C@H]2c2ccc(F)cc2)N3C)cc1,7.6
ZINC000038207481,CCC(=O)N(Cc1ccc(Cl)cc1Cl)[C@H]1CCNC1,7.6
ZINC000038600041,CN1Cc2ccccc2[C@H](c2ccc(Cl)cc2)C1,7.6
ZINC000038600044,CN1Cc2ccccc2[C@@H](c2ccc(Cl)cc2)C1,7.6
ZINC000040380450,CNCc1ccc(Cl)cc1Oc1ccc(F)c(Cl)c1,7.6
ZINC000040414177,COc1ccc(Oc2ccccc2CN(C)C)cc1,7.6
ZINC000045245325,O=C1Cc2c(ccc3c2OC[C@H](CNC[C@@H]2CCc4c([nH]c5ccc(F)cc45)C2)O3)N1,7.6
ZINC000045245326,O=C1Cc2c(ccc3c2OC[C@H](CNC[C@H]2CCc4c([nH]c5ccc(F)cc45)C2)O3)N1,7.6
ZINC000072104732,COc1ccc(-n2c(-c3ccccc3)nc(C(=O)NCCCN3CCN(c4cccc(Cl)c4C)CC3)c2C)cc1,7.6
ZINC000095563463,Cc1ccc(Sc2ccc(C)cc2N2CCNCC2)c(C)c1,7.6
ZINC000095586104,Clc1cc(Cl)c(Cl)c(O[C@@H](c2ccccc2)[C@H]2CCNC2)c1,7.6
ZINC000100890173,N#Cc1ccc2[nH]cc([C@@H]3CC[C@H](NCc4ccccc4)CC3)c2c1,7.6
ZINC000100966478,COc1ccc2cc([C@H]3[C@H]4CC[C@@H](C4)[C@@H]3CN(C)C)ccc2c1,7.6
ZINC000101387201,N#Cc1cccc(O[C@H]2C[C@@H]3CC[C@H](C2)N3)c1,7.6
ZINC000103245870,CN(CCCCc1ccccc1)CCC[C@@]1(c2ccc(F)cc2)OCc2cc(C#N)ccc21,7.6
ZINC000103245872,CN(CCCCc1ccccc1)CCC[C@]1(c2ccc(F)cc2)OCc2cc(C#N)ccc21,7.6
ZINC000013491072,O[C@]1(c2ccc3c(c2)OCO3)c2ccccc2C2=NCCCN21,7.59
ZINC000013491073,O[C@@]1(c2ccc3c(c2)OCO3)c2ccccc2C2=NCCCN21,7.59
ZINC000028825292,CCN(CC)CCCOc1cc2c(cn1)[C@H](c1ccc(Cl)c(Cl)c1)CN(C)C2,7.59
ZINC000028825293,CCN(CC)CCCOc1cc2c(cn1)[C@@H](c1ccc(Cl)c(Cl)c1)CN(C)C2,7.59
ZINC000028883104,CN1Cc2cc(OCCCN3CCCCC3)ncc2[C@H](c2ccc(Cl)c(F)c2)C1,7.59
ZINC000028883111,CN1Cc2cc(OCCCN3CCCCC3)ncc2[C@@H](c2ccc(Cl)c(F)c2)C1,7.59
ZINC000029042823,C=CCN(C(=O)[C@@]1(c2ccsc2)C[C@H]1CN)C1CC1,7.59
ZINC000029047604,NC[C@@H]1C[C@@]1(C(=O)N1CCc2ccccc2C1)c1ccc2c(c1)OCO2,7.59
ZINC000034631071,CN1CCC[C@](COCc2cc(C(F)(F)F)cc(C(F)(F)F)c2)(c2ccccc2)CC1,7.59
ZINC000034841819,O=C1NCCc2ccc3c(c21)C[C@@H](N(CCCc1c[nH]c2ccc(F)cc12)CC1CC1)CO3,7.59
ZINC000034841821,O=C1NCCc2ccc3c(c21)C[C@H](N(CCCc1c[nH]c2ccc(F)cc12)CC1CC1)CO3,7.59
ZINC000035818962,FC(F)(F)c1cc(COC[C@@]2(c3ccccc3)CCCNCC2)cc(C(F)(F)F)c1,7.59
ZINC000040405933,C#CCN(CC#C)C(=O)[C@@]1(c2cccs2)C[C@H]1CN,7.59
ZINC000040424585,CN(C)Cc1cc(S(N)(=O)=O)ccc1Sc1ccc(C(F)(F)F)cc1,7.59
ZINC000040834611,CC(C)(C)C(=O)N(Cc1cccc(Cl)c1Cl)[C@H]1CCNC1,7.59
ZINC000049089180,CCn1c(-c2ccccc2)cc(C(=O)NCCCN2CCN(c3cccc(Cl)c3)CC2)c1C,7.59
ZINC000062179078,COc1ccc([C@@H](C)N[C@@H]2CC[C@@H](C(=O)C3CCC(NC(C)=O)(c4ccccc4)CC3)C(C)(C)C2)cc1,7.59
ZINC000100741866,CC(=O)[C@H]1[C@@H](c2cccc3ccccc23)C[C@H]2CC[C@H]1N2C,7.59
ZINC000100741868,CC(=O)[C@@H]1[C@@H](c2cccc3ccccc23)C[C@H]2CC[C@H]1N2C,7.59
ZINC000100875756,CCOC(=O)[C@H]1[C@@H](c2ccc(-c3cccn3C)cc2)C[C@H]2CC[C@H]1N2C,7.59
ZINC000100875761,CCOC(=O)[C@@H]1[C@@H](c2ccc(-c3cccn3C)cc2)C[C@H]2CC[C@H]1N2C,7.59
ZINC000100984891,COc1cccc2c1O[C@@H](CN1[C@H]3C=C(c4cccc5ccccc45)C[C@H]1CC3)CO2,7.59
ZINC000103253707,Fc1ccc2[nH]cc(CCCN3CCN(CCCc4c[nH]c5ccccc45)CC3)c2c1,7.59
ZINC000135754922,CCCc1ccc([C@@H]2C[C@H]3CC[C@@H](N3)[C@@H]2C(=O)OC)cc1,7.59
ZINC000135754959,CCCc1ccc([C@H]2C[C@H]3CC[C@@H](N3)[C@@H]2C(=O)OC)cc1,7.59
ZINC000135755001,CCCc1ccc([C@@H]2C[C@H]3CC[C@@H](N3)[C@H]2C(=O)OC)cc1,7.59
ZINC000135755034,CCCc1ccc([C@H]2C[C@H]3CC[C@@H](N3)[C@H]2C(=O)OC)cc1,7.59
ZINC000138948437,CC(=O)[C@@H]1[C@H](c2cccc3ccccc23)C[C@H]2CC[C@H]1N2C,7.59
ZINC000253636150,CC(=O)[C@H]1[C@H](c2cccc3ccccc23)C[C@H]2CC[C@H]1N2C,7.59
ZINC000253646358,CCOC(=O)[C@H]1[C@H](c2ccc(-c3cccn3C)cc2)C[C@H]2CC[C@H]1N2C,7.59
ZINC000253646359,CCOC(=O)[C@@H]1[C@H](c2ccc(-c3cccn3C)cc2)C[C@H]2CC[C@H]1N2C,7.59
ZINC000299854716,O=c1c(-c2ccccc2F)c2ccccn2c(=O)n1CCCCN1CCC(c2c[nH]c3ccc(F)cc23)CC1,7.59
ZINC000299856592,O=c1c(-c2ccc(Cl)cc2)c2ccccn2c(=O)n1CCCCN1CCC(c2c[nH]c3ccc(F)cc23)CC1,7.59
ZINC000013530718,Fc1ccc([C@@H](Oc2ccc(C(F)(F)F)cc2)[C@@H]2CCCNC2)cc1,7.58
ZINC000013530721,Fc1ccc([C@H](Oc2ccc(C(F)(F)F)cc2)[C@@H]2CCCNC2)cc1,7.58
ZINC000013530724,Fc1ccc([C@@H](Oc2ccc(C(F)(F)F)cc2)[C@H]2CCCNC2)cc1,7.58
ZINC000013530727,Fc1ccc([C@H](Oc2ccc(C(F)(F)F)cc2)[C@H]2CCCNC2)cc1,7.58
ZINC000064559007,O=C(OCc1ccc(Cl)c(Cl)c1)C1(c2ccc3ccccc3c2)CCNCC1,7.58
ZINC000103246750,NCCSC(c1ccc(Br)cc1)c1ccc(Br)cc1,7.58
ZINC000013644785,COC(=O)[C@@H]1[C@H]2CC[C@@H](C[C@H]1c1cccc(F)c1)N2,7.57
ZINC000013761409,CN(CCc1ccc2c(c1)OCO2)C[C@@H]1CCCc2c1ccc1c2OCC1,7.57
ZINC000022939395,Oc1ccccc1/C=C/CN1CCN(CCOC(c2ccc(F)cc2)c2ccc(F)cc2)CC1,7.57
ZINC000028476723,COC(=O)[C@H]1[C@@H](c2cccc(F)c2)C[C@@H]2CC[C@H]1N2,7.57
ZINC000028476726,COC(=O)[C@@H]1[C@@H](c2cccc(F)c2)C[C@@H]2CC[C@H]1N2,7.57
ZINC000028885745,FC(F)(F)c1ccc([C@@H]2CN3CCC[C@@H]3c3cc(OCCCN4CCCCC4)ccc32)cc1,7.57
ZINC000028885751,FC(F)(F)c1ccc([C@H]2CN3CCC[C@@H]3c3cc(OCCCN4CCCCC4)ccc32)cc1,7.57
ZINC000029042897,C=CCN(CC)C(=O)[C@@]1(c2ccsc2)C[C@H]1CN,7.57
ZINC000034841906,O=C1NCCc2cc(F)c3c(c21)C[C@@H](NCCCc1c[nH]c2ccc(F)cc12)CO3,7.57
ZINC000034841908,O=C1NCCc2cc(F)c3c(c21)C[C@H](NCCCc1c[nH]c2ccc(F)cc12)CO3,7.57
ZINC000038208422,CC(C)(C)CC(=O)N(Cc1ccc(Cl)cc1Cl)[C@H]1CCNC1,7.57
ZINC000045287940,CCSc1ccc([C@H]2C[C@H]3CC[C@@H]([C@H]2C(=O)OC)N3CCCF)cc1,7.57
ZINC000058509666,FC(F)(F)c1ccc([C@@H]2CN3CCC[C@H]3c3cc(OCCCN4CCCCC4)ccc32)cc1,7.57
ZINC000100799538,O[C@@H](CN1[C@H]2CC[C@H]1CC(c1ccccc1)C2)c1cccc(Br)c1,7.57
ZINC000101180820,CCCn1cc([C@@H]2CC[C@@H](N3CCN(c4cccc5[nH]ccc45)CC3)CC2)c2cc(C#N)ccc21,7.57
ZINC000140592239,FC(F)(F)c1ccc([C@H]2CN3CCC[C@H]3c3cc(OCCCN4CCCCC4)ccc32)cc1,7.57
ZINC000150543576,CN1[C@H]2CC[C@H]1[C@@H](C(=O)OCc1cn(CCOC(=O)[C@@H]3[C@@H](c4ccc(Cl)cc4)C[C@@H]4CC[C@H]3N4C)nn1)[C@@H](c1ccc(Cl)cc1)C2,7.57
ZINC000253637700,COC(=O)[C@H]1[C@H]2CC[C@@H](C[C@H]1c1cccc(F)c1)N2,7.57
ZINC000253641050,O[C@H](CN1[C@H]2CC[C@H]1CC(c1ccccc1)C2)c1cccc(Br)c1,7.57
ZINC000299858114,O=c1c(-c2ccccc2)c2ccccn2c(=O)n1CCCCN1CC=C(c2c[nH]c3ccc(F)cc23)CC1,7.57
ZINC000299863501,COc1cccc(CN[C@@H]2CO[C@H](C(c3ccccc3)c3ccccc3)C[C@H]2O)c1,7.57
ZINC000299860111,Cc1ccc(-c2c(=O)n(CCCCN3CCC(c4c[nH]c5ccc(F)cc45)CC3)c(=O)n3ccccc23)cc1,7.56
ZINC000005649654,CCN(CC)C(=O)[C@]1(c2ccccc2)C[C@H]1CN,7.55
ZINC000013556011,CSCCSCCC(=O)OC[C@H]1[C@@H](c2ccc(F)cc2)C[C@@H]2CC[C@H]1N2C,7.55
ZINC000013806913,CN1CCc2ccc3c4c2[C@H]1Cc1cccc(c1-4)[C@@]3(C)O,7.55
ZINC000022938663,Fc1ccc(C(OCCN2CCN(CCCc3nc4ccccc4[nH]3)CC2)c2ccc(F)cc2)cc1,7.55
ZINC000026981213,c1ccc(CCCCN2CCC3(CC2)OCc2c3ccc3ccccc23)cc1,7.55
ZINC000027213307,CCc1ccc([C@@H]2C[C@H]3CC[C@@H]([C@@H]2C(=O)OC)N3C)cc1,7.55
ZINC000029047744,NC[C@@H]1C[C@@]1(C(=O)N1CCc2ccccc21)c1ccc2c(c1)OCO2,7.55
ZINC000029048704,COc1cc(Cl)ccc1O[C@H](c1ccccc1)[C@@H]1CNCCO1,7.55
ZINC000029048706,COc1cc(Cl)ccc1O[C@@H](c1ccccc1)[C@H]1CNCCO1,7.55
ZINC000029129577,CNCc1cc(C#N)ccc1Oc1ccc(Cl)cc1Cl,7.55
ZINC000029479357,CCc1ccc([C@@H]2C[C@H]3CC[C@@H]([C@H]2C(=O)OC)N3C)cc1,7.55
ZINC000034841823,O=C1NCCc2ccc3c(c21)C[C@@H](N(CCCc1c[nH]c2ccc(F)cc12)C1CCC1)CO3,7.55
ZINC000034841824,O=C1NCCc2ccc3c(c21)C[C@H](N(CCCc1c[nH]c2ccc(F)cc12)C1CCC1)CO3,7.55
ZINC000036093227,CCOc1ccccc1C[C@@H](c1cccc(F)c1)N1CCNCC1,7.55
ZINC000036093228,CCOc1ccccc1C[C@H](c1cccc(F)c1)N1CCNCC1,7.55
ZINC000040955883,CN(C)Cc1ccccc1Sc1ccc(C(F)(F)F)cc1,7.55
ZINC000045253454,CCCN(C(=O)c1ccc2ccccc2c1)C1CCNCC1,7.55
ZINC000058501997,C=CCc1ccc([C@H]2C[C@H]3CC[C@@H]([C@H]2C(=O)OC)N3C)cc1,7.55
ZINC000058540767,Cc1[nH]c(-c2ccccn2)cc1C(=O)NCCCN1CCN(c2cccc(Cl)c2Cl)CC1,7.55
ZINC000058582467,CN(C)CCC[C@]1(c2ccc(F)cc2)OCc2cc(/C=C/c3ccc(C#N)cc3)ccc21,7.55
ZINC000072104731,CCc1nc(C(=O)NCCCN2CCN(c3cccc(Cl)c3Cl)CC2)c(C)n1-c1ccccc1,7.55
ZINC000072105068,CCCc1nc(C(=O)NCCCN2CCN(c3cccc(Cl)c3C)CC2)c(C)n1-c1ccc(F)cc1,7.55
ZINC000072106420,CCCc1nc(C(=O)NCCCN2CCN(c3cccc(C)c3C)CC2)c(C)n1-c1ccccc1OC,7.55
ZINC000095591623,C[C@@H]1C[C@@H]1c1cc(C(F)(F)F)cc(COCC2(c3ccc(F)cc3)CCN(C)CC2)n1,7.55
ZINC000095591624,C[C@H]1C[C@@H]1c1cc(C(F)(F)F)cc(COCC2(c3ccc(F)cc3)CCN(C)CC2)n1,7.55
ZINC000095591625,C[C@@H]1C[C@H]1c1cc(C(F)(F)F)cc(COCC2(c3ccc(F)cc3)CCN(C)CC2)n1,7.55
ZINC000095591626,C[C@H]1C[C@H]1c1cc(C(F)(F)F)cc(COCC2(c3ccc(F)cc3)CCN(C)CC2)n1,7.55
ZINC000149782175,CN1Cc2cc(CN)ccc2[C@H](c2ccc3sccc3c2)C1,7.55
ZINC000149782386,CN1Cc2cc(CN)ccc2[C@@H](c2ccc3sccc3c2)C1,7.55
ZINC000169318717,C=CCc1ccc([C@@H]2C[C@H]3CC[C@@H]([C@@H]2C(=O)OC)N3C)cc1,7.55
ZINC000169318719,C=CCc1ccc([C@H]2C[C@H]3CC[C@@H]([C@@H]2C(=O)OC)N3C)cc1,7.55
ZINC000169345059,CN(C)CC[C@@H](Oc1cccc(NC(=O)Nc2ccc3ccccc3c2)c1)c1ccccc1,7.55
ZINC000169345060,CN(C)CC[C@H](Oc1cccc(NC(=O)Nc2ccc3ccccc3c2)c1)c1ccccc1,7.55
ZINC000253641128,C=CCc1ccc([C@@H]2C[C@H]3CC[C@@H]([C@H]2C(=O)OC)N3C)cc1,7.55
ZINC000013587180,COc1cccc2sc([C@@H]3CCN(C[C@H](O)COc4cccc5[nH]c(C)cc45)[C@H](C)C3)cc12,7.54
ZINC000028344204,CN(C)CCCc1c[nH]c2cccc(Cl)c12,7.54
ZINC000028883613,COc1ccc([C@@H]2CN(C)Cc3cc(OCCCN4CCOCC4)ncc32)cc1,7.54
ZINC000028883619,COc1ccc([C@H]2CN(C)Cc3cc(OCCCN4CCOCC4)ncc32)cc1,7.54
ZINC000028948828,Cc1ccccc1CN(C1CCOCC1)[C@H]1CCNC1,7.54
ZINC000034660124,Oc1ccc(CN[C@H]2CC[C@@H](C(c3ccccc3)c3ccccc3)OC2)cc1,7.54
ZINC000035940943,CNC[C@@H](O)[C@H](c1ccccc1)N1CCc2ccccc21,7.54
ZINC000040847458,CNCc1cc(F)ccc1Oc1ccc(-c2ccccc2)cc1,7.54
ZINC000040937443,CN(C)C(=O)c1ccc(F)c2c1C[C@H](N(CCCc1c[nH]c3ccc(F)cc13)C1CCC1)CO2,7.54
ZINC000040937445,CN(C)C(=O)c1ccc(F)c2c1C[C@@H](N(CCCc1c[nH]c3ccc(F)cc13)C1CCC1)CO2,7.54
ZINC000101221637,COc1ccc([C@H]2C[C@H]3CC[C@H]([C@H]2C(=O)OC2CC2)N3C)cc1,7.54
ZINC000164925019,CN1Cc2ccccc2[C@H](c2cccc3occc23)C1,7.54
ZINC000164925156,CN1Cc2ccccc2[C@@H](c2cccc3occc23)C1,7.54
ZINC000253637871,COC(=O)[C@@H]1[C@H]2C[C@H]3CC[C@H]1N3C/C2=C\c1ccc(I)s1,7.54
ZINC000253637874,COC(=O)[C@H]1[C@H]2C[C@H]3CC[C@H]1N3C/C2=C\c1ccc(I)s1,7.54
ZINC000261130114,CN(C)C(=O)[C@H]1[C@H]2C[C@H]3CC[C@H]1N3C/C2=C\c1ccc(Cl)c(Cl)c1,7.54
ZINC000261130117,CN(C)C(=O)[C@@H]1[C@H]2C[C@H]3CC[C@H]1N3C/C2=C\c1ccc(Cl)c(Cl)c1,7.54
ZINC000299823341,Clc1ccc(CN(CC2CNC2)C2CCCC2)cc1Cl,7.54
ZINC000002022580,COc1ccccc1OCCNCCCc1c[nH]c2ccccc12,7.53
ZINC000026666174,CS(=O)(=O)c1ccc([C@@H]2CN3CCC[C@@H]3c3ccccc32)cc1,7.53
ZINC000034043497,CNCc1ccc(C(F)(F)F)cc1Oc1ccc(Cl)c(Cl)c1,7.53
ZINC000045244903,Cn1c(=O)c2c(nc3n(CCCN4CCN(c5cccc(Cl)c5)CC4)ccn23)n(C)c1=O,7.53
ZINC000100862077,COC(=O)[C@@H]1[C@H](c2ccc(-c3ccc([N+](=O)[O-])cc3)cc2)C[C@H]2CC[C@H]1N2C,7.53
ZINC000101058624,COC(=O)[C@H]1[C@@H](c2ccc(-c3ccc([N+](=O)[O-])cc3)cc2)C[C@H]2CC[C@H]1N2C,7.53
ZINC000103245792,CN(C)CCC[C@@]1(c2ccc(F)cc2)OCc2cc(-c3ccc(N)cc3)ccc21,7.53
ZINC000103245794,CN(C)CCC[C@]1(c2ccc(F)cc2)OCc2cc(-c3ccc(N)cc3)ccc21,7.53
ZINC000253634600,CNC(=O)[C@H]1[C@H]2C[C@H]3CC[C@H]1N3C/C2=C\c1ccc(Cl)c(Cl)c1,7.53
ZINC000253634602,CNC(=O)[C@@H]1[C@H]2C[C@H]3CC[C@H]1N3C/C2=C\c1ccc(Cl)c(Cl)c1,7.53
ZINC000253700434,COC(=O)[C@H]1[C@H](c2ccc(-c3ccc([N+](=O)[O-])cc3)cc2)C[C@H]2CC[C@H]1N2C,7.53
ZINC000253700440,COC(=O)[C@@H]1[C@@H](c2ccc(-c3ccc([N+](=O)[O-])cc3)cc2)C[C@H]2CC[C@H]1N2C,7.53
ZINC000010049531,Cc1cn2c3c(=O)n(C)c(=O)n(C)c3nc2n1CCCN1CCN(c2cccc(Cl)c2)CC1,7.52
ZINC000013683684,C[C@@H](CCN1CCC(CCOC(c2ccc(F)cc2)c2ccc(F)cc2)CC1)c1ccccc1,7.52
ZINC000013764424,COC(=O)[C@H]1[C@@H](c2ccc(Br)cc2)C[C@@H]2CC[C@H]1O2,7.52
ZINC000013764441,COC(=O)[C@@H]1[C@H]2CC[C@@H](C[C@H]1c1ccc(Br)cc1)O2,7.52
ZINC000019362470,O[C@H]1c2ccccc2CC[C@H]1CN1CCN(CCOC(c2ccc(F)cc2)c2ccc(F)cc2)CC1,7.52
ZINC000026580132,COC(=O)[C@@H]1[C@@H](c2ccc(Br)cc2)C[C@@H]2CC[C@H]1O2,7.52
ZINC000026659763,CN1CC[C@@H](c2ccc(Cl)cc2)[C@H](C(=O)NCc2ccc(CNC(=O)c3ccccc3)cc2)C1,7.52
ZINC000027553891,COc1ccc([C@H](CN(C)C)[C@@H](O)C2CCCCC2)cc1,7.52
ZINC000028571562,CN[C@H]1CC[C@@H](c2ccc(Cl)c(Cl)c2)c2ccc(CC(=O)O)cc21,7.52
ZINC000028821552,Fc1ccc2[nH]cc(CCN[C@@H]3COc4ccc5ncccc5c4C3)c2c1,7.52
ZINC000028821553,Fc1ccc2[nH]cc(CCN[C@H]3COc4ccc5ncccc5c4C3)c2c1,7.52
ZINC000028882986,Clc1ccc([C@@H]2CNCc3cc(OCCCN4CCCCC4)ncc32)cc1,7.52
ZINC000028882992,Clc1ccc([C@H]2CNCc3cc(OCCCN4CCCCC4)ncc32)cc1,7.52
ZINC000036093223,Fc1ccccc1[C@H](Cc1ccccc1Cl)N1CCNCC1,7.52
ZINC000036093224,Fc1ccccc1[C@@H](Cc1ccccc1Cl)N1CCNCC1,7.52
ZINC000038264413,Cc1cc(CC[C@@H]2CC[C@H](CCN)O2)ccc1F,7.52
ZINC000038264415,Cc1cc(CC[C@H]2CC[C@H](CCN)O2)ccc1F,7.52
ZINC000038264417,Cc1cc(CC[C@@H]2CC[C@@H](CCN)O2)ccc1F,7.52
ZINC000038264419,Cc1cc(CC[C@H]2CC[C@@H](CCN)O2)ccc1F,7.52
ZINC000040829265,CCN([C@@H]1CCNC1)S(=O)(=O)c1ccc2ccccc2c1,7.52
ZINC000040835518,CNCC[C@H](c1cccs1)c1cccc2ccccc12,7.52
ZINC000040935889,CN(C)Cc1cc(S(N)(=O)=O)ccc1Sc1cccc(C(F)(F)F)c1,7.52
ZINC000040936374,CCOc1ccc(Oc2ccccc2CN(C)C)cc1,7.52
ZINC000040954407,CNCc1ccccc1Cc1ccc(Cl)c(Cl)c1,7.52
ZINC000042967022,CNC[C@H]1C[C@]1(Oc1cccc2ccccc12)c1cccs1,7.52
ZINC000045348482,CCN(CCCc1c[nH]c2ccc(F)cc12)[C@H]1COc2ccc3c(c2C1)C(=O)NCC3,7.52
ZINC000045348485,CCN(CCCc1c[nH]c2ccc(F)cc12)[C@@H]1COc2ccc3c(c2C1)C(=O)NCC3,7.52
ZINC000064447413,CCCN[C@@H]1CC[C@H](c2c[nH]c3ccc(C#N)cc23)C1,7.52
ZINC000064447414,CCCN[C@H]1CC[C@H](c2c[nH]c3ccc(C#N)cc23)C1,7.52
ZINC000064447416,CCCN[C@@H]1CC[C@@H](c2c[nH]c3ccc(C#N)cc23)C1,7.52
ZINC000064447417,CCCN[C@H]1CC[C@@H](c2c[nH]c3ccc(C#N)cc23)C1,7.52
ZINC000064560856,O=C(OCc1ccc(Cl)c(Cl)c1)C1(c2ccc(Cl)c(Cl)c2)CCNCC1,7.52
ZINC000084616438,COC(=O)[C@H]1[C@@H](c2ccc(-c3ccco3)cc2)C[C@@H]2CC[C@H]1O2,7.52
ZINC000100799604,O[C@@H](CN1[C@H]2CC[C@H]1CC(c1ccccc1)C2)c1ccc(Br)cc1,7.52
ZINC000100921423,COC(=O)[C@@H]1[C@@H](c2ccc(/C=C/c3ccccc3)cc2)C[C@H]2CC[C@H]1N2C,7.52
ZINC000100921428,COC(=O)[C@H]1[C@@H](c2ccc(/C=C/c3ccccc3)cc2)C[C@H]2CC[C@H]1N2C,7.52
ZINC000103245758,CN(C)CCC[C@@]1(c2ccc(F)cc2)OCc2cc(CN(C)CCC[C@@]3(c4ccc(F)cc4)OCc4cc(C#N)ccc43)ccc21,7.52
ZINC000103245762,CN(C)CCC[C@]1(c2ccc(F)cc2)OCc2cc(CN(C)CCC[C@@]3(c4ccc(F)cc4)OCc4cc(C#N)ccc43)ccc21,7.52
ZINC000253690340,O[C@H](CN1[C@H]2CC[C@H]1CC(c1ccccc1)C2)c1ccc(Br)cc1,7.52
ZINC000253694893,COC(=O)[C@H]1[C@H]2CC[C@@H](C[C@H]1c1ccc(Br)cc1)O2,7.52
ZINC000299845956,CN(C)CCC[C@]1(c2ccc(F)cc2)OCc2cc(CN(C)CCC[C@]3(c4ccc(F)cc4)OCc4cc(C#N)ccc43)ccc21,7.52
ZINC000299845957,CN(C)CCC[C@@]1(c2ccc(F)cc2)OCc2cc(CN(C)CCC[C@]3(c4ccc(F)cc4)OCc4cc(C#N)ccc43)ccc21,7.52
ZINC000299854574,Cc1ccc(-c2c(=O)n(CCCCN3CC=C(c4c[nH]c5ccc(F)cc45)CC3)c(=O)n3ccccc23)cc1,7.52
ZINC000028344157,CN(C)CCCc1c[nH]c2ccc(I)cc12,7.51
ZINC000028571361,CNC(=O)c1cccc2c1[C@@H](NC)CC[C@H]2c1ccc(Cl)c(Cl)c1,7.51
ZINC000028571706,CN[C@H]1CC[C@@H](c2ccc(Cl)c(Cl)c2)c2cccc(C(=O)O)c21,7.51
ZINC000038207673,CNC[C@H](O)[C@H](c1ccccc1)n1ccc2cc(OC)ccc21,7.51
ZINC000038247442,CN1Cc2ccccc2[C@H](c2ccc3cn[nH]c3c2)C1,7.51
ZINC000038247443,CN1Cc2ccccc2[C@@H](c2ccc3cn[nH]c3c2)C1,7.51
ZINC000040379822,CNCc1ccc(Cl)cc1Oc1ccc(F)c(C)c1,7.51
ZINC000040980496,CNCc1ccc(C(F)(F)F)cc1Oc1ccc(Cl)cc1,7.51
ZINC000045349286,O=C1NCc2ccc3c(c21)C[C@@H](N(CCCc1c[nH]c2ccc(F)cc12)C(=O)c1ccccc1)CO3,7.51
ZINC000045349289,O=C1NCc2ccc3c(c21)C[C@H](N(CCCc1c[nH]c2ccc(F)cc12)C(=O)c1ccccc1)CO3,7.51
ZINC000064393092,CN(C)[C@@H]1CC[C@H](c2c[nH]c3cccc(F)c23)C1,7.51
ZINC000064393093,CN(C)[C@H]1CC[C@H](c2c[nH]c3cccc(F)c23)C1,7.51
ZINC000064393094,CN(C)[C@@H]1CC[C@@H](c2c[nH]c3cccc(F)c23)C1,7.51
ZINC000064393095,CN(C)[C@H]1CC[C@@H](c2c[nH]c3cccc(F)c23)C1,7.51
ZINC000066078630,CN(C)CC1(c2ccc(F)c(Cl)c2)CCCCC1,7.51
ZINC000072104735,COc1ccc(-n2c(C)nc(C(=O)NCCCN3CCN(c4cccc(C)c4C)CC3)c2C)cc1,7.51
ZINC000149445737,CN1Cc2ccccc2[C@H](c2cccc3ccoc23)C1,7.51
ZINC000149445953,CN1Cc2ccccc2[C@@H](c2cccc3ccoc23)C1,7.51
ZINC000150524400,CN1[C@H]2CC[C@H]1[C@@H](COC(=O)CCCCCCC(=O)OC[C@H]1[C@@H](c3ccc(Cl)c(Cl)c3)C[C@@H]3CC[C@H]1N3C)[C@@H](c1ccc(Cl)c(Cl)c1)C2,7.51
ZINC000169345055,COc1cc(NC(=O)Nc2ccc(O[C@@H](CCN(C)C)c3ccccc3)cc2)ccc1Cl,7.51
ZINC000169345056,COc1cc(NC(=O)Nc2ccc(O[C@H](CCN(C)C)c3ccccc3)cc2)ccc1Cl,7.51
ZINC000253688609,CON(C)C(=O)[C@H]1[C@H]2C[C@H]3CC[C@H]1N3C/C2=C\c1ccc(Cl)c(Cl)c1,7.51
ZINC000253688612,CON(C)C(=O)[C@@H]1[C@H]2C[C@H]3CC[C@H]1N3C/C2=C\c1ccc(Cl)c(Cl)c1,7.51
ZINC000261172287,CN1[C@H]2CC[C@H]1[C@@H](C(=O)NCCF)[C@@H](c1ccc(I)cc1)C2,7.51
ZINC000261172289,CN1[C@H]2CC[C@H]1[C@@H](C(=O)NCCF)[C@H](c1ccc(I)cc1)C2,7.51
ZINC000261172292,CN1[C@H]2CC[C@H]1[C@H](C(=O)NCCF)[C@@H](c1ccc(I)cc1)C2,7.51
ZINC000261172294,CN1[C@H]2CC[C@H]1[C@H](C(=O)NCCF)[C@H](c1ccc(I)cc1)C2,7.51
ZINC000013437320,O=C(COc1cc(Cl)cc(Cl)c1)N(c1ccc(Cl)c(Cl)c1)C1CCNCC1,7.5
ZINC000013581088,COc1ccccc1OCCNCCCCc1c[nH]c2ccccc12,7.5
ZINC000013746580,Fc1ccc(C(OCCC2CCN(CCc3ccccc3)CC2)c2ccc(F)cc2)cc1,7.5
ZINC000013761428,COc1cccc2c1CCC[C@H]2CN(C)CCc1ccc2c(c1)CCN2,7.5
ZINC000022926758,Brc1cc(Br)cc(COC[C@@H](c2ccccc2)N2CCNCC2)c1,7.5
ZINC000036271639,COC(=O)[C@@H]1CN(C)CC[C@@H]1c1ccc(-c2ccsc2)cc1,7.5
ZINC000040896550,CNCC[C@H](c1cccs1)c1cccc2[nH]ccc12,7.5
ZINC000040937057,Cc1ccc2c(OCC3CCN(Cc4ccc5c(c4)NC(=O)CO5)CC3)cccc2n1,7.5
ZINC000043060728,CNCC[C@@H](c1ccccc1)c1ccc2[nH]ccc2c1,7.5
ZINC000043060731,CNCC[C@H](c1ccccc1)c1ccc2[nH]ccc2c1,7.5
ZINC000058591681,CC(C)(C)CC[C@]1(C(=O)c2cnc(N)c(Cl)c2)CCNC1,7.5
ZINC000062225313,CC(C)(C)CC[C@@]1(C(=O)c2cnc(N)c(Cl)c2)CCNC1,7.5
ZINC000095587349,Clc1cc(Cl)c(O[C@@H](c2ccccc2)[C@H]2CCNC2)c(-c2ccccn2)c1,7.5
ZINC000095587881,Clc1cccc(O[C@@H](c2ccccc2)[C@H]2CCNC2)c1,7.5
ZINC000100835444,COC(=O)C1=C(c2ccc3ccccc3c2)C[C@H]2CC[C@H]1N2C,7.5
ZINC000000120144,NCCc1c[nH]c2ccccc12,7.49
ZINC000013491130,O[C@@H](CCN1CCN(c2cccc3ncccc23)CC1)c1csc2ccccc12,7.49
ZINC000013491131,O[C@H](CCN1CCN(c2cccc3ncccc23)CC1)c1csc2ccccc12,7.49
ZINC000013530763,Fc1ccc([C@@H](Oc2ccc(Cl)c(Cl)c2)[C@@H]2CCCNC2)cc1,7.49
ZINC000013530766,Fc1ccc([C@H](Oc2ccc(Cl)c(Cl)c2)[C@@H]2CCCNC2)cc1,7.49
ZINC000013530769,Fc1ccc([C@@H](Oc2ccc(Cl)c(Cl)c2)[C@H]2CCCNC2)cc1,7.49
ZINC000013530772,Fc1ccc([C@H](Oc2ccc(Cl)c(Cl)c2)[C@H]2CCCNC2)cc1,7.49
ZINC000019360482,O[C@H]1c2ccccc2CC[C@@H]1CN1CCN(CCOC(c2ccc(F)cc2)c2ccc(F)cc2)CC1,7.49
ZINC000019362566,O[C@@H]1c2ccccc2CC[C@H]1CN1CCN(CCOC(c2ccc(F)cc2)c2ccc(F)cc2)CC1,7.49
ZINC000026817708,CN1CC[C@H](c2ccc(Cl)cc2)[C@@H](Cc2noc(-c3ccc4c(c3)OCO4)n2)C1,7.49
ZINC000028344616,CN(C)CCCc1c[nH]c2c(Cl)cccc12,7.49
ZINC000029046760,C=CCN(CC=C)C(=O)[C@@]1(c2ccc3c(c2)OCCO3)C[C@H]1CN,7.49
ZINC000029129832,CN(C)Cc1ccccc1Oc1ccc(F)cc1Cl,7.49
ZINC000029250741,C[C@]1(c2ccccc2)CN2CCC[C@H]2c2ccccc21,7.49
ZINC000035875255,CN1Cc2ccccc2[C@H](c2ccc3ncsc3c2)C1,7.49
ZINC000035875256,CN1Cc2ccccc2[C@@H](c2ccc3ncsc3c2)C1,7.49
ZINC000040829028,NC[C@H]1CC[C@@H](c2ccc(Cl)cc2)O1,7.49
ZINC000040829030,NC[C@H]1CC[C@H](c2ccc(Cl)cc2)O1,7.49
ZINC000040829032,NC[C@@H]1CC[C@@H](c2ccc(Cl)cc2)O1,7.49
ZINC000040829034,NC[C@@H]1CC[C@H](c2ccc(Cl)cc2)O1,7.49
ZINC000040892476,CNC[C@@H](O)[C@H](c1ccccc1)N(C)c1cccc(C)c1,7.49
ZINC000058583571,CNCC[C@@H](c1ccc2ccccc2c1)n1ncnn1,7.49
ZINC000062225509,CNCC[C@H](c1ccc2ccccc2c1)n1ncnn1,7.49
ZINC000064453368,N#Cc1ccc2[nH]cc([C@@H]3CC[C@H](N)C3)c2c1,7.49
ZINC000064453369,N#Cc1ccc2[nH]cc([C@H]3CC[C@H](N)C3)c2c1,7.49
ZINC000064453371,N#Cc1ccc2[nH]cc([C@@H]3CC[C@@H](N)C3)c2c1,7.49
ZINC000064453373,N#Cc1ccc2[nH]cc([C@H]3CC[C@@H](N)C3)c2c1,7.49
ZINC000084466024,CCCn1c(-c2ccccc2)cc(C(=O)NCCN2CCN(c3cccc(Cl)c3Cl)CC2)c1C,7.49
ZINC000084602392,COC(=O)[C@@H]1[C@H]2CC[C@@H](C[C@H]1c1ccc(-c3ccco3)cc1)O2,7.49
ZINC000095589131,CN1CCC(COCc2cc(C(F)(F)F)cc(C3CC3)n2)(c2ccc(Cl)cc2)CC1,7.49
ZINC000096914812,COC[C@@H](c1ccc(F)c(Cl)c1)C1CCNCC1,7.49
ZINC000096914813,COC[C@H](c1ccc(F)c(Cl)c1)C1CCNCC1,7.49
ZINC000100862054,COC(=O)[C@@H]1[C@H](c2ccc(-c3ccc(OC)cc3)cc2)C[C@H]2CC[C@H]1N2C,7.49
ZINC000103245970,CN(C)CCC[C@@]1(c2ccc(F)cc2)OCc2cc(CN(C)C)ccc21,7.49
ZINC000103245973,CN(C)CCC[C@]1(c2ccc(F)cc2)OCc2cc(CN(C)C)ccc21,7.49
ZINC000253637652,COC(=O)[C@H]1[C@H]2C[C@H]3CC[C@H]1N3C/C2=C\c1ccc(-c2ccsc2)s1,7.49
ZINC000253637656,COC(=O)[C@@H]1[C@H]2C[C@H]3CC[C@H]1N3C/C2=C\c1ccc(-c2ccsc2)s1,7.49
ZINC000253638498,COC(=O)[C@H]1[C@H]2C[C@H]3CC[C@H]1N3C/C2=C\C#Cc1c(F)cccc1F,7.49
ZINC000253638502,COC(=O)[C@@H]1[C@H]2C[C@H]3CC[C@H]1N3C/C2=C\C#Cc1c(F)cccc1F,7.49
ZINC000253863710,COC(=O)[C@H]1[C@@H](c2ccc(-c3ccc(OC)cc3)cc2)C[C@H]2CC[C@H]1N2C,7.49
ZINC000253863712,COC(=O)[C@H]1[C@H](c2ccc(-c3ccc(OC)cc3)cc2)C[C@H]2CC[C@H]1N2C,7.49
ZINC000253863714,COC(=O)[C@@H]1[C@@H](c2ccc(-c3ccc(OC)cc3)cc2)C[C@H]2CC[C@H]1N2C,7.49
ZINC000013682123,CCC[C@H](C(=O)c1ccc2ccccc2c1)N1CCCC1,7.48
ZINC000013682126,CCC[C@@H](C(=O)c1ccc2ccccc2c1)N1CCCC1,7.48
ZINC000026663934,CN1CC[C@@H](c2ccc(Cl)cc2)[C@H](C(=O)NCc2ccc(CNC(=O)c3cccc(Cl)c3)cc2)C1,7.48
ZINC000026822207,C=C1CN2[C@H]3CC[C@@H]2C[C@H](c2ccc(C)cc2)[C@@H]13,7.48
ZINC000028010327,Oc1ccc([C@@H]2CN3CCC[C@H]3c3ccccc32)cc1O,7.48
ZINC000028010331,Oc1ccc([C@H]2CN3CCC[C@H]3c3ccccc32)cc1O,7.48
ZINC000028644439,COC(=O)[C@H]1[C@@H](c2ccc(Cl)cc2)C[C@@H]2CC[C@H]1S2,7.48
ZINC000028892840,CN(C)CC[C@@H](Oc1ccc(C(F)(F)F)cc1)c1ccc(C#CCCN2CCCCC2)cc1,7.48
ZINC000028892846,CN(C)CC[C@H](Oc1ccc(C(F)(F)F)cc1)c1ccc(C#CCCN2CCCCC2)cc1,7.48
ZINC000029237528,Oc1ccc([C@@H]2CN3CCC[C@@H]3c3ccccc32)cc1O,7.48
ZINC000040395559,CCCCC(=O)N(Cc1ccc(Cl)cc1Cl)[C@H]1CCNC1,7.48
ZINC000040409457,CCCN(CCCCn1ccc2cccc(F)c21)[C@H]1COc2c(F)ccc(C(N)=O)c2C1,7.48
ZINC000040409461,CCCN(CCCCn1ccc2cccc(F)c21)[C@@H]1COc2c(F)ccc(C(N)=O)c2C1,7.48
ZINC000040874636,CNC[C@@H](O)[C@H](c1ccccc1)N(C)c1ccc(F)cc1,7.48
ZINC000040981296,Fc1ccc2sc([C@]34CNC[C@H]3C4)cc2c1,7.48
ZINC000042967020,CNC[C@@H]1C[C@]1(Oc1cccc2ccccc12)c1cccs1,7.48
ZINC000044400567,CC[C@H](N)Cc1c[nH]c2ccc(Cl)cc12,7.48
ZINC000044400569,CC[C@@H](N)Cc1c[nH]c2ccc(Cl)cc12,7.48
ZINC000058594510,Cc1ccc2c3c(ccc2n1)OC[C@H](CN1CCN(c2ccc4ccccc4n2)C[C@H]1C)O3,7.48
ZINC000066073973,CN(C)CC1(c2ccc(F)cc2)CCCCC1,7.48
ZINC000072104830,COc1ccc(-n2c(C)nc(C(=O)NCCCN3CCN(c4cccc(Cl)c4Cl)CC3)c2C)cc1,7.48
ZINC000072113759,CN1C[C@H]2CCCC[C@@]2(c2cccc3ccccc23)C1,7.48
ZINC000100825141,COC(=O)[C@@H]1[C@H]2CC[C@@H](C2)C[C@@H]1c1ccc(Cl)c(Cl)c1,7.48
ZINC000100825145,COC(=O)[C@H]1[C@H]2CC[C@@H](C2)C[C@@H]1c1ccc(Cl)c(Cl)c1,7.48
ZINC000100984904,COc1cccc2c1O[C@@H](CN1[C@H]3C=C(c4cccc5cccnc45)C[C@H]1CC3)CO2,7.48
ZINC000101061989,COC(=O)[C@@H]1[C@H](c2ccc(-c3cncnc3)cc2)C[C@H]2CC[C@H]1N2C,7.48
ZINC000101085893,COC(=O)[C@@H]1[C@H]2CC[C@@H](C2)C[C@H]1c1ccc(Cl)c(Cl)c1,7.48
ZINC000144498401,COC(=O)[C@H]1[C@H]2CC[C@@H](C2)C[C@H]1c1ccc(Cl)c(Cl)c1,7.48
ZINC000253738381,COC(=O)[C@H]1[C@H](c2ccc(-c3cncnc3)cc2)C[C@H]2CC[C@H]1N2C,7.48
ZINC000253738384,COC(=O)[C@H]1[C@@H](c2ccc(-c3cncnc3)cc2)C[C@H]2CC[C@H]1N2C,7.48
ZINC000253738387,COC(=O)[C@@H]1[C@@H](c2ccc(-c3cncnc3)cc2)C[C@H]2CC[C@H]1N2C,7.48
ZINC000013490099,Cc1cc2c(OC[C@@H](O)CN3CCC(c4cc5c(F)cccc5s4)CC3)cccc2[nH]1,7.47
ZINC000013581121,Fc1ccc2[nH]cc(CCCNCCOc3cccc4c3CCCC4)c2c1,7.47
ZINC000013761426,COc1cccc2c1CCC[C@H]2CN(C)CCc1ccc2c(c1)CCS2(=O)=O,7.47
ZINC000028249821,NC(=O)c1ccc2[nH]cc(C3=CC[C@@H](NCCCCCCN[C@H]4CC=C(c5c[nH]c6ccc(C(N)=O)cc56)CC4)CC3)c2c1,7.47
ZINC000028249830,NC(=O)c1ccc2[nH]cc(C3=CC[C@H](NCCCCCCN[C@H]4CC=C(c5c[nH]c6ccc(C(N)=O)cc56)CC4)CC3)c2c1,7.47
ZINC000028249838,NC(=O)c1ccc2[nH]cc(C3=CC[C@@H](NCCCCCCN[C@@H]4CC=C(c5c[nH]c6ccc(C(N)=O)cc56)CC4)CC3)c2c1,7.47
ZINC000028893153,CN1Cc2cc(OCCCN3CCC(F)CC3)ccc2[C@H](c2ccc(SC(F)(F)F)cc2)C1,7.47
ZINC000028893158,CN1Cc2cc(OCCCN3CCC(F)CC3)ccc2[C@@H](c2ccc(SC(F)(F)F)cc2)C1,7.47
ZINC000029042747,C#CCN(C)C(=O)[C@@]1(c2ccsc2)C[C@H]1CN,7.47
ZINC000034035024,COc1ccc(CC(C)(C)NC[C@H](O)COc2cccc(Cl)c2C#N)cc1,7.47
ZINC000034035025,COc1ccc(CC(C)(C)NC[C@@H](O)COc2cccc(Cl)c2C#N)cc1,7.47
ZINC000040394179,COc1cccc(C[C@]2(c3ccc4[nH]ccc4c3)CCNC2)c1,7.47
ZINC000040394181,COc1cccc(C[C@@]2(c3ccc4[nH]ccc4c3)CCNC2)c1,7.47
ZINC000040951860,CN(C)Cc1ccccc1Sc1ccccc1NC(=O)c1ccc(F)cc1,7.47
ZINC000058655446,CN(C)CCC[C@]1(c2ccc(F)cc2)OCc2cc(/C=C/c3ccc(Cl)cc3)ccc21,7.47
ZINC000062224811,CN(C)CCC[C@@]1(c2ccc(F)cc2)OCc2cc(/C=C/c3ccc(Cl)cc3)ccc21,7.47
ZINC000066076632,CNCC1(c2ccc3ccccc3c2)CCCCC1,7.47
ZINC000096909814,O=C1C[C@@H](c2c[nH]c3ccccc23)C(=O)N1CCN1CC=C(c2c[nH]c3ccccc23)CC1,7.47
ZINC000100891242,COC(=O)[C@H]1[C@@H](c2ccc3ccccc3c2)C[C@H]2[C@@H](O)C[C@H]1N2C,7.47
ZINC000103135123,O=C1C[C@H](c2c[nH]c3ccccc23)C(=O)N1CCN1CC=C(c2c[nH]c3ccccc23)CC1,7.47
ZINC000138716722,COC(=O)[C@H]1[C@H](c2ccc3ccccc3c2)C[C@H]2[C@@H](O)C[C@H]1N2C,7.47
ZINC000253898103,COC(=O)[C@@H]1[C@@H](c2ccc3ccccc3c2)C[C@H]2[C@@H](O)C[C@H]1N2C,7.47
ZINC000253898104,COC(=O)[C@@H]1[C@H](c2ccc3ccccc3c2)C[C@H]2[C@@H](O)C[C@H]1N2C,7.47
ZINC000013587184,Cc1cc2c(OC[C@@H](O)CN3CC[C@@H](c4cc5cccc(F)c5s4)C[C@H]3C)cccc2[nH]1,7.46
ZINC000013761429,COc1cccc2c1CCC[C@H]2CN(C)CCc1ccc2c(c1)CCN2S(C)(=O)=O,7.46
ZINC000013826854,O=S1(=O)c2ccccc2-c2ccccc2N1CCN1CCC(Cc2c[nH]c3ccc(F)cc23)CC1,7.46
ZINC000013861808,COc1cc(Cl)ccc1N1CCN(CC[C@@H](O)c2csc3ccccc23)CC1,7.46
ZINC000013861809,COc1cc(Cl)ccc1N1CCN(CC[C@H](O)c2csc3ccccc23)CC1,7.46
ZINC000026664807,CN1CC[C@@H](c2ccc(Cl)cc2)[C@H](C(=O)NCc2ccc(CNC(=O)c3cccc(C(F)(F)F)c3)cc2)C1,7.46
ZINC000034665863,CN[C@@H](C)c1cc(F)ccc1Oc1ccc(Cl)cc1,7.46
ZINC000034665864,CN[C@H](C)c1cc(F)ccc1Oc1ccc(Cl)cc1,7.46
ZINC000035786297,CN1Cc2ccccc2[C@H](c2cc3ccccc3s2)C1,7.46
ZINC000035786298,CN1Cc2ccccc2[C@@H](c2cc3ccccc3s2)C1,7.46
ZINC000038266564,COC(=O)[C@@H]1[C@H]2CC[C@@H](C[C@H]1c1ccc(-c3cccs3)cc1)O2,7.46
ZINC000040834967,CN(C)Cc1ccccc1Oc1ccc(F)c(F)c1,7.46
ZINC000040972690,CNC[C@@H]1OCc2ccccc2[C@@H]1Oc1ccc(O)cc1C,7.46
ZINC000045301722,Ic1ccc(O[C@@H](c2ccccc2)[C@H]2CNCCO2)cc1,7.46
ZINC000072104736,Cc1nc(C(=O)NCCCN2CCN(c3cccc(Cl)c3Cl)CC2)c(C)n1C1CCCC1,7.46
ZINC000072112081,COc1ccc([C@]23CCCC[C@H]2CN(C)C3)cc1OC,7.46
ZINC000095554480,Clc1ccc(O[C@@H](c2ccc3ccccc3c2)C2CNC2)cc1Cl,7.46
ZINC000095554481,Clc1ccc(O[C@H](c2ccc3ccccc3c2)C2CNC2)cc1Cl,7.46
ZINC000169345074,Cc1ccc(C(=O)Nc2ccc(O[C@@H](CCN(C)C)c3ccccc3)cc2)cc1Cl,7.46
ZINC000169345075,Cc1ccc(C(=O)Nc2ccc(O[C@H](CCN(C)C)c3ccccc3)cc2)cc1Cl,7.46
ZINC000253701549,COC(=O)[C@@H]1[C@H]2C[C@H]3CC[C@H]1N3C/C2=C\c1ccc(Cl)cc1,7.46
ZINC000253701552,COC(=O)[C@H]1[C@H]2C[C@H]3CC[C@H]1N3C/C2=C\c1ccc(Cl)cc1,7.46
ZINC000100741920,CCC(=O)[C@H]1[C@@H](c2ccc(C(C)C)cc2)C[C@H]2CC[C@H]1N2C,7.45
ZINC000100741924,CCC(=O)[C@@H]1[C@@H](c2ccc(C(C)C)cc2)C[C@H]2CC[C@H]1N2C,7.45
ZINC000100999534,COC(=O)[C@@H]1[C@H](c2cccc(-c3ccccc3)c2)C[C@H]2CC[C@H]1N2C,7.45
ZINC000253682272,CCC(=O)[C@@H]1[C@H](c2ccc(C(C)C)cc2)C[C@H]2CC[C@H]1N2C,7.45
ZINC000253682277,CCC(=O)[C@H]1[C@H](c2ccc(C(C)C)cc2)C[C@H]2CC[C@H]1N2C,7.45
ZINC000253691554,COC(=O)[C@H]1[C@H](c2cccc(-c3ccccc3)c2)C[C@H]2CC[C@H]1N2C,7.45
ZINC000253691560,COC(=O)[C@H]1[C@@H](c2cccc(-c3ccccc3)c2)C[C@H]2CC[C@H]1N2C,7.45
ZINC000253691563,COC(=O)[C@@H]1[C@@H](c2cccc(-c3ccccc3)c2)C[C@H]2CC[C@H]1N2C,7.45
ZINC000028343724,CN(C)CCCc1c[nH]c2cc(Cl)ccc12,7.44
ZINC000028643976,COC(=O)[C@@H]1[C@H]2CC[C@@H](C[C@H]1c1ccc3ccccc3c1)S2,7.44
ZINC000040865460,CNC[C@]1(O)Cc2ccccc2[C@@H]1Oc1cccc(F)c1C,7.44
ZINC000044405019,CC[C@H](N)Cc1c[nH]c2ccc(F)cc12,7.44
ZINC000044405023,CC[C@@H](N)Cc1c[nH]c2ccc(F)cc12,7.44
ZINC000045498138,CNCc1ccc(F)cc1Oc1ccc(Cl)c(Cl)c1,7.44
ZINC000049052779,CCn1c(-c2ccccc2)cc(C(=O)NCCCN2CCN(c3cccc(C)c3C)CC2)c1C,7.44
ZINC000058563905,Cc1[nH]c(-c2ccccc2)c(C)c1C(=O)NCCCN1CCN(c2cccc(Cl)c2Cl)CC1,7.44
ZINC000072106701,Cc1c(Cl)cccc1N1CCN(C[C@H](O)CNC(=O)c2nc(C)n(-c3ccccc3F)c2C)CC1,7.44
ZINC000072106702,Cc1c(Cl)cccc1N1CCN(C[C@@H](O)CNC(=O)c2nc(C)n(-c3ccccc3F)c2C)CC1,7.44
ZINC000100773673,Cc1cc([C@H]2[C@@H](c3ccc(I)cc3)C[C@H]3CC[C@H]2N3C)on1,7.44
ZINC000100899121,COC(=O)[C@H]1[C@@H](c2ccc(Br)cc2)C[C@H]2CC[C@H]1N2CCCF,7.44
ZINC000100899125,COC(=O)[C@@H]1[C@@H](c2ccc(Br)cc2)C[C@H]2CC[C@H]1N2CCCF,7.44
ZINC000169332965,Cc1cc([C@H]2[C@H](c3ccc(I)cc3)C[C@H]3CC[C@H]2N3C)on1,7.44
ZINC000253687843,COC(=O)[C@@H]1[C@H]2C[C@H]3CC[C@H]1N3C/C2=C\c1ccc(Br)s1,7.44
ZINC000253687851,COC(=O)[C@H]1[C@H]2C[C@H]3CC[C@H]1N3C/C2=C\c1ccc(Br)s1,7.44
ZINC000261146234,COC(=O)[C@H]1[C@H](c2ccc(Br)cc2)C[C@H]2CC[C@H]1N2CCCF,7.44
ZINC000261146235,COC(=O)[C@@H]1[C@H](c2ccc(Br)cc2)C[C@H]2CC[C@H]1N2CCCF,7.44
ZINC000299836968,Fc1cccc(O[C@@H](CC2CNC2)c2ccc(Cl)c(F)c2)c1,7.44
ZINC000299837124,Fc1cccc(O[C@H](CC2CNC2)c2ccc(Cl)c(F)c2)c1,7.44
ZINC000013490084,Oc1cccc2cc(C3CCN(C[C@H](O)COc4cccc5[nH]ccc45)CC3)sc12,7.43
ZINC000013579463,CN1CC[C@H](c2ccc(Cl)cc2)[C@@H](COC(=O)NC23CC4CC(CC(C4)C2)C3)C1,7.43
ZINC000013674813,c1cc2c(c(N3CCN(CCCCCc4c[nH]c5ccccc45)CC3)c1)OCCO2,7.43
ZINC000022465608,c1ccc2c(CCCN3CCN(CCCc4c[nH]c5ccccc45)CC3)c[nH]c2c1,7.43
ZINC000028960302,CCNC[C@@H]1C[C@@H]1c1cccc2cc(C#N)ccc12,7.43
ZINC000028960306,CCNC[C@H]1C[C@@H]1c1cccc2cc(C#N)ccc12,7.43
ZINC000028960309,CCNC[C@@H]1C[C@H]1c1cccc2cc(C#N)ccc12,7.43
ZINC000028960314,CCNC[C@H]1C[C@H]1c1cccc2cc(C#N)ccc12,7.43
ZINC000029129579,CNCc1cc(C(N)=O)ccc1Oc1ccc(Cl)cc1Cl,7.43
ZINC000033976798,CNCc1cc(F)ccc1Oc1ccc(F)c(Cl)c1,7.43
ZINC000040395402,N#Cc1ccc2cc(OC[C@H]3CCNC3)ccc2c1,7.43
ZINC000072104741,CCCc1nc(C(=O)NCCCN2CCN(c3cccc(Cl)c3Cl)CC2)c(C)n1-c1ccccc1F,7.43
ZINC000095563506,COc1cccc(Sc2ccccc2N2CCNCC2)c1OC,7.43
ZINC000096914804,CCCC(=O)[C@@H](c1ccc(Cl)c(Cl)c1)C1CCNCC1,7.43
ZINC000096914805,CCCC(=O)[C@H](c1ccc(Cl)c(Cl)c1)C1CCNCC1,7.43
ZINC000299836002,Fc1cc([C@H](CC2CNC2)Oc2ccccc2Cl)ccc1Cl,7.43
ZINC000299836006,Fc1cc([C@@H](CC2CNC2)Oc2ccccc2Cl)ccc1Cl,7.43
ZINC000013491094,O[C@]1(c2ccc(Cl)cc2)c2cccc(F)c2C2=NCCN21,7.42
ZINC000013491095,O[C@@]1(c2ccc(Cl)cc2)c2cccc(F)c2C2=NCCN21,7.42
ZINC000013587203,COc1cccc2sc([C@@H]3CCN(C[C@H](O)COc4cccc5oc(C)cc45)[C@@H](C)C3)cc12,7.42
ZINC000013683644,O[C@@H](CCc1ccccc1)CN1CCC(CCOC(c2ccc(F)cc2)c2ccc(F)cc2)CC1,7.42
ZINC000013761443,COc1cccc2c1CCC[C@H]2CN(C)CCc1ccc2nc(Cl)sc2c1,7.42
ZINC000029228582,c1ccc([C@H]2CN3CCC[C@H]3c3ccsc32)cc1,7.42
ZINC000035857094,O=C(C1CC1)N(Cc1ccc(Cl)cc1Cl)[C@H]1CCNC1,7.42
ZINC000035876763,CN1Cc2cc(N3CCCCC3)ccc2[C@H](c2cc3ccccc3s2)C1,7.42
ZINC000035876764,CN1Cc2cc(N3CCCCC3)ccc2[C@@H](c2cc3ccccc3s2)C1,7.42
ZINC000036093194,FC(F)(F)COc1ccccc1C[C@H](c1ccccc1)N1CCNCC1,7.42
ZINC000036093195,FC(F)(F)COc1ccccc1C[C@@H](c1ccccc1)N1CCNCC1,7.42
ZINC000036093343,c1ccc([C@@H](Cc2ccncc2)N2CCNCC2)cc1,7.42
ZINC000036093344,c1ccc([C@H](Cc2ccncc2)N2CCNCC2)cc1,7.42
ZINC000036270983,Cc1ccc([C@@H]2C[C@H]3CC[C@@H]([C@@H]2c2ccno2)N3C)cc1,7.42
ZINC000036270985,Cc1ccc([C@H]2C[C@H]3CC[C@@H]([C@@H]2c2ccno2)N3C)cc1,7.42
ZINC000040939382,O=c1c(-c2ccc(F)cc2)c2ccccn2c(=O)n1CCCCN1CCC(c2c[nH]c3ccccc23)CC1,7.42
ZINC000058541877,CN(C)CCC[C@@]1(c2ccc(F)cc2)OCc2cc(CCc3ccccc3)ccc21,7.42
ZINC000062224799,CN(C)CCC[C@]1(c2ccc(F)cc2)OCc2cc(CCc3ccccc3)ccc21,7.42
ZINC000070631593,COc1ccc([C@@H](C)N[C@@H]2CC[C@@H](C(=O)N3CCC(C(=O)N(C)C)(c4ccccc4)CC3)C(C)(C)C2)cc1,7.42
ZINC000101182112,c1ccc2c([C@@H]3CC[C@@H](N4CCN(c5cccc6[nH]ccc56)CC4)CC3)c[nH]c2c1,7.42
ZINC000103245825,CN(C)CCC[C@@]1(c2ccc(/C=C/c3ccccc3)cc2)OCc2cc(C#N)ccc21,7.42
ZINC000103245830,CN(C)CCC[C@]1(c2ccc(/C=C/c3ccccc3)cc2)OCc2cc(C#N)ccc21,7.42
ZINC000169345034,CCn1ccc2cc(NC(=O)Nc3ccc(O[C@@H](CCN(C)C)c4ccccc4)cc3)ccc21,7.42
ZINC000169345035,CCn1ccc2cc(NC(=O)Nc3ccc(O[C@H](CCN(C)C)c4ccccc4)cc3)ccc21,7.42
ZINC000202972799,Cc1ccc([C@@H]2C[C@H]3CC[C@@H]([C@H]2c2ccno2)N3C)cc1,7.42
ZINC000202972808,Cc1ccc([C@H]2C[C@H]3CC[C@@H]([C@H]2c2ccno2)N3C)cc1,7.42
ZINC000299833966,Cc1ccccc1O[C@H](CC1CNC1)c1ccc(Cl)c(F)c1,7.42
ZINC000299833972,Cc1ccccc1O[C@@H](CC1CNC1)c1ccc(Cl)c(F)c1,7.42
ZINC000001489635,Oc1ccccc1N1CCN(CC[C@@H](O)c2csc3ccccc23)CC1,7.41
ZINC000003831445,CN[C@@H]1CC[C@@H](c2ccc(Cl)c(Cl)c2)c2ccccc21,7.41
ZINC000013491050,O[C@]1(c2ccc(Cl)cc2)c2ccccc2C2=NCCCN21,7.41
ZINC000013491051,O[C@@]1(c2ccc(Cl)cc2)c2ccccc2C2=NCCCN21,7.41
ZINC000013761435,COc1cccc2c1CCC[C@H]2CN(C)CCc1ccc2c(c1)N(S(C)(=O)=O)CC2,7.41
ZINC000013861806,Oc1ccccc1N1CCN(CC[C@H](O)c2csc3ccccc23)CC1,7.41
ZINC000028642912,COC(=O)[C@@H]1[C@H]2CC[C@@H](C[C@H]1c1ccc(Cl)c(Cl)c1)S2,7.41
ZINC000028892811,CC(C)N1CCC(Oc2ccc([C@@H](CCN(C)C)Oc3ccccc3)cc2)CC1,7.41
ZINC000028892817,CC(C)N1CCC(Oc2ccc([C@H](CCN(C)C)Oc3ccccc3)cc2)CC1,7.41
ZINC000029046886,C=CCN(CC(=C)F)C(=O)[C@@]1(c2ccc3c(c2)OCCO3)C[C@H]1CN,7.41
ZINC000029048205,CNCc1cnccc1Oc1ccc(Cl)cc1Cl,7.41
ZINC000036093198,CCOc1ccccc1C[C@@H](c1nccs1)N1CCNCC1,7.41
ZINC000036093199,CCOc1ccccc1C[C@H](c1nccs1)N1CCNCC1,7.41
ZINC000040429652,Cc1ccc([C@H]2C[C@@H]3CC[C@H]([C@H]2C=C(Br)Br)N3C)cc1,7.41
ZINC000040937029,NC(=O)c1ccc(F)c2c1C[C@@H](N(CCCCn1ccc3cccc(F)c31)CC1CC1)CO2,7.41
ZINC000040937031,NC(=O)c1ccc(F)c2c1C[C@H](N(CCCCn1ccc3cccc(F)c31)CC1CC1)CO2,7.41
ZINC000040939237,NC(=O)c1ccc(F)c2c1C[C@@H](N(CCCCn1ccc3cccc(F)c31)C1CCC1)CO2,7.41
ZINC000040939239,NC(=O)c1ccc(F)c2c1C[C@H](N(CCCCn1ccc3cccc(F)c31)C1CCC1)CO2,7.41
ZINC000072104795,Cc1c(Cl)cccc1N1CCN(CCCNC(=O)c2nc(C)n(-c3ccc(F)cc3)c2C)CC1,7.41
ZINC000072106081,Cc1c(Cl)cccc1N1CCN(C[C@H](O)CNC(=O)c2nc(C)n(C3CCCC3)c2C)CC1,7.41
ZINC000072106082,Cc1c(Cl)cccc1N1CCN(C[C@@H](O)CNC(=O)c2nc(C)n(C3CCCC3)c2C)CC1,7.41
ZINC000096924130,CN1CC(OCc2ccccc2)(c2ccc(Cl)cc2)C1,7.41
ZINC000101181584,Fc1ccc2[nH]cc([C@H]3CC[C@@H](N4CCN(c5cccc6cccnc56)CC4)CC3)c2c1,7.41
ZINC000101639193,CC(C)n1cc([C@@H]2CC[C@@H](N3CCN(c4cccc5[nH]ccc45)CC3)CC2)c2cc(C#N)ccc21,7.41
ZINC000103253716,COc1ccc2[nH]cc(CCCN3CCN(CCCc4c[nH]c5ccc(Br)cc45)CC3)c2c1,7.41
ZINC000253975496,CN1[C@H]2CC[C@H]1[C@@H](C(=O)NCCF)[C@@H](c1ccc(Br)cc1)C2,7.41
ZINC000253975498,CN1[C@H]2CC[C@H]1[C@@H](C(=O)NCCF)[C@H](c1ccc(Br)cc1)C2,7.41
ZINC000253975501,CN1[C@H]2CC[C@H]1[C@H](C(=O)NCCF)[C@@H](c1ccc(Br)cc1)C2,7.41
ZINC000253975502,CN1[C@H]2CC[C@H]1[C@H](C(=O)NCCF)[C@H](c1ccc(Br)cc1)C2,7.41
ZINC000299838637,Cc1ccc(O[C@H](CC2CNC2)c2ccc(Cl)c(F)c2)cc1,7.41
ZINC000299838643,Cc1ccc(O[C@@H](CC2CNC2)c2ccc(Cl)c(F)c2)cc1,7.41
ZINC000006637841,CN(C)Cc1ccccc1Sc1cccc(C(F)(F)F)c1,7.4
ZINC000013437284,Fc1ccc(N(CCCc2cc(C(F)(F)F)cc(C(F)(F)F)c2)C2CCNCC2)cc1,7.4
ZINC000013437317,O=C(COc1cc(F)cc(C(F)(F)F)c1)N(c1ccc(Cl)c(Cl)c1)C1CCNCC1,7.4
ZINC000013530752,N#Cc1ccc(O[C@H](c2ccc(F)cc2)[C@@H]2CCCNC2)cc1,7.4
ZINC000013530755,N#Cc1ccc(O[C@@H](c2ccc(F)cc2)[C@@H]2CCCNC2)cc1,7.4
ZINC000013530757,N#Cc1ccc(O[C@H](c2ccc(F)cc2)[C@H]2CCCNC2)cc1,7.4
ZINC000013530760,N#Cc1ccc(O[C@@H](c2ccc(F)cc2)[C@H]2CCCNC2)cc1,7.4
ZINC000013731830,CN1CC=C(c2c[nH]c3ccc([N+](=O)[O-])cc23)CC1,7.4
ZINC000027553347,CN(C)C[C@@H](c1ccccc1)[C@@H](O)C(C)(C)C,7.4
ZINC000028757561,c1ccc2c(CCCC3CCNCC3)c[nH]c2c1,7.4
ZINC000029042742,C=C(F)CN(CCOC)C(=O)[C@@]1(c2ccsc2)C[C@H]1CN,7.4
ZINC000029315217,CN(C)[C@@H]1CC[C@@H](c2ccc(Cl)c(Cl)c2)c2ccccc21,7.4
ZINC000029343754,CN1CC[C@H](c2ccc(Cl)cc2)[C@@H](C(=O)NCCCCCCCNC(=O)[C@H]2CN(C)CC[C@@H]2c2ccc(Cl)cc2)C1,7.4
ZINC000036093237,CCOc1ccccc1C[C@@H](c1cncs1)N1CCNCC1,7.4
ZINC000036093238,CCOc1ccccc1C[C@H](c1cncs1)N1CCNCC1,7.4
ZINC000038277116,CN1Cc2ccccc2[C@H](c2ccc3ccsc3c2)C1,7.4
ZINC000038277117,CN1Cc2ccccc2[C@@H](c2ccc3ccsc3c2)C1,7.4
ZINC000040846015,CN[C@H](C)c1cc(C)ccc1Oc1ccc(Cl)c(Cl)c1,7.4
ZINC000040846017,CN[C@@H](C)c1cc(C)ccc1Oc1ccc(Cl)c(Cl)c1,7.4
ZINC000040864795,CNCCC[C@H](c1cccs1)c1cccc2ccccc12,7.4
ZINC000040955987,C[C@@H](c1ccc(Cl)c(Cl)c1)c1ccccc1CN(C)C,7.4
ZINC000040955990,C[C@H](c1ccc(Cl)c(Cl)c1)c1ccccc1CN(C)C,7.4
ZINC000043074484,C[C@@H](c1ccccc1)N(c1ccc2[nH]ccc2c1)C1CCNCC1,7.4
ZINC000043074487,C[C@H](c1ccccc1)N(c1ccc2[nH]ccc2c1)C1CCNCC1,7.4
ZINC000053230680,c1cc2[nH]ncc2cc1N1CCNC[C@@H]1CC1CCCCC1,7.4
ZINC000053230683,c1cc2[nH]ncc2cc1N1CCNC[C@H]1CC1CCCCC1,7.4
ZINC000058568525,CN(C)CCC[C@]1(c2ccc(F)cc2)OCc2cc(-c3ccccc3)ccc21,7.4
ZINC000062224776,CN(C)CCC[C@@]1(c2ccc(F)cc2)OCc2cc(-c3ccccc3)ccc21,7.4
ZINC000071316099,Oc1cccc(CN[C@H]2CC[C@@H](C(c3ccccc3)c3ccccc3)OC2)c1,7.4
ZINC000095586919,Clc1cccc(Cl)c1O[C@H](c1ccccc1)[C@@H]1CCNC1,7.4
ZINC000100811630,CC[C@@H]1C[C@H]2C[C@@H]3c4[nH]c5ccc(O)cc5c4CCN(C2)[C@H]31,7.4
ZINC000013530682,Fc1ccc([C@@H](Oc2ccccc2)[C@@H]2CCCNC2)cc1,7.39
ZINC000013530685,Fc1ccc([C@H](Oc2ccccc2)[C@@H]2CCCNC2)cc1,7.39
ZINC000013530688,Fc1ccc([C@@H](Oc2ccccc2)[C@H]2CCCNC2)cc1,7.39
ZINC000013530691,Fc1ccc([C@H](Oc2ccccc2)[C@H]2CCCNC2)cc1,7.39
ZINC000013683633,O[C@H](Cc1ccccc1)CN1CCC(CCOC(c2ccc(F)cc2)c2ccc(F)cc2)CC1,7.39
ZINC000026989083,Fc1ccc([C@@H]2C[C@@H]3CC[C@@H](N3)[C@H]2c2ccc(F)cc2)cc1,7.39
ZINC000026989089,Fc1ccc([C@H]2[C@H]3CC[C@@H](C[C@H]2c2ccc(F)cc2)N3)cc1,7.39
ZINC000028881075,Ic1ccccc1O[C@@H](c1ccccc1)[C@@H]1CNCCO1,7.39
ZINC000038214163,O=C(C1CCC1)N(Cc1ccc(Cl)cc1Cl)[C@H]1CCNC1,7.39
ZINC000038321528,CCc1cccc2c(C3=CCN(CCc4coc5ccc(OC)cc45)CC3)c[nH]c12,7.39
ZINC000040829649,CC(C)(C)C(=O)N(Cc1ccc(Cl)cc1Cl)[C@H]1CCNC1,7.39
ZINC000040879745,CNC[C@@H](O)[C@H](c1ccccc1)N(C)c1cccc(Cl)c1,7.39
ZINC000040979387,CN[C@@H](C)c1ccc(OC)cc1Oc1ccc(Cl)c(Cl)c1,7.39
ZINC000040979389,CN[C@H](C)c1ccc(OC)cc1Oc1ccc(Cl)c(Cl)c1,7.39
ZINC000045253067,O=c1[nH]c2cccc(CN3CCN(C[C@@H]4CCc5[nH]c6ccc(F)cc6c5C4)CC3)c2o1,7.39
ZINC000045253069,O=c1[nH]c2cccc(CN3CCN(C[C@H]4CCc5[nH]c6ccc(F)cc6c5C4)CC3)c2o1,7.39
ZINC000045495238,c1ccc(C[C@]2(c3cnc4[nH]ccc4c3)CCNC2)cc1,7.39
ZINC000045495240,c1ccc(C[C@@]2(c3cnc4[nH]ccc4c3)CCNC2)cc1,7.39
ZINC000045497616,COc1ccc(Cc2cc([C@H]3[C@@H](c4ccc(C)cc4)C[C@@H]4CC[C@H]3N4C)on2)cc1,7.39
ZINC000058683308,CCC[C@@]1(O)CN2[C@H]3CC[C@@H]2C[C@H](c2ccc(C)cc2)[C@H]31,7.39
ZINC000103245865,CN(CCC[C@@]1(c2ccc(F)cc2)OCc2cc(C#N)ccc21)CCc1ccccc1,7.39
ZINC000103245868,CN(CCC[C@]1(c2ccc(F)cc2)OCc2cc(C#N)ccc21)CCc1ccccc1,7.39
ZINC000169345049,COc1ccc(NC(=O)Nc2ccc(O[C@@H](CCN(C)C)c3ccccc3)cc2)cc1Cl,7.39
ZINC000169345050,COc1ccc(NC(=O)Nc2ccc(O[C@H](CCN(C)C)c3ccccc3)cc2)cc1Cl,7.39
ZINC000003966185,CN[C@@H](CCOc1ccc([N+](=O)[O-])cc1)c1ccc(OC(=O)N(C)C)cc1,7.38
ZINC000013806632,COC(=O)[C@H]1CN(C)CC[C@@H]1c1ccc2ccccc2c1,7.38
ZINC000026377350,Fc1ccc([C@@H]2C[C@@H](N3CCNCC3)c3ccccc32)cc1,7.38
ZINC000028892821,CC(C)N1CCN(C(=O)c2ccc([C@@H](CCN(C)C)Oc3ccc(C(F)(F)F)cc3)cc2)CC1,7.38
ZINC000028892827,CC(C)N1CCN(C(=O)c2ccc([C@H](CCN(C)C)Oc3ccc(C(F)(F)F)cc3)cc2)CC1,7.38
ZINC000036093249,Clc1ccccc1C[C@H](c1ccccc1)N1CCCNCC1,7.38
ZINC000036093250,Clc1ccccc1C[C@@H](c1ccccc1)N1CCCNCC1,7.38
ZINC000040834223,N#Cc1ccc2cc(OC[C@@H]3CCNC3)ccc2c1,7.38
ZINC000049841465,COc1ccc(C2=NN(CCCCCNCC[C@H](Oc3ccc(C(F)(F)F)cc3)c3ccccc3)C(=O)[C@H]3CC=CC[C@H]23)cc1OC,7.38
ZINC000049841466,COc1ccc(C2=NN(CCCCCNCC[C@H](Oc3ccc(C(F)(F)F)cc3)c3ccccc3)C(=O)[C@@H]3CC=CC[C@H]23)cc1OC,7.38
ZINC000049841467,COc1ccc(C2=NN(CCCCCNCC[C@H](Oc3ccc(C(F)(F)F)cc3)c3ccccc3)C(=O)[C@H]3CC=CC[C@@H]23)cc1OC,7.38
ZINC000049841468,COc1ccc(C2=NN(CCCCCNCC[C@H](Oc3ccc(C(F)(F)F)cc3)c3ccccc3)C(=O)[C@@H]3CC=CC[C@@H]23)cc1OC,7.38
ZINC000066260098,CN[C@H]1CCc2ccccc2[C@@H]1c1ccc(Cl)c(Cl)c1,7.38
ZINC000072105169,Cc1nc(C(=O)NCCCN2CCN(c3cccc(Cl)c3Cl)CC2)c(C)n1-c1ccccc1C(F)(F)F,7.38
ZINC000100808665,COC(=O)[C@@H]1[C@@H]2C[C@H]3CC[C@H]1N3C/C2=C\c1ccc(OC)cc1,7.38
ZINC000100999527,COC(=O)[C@@H]1[C@H](c2cccc(-c3ccco3)c2)C[C@H]2CC[C@H]1N2C,7.38
ZINC000103245903,CN(C)CCC[C@@]1(c2ccc(F)cc2)OCc2cc(CN)ccc21,7.38
ZINC000103245905,CN(C)CCC[C@]1(c2ccc(F)cc2)OCc2cc(CN)ccc21,7.38
ZINC000253632627,COC(=O)[C@H]1[C@H](c2ccc(-c3cccc(C(C)=O)c3)cc2)C[C@H]2CC[C@H]1N2C,7.38
ZINC000253632628,COC(=O)[C@@H]1[C@H](c2ccc(-c3cccc(C(C)=O)c3)cc2)C[C@H]2CC[C@H]1N2C,7.38
ZINC000253632629,COC(=O)[C@H]1[C@@H](c2ccc(-c3cccc(C(C)=O)c3)cc2)C[C@H]2CC[C@H]1N2C,7.38
ZINC000253632630,COC(=O)[C@@H]1[C@@H](c2ccc(-c3cccc(C(C)=O)c3)cc2)C[C@H]2CC[C@H]1N2C,7.38
ZINC000253699405,COC(=O)[C@H]1[C@@H](c2cccc(-c3ccco3)c2)C[C@H]2CC[C@H]1N2C,7.38
ZINC000253699409,COC(=O)[C@H]1[C@H](c2cccc(-c3ccco3)c2)C[C@H]2CC[C@H]1N2C,7.38
ZINC000253699412,COC(=O)[C@@H]1[C@@H](c2cccc(-c3ccco3)c2)C[C@H]2CC[C@H]1N2C,7.38
ZINC000013581092,COc1ccc(F)cc1OCCNCCc1c[nH]c2ccccc12,7.37
ZINC000013683671,O[C@H](CCN1CCC(CCOC(c2ccc(F)cc2)c2ccc(F)cc2)CC1)c1ccccc1,7.37
ZINC000013761438,COc1cccc2c1CCC[C@H]2CN(C)CCc1ccc2nc(C)oc2c1,7.37
ZINC000028571775,CN1C[C@@H](CNCCc2c[nH]c3ccc(F)cc23)Oc2cc(Cl)ccc21,7.37
ZINC000028571776,CN1C[C@H](CNCCc2c[nH]c3ccc(F)cc23)Oc2cc(Cl)ccc21,7.37
ZINC000028948808,Cc1cccc(CN(C2CCOCC2)[C@@H]2CCNC2)c1C,7.37
ZINC000035837226,NC[C@H]1CC[C@@H](c2ccccc2)O1,7.37
ZINC000035837228,NC[C@H]1CC[C@H](c2ccccc2)O1,7.37
ZINC000035837231,NC[C@@H]1CC[C@@H](c2ccccc2)O1,7.37
ZINC000035837234,NC[C@@H]1CC[C@H](c2ccccc2)O1,7.37
ZINC000040423498,Cc1ccc(Cc2cc([C@H]3[C@@H](c4ccc(Cl)cc4)C[C@@H]4CC[C@H]3N4C)on2)cc1,7.37
ZINC000045288510,Cc1ccc(-c2c3n(c(=O)n(CCCCN4CCC(c5c[nH]c6ccccc56)CC4)c2=O)CCCC3)cc1,7.37
ZINC000072106152,COc1ccc(-n2cc(C(=O)NCCCN3CCN(c4cccc(C)c4C)CC3)nc2-c2ccccc2)cc1,7.37
ZINC000101387136,Clc1ccc(O[C@H]2C[C@@H]3CC[C@H](C2)N3)cc1,7.37
ZINC000103253710,COc1ccc2[nH]cc(CCCN3CCN(CCCc4c[nH]c5ccccc45)CC3)c2c1,7.37
ZINC000299824695,Clc1ccc(CN(C2CCCCC2)C2CNC2)cc1,7.37
ZINC000299863498,COc1ccc(CN[C@@H]2CO[C@H](C(c3ccccc3)c3ccccc3)C[C@H]2O)cn1,7.37
ZINC000005162725,Nc1ccc([C@H]2CN3CCC[C@H]3c3ccccc32)cc1,7.36
ZINC000029227878,CS(=O)(=O)c1ccc([C@@H]2CN3CCC[C@H]3c3ccccc32)cc1,7.36
ZINC000029233163,c1csc([C@H]2CN3CCC[C@H]3c3ccsc32)c1,7.36
ZINC000029233714,Nc1ccc([C@@H]2CN3CCC[C@@H]3c3ccccc32)cc1,7.36
ZINC000034892359,CN1[C@H](/C=C/c2ccccc2)CCC[C@@H]1C[C@@H](O)c1ccccc1,7.36
ZINC000035950086,CC(C)C(=O)N(Cc1cc(Cl)cc(Cl)c1Cl)[C@H]1CCNC1,7.36
ZINC000066101271,O=c1c(-c2ccc(Cl)cc2)c2n(c(=O)n1CCCCN1CCC(c3c[nH]c4ccccc34)CC1)CCCC2,7.36
ZINC000095555919,CCCO[C@@H](c1ccc(Cl)c(Cl)c1)C1CNC1,7.36
ZINC000095555920,CCCO[C@H](c1ccc(Cl)c(Cl)c1)C1CNC1,7.36
ZINC000095563510,Cc1ccc(Sc2cccc(C)c2N2CCNCC2)c(C)c1,7.36
ZINC000000052443,COc1cccc2c(CCN)c[nH]c12,7.35
ZINC000003794824,COc1cccc2c1CCC[C@H]2CN(C)CCc1ccc2nccnc2c1,7.35
ZINC000026961319,O=C1CCc2c(F)ccc(OC[C@H](O)CN3CCC4(CC3)OCc3c4ccc4ccccc34)c21,7.35
ZINC000026961331,O=C1CCc2c(F)ccc(OC[C@@H](O)CN3CCC4(CC3)OCc3c4ccc4ccccc34)c21,7.35
ZINC000027518466,C[C@H]1CN(CCCn2c3ccccc3c3ccccc32)C[C@H](C)N1CCCc1ccccc1,7.35
ZINC000028371429,O=C1OC2(CCC(N3CCC(Cc4ccccc4Br)CC3)CC2)c2ccc3c(c21)OCO3,7.35
ZINC000028883674,COc1ccc([C@@H]2CN(C)Cc3cc(OCC4CCN(C(C)C)CC4)ncc32)cc1,7.35
ZINC000028883681,COc1ccc([C@H]2CN(C)Cc3cc(OCC4CCN(C(C)C)CC4)ncc32)cc1,7.35
ZINC000040395638,C=CCN(C(=O)[C@@]1(c2cccs2)C[C@H]1CN)C1CC1,7.35
ZINC000040951721,CN(C)Cc1ccccc1Cc1ccc(OC(F)(F)F)cc1,7.35
ZINC000058563777,Cc1c(C(=O)NCCN2CCN(c3cccc(Cl)c3Cl)CC2)cc(C(C)(C)C)n1C,7.35
ZINC000261192082,CN1[C@H]2CC[C@H]1[C@H](CCCO[C@@H](c1ccccc1)c1ccc(Cl)cc1)[C@@H](c1ccccc1)C2,7.35
ZINC000261192083,CN1[C@H]2CC[C@H]1[C@H](CCCO[C@H](c1ccccc1)c1ccc(Cl)cc1)[C@@H](c1ccccc1)C2,7.35
ZINC000261192085,CN1[C@H]2CC[C@H]1[C@H](CCCO[C@H](c1ccccc1)c1ccc(Cl)cc1)[C@H](c1ccccc1)C2,7.35
ZINC000261192086,CN1[C@H]2CC[C@H]1[C@H](CCCO[C@@H](c1ccccc1)c1ccc(Cl)cc1)[C@H](c1ccccc1)C2,7.35
ZINC000022938683,Fc1ccc(C(OCCN2CCN(CCc3cccc4ccccc34)CC2)c2ccc(F)cc2)cc1,7.34
ZINC000022940905,Fc1ccc(C(OCCN2C[C@@H]3CC[C@H](C2)N3C/C=C/c2cccs2)c2ccc(F)cc2)cc1,7.34
ZINC000028883145,COc1ccc([C@@H]2CNCc3cc(OCCCN4CCCCC4)ncc32)cc1,7.34
ZINC000028883152,COc1ccc([C@H]2CNCc3cc(OCCCN4CCCCC4)ncc32)cc1,7.34
ZINC000029046467,CCc1cc(Cl)ccc1Oc1ccncc1CNC,7.34
ZINC000035821094,Nc1ccc(CN[C@@H]2CC[C@H](C(c3ccccc3)c3ccccc3)OC2)cc1,7.34
ZINC000036093243,CCOc1ccccc1C[C@@H](c1cccnc1)N1CCNCC1,7.34
ZINC000036093244,CCOc1ccccc1C[C@H](c1cccnc1)N1CCNCC1,7.34
ZINC000045338040,N#Cc1ccc2[nH]cc(CC[C@@H]3CCCCN3Cc3cc(C(F)(F)F)cc(C(F)(F)F)c3)c2c1,7.34
ZINC000045338042,N#Cc1ccc2[nH]cc(CC[C@H]3CCCCN3Cc3cc(C(F)(F)F)cc(C(F)(F)F)c3)c2c1,7.34
ZINC000066262687,N[C@H]1Cc2ccccc2[C@H](c2ccc(Cl)c(Cl)c2)C1,7.34
ZINC000072113757,CCN1C[C@H]2CCCC[C@@]2(c2ccc(Cl)c(Cl)c2)C1,7.34
ZINC000096909808,COc1ccc2[nH]cc(C3=CCN(CCCCN4C(=O)C[C@H](c5c[nH]c6ccccc56)C4=O)CC3)c2c1,7.34
ZINC000100801638,COC(=O)[C@@H]1[C@@H](c2ccc(C)cc2)C[C@H]2CC[C@H]1N2,7.34
ZINC000100801642,COC(=O)[C@H]1[C@@H](c2ccc(C)cc2)C[C@H]2CC[C@H]1N2,7.34
ZINC000101009305,COc1ccccc1N1CCN([C@@H]2CC[C@H](c3c[nH]c4ccc(F)cc34)CC2)CC1,7.34
ZINC000103135098,COc1ccc2[nH]cc(C3=CCN(CCCCN4C(=O)C[C@@H](c5c[nH]c6ccccc56)C4=O)CC3)c2c1,7.34
ZINC000253851787,CC(=O)OC[C@H]1[C@H]2CC[C@H]3CC[C@H]1N(C/C2=C\c1ccc(-c2ccccc2)cc1)C3,7.34
ZINC000253851793,CC(=O)OC[C@@H]1[C@H]2CC[C@H]3CC[C@H]1N(C/C2=C\c1ccc(-c2ccccc2)cc1)C3,7.34
ZINC000001846944,CCN(CC)C(=O)[C@@]1(c2ccccc2)C[C@@H]1CN,7.33
ZINC000013530995,COc1ccc(O[C@@H](CC2CCNCC2)c2ccccc2)cc1,7.33
ZINC000013530998,COc1ccc(O[C@H](CC2CCNCC2)c2ccccc2)cc1,7.33
ZINC000013761450,COc1cccc2c1CCC[C@H]2CN(C)CCc1ccc2ncccc2c1,7.33
ZINC000022939401,Oc1cccc(/C=C/CN2CCN(CCOC(c3ccc(F)cc3)c3ccc(F)cc3)CC2)c1,7.33
ZINC000029042745,C#CCN(CCOC)C(=O)[C@@]1(c2ccsc2)C[C@H]1CN,7.33
ZINC000029042827,C=CCN(CCOC)C(=O)[C@@]1(c2ccsc2)C[C@H]1CN,7.33
ZINC000058558749,CN(C)CCC[C@@]1(c2ccc(F)cc2)OCc2c(/C=C/c3ccccc3)cccc21,7.33
ZINC000062224821,CN(C)CCC[C@]1(c2ccc(F)cc2)OCc2c(/C=C/c3ccccc3)cccc21,7.33
ZINC000064573728,O=C(OCc1ccc(C(F)(F)F)cc1)C1(c2ccc(Cl)c(Cl)c2)CCNCC1,7.33
ZINC000066103811,O=c1c(-c2ccc(F)cc2)c2n(c(=O)n1CCCCN1CCC(c3c[nH]c4ccccc34)CC1)CCCC2,7.33
ZINC000072105059,Cc1cccc(N2CCN(CCCNC(=O)c3nc(C)n(-c4ccc(Cl)cc4)c3C)CC2)c1C,7.33
ZINC000100966504,CN(C)C[C@H]1[C@H]2CC[C@@H](C2)[C@@H]1c1ccc2cc(O)ccc2c1,7.33
ZINC000101281369,C=CCN1[C@H]2CC[C@H]1[C@@H](C(=O)OC)[C@@H](c1ccc(SCC)cc1)C2,7.33
ZINC000103245787,CN(CCC[C@@]1(c2ccc(F)cc2)OCc2cc(C#N)ccc21)[C@H]1CC=C(c2c[nH]c3ccccc23)CC1,7.33
ZINC000103245790,CN(CCC[C@]1(c2ccc(F)cc2)OCc2cc(C#N)ccc21)[C@H]1CC=C(c2c[nH]c3ccccc23)CC1,7.33
ZINC000169311260,CN(CCC[C@@]1(c2ccc(F)cc2)OCc2cc(C#N)ccc21)[C@@H]1CC=C(c2c[nH]c3ccccc23)CC1,7.33
ZINC000169311262,CN(CCC[C@]1(c2ccc(F)cc2)OCc2cc(C#N)ccc21)[C@@H]1CC=C(c2c[nH]c3ccccc23)CC1,7.33
ZINC000299836445,Fc1cc([C@H](CC2CNC2)Oc2ccccc2F)ccc1Cl,7.33
ZINC000299836446,Fc1cc([C@@H](CC2CNC2)Oc2ccccc2F)ccc1Cl,7.33
ZINC000299840650,Fc1cc([C@H](CC2CNC2)Oc2cccc(Cl)c2)ccc1Cl,7.33
ZINC000299840651,Fc1cc([C@@H](CC2CNC2)Oc2cccc(Cl)c2)ccc1Cl,7.33
ZINC000001670707,CN(C)C[C@@H](c1ccccc1)[C@@H](O)c1ccccc1,7.32
ZINC000013587185,Cc1cc2c(OC[C@@H](O)CN3CC[C@H](c4cc5cccc(F)c5s4)C[C@@H]3C)cccc2[nH]1,7.32
ZINC000028249875,NC(=O)c1ccc2[nH]cc(C3=CC[C@@H](NCCCCN[C@H]4CC=C(c5c[nH]c6ccc(C(N)=O)cc56)CC4)CC3)c2c1,7.32
ZINC000028249883,NC(=O)c1ccc2[nH]cc(C3=CC[C@H](NCCCCN[C@H]4CC=C(c5c[nH]c6ccc(C(N)=O)cc56)CC4)CC3)c2c1,7.32
ZINC000028249893,NC(=O)c1ccc2[nH]cc(C3=CC[C@@H](NCCCCN[C@@H]4CC=C(c5c[nH]c6ccc(C(N)=O)cc56)CC4)CC3)c2c1,7.32
ZINC000028252326,NC(=O)c1ccc2[nH]cc(C3=CC[C@@H](NCCCCCN[C@H]4CC=C(c5c[nH]c6ccc(C(N)=O)cc56)CC4)CC3)c2c1,7.32
ZINC000028252331,NC(=O)c1ccc2[nH]cc(C3=CC[C@H](NCCCCCN[C@H]4CC=C(c5c[nH]c6ccc(C(N)=O)cc56)CC4)CC3)c2c1,7.32
ZINC000028252336,NC(=O)c1ccc2[nH]cc(C3=CC[C@@H](NCCCCCN[C@@H]4CC=C(c5c[nH]c6ccc(C(N)=O)cc56)CC4)CC3)c2c1,7.32
ZINC000028374766,O=C1OC2(CCC(N3CCN(Cc4ccccc4I)CC3)CC2)c2ccc3c(c21)OCO3,7.32
ZINC000028960379,CN(C)C[C@@H]1C[C@@H]1c1cccc2c(C#N)cccc12,7.32
ZINC000028960383,CN(C)C[C@H]1C[C@@H]1c1cccc2c(C#N)cccc12,7.32
ZINC000028960388,CN(C)C[C@@H]1C[C@H]1c1cccc2c(C#N)cccc12,7.32
ZINC000028960391,CN(C)C[C@H]1C[C@H]1c1cccc2c(C#N)cccc12,7.32
ZINC000028967249,Fc1ccc(C(OCCC2CCN(C[C@@H]3Cc4ccccc4CN3)CC2)c2ccc(F)cc2)cc1,7.32
ZINC000045285791,CNC[C@@H](O)[C@H](c1cccc(F)c1)n1ccc2cc(C)ccc21,7.32
ZINC000045302800,CNC[C@@H](O)[C@H](c1cccc(F)c1)n1ccc2cccc(Cl)c21,7.32
ZINC000101387239,N#Cc1cc(O[C@H]2C[C@@H]3CC[C@H](C2)N3)nc(-c2ccccc2C#N)c1,7.32
ZINC000253632611,O=C(Oc1ccccc1)[C@@H]1[C@H]2C[C@H]3CC[C@H]1N3C/C2=C\c1ccc(Cl)c(Cl)c1,7.32
ZINC000253632612,O=C(Oc1ccccc1)[C@H]1[C@H]2C[C@H]3CC[C@H]1N3C/C2=C\c1ccc(Cl)c(Cl)c1,7.32
ZINC000253635072,COC(=O)[C@H]1[C@H]2C[C@H]3CC[C@H]1N3C/C2=C\c1ccc(-c2cccs2)s1,7.32
ZINC000253635075,COC(=O)[C@@H]1[C@H]2C[C@H]3CC[C@H]1N3C/C2=C\c1ccc(-c2cccs2)s1,7.32
ZINC000026968100,O[C@@H](COc1ccc(F)c2c1OCCC2)CN1CCC2(CC1)OCc1c2ccc2ccccc12,7.31
ZINC000026968107,O[C@H](COc1ccc(F)c2c1OCCC2)CN1CCC2(CC1)OCc1c2ccc2ccccc12,7.31
ZINC000027549973,CCOC(=O)[C@H]1[C@@H](c2ccc(-c3c(C)ccn3C)cc2)C[C@@H]2CC[C@H]1N2,7.31
ZINC000027549978,CCOC(=O)[C@@H]1[C@@H](c2ccc(-c3c(C)ccn3C)cc2)C[C@@H]2CC[C@H]1N2,7.31
ZINC000027551177,CCOC(=O)[C@H]1[C@@H](c2ccc(-c3ccc(C)n3C)cc2)C[C@@H]2CC[C@H]1N2,7.31
ZINC000027551180,CCOC(=O)[C@@H]1[C@@H](c2ccc(-c3ccc(C)n3C)cc2)C[C@@H]2CC[C@H]1N2,7.31
ZINC000029047872,C#CCN(CC#C)C(=O)[C@@]1(c2ccc3c(c2)OCO3)C[C@H]1CN,7.31
ZINC000064559770,CN1CCC(C(=O)OCc2ccccc2)(c2ccc(-c3ccccc3)cc2)CC1,7.31
ZINC000072106407,CCCc1nc(C(=O)NCCCN2CCN(c3cccc(Cl)c3Cl)CC2)c(C)n1-c1ccc2c(c1)OCCO2,7.31
ZINC000072112311,Clc1ccc([C@@]23CCC[C@@H]2CNC3)cc1Cl,7.31
ZINC000072112564,Clc1ccc(C[C@@]23CCCC[C@@H]2CNC3)cc1Cl,7.31
ZINC000100742381,CC(C)OC(=O)[C@H]1[C@@H](c2ccc(I)cc2)C[C@H]2CC[C@H]1N2CCCF,7.31
ZINC000100761670,CC(C)OC(=O)[C@@H]1[C@@H](c2ccc(I)cc2)C[C@H]2CC[C@H]1N2CCCF,7.31
ZINC000101030935,Fc1ccc2[nH]cc([C@H]3CC[C@@H](N4CCN(c5cccc6[nH]ccc56)CC4)CC3)c2c1,7.31
ZINC000103245773,COc1ccc2[nH]cc(CN(C)CCC[C@@]3(c4ccc(F)cc4)OCc4cc(C#N)ccc43)c2c1,7.31
ZINC000103245777,COc1ccc2[nH]cc(CN(C)CCC[C@]3(c4ccc(F)cc4)OCc4cc(C#N)ccc43)c2c1,7.31
ZINC000253644174,CCOC(=O)[C@@H]1[C@H]2CC[C@@H](C[C@H]1c1ccc(-c3c(C)ccn3C)cc1)N2,7.31
ZINC000253644176,CCOC(=O)[C@H]1[C@H]2CC[C@@H](C[C@H]1c1ccc(-c3c(C)ccn3C)cc1)N2,7.31
ZINC000253679554,CCCN1[C@H]2CC[C@H]1[C@@H](C(=O)OC)[C@@H](c1ccc(SCC)cc1)C2,7.31
ZINC000253680506,CC(C)OC(=O)[C@@H]1[C@H](c2ccc(I)cc2)C[C@H]2CC[C@H]1N2CCCF,7.31
ZINC000253680510,CC(C)OC(=O)[C@H]1[C@H](c2ccc(I)cc2)C[C@H]2CC[C@H]1N2CCCF,7.31
ZINC000253696117,O=C(OC[C@@H]1[C@H]2C[C@H]3CC[C@H]1N3C/C2=C\c1ccc(Cl)c(Cl)c1)c1ccc(I)cc1,7.31
ZINC000253696121,O=C(OC[C@H]1[C@H]2C[C@H]3CC[C@H]1N3C/C2=C\c1ccc(Cl)c(Cl)c1)c1ccc(I)cc1,7.31
ZINC000253740033,CCOC(=O)[C@H]1[C@H]2CC[C@@H](C[C@H]1c1ccc(-c3ccc(C)n3C)cc1)N2,7.31
ZINC000253740038,CCOC(=O)[C@@H]1[C@H]2CC[C@@H](C[C@H]1c1ccc(-c3ccc(C)n3C)cc1)N2,7.31
ZINC000000000440,O[C@]1(c2ccc(Cl)cc2)c2ccccc2C2=NCCN21,7.3
ZINC000000896621,O[C@@]1(c2ccc(Cl)cc2)c2ccccc2C2=NCCN21,7.3
ZINC000002026490,c1ccc2c(CC3CCNCC3)c[nH]c2c1,7.3
ZINC000013437330,O=C(COc1cc(Cl)cc(Cl)c1)N(Cc1cccc(Cl)c1)C1CCNCC1,7.3
ZINC000013490087,Cc1ccc2cc(C3CCN(C[C@H](O)COc4cccc5[nH]ccc45)CC3)sc2c1,7.3
ZINC000013491138,O[C@@H](CCN1CCN(c2cccc3c2OCCO3)CC1)c1csc2ccccc12,7.3
ZINC000013491139,O[C@H](CCN1CCN(c2cccc3c2OCCO3)CC1)c1csc2ccccc12,7.3
ZINC000013582473,COC(=O)c1ccc2[nH]cc(CCCCN3CCN(c4ccc5c(c4)OCCO5)CC3)c2c1,7.3
ZINC000013761884,COC(=O)[C@H]1[C@@H](c2ccc(Cl)c(Cl)c2)C[C@@H]2CC[C@H]1N2C/C=C/I,7.3
ZINC000013861803,O[C@@H](CCN1CCN(c2ccc(Cl)cc2)CC1)c1csc2ccccc12,7.3
ZINC000013861804,O[C@H](CCN1CCN(c2ccc(Cl)cc2)CC1)c1csc2ccccc12,7.3
ZINC000019365462,O[C@H](CCN1CCN(CCOC(c2ccc(F)cc2)c2ccc(F)cc2)CC1)c1ccc(Br)cc1,7.3
ZINC000019365464,O[C@@H](CCN1CCN(CCOC(c2ccc(F)cc2)c2ccc(F)cc2)CC1)c1ccc(Br)cc1,7.3
ZINC000026981422,O[C@H](COc1ccccc1)CN1CCC2(CC1)OCc1c2ccc2ccccc12,7.3
ZINC000034986938,c1ccc2cc([C@]34CNC[C@H]3C4)ccc2c1,7.3
ZINC000034986939,c1ccc2cc([C@@]34CNC[C@@H]3C4)ccc2c1,7.3
ZINC000035994409,NC[C@H]1CC[C@@H](c2ccc(Br)cc2)O1,7.3
ZINC000035994410,NC[C@H]1CC[C@H](c2ccc(Br)cc2)O1,7.3
ZINC000035994411,NC[C@@H]1CC[C@@H](c2ccc(Br)cc2)O1,7.3
ZINC000035994412,NC[C@@H]1CC[C@H](c2ccc(Br)cc2)O1,7.3
ZINC000035994543,NC[C@H](O)[C@H](c1ccccc1)n1ccc2ccccc21,7.3
ZINC000040392370,CNC[C@]1(O)Cc2ccccc2[C@@H]1Oc1cccc(C)c1C,7.3
ZINC000040423343,CN(C)[C@@H]1C[C@H](Oc2ccc(Cl)cc2)c2ccccc21,7.3
ZINC000040845226,CN(C)Cc1ccccc1C(=O)c1ccc(Cl)c(Cl)c1,7.3
ZINC000040861516,CNCCC[C@@H](c1ccc(Cl)c(Cl)c1)c1cccc2ccccc12,7.3
ZINC000040943321,C[C@@H]1CN(c2ccc3ccccc3n2)CCN1CCCCN1C(=O)CCCC1=O,7.3
ZINC000040943323,C[C@H]1CN(c2ccc3ccccc3n2)CCN1CCCCN1C(=O)CCCC1=O,7.3
ZINC000045284583,COc1ccc(-c2c3n(c(=O)n(CCCCN4CCC(c5c[nH]c6ccccc56)CC4)c2=O)CCCC3)cc1,7.3
ZINC000053295133,COc1cc(N2CCNC[C@@H]2Cc2ccccc2)cc2cc[nH]c12,7.3
ZINC000053295136,COc1cc(N2CCNC[C@H]2Cc2ccccc2)cc2cc[nH]c12,7.3
ZINC000072106237,Cc1cccc(N2CCN(CCCNC(=O)c3cn(-c4ccccc4)c(-c4ccccc4)n3)CC2)c1C,7.3
ZINC000084610826,O=C1CNCCCN1c1ccc(Cl)c(Cl)c1,7.3
ZINC000100793259,COC(=O)[C@H]1[C@@H](c2ccc(F)cc2)C[C@H]2CC[C@H]1N2CCCCCc1ccccc1,7.3
ZINC000100793261,COC(=O)[C@@H]1[C@@H](c2ccc(F)cc2)C[C@H]2CC[C@H]1N2CCCCCc1ccccc1,7.3
ZINC000100812632,CCC[C@@H]1[C@H](c2ccc(C)cc2)C[C@H]2CC[C@H]1N2C,7.3
ZINC000101168038,c1ccc2cc([C@@]34CNC[C@H]3C4)ccc2c1,7.3
ZINC000101168042,c1ccc2cc([C@]34CNC[C@@H]3C4)ccc2c1,7.3
ZINC000253632997,COC(=O)[C@H]1[C@H](c2ccc(F)cc2)C[C@H]2CC[C@H]1N2CCCCCc1ccccc1,7.3
ZINC000253633001,COC(=O)[C@@H]1[C@H](c2ccc(F)cc2)C[C@H]2CC[C@H]1N2CCCCCc1ccccc1,7.3
ZINC000261115689,CN1[C@H]2CC[C@H]1[C@@H]1COC(=O)CCCCCC(=O)Nc3ccc(cc3)[C@@H]1C2,7.3
ZINC000261115692,CN1[C@H]2CC[C@H]1[C@H]1COC(=O)CCCCCC(=O)Nc3ccc(cc3)[C@@H]1C2,7.3
ZINC000261115694,CN1[C@H]2CC[C@H]1[C@@H]1COC(=O)CCCCCC(=O)Nc3ccc(cc3)[C@H]1C2,7.3
ZINC000261115696,CN1[C@H]2CC[C@H]1[C@H]1COC(=O)CCCCCC(=O)Nc3ccc(cc3)[C@H]1C2,7.3
ZINC000002572406,Cc1ccc2c(CCN)c[nH]c2c1,7.29
ZINC000013761425,COc1cccc2c1CCC[C@H]2CN(C)CCc1ccc2c(c1)C=CS2(=O)=O,7.29
ZINC000022938646,Fc1ccc(C(OCCN2CCN(Cc3ccc4ccccc4n3)CC2)c2ccc(F)cc2)cc1,7.29
ZINC000028571168,CC(C)CN1C[C@@H](CNCCc2c[nH]c3ccc(F)cc23)Oc2ccccc21,7.29
ZINC000028571169,CC(C)CN1C[C@H](CNCCc2c[nH]c3ccc(F)cc23)Oc2ccccc21,7.29
ZINC000028881911,Ic1ccccc1O[C@@H](c1ccccc1)[C@H]1CNCCO1,7.29
ZINC000028960347,N#Cc1ccc2c([C@@H]3C[C@@H]3CN3CCCC3)cccc2c1,7.29
ZINC000028960351,N#Cc1ccc2c([C@H]3C[C@@H]3CN3CCCC3)cccc2c1,7.29
ZINC000028960356,N#Cc1ccc2c([C@@H]3C[C@H]3CN3CCCC3)cccc2c1,7.29
ZINC000028960359,N#Cc1ccc2c([C@H]3C[C@H]3CN3CCCC3)cccc2c1,7.29
ZINC000029474456,COC(=O)[C@H]1[C@@H](c2ccc(-c3ccc([N+](=O)[O-])cc3)cc2)C[C@@H]2CC[C@H]1N2C,7.29
ZINC000036271312,Cc1ccc([C@@H]2C[C@H]3CC[C@@H]([C@@H]2C(=O)CC/C=C/I)N3C)cc1,7.29
ZINC000036271314,Cc1ccc([C@H]2C[C@H]3CC[C@@H]([C@@H]2C(=O)CC/C=C/I)N3C)cc1,7.29
ZINC000043105393,FC(F)(F)c1cc(COCC2(c3ccccc3)CCCNCCC2)cc(C(F)(F)F)c1,7.29
ZINC000072106803,CCCc1nc(C(=O)NC[C@H](O)CN2CCN(c3cccc(Cl)c3Cl)CC2)c(C)n1-c1ccc(OC)cc1,7.29
ZINC000072106804,CCCc1nc(C(=O)NC[C@@H](O)CN2CCN(c3cccc(Cl)c3Cl)CC2)c(C)n1-c1ccc(OC)cc1,7.29
ZINC000095562676,Cc1ccccc1Sc1ccccc1N1CCNCC1,7.29
ZINC000096909810,O=C1C[C@@H](c2c[nH]c3ccccc23)C(=O)N1CCCN1CC=C(c2c[nH]c3ccc(Cl)cc23)CC1,7.29
ZINC000100812620,CCCC[C@@H]1[C@H](c2ccc(C)cc2)C[C@H]2CC[C@H]1N2C,7.29
ZINC000103135105,O=C1C[C@H](c2c[nH]c3ccccc23)C(=O)N1CCCN1CC=C(c2c[nH]c3ccc(Cl)cc23)CC1,7.29
ZINC000103245812,CN(C)CCC[C@@](O)(c1ccc(Br)cc1)c1ccc(C#N)cc1CO,7.29
ZINC000103245815,CN(C)CCC[C@](O)(c1ccc(Br)cc1)c1ccc(C#N)cc1CO,7.29
ZINC000103245832,CN(C)CCC[C@@]1(c2ccc(-c3cccc(C#N)c3)cc2)OCc2cc(C#N)ccc21,7.29
ZINC000103245834,CN(C)CCC[C@]1(c2ccc(-c3cccc(C#N)c3)cc2)OCc2cc(C#N)ccc21,7.29
ZINC000196779545,CN1[C@H]2CC[C@H]1[C@@H](C(=O)Oc1ccccc1)[C@@H](c1ccc(I)cc1)C2,7.29
ZINC000253639075,Cc1ccc([C@H]2C[C@H]3CC[C@@H]([C@H]2C(=O)CC/C=C/I)N3C)cc1,7.29
ZINC000253639076,Cc1ccc([C@@H]2C[C@H]3CC[C@@H]([C@H]2C(=O)CC/C=C/I)N3C)cc1,7.29
ZINC000253794955,CN1[C@H]2CC[C@H]1[C@H](C(=O)Oc1ccccc1)[C@H](c1ccc(I)cc1)C2,7.29
ZINC000253794965,CN1[C@H]2CC[C@H]1[C@@H](C(=O)Oc1ccccc1)[C@H](c1ccc(I)cc1)C2,7.29
ZINC000253794967,CN1[C@H]2CC[C@H]1[C@H](C(=O)Oc1ccccc1)[C@@H](c1ccc(I)cc1)C2,7.29
ZINC000299838178,Fc1cc([C@H](CC2CNC2)Oc2ccccc2)ccc1Cl,7.29
ZINC000299838179,Fc1cc([C@@H](CC2CNC2)Oc2ccccc2)ccc1Cl,7.29
ZINC000013490098,Cc1cc(C)c2cc(C3CCN(C[C@H](O)COc4cccc5[nH]c(C)cc45)CC3)sc2c1,7.28
ZINC000013683655,C[C@H](Cc1ccccc1)CN1CCC(CCOC(c2ccc(F)cc2)c2ccc(F)cc2)CC1,7.28
ZINC000013761424,COc1cccc2c1CCC[C@H]2CN(C)CCc1ccc2sccc2c1,7.28
ZINC000013776988,CN1[C@H]2CC[C@@H]1C[C@H](c1ccc(F)cc1)[C@H]2COc1ccc2c(c1)OCO2,7.28
ZINC000022927610,O[C@@H](CCN1CCN(CCOC(c2ccc(F)cc2)c2ccc(F)cc2)CC1)c1cccc(F)c1,7.28
ZINC000022927613,O[C@H](CCN1CCN(CCOC(c2ccc(F)cc2)c2ccc(F)cc2)CC1)c1cccc(F)c1,7.28
ZINC000026499416,NC(=O)c1ccc2c(c1)CCO[C@@H]2CCN1CCC(c2nsc3cc(F)ccc23)CC1,7.28
ZINC000026499419,NC(=O)c1ccc2c(c1)CCO[C@H]2CCN1CCC(c2nsc3cc(F)ccc23)CC1,7.28
ZINC000026974917,O[C@H](COc1ccccc1F)CN1CCC2(CC1)OCc1c2ccc2ccccc12,7.28
ZINC000028883594,COc1ccc([C@@H]2CNCc3cc(OCCCN4CCOCC4)ncc32)cc1,7.28
ZINC000028883600,COc1ccc([C@H]2CNCc3cc(OCCCN4CCOCC4)ncc32)cc1,7.28
ZINC000028960404,CNC[C@@H]1C[C@@H]1c1ccc2ccccc2c1,7.28
ZINC000028960408,CNC[C@H]1C[C@@H]1c1ccc2ccccc2c1,7.28
ZINC000028960414,CNC[C@@H]1C[C@H]1c1ccc2ccccc2c1,7.28
ZINC000028960419,CNC[C@H]1C[C@H]1c1ccc2ccccc2c1,7.28
ZINC000038252682,CNC[C@@H](O)[C@H](c1cccc(F)c1)n1ccc2cc(Br)ccc21,7.28
ZINC000040848404,c1ccc(C[C@]2(c3ccc4[nH]ccc4c3)CCNC2)nc1,7.28
ZINC000040848406,c1ccc(C[C@@]2(c3ccc4[nH]ccc4c3)CCNC2)nc1,7.28
ZINC000043105387,FC(F)(F)c1cc(COC[C@@]2(c3ccccc3)CCCCNCC2)cc(C(F)(F)F)c1,7.28
ZINC000043105390,FC(F)(F)c1cc(COC[C@]2(c3ccccc3)CCCCNCC2)cc(C(F)(F)F)c1,7.28
ZINC000095558501,COc1cccc(Sc2ccccc2N2CCNCC2)c1,7.28
ZINC000100773435,Cc1cc([C@H]2[C@@H](c3ccc(Cl)cc3)C[C@H]3CC[C@H]2N3C)on1,7.28
ZINC000100966599,CN(C)C[C@@H]1[C@H]2CC[C@@H](C2)[C@@H]1c1cccc2ccccc12,7.28
ZINC000100966606,CN(C)C[C@H]1[C@H]2CC[C@@H](C2)[C@@H]1c1cccc2ccccc12,7.28
ZINC000100985583,Cc1cc([C@@H]2[C@@H](c3ccc(Cl)cc3)C[C@H]3CC[C@H]2N3C)on1,7.28
ZINC000101492306,CCCCCCC(=O)OC[C@H]1[C@@H](c2ccc(Cl)c(Cl)c2)C[C@H]2CC[C@H]1N2C,7.28
ZINC000143358054,CN(C)C[C@@H]1[C@H]2CC[C@@H](C2)[C@H]1c1cccc2ccccc12,7.28
ZINC000146277897,Cc1cc([C@@H]2[C@H](c3ccc(Cl)cc3)C[C@H]3CC[C@H]2N3C)on1,7.28
ZINC000169188949,Cc1cc([C@H]2[C@H](c3ccc(Cl)cc3)C[C@H]3CC[C@H]2N3C)on1,7.28
ZINC000169373206,CN(C)[C@@H]1[C@H]2CC[C@@H](C[C@@H]2OC(=O)c2ccccc2)[C@@H]1c1ccccc1,7.28
ZINC000253636044,COC(=O)[C@@H]1[C@H]2C[C@H]3CC[C@H]1N3C/C2=C\c1ccc(Cl)s1,7.28
ZINC000253636046,COC(=O)[C@H]1[C@H]2C[C@H]3CC[C@H]1N3C/C2=C\c1ccc(Cl)s1,7.28
ZINC000253689945,CN(C)[C@H]1[C@@H](c2ccccc2)[C@H]2CC[C@H]1[C@H](OC(=O)c1ccccc1)C2,7.28
ZINC000253689952,CN(C)[C@H]1[C@H](c2ccccc2)[C@H]2CC[C@H]1[C@@H](OC(=O)c1ccccc1)C2,7.28
ZINC000253689958,CN(C)[C@H]1[C@H](c2ccccc2)[C@H]2CC[C@H]1[C@H](OC(=O)c1ccccc1)C2,7.28
ZINC000253754663,CN(C)C[C@H]1[C@H]2CC[C@@H](C2)[C@H]1c1cccc2ccccc12,7.28
ZINC000000077360,COc1ccc2c(CCN)c[nH]c2c1,7.27
ZINC000000332736,Cn1cc(CCN)c2ccccc21,7.27
ZINC000003993656,CN[C@H]1CC[C@@H](c2ccc(Cl)c(Cl)c2)c2cc(S(C)(=O)=O)ccc21,7.27
ZINC000013472755,CN(C)Cc1ccccc1Sc1ccc(/C=C/I)cc1N,7.27
ZINC000013761449,COc1cccc2c1CCC[C@H]2CN(C)CCc1ccc2ccncc2c1,7.27
ZINC000028372222,O=C1OC2(CCC(N3CCN(Cc4ccccc4I)CC3)CC2)c2ccc3c(c21)OCCO3,7.27
ZINC000029046769,C#CCN(CC(=C)F)C(=O)[C@@]1(c2ccc3c(c2)OCCO3)C[C@H]1CN,7.27
ZINC000038332053,COc1ccc2occ(CCN3CC=C(c4c[nH]c5ccc(F)cc45)CC3)c2c1,7.27
ZINC000040836355,C#C[C@H]1[C@@H](c2ccc(C)cc2)C[C@@H]2CC[C@H]1N2C,7.27
ZINC000049055027,Cc1cccc(N2CCN(CCCNC(=O)c3cc(-c4ccccc4)n(-c4ccc(F)cc4)c3C)CC2)c1C,7.27
ZINC000058569556,Cc1c(Cl)cccc1N1CCN(CCNC(=O)c2cc(C(C)(C)C)n(C)c2C)CC1,7.27
ZINC000066100524,CNC[C@@H]1Cc2ccccc2[C@@H](c2ccc(Cl)c(Cl)c2)C1,7.27
ZINC000095561803,Cc1cccc(Sc2ccccc2N2CCNCC2)c1,7.27
ZINC000103245766,CN(CCC[C@@]1(c2ccc(F)cc2)OCc2cc(C#N)ccc21)Cc1c[nH]c2ccccc12,7.27
ZINC000103245769,CN(CCC[C@]1(c2ccc(F)cc2)OCc2cc(C#N)ccc21)Cc1c[nH]c2ccccc12,7.27
ZINC000221180896,O[C@@H]1C[C@@H](C(c2ccc(F)cc2)c2ccc(F)cc2)OC[C@H]1NCc1ccc2c(c1)CCO2,7.27
ZINC000253696172,COC(=O)[C@@H]1[C@H]2C[C@H]3CC[C@H]1N3C/C2=C\c1cccc(Cl)c1,7.27
ZINC000253696180,COC(=O)[C@H]1[C@H]2C[C@H]3CC[C@H]1N3C/C2=C\c1cccc(Cl)c1,7.27
ZINC000013644789,COC(=O)[C@@H]1[C@H]2CC[C@@H](C[C@H]1c1ccc(F)c(F)c1)N2,7.26
ZINC000027199044,CN1CCc2ccc3[nH]c(=O)c4cccc5c4c3c2[C@H]1C5,7.26
ZINC000028520282,COC(=O)[C@H]1[C@@H](c2ccc(F)c(F)c2)C[C@@H]2CC[C@H]1N2,7.26
ZINC000028520283,COC(=O)[C@@H]1[C@@H](c2ccc(F)c(F)c2)C[C@@H]2CC[C@H]1N2,7.26
ZINC000029481142,COC(=O)[C@H](c1ccc2cc(OC)ccc2c1)[C@@H]1CCCN1,7.26
ZINC000040880381,CNC[C@@H](O)[C@H](c1ccc(OC)cc1)N(C)c1ccccc1,7.26
ZINC000049872288,COc1ccc2[nH]cc(C3CCN(CCCCn4c(=O)c(-c5ccc(F)cc5)c5ccccn5c4=O)CC3)c2c1,7.26
ZINC000066098316,CN(C)CC1(c2cccc(Cl)c2)CCCCC1,7.26
ZINC000072105262,CCCc1nc(C(=O)NCCCN2CCN(c3cccc(Cl)c3C)CC2)c(C)n1-c1ccccc1OC,7.26
ZINC000261129310,COC(=O)[C@H]1[C@H]2CC[C@@H](C[C@H]1c1ccc(F)c(F)c1)N2,7.26
ZINC000013491062,COc1ccc([C@]2(O)c3ccccc3C3=NCCCN32)cc1,7.25
ZINC000013491063,COc1ccc([C@@]2(O)c3ccccc3C3=NCCCN32)cc1,7.25
ZINC000013677487,COC(=O)[C@H]1CN(C)CC[C@H]1c1ccc(Cl)cc1,7.25
ZINC000029129831,CNCc1ccccc1Oc1ccc(Cl)cc1Cl,7.25
ZINC000029390738,CN1CC[C@H](c2ccc(Cl)cc2)[C@@H](C(=O)NCCCCCCCCNC(=O)[C@H]2CN(C)CC[C@@H]2c2ccc(Cl)cc2)C1,7.25
ZINC000033976241,CN[C@@H](C)c1ccccc1Oc1ccc(Cl)cc1,7.25
ZINC000033976242,CN[C@H](C)c1ccccc1Oc1ccc(Cl)cc1,7.25
ZINC000058575694,Cc1[nH]c(-c2ccc(Cl)cc2)cc1C(=O)NCCCN1CCN(c2cccc(Cl)c2Cl)CC1,7.25
ZINC000095587112,CN1CCC(COCc2cc(C(F)(F)F)cc(C3(F)CC3)n2)(c2ccccc2)CC1,7.25
ZINC000096909352,O=C1C[C@H](c2c[nH]c3ccccc23)C(=O)N1CCN1CCC(c2c[nH]c3ccccc23)CC1,7.25
ZINC000100801357,Fc1ccc([C@@H]2C[C@H]3CC[C@@H](N3)[C@@H]2COc2ccc3c(c2)OCO3)cc1,7.25
ZINC000103134403,O=C1C[C@@H](c2c[nH]c3ccccc23)C(=O)N1CCN1CCC(c2c[nH]c3ccccc23)CC1,7.25
ZINC000103173003,Cc1cn2c3c(=O)n(C)c(=O)n(C)c3nc2n1CCCN1CCN(c2cccc(Cl)c2Cl)CC1,7.25
ZINC000150524403,CN1[C@H]2CC[C@H]1[C@@H](COC(=O)CCCCC(=O)OC[C@H]1[C@@H](c3ccc(Cl)c(Cl)c3)C[C@@H]3CC[C@H]1N3C)[C@@H](c1ccc(Cl)c(Cl)c1)C2,7.25
ZINC000253632593,COC(=O)[C@@H]1[C@H]2C[C@H]3CC[C@H]1N3C/C2=C\c1ccc(OC)cc1,7.25
ZINC000253632594,COC(=O)[C@H]1[C@H]2C[C@H]3CC[C@H]1N3C/C2=C\c1ccc(OC)cc1,7.25
ZINC000000393884,CN(C)CCCc1c[nH]c2ccccc12,7.24
ZINC000013491150,O[C@@H](CCN1CCN(c2cccc3c2OCO3)CC1)c1csc2ccc(F)cc12,7.24
ZINC000013491151,O[C@H](CCN1CCN(c2cccc3c2OCO3)CC1)c1csc2ccc(F)cc12,7.24
ZINC000013584844,CC(=O)OCCSC[C@H]1CN(C)CC[C@@H]1c1ccc(Cl)cc1,7.24
ZINC000013677484,CC(=O)OCCSC[C@@H]1CN(C)CC[C@H]1c1ccc(Cl)cc1,7.24
ZINC000013677509,CC(=O)OCCSC[C@H]1CN(C)CC[C@H]1c1ccc(Cl)cc1,7.24
ZINC000013677528,CC(=O)OCCSC[C@@H]1CN(C)CC[C@@H]1c1ccc(Cl)cc1,7.24
ZINC000013683680,C[C@H](CCN1CCC(CCOC(c2ccc(F)cc2)c2ccc(F)cc2)CC1)c1ccccc1,7.24
ZINC000013746588,c1ccc(CCCN2CCC(COC(c3ccccc3)c3ccccc3)CC2)cc1,7.24
ZINC000019360481,COc1ccc2c(c1)CCC(CN1CCN(CCOC(c3ccc(F)cc3)c3ccc(F)cc3)CC1)=C2,7.24
ZINC000028960264,CCN(C)C[C@@H]1C[C@@H]1c1cccc2ccccc12,7.24
ZINC000028960267,CCN(C)C[C@H]1C[C@@H]1c1cccc2ccccc12,7.24
ZINC000029047869,C=CCN(CC=C)C(=O)[C@@]1(c2ccc3c(c2)OCO3)C[C@H]1CN,7.24
ZINC000035998235,CN(C)[C@@H]1CC[C@@](COCc2cc(C(F)(F)F)cc(C(F)(F)F)c2)(c2ccccc2)C1,7.24
ZINC000035998236,CN(C)[C@H]1CC[C@@](COCc2cc(C(F)(F)F)cc(C(F)(F)F)c2)(c2ccccc2)C1,7.24
ZINC000035998237,CN(C)[C@@H]1CC[C@](COCc2cc(C(F)(F)F)cc(C(F)(F)F)c2)(c2ccccc2)C1,7.24
ZINC000035998238,CN(C)[C@H]1CC[C@](COCc2cc(C(F)(F)F)cc(C(F)(F)F)c2)(c2ccccc2)C1,7.24
ZINC000038438383,CN(C)C[C@@H]1CCC[C@H]1c1c[nH]c2ccc(C#N)cc12,7.24
ZINC000040413985,O=c1c(-c2ccccc2)c2ccccn2c(=O)n1CCCCN1CCC(c2c[nH]c3ccccc23)CC1,7.24
ZINC000045254621,Cc1c(C(=O)N(C)[C@@H]2CCNC2)ccc(Cl)c1Cl,7.24
ZINC000066079018,CN(C)CC1(c2ccc(F)c(F)c2)CCCCC1,7.24
ZINC000087690221,Cc1c(C(=O)NCCN2CCN(c3cccc(Cl)c3Cl)CC2)cc(-c2ccccc2)n1C,7.24
ZINC000095590042,FC(F)(F)c1cc(COCC2(c3ccccc3)CCNCC2)nc(N2CCCC2)c1,7.24
ZINC000101103056,COC(=O)[C@@H]1[C@@H]2CC[C@@H](C[C@@H]1c1ccc(Cl)c(Cl)c1)O2,7.24
ZINC000101182500,CCn1cc([C@H]2CC[C@@H](N3CCN(c4cccc5[nH]ccc45)CC3)CC2)c2cc(C#N)ccc21,7.24
ZINC000103245875,CN(CCC[C@@]1(c2ccc(F)cc2)OCc2cc(C#N)ccc21)Cc1coc2ccccc12,7.24
ZINC000103245877,CN(CCC[C@]1(c2ccc(F)cc2)OCc2cc(C#N)ccc21)Cc1coc2ccccc12,7.24
ZINC000253666899,CCN(C)C[C@H]1C[C@H]1c1cccc2ccccc12,7.24
ZINC000253666904,CCN(C)C[C@@H]1C[C@H]1c1cccc2ccccc12,7.24
ZINC000299836459,Fc1ccc(O[C@@H](CC2CNC2)c2ccc(Cl)c(F)c2)cc1,7.24
ZINC000299836462,Fc1ccc(O[C@H](CC2CNC2)c2ccc(Cl)c(F)c2)cc1,7.24
ZINC000299855430,O=c1c(-c2ccc(Cl)cc2)c2ccccn2c(=O)n1CCCCN1CC=C(c2c[nH]c3ccc(F)cc23)CC1,7.24
ZINC000013778662,CN1CCN(c2ccc3c(n2)-c2ccccc2C3)CC1,7.23
ZINC000022927441,O[C@@H](CCN1CCN(CCOC(c2ccc(F)cc2)c2ccc(F)cc2)CC1)c1cccs1,7.23
ZINC000022927445,O[C@H](CCN1CCN(CCOC(c2ccc(F)cc2)c2ccc(F)cc2)CC1)c1cccs1,7.23
ZINC000028371604,COc1ccccc1CC1CCN(C2CCC3(CC2)OC(=O)c2c3ccc3c2OCCO3)CC1,7.23
ZINC000028883133,COc1cccc([C@@H]2CN(C)Cc3cc(OCCCN4CCCCC4)ncc32)c1,7.23
ZINC000028883140,COc1cccc([C@H]2CN(C)Cc3cc(OCCCN4CCCCC4)ncc32)c1,7.23
ZINC000042888380,COc1ccc2[nH]cc(C3CCN(CCCCn4c(=O)c(-c5ccccc5F)c5ccccn5c4=O)CC3)c2c1,7.23
ZINC000070631591,C[C@@H](N[C@@H]1CC[C@@H](C(=O)N2CCC(C(=O)N3CCCC3)(c3ccccc3)CC2)C(C)(C)C1)c1ccc(Cl)cc1,7.23
ZINC000100875770,CCOC(=O)[C@H]1[C@@H](c2ccc(-c3cccn3Cc3ccccc3)cc2)C[C@H]2CC[C@H]1N2C,7.23
ZINC000100875772,CCOC(=O)[C@@H]1[C@@H](c2ccc(-c3cccn3Cc3ccccc3)cc2)C[C@H]2CC[C@H]1N2C,7.23
ZINC000103228724,Oc1ccc(CN[C@@H]2CO[C@H](C(c3ccc(F)cc3)c3ccc(F)cc3)C[C@H]2O)cc1,7.23
ZINC000253794972,CCOC(=O)[C@@H]1[C@H](c2ccc(-c3cccn3Cc3ccccc3)cc2)C[C@H]2CC[C@H]1N2C,7.23
ZINC000253794980,CCOC(=O)[C@H]1[C@H](c2ccc(-c3cccn3Cc3ccccc3)cc2)C[C@H]2CC[C@H]1N2C,7.23
ZINC000299854764,Cc1ccccc1-c1c(=O)n(CCCCN2CC=C(c3c[nH]c4ccc(F)cc34)CC2)c(=O)n2ccccc12,7.23
ZINC000013439739,O=[N+]([O-])c1ccc2nc(N3CCNCC3)cc(-c3ccccc3)c2c1,7.22
ZINC000013490102,Cc1cc2c(OC[C@@H](O)CN3CCC(c4cc5cc(Cl)ccc5s4)CC3)cccc2[nH]1,7.22
ZINC000013491060,Oc1ccc([C@]2(O)c3ccccc3C3=NCCCN32)cc1,7.22
ZINC000013491061,Oc1ccc([C@@]2(O)c3ccccc3C3=NCCCN32)cc1,7.22
ZINC000013582443,NC(=O)c1ccc2[nH]cc(CCCCN3CCN(c4ccc5c(c4)OCCO5)CC3)c2c1,7.22
ZINC000013674811,c1cc2c(c(N3CCN(CCCCc4c[nH]c5ccccc45)CC3)c1)OCCO2,7.22
ZINC000013761407,CN(CCc1ccc2c(c1)OCO2)C[C@@H]1CCCc2c1ccc1c2OCO1,7.22
ZINC000013761408,CN(CCc1ccc2c(c1)OCO2)C[C@H]1CCCc2c1ccc1c2OCO1,7.22
ZINC000013761433,COc1cccc2c1CCC[C@H]2CN(C)CCc1ccc2c(c1)CN(S(=O)(=O)C(F)(F)F)C2,7.22
ZINC000013861773,O=C(CCN1CCN(c2ccc(Cl)cc2)CC1)c1cccs1,7.22
ZINC000028571490,CN[C@H]1CC[C@@H](c2ccc(Cl)c(Cl)c2)c2cc(C(=O)O)ccc21,7.22
ZINC000029042741,C=C(F)CN(C)C(=O)[C@@]1(c2ccsc2)C[C@H]1CN,7.22
ZINC000029042900,C=CCN(C)C(=O)[C@@]1(c2ccsc2)C[C@H]1CN,7.22
ZINC000029048940,CCOc1cc(Cl)ccc1O[C@H](c1ccccc1)[C@@H]1CNCCO1,7.22
ZINC000029048944,CCOc1cc(Cl)ccc1O[C@@H](c1ccccc1)[C@@H]1CNCCO1,7.22
ZINC000029048947,CCOc1cc(Cl)ccc1O[C@H](c1ccccc1)[C@H]1CNCCO1,7.22
ZINC000029048950,CCOc1cc(Cl)ccc1O[C@@H](c1ccccc1)[C@H]1CNCCO1,7.22
ZINC000029390331,CN1CC[C@H](c2ccc(Cl)cc2)[C@@H](C(=O)NCCCCCCNC(=O)[C@H]2CN(C)CC[C@@H]2c2ccc(Cl)cc2)C1,7.22
ZINC000034801026,CCN(CCc1c[nH]c2ccc(F)cc12)[C@H]1COc2c(F)ccc(C(N)=O)c2C1,7.22
ZINC000034801027,CCN(CCc1c[nH]c2ccc(F)cc12)[C@@H]1COc2c(F)ccc(C(N)=O)c2C1,7.22
ZINC000040414508,CN(C)Cc1ccccc1Oc1ccc(C#N)cc1,7.22
ZINC000040423043,CSc1ccc(Oc2ccc(NS(C)(=O)=O)cc2CN(C)C)cc1C,7.22
ZINC000040428826,Cc1ccc(Sc2ccccc2CN(C)C)c(NCc2ccc([N+](=O)[O-])cc2)c1,7.22
ZINC000040935887,CN(C)Cc1cc(S(N)(=O)=O)ccc1Cc1ccc(Cl)c(Cl)c1,7.22
ZINC000066112419,C[C@H](N)C1(c2ccc3ccccc3c2)CCCCC1,7.22
ZINC000066112420,C[C@@H](N)C1(c2ccc3ccccc3c2)CCCCC1,7.22
ZINC000100861266,COC(=O)[C@@H]1[C@H]2CC[C@@H](C2)C[C@@H]1c1ccc2ccccc2c1,7.22
ZINC000013439747,O=[N+]([O-])c1ccc2nc(N3CCNCC3)cc(N3CCCC3)c2c1,7.21
ZINC000013491144,O[C@@H](CCN1CCN(c2cccc3ccccc23)CC1)c1csc2ccc(F)cc12,7.21
ZINC000013491145,O[C@H](CCN1CCN(c2cccc3ccccc23)CC1)c1csc2ccc(F)cc12,7.21
ZINC000013806652,COC(=O)[C@@H]1CN(C)CC[C@@H]1c1ccc(-c2ccccc2)cc1,7.21
ZINC000013835649,CN[C@@H]1C[C@@H](c2ccc(Cl)c(Cl)c2)c2cc(OC)c(OC)cc21,7.21
ZINC000027550767,CN[C@@H]1C[C@H](c2ccc(Cl)c(Cl)c2)c2cc(OC)c(OC)cc21,7.21
ZINC000040846011,CN[C@@H](C)c1cc(C(F)(F)F)ccc1Oc1ccc(Cl)c(Cl)c1,7.21
ZINC000040846013,CN[C@H](C)c1cc(C(F)(F)F)ccc1Oc1ccc(Cl)c(Cl)c1,7.21
ZINC000043010718,CCc1ccccc1O[C@@H](c1cccnc1)C1CCNCC1,7.21
ZINC000043010721,CCc1ccccc1O[C@H](c1cccnc1)C1CCNCC1,7.21
ZINC000045253086,O=c1[nH]c2cccc(N3CCN(C[C@@H]4CCc5c([nH]c6ccc(F)cc56)C4)CC3)c2o1,7.21
ZINC000045253088,O=c1[nH]c2cccc(N3CCN(C[C@H]4CCc5c([nH]c6ccc(F)cc56)C4)CC3)c2o1,7.21
ZINC000045261166,O=c1[nH]c2cccc(N3CCN(CCC[C@@H]4CCc5c([nH]c6ccc(F)cc56)C4)CC3)c2o1,7.21
ZINC000045261169,O=c1[nH]c2cccc(N3CCN(CCC[C@H]4CCc5c([nH]c6ccc(F)cc56)C4)CC3)c2o1,7.21
ZINC000045354509,CCCN(CCCc1c[nH]c2ccc(F)cc12)[C@H]1COc2ccc3c(c2C1)C(=O)NCC3,7.21
ZINC000045354513,CCCN(CCCc1c[nH]c2ccc(F)cc12)[C@@H]1COc2ccc3c(c2C1)C(=O)NCC3,7.21
ZINC000045484610,COc1ccc(CC(C)(C)NC[C@H](O)COc2cccc3[nH]c(=O)[nH]c23)cc1,7.21
ZINC000049089254,Cc1c(C(=O)NCCCN2CCN(c3cccc(Cl)c3Cl)CC2)cc(-c2ccccc2)n1C,7.21
ZINC000058569014,CN(C)CCC[C@@]1(c2ccc(F)cc2)OCc2cc(-c3cccc(Cl)c3)ccc21,7.21
ZINC000062224808,CN(C)CCC[C@]1(c2ccc(F)cc2)OCc2cc(-c3cccc(Cl)c3)ccc21,7.21
ZINC000066100523,NC[C@@H]1Cc2ccccc2[C@@H](c2ccc(Cl)c(Cl)c2)C1,7.21
ZINC000101181351,Cc1nc2c(N3CCN([C@@H]4CC[C@@H](c5c[nH]c6ccccc56)CC4)CC3)cccc2[nH]1,7.21
ZINC000101300690,Clc1ccc([C@@]2(OCc3ccccc3)C[C@@H]3CC[C@H](C2)N3)cc1Cl,7.21
ZINC000103245860,CCCCN(C)CCC[C@@]1(c2ccc(F)cc2)OCc2cc(C#N)ccc21,7.21
ZINC000103245862,CCCCN(C)CCC[C@]1(c2ccc(F)cc2)OCc2cc(C#N)ccc21,7.21
ZINC000103253713,Fc1ccc2[nH]cc(CCCN3CCN(CCCc4c[nH]c5ccc(Br)cc45)CC3)c2c1,7.21
ZINC000116262036,CN1CCN2c3c(cccc31)[C@@H]1CN(CCCC(=O)c3ccc(F)cc3)CC[C@@H]12,7.21
ZINC000136984693,CN1[C@H]2CC[C@H]1[C@H](CCCOC(c1ccccc1)c1ccccc1)[C@H](c1ccccc1)C2,7.21
ZINC000136984740,CN1[C@H]2CC[C@H]1[C@@H](CCCOC(c1ccccc1)c1ccccc1)[C@H](c1ccccc1)C2,7.21
ZINC000150543602,CN1[C@H]2CC[C@H]1[C@@H](C(=O)NCc1ccc(CCNC(=O)[C@@H]3[C@@H](c4ccc(-c5ccsc5)cc4)C[C@@H]4CC[C@H]3N4C)cc1)[C@@H](c1ccc(-c3ccsc3)cc1)C2,7.21
ZINC000169345032,CN(C)CC[C@@H](Oc1ccc(NC(=O)Nc2ccc3ccccc3c2)cc1)c1ccccc1,7.21
ZINC000169345033,CN(C)CC[C@H](Oc1ccc(NC(=O)Nc2ccc3ccccc3c2)cc1)c1ccccc1,7.21
ZINC000169345044,Cc1ccc(NC(=O)Nc2ccc(O[C@@H](CCN(C)C)c3ccccc3)cc2)cc1Cl,7.21
ZINC000169345045,Cc1ccc(NC(=O)Nc2ccc(O[C@H](CCN(C)C)c3ccccc3)cc2)cc1Cl,7.21
ZINC000253651958,CN1[C@H]2CC[C@H]1[C@H](CCCOC(c1ccccc1)c1ccccc1)[C@@H](c1ccccc1)C2,7.21
ZINC000253651964,CN1[C@H]2CC[C@H]1[C@@H](CCCOC(c1ccccc1)c1ccccc1)[C@@H](c1ccccc1)C2,7.21
ZINC000013835645,CN[C@@H]1C[C@@H](c2ccc(Cl)c(Cl)c2)c2c(OC)cccc21,7.2
ZINC000027552147,CN[C@@H]1C[C@H](c2ccc(Cl)c(Cl)c2)c2c(OC)cccc21,7.2
ZINC000028821555,CCCN(CCc1c[nH]c2ccc(F)cc12)[C@@H]1COc2ccc3ncccc3c2C1,7.2
ZINC000028821556,CCCN(CCc1c[nH]c2ccc(F)cc12)[C@H]1COc2ccc3ncccc3c2C1,7.2
ZINC000028892832,CC(C)N1CCN(C(=O)c2ccc([C@@H](CCN(C)C)Oc3ccccc3)cc2)CC1,7.2
ZINC000028892838,CC(C)N1CCN(C(=O)c2ccc([C@H](CCN(C)C)Oc3ccccc3)cc2)CC1,7.2
ZINC000040938108,Cc1ccc2c(OCCN3CC(COc4ccc5c(c4)NC(=O)CO5)C3)cccc2n1,7.2
ZINC000045335820,O=C1NCc2ccc3c(c21)C[C@@H](N(CCCc1c[nH]c2ccc(F)cc12)C1CCC1)CO3,7.2
ZINC000045335821,O=C1NCc2ccc3c(c21)C[C@H](N(CCCc1c[nH]c2ccc(F)cc12)C1CCC1)CO3,7.2
ZINC000053295146,c1ccc(C[C@@H]2CNCCN2c2cnc3[nH]ccc3c2)cc1,7.2
ZINC000053295150,c1ccc(C[C@H]2CNCCN2c2cnc3[nH]ccc3c2)cc1,7.2
ZINC000095585745,C1=CC[C@@H](c2ccc3ccccc3c2)CNC1,7.2
ZINC000095585746,C1=CC[C@H](c2ccc3ccccc3c2)CNC1,7.2
ZINC000095588390,Fc1ccc(F)c(O[C@@H](c2ccccc2)[C@H]2CCNC2)c1F,7.2
ZINC000095591091,Cc1ccccc1O[C@@H](c1ccccc1)[C@H]1CCNC1,7.2
ZINC000095592496,O=[N+]([O-])c1ccccc1O[C@H](c1ccccc1)[C@@H]1CCNC1,7.2
ZINC000101180818,CCCn1cc([C@H]2CC[C@@H](N3CCN(c4cccc5[nH]ccc45)CC3)CC2)c2cc(C#N)ccc21,7.2
ZINC000003948259,N#Cc1ccc2[nH]cc([C@@H]3CC[C@@H](N4CCCCC4)C3)c2c1,7.19
ZINC000013489691,O=[N+]([O-])c1ccc(CN[C@@H]2CC[C@H](C(c3ccccc3)c3ccccc3)OC2)cc1,7.19
ZINC000013975941,N#Cc1ccc2[nH]cc([C@H]3CC[C@@H](N4CCCCC4)C3)c2c1,7.19
ZINC000013975942,N#Cc1ccc2[nH]cc([C@@H]3CC[C@H](N4CCCCC4)C3)c2c1,7.19
ZINC000014177232,N#Cc1ccc2[nH]cc([C@H]3CC[C@H](N4CCCCC4)C3)c2c1,7.19
ZINC000028571012,CN[C@H]1CC[C@@H](c2ccc(Cl)c(Cl)c2)c2cc(C(=O)O)c(NS(C)(=O)=O)cc21,7.19
ZINC000028892801,CN(C)CC[C@@H](Oc1cccc(OCCCN2CCCCC2)c1)c1ccccc1,7.19
ZINC000028892807,CN(C)CC[C@H](Oc1cccc(OCCCN2CCCCC2)c1)c1ccccc1,7.19
ZINC000029043166,C=CN(CC)C(=O)[C@@]1(c2ccc3c(c2)OCCO3)C[C@H]1CN,7.19
ZINC000029047463,C=CCN(CC)C(=O)[C@@]1(c2ccc3c(c2)OCCO3)C[C@H]1CN,7.19
ZINC000029047746,C=CCN(CC#CC)C(=O)[C@@]1(c2ccc3c(c2)OCO3)C[C@H]1CN,7.19
ZINC000034084532,CNC[C@H]1CCC[C@H]1c1ccc2[nH]cc(C#N)c2c1,7.19
ZINC000049889361,COc1ccc(C2=NN(CCCCCNCC[C@@H](Oc3ccc(C(F)(F)F)cc3)c3ccccc3)C(=O)[C@H]3CC=CC[C@H]23)cc1OC,7.19
ZINC000049889362,COc1ccc(C2=NN(CCCCCNCC[C@@H](Oc3ccc(C(F)(F)F)cc3)c3ccccc3)C(=O)[C@@H]3CC=CC[C@H]23)cc1OC,7.19
ZINC000049889363,COc1ccc(C2=NN(CCCCCNCC[C@@H](Oc3ccc(C(F)(F)F)cc3)c3ccccc3)C(=O)[C@H]3CC=CC[C@@H]23)cc1OC,7.19
ZINC000049889364,COc1ccc(C2=NN(CCCCCNCC[C@@H](Oc3ccc(C(F)(F)F)cc3)c3ccccc3)C(=O)[C@@H]3CC=CC[C@@H]23)cc1OC,7.19
ZINC000066076345,CN[C@@H](C)C1(c2ccc(Cl)c(Cl)c2)CCCCC1,7.19
ZINC000066076347,CN[C@H](C)C1(c2ccc(Cl)c(Cl)c2)CCCCC1,7.19
ZINC000072106089,CCCc1nc(C(=O)NC[C@H](O)CN2CCN(c3cccc(Cl)c3Cl)CC2)c(C)n1-c1ccc(F)cc1,7.19
ZINC000072106090,CCCc1nc(C(=O)NC[C@@H](O)CN2CCN(c3cccc(Cl)c3Cl)CC2)c(C)n1-c1ccc(F)cc1,7.19
ZINC000100861271,COC(=O)[C@H]1[C@H]2CC[C@@H](C2)C[C@@H]1c1ccc2ccccc2c1,7.19
ZINC000100890939,COc1ccccc1N1CCN(CC/C(=N\O)c2ccc(C)s2)CC1,7.19
ZINC000101008652,COC(=O)[C@@H]1[C@H](c2ccc(-c3ccc(N)s3)cc2)C[C@H]2CC[C@H]1N2C,7.19
ZINC000101112157,C[C@H](CF)OC(=O)[C@H]1[C@@H](c2ccc(Cl)cc2)C[C@H]2CC[C@H]1N2C,7.19
ZINC000101112158,C[C@H](CF)OC(=O)[C@@H]1[C@@H](c2ccc(Cl)cc2)C[C@H]2CC[C@H]1N2C,7.19
ZINC000101300608,Clc1ccc([C@@]2(OCc3ccccc3)C[C@@H]3CC[C@H](C2)N3)cc1,7.19
ZINC000150543584,CN1[C@H]2CC[C@H]1[C@@H](C(=O)NCc1ccc(CCNC(=O)[C@@H]3[C@@H](c4ccc(Cl)cc4)C[C@@H]4CC[C@H]3N4C)cc1)[C@@H](c1ccc(Cl)cc1)C2,7.19
ZINC000168407894,COC(=O)[C@H]1[C@@H](c2ccc(-c3ccc(N)s3)cc2)C[C@H]2CC[C@H]1N2C,7.19
ZINC000169345062,CN(C)CC[C@@H](Oc1ccc(NC(=O)c2ccc(Cl)c(Cl)c2)cc1)c1ccccc1,7.19
ZINC000169345063,CN(C)CC[C@H](Oc1ccc(NC(=O)c2ccc(Cl)c(Cl)c2)cc1)c1ccccc1,7.19
ZINC000253659132,C[C@H](CF)OC(=O)[C@H]1[C@H](c2ccc(Cl)cc2)C[C@H]2CC[C@H]1N2C,7.19
ZINC000253659137,C[C@H](CF)OC(=O)[C@@H]1[C@H](c2ccc(Cl)cc2)C[C@H]2CC[C@H]1N2C,7.19
ZINC000261163444,COC(=O)[C@H]1[C@H](c2ccc(-c3ccc(N)s3)cc2)C[C@H]2CC[C@H]1N2C,7.19
ZINC000261163447,COC(=O)[C@@H]1[C@@H](c2ccc(-c3ccc(N)s3)cc2)C[C@H]2CC[C@H]1N2C,7.19
ZINC000299857234,COc1ccc(CN[C@@H]2CO[C@H](C(c3ccccc3)c3ccccc3)C[C@H]2O)c(F)c1,7.19
ZINC000013579479,CN1CC[C@H](c2ccc(Cl)cc2)[C@@H](CC(=O)N(C)Cc2ccccc2)C1,7.18
ZINC000038800873,Cc1ccc2c3c(ccc2n1)OC[C@H](CN1CCN(c2ccc4cc(F)ccc4n2)CC1)O3,7.18
ZINC000040393188,N#Cc1c[nH]c2ccc([C@@]3(Cc4ccccc4)CCNC3)cc12,7.18
ZINC000040393189,N#Cc1c[nH]c2ccc([C@]3(Cc4ccccc4)CCNC3)cc12,7.18
ZINC000040866676,CCC[C@]1(c2ccc3[nH]ccc3c2)CCNC1,7.18
ZINC000040866678,CCC[C@@]1(c2ccc3[nH]ccc3c2)CCNC1,7.18
ZINC000040938825,NC(=O)c1ccc(F)c2c1C[C@@H](N(CCCc1c[nH]c3c(Cl)cccc13)C1CCC1)CO2,7.18
ZINC000040938827,NC(=O)c1ccc(F)c2c1C[C@H](N(CCCc1c[nH]c3c(Cl)cccc13)C1CCC1)CO2,7.18
ZINC000072104696,CCCc1nc(C(=O)NCCCN2CCN(c3cccc(Cl)c3C)CC2)cn1-c1ccc(Cl)cc1,7.18
ZINC000103008200,Cc1ccc([C@H]2C[C@H]3CC[C@H]([C@H]2[C@@H](O)c2ccc(C)cc2)N3C)cc1,7.18
ZINC000004307008,N=c1scc(-c2ccc(Br)cc2)n1-c1cccc(C(F)(F)F)c1,7.17
ZINC000013439745,O=[N+]([O-])c1ccc2nc(N3CCNCC3)cc(-c3cccs3)c2c1,7.17
ZINC000013531000,Fc1ccc(O[C@@H](CC2CCNCC2)c2ccc(F)cc2)cc1,7.17
ZINC000013531003,Fc1ccc(O[C@H](CC2CCNCC2)c2ccc(F)cc2)cc1,7.17
ZINC000013677480,CN1CC[C@@H](c2ccc(Cl)cc2)[C@H](CSCC(=O)NCCc2ccccc2)C1,7.17
ZINC000022939408,Oc1ccc(/C=C/CN2CCN(CCOC(c3ccc(F)cc3)c3ccc(F)cc3)CC2)cc1,7.17
ZINC000026006364,COc1cccc2c1CCC[C@H]2CN(C)CCc1ccc2oc(O)nc2c1,7.17
ZINC000026661905,CN1CC[C@@H](c2ccc(Cl)cc2)[C@H](C(=O)NCc2ccc(CNC(=O)CCc3ccccc3)cc2)C1,7.17
ZINC000028960331,CCN(CC)C[C@@H]1C[C@@H]1c1cccc2cc(C#N)ccc12,7.17
ZINC000028960336,CCN(CC)C[C@H]1C[C@@H]1c1cccc2cc(C#N)ccc12,7.17
ZINC000028960339,CCN(CC)C[C@@H]1C[C@H]1c1cccc2cc(C#N)ccc12,7.17
ZINC000028960344,CCN(CC)C[C@H]1C[C@H]1c1cccc2cc(C#N)ccc12,7.17
ZINC000029234796,C[C@@]12CCCN1C[C@H](c1ccc(Cl)cc1)c1ccccc12,7.17
ZINC000034051988,Cc1ccc(Sc2ccc(F)cc2)c(N2CCNCC2)c1,7.17
ZINC000036093122,N[C@H](Cc1ccccc1)CN1CCC(CCOC(c2ccc(F)cc2)c2ccc(F)cc2)CC1,7.17
ZINC000038264941,CN1Cc2ccccc2[C@H](c2cccc3ccsc23)C1,7.17
ZINC000038264943,CN1Cc2ccccc2[C@@H](c2cccc3ccsc23)C1,7.17
ZINC000040390950,NC[C@H]1CC[C@@H](CCc2ccccc2)O1,7.17
ZINC000040390953,NC[C@H]1CC[C@H](CCc2ccccc2)O1,7.17
ZINC000040390956,NC[C@@H]1CC[C@@H](CCc2ccccc2)O1,7.17
ZINC000040390959,NC[C@@H]1CC[C@H](CCc2ccccc2)O1,7.17
ZINC000072104697,CCCc1nc(C(=O)NCCCN2CCN(c3cccc(C)c3C)CC2)cn1-c1ccc(Cl)cc1,7.17
ZINC000095561515,Fc1ccc(Sc2ccccc2N2CCNCC2)cc1,7.17
ZINC000100800439,COC(=O)[C@@H]1[C@H](c2ccc(-c3cccc(N)c3)cc2)C[C@H]2CC[C@H]1N2C,7.17
ZINC000100846482,Cc1ccc([C@H]2C[C@H]3CC[C@H]4[C@H]2C(=O)CN43)cc1,7.17
ZINC000101030951,Fc1ccc2[nH]cc([C@H]3CC[C@@H](N4CCN(c5cccc6c5OCCO6)CC4)CC3)c2c1,7.17
ZINC000101182118,Cn1cc([C@H]2CC[C@@H](N3CCN(c4cccc5[nH]ccc45)CC3)CC2)c2cc(F)ccc21,7.17
ZINC000164821728,CN1Cc2ccccc2[C@H](c2coc3ccccc23)C1,7.17
ZINC000164821848,CN1Cc2ccccc2[C@@H](c2coc3ccccc23)C1,7.17
ZINC000253633152,COC(=O)[C@H]1[C@H](c2ccc(-c3cccc(N)c3)cc2)C[C@H]2CC[C@H]1N2C,7.17
ZINC000253633154,COC(=O)[C@H]1[C@@H](c2ccc(-c3cccc(N)c3)cc2)C[C@H]2CC[C@H]1N2C,7.17
ZINC000253633156,COC(=O)[C@@H]1[C@@H](c2ccc(-c3cccc(N)c3)cc2)C[C@H]2CC[C@H]1N2C,7.17
ZINC000299826856,Fc1ccccc1N(Cc1ccc(Cl)cc1)C1CNC1,7.17
ZINC000013490079,COc1ccc2cc(C3CCN(C[C@H](O)COc4cccc5[nH]ccc45)CC3)sc2c1,7.16
ZINC000013677466,COC(=O)CSC[C@@H]1CN(C)CC[C@H]1c1ccc(Cl)cc1,7.16
ZINC000026651010,CN1CC[C@@H](c2ccc(Cl)cc2)[C@H](C(=O)NCc2ccc(CNC(=O)/C=C/c3ccc(Cl)cc3)cc2)C1,7.16
ZINC000045258118,Cc1ccccc1-c1c2n(c(=O)n(CCCCN3CCC(c4c[nH]c5ccccc45)CC3)c1=O)CCCC2,7.16
ZINC000045325027,O=c1c(-c2ccccc2F)c2n(c(=O)n1CCCCN1CCC(c3c[nH]c4ccccc34)CC1)CCCC2,7.16
ZINC000072113758,CCN1C[C@@H]2CCCC[C@]2(c2ccc(Cl)c(Cl)c2)C1,7.16
ZINC000096909817,O=C1C[C@@H](c2c[nH]c3ccccc23)C(=O)N1CCN1CC=C(c2c[nH]c3ccc(F)cc23)CC1,7.16
ZINC000103135138,O=C1C[C@H](c2c[nH]c3ccccc23)C(=O)N1CCN1CC=C(c2c[nH]c3ccc(F)cc23)CC1,7.16
ZINC000103228731,Nc1ccc(CN[C@H]2CC[C@@H](C(c3ccc(F)cc3)c3ccc(F)cc3)OC2)cc1,7.16
ZINC000221181155,O[C@@H]1C[C@@H](C(c2ccc(F)cc2)c2ccc(F)cc2)OC[C@H]1NCc1ccc2occc2c1,7.16
ZINC000253640070,COC(=O)[C@@H]1[C@H]2C[C@H]3CC[C@H]1N3C/C2=C\C#Cc1ccc(F)c(F)c1,7.16
ZINC000253640072,COC(=O)[C@H]1[C@H]2C[C@H]3CC[C@H]1N3C/C2=C\C#Cc1ccc(F)c(F)c1,7.16
ZINC000003993648,CN[C@H]1CC[C@@H](c2ccc(Cl)c(Cl)c2)c2ccc(S(=O)(=O)N(C)C)cc21,7.15
ZINC000022927634,COc1ccc2c(c1)CC[C@H](CN1CCN(CCOC(c3ccccc3)c3ccccc3)CC1)C2=O,7.15
ZINC000022927639,COc1ccc2c(c1)CC[C@@H](CN1CCN(CCOC(c3ccccc3)c3ccccc3)CC1)C2=O,7.15
ZINC000027311136,CCCc1ccc([C@@H]2C[C@H]3CC[C@@H]([C@@H]2C(=O)OC)N3C)cc1,7.15
ZINC000027311140,CCCc1ccc([C@H]2C[C@H]3CC[C@@H]([C@@H]2C(=O)OC)N3C)cc1,7.15
ZINC000027322243,CCCc1ccc([C@H]2C[C@H]3CC[C@@H]([C@H]2C(=O)OC)N3C)cc1,7.15
ZINC000028643833,COC(=O)[C@@H]1[C@H]2CC[C@@H](C[C@H]1c1ccc(I)cc1)S2,7.15
ZINC000028959999,CN(C)C[C@@H]1C[C@@H]1c1n[nH]c2ccc(C#N)cc12,7.15
ZINC000028960001,CN(C)C[C@H]1C[C@@H]1c1n[nH]c2ccc(C#N)cc12,7.15
ZINC000028960004,CN(C)C[C@@H]1C[C@H]1c1n[nH]c2ccc(C#N)cc12,7.15
ZINC000028960008,CN(C)C[C@H]1C[C@H]1c1n[nH]c2ccc(C#N)cc12,7.15
ZINC000029042825,C#CCN(CC=C)C(=O)[C@@]1(c2ccsc2)C[C@H]1CN,7.15
ZINC000029326302,CN(C)[C@H]1CC[C@@H](c2ccc(Cl)c(Cl)c2)c2ccccc21,7.15
ZINC000040834701,c1ccc2sc([C@]34CNC[C@H]3C4)cc2c1,7.15
ZINC000040834703,c1ccc2sc([C@@]34CNC[C@@H]3C4)cc2c1,7.15
ZINC000040940279,CCCN(CCCCn1ccc2ccc(F)cc21)[C@H]1COc2c(F)ccc(C(N)=O)c2C1,7.15
ZINC000040940281,CCCN(CCCCn1ccc2ccc(F)cc21)[C@@H]1COc2c(F)ccc(C(N)=O)c2C1,7.15
ZINC000040955412,CNCc1ccccc1Sc1ccc(C(F)(F)F)cc1,7.15
ZINC000072106231,COc1ccc(-n2c(C)nc(C(=O)NC[C@@H](O)CN3CCN(c4cccc(C)c4C)CC3)c2C)cc1OC,7.15
ZINC000072106232,COc1ccc(-n2c(C)nc(C(=O)NC[C@H](O)CN3CCN(c4cccc(C)c4C)CC3)c2C)cc1OC,7.15
ZINC000072106808,Cc1c(C(=O)NC[C@H](O)CN2CCN(c3cccc(Cl)c3Cl)CC2)nc(-c2ccccc2)n1-c1ccccc1,7.15
ZINC000072106809,Cc1c(C(=O)NC[C@@H](O)CN2CCN(c3cccc(Cl)c3Cl)CC2)nc(-c2ccccc2)n1-c1ccccc1,7.15
ZINC000100921458,COC(=O)[C@@H]1[C@@H](c2ccc(/C=C/Cc3ccccc3)cc2)C[C@H]2CC[C@H]1N2C,7.15
ZINC000100921462,COC(=O)[C@H]1[C@@H](c2ccc(/C=C/Cc3ccccc3)cc2)C[C@H]2CC[C@H]1N2C,7.15
ZINC000101100619,Cc1ccc([C@@H](O)[C@H]2[C@@H](c3ccc(C)cc3)C[C@H]3CC[C@H]2N3C)cc1,7.15
ZINC000101168123,c1ccc2sc([C@@]34CNC[C@H]3C4)cc2c1,7.15
ZINC000101168125,c1ccc2sc([C@]34CNC[C@@H]3C4)cc2c1,7.15
ZINC000253640178,CCCc1ccc([C@@H]2C[C@H]3CC[C@@H]([C@H]2C(=O)OC)N3C)cc1,7.15
ZINC000253665563,COC(=O)[C@H]1[C@H]2CC[C@H]3CC[C@H]1N(C/C2=C\c1ccc(-c2ccccc2)s1)C3,7.15
ZINC000253665569,COC(=O)[C@@H]1[C@H]2CC[C@H]3CC[C@H]1N(C/C2=C\c1ccc(-c2ccccc2)s1)C3,7.15
ZINC000253752235,COC(=O)[C@@H]1[C@H]2C[C@H]3CC[C@H]1N3C/C2=C\c1ccc(-c2ccccc2)s1,7.15
ZINC000253752238,COC(=O)[C@H]1[C@H]2C[C@H]3CC[C@H]1N3C/C2=C\c1ccc(-c2ccccc2)s1,7.15
ZINC000261127470,COc1ccc(CN[C@H]2[C@H]3[C@H]4C[C@@H]5[C@@H]6[C@H]4[C@H]2[C@@H]6C[C@H]53)cc1OC,7.15
ZINC000261127471,COc1ccc(CN[C@@H]2[C@@H]3[C@@H]4[C@H]5[C@H]6C[C@@H]4[C@H]2[C@@H]6C[C@H]53)cc1OC,7.15
ZINC000261127472,COc1ccc(CN[C@H]2[C@H]3[C@H]4C[C@@H]5[C@H]6[C@@H](C[C@H]53)[C@@H]2[C@@H]64)cc1OC,7.15
ZINC000261127473,COc1ccc(CN[C@@H]2[C@H]3[C@@H]4C[C@@H]5[C@@H]6C[C@@H]([C@@H]3[C@@H]64)[C@H]25)cc1OC,7.15
ZINC000022939426,Oc1ccc(CCCN2CCN(CCOC(c3ccc(F)cc3)c3ccc(F)cc3)CC2)cc1,7.14
ZINC000026978598,O[C@@H](COc1cc(F)cc2c1OCCC2)CN1CCC2(CC1)OCc1c2ccc2ccccc12,7.14
ZINC000026978607,O[C@H](COc1cc(F)cc2c1OCCC2)CN1CCC2(CC1)OCc1c2ccc2ccccc12,7.14
ZINC000028368076,O=C1OC2(CCC(N3CCC(Cc4ccccc4Br)CC3)CC2)c2ccc3c(c21)OCCO3,7.14
ZINC000029129738,CNCc1ccccc1Oc1ccc(Cl)cc1F,7.14
ZINC000029233668,Fc1cccc(Cl)c1[C@@H]1CN2CCC[C@@H]2c2ccccc21,7.14
ZINC000035812014,CCCC(=O)N(Cc1ccc(Cl)cc1Cl)[C@H]1CCNC1,7.14
ZINC000040379963,CNC[C@@H](O)[C@H](c1ccccc1)N(C)c1ccc(C)cc1,7.14
ZINC000040402918,CNCCC[C@H](c1cccs1)c1cccc2[nH]ccc12,7.14
ZINC000040835890,c1ccc2c([C@]34CNC[C@H]3C4)csc2c1,7.14
ZINC000040835893,c1ccc2c([C@@]34CNC[C@@H]3C4)csc2c1,7.14
ZINC000096924127,CN1CC(OCc2ccccc2)(c2ccccc2)C1,7.14
ZINC000101060082,CN1[C@H]2C=C(c3c[nH]c4ccccc34)C[C@H]1CC2,7.14
ZINC000101168140,c1ccc2c([C@@]34CNC[C@H]3C4)csc2c1,7.14
ZINC000101168144,c1ccc2c([C@]34CNC[C@@H]3C4)csc2c1,7.14
ZINC000101181456,Fc1ccc2[nH]cc([C@H]3CC[C@@H](N4CCN(c5cccc6ncccc56)CC4)CC3)c2c1,7.14
ZINC000253664527,COC(=O)[C@H]1[C@H]2CC[C@H]3CC[C@H]1N(C/C2=C\c1ccc(-c2cccs2)cc1)C3,7.14
ZINC000253664529,COC(=O)[C@@H]1[C@H]2CC[C@H]3CC[C@H]1N(C/C2=C\c1ccc(-c2cccs2)cc1)C3,7.14
ZINC000253806516,CN1[C@H]2CC[C@H]1[C@@H](c1cc(Cc3ccc(F)cc3)no1)[C@@H](c1ccc(Cl)cc1)C2,7.14
ZINC000299838168,Fc1ccc(O[C@@H](CC2CNC2)c2ccc(Cl)c(Cl)c2)cc1,7.14
ZINC000299838169,Fc1ccc(O[C@H](CC2CNC2)c2ccc(Cl)c(Cl)c2)cc1,7.14
ZINC000006021007,CSc1ccc(C[C@H](C)N)cc1,7.13
ZINC000006036823,CSc1ccc(C[C@@H](C)N)cc1,7.13
ZINC000022939420,Oc1cccc(CCCN2CCN(CCOC(c3ccc(F)cc3)c3ccc(F)cc3)CC2)c1,7.13
ZINC000027194428,Cc1ccc([C@@H]2C[C@H]3CC[C@@H]([C@H]2c2ccccc2)N3C)cc1,7.13
ZINC000034619308,CNC[C@H](O)[C@@H](c1ccccc1)n1ccc2ccccc21,7.13
ZINC000036093281,Cc1ccc([C@H]2C[C@H]3CC[C@@H]([C@H]2c2ccccc2)N3C)cc1,7.13
ZINC000040901331,CNCc1cc(C(F)(F)F)ccc1Oc1ccc(C)cc1,7.13
ZINC000096909805,O=C1C[C@@H](c2c[nH]c3ccccc23)C(=O)N1CCCCN1CC=C(c2c[nH]c3ccc(Cl)cc23)CC1,7.13
ZINC000100041886,CCC(=O)[C@H]1[C@@H](c2ccc(C)cc2)C[C@H]2CC[C@H]1N2C,7.13
ZINC000100041888,CCC(=O)[C@@H]1[C@@H](c2ccc(C)cc2)C[C@H]2CC[C@H]1N2C,7.13
ZINC000100728189,CON(C)C(=O)[C@@H]1[C@H](c2ccc(I)cc2)C[C@H]2CC[C@H]1N2C,7.13
ZINC000100999542,COC(=O)[C@@H]1[C@H](c2cccc(-c3ccsc3)c2)C[C@H]2CC[C@H]1N2C,7.13
ZINC000103135082,O=C1C[C@H](c2c[nH]c3ccccc23)C(=O)N1CCCCN1CC=C(c2c[nH]c3ccc(Cl)cc23)CC1,7.13
ZINC000136897448,CCC(=O)[C@H]1[C@H](c2ccc(C)cc2)C[C@H]2CC[C@H]1N2C,7.13
ZINC000202979589,CON(C)C(=O)[C@@H]1[C@@H](c2ccc(I)cc2)C[C@H]2CC[C@H]1N2C,7.13
ZINC000253636192,CCC(=O)[C@@H]1[C@H](c2ccc(C)cc2)C[C@H]2CC[C@H]1N2C,7.13
ZINC000253640390,CON(C)C(=O)[C@H]1[C@@H](c2ccc(I)cc2)C[C@H]2CC[C@H]1N2C,7.13
ZINC000253640392,CON(C)C(=O)[C@H]1[C@H](c2ccc(I)cc2)C[C@H]2CC[C@H]1N2C,7.13
ZINC000253688766,COC(=O)[C@H]1[C@H]2C[C@H]3CC[C@H]1N3C/C2=C\c1ccc(I)cc1Cl,7.13
ZINC000253688773,COC(=O)[C@@H]1[C@H]2C[C@H]3CC[C@H]1N3C/C2=C\c1ccc(I)cc1Cl,7.13
ZINC000253703284,COC(=O)[C@H]1[C@H](c2cccc(-c3ccsc3)c2)C[C@H]2CC[C@H]1N2C,7.13
ZINC000253703289,COC(=O)[C@H]1[C@@H](c2cccc(-c3ccsc3)c2)C[C@H]2CC[C@H]1N2C,7.13
ZINC000253703292,COC(=O)[C@@H]1[C@@H](c2cccc(-c3ccsc3)c2)C[C@H]2CC[C@H]1N2C,7.13
ZINC000299837141,Fc1ccccc1O[C@@H](CC1CNC1)c1ccc(Cl)c(Cl)c1,7.13
ZINC000299837142,Fc1ccccc1O[C@H](CC1CNC1)c1ccc(Cl)c(Cl)c1,7.13
ZINC000000403685,NCCc1c[nH]c2ccc(Br)cc12,7.12
ZINC000000601250,Clc1ccc(CS[C@H](Cn2ccnc2)c2ccc(Cl)cc2Cl)cc1,7.12
ZINC000003873371,Clc1ccc(CS[C@@H](Cn2ccnc2)c2ccc(Cl)cc2Cl)cc1,7.12
ZINC000013587202,COc1cccc2sc([C@H]3CCN(C[C@H](O)COc4cccc5oc(C)cc45)[C@@H](C)C3)cc12,7.12
ZINC000013778615,Fc1ccc(/C=C/CN2CCC(CCOC(c3ccc(F)cc3)c3ccc(F)cc3)CC2)cc1,7.12
ZINC000027546583,COc1ccc([C@H](CN)[C@@H](O)C2CCCCC2)cc1,7.12
ZINC000028769882,C/C=C/CN1[C@H]2CC[C@@H]1C[C@H](c1ccc(I)cc1)[C@@H]2C(=O)OC,7.12
ZINC000029042661,NC[C@@H]1C[C@@]1(C(=O)[C@@H]1NCc2ccccc21)c1ccsc1,7.12
ZINC000029042663,NC[C@@H]1C[C@@]1(C(=O)[C@H]1NCc2ccccc21)c1ccsc1,7.12
ZINC000029042829,C=CCN(CC=C)C(=O)[C@@]1(c2ccsc2)C[C@H]1CN,7.12
ZINC000034072864,C[C@@H]1CN(c2ccc3ccccc3n2)CCN1CCCCN1C(=O)CC2(CCCC2)CC1=O,7.12
ZINC000034072867,C[C@H]1CN(c2ccc3ccccc3n2)CCN1CCCCN1C(=O)CC2(CCCC2)CC1=O,7.12
ZINC000036093123,N[C@@H](Cc1ccccc1)CN1CCC(CCOC(c2ccc(F)cc2)c2ccc(F)cc2)CC1,7.12
ZINC000038560049,Cc1ccc2c3c(ccc2n1)OC[C@H](CN1CCN(c2ccc4ccccc4n2)CC1)O3,7.12
ZINC000040828939,CNC[C@@H](O)[C@H](c1ccccc1)N(C)c1ccccc1,7.12
ZINC000040937649,NC(=O)c1ccc(F)c2c1C[C@@H](N(CCCc1c[nH]c3ccc(Cl)cc13)C1CCC1)CO2,7.12
ZINC000040937651,NC(=O)c1ccc(F)c2c1C[C@H](N(CCCc1c[nH]c3ccc(Cl)cc13)C1CCC1)CO2,7.12
ZINC000040972598,CN1[C@H]2CC[C@@H]1[C@H](C=C(Br)Br)[C@@H](c1ccc(Cl)cc1)C2,7.12
ZINC000043011291,c1ccc(Oc2ccccc2O[C@@H](c2cccnc2)C2CCNCC2)cc1,7.12
ZINC000043011294,c1ccc(Oc2ccccc2O[C@H](c2cccnc2)C2CCNCC2)cc1,7.12
ZINC000045358459,CN1CCOC[C@@H]1CCc1c[nH]c2ccc(C#N)cc12,7.12
ZINC000045358461,CN1CCOC[C@H]1CCc1c[nH]c2ccc(C#N)cc12,7.12
ZINC000049032984,CCCn1c(-c2ccccc2)cc(C(=O)NCCCCN2CCN(c3cccc(C)c3C)CC2)c1C,7.12
ZINC000049033756,CCCn1c(-c2ccccc2)cc(C(=O)NCCCCN2CCN(c3cccc(Cl)c3Cl)CC2)c1C,7.12
ZINC000049054304,CCCn1c(-c2ccccc2)cc(C(=O)NCCCN2CCN(c3cccc(C)c3C)CC2)c1C,7.12
ZINC000049695148,COc1ccc2[nH]cc(C3CCN(CCCCn4c(=O)c(-c5ccc(F)cc5)c5n(c4=O)CCCC5)CC3)c2c1,7.12
ZINC000056727995,C/C=C/CN1[C@H]2CC[C@@H]1C[C@@H](c1ccc(I)cc1)[C@@H]2C(=O)OC,7.12
ZINC000070631592,Cc1ccc([C@@H](C)N[C@@H]2CC[C@@H](C(=O)N3CCC(C(=O)N4CCCC4)(c4ccccc4)CC3)C(C)(C)C2)cc1,7.12
ZINC000072104650,COc1ccc(-n2c(-c3ccccc3)nc(C(=O)NCCCN3CCN(c4cccc(Cl)c4Cl)CC3)c2C)cc1,7.12
ZINC000100921406,COC(=O)[C@@H]1[C@@H](c2ccc(C#CCCCCO)cc2)C[C@H]2CC[C@H]1N2C,7.12
ZINC000100921407,COC(=O)[C@H]1[C@@H](c2ccc(C#CCCCCO)cc2)C[C@H]2CC[C@H]1N2C,7.12
ZINC000101181259,c1ccc2c([C@H]3CC[C@@H](N4CCN(c5cccc6[nH]cnc56)CC4)CC3)c[nH]c2c1,7.12
ZINC000101181353,FC(F)(F)c1nc2c(N3CCN([C@@H]4CC[C@H](c5c[nH]c6ccccc56)CC4)CC3)cccc2[nH]1,7.12
ZINC000003993518,Fc1ccc2c(c1)C[C@@H](C[C@H]1CN=CN1)C2,7.11
ZINC000013491140,O[C@@H](CCN1CCN(c2cccc3c2OCCCO3)CC1)c1csc2ccccc12,7.11
ZINC000013491141,O[C@H](CCN1CCN(c2cccc3c2OCCCO3)CC1)c1csc2ccccc12,7.11
ZINC000013530989,Fc1ccc(O[C@@H](CC2CCNCC2)c2ccccc2)cc1,7.11
ZINC000013530992,Fc1ccc(O[C@H](CC2CCNCC2)c2ccccc2)cc1,7.11
ZINC000013537155,Fc1ccc2c(c1)C[C@H](C[C@@H]1CN=CN1)C2,7.11
ZINC000013537158,Fc1ccc2c(c1)C[C@@H](C[C@@H]1CN=CN1)C2,7.11
ZINC000013537162,Fc1ccc2c(c1)C[C@H](C[C@H]1CN=CN1)C2,7.11
ZINC000022925315,O[C@H](CN1CCN(CCOC(c2ccc(F)cc2)c2ccc(F)cc2)CC1)c1ccccc1,7.11
ZINC000022940896,Fc1ccc(C(OCCN2C[C@@H]3CC[C@H](C2)N3CCCc2ccccc2)c2ccc(F)cc2)cc1,7.11
ZINC000028260497,CCc1ccc([C@@H]2C[C@H]3CC[C@@H]([C@@H]2C(C)=O)N3C)cc1,7.11
ZINC000028260503,CCc1ccc([C@H]2C[C@H]3CC[C@@H]([C@@H]2C(C)=O)N3C)cc1,7.11
ZINC000028376896,O=C1OC2(CCC(N3CCC(Cc4cc(F)ccc4Br)CC3)CC2)c2ccc3c(c21)OCCO3,7.11
ZINC000029047606,NC[C@@H]1C[C@@]1(C(=O)[C@@H]1NCc2ccccc21)c1ccc2c(c1)OCO2,7.11
ZINC000029047609,NC[C@@H]1C[C@@]1(C(=O)[C@H]1NCc2ccccc21)c1ccc2c(c1)OCO2,7.11
ZINC000029127831,NCC(=O)NC[C@@H]1C[C@@]1(C(=O)N1CCc2ccccc21)c1ccccc1,7.11
ZINC000029127832,NCC(=O)NC[C@H]1C[C@@]1(C(=O)N1CCc2ccccc21)c1ccccc1,7.11
ZINC000029127833,NCC(=O)NC[C@@H]1C[C@]1(C(=O)N1CCc2ccccc21)c1ccccc1,7.11
ZINC000029127834,NCC(=O)NC[C@H]1C[C@]1(C(=O)N1CCc2ccccc21)c1ccccc1,7.11
ZINC000040829211,CNCc1ccc(Cl)cc1Oc1cccc(Cl)c1,7.11
ZINC000040937025,NC(=O)c1ccc(F)c2c1C[C@@H](N(CCCCn1ccc3cc(F)ccc31)CC1CC1)CO2,7.11
ZINC000040937027,NC(=O)c1ccc(F)c2c1C[C@H](N(CCCCn1ccc3cc(F)ccc31)CC1CC1)CO2,7.11
ZINC000043022342,FC(F)(F)c1ccccc1O[C@@H](c1cccnc1)C1CCNCC1,7.11
ZINC000043022344,FC(F)(F)c1ccccc1O[C@H](c1cccnc1)C1CCNCC1,7.11
ZINC000045291455,CNC[C@@H](O)[C@H](c1cccc(F)c1)n1ccc2cc(F)ccc21,7.11
ZINC000049036291,Cc1cccc(N2CCN(CCCNC(=O)c3cc(-c4ccccc4)[nH]c3C)CC2)c1C,7.11
ZINC000058549372,CCc1ccc([C@H]2C[C@H]3CC[C@@H]([C@H]2C(C)=O)N3C)cc1,7.11
ZINC000058563657,CCCn1c(C)c(C(=O)NCCN2CCN(c3cccc(Cl)c3Cl)CC2)c(C)c1-c1ccccc1,7.11
ZINC000058563882,Cc1c(C(=O)NCCN2CCN(c3cccc(Cl)c3Cl)CC2)c(C)n(C)c1-c1ccccc1,7.11
ZINC000058569116,CCCn1c(-c2ccncc2)cc(C(=O)NCCCN2CCN(c3cccc(Cl)c3Cl)CC2)c1C,7.11
ZINC000084602286,COC(=O)[C@H]1[C@H]2CC[C@@H](C[C@H]1c1ccc(-c3ccccc3)s1)O2,7.11
ZINC000084616941,COC(=O)[C@@H]1[C@H]2CC[C@@H](C[C@H]1c1cccc(-c3ccco3)c1)O2,7.11
ZINC000253634184,CCc1ccc([C@@H]2C[C@H]3CC[C@@H]([C@H]2C(C)=O)N3C)cc1,7.11
ZINC000003816898,CC(=O)N(C)c1cccc(CC2CCN(CCOc3cccc4nc(C)ccc34)CC2)c1,7.1
ZINC000005958007,CN(C)C[C@@H](c1ccc(Cl)c(Cl)c1)C1(O)CCCCC1,7.1
ZINC000005958033,CN(C)C[C@H](c1ccc(Cl)c(Cl)c1)C1(O)CCCCC1,7.1
ZINC000013761434,COc1cccc2c1CCC[C@H]2CN(C)CCc1ccc2c(c1)NCC2,7.1
ZINC000036093245,Clc1ccccc1C[C@@H](c1nccs1)N1CCNCC1,7.1
ZINC000036093246,Clc1ccccc1C[C@H](c1nccs1)N1CCNCC1,7.1
ZINC000040412396,C[C@@H]1CN(c2ccc3ccccc3n2)CCN1CCCN1C(=O)c2ccccc2C1=O,7.1
ZINC000040412399,C[C@H]1CN(c2ccc3ccccc3n2)CCN1CCCN1C(=O)c2ccccc2C1=O,7.1
ZINC000043013774,CCOc1ccccc1O[C@@H](c1cccnc1)C1CCNCC1,7.1
ZINC000043013776,CCOc1ccccc1O[C@H](c1cccnc1)C1CCNCC1,7.1
ZINC000045244909,CNC[C@@H](O)[C@H](c1cccc(F)c1)n1ccc2cc(Cl)ccc21,7.1
ZINC000045338044,N#Cc1ccc2[nH]cc(CC[C@@H]3CCCCN3CCC(F)(F)F)c2c1,7.1
ZINC000045338046,N#Cc1ccc2[nH]cc(CC[C@H]3CCCCN3CCC(F)(F)F)c2c1,7.1
ZINC000049033000,Cc1c(C(=O)NCCCN2CCN(c3cccc(Cl)c3)CC2)cc(-c2ccccc2)n1-c1ccc(F)cc1,7.1
ZINC000053295604,CNc1ccc(N2CCNC[C@@H]2Cc2ccccc2)cc1,7.1
ZINC000053295608,CNc1ccc(N2CCNC[C@H]2Cc2ccccc2)cc1,7.1
ZINC000058583849,O=C(c1ccc2[nH]ccc2c1)[C@]1(Cc2ccccc2)CCCCNC1,7.1
ZINC000064373182,O=C(c1ccc2[nH]ccc2c1)[C@@]1(Cc2ccccc2)CCCCNC1,7.1
ZINC000066104718,NCC[C@H]1Cc2ccccc2[C@@H](c2ccc(Cl)c(Cl)c2)C1,7.1
ZINC000072104678,CCCc1nc(C(=O)NC[C@H](O)CN2CCN(c3cccc(Cl)c3C)CC2)cn1-c1ccc(Cl)cc1,7.1
ZINC000072104679,CCCc1nc(C(=O)NC[C@@H](O)CN2CCN(c3cccc(Cl)c3C)CC2)cn1-c1ccc(Cl)cc1,7.1
ZINC000084601937,COC(=O)[C@@H]1[C@@H](c2cc3ccccc3s2)C[C@@H]2CC[C@H]1O2,7.1
ZINC000095588704,Fc1cc(F)c(F)c(O[C@@H](c2ccccc2)[C@H]2CCNC2)c1F,7.1
ZINC000096914818,OC[C@H](c1ccc(Cl)c(Cl)c1)C1CCNCC1,7.1
ZINC000096914819,OC[C@@H](c1ccc(Cl)c(Cl)c1)C1CCNCC1,7.1
ZINC000100862038,COC(=O)[C@@H]1[C@H](c2ccc(-c3ccccc3OC)cc2)C[C@H]2CC[C@H]1N2C,7.1
ZINC000100897349,Fc1ccc(C(OCC[C@@H]2C[C@@H]3CC[C@H](C2)N3CCCc2ccccc2)c2ccc(F)cc2)cc1,7.1
ZINC000253695626,COC(=O)[C@@H]1[C@@H](c2ccc(-c3ccccc3OC)cc2)C[C@H]2CC[C@H]1N2C,7.1
ZINC000253695630,COC(=O)[C@H]1[C@H](c2ccc(-c3ccccc3OC)cc2)C[C@H]2CC[C@H]1N2C,7.1
ZINC000253695633,COC(=O)[C@H]1[C@@H](c2ccc(-c3ccccc3OC)cc2)C[C@H]2CC[C@H]1N2C,7.1
ZINC000253915942,CN1[C@H]2CC[C@H]1[C@@H](c1cc(Cc3ccc(Cl)cc3)no1)[C@@H](c1ccc(Cl)cc1)C2,7.1
ZINC000002390011,C[C@@H](N)Cc1ccc(I)cc1,7.09
ZINC000003619527,C[C@H](N)Cc1ccc(I)cc1,7.09
ZINC000003651179,C[C@H](N)Cc1ccc2c(c1)CCC2,7.09
ZINC000003651180,C[C@@H](N)Cc1ccc2c(c1)CCC2,7.09
ZINC000013491122,O[C@@H](CCN1CCN(c2cccc3ccccc23)CC1)c1csc2ccccc12,7.09
ZINC000013491123,O[C@H](CCN1CCN(c2cccc3ccccc23)CC1)c1csc2ccccc12,7.09
ZINC000013579469,CN1CC[C@H](c2ccc(Cl)cc2)[C@@H](CC(=O)OCCCc2ccccc2)C1,7.09
ZINC000013683637,O[C@@H](Cc1ccccc1)CN1CCC(CCOC(c2ccc(F)cc2)c2ccc(F)cc2)CC1,7.09
ZINC000028365809,O=C1OC2(CCC(N3CCC(Cc4cc(F)ccc4Br)CC3)CC2)c2ccc3c(c21)OCO3,7.09
ZINC000040430682,CN1[C@H]2CC[C@@H]1[C@@H](C#Cc1ccccc1)[C@@H](c1ccc(Cl)cc1)C2,7.09
ZINC000040845293,Clc1ccc([C@]23CNC[C@H]2C3)s1,7.09
ZINC000040915279,C#CCN(CC)C(=O)[C@@]1(c2cccs2)C[C@H]1CN,7.09
ZINC000045283519,O=C1[C@@H](Cc2ccccc2N2CCNCC2)SCCN1c1ccc(Cl)c(Cl)c1,7.09
ZINC000045283521,O=C1[C@H](Cc2ccccc2N2CCNCC2)SCCN1c1ccc(Cl)c(Cl)c1,7.09
ZINC000058574734,CCCn1c(-c2ccccc2)cc(C(=O)NCCCN2CCN(c3cccc4cccnc34)CC2)c1C,7.09
ZINC000066104105,O=c1c(-c2ccccc2)c2n(c(=O)n1CCCCN1CCC(c3c[nH]c4ccccc34)CC1)CCCC2,7.09
ZINC000072105528,Cc1nc(C(=O)NCCCN2CCN(c3cccc(Cl)c3Cl)CC2)c(C)n1-c1ccccc1Cl,7.09
ZINC000072106248,CCCc1nc(C(=O)NCCN2CCN(c3cccc(Cl)c3Cl)CC2)c(C)n1-c1ccccc1,7.09
ZINC000095560359,CN1Cc2ccccc2[C@H](c2ccc(Cl)c(F)c2)C1,7.09
ZINC000095560360,CN1Cc2ccccc2[C@@H](c2ccc(Cl)c(F)c2)C1,7.09
ZINC000026657047,CN1CC[C@@H](c2ccc(Cl)cc2)[C@H](C(=O)NCc2ccc(CNC(=O)c3ccc(Cl)cc3)cc2)C1,7.08
ZINC000026978723,O[C@@H](COCc1ccccc1)CN1CCC2(CC1)OCc1c2ccc2ccccc12,7.08
ZINC000026978733,O[C@H](COCc1ccccc1)CN1CCC2(CC1)OCc1c2ccc2ccccc12,7.08
ZINC000028819389,CCN(CC)C(=O)[C@]1(c2ccc(Cl)c(Cl)c2)C[C@@H]1CN,7.08
ZINC000028960508,CN(C)C[C@@H]1C[C@@H]1c1ccc2ccc(C#N)cc2c1,7.08
ZINC000028960513,CN(C)C[C@H]1C[C@@H]1c1ccc2ccc(C#N)cc2c1,7.08
ZINC000028960517,CN(C)C[C@@H]1C[C@H]1c1ccc2ccc(C#N)cc2c1,7.08
ZINC000028960522,CN(C)C[C@H]1C[C@H]1c1ccc2ccc(C#N)cc2c1,7.08
ZINC000029042739,C#CCN(CC#C)C(=O)[C@@]1(c2ccsc2)C[C@H]1CN,7.08
ZINC000029314374,CN[C@@H]1CC[C@@H](c2ccc(Cl)cc2)c2ccccc21,7.08
ZINC000038219842,CNC[C@@H](O)[C@H](c1cccc(F)c1)N1c2ccccc2C[C@H]1C,7.08
ZINC000038219843,CNC[C@@H](O)[C@H](c1cccc(F)c1)N1c2ccccc2C[C@@H]1C,7.08
ZINC000049694960,COc1ccc(-c2c3n(c(=O)n(CCCCN4CCC(c5c[nH]c6ccc(OC)cc56)CC4)c2=O)CCCC3)cc1,7.08
ZINC000066166434,N[C@@H]1Cc2ccccc2[C@H](c2ccc(Cl)c(Cl)c2)C1,7.08
ZINC000072104849,CCCc1nc(C(=O)NCCCN2CCN(c3cccc(Cl)c3Cl)CC2)c(C)n1-c1ccccc1OC,7.08
ZINC000072106402,CCCc1nc(C(=O)NCCCN2CCN(c3cccc(Cl)c3Cl)CC2)c(C)n1-c1ccc(OC)cc1,7.08
ZINC000145632592,C[C@@H]1NCCCN(c2ccc3ccccc3c2)C1=O,7.08
ZINC000299837798,Clc1ccc([C@H](CC2CNC2)Oc2ccccc2)cc1Cl,7.08
ZINC000299837799,Clc1ccc([C@@H](CC2CNC2)Oc2ccccc2)cc1Cl,7.08
ZINC000001846953,CCN(CC)C(=O)[C@@]1(c2cccc(Cl)c2)C[C@H]1CN,7.07
ZINC000013756673,CCC(=O)[C@H]1[C@@H](c2ccc(C3CCCCC3)cc2)C[C@@H]2CC[C@H]1N2,7.07
ZINC000013778632,Fc1ccc([C@@H](OCCC2CCN(CCCc3ccccc3)CC2)c2cccs2)cc1,7.07
ZINC000013778634,Fc1ccc([C@H](OCCC2CCN(CCCc3ccccc3)CC2)c2cccs2)cc1,7.07
ZINC000026570390,CCC(=O)[C@@H]1[C@@H](c2ccc(C3CCCCC3)cc2)C[C@@H]2CC[C@H]1N2,7.07
ZINC000038929087,CN(Cc1ccccc1)C[C@H]1CCC[C@@H]1c1c[nH]c2ccc(C#N)cc12,7.07
ZINC000040393511,COc1ccc2ccccc2c1CC[C@@H]1CC[C@H](CCN)O1,7.07
ZINC000040393512,COc1ccc2ccccc2c1CC[C@H]1CC[C@H](CCN)O1,7.07
ZINC000040393513,COc1ccc2ccccc2c1CC[C@@H]1CC[C@@H](CCN)O1,7.07
ZINC000040393514,COc1ccc2ccccc2c1CC[C@H]1CC[C@@H](CCN)O1,7.07
ZINC000040896555,CNCC[C@@H](c1ccc(Cl)c(Cl)c1)c1cccc2ccccc12,7.07
ZINC000045483967,Cc1ccc([C@H]2C[C@H]3CC[C@@H]([C@H]2c2cc(Cc4ccc(Cl)cc4)no2)N3C)cc1,7.07
ZINC000058541484,Cc1c(C(=O)NCCCN2CCN(c3cccc(Cl)c3Cl)CC2)cc(-c2ccncc2)n1C,7.07
ZINC000096929838,O=C1NC[C@@H](c2ccc(Cl)c(Cl)c2)[C@H]1c1ccc(Cl)cc1,7.07
ZINC000096929839,O=C1NC[C@@H](c2ccc(Cl)c(Cl)c2)[C@@H]1c1ccc(Cl)cc1,7.07
ZINC000096929840,O=C1NC[C@H](c2ccc(Cl)c(Cl)c2)[C@H]1c1ccc(Cl)cc1,7.07
ZINC000096929841,O=C1NC[C@H](c2ccc(Cl)c(Cl)c2)[C@@H]1c1ccc(Cl)cc1,7.07
ZINC000101112165,C[C@@H](CF)OC(=O)[C@H]1[C@@H](c2ccc(Cl)cc2)C[C@H]2CC[C@H]1N2C,7.07
ZINC000101112169,C[C@@H](CF)OC(=O)[C@@H]1[C@@H](c2ccc(Cl)cc2)C[C@H]2CC[C@H]1N2C,7.07
ZINC000101387187,O=[N+]([O-])c1cccc(O[C@H]2C[C@@H]3CC[C@H](C2)N3)c1,7.07
ZINC000253633483,CCC(=O)[C@H]1[C@H]2CC[C@@H](C[C@H]1c1ccc(C3CCCCC3)cc1)N2,7.07
ZINC000253633484,CCC(=O)[C@@H]1[C@H]2CC[C@@H](C[C@H]1c1ccc(C3CCCCC3)cc1)N2,7.07
ZINC000253640347,COC(=O)[C@@H]1[C@H]2C[C@H]3CC[C@H]1N3C/C2=C\C#Cc1ccsc1,7.07
ZINC000253640350,COC(=O)[C@H]1[C@H]2C[C@H]3CC[C@H]1N3C/C2=C\C#Cc1ccsc1,7.07
ZINC000253659130,C[C@@H](CF)OC(=O)[C@@H]1[C@H](c2ccc(Cl)cc2)C[C@H]2CC[C@H]1N2C,7.07
ZINC000253659135,C[C@@H](CF)OC(=O)[C@H]1[C@H](c2ccc(Cl)cc2)C[C@H]2CC[C@H]1N2C,7.07
ZINC000253711949,CC(C)OC(=O)[C@H]1[C@H]2C[C@H]3CC[C@H]1N3C/C2=C\c1ccc(Cl)c(Cl)c1,7.07
ZINC000253711954,CC(C)OC(=O)[C@@H]1[C@H]2C[C@H]3CC[C@H]1N3C/C2=C\c1ccc(Cl)c(Cl)c1,7.07
ZINC000013584847,CC(=O)OCC[S@@](=O)C[C@H]1CN(C)CC[C@@H]1c1ccc(Cl)cc1,7.06
ZINC000013584861,CN1CC[C@H](c2ccc(Cl)cc2)[C@@H](CSCC(=O)N(C)C)C1,7.06
ZINC000013677474,CN1CC[C@@H](c2ccc(Cl)cc2)[C@H](CSCC(=O)N(C)C)C1,7.06
ZINC000013677495,CN1CC[C@@H](c2ccc(Cl)cc2)[C@@H](CSCC(=O)N(C)C)C1,7.06
ZINC000013761442,COc1cccc2c1CCC[C@H]2CN(C)CCc1ccc2nc(C)sc2c1,7.06
ZINC000013776976,CN1[C@H]2CC[C@@H]1[C@@H](COc1ccc3c(c1)OCO3)[C@H](c1ccc(F)cc1)C2,7.06
ZINC000022938584,Fc1ccc(C(OCCN2CCN(C/C=C/c3cccs3)CC2)c2ccc(F)cc2)cc1,7.06
ZINC000026742766,COc1cccc([C@@H](CN(C)C)C2(O)CCCCC2)c1,7.06
ZINC000026742771,COc1cccc([C@H](CN(C)C)C2(O)CCCCC2)c1,7.06
ZINC000026968946,CCc1cccc(OC[C@@H](O)CN2CCC3(CC2)OCc2c3ccc3ccccc23)c1,7.06
ZINC000034801041,CCCN(CCc1c[nH]c2ccc(F)cc12)[C@H]1COc2c(F)ccc(C(N)=O)c2C1,7.06
ZINC000034801042,CCCN(CCc1c[nH]c2ccc(F)cc12)[C@@H]1COc2c(F)ccc(C(N)=O)c2C1,7.06
ZINC000036093196,N#Cc1ccccc1C[C@H](c1ccccc1)N1CCNCC1,7.06
ZINC000036093197,N#Cc1ccccc1C[C@@H](c1ccccc1)N1CCNCC1,7.06
ZINC000036270698,C=C(C)c1c(OC)ccc2cc([C@H]3C[C@H]4CC[C@@H]([C@H]3C(=O)CC)N4C)ccc12,7.06
ZINC000036270700,C=C(C)c1c(OC)ccc2cc([C@H]3C[C@H]4CC[C@@H]([C@@H]3C(=O)CC)N4C)ccc12,7.06
ZINC000036271559,CC(=O)OCC[S@@](=O)C[C@@H]1CN(C)CC[C@@H]1c1ccc(Cl)cc1,7.06
ZINC000040379086,c1ccc2cc(CCN3CCNCC3)ccc2c1,7.06
ZINC000040833600,CNCc1ccc(Cl)cc1Oc1ccc(Cl)c(F)c1,7.06
ZINC000049033663,Cc1[nH]c(-c2ccccc2)cc1C(=O)NCCN1CCN(c2cccc(Cl)c2Cl)CC1,7.06
ZINC000095589284,CN1CCC(COCc2cc(C(F)(F)F)cc(Cl)n2)(c2ccccc2F)CC1,7.06
ZINC000100720409,CCC[C@H]1[C@@H](c2ccccc2)C[C@H]2CC[C@H]1N2C,7.06
ZINC000103253725,Brc1ccc2[nH]cc(CCCN3CCN(CCCc4c[nH]c5ccc(Br)cc45)CC3)c2c1,7.06
ZINC000145632800,CC[C@H]1NCCCN(c2ccc3ccccc3c2)C1=O,7.06
ZINC000145632994,CC[C@@H]1NCCCN(c2ccc3ccccc3c2)C1=O,7.06
ZINC000169306554,C=C(C)c1c(OC)ccc2cc([C@@H]3C[C@H]4CC[C@@H]([C@@H]3C(=O)CC)N4C)ccc12,7.06
ZINC000169324109,CCC[C@H]1[C@H](c2ccccc2)C[C@H]2CC[C@H]1N2C,7.06
ZINC000195127218,CC(=O)OCC[S@](=O)C[C@H]1CN(C)CC[C@H]1c1ccc(Cl)cc1,7.06
ZINC000253633488,C=C(C)c1c(OC)ccc2cc([C@@H]3C[C@H]4CC[C@@H]([C@H]3C(=O)CC)N4C)ccc12,7.06
ZINC000253640596,CC(=O)OCC[S@](=O)C[C@@H]1CN(C)CC[C@H]1c1ccc(Cl)cc1,7.06
ZINC000022925535,COc1ccc(/C=C/CN2CCN(CCOC(c3ccc(F)cc3)c3ccc(F)cc3)CC2)cc1,7.05
ZINC000028571019,c1ccc2c(c1)NC[C@@H](CNCCc1c[nH]c3ccccc13)O2,7.05
ZINC000028571021,c1ccc2c(c1)NC[C@H](CNCCc1c[nH]c3ccccc13)O2,7.05
ZINC000028571170,CN1C[C@@H](CNCCc2c[nH]c3ccccc23)Oc2ccccc21,7.05
ZINC000028571171,CN1C[C@H](CNCCc2c[nH]c3ccccc23)Oc2ccccc21,7.05
ZINC000028571561,CN[C@H]1CC[C@@H](c2ccc(Cl)c(Cl)c2)c2ccc(C(=O)O)cc21,7.05
ZINC000028960191,CNC[C@@H]1C[C@@H]1c1cccc2ccccc12,7.05
ZINC000028960195,CNC[C@H]1C[C@@H]1c1cccc2ccccc12,7.05
ZINC000028960199,CNC[C@@H]1C[C@H]1c1cccc2ccccc12,7.05
ZINC000028960203,CNC[C@H]1C[C@H]1c1cccc2ccccc12,7.05
ZINC000029325197,CN[C@@H]1CC[C@@H](c2ccc(Br)cc2)c2ccccc21,7.05
ZINC000040424399,CNC[C@H]1Cc2ccccc2[C@@H]1Oc1cccc2ccccc12,7.05
ZINC000045391960,N#Cc1ccc2[nH]cc(C3=CCN(CCc4coc5ccccc45)CC3)c2c1,7.05
ZINC000045497612,Cc1ccc(Cc2cc([C@H]3[C@@H](c4ccc(C)cc4)C[C@@H]4CC[C@H]3N4C)on2)cc1,7.05
ZINC000062178849,Cc1ccc2c3c(ccc2n1)OC[C@H](CN1CCN(c2ccc4cc(C#N)ccc4n2)C[C@H]1C)O3,7.05
ZINC000071316831,c1ccc(C(c2ccccc2)[C@@H]2CC[C@H](NCc3cccc4ccccc34)CO2)cc1,7.05
ZINC000100799598,O=C(CCCN1[C@H]2CC[C@H]1CC(c1ccccc1)C2)c1ccc(F)cc1,7.05
ZINC000100801369,Fc1ccc([C@H]2C[C@H]3CC[C@@H](N3)[C@@H]2COc2ccc3c(c2)OCO3)cc1,7.05
ZINC000101082968,COC(=O)[C@@H]1[C@@H]2CC[C@@H](C[C@@H]1c1ccc(Cl)c(Cl)c1)S2,7.05
ZINC000103252122,Cc1nc2c(s1)CC[C@H]2C(=O)Nc1ccc(C[C@@H]2CC[C@H]([C@H](O)c3cccnc3)N2)cc1,7.05
ZINC000169345064,CN(C)CC[C@@H](Oc1ccc(NC(=O)N(C)c2ccc(Cl)c(Cl)c2)cc1)c1ccccc1,7.05
ZINC000169345065,CN(C)CC[C@H](Oc1ccc(NC(=O)N(C)c2ccc(Cl)c(Cl)c2)cc1)c1ccccc1,7.05
ZINC000299857690,O=c1c(-c2ccccc2Cl)c2ccccn2c(=O)n1CCCCN1CCC(c2c[nH]c3ccc(F)cc23)CC1,7.05
ZINC000013677499,CN1CC[C@@H](c2ccc(Cl)cc2)[C@@H](CSCC(=O)Nc2ccccc2)C1,7.04
ZINC000026663773,COc1ccc(C(=O)NCc2ccc(CNC(=O)[C@@H]3CN(C)CC[C@H]3c3ccc(Cl)cc3)cc2)cc1,7.04
ZINC000028354633,COc1ccc(Br)c(CC2CCN(C3CCC4(CC3)OC(=O)c3c4ccc4c3OCO4)CC2)c1,7.04
ZINC000028380137,O=C1OC2(CCC(N3CCC(Cc4cc(Cl)ccc4Cl)CC3)CC2)c2ccc3c(c21)OCO3,7.04
ZINC000029056593,O[C@H](CN[C@H]1CC[C@@H]([C@@H](c2ccccc2)c2ccc(F)cc2)NC1)c1ccc(F)cc1,7.04
ZINC000029056598,O[C@H](CN[C@H]1CC[C@@H]([C@H](c2ccccc2)c2ccc(F)cc2)NC1)c1ccc(F)cc1,7.04
ZINC000035986052,FC(F)(F)c1cc(COC[C@]2(c3ccccc3)CCCN(Cc3ccccc3)CC2)cc(C(F)(F)F)c1,7.04
ZINC000036271653,COC(=O)[C@@H]1CN(C)CC[C@@H]1c1ccc(-c2cccs2)cc1,7.04
ZINC000040863997,COc1ccc(CC[C@@H]2CC[C@H](CCN)O2)c2ccccc12,7.04
ZINC000040863999,COc1ccc(CC[C@H]2CC[C@H](CCN)O2)c2ccccc12,7.04
ZINC000040864001,COc1ccc(CC[C@@H]2CC[C@@H](CCN)O2)c2ccccc12,7.04
ZINC000040864003,COc1ccc(CC[C@H]2CC[C@@H](CCN)O2)c2ccccc12,7.04
ZINC000040916900,CC(C)C(=O)N(Cc1ccccc1Cl)[C@H]1CCNC1,7.04
ZINC000049054310,Cc1cccc(N2CCN(CCCNC(=O)c3cc(-c4ccccc4)n(N4CCCCC4)c3C)CC2)c1C,7.04
ZINC000049089183,Cc1[nH]c(-c2ccccc2)cc1C(=O)NCCCN1CCN(c2cccc(Cl)c2)CC1,7.04
ZINC000072112636,Clc1ccc([C@@]23CCCC[C@@H]2CNC3)cc1Cl,7.04
ZINC000013490080,COc1cccc2cc(C3CCN(C[C@H](O)COc4cccc5[nH]ccc45)CC3)sc12,7.03
ZINC000013779020,Cc1c(C[C@@H](C)N)ccc2c1OCO2,7.03
ZINC000013779022,Cc1c(C[C@H](C)N)ccc2c1OCO2,7.03
ZINC000019365470,COc1ccc2c(c1)CC[C@@H](CN1CCN(CCOC(c3ccccc3)c3ccccc3)CC1)[C@@H]2O,7.03
ZINC000034665477,CN[C@H](C)c1ccccc1Oc1ccc(C)cc1,7.03
ZINC000034665478,CN[C@@H](C)c1ccccc1Oc1ccc(C)cc1,7.03
ZINC000040395200,CC(C)CC(=O)N(Cc1ccc(Cl)cc1Cl)[C@H]1CCNC1,7.03
ZINC000049033785,Cc1c(C(=O)NCCCCN2CCN(c3cccc(Cl)c3Cl)CC2)cc(-c2ccccc2)n1C,7.03
ZINC000049034232,CCCn1c(-c2ccccc2)cc(C(=O)NCCCN2CCN(c3cccc(Cl)c3)CC2)c1C,7.03
ZINC000058541521,CCn1c(-c2ccc(Cl)cc2)cc(C(=O)NCCCN2CCN(c3cccc(C)c3C)CC2)c1C,7.03
ZINC000095589014,CN1CCN(c2cc(C(F)(F)F)cc(COCC3(c4ccccc4)CCNCC3)n2)CC1,7.03
ZINC000103245851,CN(CCC[C@@]1(c2ccc(F)cc2)OCc2cc(C#N)ccc21)CC1CC1,7.03
ZINC000103245853,CN(CCC[C@]1(c2ccc(F)cc2)OCc2cc(C#N)ccc21)CC1CC1,7.03
ZINC000253633762,CC(=O)OC[C@@H]1[C@H]2C[C@H]3CC[C@H]1N3C/C2=C\c1cccc(Cl)c1,7.03
ZINC000253633764,CC(=O)OC[C@H]1[C@H]2C[C@H]3CC[C@H]1N3C/C2=C\c1cccc(Cl)c1,7.03
ZINC000253674190,CN1CCCCCCCCCC(=O)OC[C@H]2[C@@H](C[C@H]3CC[C@H]2N3C)c2ccc1cc2,7.03
ZINC000253674196,CN1CCCCCCCCCC(=O)OC[C@@H]2[C@@H](C[C@H]3CC[C@H]2N3C)c2ccc1cc2,7.03
ZINC000253674200,CN1CCCCCCCCCC(=O)OC[C@@H]2[C@H](C[C@H]3CC[C@H]2N3C)c2ccc1cc2,7.03
ZINC000253674202,CN1CCCCCCCCCC(=O)OC[C@H]2[C@H](C[C@H]3CC[C@H]2N3C)c2ccc1cc2,7.03
ZINC000261174021,COC(=O)[C@@H]1[C@H]2C[C@H]3CC[C@H]1N3C/C2=C\c1ccc(-c2ccc(Cl)s2)s1,7.03
ZINC000261174022,COC(=O)[C@H]1[C@H]2C[C@H]3CC[C@H]1N3C/C2=C\c1ccc(-c2ccc(Cl)s2)s1,7.03
ZINC000013861801,COc1ccccc1N1CCN(CC/C(=N\O)c2csc3ccccc23)CC1,7.02
ZINC000022939459,COc1ccc(CCCN2CCN(CCOC(c3ccc(F)cc3)c3ccc(F)cc3)CC2)cc1,7.02
ZINC000038207433,CNC[C@H](O)[C@H](c1ccccc1)n1ccc2cc(F)ccc21,7.02
ZINC000038213473,CN1Cc2ccccc2[C@H](c2ccc3cnsc3c2)C1,7.02
ZINC000038213474,CN1Cc2ccccc2[C@@H](c2ccc3cnsc3c2)C1,7.02
ZINC000040943718,O=C1c2ccccc2C(=O)N1CCCCN1CCN(c2ccc3ccccc3n2)CC1,7.02
ZINC000043076913,FC(F)(F)Oc1ccccc1O[C@@H](c1cccnc1)C1CCNCC1,7.02
ZINC000043076917,FC(F)(F)Oc1ccccc1O[C@H](c1cccnc1)C1CCNCC1,7.02
ZINC000066066479,CN(C)CC1(c2ccc(C(F)(F)F)cc2)CCCCC1,7.02
ZINC000100815389,OC[C@@H]1[C@@H]2C[C@H]3CC[C@H]1N3C/C2=C\c1ccc(Cl)c(Cl)c1,7.02
ZINC000169345051,COc1ccc(NC(=O)Nc2ccc(O[C@@H](CCN(C)C)c3ccccc3)cc2)cc1C(F)(F)F,7.02
ZINC000169345052,COc1ccc(NC(=O)Nc2ccc(O[C@H](CCN(C)C)c3ccccc3)cc2)cc1C(F)(F)F,7.02
ZINC000034801045,NC(=O)c1ccc(F)c2c1C[C@@H](N(CCc1c[nH]c3ccc(F)cc13)CC1CC1)CO2,7.01
ZINC000034801046,NC(=O)c1ccc(F)c2c1C[C@H](N(CCc1c[nH]c3ccc(F)cc13)CC1CC1)CO2,7.01
ZINC000040395637,C=C(F)CN(CC)C(=O)[C@@]1(c2cccs2)C[C@H]1CN,7.01
ZINC000040846141,c1cc2c(cc1[C@@]13CNC[C@@H]1C3)CCC2,7.01
ZINC000058538465,Cc1c(C(=O)N(C)CCCN2CCN(c3cccc(Cl)c3Cl)CC2)cc(-c2ccccc2)n1C,7.01
ZINC000072106067,Clc1ccc([C@]23CCCC[C@H]2CNC3)cc1Cl,7.01
ZINC000096909370,CN(C)C[C@H]1C[C@@H]1Cc1ccc2[nH]cc(C#N)c2c1,7.01
ZINC000096909815,O=C1C[C@@H](c2c[nH]c3ccccc23)C(=O)N1CCN1CC=C(c2c[nH]c3ccc(Cl)cc23)CC1,7.01
ZINC000100771887,CCC(=O)[C@H]1[C@@H](c2ccc(C3CCCCC3)cc2)C[C@H]2CC[C@H]1N2C,7.01
ZINC000100771892,CCC(=O)[C@@H]1[C@@H](c2ccc(C3CCCCC3)cc2)C[C@H]2CC[C@H]1N2C,7.01
ZINC000100802703,CN(C)C(=O)[C@@H]1[C@@H](c2ccc(Cl)cc2)C[C@H]2CC[C@H]1N2C,7.01
ZINC000100949838,CN(C)C(=O)[C@H]1[C@@H](c2ccc(Cl)cc2)C[C@H]2CC[C@H]1N2C,7.01
ZINC000103135128,O=C1C[C@H](c2c[nH]c3ccccc23)C(=O)N1CCN1CC=C(c2c[nH]c3ccc(Cl)cc23)CC1,7.01
ZINC000103244766,CN(CCC[C@@]1(c2ccc(F)cc2)OCc2cc(C#N)ccc21)Cc1ccc2ccccc2c1,7.01
ZINC000103244768,CN(CCC[C@]1(c2ccc(F)cc2)OCc2cc(C#N)ccc21)Cc1ccc2ccccc2c1,7.01
ZINC000103245886,CN(CCC[C@@]1(c2ccc(F)cc2)OCc2cc(C#N)ccc21)Cc1ccc(N(C)C)cc1,7.01
ZINC000103245888,CN(CCC[C@]1(c2ccc(F)cc2)OCc2cc(C#N)ccc21)Cc1ccc(N(C)C)cc1,7.01
ZINC000103253721,COc1ccc2[nH]cc(CCCN3CCN(CCCc4c[nH]c5ccc(OC)cc45)CC3)c2c1,7.01
ZINC000253635711,CCC(=O)[C@@H]1[C@H](c2ccc(C3CCCCC3)cc2)C[C@H]2CC[C@H]1N2C,7.01
ZINC000253635713,CCC(=O)[C@H]1[C@H](c2ccc(C3CCCCC3)cc2)C[C@H]2CC[C@H]1N2C,7.01
ZINC000253684803,COC(=O)/C=C1/CN2[C@H]3CC[C@H]2[C@H]1[C@@H](c1ccc(C)cc1)C3,7.01
ZINC000253684806,COC(=O)/C=C1/CN2[C@H]3CC[C@H]2[C@H]1[C@H](c1ccc(C)cc1)C3,7.01
ZINC000253690423,CN1[C@H]2CC[C@H]1[C@@H](C(=O)NCO)[C@H](c1ccc(Cl)cc1)C2,7.01
ZINC000253690427,CN1[C@H]2CC[C@H]1[C@H](C(=O)NCO)[C@@H](c1ccc(Cl)cc1)C2,7.01
ZINC000253690431,CN1[C@H]2CC[C@H]1[C@@H](C(=O)NCO)[C@@H](c1ccc(Cl)cc1)C2,7.01
ZINC000253690435,CN1[C@H]2CC[C@H]1[C@H](C(=O)NCO)[C@H](c1ccc(Cl)cc1)C2,7.01
ZINC000253694903,CCOC(=O)[C@@H]1[C@H]2[C@H](O)C[C@H](C[C@H]1c1ccc(Cl)c(Cl)c1)N2C,7.01
ZINC000253694912,CCOC(=O)[C@@H]1[C@@H](c2ccc(Cl)c(Cl)c2)C[C@H]2C[C@@H](O)[C@H]1N2C,7.01
ZINC000253694920,CCOC(=O)[C@H]1[C@@H](c2ccc(Cl)c(Cl)c2)C[C@H]2C[C@@H](O)[C@H]1N2C,7.01
ZINC000253694927,CCOC(=O)[C@H]1[C@H]2[C@H](O)C[C@H](C[C@H]1c1ccc(Cl)c(Cl)c1)N2C,7.01
ZINC000000000915,Cc1cc(N(C)C)ccc1C[C@H](C)N,7.0
ZINC000001846248,CNC/C=C(/c1ccc(Br)cc1)c1cccnc1,7.0
ZINC000013437326,O=C(COc1cc(F)cc(C(F)(F)F)c1)N(Cc1cccc(Cl)c1)C1CCNCC1,7.0
ZINC000013582406,COc1ccc2[nH]cc(CCCCN3CCN(c4ccc5c(c4)OCCO5)CC3)c2c1,7.0
ZINC000013683659,C[C@@H](Cc1ccccc1)CN1CCC(CCOC(c2ccc(F)cc2)c2ccc(F)cc2)CC1,7.0
ZINC000013761410,CN(CCc1ccc2c(c1)OCO2)C[C@@H]1CCCc2c1ccc1ccoc21,7.0
ZINC000013761880,COC(=O)[C@H]1[C@@H](c2ccc(I)cc2)C[C@@H]2CC[C@H]1N2Cc1ccccc1,7.0
ZINC000013806640,COC(=O)[C@@H]1CN(C)CC[C@@H]1c1cccc2ccccc12,7.0
ZINC000013806910,CN1CCc2ccc3c4c2[C@H]1Cc1cccc(c1-4)[C@@H]3O,7.0
ZINC000013826849,CS(=O)(=O)N(CCN1CCC(Cc2c[nH]c3ccc(F)cc23)CC1)c1cccc2ccccc12,7.0
ZINC000019365469,COc1ccc2c(c1)CC[C@@H](CN1CCN(CCOC(c3ccccc3)c3ccccc3)CC1)[C@H]2O,7.0
ZINC000022926886,COc1ccc([C@@H](COCc2cc(C(F)(F)F)cc(C(F)(F)F)c2)N2CCNCC2)cc1,7.0
ZINC000022926890,COc1ccc([C@H](COCc2cc(C(F)(F)F)cc(C(F)(F)F)c2)N2CCNCC2)cc1,7.0
ZINC000022939450,COc1cccc(CCCN2CCN(CCOC(c3ccccc3)c3ccccc3)CC2)c1,7.0
ZINC000022939453,COc1cccc(CCCN2CCN(CCOC(c3ccc(F)cc3)c3ccc(F)cc3)CC2)c1,7.0
ZINC000026659892,CN1[C@H]2CC[C@@H]1C[C@@H](c1ccc(I)cc1)[C@@H]2c1cc(-c2ccccc2)no1,7.0
ZINC000028371592,O=C1OC2(CCC(N3CCC(Cc4ccccc4Cl)CC3)CC2)c2ccc3c(c21)OCCO3,7.0
ZINC000028769548,C#CCN1[C@H]2CC[C@@H]1C[C@H](c1ccc(I)cc1)[C@@H]2C(=O)OC,7.0
ZINC000028959968,CN(C)C[C@H]1C[C@@H]1c1c[nH]c2ccccc12,7.0
ZINC000029046883,C=C(F)CN(C)C(=O)[C@@]1(c2ccc3c(c2)OCCO3)C[C@H]1CN,7.0
ZINC000029128043,NC[C@@H]1C[C@@]1(C(=O)N1CCCc2ccccc21)c1ccccc1,7.0
ZINC000029128044,NC[C@H]1C[C@@]1(C(=O)N1CCCc2ccccc21)c1ccccc1,7.0
ZINC000029128045,NC[C@@H]1C[C@]1(C(=O)N1CCCc2ccccc21)c1ccccc1,7.0
ZINC000029128046,NC[C@H]1C[C@]1(C(=O)N1CCCc2ccccc21)c1ccccc1,7.0
ZINC000029212975,Cc1cc(N(C)C)ccc1C[C@@H](C)N,7.0
ZINC000029237288,COc1cc([C@@H]2CN3CCC[C@@H]3c3ccccc32)cc(OC)c1OC,7.0
ZINC000029240175,O=C(Nc1ccccc1)Nc1ccc([C@@H]2CN3CCC[C@H]3c3ccccc32)cc1,7.0
ZINC000040412384,Cc1ccc2c(OC3CCN(CCc4ccc5c(c4)NC(=O)CO5)CC3)cccc2n1,7.0
ZINC000040424889,CN(C)Cc1cc(C(=O)N(C)C)ccc1Oc1ccc(OC(F)(F)F)cc1,7.0
ZINC000040899923,CNC[C@]1(O)Cc2ccccc2[C@@H]1Oc1cccc(O)c1C,7.0
ZINC000040974920,CNC[C@@H]1OCc2ccccc2[C@@H]1Oc1cccc(Cl)c1C,7.0
ZINC000053294843,NC(=O)c1c[nH]c2ccc(N3CCNC[C@H]3Cc3ccccc3)cc12,7.0
ZINC000053294846,NC(=O)c1c[nH]c2ccc(N3CCNC[C@@H]3Cc3ccccc3)cc12,7.0
ZINC000066097894,O=[S@](CCNCCCc1ccccc1)C(c1ccccc1)c1ccccc1,7.0
ZINC000066097896,O=[S@@](CCNCCCc1ccccc1)C(c1ccccc1)c1ccccc1,7.0
ZINC000073240838,CC(=O)N[C@@H]1CC2(CCN(Cc3ccc4[nH]c5ccc(Cl)cc5c4c3)CC2)c2ccccc21,7.0
ZINC000095592297,COc1ccccc1O[C@H](c1ccccc1)[C@@H]1CCNC1,7.0
ZINC000096929842,O=C1NC[C@@H](c2ccc(Cl)cc2)[C@H]1c1ccc(Cl)cc1,7.0
ZINC000096929843,O=C1NC[C@H](c2ccc(Cl)cc2)[C@H]1c1ccc(Cl)cc1,7.0
ZINC000096929844,O=C1NC[C@@H](c2ccc(Cl)cc2)[C@@H]1c1ccc(Cl)cc1,7.0
ZINC000096929845,O=C1NC[C@H](c2ccc(Cl)cc2)[C@@H]1c1ccc(Cl)cc1,7.0
ZINC000100791886,COC(=O)[C@H]1[C@@H](c2ccccc2)C[C@H]2CC[C@H]1N2C/C=C/I,7.0
ZINC000100812595,CCC[C@@H]1[C@H](c2ccc(F)cc2)C[C@H]2CC[C@H]1N2C,7.0
ZINC000101221646,COc1ccc([C@H]2C[C@H]3CC[C@H]([C@H]2C(=O)OC2CCC2)N3C)cc1,7.0
ZINC000101387192,FC(F)(F)c1cccc(O[C@H]2C[C@@H]3CC[C@H](C2)N3)c1,7.0
ZINC000101387218,N#Cc1cc(O[C@H]2C[C@@H]3CC[C@H](C2)N3)cc(-c2ccccc2)c1,7.0
ZINC000169332802,CN1[C@H]2CC[C@@H]1C[C@H](c1ccc(I)cc1)[C@@H]2c1cc(-c2ccccc2)no1,7.0
ZINC000195332152,COC(=O)[C@H]1[C@H](c2ccccc2)C[C@H]2CC[C@H]1N2C/C=C/I,7.0
ZINC000195394800,C#CCN1[C@H]2CC[C@@H]1C[C@@H](c1ccc(I)cc1)[C@@H]2C(=O)OC,7.0
ZINC000253634743,COC(=O)[C@H]1[C@H]2C[C@H]3CC[C@H]1N3C/C2=C\c1ccc(F)c(F)c1,7.0
ZINC000253634744,COC(=O)[C@@H]1[C@H]2C[C@H]3CC[C@H]1N3C/C2=C\c1ccc(F)c(F)c1,7.0
ZINC000299829142,Clc1cccc(N(Cc2ccc3ccccc3c2)C2CNC2)c1,7.0
ZINC000013746578,c1ccc(CCN2CCC(CCOC(c3ccccc3)c3ccccc3)CC2)cc1,6.99
ZINC000028645413,Clc1ccc([C@@H]2CCCN3CCCC[C@H]23)cc1Cl,6.99
ZINC000038393013,Cc1ccc([C@@H]2CN(C)Cc3ccccc32)cc1F,6.99
ZINC000038393014,Cc1ccc([C@H]2CN(C)Cc3ccccc32)cc1F,6.99
ZINC000040420595,NC(=O)c1ccc(F)c2c1C[C@@H](N(CCCCn1ccc3c(F)cccc31)C1CCC1)CO2,6.99
ZINC000040420597,NC(=O)c1ccc(F)c2c1C[C@H](N(CCCCn1ccc3c(F)cccc31)C1CCC1)CO2,6.99
ZINC000045286009,O=c1c(-c2ccccc2Cl)c2n(c(=O)n1CCCCN1CCC(c3c[nH]c4ccccc34)CC1)CCCC2,6.99
ZINC000058538170,CCCn1c(-c2ccccc2)cc(C(=O)N(C)CCCN2CCN(c3cccc(Cl)c3Cl)CC2)c1C,6.99
ZINC000066098829,CN(C)CC1(c2ccc(Cl)cc2)CCCCC1,6.99
ZINC000100761482,COC(=O)[C@@H]1[C@H](c2ccc(I)cc2)C[C@H]2CC[C@H]1N2C(=O)C(C)C,6.99
ZINC000101182493,Cn1cc([C@H]2CC[C@@H](N3CCN(c4cccc5[nH]ccc45)CC3)CC2)c2cc(C#N)ccc21,6.99
ZINC000169345066,CN(C)CC[C@@H](Oc1ccc(N2CCN(c3ccc(Cl)c(Cl)c3)C2=O)cc1)c1ccccc1,6.99
ZINC000169345067,CN(C)CC[C@H](Oc1ccc(N2CCN(c3ccc(Cl)c(Cl)c3)C2=O)cc1)c1ccccc1,6.99
ZINC000253638575,COC(=O)[C@@H]1[C@@H](c2ccc(I)cc2)C[C@H]2CC[C@H]1N2C(=O)C(C)C,6.99
ZINC000253638580,COC(=O)[C@H]1[C@H](c2ccc(I)cc2)C[C@H]2CC[C@H]1N2C(=O)C(C)C,6.99
ZINC000253638583,COC(=O)[C@H]1[C@@H](c2ccc(I)cc2)C[C@H]2CC[C@H]1N2C(=O)C(C)C,6.99
ZINC000261188029,CN1[C@H]2CC[C@H]1[C@H](C(=O)NCCCCCCNC(=O)[C@@H]1[C@@H](c3ccc(Cl)cc3)C[C@H]3CC[C@H]1N3C)[C@@H](c1ccc(Cl)cc1)C2,6.99
ZINC000261188031,CN1[C@H]2CC[C@H]1[C@H](C(=O)NCCCCCCNC(=O)[C@@H]1[C@H](c3ccc(Cl)cc3)C[C@H]3CC[C@H]1N3C)[C@@H](c1ccc(Cl)cc1)C2,6.99
ZINC000261188033,CN1[C@H]2CC[C@H]1[C@H](C(=O)NCCCCCCNC(=O)[C@@H]1[C@H](c3ccc(Cl)cc3)C[C@H]3CC[C@H]1N3C)[C@H](c1ccc(Cl)cc1)C2,6.99
ZINC000261188035,CN1[C@H]2CC[C@H]1[C@H](C(=O)NCCCCCCNC(=O)[C@H]1[C@H](c3ccc(Cl)cc3)C[C@H]3CC[C@H]1N3C)[C@H](c1ccc(Cl)cc1)C2,6.99
ZINC000299831510,OC1(c2ccc(Cl)cc2)C[C@@H]2CC[C@H](C1)N2CCCSc1ccccc1F,6.99
ZINC000013490092,O[C@H](COc1cccc2[nH]ccc12)CN1CCC(c2cc3cc(Cl)ccc3s2)CC1,6.98
ZINC000013530816,N#Cc1ccccc1O[C@H](c1ccccc1)C1CCNCC1,6.98
ZINC000013530819,N#Cc1ccccc1O[C@@H](c1ccccc1)C1CCNCC1,6.98
ZINC000022938576,Fc1ccc(C(OCCN2CCN(CCCc3cccs3)CC2)c2ccc(F)cc2)cc1,6.98
ZINC000022940899,Fc1ccc(C(OCCN2C[C@@H]3CC[C@H](C2)N3Cc2cc3ccccc3[nH]2)c2ccc(F)cc2)cc1,6.98
ZINC000053204472,COc1ccccc1N1CCN(CCC(=O)c2csc3ccccc23)CC1,6.98
ZINC000072105468,COC(=O)[C@H]1[C@H](c2ccc(Cl)c(C)c2)C[C@@H]2CC[C@H]1N2C,6.98
ZINC000101181354,FC(F)(F)c1nc2c(N3CCN([C@@H]4CC[C@@H](c5c[nH]c6ccccc56)CC4)CC3)cccc2[nH]1,6.98
ZINC000101387223,N#Cc1ccc(-c2cccc(O[C@H]3C[C@@H]4CC[C@H](C3)N4)c2)cc1,6.98
ZINC000002384146,NCCc1c[nH]c2cccc(F)c12,6.97
ZINC000013677505,CN1CC[C@@H](c2ccc(Cl)cc2)[C@@H](CSCC(=O)Nc2cccc3ccccc23)C1,6.97
ZINC000013764422,COC(=O)[C@H]1[C@@H](c2ccc(Cl)cc2)C[C@@H]2CC[C@H]1O2,6.97
ZINC000013764438,COC(=O)[C@@H]1[C@H]2CC[C@@H](C[C@H]1c1ccc(Cl)cc1)O2,6.97
ZINC000013779024,Cc1cc(C[C@@H](C)N)cc2c1OCO2,6.97
ZINC000013779026,Cc1cc(C[C@H](C)N)cc2c1OCO2,6.97
ZINC000013835647,CN[C@@H]1C[C@@H](c2ccc(Cl)c(Cl)c2)c2cccc(OC)c21,6.97
ZINC000026638323,COC(=O)[C@@H]1[C@@H](c2ccc(Cl)cc2)C[C@@H]2CC[C@H]1O2,6.97
ZINC000027551624,CN[C@@H]1C[C@H](c2ccc(Cl)c(Cl)c2)c2cccc(OC)c21,6.97
ZINC000028893075,CN1Cc2cc(OCCCN3CCC(F)CC3)ccc2[C@H](c2cc(Cl)ccc2Cl)C1,6.97
ZINC000028893080,CN1Cc2cc(OCCCN3CCC(F)CC3)ccc2[C@@H](c2cc(Cl)ccc2Cl)C1,6.97
ZINC000056727865,CN1[C@H]2CC[C@@H]1C[C@H](c1ccc(Cl)cc1)[C@H]2c1nc(-c2ccc(Br)cc2)no1,6.97
ZINC000058538447,CN(C)CCC[C@]1(c2ccc(F)cc2)OCc2cc(-c3cc(F)cc(F)c3)ccc21,6.97
ZINC000062224796,CN(C)CCC[C@@]1(c2ccc(F)cc2)OCc2cc(-c3cc(F)cc(F)c3)ccc21,6.97
ZINC000066102393,N[C@H]1Cc2ccccc2[C@@H](c2ccc(Cl)c(Cl)c2)C1,6.97
ZINC000066103119,CN(C)[C@@H]1Cc2ccccc2[C@@H](c2ccc(Cl)c(Cl)c2)C1,6.97
ZINC000066157377,CN[C@H]1Cc2ccccc2[C@@H](c2ccc(Cl)c(Cl)c2)C1,6.97
ZINC000072105992,Cc1c(C(=O)NCCCN2CCN(c3cccc(Cl)c3Cl)CC2)nc(-c2ccccc2)n1-c1ccccc1,6.97
ZINC000072106130,CN1C[C@@H]2CCCC[C@]2(c2ccc(Cl)c(Cl)c2)C1,6.97
ZINC000084547657,CN1[C@H]2CC[C@@H]1C[C@H](c1ccc(Cl)cc1)[C@@H]2c1nc(-c2ccc(Br)cc2)no1,6.97
ZINC000100805702,c1ccc(CN[C@H]2CC[C@@H](c3c[nH]c4ccccc34)CC2)cc1,6.97
ZINC000101387171,Ic1cccc(O[C@H]2C[C@@H]3CC[C@H](C2)N3)c1,6.97
ZINC000137642822,COC(=O)[C@@H]1[C@H]2CC[C@@H](C2)C[C@H]1c1ccc2ccccc2c1,6.97
ZINC000150524425,CN1[C@H]2CC[C@H]1[C@@H](COC(=O)CCC(=O)OC[C@H]1[C@@H](c3ccc(Cl)c(Cl)c3)C[C@@H]3CC[C@H]1N3C)[C@@H](c1ccc(Cl)c(Cl)c1)C2,6.97
ZINC000253694677,COC(=O)[C@H]1[C@H]2CC[C@@H](C[C@H]1c1ccc(Cl)cc1)O2,6.97
ZINC000299855548,COc1cc(CN[C@@H]2CO[C@H](C(c3ccc(F)cc3)c3ccc(F)cc3)C[C@H]2O)ccc1O,6.97
ZINC000013584859,CNC(=O)CSC[C@H]1CN(C)CC[C@@H]1c1ccc(Cl)cc1,6.96
ZINC000013587201,COc1cccc2sc([C@@H]3CCN(C[C@H](O)COc4cccc5oc(C)cc45)[C@H](C)C3)cc12,6.96
ZINC000013677470,CNC(=O)CSC[C@@H]1CN(C)CC[C@H]1c1ccc(Cl)cc1,6.96
ZINC000013677491,CNC(=O)CSC[C@H]1CN(C)CC[C@H]1c1ccc(Cl)cc1,6.96
ZINC000013677517,CNC(=O)CSC[C@@H]1CN(C)CC[C@@H]1c1ccc(Cl)cc1,6.96
ZINC000022927413,O=C(CCN1CCN(CCOC(c2ccc(F)cc2)c2ccc(F)cc2)CC1)c1cccs1,6.96
ZINC000022927626,O=C1c2ccccc2CC[C@H]1CN1CCN(CCOC(c2ccc(F)cc2)c2ccc(F)cc2)CC1,6.96
ZINC000022927629,O=C1c2ccccc2CC[C@@H]1CN1CCN(CCOC(c2ccc(F)cc2)c2ccc(F)cc2)CC1,6.96
ZINC000022938598,Fc1ccc(C(OCCN2CCN(C/C=C/c3ccco3)CC2)c2ccc(F)cc2)cc1,6.96
ZINC000026732347,CN(C)C[C@@H](c1ccc(Br)cc1)C1(O)CCCCC1,6.96
ZINC000026732351,CN(C)C[C@H](c1ccc(Br)cc1)C1(O)CCCCC1,6.96
ZINC000028382623,O=C1OC2(CCC(N3CCC(Cc4cc(F)ccc4F)CC3)CC2)c2ccc3c(c21)OCCO3,6.96
ZINC000028570650,c1ccc(CN2C[C@@H](CNCCCc3c[nH]c4ccccc34)Oc3ccccc32)cc1,6.96
ZINC000028570651,c1ccc(CN2C[C@H](CNCCCc3c[nH]c4ccccc34)Oc3ccccc32)cc1,6.96
ZINC000029128464,CCCCO[C@]1(c2cccc(OC)c2)CCCC[C@@H]1CN(C)C,6.96
ZINC000029231909,CCCCc1ccc([C@@H]2CN3CCC[C@@H]3c3ccccc32)cc1,6.96
ZINC000036271676,COC(=O)[C@H]1[C@@H](c2ccc(-c3ccc(N=[N+]=[N-])c(I)c3)cc2)C[C@@H]2CC[C@H]1N2C,6.96
ZINC000038684186,N#Cc1ccc2[nH]cc([C@@H]3CC[C@H](N4CCOCC4)C3)c2c1,6.96
ZINC000038684188,N#Cc1ccc2[nH]cc([C@H]3CC[C@H](N4CCOCC4)C3)c2c1,6.96
ZINC000038684190,N#Cc1ccc2[nH]cc([C@@H]3CC[C@@H](N4CCOCC4)C3)c2c1,6.96
ZINC000038684192,N#Cc1ccc2[nH]cc([C@H]3CC[C@@H](N4CCOCC4)C3)c2c1,6.96
ZINC000043079973,c1ccc(-c2ccccc2O[C@@H](c2cccnc2)C2CCNCC2)cc1,6.96
ZINC000043079976,c1ccc(-c2ccccc2O[C@H](c2cccnc2)C2CCNCC2)cc1,6.96
ZINC000049032998,Cc1c(C(=O)NCCCN2CCN(c3cccc(Cl)c3)CC2)cc(-c2ccccc2)n1N1CCCCC1,6.96
ZINC000049047276,CNCCCCN1Cc2cc(F)ccc2N(c2ccccc2F)S1(=O)=O,6.96
ZINC000049089292,Cc1c(C(=O)NCCCN2CCN(c3cccc(Cl)c3)CC2)cc(-c2ccccc2)n1CC(C)C,6.96
ZINC000058541555,Cc1c(C(=O)NCCCN2CCN(c3cccc(Cl)c3Cl)CC2)cc(-c2ccccn2)n1C,6.96
ZINC000062178999,COC(=O)[C@H]1[C@@H](c2ccc(C)cc2)C[C@@H]2CC[C@H]1N2CC#CCF,6.96
ZINC000066112421,C[C@H](N)C1(c2ccc(OC(F)(F)F)cc2)CCCCC1,6.96
ZINC000066112422,C[C@@H](N)C1(c2ccc(OC(F)(F)F)cc2)CCCCC1,6.96
ZINC000100840779,Fc1ccc([C@@H]2[C@H](c3ccc(F)cc3)C[C@H]3CC[C@H]2N3CCCCc2ccccc2)cc1,6.96
ZINC000149580000,CN1Cc2ccccc2[C@H](c2cc3ccccc3o2)C1,6.96
ZINC000149580207,CN1Cc2ccccc2[C@@H](c2cc3ccccc3o2)C1,6.96
ZINC000169337782,Fc1ccc([C@@H]2C[C@H]3CC[C@H]([C@H]2c2ccc(F)cc2)N3CCCCc2ccccc2)cc1,6.96
ZINC000253883998,CN1CCCCCCCCCCCC(=O)OC[C@@H]2[C@H](C[C@H]3CC[C@H]2N3C)c2ccc1cc2,6.96
ZINC000253884000,CN1CCCCCCCCCCCC(=O)OC[C@@H]2[C@@H](C[C@H]3CC[C@H]2N3C)c2ccc1cc2,6.96
ZINC000253884002,CN1CCCCCCCCCCCC(=O)OC[C@H]2[C@H](C[C@H]3CC[C@H]2N3C)c2ccc1cc2,6.96
ZINC000253884004,CN1CCCCCCCCCCCC(=O)OC[C@H]2[C@@H](C[C@H]3CC[C@H]2N3C)c2ccc1cc2,6.96
ZINC000013602947,O=C1CC2(CCCC2)CC(=O)N1CCCCN1CCN(c2ccc3ccccc3n2)CC1,6.95
ZINC000013746590,Fc1ccc(C(OCC2CCN(CCCc3ccccc3)CC2)c2ccc(F)cc2)cc1,6.95
ZINC000013861751,COc1ccccc1N1CCN(CCC(=O)c2ccsc2)CC1,6.95
ZINC000022938494,Fc1ccc(C(OCCN2CCCN(CCCc3ccccc3)CC2)c2ccc(F)cc2)cc1,6.95
ZINC000022939438,COc1cccc(/C=C/CN2CCN(CCOC(c3ccc(F)cc3)c3ccc(F)cc3)CC2)c1,6.95
ZINC000027527297,CCOC(=O)[C@H]1[C@@H](c2ccc(-c3ccc(-c4ccccc4)n3C)cc2)C[C@@H]2CC[C@H]1N2,6.95
ZINC000027527298,CCOC(=O)[C@@H]1[C@@H](c2ccc(-c3ccc(-c4ccccc4)n3C)cc2)C[C@@H]2CC[C@H]1N2,6.95
ZINC000029047457,C=C(F)CN(CC)C(=O)[C@@]1(c2ccc3c(c2)OCCO3)C[C@H]1CN,6.95
ZINC000029236044,Cn1ccc2c1[C@@H](c1ccccc1)CN1CCC[C@@H]21,6.95
ZINC000034022631,COc1ccc2c(c1)CN(C)C[C@H]2c1ccc(C)c(F)c1,6.95
ZINC000034022632,COc1ccc2c(c1)CN(C)C[C@@H]2c1ccc(C)c(F)c1,6.95
ZINC000034841910,O=C1NCCc2cc(F)c3c(c21)C[C@@H](N(CCCc1c[nH]c2ccc(F)cc12)CC1CC1)CO3,6.95
ZINC000034841911,O=C1NCCc2cc(F)c3c(c21)C[C@H](N(CCCc1c[nH]c2ccc(F)cc12)CC1CC1)CO3,6.95
ZINC000040394660,CNC[C@@H](O)[C@H](c1cccc(F)c1)N(C)c1ccccc1,6.95
ZINC000045253428,COc1ccccc1N1CCN(CCCn2ccn3c4c(=O)n(C)c(=O)n(C)c4nc23)CC1,6.95
ZINC000045288186,CNC[C@@H](O)[C@H](c1cccc(F)c1)n1ccc2cccc(Br)c21,6.95
ZINC000045483960,Cc1ccc([C@H]2C[C@H]3CC[C@@H]([C@H]2c2cc(Cc4ccc(F)cc4)no2)N3C)cc1,6.95
ZINC000100921474,COC(=O)[C@@H]1[C@@H](c2ccc(CCCc3ccccc3)cc2)C[C@H]2CC[C@H]1N2C,6.95
ZINC000100921476,COC(=O)[C@H]1[C@@H](c2ccc(CCCc3ccccc3)cc2)C[C@H]2CC[C@H]1N2C,6.95
ZINC000253638085,CCOC(=O)[C@H]1[C@H]2CC[C@@H](C[C@H]1c1ccc(-c3ccc(-c4ccccc4)n3C)cc1)N2,6.95
ZINC000253638087,CCOC(=O)[C@@H]1[C@H]2CC[C@@H](C[C@H]1c1ccc(-c3ccc(-c4ccccc4)n3C)cc1)N2,6.95
ZINC000013861776,COc1ccccc1N1CCN(CC[C@@H](O)c2cc(C)sc2C)CC1,6.94
ZINC000013861777,COc1ccccc1N1CCN(CC[C@H](O)c2cc(C)sc2C)CC1,6.94
ZINC000033962926,Cc1ccc2c(c1)CN(C)C[C@@H]2c1ccc(Cl)cc1,6.94
ZINC000033962927,Cc1ccc2c(c1)CN(C)C[C@H]2c1ccc(Cl)cc1,6.94
ZINC000040848689,NC(=O)c1ccc(F)c2c1C[C@@H](N(CC1CC1)C[C@H]1CCc3[nH]c4ccc(F)cc4c3C1)CO2,6.94
ZINC000040848691,NC(=O)c1ccc(F)c2c1C[C@@H](N(CC1CC1)C[C@@H]1CCc3[nH]c4ccc(F)cc4c3C1)CO2,6.94
ZINC000040867062,CN[C@H](C)c1ccc(Cl)cc1Oc1ccc(C)c(C)c1,6.94
ZINC000040867063,CN[C@@H](C)c1ccc(Cl)cc1Oc1ccc(C)c(C)c1,6.94
ZINC000040939384,CCCN(CCCCn1ccc2cc(F)ccc21)[C@H]1COc2c(F)ccc(C(N)=O)c2C1,6.94
ZINC000040939386,CCCN(CCCCn1ccc2cc(F)ccc21)[C@@H]1COc2c(F)ccc(C(N)=O)c2C1,6.94
ZINC000045245390,Cc1ccc(-c2c3n(c(=O)n(CCCCN4CCC(c5c(C)[nH]c6ccccc56)CC4)c2=O)CCCC3)cc1,6.94
ZINC000045253546,Cc1[nH]c2ccccc2c1C1CCN(CCCCn2c(=O)c(-c3ccc(F)cc3)c3n(c2=O)CCCC3)CC1,6.94
ZINC000066111867,N[C@@H]1CCN(c2ccc(Cl)c(Cl)c2)c2ccccc21,6.94
ZINC000071316487,c1ccc(C(c2ccccc2)[C@@H]2CC[C@H](NCc3ccco3)CO2)cc1,6.94
ZINC000072106031,Cc1cc([C@H]2[C@@H](c3ccc(Cl)c(C)c3)C[C@@H]3CC[C@H]2N3C)on1,6.94
ZINC000101181345,Cc1nc2c(N3CCN([C@@H]4CC[C@H](c5c[nH]c6ccccc56)CC4)CC3)cccc2[nH]1,6.94
ZINC000103245782,CN(CCN)CCC[C@@]1(c2ccc(F)cc2)OCc2cc(C#N)ccc21,6.94
ZINC000103245785,CN(CCN)CCC[C@]1(c2ccc(F)cc2)OCc2cc(C#N)ccc21,6.94
ZINC000299822478,Clc1ccc(CN(C2CC2)C2CNC2)cc1Cl,6.94
ZINC000001530579,COc1ccccc1OCCNC[C@H](O)COc1cccc2[nH]c3ccccc3c12,6.93
ZINC000001530580,COc1ccccc1OCCNC[C@@H](O)COc1cccc2[nH]c3ccccc3c12,6.93
ZINC000013761403,CSc1cccc2c1CCC[C@@H]2CN(C)CCc1ccc2c(c1)OCO2,6.93
ZINC000013761404,CSc1cccc2c1CCC[C@H]2CN(C)CCc1ccc2c(c1)OCO2,6.93
ZINC000027550023,Cc1cc(C)c([C@H](O)[C@@H](CN)c2ccccc2)c(C)c1,6.93
ZINC000029399787,Clc1ccc([C@@H]2CCN3C/C(=N\OCc4ccccc4)[C@H]2C3)cc1,6.93
ZINC000095563356,Cc1cc([C@@H]2CN(C)Cc3ccccc32)ccc1F,6.93
ZINC000095563357,Cc1cc([C@H]2CN(C)Cc3ccccc32)ccc1F,6.93
ZINC000103245855,CCCN(C)CCC[C@@]1(c2ccc(F)cc2)OCc2cc(C#N)ccc21,6.93
ZINC000103245858,CCCN(C)CCC[C@]1(c2ccc(F)cc2)OCc2cc(C#N)ccc21,6.93
ZINC000004394095,CCN(CC)C(=O)[C@@]1(c2ccccc2)C[C@H]1CNC[C@H](O)COc1cccc2[nH]ccc12,6.92
ZINC000011596632,C[C@@H](N)Cc1cccc(Cl)c1,6.92
ZINC000011596635,C[C@H](N)Cc1cccc(Cl)c1,6.92
ZINC000013581087,Fc1ccc2[nH]cc(CCCNCCOc3ccccc3)c2c1,6.92
ZINC000013677503,CN1CC[C@@H](c2ccc(Cl)cc2)[C@@H](CSCC(=O)NCCc2ccccc2)C1,6.92
ZINC000013912521,CCN(CC)C(=O)[C@@]1(c2ccccc2)C[C@H]1CNC[C@@H](O)COc1cccc2[nH]ccc12,6.92
ZINC000022938633,Fc1ccc(C(OCCN2CCN(Cc3cc4ccccc4[nH]3)CC2)c2ccc(F)cc2)cc1,6.92
ZINC000023360826,C[C@@H](Cc1ccccc1)CN1CCN(CCOC(c2ccc(F)cc2)c2ccc(F)cc2)CC1,6.92
ZINC000023360829,C[C@H](Cc1ccccc1)CN1CCN(CCOC(c2ccc(F)cc2)c2ccc(F)cc2)CC1,6.92
ZINC000026976072,O[C@@H](COc1ccccc1F)CN1CCC2(CC1)OCc1c2ccc2ccccc12,6.92
ZINC000027554250,Cc1ccc([C@@H]2C[C@H]3CC[C@@H]([C@@H]2c2ccccc2)N3C)cc1,6.92
ZINC000028087248,OCCCN1CCN([C@@H]2C[C@@H](c3ccc(Cl)c(Cl)c3)c3ccccc32)CC1,6.92
ZINC000028087253,OCCCN1CCN([C@H]2C[C@@H](c3ccc(Cl)c(Cl)c3)c3ccccc32)CC1,6.92
ZINC000028087260,OCCCN1CCN([C@@H]2C[C@H](c3ccc(Cl)c(Cl)c3)c3ccccc32)CC1,6.92
ZINC000028087265,OCCCN1CCN([C@H]2C[C@H](c3ccc(Cl)c(Cl)c3)c3ccccc32)CC1,6.92
ZINC000028528931,CCN(CC)C(=O)[C@@]1(c2ccccc2)C[C@@H]1CNC[C@@H](O)COc1cccc2[nH]ccc12,6.92
ZINC000028528932,CCN(CC)C(=O)[C@@]1(c2ccccc2)C[C@@H]1CNC[C@H](O)COc1cccc2[nH]ccc12,6.92
ZINC000028642819,COC(=O)[C@H]1[C@@H](c2ccc(Cl)c(Cl)c2)C[C@@H]2CC[C@H]1[S@@]2=O,6.92
ZINC000028645407,Clc1ccc([C@H]2CCCN3CCCC[C@H]23)cc1Cl,6.92
ZINC000028960270,CCN(CC)C[C@@H]1C[C@@H]1c1cccc2ccccc12,6.92
ZINC000028960273,CCN(CC)C[C@H]1C[C@@H]1c1cccc2ccccc12,6.92
ZINC000028960277,CCN(CC)C[C@@H]1C[C@H]1c1cccc2ccccc12,6.92
ZINC000028960281,CCN(CC)C[C@H]1C[C@H]1c1cccc2ccccc12,6.92
ZINC000029234358,FC(F)(F)c1cccc([C@@H]2CN3CCC[C@@H]3c3cc(Cl)ccc32)c1,6.92
ZINC000029234365,FC(F)(F)c1cccc([C@@H]2CN3CCC[C@H]3c3cc(Cl)ccc32)c1,6.92
ZINC000029320567,CN(C)[C@@H]1CC[C@@H](c2ccc(Cl)cc2)c2ccccc21,6.92
ZINC000036270746,Cc1ccc([C@@H]2C[C@H]3CC[C@@H]([C@H]2COC(c2ccccc2)c2ccccc2)N3C)cc1,6.92
ZINC000036270747,Cc1ccc([C@H]2C[C@H]3CC[C@@H]([C@H]2COC(c2ccccc2)c2ccccc2)N3C)cc1,6.92
ZINC000038392914,Cc1ccc([C@@H]2CN(C)Cc3cc(C)ccc32)cc1,6.92
ZINC000038392915,Cc1ccc([C@H]2CN(C)Cc3cc(C)ccc32)cc1,6.92
ZINC000040587722,COC(=O)[C@H]1[C@@H](c2ccc(Cl)c(Cl)c2)C[C@@H]2CC[C@H]1[S@]2=O,6.92
ZINC000040892234,CN(Cc1ccc2ccccc2c1)[C@@H]1CCNC1,6.92
ZINC000045365463,COc1ccc2[nH]cc(CC[C@H]3c4ccccc4CCN3C)c2c1,6.92
ZINC000045365466,COc1ccc2[nH]cc(CC[C@@H]3c4ccccc4CCN3C)c2c1,6.92
ZINC000072112313,c1ccc2cc([C@@]34CCC[C@@H]3CNC4)ccc2c1,6.92
ZINC000096914810,COC[C@@H](c1ccc(Cl)cc1)C1CCNCC1,6.92
ZINC000096914811,COC[C@H](c1ccc(Cl)cc1)C1CCNCC1,6.92
ZINC000100646764,COC(=O)[C@H]1[C@@H](c2ccc(N)c(I)c2)C[C@H]2CC[C@H]1N2C,6.92
ZINC000100728288,COC(=O)[C@@H]1[C@H](c2ccc(N)c(I)c2)C[C@H]2CC[C@H]1N2C,6.92
ZINC000100739561,COC(=O)[C@@H]1[C@@H](c2ccc(N)c(I)c2)C[C@H]2CC[C@H]1N2C,6.92
ZINC000100817159,COC(=O)[C@@H]1[C@@H]2C[C@H]3CC[C@H]1N3C/C2=C\c1cccc2ccccc12,6.92
ZINC000169345046,Cc1ccc(NC(=O)Nc2ccc(O[C@@H](CCN(C)C)c3ccccc3)cc2)cc1I,6.92
ZINC000169345048,Cc1ccc(NC(=O)Nc2ccc(O[C@H](CCN(C)C)c3ccccc3)cc2)cc1I,6.92
ZINC000253633336,COC(=O)[C@H]1[C@H]2C[C@H]3CC[C@H]1N3C/C2=C\c1cccc2ccccc12,6.92
ZINC000253633338,COC(=O)[C@@H]1[C@H]2C[C@H]3CC[C@H]1N3C/C2=C\c1cccc2ccccc12,6.92
ZINC000253640983,COC(=O)[C@H]1[C@H](c2ccc(N)c(I)c2)C[C@H]2CC[C@H]1N2C,6.92
ZINC000013530810,FC(F)(F)c1ccccc1O[C@H](c1ccccc1)C1CCNCC1,6.91
ZINC000013530813,FC(F)(F)c1ccccc1O[C@@H](c1ccccc1)C1CCNCC1,6.91
ZINC000013581096,c1ccc2c(OCCNCCCc3c[nH]c4ccccc34)cccc2c1,6.91
ZINC000022930617,COc1cc2c(cc1OC)C1=NO[C@@H](CN3CCN(CCC(=O)c4ccccc4)CC3)[C@@H]1CO2,6.91
ZINC000026644310,COc1cc2c(cc1OC)C1=NO[C@H](CN3CCN(CCC(=O)c4ccccc4)CC3)[C@H]1CO2,6.91
ZINC000026644315,COc1cc2c(cc1OC)C1=NO[C@H](CN3CCN(CCC(=O)c4ccccc4)CC3)[C@@H]1CO2,6.91
ZINC000026644321,COc1cc2c(cc1OC)C1=NO[C@@H](CN3CCN(CCC(=O)c4ccccc4)CC3)[C@H]1CO2,6.91
ZINC000026734453,CN(C)C[C@@H](c1ccc(Cl)cc1)C1(O)CCCCC1,6.91
ZINC000026734456,CN(C)C[C@H](c1ccc(Cl)cc1)C1(O)CCCCC1,6.91
ZINC000027555918,CN1[C@H]2CC[C@@H]1C[C@@H](c1ccc(F)cc1)[C@H]2c1ccccc1,6.91
ZINC000029232058,Oc1cc2c(cc1O)[C@H]1CCCN1C[C@H]2c1ccccc1,6.91
ZINC000040406229,O=C(C1CCOCC1)N(Cc1cccc(Cl)c1Cl)[C@H]1CCNC1,6.91
ZINC000040937468,NC(=O)c1ccc(F)c2c1C[C@@H](N(CCCCn1ccc3ccc(F)cc31)C1CCC1)CO2,6.91
ZINC000040937470,NC(=O)c1ccc(F)c2c1C[C@H](N(CCCCn1ccc3ccc(F)cc31)C1CCC1)CO2,6.91
ZINC000049694776,COc1ccc2[nH]cc(C3CCN(CCCCn4c(=O)c(-c5ccccc5C)c5n(c4=O)CCCC5)CC3)c2c1,6.91
ZINC000100921445,COC(=O)[C@@H]1[C@@H](c2ccc(C#CCCCc3ccccc3)cc2)C[C@H]2CC[C@H]1N2C,6.91
ZINC000100921450,COC(=O)[C@H]1[C@@H](c2ccc(C#CCCCc3ccccc3)cc2)C[C@H]2CC[C@H]1N2C,6.91
ZINC000166419626,CC(=O)[C@@H]1[C@@H](c2ccc(C)cc2)C[C@H]2CC[C@H]1N2C,6.91
ZINC000166419756,CC(=O)[C@@H]1[C@H](c2ccc(C)cc2)C[C@H]2CC[C@H]1N2C,6.91
ZINC000166423709,CC(=O)[C@H]1[C@@H](c2ccc(C)cc2)C[C@H]2CC[C@H]1N2C,6.91
ZINC000253634699,CC(=O)[C@H]1[C@H](c2ccc(C)cc2)C[C@H]2CC[C@H]1N2C,6.91
ZINC000299825226,CCCOc1ccc(CCN2CCN(CCCc3ccccc3)CC2)cc1OC,6.91
ZINC000003812888,COc1ccc(CCN(C)CCC[C@](C#N)(c2ccc(OC)c(OC)c2)C(C)C)cc1OC,6.9
ZINC000003871832,COc1ccc(CCN(C)CCC[C@@](C#N)(c2ccc(OC)c(OC)c2)C(C)C)cc1OC,6.9
ZINC000006523804,COC(=O)[C@H]1[C@@H](OC(=O)c2ccccc2)C[C@@H]2CC[C@H]1N2,6.9
ZINC000013439741,O=[N+]([O-])c1ccc2nc(N3CCNCC3)cc(Cc3ccccc3)c2c1,6.9
ZINC000013610041,CN1CCC(C#N)(c2ccc3ccccc3c2)CC1,6.9
ZINC000013683688,Fc1ccc(C(OCCC2CCN(CC3=Cc4ccccc4CC3)CC2)c2ccc(F)cc2)cc1,6.9
ZINC000014929082,COC(=O)[C@@H]1[C@@H](OC(=O)c2ccccc2)C[C@@H]2CC[C@H]1N2,6.9
ZINC000029047055,C#CCN(CC)C(=O)[C@@]1(c2ccc3c(c2)OCCO3)C[C@H]1CN,6.9
ZINC000034619314,CNC[C@@H](O)[C@H](c1ccccc1)n1ccc2ccccc21,6.9
ZINC000042835245,COc1ccc(F)cc1CC[C@@H]1CC[C@H](CCNCCCCCN2N=C(c3ccc(OC)c(OC)c3)[C@H]3CC=CC[C@H]3C2=O)O1,6.9
ZINC000042835248,COc1ccc(F)cc1CC[C@H]1CC[C@H](CCNCCCCCN2N=C(c3ccc(OC)c(OC)c3)[C@H]3CC=CC[C@H]3C2=O)O1,6.9
ZINC000042835251,COc1ccc(F)cc1CC[C@@H]1CC[C@@H](CCNCCCCCN2N=C(c3ccc(OC)c(OC)c3)[C@H]3CC=CC[C@H]3C2=O)O1,6.9
ZINC000042835254,COc1ccc(F)cc1CC[C@H]1CC[C@@H](CCNCCCCCN2N=C(c3ccc(OC)c(OC)c3)[C@H]3CC=CC[C@H]3C2=O)O1,6.9
ZINC000049785715,Cc1c(C(=O)NCCCN2CCN(c3cccc(Cl)c3Cl)CC2)cc(-c2ccccc2)n1Cc1ccccc1,6.9
ZINC000066252249,CN[C@@H]1Cc2ccccc2[C@@H](c2ccc(Cl)c(Cl)c2)C1,6.9
ZINC000095590131,COc1ccccc1O[C@@H](c1ccccc1)[C@@H]1CCNC1,6.9
ZINC000095592887,Clc1ccccc1O[C@@H](c1ccccc1)[C@H]1CCNC1,6.9
ZINC000096909813,COc1ccc2[nH]cc(C3=CCN(CCCN4C(=O)C[C@H](c5c[nH]c6ccccc56)C4=O)CC3)c2c1,6.9
ZINC000103135119,COc1ccc2[nH]cc(C3=CCN(CCCN4C(=O)C[C@@H](c5c[nH]c6ccccc56)C4=O)CC3)c2c1,6.9
ZINC000103245838,CN(C)CCC[C@@]1(c2ccc(-c3cccc(N)c3)cc2)OCc2cc(C#N)ccc21,6.9
ZINC000103245843,CN(C)CCC[C@]1(c2ccc(-c3cccc(N)c3)cc2)OCc2cc(C#N)ccc21,6.9
ZINC000013677482,CN1CC[C@@H](c2ccc(Cl)cc2)[C@H](CSCCO)C1,6.89
ZINC000026742967,COc1ccc([C@@H](CN(C)C)C2(O)CCCCC2)cc1OC,6.89
ZINC000026742972,COc1ccc([C@H](CN(C)C)C2(O)CCCCC2)cc1OC,6.89
ZINC000028528302,CC[C@@]1(CCCNC)Cc2cc(Cl)ccc2N(c2ccc(C)cc2)C1=O,6.89
ZINC000028528303,CC[C@]1(CCCNC)Cc2cc(Cl)ccc2N(c2ccc(C)cc2)C1=O,6.89
ZINC000028758078,Clc1ccc2[nH]cc(CCC3CCNCC3)c2c1,6.89
ZINC000028819406,CCN(CC)C(=O)[C@@]1(c2ccc3ccccc3c2)C[C@H]1CN,6.89
ZINC000028883552,CCN(CC)CCCOc1cc2c(cn1)[C@H](c1ccc(OC)cc1)CNC2,6.89
ZINC000028883559,CCN(CC)CCCOc1cc2c(cn1)[C@@H](c1ccc(OC)cc1)CNC2,6.89
ZINC000028960122,CN(C)C[C@@H]1C[C@@H]1c1cnc2ccccc2c1,6.89
ZINC000028960125,CN(C)C[C@H]1C[C@@H]1c1cnc2ccccc2c1,6.89
ZINC000028960129,CN(C)C[C@@H]1C[C@H]1c1cnc2ccccc2c1,6.89
ZINC000028960133,CN(C)C[C@H]1C[C@H]1c1cnc2ccccc2c1,6.89
ZINC000029048248,C#CCN(CC=C)C(=O)[C@@]1(c2ccc3c(c2)CCO3)C[C@H]1CN,6.89
ZINC000035898756,CN1Cc2ccccc2[C@H](c2ccc3ccnn3c2)C1,6.89
ZINC000035898757,CN1Cc2ccccc2[C@@H](c2ccc3ccnn3c2)C1,6.89
ZINC000035941750,COC(=O)[C@@H]1[C@H]2CC[C@@H](C[C@H]1c1ccc(-c3nccs3)cc1)O2,6.89
ZINC000038239482,N[C@@H]1CC[C@@](COCc2cc(C(F)(F)F)cc(C(F)(F)F)c2)(c2ccccc2)C1,6.89
ZINC000038523942,Fc1ccc(C2=C[C@H]3CC[C@@H](C2)N3)cc1,6.89
ZINC000040423204,COc1ccc2[nH]cc(C3CCN(CCCCn4c(=O)c(-c5ccccc5)c5ccccn5c4=O)CC3)c2c1,6.89
ZINC000044305657,COc1ccc(-c2c(=O)n(CCCCN3CCC(c4c[nH]c5ccc(OC)cc45)CC3)c(=O)n3ccccc23)cc1,6.89
ZINC000045495496,COc1ccc(O[C@H]2C[C@@H](N(C)C)c3ccccc32)cc1,6.89
ZINC000058540833,Cc1cccc(N2CCN(CCCNC(=O)c3cc(-c4ccc(Cl)cc4)n(C)c3C)CC2)c1C,6.89
ZINC000066101919,CN[C@H]1Cc2ccccc2N(c2ccc(Cl)c(Cl)c2)C1,6.89
ZINC000068249174,Cc1nc(C(=O)NCCN2CCN(c3cccc(Cl)c3Cl)CC2)c(C)n1-c1ccccc1,6.89
ZINC000070631590,C[C@@H](N[C@@H]1CC[C@@H](C(=O)N2CCC(C(=O)N3CCCC3)(c3ccccc3)CC2)C(C)(C)C1)c1ccc(F)cc1,6.89
ZINC000072112080,COc1ccc([C@]23CCCC[C@H]2CN(C)C3)cc1,6.89
ZINC000095562231,Cc1ccc(Sc2ccccc2N2CCCNCC2)c(C)c1,6.89
ZINC000100647779,CC(C)OC(=O)[C@H]1[C@@H](c2ccc(Cl)cc2)C[C@H]2CC[C@H]1N2C,6.89
ZINC000100728144,CC(C)OC(=O)[C@@H]1[C@@H](c2ccc(Cl)cc2)C[C@H]2CC[C@H]1N2C,6.89
ZINC000115789353,COc1cc(CCN2CCN(CCCc3ccccc3)CC2)ccc1OCc1ccccc1,6.89
ZINC000137029743,CN1Cc2ccccc2[C@H](c2cccc3sccc23)C1,6.89
ZINC000137029783,CN1Cc2ccccc2[C@@H](c2cccc3sccc23)C1,6.89
ZINC000253638861,CC(C)OC(=O)[C@H]1[C@H](c2ccc(Cl)cc2)C[C@H]2CC[C@H]1N2C,6.89
ZINC000253638862,CC(C)OC(=O)[C@@H]1[C@H](c2ccc(Cl)cc2)C[C@H]2CC[C@H]1N2C,6.89
ZINC000261156974,CN1[C@H]2CC[C@H]1[C@H](C(=O)N1CCCO1)[C@H](c1ccc(I)cc1)C2,6.89
ZINC000261156977,CN1[C@H]2CC[C@H]1[C@@H](C(=O)N1CCCO1)[C@H](c1ccc(I)cc1)C2,6.89
ZINC000261156980,CN1[C@H]2CC[C@H]1[C@H](C(=O)N1CCCO1)[C@@H](c1ccc(I)cc1)C2,6.89
ZINC000261156983,CN1[C@H]2CC[C@H]1[C@@H](C(=O)N1CCCO1)[C@@H](c1ccc(I)cc1)C2,6.89
ZINC000299858098,COc1cccc(CN[C@@H]2CO[C@H](C(c3ccc(F)cc3)c3ccc(F)cc3)C[C@H]2O)c1,6.89
ZINC000013761430,COc1cccc2c1CCC[C@H]2CN(C)CCc1ccc2c(c1)CCN2S(=O)(=O)C(F)(F)F,6.88
ZINC000013862757,CN1CC[C@H](c2ccc(Cl)cc2)[C@@H](C(=O)NCCCCCNC(=O)/C=C/c2ccc(Cl)cc2)C1,6.88
ZINC000022930220,Fc1ccc(N(CCCN2CCNCC2)c2ccc(F)cc2)cc1,6.88
ZINC000058541102,CCCn1c(-c2ccc(Cl)cc2)cc(C(=O)NCCCN2CCN(c3cccc(C)c3C)CC2)c1C,6.88
ZINC000058583702,CCCn1c(-c2cccnc2)cc(C(=O)NCCCN2CCN(c3cccc(Cl)c3Cl)CC2)c1C,6.88
ZINC000100793286,COC(=O)[C@H]1[C@@H](c2ccc(F)cc2)C[C@H]2CC[C@H]1N2CCCc1ccccc1,6.88
ZINC000100793290,COC(=O)[C@@H]1[C@@H](c2ccc(F)cc2)C[C@H]2CC[C@H]1N2CCCc1ccccc1,6.88
ZINC000253635331,COC(=O)[C@H]1[C@H](c2ccc(F)cc2)C[C@H]2CC[C@H]1N2CCCc1ccccc1,6.88
ZINC000253635337,COC(=O)[C@@H]1[C@H](c2ccc(F)cc2)C[C@H]2CC[C@H]1N2CCCc1ccccc1,6.88
ZINC000013530640,COc1cc2c(cc1OC)CN(CC[C@@H](Oc1ccccc1C(F)(F)F)c1ccccc1)CC2,6.87
ZINC000013530643,COc1cc2c(cc1OC)CN(CC[C@H](Oc1ccccc1C(F)(F)F)c1ccccc1)CC2,6.87
ZINC000013683696,Fc1ccc(C(OCCC2CCN(C[C@H]3C[C@@H]3c3ccccc3)CC2)c2ccc(F)cc2)cc1,6.87
ZINC000022454217,Fc1ccc(C(OCCN2CCN(C/C=C/c3ccccc3)CC2)c2ccc(F)cc2)cc1,6.87
ZINC000049723020,COc1ccc2[nH]cc(C3CCN(CCCCn4c(=O)c(-c5ccc(C)cc5)c5n(c4=O)CCCC5)CC3)c2c1,6.87
ZINC000066103808,COc1ccccc1-c1c2n(c(=O)n(CCCCN3CCC(c4c[nH]c5ccccc45)CC3)c1=O)CCCC2,6.87
ZINC000100812585,COC(=O)[C@H]1[C@H](c2ccccc2)C[C@H]2CC[C@H]1N2C,6.87
ZINC000100883016,CCC(=O)[C@H]1[C@@H](c2ccc(C(C)C)c3ccccc23)C[C@H]2CC[C@H]1N2C,6.87
ZINC000100883023,CCC(=O)[C@@H]1[C@@H](c2ccc(C(C)C)c3ccccc23)C[C@H]2CC[C@H]1N2C,6.87
ZINC000101221633,COc1ccc([C@H]2C[C@H]3CC[C@H]([C@H]2C(=O)OC(C)C)N3C)cc1,6.87
ZINC000101387144,Clc1cccc(O[C@H]2C[C@@H]3CC[C@H](C2)N3)c1,6.87
ZINC000101387161,Brc1cccc(O[C@H]2C[C@@H]3CC[C@H](C2)N3)c1,6.87
ZINC000169345041,CN(C)CC[C@@H](Oc1ccc(NC(=O)Nc2ccc(Cl)c(Cl)c2)cc1)c1ccccc1,6.87
ZINC000169345043,CN(C)CC[C@H](Oc1ccc(NC(=O)Nc2ccc(Cl)c(Cl)c2)cc1)c1ccccc1,6.87
ZINC000253698630,CCC(=O)[C@H]1[C@H](c2ccc(C(C)C)c3ccccc23)C[C@H]2CC[C@H]1N2C,6.87
ZINC000253698632,CCC(=O)[C@@H]1[C@H](c2ccc(C(C)C)c3ccccc23)C[C@H]2CC[C@H]1N2C,6.87
ZINC000000066085,Cc1ccc2[nH]cc(CCN)c2c1,6.86
ZINC000013489685,Fc1ccc(CN2CCC(CNCC(c3ccccc3)c3ccccc3)CC2)cc1,6.86
ZINC000013806642,C=Cc1ccc([C@H]2CCN(C)C[C@H]2C(=O)OC)cc1,6.86
ZINC000013863562,COC(=O)[C@H]1[C@@H](c2ccc(Cl)c(Cl)c2)C[C@H]2C[C@@H](O)[C@@H]1N2C,6.86
ZINC000026663246,CN1CC[C@@H](c2ccc(Cl)cc2)[C@H](C(=O)NCc2ccc(CNC(=O)c3ccc(Cl)cc3Cl)cc2)C1,6.86
ZINC000029405598,CC(C)(C)O/N=C1\CN2CC[C@@H](c3ccc(Cl)cc3)[C@H]1C2,6.86
ZINC000040891994,CN([C@@H]1CCNC1)S(=O)(=O)c1ccc2ccccc2c1,6.86
ZINC000040974071,CN1[C@H]2CC[C@@H]1[C@@H](c1cn(CCN3CCCCC3)nn1)[C@@H](c1ccc(Cl)cc1)C2,6.86
ZINC000045335611,O=C1NCc2ccc3c(c21)C[C@@H](N(CCCCc1c[nH]c2ccc(F)cc12)CC1CC1)CO3,6.86
ZINC000045335614,O=C1NCc2ccc3c(c21)C[C@H](N(CCCCc1c[nH]c2ccc(F)cc12)CC1CC1)CO3,6.86
ZINC000049053982,Cc1[nH]c(-c2ccccc2)cc1C(=O)NCCCN1CCN(c2cccc(Cl)c2Cl)CC1,6.86
ZINC000058590628,CN(C)CC[C@@H](c1ccc2ccccc2c1)n1ncnn1,6.86
ZINC000062225499,CN(C)CC[C@H](c1ccc2ccccc2c1)n1ncnn1,6.86
ZINC000101102819,COC(=O)[C@@H]1[C@@H]2CC[C@@H](C[C@H]1c1ccc(Cl)c(Cl)c1)S2,6.86
ZINC000103253729,Brc1ccc2[nH]cc(CCCN3CCN(CCCc4c[nH]c5ccccc45)CC3)c2c1,6.86
ZINC000253870027,COC(=O)[C@@H]1[C@H]2C[C@H]3CC[C@H]1N3C/C2=C\c1ccc(-c2cccc(F)c2)cc1,6.86
ZINC000253870030,COC(=O)[C@H]1[C@H]2C[C@H]3CC[C@H]1N3C/C2=C\c1ccc(-c2cccc(F)c2)cc1,6.86
ZINC000013586317,COC(=O)[C@@H]1[C@@H](c2ccc(Br)cc2)C[C@@H]2CC[C@H]1N2C,6.85
ZINC000028351248,O=C1OC2(CCC(N3CCC(Cc4ccccc4Cl)CC3)CC2)c2ccc3c(c21)OCO3,6.85
ZINC000028571362,CN[C@H]1CC[C@@H](c2ccc(Cl)c(Cl)c2)c2cccc(C(=O)N(C)C)c21,6.85
ZINC000028757516,COc1ccc2[nH]cc(CCC3CCNCC3)c2c1,6.85
ZINC000028881342,COc1ccccc1O[C@H](c1ccc(I)s1)[C@@H]1CNCCO1,6.85
ZINC000028881349,COc1ccccc1O[C@@H](c1ccc(I)s1)[C@@H]1CNCCO1,6.85
ZINC000028881356,COc1ccccc1O[C@H](c1ccc(I)s1)[C@H]1CNCCO1,6.85
ZINC000028881362,COc1ccccc1O[C@@H](c1ccc(I)s1)[C@H]1CNCCO1,6.85
ZINC000029047596,CCN(CC)C(=O)[C@@]1(c2ccc3c(c2)OCCO3)C[C@H]1CN,6.85
ZINC000038618236,CN(Cc1ccccc1)C[C@@H]1CCC[C@H]1c1ccc2[nH]cc(C#N)c2c1,6.85
ZINC000040394588,C=CCN(CC)C(=O)[C@@]1(c2cccs2)C[C@H]1CN,6.85
ZINC000040430611,CNC[C@@H]1Cc2ccccc2[C@@H]1Oc1cccc2ccccc12,6.85
ZINC000040829155,Brc1ccc([C@@]23CNC[C@@H]2C3)s1,6.85
ZINC000040979667,Brc1ccc([C@]23CNC[C@H]2C3)s1,6.85
ZINC000040980546,c1ccc2oc([C@]34CNC[C@H]3C4)cc2c1,6.85
ZINC000040980548,c1ccc2oc([C@@]34CNC[C@@H]3C4)cc2c1,6.85
ZINC000071296651,c1ccc(C(c2ccccc2)[C@@H]2CC[C@H](NCc3ccc[nH]3)CO2)cc1,6.85
ZINC000084616954,COC(=O)[C@H]1[C@@H](c2cccc(-c3cccn3C)c2)C[C@@H]2CC[C@H]1O2,6.85
ZINC000095556498,Fc1cc([C@H](Oc2ccccc2)C2CNC2)ccc1Cl,6.85
ZINC000095556499,Fc1cc([C@@H](Oc2ccccc2)C2CNC2)ccc1Cl,6.85
ZINC000095583132,Clc1ccc([C@@H]2CCCCNC2)cc1Cl,6.85
ZINC000095583133,Clc1ccc([C@H]2CCCCNC2)cc1Cl,6.85
ZINC000095586953,CC(C)CN(CC(C)C)c1cc(C(F)(F)F)cc(COCC2(c3ccc(F)cc3)CCN(C)CC2)n1,6.85
ZINC000095603614,FC(F)(F)c1cc(COC[C@]2(c3ccccc3)CCCCNC2)cc(C(F)(F)F)c1,6.85
ZINC000101168111,c1ccc2oc([C@@]34CNC[C@H]3C4)cc2c1,6.85
ZINC000101168284,Brc1ccc([C@@]23CNC[C@H]2C3)s1,6.85
ZINC000101168287,Brc1ccc([C@]23CNC[C@@H]2C3)s1,6.85
ZINC000150524391,CN1[C@H]2CC[C@H]1[C@@H](COC(=O)CCCCCCCCCCC(=O)OC[C@H]1[C@@H](c3ccc(Cl)c(Cl)c3)C[C@@H]3CC[C@H]1N3C)[C@@H](c1ccc(Cl)c(Cl)c1)C2,6.85
ZINC000253681630,COC(=O)[C@@H]1[C@H]2C[C@H]3CC[C@H]1N3C/C2=C\C#Cc1cccs1,6.85
ZINC000253681633,COC(=O)[C@H]1[C@H]2C[C@H]3CC[C@H]1N3C/C2=C\C#Cc1cccs1,6.85
ZINC000013602944,CC1(C)CC(=O)N(CCCCN2CCN(c3ccc4ccccc4n3)CC2)C(=O)C1,6.84
ZINC000013606132,COC(=O)[C@H]1[C@@H](OC(=O)c2ccccc2O)C[C@@H]2CC[C@H]1N2C,6.84
ZINC000022940902,Fc1ccc(C(OCCN2C[C@@H]3CC[C@H](C2)N3C/C=C/c2ccco2)c2ccc(F)cc2)cc1,6.84
ZINC000028883025,CN1Cc2cc(OCCCN3CCCCC3)ncc2[C@H](c2cccc(Cl)c2)C1,6.84
ZINC000028883031,CN1Cc2cc(OCCCN3CCCCC3)ncc2[C@@H](c2cccc(Cl)c2)C1,6.84
ZINC000029047994,C#CCN(CC#C)C(=O)[C@@]1(c2ccc3c(c2)CCO3)C[C@H]1CN,6.84
ZINC000029230782,c1ccc2c(c1)[C@@H]1CCCN1C[C@@H]2C1CCCCC1,6.84
ZINC000040952334,COc1ccc(-c2c(=O)n(CCCCN3CCC(c4c[nH]c5ccccc45)CC3)c(=O)n3ccccc23)cc1,6.84
ZINC000058540818,CN(C)CCC[C@@]1(c2ccc(F)cc2)OCc2cc(-c3ccc(Cl)c(Cl)c3)ccc21,6.84
ZINC000058592631,CNCC[C@@H](c1ccc(Cl)c(Cl)c1)n1nnc(C)n1,6.84
ZINC000062224790,CN(C)CCC[C@]1(c2ccc(F)cc2)OCc2cc(-c3ccc(Cl)c(Cl)c3)ccc21,6.84
ZINC000066074046,CN(C)CC1(c2ccc(Cl)c(F)c2)CCCCC1,6.84
ZINC000261187284,COC(=O)[C@@H]1[C@H]2CC[C@H]3CC[C@H]1N(C/C2=C\c1ccc(-c2ccsc2)cc1)C3,6.84
ZINC000261187286,COC(=O)[C@H]1[C@H]2CC[C@H]3CC[C@H]1N(C/C2=C\c1ccc(-c2ccsc2)cc1)C3,6.84
ZINC000035030819,COC(=O)[C@H]1[C@@H](c2ccc(C)cc2)C[C@@H]2CC[C@H]1N2C/C=C/CF,6.83
ZINC000049032982,Cc1cccc(N2CCN(CCCCNC(=O)c3cc(-c4ccccc4)n(C)c3C)CC2)c1C,6.83
ZINC000072113094,COc1cccc([C@]23CCCC[C@H]2CN(C)C3)c1,6.83
ZINC000096307644,Cc1ccc2c3c(ccc2n1)OC[C@H](CN1CCN(c2ccc4cc(OC(F)(F)F)ccc4n2)CC1)O3,6.83
ZINC000100846495,Cc1ccc([C@H]2C[C@H]3CC[C@H]4[C@H]2[C@](C)(O)CN43)cc1,6.83
ZINC000253651071,CN1[C@H]2CC[C@H]1[C@@H](COC(c1ccccc1)c1ccccc1)[C@H](c1ccc(Cl)cc1)C2,6.83
ZINC000253651077,CN1[C@H]2CC[C@H]1[C@@H](COC(c1ccccc1)c1ccccc1)[C@@H](c1ccc(Cl)cc1)C2,6.83
ZINC000261120754,COC(=O)[C@H]1[C@H]2CC[C@H]3CC[C@H]1N(C/C2=C\c1ccc(-n2cccc2)cc1)C3,6.83
ZINC000261120759,COC(=O)[C@@H]1[C@H]2CC[C@H]3CC[C@H]1N(C/C2=C\c1ccc(-n2cccc2)cc1)C3,6.83
ZINC000013756670,CCC(=O)[C@H]1[C@@H](c2ccc(C(CC)CC)cc2)C[C@@H]2CC[C@H]1N2,6.82
ZINC000013800789,CN1[C@H](CCc2ccccc2)CCC[C@@H]1C[C@@H](O)c1ccccc1,6.82
ZINC000013861759,COc1ccccc1N1CCN(CC[C@@H](Oc2cccc3ccccc23)c2ccsc2)CC1,6.82
ZINC000013861760,COc1ccccc1N1CCN(CC[C@H](Oc2cccc3ccccc23)c2ccsc2)CC1,6.82
ZINC000022927424,O[C@@H](CCN1CCN(CCOC(c2ccc(F)cc2)c2ccc(F)cc2)CC1)c1ccco1,6.82
ZINC000022927428,O[C@H](CCN1CCN(CCOC(c2ccc(F)cc2)c2ccc(F)cc2)CC1)c1ccco1,6.82
ZINC000023360852,C[C@@](O)(CCN1CCN(CCOC(c2ccc(F)cc2)c2ccc(F)cc2)CC1)c1ccccc1,6.82
ZINC000023360855,C[C@](O)(CCN1CCN(CCOC(c2ccc(F)cc2)c2ccc(F)cc2)CC1)c1ccccc1,6.82
ZINC000026575738,CCC(=O)[C@H]1[C@H]2CC[C@@H](C[C@H]1c1ccc(C(CC)CC)cc1)N2,6.82
ZINC000026575739,CCC(=O)[C@@H]1[C@@H](c2ccc(C(CC)CC)cc2)C[C@@H]2CC[C@H]1N2,6.82
ZINC000028378040,COc1ccccc1CC1CCN(C2CCC3(CC2)OC(=O)c2c3ccc3c2OCO3)CC1,6.82
ZINC000028819431,COc1ccc2[nH]cc(C3=CC[C@@H](N(C)C)CC3)c2c1,6.82
ZINC000028819433,COc1ccc2[nH]cc(C3=CC[C@H](N(C)C)CC3)c2c1,6.82
ZINC000029047881,C=CCN(CC)C(=O)[C@@]1(c2ccc3c(c2)OCO3)C[C@H]1CN,6.82
ZINC000029127825,NCC(=O)NC[C@@H]1C[C@@]1(C(=O)[C@@H]1NCCc2ccccc21)c1ccccc1,6.82
ZINC000029127827,NCC(=O)NC[C@@H]1C[C@]1(C(=O)[C@@H]1NCCc2ccccc21)c1ccccc1,6.82
ZINC000029226587,O=C(Nc1ccccc1)Nc1ccc([C@@H]2CN3CCC[C@@H]3c3ccccc32)cc1,6.82
ZINC000029482454,CCCN[C@@H]1C[C@H](c2ccc(Cl)c(Cl)c2)c2ccccc21,6.82
ZINC000029482457,CCCN[C@H]1C[C@H](c2ccc(Cl)c(Cl)c2)c2ccccc21,6.82
ZINC000034662032,CN1CCC[C@@](COCc2cc(C(F)(F)F)cc(C(F)(F)F)c2)(c2ccccc2)CC1,6.82
ZINC000036093288,NCC(=O)NC[C@@H]1C[C@@]1(C(=O)[C@H]1NCCc2ccccc21)c1ccccc1,6.82
ZINC000036093289,NCC(=O)NC[C@@H]1C[C@]1(C(=O)[C@H]1NCCc2ccccc21)c1ccccc1,6.82
ZINC000040975187,CNC[C@@H]1OCc2ccccc2[C@@H]1Oc1ccc(F)cc1C,6.82
ZINC000040975818,CNC[C@]1(O)Cc2ccccc2[C@@H]1Oc1c(C)cccc1F,6.82
ZINC000042889203,Cc1ccccc1O[C@H]1C[C@H](N(C)C)c2ccccc21,6.82
ZINC000071319423,c1ccc(C(c2ccccc2)[C@@H]2CC[C@H](NCc3cccnc3)CO2)cc1,6.82
ZINC000072106310,Cc1cccc(N2CCN(C[C@H](O)CNC(=O)c3nc(-c4ccccc4)n(-c4ccc(F)cc4)c3C)CC2)c1C,6.82
ZINC000072106311,Cc1cccc(N2CCN(C[C@@H](O)CNC(=O)c3nc(-c4ccccc4)n(-c4ccc(F)cc4)c3C)CC2)c1C,6.82
ZINC000095561088,Cc1ccc(Sc2ccccc2)c(N2CCNCC2)c1,6.82
ZINC000100890129,N#Cc1ccc2[nH]cc([C@H]3CC[C@@H](N4CCCCC4)CC3)c2c1,6.82
ZINC000103228704,Oc1ccc(CCN[C@@H]2CO[C@H](C(c3ccccc3)c3ccccc3)C2)cc1,6.82
ZINC000103245890,CN(CCC[C@@]1(c2ccc(F)cc2)OCc2cc(C#N)ccc21)Cc1ccncc1,6.82
ZINC000103245894,CN(CCC[C@]1(c2ccc(F)cc2)OCc2cc(C#N)ccc21)Cc1ccncc1,6.82
ZINC000103250838,CCNC1CCC(COCc2cc(C(F)(F)F)cc(C(F)(F)F)c2)(c2ccccc2)CC1,6.82
ZINC000253695045,CCC(=O)[C@@H]1[C@H]2CC[C@@H](C[C@H]1c1ccc(C(CC)CC)cc1)N2,6.82
ZINC000013736099,COC(=O)[C@H]1[C@@H](c2ccccc2)C[C@@H]2CC[C@H]1N2,6.81
ZINC000026742762,CN(C)C[C@H](c1cccc(Cl)c1)C1(O)CCCCC1,6.81
ZINC000027186815,COC(=O)[C@H]1[C@@H](C(=O)Oc2ccccc2)C[C@@H]2CC[C@H]1N2C,6.81
ZINC000028235665,COC(=O)[C@@H]1[C@@H](c2ccccc2)C[C@@H]2CC[C@H]1N2,6.81
ZINC000045255130,Ic1cccc(O[C@@H](c2ccccc2)[C@H]2CNCCO2)c1,6.81
ZINC000045369587,CCc1cccc2c(C3=CCN(CCc4coc5ccccc45)CC3)c[nH]c12,6.81
ZINC000045369881,CNC[C@@H](O)[C@H](c1cccc(F)c1)N1C[C@@H](C)c2ccccc21,6.81
ZINC000066136522,CCN(C)CC1(c2ccc(Cl)c(Cl)c2)CCCCC1,6.81
ZINC000072105449,Cc1cccc(N2CCN(CCCNC(=O)c3nc(-c4ccccc4)n(-c4ccc(F)cc4)c3C)CC2)c1C,6.81
ZINC000101181976,c1ccc2c([C@H]3CC[C@@H](N4CCN(c5cccc6[nH]ccc56)CC4)CC3)c[nH]c2c1,6.81
ZINC000006716518,CCC[C@@]1(CCCNC)Cc2ccccc2N(c2ccc(C)cc2)C1=O,6.8
ZINC000013437297,O=C(COc1cc(C(F)(F)F)cc(C(F)(F)F)c1)N(Cc1ccccc1Cl)C1CCNCC1,6.8
ZINC000013437302,O=C(COc1cc(C(F)(F)F)cc(C(F)(F)F)c1)N(c1cccc(Cl)c1)C1CCNCC1,6.8
ZINC000013437305,O=C(COc1cc(C(F)(F)F)cc(C(F)(F)F)c1)N(c1ccc(Cl)c(Cl)c1)C1CCNCC1,6.8
ZINC000013437310,O=C(COc1cc(C(F)(F)F)cc(C(F)(F)F)c1)N(c1cc(Cl)cc(Cl)c1)C1CCNCC1,6.8
ZINC000013437313,O=C(COc1cc(C(F)(F)F)cc(C(F)(F)F)c1)N(Cc1cccc(Cl)c1)C1CCNCC1,6.8
ZINC000013584832,CN1CC[C@H](c2ccc(Cl)cc2)[C@@H](CSCCO)C1,6.8
ZINC000013677507,CN1CC[C@@H](c2ccc(Cl)cc2)[C@@H](CSCCO)C1,6.8
ZINC000013677526,CN1CC[C@H](c2ccc(Cl)cc2)[C@H](CSCCO)C1,6.8
ZINC000013731824,CN1CC=C(c2c[nH]c3ccc(F)cc23)CC1,6.8
ZINC000013740285,CN1[C@H]2CC[C@@H]1[C@@H](C(=O)N1CCCC1)[C@@H](c1ccc(I)cc1)C2,6.8
ZINC000013761415,CCN(CCc1ccc2c(c1)OCO2)C[C@@H]1CCCc2c(OC)cccc21,6.8
ZINC000013862756,CN1CC[C@H](c2ccc(Cl)cc2)[C@@H](C(=O)NCCCCCNC(=O)c2ccc(Cl)cc2)C1,6.8
ZINC000013978116,CCC[C@]1(CCCNC)Cc2ccccc2N(c2ccc(C)cc2)C1=O,6.8
ZINC000022926878,Fc1ccc([C@@H](COCc2cc(C(F)(F)F)cc(C(F)(F)F)c2)N2CCNCC2)cc1,6.8
ZINC000022926883,Fc1ccc([C@H](COCc2cc(C(F)(F)F)cc(C(F)(F)F)c2)N2CCNCC2)cc1,6.8
ZINC000022930610,COc1cc2c(cc1OC)C1=NO[C@@H](CN3CCN(Cc4ccccc4)CC3)[C@@H]1CO2,6.8
ZINC000022939432,COc1ccccc1/C=C/CN1CCN(CCOC(c2ccc(F)cc2)c2ccc(F)cc2)CC1,6.8
ZINC000026645403,COc1cc2c(cc1OC)C1=NO[C@H](CN3CCN(Cc4ccccc4)CC3)[C@H]1CO2,6.8
ZINC000026645408,COc1cc2c(cc1OC)C1=NO[C@H](CN3CCN(Cc4ccccc4)CC3)[C@@H]1CO2,6.8
ZINC000026645413,COc1cc2c(cc1OC)C1=NO[C@@H](CN3CCN(Cc4ccccc4)CC3)[C@H]1CO2,6.8
ZINC000028009390,Fc1ccc([C@@H]2C[C@@H](N3CCN(C/C=C/c4ccccc4)CC3)c3cc(F)ccc32)cc1,6.8
ZINC000028009395,Fc1ccc([C@H]2C[C@@H](N3CCN(C/C=C/c4ccccc4)CC3)c3cc(F)ccc32)cc1,6.8
ZINC000028009399,Fc1ccc([C@@H]2C[C@H](N3CCN(C/C=C/c4ccccc4)CC3)c3cc(F)ccc32)cc1,6.8
ZINC000028009404,Fc1ccc([C@H]2C[C@H](N3CCN(C/C=C/c4ccccc4)CC3)c3cc(F)ccc32)cc1,6.8
ZINC000028528331,COc1cccc2c1CCC[C@@H]2CN(C)CCc1cccc(F)c1,6.8
ZINC000028528332,COc1cccc2c1CCC[C@H]2CN(C)CCc1cccc(F)c1,6.8
ZINC000028827070,CSc1ccc([C@@H]2CN(C)Cc3cccc(Oc4ccnc(CN5CCCCC5)c4)c32)cc1,6.8
ZINC000028827071,CSc1ccc([C@H]2CN(C)Cc3cccc(Oc4ccnc(CN5CCCCC5)c4)c32)cc1,6.8
ZINC000029046889,C#CCN(C(=O)[C@@]1(c2ccc3c(c2)OCCO3)C[C@H]1CN)C1CC1,6.8
ZINC000029128250,CCN(Cc1ccccc1)C(=O)[C@@]1(c2ccccc2)C[C@@H]1CN,6.8
ZINC000029128251,CCN(Cc1ccccc1)C(=O)[C@]1(c2ccccc2)C[C@@H]1CN,6.8
ZINC000029128252,CCN(Cc1ccccc1)C(=O)[C@@]1(c2ccccc2)C[C@H]1CN,6.8
ZINC000029128253,CCN(Cc1ccccc1)C(=O)[C@]1(c2ccccc2)C[C@H]1CN,6.8
ZINC000039471891,c1ccc(-c2ccc([C@]34CNC[C@H]3C4)cc2)cc1,6.8
ZINC000039471892,c1ccc(-c2ccc([C@@]34CNC[C@@H]3C4)cc2)cc1,6.8
ZINC000040943614,NC(=O)c1ccc(F)c2c1C[C@@H](N(CCCCn1ccc3c(F)cccc31)CC1CC1)CO2,6.8
ZINC000040943616,NC(=O)c1ccc(F)c2c1C[C@H](N(CCCCn1ccc3c(F)cccc31)CC1CC1)CO2,6.8
ZINC000053298083,COC[C@@H]1CNCCN1c1ccc2[nH]ncc2c1,6.8
ZINC000053298085,COC[C@H]1CNCCN1c1ccc2[nH]ncc2c1,6.8
ZINC000066080172,CCNCC1(c2ccc(Cl)c(Cl)c2)CCCCC1,6.8
ZINC000095586653,Fc1cccc(F)c1O[C@@H](c1ccccc1)[C@H]1CCNC1,6.8
ZINC000095587499,COc1ccccc1O[C@H](c1ccccc1)[C@H]1CCNC1,6.8
ZINC000095587769,COc1ccccc1O[C@@H](c1ccccc1)[C@H]1CCNC1,6.8
ZINC000101168046,c1ccc(-c2ccc([C@@]34CNC[C@H]3C4)cc2)cc1,6.8
ZINC000101168048,c1ccc(-c2ccc([C@]34CNC[C@@H]3C4)cc2)cc1,6.8
ZINC000150543613,CN1[C@H]2CC[C@H]1[C@@H](C(=O)NCc1ccc(CNC(=O)[C@@H]3[C@@H](c4ccc(-c5ccsc5)cc4)C[C@@H]4CC[C@H]3N4C)cc1)[C@@H](c1ccc(-c3ccsc3)cc1)C2,6.8
ZINC000013494205,COc1cccc(CN2CCC(CCOC(c3ccc(F)cc3)c3ccc(F)cc3)CC2)c1,6.79
ZINC000034619310,CNC[C@@H](O)[C@@H](c1ccccc1)n1ccc2ccccc21,6.79
ZINC000040407820,CC(C)C(=O)N(Cc1ccc(F)cc1Cl)[C@H]1CCNC1,6.79
ZINC000040411449,COC(=O)c1ccc(F)c2c1C[C@H](N(CCCc1c[nH]c3ccc(F)cc13)C1CCC1)CO2,6.79
ZINC000040411452,COC(=O)c1ccc(F)c2c1C[C@@H](N(CCCc1c[nH]c3ccc(F)cc13)C1CCC1)CO2,6.79
ZINC000040431010,CN1[C@H]2CC[C@@H]1[C@@H](c1cn(Cc3ccccc3)nn1)[C@@H](c1ccc(Cl)cc1)C2,6.79
ZINC000058563519,Cc1[nH]c(-c2ccccc2)c(C)c1C(=O)NCCN1CCN(c2cccc(Cl)c2Cl)CC1,6.79
ZINC000058631793,CCCn1c(-c2ccccc2)cc(C(=O)N(C)CCCN2CCN(c3cccc(C)c3C)CC2)c1C,6.79
ZINC000072111387,CN1C[C@@H]2CCCC[C@]2(c2cccc3ccccc23)C1,6.79
ZINC000100061079,COC(=O)[C@@H]1[C@H](c2ccc(-c3ccccn3)cc2)C[C@H]2CC[C@H]1N2C,6.79
ZINC000103246759,Brc1ccc(C(SCCNCCCc2ccccc2)c2ccc(Br)cc2)cc1,6.79
ZINC000253638113,COC(=O)[C@H]1[C@H](c2ccc(-c3ccccn3)cc2)C[C@H]2CC[C@H]1N2C,6.79
ZINC000253638117,COC(=O)[C@@H]1[C@@H](c2ccc(-c3ccccn3)cc2)C[C@H]2CC[C@H]1N2C,6.79
ZINC000253638119,COC(=O)[C@H]1[C@@H](c2ccc(-c3ccccn3)cc2)C[C@H]2CC[C@H]1N2C,6.79
ZINC000029228562,COc1cccc([C@@H]2CN3CCC[C@H]3c3ccccc32)c1,6.78
ZINC000029337157,NCCNc1ccc2cc([N+](=O)[O-])ccc2n1,6.78
ZINC000034986367,CCCn1c(=O)n([C@@H](CCNC)c2ccccc2)c2ccccc21,6.78
ZINC000040394663,CNC[C@@H](O)[C@H](c1ccc(Cl)cc1)N(C)c1ccccc1,6.78
ZINC000040864798,CNCC[C@@H](c1cccs1)c1cccc2[nH]ccc12,6.78
ZINC000100891236,COC(=O)[C@H]1[C@@H](c2ccc(Cl)c(Cl)c2)C[C@H]2[C@@H](O)C[C@H]1N2C,6.78
ZINC000138651729,COC(=O)[C@H]1[C@H](c2ccc(Cl)c(Cl)c2)C[C@H]2[C@@H](O)C[C@H]1N2C,6.78
ZINC000261146261,COC(=O)[C@@H]1[C@H](c2ccc(Cl)c(Cl)c2)C[C@H]2[C@@H](O)C[C@H]1N2C,6.78
ZINC000261146264,COC(=O)[C@@H]1[C@@H](c2ccc(Cl)c(Cl)c2)C[C@H]2[C@@H](O)C[C@H]1N2C,6.78
ZINC000005649651,CCN(CC)C(=O)[C@]1(c2cccc(Cl)c2)C[C@@H]1CN,6.77
ZINC000013494203,Fc1ccc(C(OCCC2CCN(Cc3ccccc3)CC2)c2ccc(F)cc2)cc1,6.77
ZINC000013584898,NC(=O)CSC[C@H]1CNCC[C@@H]1c1ccc(Cl)cc1,6.77
ZINC000013760486,CCN(CC)C(=O)[C@]1(c2ccccc2)C[C@@H]1[C@@H](C)N,6.77
ZINC000013760488,CCN(CC)C(=O)[C@]1(c2ccccc2)C[C@@H]1[C@H](C)N,6.77
ZINC000028463031,NC(=O)CSC[C@@H]1CNCC[C@@H]1c1ccc(Cl)cc1,6.77
ZINC000028463035,NC(=O)CSC[C@@H]1CNCC[C@H]1c1ccc(Cl)cc1,6.77
ZINC000028463040,NC(=O)CSC[C@H]1CNCC[C@H]1c1ccc(Cl)cc1,6.77
ZINC000028645455,O[C@H]1CCN2CCCC[C@@H]2[C@H]1c1ccc(Cl)c(Cl)c1,6.77
ZINC000029234240,CCN1Cc2ccccc2[C@H](c2ccccc2)C1,6.77
ZINC000029234246,CCN1Cc2ccccc2[C@@H](c2ccccc2)C1,6.77
ZINC000034056906,CCNC[C@H]1CCC[C@@H]1c1c[nH]c2ccc(C#N)cc12,6.77
ZINC000034662408,CCN1CCC[C@](COCc2cc(C(F)(F)F)cc(C(F)(F)F)c2)(c2ccccc2)CC1,6.77
ZINC000053739072,CNCC1(c2ccc(Cl)c(Cl)c2)CCCCC1,6.77
ZINC000082151756,C[C@@H]1CN(c2ccc3ccccc3n2)CCN1CCCCN1C(=O)CC(C)(C)CC1=O,6.77
ZINC000082151759,C[C@H]1CN(c2ccc3ccccc3n2)CCN1CCCCN1C(=O)CC(C)(C)CC1=O,6.77
ZINC000084756887,O[C@@H](CCN1CC=C(Cc2ccccc2)CC1)c1csc2ccccc12,6.77
ZINC000084756889,O[C@H](CCN1CC=C(Cc2ccccc2)CC1)c1csc2ccccc12,6.77
ZINC000100897317,c1ccc(CCCN2[C@H]3CC[C@@H]2C[C@H](CCOC(c2ccccc2)c2ccccc2)C3)cc1,6.77
ZINC000164745065,CN1Cc2ccccc2[C@H](c2ccc3[nH]ccc3c2)C1,6.77
ZINC000164745192,CN1Cc2ccccc2[C@@H](c2ccc3[nH]ccc3c2)C1,6.77
ZINC000253638543,CC(C)(C)C(=O)OC[C@@H]1[C@H]2C[C@H]3CC[C@H]1N3C/C2=C\c1cccs1,6.77
ZINC000253638546,CC(C)(C)C(=O)OC[C@H]1[C@H]2C[C@H]3CC[C@H]1N3C/C2=C\c1cccs1,6.77
ZINC000253641100,CN1[C@H]2CC[C@H]1[C@@H](C(=O)OC1CC1)[C@H](c1ccc(Cl)cc1)C2,6.77
ZINC000253641103,CN1[C@H]2CC[C@H]1[C@@H](C(=O)OC1CC1)[C@@H](c1ccc(Cl)cc1)C2,6.77
ZINC000253641105,CN1[C@H]2CC[C@H]1[C@H](C(=O)OC1CC1)[C@@H](c1ccc(Cl)cc1)C2,6.77
ZINC000253641106,CN1[C@H]2CC[C@H]1[C@H](C(=O)OC1CC1)[C@H](c1ccc(Cl)cc1)C2,6.77
ZINC000253685006,O=C(OC[C@H]1[C@H]2C[C@H]3CC[C@H]1N3C/C2=C\c1cccs1)c1ccc2ccccc2c1,6.77
ZINC000253685013,O=C(OC[C@@H]1[C@H]2C[C@H]3CC[C@H]1N3C/C2=C\c1cccs1)c1ccc2ccccc2c1,6.77
ZINC000253849465,COC(=O)[C@H]1[C@@H](c2ccc(C(C)=O)c(C(C)=O)c2)C[C@H]2CC[C@H]1N2C,6.77
ZINC000253849468,COC(=O)[C@H]1[C@H](c2ccc(C(C)=O)c(C(C)=O)c2)C[C@H]2CC[C@H]1N2C,6.77
ZINC000253849470,COC(=O)[C@@H]1[C@@H](c2ccc(C(C)=O)c(C(C)=O)c2)C[C@H]2CC[C@H]1N2C,6.77
ZINC000253849472,COC(=O)[C@@H]1[C@H](c2ccc(C(C)=O)c(C(C)=O)c2)C[C@H]2CC[C@H]1N2C,6.77
ZINC000000403035,COc1ccc(C[C@H](C)N)cc1,6.76
ZINC000000403036,COc1ccc(C[C@@H](C)N)cc1,6.76
ZINC000013806649,C#Cc1ccc([C@H]2CCN(C)C[C@H]2C(=O)OC)cc1,6.76
ZINC000013861742,COc1ccccc1N1CCN(CC[C@@H](O)c2ccc(-c3ccccc3)cc2)CC1,6.76
ZINC000013861743,COc1ccccc1N1CCN(CC[C@H](O)c2ccc(-c3ccccc3)cc2)CC1,6.76
ZINC000013985193,CNC[C@@H](O)[C@H](c1cccc(F)c1)n1ccc2cccc(F)c21,6.76
ZINC000022939414,Oc1ccccc1CCCN1CCN(CCOC(c2ccc(F)cc2)c2ccc(F)cc2)CC1,6.76
ZINC000028827074,CSc1ccc([C@@H]2CN(C)Cc3cccc(Oc4cncc(CN5CCCCC5)c4)c32)cc1,6.76
ZINC000028827075,CSc1ccc([C@H]2CN(C)Cc3cccc(Oc4cncc(CN5CCCCC5)c4)c32)cc1,6.76
ZINC000029397030,CN1CC[C@H](c2ccc(Cl)cc2)[C@@H](C(=O)OCCCCCCCCOC(=O)[C@H]2CN(C)CC[C@@H]2c2ccc(Cl)cc2)C1,6.76
ZINC000100870048,Fc1ccc(C(OCCN2C[C@H]3C[C@H]2CN3CCCc2ccccc2)c2ccc(F)cc2)cc1,6.76
ZINC000253682105,CCC(=O)[C@@H]1[C@H](c2ccc(CC)c3ccccc23)C[C@H]2CC[C@H]1N2C,6.76
ZINC000253682113,CCC(=O)[C@H]1[C@H](c2ccc(CC)c3ccccc23)C[C@H]2CC[C@H]1N2C,6.76
ZINC000253682121,CCC(=O)[C@H]1[C@@H](c2ccc(CC)c3ccccc23)C[C@H]2CC[C@H]1N2C,6.76
ZINC000253682127,CCC(=O)[C@@H]1[C@@H](c2ccc(CC)c3ccccc23)C[C@H]2CC[C@H]1N2C,6.76
ZINC000299820234,COc1cc(CCN2CCN(CCCc3ccccc3)CC2)ccc1OC/C=C/I,6.76
ZINC000013487737,Clc1ccc(C(OCCC2C[C@@H]3CC[C@H](C2)N3CCCc2ccccc2)c2ccc(Cl)cc2)cc1,6.75
ZINC000013674807,c1cc2c(c(N3CCN(Cc4c[nH]c5ccccc45)CC3)c1)OCCO2,6.75
ZINC000013776966,CN1[C@H]2CC[C@@H]1[C@@H](COc1ccc3c(c1)OCO3)[C@@H](c1ccc(F)cc1)C2,6.75
ZINC000029549857,N#Cc1ccc2[nH]cc(C3=CC[C@@H](N4CCCCC4)CC3)c2c1,6.75
ZINC000029549861,N#Cc1ccc2[nH]cc(C3=CC[C@H](N4CCCCC4)CC3)c2c1,6.75
ZINC000101300453,C1=C(c2ccccc2)C[C@H]2CC[C@H]1N2,6.75
ZINC000253634203,COC(=O)[C@H]1[C@H](c2ccc(-c3ccc(C(C)=O)cc3)cc2)C[C@H]2CC[C@H]1N2C,6.75
ZINC000253634205,COC(=O)[C@@H]1[C@H](c2ccc(-c3ccc(C(C)=O)cc3)cc2)C[C@H]2CC[C@H]1N2C,6.75
ZINC000253634207,COC(=O)[C@H]1[C@@H](c2ccc(-c3ccc(C(C)=O)cc3)cc2)C[C@H]2CC[C@H]1N2C,6.75
ZINC000253634208,COC(=O)[C@@H]1[C@@H](c2ccc(-c3ccc(C(C)=O)cc3)cc2)C[C@H]2CC[C@H]1N2C,6.75
ZINC000253637325,COC(=O)[C@@H]1[C@H]2C[C@H]3CC[C@H]1N3C/C2=C\c1ccc(C)s1,6.75
ZINC000253637327,COC(=O)[C@H]1[C@H]2C[C@H]3CC[C@H]1N3C/C2=C\c1ccc(C)s1,6.75
ZINC000253868384,CN1[C@H]2CC[C@H]1[C@H](C(=O)NCCCCNC(=O)[C@@H]1[C@@H](c3ccc(Cl)cc3)C[C@H]3CC[C@H]1N3C)[C@@H](c1ccc(Cl)cc1)C2,6.75
ZINC000253868394,CN1[C@H]2CC[C@H]1[C@H](C(=O)NCCCCNC(=O)[C@@H]1[C@H](c3ccc(Cl)cc3)C[C@H]3CC[C@H]1N3C)[C@H](c1ccc(Cl)cc1)C2,6.75
ZINC000253868400,CN1[C@H]2CC[C@H]1[C@H](C(=O)NCCCCNC(=O)[C@@H]1[C@H](c3ccc(Cl)cc3)C[C@H]3CC[C@H]1N3C)[C@@H](c1ccc(Cl)cc1)C2,6.75
ZINC000253868406,CN1[C@H]2CC[C@H]1[C@H](C(=O)NCCCCNC(=O)[C@H]1[C@H](c3ccc(Cl)cc3)C[C@H]3CC[C@H]1N3C)[C@H](c1ccc(Cl)cc1)C2,6.75
ZINC000000120259,C[C@H](N)Cc1ccc(Cl)cc1,6.74
ZINC000000120261,C[C@@H](N)Cc1ccc(Cl)cc1,6.74
ZINC000003978823,c1ccc(CCCN2CCC(CCO[C@H](c3ccccc3)c3cccs3)CC2)cc1,6.74
ZINC000005996016,COC(=O)[C@H]1[C@@H](c2ccccc2)C[C@@H]2CC[C@H]1N2C,6.74
ZINC000013677513,COC(=O)CSC[C@@H]1CN(C)CC[C@@H]1c1ccc(Cl)cc1,6.74
ZINC000013761436,COc1cccc2c1CCC[C@H]2CN(C)CCc1ccc2c(c1)N(S(=O)(=O)C(F)(F)F)CC2,6.74
ZINC000013778629,c1ccc(CCCN2CCC(CCO[C@@H](c3ccccc3)c3cccs3)CC2)cc1,6.74
ZINC000022939398,Oc1cccc(/C=C/CN2CCN(CCOC(c3ccccc3)c3ccccc3)CC2)c1,6.74
ZINC000026994089,Cc1ccc([C@@H]2C[C@H]3CC[C@@H]([C@@H]2c2ccccc2)N3CCc2ccccc2)cc1,6.74
ZINC000028373823,O=C1OC2(CCC(N3CCC(Cc4ccccc4C(F)(F)F)CC3)CC2)c2ccc3c(c21)OCO3,6.74
ZINC000029128518,CCO[C@]1(c2cccc(OC)c2)CCCC[C@@H]1CN(C)C,6.74
ZINC000034841817,CC(C)CN(CCCc1c[nH]c2ccc(F)cc12)[C@H]1COc2ccc3c(c2C1)C(=O)NCC3,6.74
ZINC000034841818,CC(C)CN(CCCc1c[nH]c2ccc(F)cc12)[C@@H]1COc2ccc3c(c2C1)C(=O)NCC3,6.74
ZINC000035090482,CCC[C@@H](c1ccc(Cl)c(Cl)c1)[C@@H]1CCCCN1,6.74
ZINC000035090484,CCC[C@H](c1ccc(Cl)c(Cl)c1)[C@@H]1CCCCN1,6.74
ZINC000035090486,CCC[C@@H](c1ccc(Cl)c(Cl)c1)[C@H]1CCCCN1,6.74
ZINC000035090488,CCC[C@H](c1ccc(Cl)c(Cl)c1)[C@H]1CCCCN1,6.74
ZINC000038496085,Cc1ccc([C@@H]2C[C@H]3CC[C@@H]([C@H]2c2ccccc2)N3CCc2ccccc2)cc1,6.74
ZINC000040380100,CNC[C@]1(O)Cc2ccccc2[C@@H]1Oc1ccccc1C,6.74
ZINC000040420350,CCCN(C[C@@H]1CCc2[nH]c3ccc(F)cc3c2C1)[C@H]1COc2c(F)ccc(C(N)=O)c2C1,6.74
ZINC000040420352,CCCN(C[C@H]1CCc2[nH]c3ccc(F)cc3c2C1)[C@H]1COc2c(F)ccc(C(N)=O)c2C1,6.74
ZINC000040879775,COc1ccc([C@@H]([C@H](O)CN)N(C)c2ccccc2)cc1,6.74
ZINC000049052289,CCn1c(-c2ccccc2)cc(C(=O)NCCCN2CCN(c3cccc(Cl)c3Cl)CC2)c1C,6.74
ZINC000058564010,Cc1c(C(=O)NCCCN2CCN(c3ccc(F)cc3)CC2)cc(-c2ccccc2)n1C,6.74
ZINC000058590461,CNCC[C@@H](c1ccc(Cl)c(Cl)c1)n1ncnn1,6.74
ZINC000062225505,CNCC[C@H](c1ccc(Cl)c(Cl)c1)n1ncnn1,6.74
ZINC000072105036,Cc1c(Cl)cccc1N1CCN(CCCNC(=O)c2nc(-c3ccccc3)n(-c3ccccc3)c2Cn2cncn2)CC1,6.74
ZINC000096909811,O=C1C[C@@H](c2c[nH]c3ccccc23)C(=O)N1CCCN1CC=C(c2c[nH]c3ccc(Br)cc23)CC1,6.74
ZINC000096914808,COC[C@@H](c1cccc(Cl)c1)C1CCNCC1,6.74
ZINC000096914809,COC[C@H](c1cccc(Cl)c1)C1CCNCC1,6.74
ZINC000103135109,O=C1C[C@H](c2c[nH]c3ccccc23)C(=O)N1CCCN1CC=C(c2c[nH]c3ccc(Br)cc23)CC1,6.74
ZINC000169330245,Cc1ccc(C(=O)[C@@H](C)NC2CC2)cc1Cl,6.74
ZINC000169330247,Cc1ccc(C(=O)[C@H](C)NC2CC2)cc1Cl,6.74
ZINC000028883213,CN1Cc2cc(OCCCN3CCCCC3)ncc2[C@H](c2ccc(F)cc2)C1,6.73
ZINC000028883218,CN1Cc2cc(OCCCN3CCCCC3)ncc2[C@@H](c2ccc(F)cc2)C1,6.73
ZINC000029234031,c1ccc([C@H]2CN3CCC[C@H]3c3[nH]c4ccccc4c32)cc1,6.73
ZINC000035821109,Oc1ccc(CN[C@@H]2CC[C@H](C(c3ccccc3)c3ccccc3)OC2)cc1,6.73
ZINC000040866587,CN[C@H](C)c1ccc(Cl)cc1Oc1ccc(C)cc1,6.73
ZINC000040866589,CN[C@@H](C)c1ccc(Cl)cc1Oc1ccc(C)cc1,6.73
ZINC000045245576,C[C@H](NC1CCC1)C(=O)c1cccc(Cl)c1,6.73
ZINC000045245577,C[C@@H](NC1CCC1)C(=O)c1cccc(Cl)c1,6.73
ZINC000049678319,COc1ccc(-c2c3n(c(=O)n(CCCCN4CCC(c5c(C)[nH]c6ccccc56)CC4)c2=O)CCCC3)cc1,6.73
ZINC000049695406,COc1ccc2[nH]cc(C3CCN(CCCCn4c(=O)c(-c5ccccc5F)c5n(c4=O)CCCC5)CC3)c2c1,6.73
ZINC000071319080,c1ccc(C(c2ccccc2)[C@@H]2CC[C@H](NCc3cccs3)CO2)cc1,6.73
ZINC000072104701,Cc1cccc(N2CCN(CCCNC(=O)c3nc(-c4ccccc4)n(-c4ccc5c(c4)OCCO5)c3C)CC2)c1C,6.73
ZINC000072104860,CCCc1nc(C(=O)NCCCN2CCN(c3cccc(C)c3C)CC2)cn1-c1ccc(F)cc1,6.73
ZINC000003787226,CNC[C@@H]1Cc2ccccc2[C@@H]1Oc1ccc(C(F)(F)F)cc1,6.72
ZINC000005649649,CCN(CC)C(=O)[C@]1(c2ccc(Cl)cc2)C[C@@H]1CN,6.72
ZINC000012356000,CN1CCc2c([nH]c3ccccc23)[C@@H](c2ccccc2)C1,6.72
ZINC000012356001,CN1CCc2c([nH]c3ccccc23)[C@H](c2ccccc2)C1,6.72
ZINC000013579467,CCOC(=O)C[C@H]1CN(C)CC[C@@H]1c1ccc(Cl)cc1,6.72
ZINC000013579473,CN1CC[C@H](c2ccc(Cl)cc2)[C@@H](CC(=O)NCc2ccccc2)C1,6.72
ZINC000013584838,COCCSC[C@H]1CN(C)CC[C@@H]1c1ccc(Cl)cc1,6.72
ZINC000013781004,C#C[C@@H](N)[C@@H]1C[C@@]1(C(=O)N(CC)CC)c1ccccc1,6.72
ZINC000013806636,COC(=O)[C@@H]1CN(C)CC[C@H]1c1ccc2ccccc2c1,6.72
ZINC000013861799,Oc1ccccc1N1CCN(CC[C@H](O)c2ccc3ccccc3c2)CC1,6.72
ZINC000013861800,Oc1ccccc1N1CCN(CC[C@@H](O)c2ccc3ccccc3c2)CC1,6.72
ZINC000022939447,COc1ccccc1CCCN1CCN(CCOC(c2ccc(F)cc2)c2ccc(F)cc2)CC1,6.72
ZINC000028468367,COCCSC[C@@H]1CN(C)CC[C@@H]1c1ccc(Cl)cc1,6.72
ZINC000028819408,CCN(CC)C(=O)[C@@]1(c2ccsc2)C[C@H]1CN,6.72
ZINC000028883522,CN1Cc2cc(OCCCN3CCCCC3)ncc2[C@H](c2ccccc2F)C1,6.72
ZINC000028883528,CN1Cc2cc(OCCCN3CCCCC3)ncc2[C@@H](c2ccccc2F)C1,6.72
ZINC000029129915,CN(C)Cc1ccccc1Oc1cccc(Cl)c1,6.72
ZINC000029325305,CN[C@H]1CC[C@@H](c2ccc(Br)cc2)c2ccccc21,6.72
ZINC000029326305,CN(C)[C@H]1CC[C@@H](c2cccc(C(F)(F)F)c2)c2ccccc21,6.72
ZINC000036271061,C#C[C@H](N)[C@@H]1C[C@@]1(C(=O)N(CC)CC)c1ccccc1,6.72
ZINC000036271525,COCCSC[C@@H]1CN(C)CC[C@H]1c1ccc(Cl)cc1,6.72
ZINC000040829359,C[C@@H]1[C@H]2CNC[C@@]12c1ccc(Cl)c(Cl)c1,6.72
ZINC000040847973,Clc1ccc([C@@]23CNC[C@@H]2C3)s1,6.72
ZINC000040980995,FC(F)(F)c1ccc([C@]23CNC[C@H]2C3)s1,6.72
ZINC000042835496,FC(F)(F)c1ccc([C@@]23CNC[C@@H]2C3)s1,6.72
ZINC000049723366,Cn1c(=O)c2c(nc3n(CCCN4CCN(c5cccc(Cl)c5)CC4)c(-c4ccccc4)cn23)n(C)c1=O,6.72
ZINC000101168313,FC(F)(F)c1ccc([C@@]23CNC[C@H]2C3)s1,6.72
ZINC000101168316,FC(F)(F)c1ccc([C@]23CNC[C@@H]2C3)s1,6.72
ZINC000101168383,Clc1ccc([C@@]23CNC[C@H]2C3)s1,6.72
ZINC000101168385,Clc1ccc([C@]23CNC[C@@H]2C3)s1,6.72
ZINC000103251866,CNC1CCC(COCc2cc(C(F)(F)F)cc(C(F)(F)F)c2)(c2ccccc2)CC1,6.72
ZINC000202566223,COC(=O)[C@@H]1[C@@H](c2ccc(C(C)C)cc2)C[C@H]2CC[C@H]1N2C,6.72
ZINC000202566250,COC(=O)[C@H]1[C@@H](c2ccc(C(C)C)cc2)C[C@H]2CC[C@H]1N2C,6.72
ZINC000253639360,COCCSC[C@H]1CN(C)CC[C@H]1c1ccc(Cl)cc1,6.72
ZINC000253689148,COC(=O)[C@H]1[C@H](c2ccc(C(C)C)cc2)C[C@H]2CC[C@H]1N2C,6.72
ZINC000253689151,COC(=O)[C@@H]1[C@H](c2ccc(C(C)C)cc2)C[C@H]2CC[C@H]1N2C,6.72
ZINC000013606127,COC(=O)[C@H]1[C@@H](OC(=O)c2ccc(I)cc2O)C[C@@H]2CC[C@H]1N2C,6.71
ZINC000013682051,CCC[C@H](C(=O)c1ccc(I)cc1)N1CCCC1,6.71
ZINC000013682054,CCC[C@@H](C(=O)c1ccc(I)cc1)N1CCCC1,6.71
ZINC000013778623,c1ccc(C(OCCC2CCN(CCCc3cccnc3)CC2)c2ccccc2)cc1,6.71
ZINC000026656433,Cc1ccc(C(=O)NCc2ccc(CNC(=O)[C@@H]3CN(C)CC[C@H]3c3ccc(Cl)cc3)cc2)cc1,6.71
ZINC000028883013,Clc1ccccc1[C@@H]1CNCc2cc(OCCCN3CCCCC3)ncc21,6.71
ZINC000028883018,Clc1ccccc1[C@H]1CNCc2cc(OCCCN3CCCCC3)ncc21,6.71
ZINC000038939387,CN1[C@H]2CC[C@@H]1C[C@H](c1ccc(Cl)cc1)[C@@H]2c1nc(-c2ccccc2)no1,6.71
ZINC000040834504,CN(c1ccccc1)[C@@H](c1ccccc1)[C@H](O)CN,6.71
ZINC000040894833,O=C(c1ccccc1)N(Cc1ccc(Cl)cc1Cl)[C@H]1CCNC1,6.71
ZINC000040950082,CN(C)Cc1ccccc1Sc1ccc(I)cc1NC(=O)c1ccc(F)cc1,6.71
ZINC000044351700,COc1ccc(F)c(CCC[C@@H]2CC[C@H](CCNCCCCCN3N=C(c4ccc(OC)c(OC)c4)[C@H]4CC=CC[C@H]4C3=O)O2)c1,6.71
ZINC000044351702,COc1ccc(F)c(CCC[C@H]2CC[C@H](CCNCCCCCN3N=C(c4ccc(OC)c(OC)c4)[C@H]4CC=CC[C@H]4C3=O)O2)c1,6.71
ZINC000044351704,COc1ccc(F)c(CCC[C@@H]2CC[C@@H](CCNCCCCCN3N=C(c4ccc(OC)c(OC)c4)[C@H]4CC=CC[C@H]4C3=O)O2)c1,6.71
ZINC000044351707,COc1ccc(F)c(CCC[C@H]2CC[C@@H](CCNCCCCCN3N=C(c4ccc(OC)c(OC)c4)[C@H]4CC=CC[C@H]4C3=O)O2)c1,6.71
ZINC000045337510,CNC[C@@H](O)[C@H](c1cccc(F)c1)N1C[C@H](C)c2ccccc21,6.71
ZINC000056727864,CN1[C@H]2CC[C@@H]1C[C@H](c1ccc(Cl)cc1)[C@H]2c1nc(-c2ccccc2)no1,6.71
ZINC000072105173,Cc1c(C(=O)NC[C@H](O)CN2CCN(c3cccc(Cl)c3Cl)CC2)nc(-c2ccccc2)n1-c1ccc(F)cc1,6.71
ZINC000072105174,Cc1c(C(=O)NC[C@@H](O)CN2CCN(c3cccc(Cl)c3Cl)CC2)nc(-c2ccccc2)n1-c1ccc(F)cc1,6.71
ZINC000100751742,CN1[C@H]2CC[C@H]1[C@H](c1nc(-c3ccccc3)no1)[C@@H](c1ccc(Cl)cc1)C2,6.71
ZINC000101818273,CN1[C@H]2CC[C@H]1[C@@H](c1nc(-c3ccccc3)no1)[C@H](c1ccc(Cl)cc1)C2,6.71
ZINC000261137736,CN1[C@H]2CC[C@H]1[C@H](c1nc(-c3ccccc3)no1)[C@H](c1ccc(Cl)cc1)C2,6.71
ZINC000261137738,CN1[C@H]2CC[C@H]1[C@@H](c1nc(-c3ccccc3)no1)[C@@H](c1ccc(Cl)cc1)C2,6.71
ZINC000000000853,COc1cccc([C@@]2(O)CCCC[C@@H]2CN(C)C)c1,6.7
ZINC000000002200,COc1cccc([C@]2(O)CCCC[C@H]2CN(C)C)c1,6.7
ZINC000001849532,COc1cccc([C@]2(O)CCCC[C@@H]2CN(C)C)c1,6.7
ZINC000002015652,COc1cccc([C@@]2(O)CCCC[C@H]2CN(C)C)c1,6.7
ZINC000013437278,Cc1cccc(CN(C(=O)CCc2cc(C(F)(F)F)cc(C(F)(F)F)c2)C2CCNCC2)c1,6.7
ZINC000013437281,O=C(CCc1cc(C(F)(F)F)cc(C(F)(F)F)c1)N(Cc1ccccc1Cl)C1CCNCC1,6.7
ZINC000013494209,Fc1ccc(C(OCCC2CCN(Cc3ccc(Br)cc3)CC2)c2ccc(F)cc2)cc1,6.7
ZINC000013584851,CN1CC[C@H](c2ccc(Cl)cc2)[C@@H](C[S@@](=O)CCOC(=O)c2ccccc2)C1,6.7
ZINC000013584853,CN1CC[C@H](c2ccc(Cl)cc2)[C@@H](C[S@](=O)CCOC(=O)c2ccccc2)C1,6.7
ZINC000013682129,CCC[C@H](C(=O)c1ccc(Cl)c(Cl)c1)N1CCCC1,6.7
ZINC000013682132,CCC[C@@H](C(=O)c1ccc(Cl)c(Cl)c1)N1CCCC1,6.7
ZINC000013761402,CCOc1cccc2c1CCC[C@H]2CN(C)CCc1ccc2c(c1)OCO2,6.7
ZINC000013861762,O[C@@H](CCN1CCN(c2ccc(Cl)cc2)CC1)c1ccsc1,6.7
ZINC000013861763,O[C@H](CCN1CCN(c2ccc(Cl)cc2)CC1)c1ccsc1,6.7
ZINC000022036010,CN1CCN([C@H]2C[C@@H](c3ccc(Cl)c(Cl)c3)c3ccccc32)CC1,6.7
ZINC000022036013,CN1CCN([C@H]2C[C@H](c3ccc(Cl)c(Cl)c3)c3ccccc32)CC1,6.7
ZINC000022036027,CN1CCN([C@@H]2C[C@@H](c3ccc(Cl)c(Cl)c3)c3ccccc32)CC1,6.7
ZINC000022036039,CN1CCN([C@@H]2C[C@H](c3ccc(Cl)c(Cl)c3)c3ccccc32)CC1,6.7
ZINC000022926816,Fc1ccccc1[C@@H](COCc1cc(C(F)(F)F)cc(C(F)(F)F)c1)N1CCNCC1,6.7
ZINC000022926820,Fc1ccccc1[C@H](COCc1cc(C(F)(F)F)cc(C(F)(F)F)c1)N1CCNCC1,6.7
ZINC000022926822,FC(F)(F)c1cc(COC[C@H](c2ccccc2Cl)N2CCNCC2)cc(C(F)(F)F)c1,6.7
ZINC000022926825,FC(F)(F)c1cc(COC[C@@H](c2ccccc2Cl)N2CCNCC2)cc(C(F)(F)F)c1,6.7
ZINC000022926870,COc1cccc([C@@H](COCc2cc(C(F)(F)F)cc(C(F)(F)F)c2)N2CCNCC2)c1,6.7
ZINC000022926874,COc1cccc([C@H](COCc2cc(C(F)(F)F)cc(C(F)(F)F)c2)N2CCNCC2)c1,6.7
ZINC000022926894,FC(F)(F)c1cc(COC[C@H](c2ccc(Cl)c(Cl)c2)N2CCNCC2)cc(C(F)(F)F)c1,6.7
ZINC000022926898,FC(F)(F)c1cc(COC[C@@H](c2ccc(Cl)c(Cl)c2)N2CCNCC2)cc(C(F)(F)F)c1,6.7
ZINC000022930612,COc1cc2c(cc1OC)C1=NO[C@@H](CN3CCN(CCc4ccccc4)CC3)[C@@H]1CO2,6.7
ZINC000026646289,COc1cc2c(cc1OC)C1=NO[C@H](CN3CCN(CCc4ccccc4)CC3)[C@H]1CO2,6.7
ZINC000026646294,COc1cc2c(cc1OC)C1=NO[C@H](CN3CCN(CCc4ccccc4)CC3)[C@@H]1CO2,6.7
ZINC000026646298,COc1cc2c(cc1OC)C1=NO[C@@H](CN3CCN(CCc4ccccc4)CC3)[C@H]1CO2,6.7
ZINC000026733992,COc1ccc([C@@H](CN(C)C)C2(O)CCCCC2)cc1Br,6.7
ZINC000026733996,COc1ccc([C@H](CN(C)C)C2(O)CCCCC2)cc1Br,6.7
ZINC000028645497,CC[C@H]1CCN2CCCC[C@@H]2[C@H]1c1ccc(Cl)c(Cl)c1,6.7
ZINC000028768135,C=C(Br)CN1[C@H]2CC[C@@H]1C[C@H](c1ccc(I)cc1)[C@@H]2C(=O)OC,6.7
ZINC000029314020,CN[C@H]1CC[C@@H](c2cccc(C(F)(F)F)c2)c2ccccc21,6.7
ZINC000029318175,CNC/C=C(/c1ccc(Cl)cc1)c1cccnc1,6.7
ZINC000036271546,CN1CC[C@H](c2ccc(Cl)cc2)[C@H](C[S@@](=O)CCOC(=O)c2ccccc2)C1,6.7
ZINC000036429583,CCN(C)C[C@@H]1CCC[C@H]1c1ccc2[nH]cc(C#N)c2c1,6.7
ZINC000036948412,NCC1(c2ccc(Cl)c(Cl)c2)CCCCC1,6.7
ZINC000038389629,Cc1ccc2c(OCCN3CCC(Cc4cccc(N5CCCC5=O)c4)CC3)cccc2n1,6.7
ZINC000040874127,CNC[C@]1(O)Cc2ccccc2[C@@H]1Oc1cc(F)ccc1C,6.7
ZINC000040937054,Cc1ccc2c(OC3CCN(Cc4ccc5c(c4)NC(=O)CO5)CC3)cccc2n1,6.7
ZINC000042887543,C[C@H]1[C@H]2CNC[C@@]12c1ccc(Cl)c(Cl)c1,6.7
ZINC000072105167,COc1ccc(-n2c(-c3ccccc3)nc(C(=O)NC[C@@H](O)CN3CCN(c4cccc(C)c4C)CC3)c2C)cc1,6.7
ZINC000072105168,COc1ccc(-n2c(-c3ccccc3)nc(C(=O)NC[C@H](O)CN3CCN(c4cccc(C)c4C)CC3)c2C)cc1,6.7
ZINC000072105261,Cc1c(C(=O)NCCCN2CCN(c3cccc(Cl)c3Cl)CC2)nc(-c2ccccc2)n1-c1ccccc1F,6.7
ZINC000095561697,Cc1ccc(Sc2cc(C)ccc2N2CCNCC2)c(C)c1,6.7
ZINC000100798505,Nc1c2c(nc3ccccc13)[C@H]1CC[C@H]2C1,6.7
ZINC000100921387,COC(=O)[C@@H]1[C@@H](c2ccc(C#CCCc3ccccc3)cc2)C[C@H]2CC[C@H]1N2C,6.7
ZINC000100921388,COC(=O)[C@H]1[C@@H](c2ccc(C#CCCc3ccccc3)cc2)C[C@H]2CC[C@H]1N2C,6.7
ZINC000101022228,CN1CC[C@H](c2ccc(Cl)cc2)[C@H](C[S@](=O)CCOC(=O)c2ccccc2)C1,6.7
ZINC000145632394,C[C@H]1NCCCN(c2ccc3ccccc3c2)C1=O,6.7
ZINC000195340591,C=C(Br)CN1[C@H]2CC[C@@H]1C[C@@H](c1ccc(I)cc1)[C@@H]2C(=O)OC,6.7
ZINC000253710504,COC(=O)[C@@H]1[C@H]2CC[C@H]3CC[C@H]1N(C/C2=C\c1ccc(-c2ccc(C)s2)cc1)C3,6.7
ZINC000253710508,COC(=O)[C@H]1[C@H]2CC[C@H]3CC[C@H]1N(C/C2=C\c1ccc(-c2ccc(C)s2)cc1)C3,6.7
ZINC000003775140,COc1cc(N)c(Cl)cc1C(=O)N[C@@H]1CCN(CCCOc2ccc(F)cc2)C[C@@H]1OC,6.69
ZINC000003830564,COc1cc(N)c(Cl)cc1C(=O)N[C@H]1CCN(CCCOc2ccc(F)cc2)C[C@@H]1OC,6.69
ZINC000004215367,COc1cc(N)c(Cl)cc1C(=O)N[C@H]1CCN(CCCOc2ccc(F)cc2)C[C@H]1OC,6.69
ZINC000013778620,Fc1ccc(/C=C/CN2CCC(CCOC(c3ccccc3)c3ccccc3)CC2)cc1,6.69
ZINC000022938591,Fc1ccc(C(OCCN2CCN(CCCc3ccco3)CC2)c2ccc(F)cc2)cc1,6.69
ZINC000022939393,Oc1ccccc1/C=C/CN1CCN(CCOC(c2ccccc2)c2ccccc2)CC1,6.69
ZINC000029210629,COc1cc(N)c(Cl)cc1C(=O)N[C@@H]1CCN(CCCOc2ccc(F)cc2)C[C@H]1OC,6.69
ZINC000029234481,Fc1ccc(C(OCCC2CCN(Cc3ccc(I)cc3)CC2)c2ccc(F)cc2)cc1,6.69
ZINC000040975802,CC(=O)O[C@@H](CCN1CCN(CCCN(c2ccc(F)cc2)c2ccc(F)cc2)CC1)c1ccccc1,6.69
ZINC000040975804,CC(=O)O[C@H](CCN1CCN(CCCN(c2ccc(F)cc2)c2ccc(F)cc2)CC1)c1ccccc1,6.69
ZINC000000596855,OCCN1CCN([C@H]2C[C@H](c3ccc(Cl)c(Cl)c3)c3ccccc32)CC1,6.68
ZINC000001846941,CCN(CC)C(=O)[C@@]1(c2ccc(F)cc2)C[C@H]1CN,6.68
ZINC000013530634,COc1cc2c(cc1OC)CN(CC[C@@H](Oc1ccccc1F)c1ccccc1)CC2,6.68
ZINC000013530637,COc1cc2c(cc1OC)CN(CC[C@H](Oc1ccccc1F)c1ccccc1)CC2,6.68
ZINC000013584827,COC(=O)CSC[C@H]1CN(C)CC[C@@H]1c1ccc(Cl)cc1,6.68
ZINC000013677489,COC(=O)CSC[C@H]1CN(C)CC[C@H]1c1ccc(Cl)cc1,6.68
ZINC000013731818,CN1CC=C(c2c[nH]c3ccc(Br)cc23)CC1,6.68
ZINC000013803924,c1ccc(CCCN2CCC[C@@H](CNCCOC(c3ccccc3)c3ccccc3)C2)cc1,6.68
ZINC000013803927,c1ccc(CCCN2CCC[C@H](CNCCOC(c3ccccc3)c3ccccc3)C2)cc1,6.68
ZINC000022441566,OCCN1CCN([C@@H]2C[C@@H](c3ccc(Cl)c(Cl)c3)c3ccccc32)CC1,6.68
ZINC000028009376,OCCN1CCN([C@H]2C[C@@H](c3ccc(Cl)c(Cl)c3)c3ccccc32)CC1,6.68
ZINC000028009382,OCCN1CCN([C@@H]2C[C@H](c3ccc(Cl)c(Cl)c3)c3ccccc32)CC1,6.68
ZINC000029046892,C#CCN(CC1CC1)C(=O)[C@@]1(c2ccc3c(c2)OCCO3)C[C@H]1CN,6.68
ZINC000029047983,C=CCN(CC#CC)C(=O)[C@@]1(c2ccc3c(c2)CCO3)C[C@H]1CN,6.68
ZINC000029483327,CN[C@@H]1C[C@@H](c2ccccc2)c2ccccc21,6.68
ZINC000029483330,CN[C@H]1C[C@@H](c2ccccc2)c2ccccc21,6.68
ZINC000029483334,CN[C@@H]1C[C@H](c2ccccc2)c2ccccc21,6.68
ZINC000029483337,CN[C@H]1C[C@H](c2ccccc2)c2ccccc21,6.68
ZINC000034600752,CNC[C@@H](O)[C@H](c1cccc(F)c1)n1ccc2c(Br)cccc21,6.68
ZINC000035090452,Clc1ccc([C@H](CCc2ccccc2)[C@@H]2CCCCN2)cc1,6.68
ZINC000035090454,Clc1ccc([C@@H](CCc2ccccc2)[C@@H]2CCCCN2)cc1,6.68
ZINC000035090455,Clc1ccc([C@H](CCc2ccccc2)[C@H]2CCCCN2)cc1,6.68
ZINC000035090457,Clc1ccc([C@@H](CCc2ccccc2)[C@H]2CCCCN2)cc1,6.68
ZINC000036093331,NC(=O)c1cccc(C[C@H](c2ccccc2)N2CCNCC2)c1,6.68
ZINC000036093332,NC(=O)c1cccc(C[C@@H](c2ccccc2)N2CCNCC2)c1,6.68
ZINC000038209980,N[C@@H]1CC[C@](COCc2cc(C(F)(F)F)cc(C(F)(F)F)c2)(c2ccccc2)C1,6.68
ZINC000040413149,CCCN(CCCCn1ccc2c(F)cccc21)[C@H]1COc2c(F)ccc(C(N)=O)c2C1,6.68
ZINC000040413152,CCCN(CCCCn1ccc2c(F)cccc21)[C@@H]1COc2c(F)ccc(C(N)=O)c2C1,6.68
ZINC000045286509,COC(=O)[C@H]1[C@@H](c2ccc(S(C)(=O)=O)cc2)C[C@@H]2CC[C@H]1N2C,6.68
ZINC000096258479,COc1ccc2[nH]cc(C3CCN(CCCCN4C(=O)C[C@@H](c5c[nH]c6ccccc56)C4=O)CC3)c2c1,6.68
ZINC000096909806,O=C1C[C@@H](c2c[nH]c3ccccc23)C(=O)N1CCCCN1CC=C(c2c[nH]c3ccc(Br)cc23)CC1,6.68
ZINC000096924124,Clc1ccc(C2(OCc3ccccc3)CNC2)cc1Cl,6.68
ZINC000100985559,CC(C)c1cc([C@H]2[C@@H](c3ccc(Cl)cc3)C[C@H]3CC[C@H]2N3C)on1,6.68
ZINC000100985562,CC(C)c1cc([C@@H]2[C@@H](c3ccc(Cl)cc3)C[C@H]3CC[C@H]2N3C)on1,6.68
ZINC000101387220,N#Cc1cc(O[C@H]2C[C@@H]3CC[C@H](C2)N3)nc(-c2ccccc2)c1,6.68
ZINC000101675474,COc1ccc2[nH]cc(C3CCN(CCCCN4C(=O)C[C@H](c5c[nH]c6ccccc56)C4=O)CC3)c2c1,6.68
ZINC000103135087,O=C1C[C@H](c2c[nH]c3ccccc23)C(=O)N1CCCCN1CC=C(c2c[nH]c3ccc(Br)cc23)CC1,6.68
ZINC000253637781,COC(=O)[C@H]1[C@H]2C[C@H]3CC[C@H]1N3C/C2=C\C#Cc1ccccc1,6.68
ZINC000253637785,COC(=O)[C@@H]1[C@H]2C[C@H]3CC[C@H]1N3C/C2=C\C#Cc1ccccc1,6.68
ZINC000261178905,CC(C)c1cc([C@H]2[C@H](c3ccc(Cl)cc3)C[C@H]3CC[C@H]2N3C)on1,6.68
ZINC000261178907,CC(C)c1cc([C@@H]2[C@H](c3ccc(Cl)cc3)C[C@H]3CC[C@H]2N3C)on1,6.68
ZINC000049089224,Cc1c(C(=O)NCCCN2CCN(c3cccc(Cl)c3)CC2)cc(-c2ccccc2)n1CC1CCCCC1,6.67
ZINC000096909351,O=C1C[C@@H](c2c[nH]c3ccccc23)C(=O)N1CCCN1CCC(c2c[nH]c3ccc(F)cc23)CC1,6.67
ZINC000100751764,CN1[C@H]2CC[C@H]1[C@H](C(=O)Oc1ccccc1)[C@@H](c1ccc(Cl)cc1)C2,6.67
ZINC000103134397,O=C1C[C@H](c2c[nH]c3ccccc23)C(=O)N1CCCN1CCC(c2c[nH]c3ccc(F)cc23)CC1,6.67
ZINC000253634054,CN1[C@H]2CC[C@H]1[C@H](C(=O)Oc1ccccc1)[C@H](c1ccc(Cl)cc1)C2,6.67
ZINC000253634055,CN1[C@H]2CC[C@H]1[C@@H](C(=O)Oc1ccccc1)[C@H](c1ccc(Cl)cc1)C2,6.67
ZINC000253634056,CN1[C@H]2CC[C@H]1[C@@H](C(=O)Oc1ccccc1)[C@@H](c1ccc(Cl)cc1)C2,6.67
ZINC000253637730,COC(=O)[C@H]1[C@H]2C[C@H]3CC[C@H]1N3C/C2=C\C#Cc1cc(F)ccc1F,6.67
ZINC000253637738,COC(=O)[C@@H]1[C@H]2C[C@H]3CC[C@H]1N3C/C2=C\C#Cc1cc(F)ccc1F,6.67
ZINC000261096939,COC(=O)[C@@H]1[C@H]2CC[C@H]3CC[C@H]1N(C/C2=C\c1ccc(-c2cccc(Cl)c2)cc1)C3,6.67
ZINC000261096943,COC(=O)[C@H]1[C@H]2CC[C@H]3CC[C@H]1N(C/C2=C\c1ccc(-c2cccc(Cl)c2)cc1)C3,6.67
ZINC000013494196,CN1C[C@H]2CC[C@@H](C1)C2c1ccc(Cl)cc1,6.66
ZINC000013584890,Cc1noc(CSC[C@H]2CN(C)CC[C@@H]2c2ccc(Cl)cc2)n1,6.66
ZINC000013861761,O=C(CCN1CCN(c2ccc(Cl)cc2)CC1)c1ccsc1,6.66
ZINC000022927600,O=C(CCN1CCN(CCOC(c2ccc(F)cc2)c2ccc(F)cc2)CC1)c1cccc(F)c1,6.66
ZINC000027518363,C[C@H]1CN(CCCN(c2ccccc2)c2ccccc2)C[C@H](C)N1CCCc1ccccc1,6.66
ZINC000028466049,Cc1noc(CSC[C@H]2CN(C)CC[C@H]2c2ccc(Cl)cc2)n1,6.66
ZINC000029313729,CN(C)[C@@H]1CC[C@@H](c2cccc(C(F)(F)F)c2)c2ccccc21,6.66
ZINC000029318561,CN[C@H]1CC[C@@H](c2ccc(Cl)c(C(F)(F)F)c2)c2ccccc21,6.66
ZINC000036270823,CN1[C@H]2CC[C@@H]1C[C@H](c1ccc(Cl)cc1)[C@H]2c1cc(-c2ccccc2)no1,6.66
ZINC000036271507,Cc1noc(CSC[C@@H]2CN(C)CC[C@@H]2c2ccc(Cl)cc2)n1,6.66
ZINC000045303311,CNC[C@@H](O)[C@H](c1cccc(F)c1)n1ccc2c(Cl)cccc21,6.66
ZINC000058576948,CN1[C@H]2CC[C@@H]1C[C@H](c1ccc(Cl)cc1)[C@@H]2c1cc(-c2ccccc2)no1,6.66
ZINC000096258474,COc1ccc2[nH]cc(C3CCN(CCCN4C(=O)C[C@@H](c5c[nH]c6ccccc56)C4=O)CC3)c2c1,6.66
ZINC000101675464,COc1ccc2[nH]cc(C3CCN(CCCN4C(=O)C[C@H](c5c[nH]c6ccccc56)C4=O)CC3)c2c1,6.66
ZINC000261191042,Cc1noc(CSC[C@@H]2CN(C)CC[C@H]2c2ccc(Cl)cc2)n1,6.66
ZINC000000150681,Cc1cc(-c2csc(=N)n2-c2ccc(Cl)cc2)ccc1Cl,6.65
ZINC000000596881,Clc1ccc(CO[C@H](Cn2ccnc2)c2ccc(Cl)cc2Cl)cc1,6.65
ZINC000000643055,Clc1ccc(CO[C@@H](Cn2ccnc2)c2ccc(Cl)cc2Cl)cc1,6.65
ZINC000003978818,Fc1ccc(CCCN2CCC(CCOC(c3ccccc3)c3ccccc3)CC2)cc1,6.65
ZINC000013491118,O[C@]1(c2ccc(Cl)cc2)c2ccc3ccccc3c2C2=NCCN21,6.65
ZINC000013491119,O[C@@]1(c2ccc(Cl)cc2)c2ccc3ccccc3c2C2=NCCN21,6.65
ZINC000013746573,Clc1ccc(C(OCCC2CCN(CCCc3ccccc3)CC2)c2ccc(Cl)cc2)cc1,6.65
ZINC000034639698,NC[C@H]1CC[C@@H](CCc2c(F)c(F)c(F)c(F)c2F)O1,6.65
ZINC000034639699,NC[C@@H]1CC[C@@H](CCc2c(F)c(F)c(F)c(F)c2F)O1,6.65
ZINC000034639700,NC[C@H]1CC[C@H](CCc2c(F)c(F)c(F)c(F)c2F)O1,6.65
ZINC000034639701,NC[C@@H]1CC[C@H](CCc2c(F)c(F)c(F)c(F)c2F)O1,6.65
ZINC000035943393,O[C@H]1C[C@H](C(c2ccccc2)c2ccccc2)OC[C@@H]1NCc1ccc2[nH]ccc2c1,6.65
ZINC000036093273,CCC(=O)N1CC[C@@H](Cc2ccc(F)cc2)C[C@@H]1CCCNC(=O)Nc1cc(C(C)=O)cc(C(C)=O)c1,6.65
ZINC000042890626,COc1ccc2[nH]cc(C3CCN(CCCCn4c(=O)c(-c5ccc(C)cc5)c5ccccn5c4=O)CC3)c2c1,6.65
ZINC000045253989,Cn1c(=O)c2c(nc3n(CCCN4CCN(c5ccccc5)CC4)c(-c4ccccc4)cn23)n(C)c1=O,6.65
ZINC000049723131,COc1ccc2[nH]cc(C3CCN(CCCCn4c(=O)c(-c5ccc(Cl)cc5)c5n(c4=O)CCCC5)CC3)c2c1,6.65
ZINC000058538241,CCCn1c(-c2ccccc2)cc(C(=O)NCCCN2CCN(c3cccc(Br)c3)CC2)c1C,6.65
ZINC000058563911,Cc1c(C(=O)NCCCN2CCN(c3ccccc3Br)CC2)cc(-c2ccccc2)n1C,6.65
ZINC000066156762,CN(C)CC1(c2cccc(F)c2)CCCCC1,6.65
ZINC000095594166,O=S(=O)(NCCCN1CCN(c2cccc(Cl)c2Cl)CC1)c1ccc2cccnc2c1,6.65
ZINC000100791832,COC(=O)[C@H]1[C@H](c2ccc(I)cc2)C[C@H]2CC[C@H]1N2Cc1ccccc1C,6.65
ZINC000169334629,COC(=O)[C@H]1[C@@H](c2ccc(I)cc2)C[C@H]2CC[C@H]1N2Cc1ccccc1C,6.65
ZINC000299859167,COc1cc(CN[C@@H]2CO[C@H](C(c3ccccc3)c3ccccc3)C[C@H]2O)ccc1O,6.65
ZINC000003777600,CN(C)C[C@@H]1Cc2ccccc2[C@@H]1Oc1ccc(C(F)(F)F)cc1,6.64
ZINC000004423545,CCC[C@H]1CN(C)CC[C@@H]1c1ccc(Cl)cc1,6.64
ZINC000013579457,C=CCOC[C@H]1CN(C)CC[C@@H]1c1ccc(Cl)cc1,6.64
ZINC000013584857,CN1CC[C@H](c2ccc(Cl)cc2)[C@@H](CSCC(=O)NO)C1,6.64
ZINC000013683667,O[C@@H](CCN1CCC(CCOC(c2ccccc2)c2ccccc2)CC1)c1ccccc1,6.64
ZINC000013761422,COc1cccc2c1CCC[C@H]2CN(C)CCc1ccc2c(c1)COC2,6.64
ZINC000026739464,CN(C)C[C@@H](c1cccc(Br)c1)C1(O)CCCCC1,6.64
ZINC000026739469,CN(C)C[C@H](c1cccc(Br)c1)C1(O)CCCCC1,6.64
ZINC000028473756,CN1CC[C@@H](c2ccc(Cl)cc2)[C@@H](CSCC(=O)NO)C1,6.64
ZINC000028530320,COC(=O)[C@H]1[C@@H](c2ccc(Cl)c(Cl)c2)C[C@@H]2CC[C@H]1N2CCNC(=O)CCCN1CCCc2cc3c(cc21)C(C)(C)C1=CC(=[N+](C)C)C=CC1=C3,6.64
ZINC000028819390,CCN(CC)C(=O)[C@]1(c2ccc(OC)cc2)C[C@@H]1CN,6.64
ZINC000029048214,CNCc1cnc(C)cc1Oc1ccc(F)cc1C,6.64
ZINC000036093341,c1ccc([C@@H](Cc2ccccn2)N2CCNCC2)cc1,6.64
ZINC000036093342,c1ccc([C@H](Cc2ccccn2)N2CCNCC2)cc1,6.64
ZINC000036271552,CN1CC[C@H](c2ccc(Cl)cc2)[C@H](CSCC(=O)NO)C1,6.64
ZINC000036271556,CN1CC[C@@H](c2ccc(Cl)cc2)[C@H](CSCC(=O)NO)C1,6.64
ZINC000045285303,CNC[C@@H](O)[C@H](c1cccc(F)c1)n1ccc2c(C)cccc21,6.64
ZINC000052525322,CN1C[C@@H](C(=O)c2cccs2)[C@H](c2ccc(Cl)cc2)C1,6.64
ZINC000136756212,Cc1ccc2c(c1)CN(C)C[C@@H]2c1ccc(F)cc1,6.64
ZINC000299831545,OC1(c2ccc(Cl)cc2)C[C@@H]2CC[C@H](C1)N2CCCSc1cccc(F)c1,6.64
ZINC000013746571,c1ccc(CCCN2CCC(CCOC(c3ccccc3)c3ccccc3)CC2)cc1,6.63
ZINC000013746594,Fc1ccc(C(OCC2CCN(CCc3ccccc3)CC2)c2ccc(F)cc2)cc1,6.63
ZINC000013778617,C(=C/c1ccccc1)\CN1CCC(CCOC(c2ccccc2)c2ccccc2)CC1,6.63
ZINC000022938502,Fc1ccc(C(OCCN2CCCN(C/C=C/c3ccccc3)CC2)c2ccc(F)cc2)cc1,6.63
ZINC000022939444,COc1ccccc1CCCN1CCN(CCOC(c2ccccc2)c2ccccc2)CC1,6.63
ZINC000027209368,COC(=O)[C@H]1[C@@H](OC(c2ccc(F)cc2)c2ccc(F)cc2)C[C@@H]2CC[C@H]1N2CCCc1ccc(Br)cc1,6.63
ZINC000027209370,COC(=O)[C@@H]1[C@@H](OC(c2ccc(F)cc2)c2ccc(F)cc2)C[C@@H]2CC[C@H]1N2CCCc1ccc(Br)cc1,6.63
ZINC000028644570,COC(=O)[C@H]1[C@@H](c2ccc(F)c(F)c2)C[C@@H]2CC[C@H]1S2,6.63
ZINC000029232129,Clc1ccc([C@@H]2CN3CCC[C@H]3c3cc(Cl)ccc32)cc1,6.63
ZINC000035793685,Oc1ccc(CN[C@@H]2CO[C@H](C(c3ccccc3)c3ccccc3)C[C@H]2O)cc1,6.63
ZINC000036270779,Cc1ccc([C@@H]2C[C@H]3CC[C@@H]([C@H]2COC(c2ccc(F)cc2)c2ccc(F)cc2)N3C)cc1,6.63
ZINC000036270780,Cc1ccc([C@H]2C[C@H]3CC[C@@H]([C@H]2COC(c2ccc(F)cc2)c2ccc(F)cc2)N3C)cc1,6.63
ZINC000040876229,CNC[C@@H](O)[C@H](c1cccc(Cl)c1)N(C)c1ccccc1,6.63
ZINC000049033913,Cc1c(C(=O)NCCCN2CCN(c3cccc(Cl)c3)CC2)cc(-c2ccccc2)n1Cc1ccccc1,6.63
ZINC000072104652,Cc1c(Cl)cccc1N1CCN(C[C@@H](O)CNC(=O)c2nc(-c3ccccc3)n(-c3ccc(F)cc3)c2C)CC1,6.63
ZINC000100799593,O[C@H](Cc1ccc(Br)cc1)CN1[C@H]2CC[C@H]1CC(c1ccccc1)C2,6.63
ZINC000253634622,COC(=O)[C@H]1[C@H]2C[C@H]3CC[C@H]1N3C/C2=C\c1cc2ccccc2c2ccccc12,6.63
ZINC000253634624,COC(=O)[C@@H]1[C@H]2C[C@H]3CC[C@H]1N3C/C2=C\c1cc2ccccc2c2ccccc12,6.63
ZINC000253687352,O[C@@H](Cc1ccc(Br)cc1)CN1[C@H]2CC[C@H]1CC(c1ccccc1)C2,6.63
ZINC000013475002,OC[C@H]1CNCC[C@@H]1c1ccc(Cl)cc1,6.62
ZINC000013494207,Cc1ccc(CN2CCC(CCOC(c3ccc(F)cc3)c3ccc(F)cc3)CC2)cc1,6.62
ZINC000013494210,Fc1ccc(C(OCCC2CCN(Cc3ccc(Cl)cc3)CC2)c2ccc(F)cc2)cc1,6.62
ZINC000013584826,CN1CC[C@H](c2ccc(Cl)cc2)[C@@H](CI)C1,6.62
ZINC000013731821,CN1CC=C(c2c[nH]c3ccc(Cl)cc23)CC1,6.62
ZINC000013861795,O=C(CCN1CCN(c2ccc(Cl)cc2)CC1)c1ccc2ccccc2c1,6.62
ZINC000026742776,COc1ccc([C@@H](CN(C)C)C2(O)CCCCCC2)cc1,6.62
ZINC000026742781,COc1ccc([C@H](CN(C)C)C2(O)CCCCCC2)cc1,6.62
ZINC000026946099,OC[C@@H]1CNCC[C@@H]1c1ccc(Cl)cc1,6.62
ZINC000028468667,CN1CC[C@@H](c2ccc(Cl)cc2)[C@@H](CI)C1,6.62
ZINC000028571568,CN[C@@H]1CC[C@H](c2ccc(Cl)c(Cl)c2)c2ccc(S(N)(=O)=O)cc21,6.62
ZINC000029049111,CCOc1c(Cl)cccc1O[C@H](c1ccccc1)[C@@H]1CNCCO1,6.62
ZINC000029049114,CCOc1c(Cl)cccc1O[C@@H](c1ccccc1)[C@@H]1CNCCO1,6.62
ZINC000029049117,CCOc1c(Cl)cccc1O[C@H](c1ccccc1)[C@H]1CNCCO1,6.62
ZINC000029049121,CCOc1c(Cl)cccc1O[C@@H](c1ccccc1)[C@H]1CNCCO1,6.62
ZINC000029324295,CN(C)[C@H]1CC[C@@H](c2ccc(Cl)cc2)c2ccccc21,6.62
ZINC000034150719,CCN(CC)C[C@H]1CCC[C@@H]1c1c[nH]c2ccc(C#N)cc12,6.62
ZINC000035900160,CN1CC[C@H](c2ccc(Cl)cc2)[C@H](CI)C1,6.62
ZINC000036271536,CN1CC[C@@H](c2ccc(Cl)cc2)[C@H](CI)C1,6.62
ZINC000040937464,NC(=O)c1ccc(F)c2c1C[C@@H](N(CCCCn1ccc3cc(F)ccc31)C1CCC1)CO2,6.62
ZINC000040937466,NC(=O)c1ccc(F)c2c1C[C@H](N(CCCCn1ccc3cc(F)ccc31)C1CCC1)CO2,6.62
ZINC000040943528,NC(=O)c1ccc(F)c2c1C[C@@H](N(CCCc1c[nH]c3cc(F)ccc13)C1CCC1)CO2,6.62
ZINC000040943529,NC(=O)c1ccc(F)c2c1C[C@H](N(CCCc1c[nH]c3cc(F)ccc13)C1CCC1)CO2,6.62
ZINC000045496132,c1ccc([C@@H]2[C@H]3CNC[C@@]23c2ccccc2)cc1,6.62
ZINC000049072943,CNCCC[C@@H]1Cc2cc(F)ccc2N(c2ccccc2)S1(=O)=O,6.62
ZINC000049072944,CNCCC[C@H]1Cc2cc(F)ccc2N(c2ccccc2)S1(=O)=O,6.62
ZINC000095585488,C1=CC[C@@H](c2cc3ccccc3o2)CNC1,6.62
ZINC000095585489,C1=CC[C@H](c2cc3ccccc3o2)CNC1,6.62
ZINC000101501196,COC(=O)C1=C(c2ccc(-c3cccs3)cc2)C[C@H]2CC[C@H]1O2,6.62
ZINC000253632589,COC(=O)[C@H]1[C@H]2CC[C@H]3CC[C@H]1N(C/C2=C\c1ccc(-c2ccc(Cl)c(Cl)c2)cc1)C3,6.62
ZINC000253632590,COC(=O)[C@@H]1[C@H]2CC[C@H]3CC[C@H]1N(C/C2=C\c1ccc(-c2ccc(Cl)c(Cl)c2)cc1)C3,6.62
ZINC000000000565,Cc1ccccc1[C@H](OCCN(C)C)c1ccccc1,6.61
ZINC000000155269,Cc1ccccc1[C@@H](OCCN(C)C)c1ccccc1,6.61
ZINC000000338136,COc1cc2c3c(c1OC)-c1cc4c(cc1C[C@@H]3N(C)CC2)OCO4,6.61
ZINC000000338140,COc1cc2c3c(c1OC)-c1cc4c(cc1C[C@H]3N(C)CC2)OCO4,6.61
ZINC000013494204,COc1ccccc1CN1CCC(CCOC(c2ccc(F)cc2)c2ccc(F)cc2)CC1,6.61
ZINC000013494208,Fc1ccc(CN2CCC(CCOC(c3ccc(F)cc3)c3ccc(F)cc3)CC2)cc1,6.61
ZINC000022938676,Fc1ccc(C(OCCN2CCN(Cc3cccc4ccccc34)CC2)c2ccc(F)cc2)cc1,6.61
ZINC000028645468,C[C@@H]1C[C@H](c2ccccc2)[C@H]2CCCCN2C1,6.61
ZINC000072105230,CCc1nc(C(=O)NCCN2CCN(c3cccc(Cl)c3Cl)CC2)c(C)n1-c1ccccc1,6.61
ZINC000100810438,Clc1ccc(/C=C2\CN3[C@H]4CC[C@H]3[C@@H](/C=C\c3ccccc3)[C@H]2C4)cc1Cl,6.61
ZINC000100810441,Clc1ccc(/C=C2\CN3[C@H]4CC[C@H]3[C@H](/C=C\c3ccccc3)[C@H]2C4)cc1Cl,6.61
ZINC000100921397,C=C(c1ccccc1)c1ccc([C@H]2C[C@H]3CC[C@H]([C@@H]2C(=O)OC)N3C)cc1,6.61
ZINC000100921401,C=C(c1ccccc1)c1ccc([C@H]2C[C@H]3CC[C@H]([C@H]2C(=O)OC)N3C)cc1,6.61
ZINC000101300551,c1ccc(CO[C@]2(c3ccccc3)C[C@@H]3CC[C@H](C2)N3)cc1,6.61
ZINC000101501186,COC(=O)C1=C(c2ccc(-c3ccco3)cc2)C[C@H]2CC[C@H]1O2,6.61
ZINC000253635205,COC(=O)[C@H]1[C@H]2CC[C@H]3CC[C@H]1N(C/C2=C\c1ccc(-c2ccco2)cc1)C3,6.61
ZINC000253635207,COC(=O)[C@@H]1[C@H]2CC[C@H]3CC[C@H]1N(C/C2=C\c1ccc(-c2ccco2)cc1)C3,6.61
ZINC000299809330,CN1[C@H]2CC[C@H]1[C@@H](COC(c1ccc(F)cc1)c1ccc(F)cc1)[C@H](c1ccc(Cl)cc1)C2,6.61
ZINC000299809333,CN1[C@H]2CC[C@H]1[C@@H](COC(c1ccc(F)cc1)c1ccc(F)cc1)[C@@H](c1ccc(Cl)cc1)C2,6.61
ZINC000013437294,Cc1cccc(CN(C(=O)COc2cc(C(F)(F)F)cc(C(F)(F)F)c2)C2CCNCC2)c1,6.6
ZINC000022926697,FC(F)(F)c1cc(COC[C@H](c2ccccc2)N2CCNCC2)cc(C(F)(F)F)c1,6.6
ZINC000022926701,FC(F)(F)c1cc(COC[C@@H](c2ccccc2)N2CCNCC2)cc(C(F)(F)F)c1,6.6
ZINC000022926837,COc1ccccc1[C@@H](COCc1cc(C(F)(F)F)cc(C(F)(F)F)c1)N1CCNCC1,6.6
ZINC000022926841,COc1ccccc1[C@H](COCc1cc(C(F)(F)F)cc(C(F)(F)F)c1)N1CCNCC1,6.6
ZINC000022926853,FC(F)(F)c1cc(COC[C@H](c2cccc(Cl)c2)N2CCNCC2)cc(C(F)(F)F)c1,6.6
ZINC000022926858,FC(F)(F)c1cc(COC[C@@H](c2cccc(Cl)c2)N2CCNCC2)cc(C(F)(F)F)c1,6.6
ZINC000026822212,O=C1CN2[C@H]3CC[C@@H]2C[C@H](c2ccc(F)cc2)[C@@H]13,6.6
ZINC000028380073,O=C1OC2(CCC(N3CCC(Cc4cc(F)ccc4F)CC3)CC2)c2ccc3c(c21)OCO3,6.6
ZINC000028819395,CCN(CC)C(=O)[C@]1(c2cccs2)C[C@@H]1CN,6.6
ZINC000028819397,CCN(CC)C(=O)[C@]1(c2ccsc2)C[C@@H]1CN,6.6
ZINC000028827066,CSc1ccc([C@@H]2CN(C)Cc3cccc(Oc4cccc(CN5CCCCC5)c4)c32)cc1,6.6
ZINC000028827067,CSc1ccc([C@H]2CN(C)Cc3cccc(Oc4cccc(CN5CCCCC5)c4)c32)cc1,6.6
ZINC000028881238,O=[N+]([O-])c1ccccc1CO[C@H](c1cccc(I)c1)[C@@H]1CNCCO1,6.6
ZINC000028881245,O=[N+]([O-])c1ccccc1CO[C@@H](c1cccc(I)c1)[C@@H]1CNCCO1,6.6
ZINC000028881251,O=[N+]([O-])c1ccccc1CO[C@H](c1cccc(I)c1)[C@H]1CNCCO1,6.6
ZINC000028881257,O=[N+]([O-])c1ccccc1CO[C@@H](c1cccc(I)c1)[C@H]1CNCCO1,6.6
ZINC000034324249,CCNC(=O)Nc1cccc(CC2CCN(CCOc3cccc4nc(C)ccc34)CC2)c1,6.6
ZINC000034470394,CN(C)Cc1ccccc1[C@H](O)c1ccc(Cl)c(Cl)c1,6.6
ZINC000034470396,CN(C)Cc1ccccc1[C@@H](O)c1ccc(Cl)c(Cl)c1,6.6
ZINC000035905575,CNC[C@H](O)[C@H](c1ccccc1)n1cc(C)c2ccccc21,6.6
ZINC000035995064,Cc1ccc([C@H]2C[C@H]3CC[C@@H]([C@H]2c2ccc(C)cc2)N3C)cc1,6.6
ZINC000040938104,Cc1ccc2c(O[C@@H](C)CN3CCC(Cc4ccc5c(c4)NC(=O)CO5)CC3)cccc2n1,6.6
ZINC000040938106,Cc1ccc2c(O[C@H](C)CN3CCC(Cc4ccc5c(c4)NC(=O)CO5)CC3)cccc2n1,6.6
ZINC000040952602,Cc1ccc([C@H]2C[C@@H]3CC[C@H]([C@@H]2C=C(Br)Br)N3C)cc1,6.6
ZINC000049878359,COc1ccc2[nH]cc(C3CCN(CCCCn4c(=O)c(-c5ccc(Cl)cc5)c5ccccn5c4=O)CC3)c2c1,6.6
ZINC000058575984,Cc1cccc(N2CCN(CCCNC(=O)c3cc(C(C)(C)C)n(C)c3C)CC2)c1C,6.6
ZINC000066076623,CN(C)CC1(c2ccccc2)CCCCC1,6.6
ZINC000095560970,Cc1ccc(Oc2ccccc2N2CCNCC2)c(C)c1,6.6
ZINC000103250842,CN(C)C1CCC(COCc2cc(C(F)(F)F)cc(C(F)(F)F)c2)(c2ccccc2)CC1,6.6
ZINC000149772260,CN1Cc2ccccc2[C@H](c2ccc3ccoc3c2)C1,6.6
ZINC000149772449,CN1Cc2ccccc2[C@@H](c2ccc3ccoc3c2)C1,6.6
ZINC000150543649,CN1[C@H]2CC[C@H]1[C@@H](C(=O)NCCCCCCCCCCNC(=O)[C@@H]1[C@@H](c3ccc(-c4ccsc4)cc3)C[C@@H]3CC[C@H]1N3C)[C@@H](c1ccc(-c3ccsc3)cc1)C2,6.6
ZINC000013579487,COC(=O)CC[C@H]1CN(C)CC[C@@H]1c1ccc(Cl)cc1,6.59
ZINC000013806644,CCc1ccc([C@H]2CCN(C)C[C@H]2C(=O)OC)cc1,6.59
ZINC000022927664,Fc1ccc(C(OCCN2CCN(CC3=Cc4ccccc4CC3)CC2)c2ccc(F)cc2)cc1,6.59
ZINC000022938640,Fc1ccc(C(OCCN2CCN(Cc3nc4ccccc4[nH]3)CC2)c2ccc(F)cc2)cc1,6.59
ZINC000028370733,Cc1cccc(N2CCN(CCc3ccc4[nH]nnc4c3)CC2)c1C,6.59
ZINC000029312154,CN[C@H]1CC[C@@H](c2ccc(Cl)cc2)c2ccccc21,6.59
ZINC000036270618,CCc1ccc([C@H]2CCN(C)C[C@@H]2C(=O)OC)cc1,6.59
ZINC000038601009,CCNC[C@@H]1CCC[C@H]1c1ccc2[nH]cc(C#N)c2c1,6.59
ZINC000066112425,C[C@H](N)C1(c2ccc(-c3ccccc3)cc2)CCCCC1,6.59
ZINC000066112426,C[C@@H](N)C1(c2ccc(-c3ccccc3)cc2)CCCCC1,6.59
ZINC000072104651,Cc1c(Cl)cccc1N1CCN(C[C@H](O)CNC(=O)c2nc(-c3ccccc3)n(-c3ccc(F)cc3)c2C)CC1,6.59
ZINC000082149909,OC1(c2ccc(Cl)cc2)C[C@@H]2CC[C@H](C1)N2CCCOc1ccc(F)cc1,6.59
ZINC000084669198,O[C@@H](CCN1CC=C(Cc2ccccc2)CC1)c1cc2ccccc2s1,6.59
ZINC000084669199,O[C@H](CCN1CC=C(Cc2ccccc2)CC1)c1cc2ccccc2s1,6.59
ZINC000095585029,CN1CCCC[C@H](c2ccc(Cl)c(Cl)c2)C1,6.59
ZINC000095585030,CN1CCCC[C@@H](c2ccc(Cl)c(Cl)c2)C1,6.59
ZINC000100739531,COC(=O)[C@@H]1[C@@H](c2ccc(F)c(C)c2)C[C@H]2CC[C@H]1N2C,6.59
ZINC000100834492,CN1[C@H]2CC[C@@H]1C[C@H](O[C@H](c1ccccc1)c1cccc(Cl)c1)C2,6.59
ZINC000100891326,COC(=O)C1=C(c2ccc3ccccc3c2)C[C@H]2[C@@H](O)C[C@H]1N2C,6.59
ZINC000101137654,COC(=O)[C@H]1[C@@H](c2ccc(F)c(C)c2)C[C@H]2CC[C@H]1N2C,6.59
ZINC000103267904,CN1[C@H]2CC[C@@H]1C[C@H](O[C@@H](c1ccccc1)c1cccc(Cl)c1)C2,6.59
ZINC000150308456,CN1Cc2ccccc2[C@H](c2ccc3[nH]ncc3c2)C1,6.59
ZINC000150308667,CN1Cc2ccccc2[C@@H](c2ccc3[nH]ncc3c2)C1,6.59
ZINC000261123508,COC(=O)[C@H]1[C@H](c2ccc(F)c(C)c2)C[C@H]2CC[C@H]1N2C,6.59
ZINC000261123512,COC(=O)[C@@H]1[C@H](c2ccc(F)c(C)c2)C[C@H]2CC[C@H]1N2C,6.59
ZINC000299866210,COc1ccc(CN[C@@H]2CO[C@H](C(c3ccc(F)cc3)c3ccc(F)cc3)C[C@H]2O)cn1,6.59
ZINC000002004870,CN(C)C[C@H]1C2CCC(CC2)[C@@H]1c1ccc(Cl)c(Cl)c1,6.58
ZINC000005689139,CN(C)C[C@@H]1C2CCC(CC2)[C@H]1c1ccc(Cl)c(Cl)c1,6.58
ZINC000013494206,COc1ccc(CN2CCC(CCOC(c3ccc(F)cc3)c3ccc(F)cc3)CC2)cc1,6.58
ZINC000033979610,CN1Cc2ccccc2[C@H](c2ccc(F)c(F)c2)C1,6.58
ZINC000033979611,CN1Cc2ccccc2[C@@H](c2ccc(F)c(F)c2)C1,6.58
ZINC000035899158,CNC[C@@H](O)[C@H](c1ccccc1C)n1ccc2ccccc21,6.58
ZINC000049793471,Cc1c(C(=O)NCCCN2CCN(c3cccc(Cl)c3Cl)CC2)cc(-c2ccccc2)n1-c1ccc(F)cc1,6.58
ZINC000084756891,COc1ccc2cc([C@H](O)CCN3CC=C(Cc4ccccc4)CC3)ccc2c1Cl,6.58
ZINC000084756894,COc1ccc2cc([C@@H](O)CCN3CC=C(Cc4ccccc4)CC3)ccc2c1Cl,6.58
ZINC000095543710,Fc1ccc(C(OCCN2CCN(CC#Cc3ccccc3)CC2)c2ccc(F)cc2)cc1,6.58
ZINC000005689136,CN(C)C[C@@H]1C2CCC(CC2)[C@@H]1c1cccc(Cl)c1,6.57
ZINC000029046505,C=CCN(CC=C)C(=O)[C@@]1(c2ccc3c(c2)CCO3)C[C@H]1CN,6.57
ZINC000040896552,CNCCC[C@@H](c1cccs1)c1cccc2[nH]ccc12,6.57
ZINC000073197033,C[C@@H]1CN(c2ccc3cc([N+](=O)[O-])ccc3n2)CCN1CCCCN1C(=O)CCCC1=O,6.57
ZINC000073197034,C[C@H]1CN(c2ccc3cc([N+](=O)[O-])ccc3n2)CCN1CCCCN1C(=O)CCCC1=O,6.57
ZINC000095583548,Cc1cc([C@@H]2CC=CCN(C)C2)ccc1Cl,6.57
ZINC000095583549,Cc1cc([C@H]2CC=CCN(C)C2)ccc1Cl,6.57
ZINC000100912033,COC(=O)[C@@H]1[C@H](c2ccc(O)c(O)c2)C[C@H]2CC[C@H]1N2C,6.57
ZINC000137549588,COC(=O)[C@@H]1[C@@H](c2ccc(O)c(O)c2)C[C@H]2CC[C@H]1N2C,6.57
ZINC000150543627,CN1[C@H]2CC[C@H]1[C@@H](C(=O)Nc1ccc(NC(=O)[C@@H]3[C@@H](c4ccc(-c5ccsc5)cc4)C[C@@H]4CC[C@H]3N4C)cc1)[C@@H](c1ccc(-c3ccsc3)cc1)C2,6.57
ZINC000253644992,COC(=O)[C@H]1[C@@H](c2ccc(O)c(O)c2)C[C@H]2CC[C@H]1N2C,6.57
ZINC000253644993,COC(=O)[C@H]1[C@H](c2ccc(O)c(O)c2)C[C@H]2CC[C@H]1N2C,6.57
ZINC000261183464,CCCc1ccc(/C=C2\CN3[C@H]4CC[C@H]3[C@@H](C(=O)OC)[C@H]2C4)s1,6.57
ZINC000261183465,CCCc1ccc(/C=C2\CN3[C@H]4CC[C@H]3[C@H](C(=O)OC)[C@H]2C4)s1,6.57
ZINC000013610049,CCOC(=O)C1(c2ccc(Cl)cc2)CCN(C)CC1,6.56
ZINC000013861785,COc1cc(Cl)ccc1N1CCN(CCC(=O)c2cc(C)sc2C)CC1,6.56
ZINC000013861807,COc1cc(Cl)ccc1N1CCN(CCC(=O)c2csc3ccccc23)CC1,6.56
ZINC000027524194,Fc1ccc(C(OCCN2CCN(CCOC(c3ccc(F)cc3)c3ccc(F)cc3)CC2)c2ccc(F)cc2)cc1,6.56
ZINC000028645525,OC[C@H](c1ccc(Cl)c(Cl)c1)[C@H]1CCCCN1,6.56
ZINC000034986369,CNCC[C@@H](c1ccccc1)n1c(=O)n(-c2ccccc2)c2ccccc21,6.56
ZINC000040976244,CCC(=O)O[C@@H](CCN1CCN(CCCN(c2ccc(F)cc2)c2ccc(F)cc2)CC1)c1ccccc1,6.56
ZINC000040976246,CCC(=O)O[C@H](CCN1CCN(CCCN(c2ccc(F)cc2)c2ccc(F)cc2)CC1)c1ccccc1,6.56
ZINC000045245398,Cc1[nH]c2ccccc2c1C1CCN(CCCCn2c(=O)c(-c3ccccc3)c3n(c2=O)CCCC3)CC1,6.56
ZINC000066136530,CN(C)CC1(c2ccc(Cl)c(Cl)c2)CCCC1,6.56
ZINC000000643153,CC(=O)N1CCN(c2ccc(OC[C@@H]3CO[C@@](Cn4ccnc4)(c4ccc(Cl)cc4Cl)O3)cc2)CC1,6.55
ZINC000013491100,COc1cccc2c1C1=NCCN1[C@@]2(O)c1ccc(Cl)cc1,6.55
ZINC000013491101,COc1cccc2c1C1=NCCN1[C@]2(O)c1ccc(Cl)cc1,6.55
ZINC000013683663,O[C@H](CCN1CCC(CCOC(c2ccccc2)c2ccccc2)CC1)c1ccccc1,6.55
ZINC000022927040,C[C@@](O)(CN1CCN(CCOC(c2ccc(F)cc2)c2ccc(F)cc2)CC1)c1ccccc1,6.55
ZINC000027194163,CN1CCc2ccc3oc(=O)c4cccc5c4c3c2[C@H]1C5,6.55
ZINC000029046766,CCN(CC)C(=O)[C@@]1(c2ccc3occc3c2)C[C@H]1CN,6.55
ZINC000029047210,C=CCN(CC)C(=O)[C@@]1(c2ccccc2)C[C@@H]1CN,6.55
ZINC000029047213,C=CCN(CC)C(=O)[C@]1(c2ccccc2)C[C@@H]1CN,6.55
ZINC000029047216,C=CCN(CC)C(=O)[C@@]1(c2ccccc2)C[C@H]1CN,6.55
ZINC000029047219,C=CCN(CC)C(=O)[C@]1(c2ccccc2)C[C@H]1CN,6.55
ZINC000029129918,CN(C)Cc1ccccc1Oc1ccccc1Cl,6.55
ZINC000035941467,CNC[C@@H](O)[C@H](c1cccc(F)c1)N1CCc2cccc(C)c21,6.55
ZINC000040939380,O=c1c(-c2ccc(Cl)cc2)c2ccccn2c(=O)n1CCCCN1CCC(c2c[nH]c3ccccc23)CC1,6.55
ZINC000058540822,CCCn1c(-c2ccccc2)cc(C(=O)NCCCN2CCN(c3ccc(Cl)c(Cl)c3)CC2)c1C,6.55
ZINC000058575690,CN(C)CC[C@@H](c1ccc(Cl)c(Cl)c1)n1ncnn1,6.55
ZINC000062225504,CN(C)CC[C@H](c1ccc(Cl)c(Cl)c1)n1ncnn1,6.55
ZINC000072105079,Cc1c(Cl)cccc1N1CCN(CCCNC(=O)c2nc(-c3ccccc3)n(-c3ccc(F)cc3)c2C)CC1,6.55
ZINC000100862612,CCc1cc([C@H]2[C@@H](c3ccc(Cl)cc3)C[C@H]3CC[C@H]2N3C)on1,6.55
ZINC000100862615,CCc1cc([C@@H]2[C@@H](c3ccc(Cl)cc3)C[C@H]3CC[C@H]2N3C)on1,6.55
ZINC000101038312,CO[C@@H]1C[C@H]2C[C@H](OC(c3ccc(F)cc3)c3ccc(F)cc3)C[C@H]1N2C,6.55
ZINC000103250846,CCN(CC)C1CCC(COCc2cc(C(F)(F)F)cc(C(F)(F)F)c2)(c2ccccc2)CC1,6.55
ZINC000253640535,COC(=O)[C@H]1[C@H](c2ccc(C)c(F)c2)C[C@H]2CC[C@H]1N2C,6.55
ZINC000253640540,COC(=O)[C@@H]1[C@H](c2ccc(C)c(F)c2)C[C@H]2CC[C@H]1N2C,6.55
ZINC000253640543,COC(=O)[C@@H]1[C@@H](c2ccc(C)c(F)c2)C[C@H]2CC[C@H]1N2C,6.55
ZINC000253640547,COC(=O)[C@H]1[C@@H](c2ccc(C)c(F)c2)C[C@H]2CC[C@H]1N2C,6.55
ZINC000253825407,CCc1cc([C@H]2[C@H](c3ccc(Cl)cc3)C[C@H]3CC[C@H]2N3C)on1,6.55
ZINC000253825416,CCc1cc([C@@H]2[C@H](c3ccc(Cl)cc3)C[C@H]3CC[C@H]2N3C)on1,6.55
ZINC000299856666,COc1ccc(CN[C@@H]2CO[C@H](C(c3ccccc3)c3ccccc3)C[C@H]2O)cc1O,6.55
ZINC000013683626,O[C@H](Cc1ccccc1)CN1CCC(CCOC(c2ccccc2)c2ccccc2)CC1,6.54
ZINC000013778626,C(=C/c1cccs1)\CN1CCC(CCOC(c2ccccc2)c2ccccc2)CC1,6.54
ZINC000013861774,O[C@@H](CCN1CCN(c2ccc(Cl)cc2)CC1)c1cccs1,6.54
ZINC000013861775,O[C@H](CCN1CCN(c2ccc(Cl)cc2)CC1)c1cccs1,6.54
ZINC000022938627,Fc1ccc(C(OCCN2CCN(Cc3cc4ccccc4o3)CC2)c2ccc(F)cc2)cc1,6.54
ZINC000028571567,CN[C@@H]1CC[C@@H](c2ccc(Cl)c(Cl)c2)c2ccc(S(N)(=O)=O)cc21,6.54
ZINC000028645485,CC[C@@H]1CCN2CCCC[C@@H]2[C@H]1c1ccc(Cl)c(Cl)c1,6.54
ZINC000029042983,CCN(CC)C(=O)[C@@]1(c2cc3cc(F)ccc3s2)C[C@H]1CN,6.54
ZINC000034986674,CNCC[C@H](c1cccc(Cl)c1)N1C(=O)C(C)(C)c2cccc(F)c21,6.54
ZINC000035090498,CC(C)C[C@@H](c1ccc(Cl)c(Cl)c1)[C@@H]1CCCCN1,6.54
ZINC000035090500,CC(C)C[C@H](c1ccc(Cl)c(Cl)c1)[C@@H]1CCCCN1,6.54
ZINC000035090502,CC(C)C[C@@H](c1ccc(Cl)c(Cl)c1)[C@H]1CCCCN1,6.54
ZINC000035090504,CC(C)C[C@H](c1ccc(Cl)c(Cl)c1)[C@H]1CCCCN1,6.54
ZINC000040380757,CNC[C@@H](O)[C@H](c1ccccc1)N(C)c1ccccc1Cl,6.54
ZINC000064528495,Cc1cc(C(=O)NCCCN2CCN(c3cccc(Cl)c3Cl)CC2)nc(C)n1,6.54
ZINC000066075945,CNCC1(c2ccc(-c3ccccc3)cc2)CCCCC1,6.54
ZINC000084616946,COC(=O)[C@@H]1[C@H]2CC[C@@H](C[C@H]1c1cccc(-c3cccs3)c1)O2,6.54
ZINC000095559819,CN1Cc2cc(O)ccc2[C@H](c2ccc(F)c(F)c2)C1,6.54
ZINC000095559820,CN1Cc2cc(O)ccc2[C@@H](c2ccc(F)c(F)c2)C1,6.54
ZINC000101451135,COC(=O)[C@@H]1C[C@@H](c2ccc(Cl)c(Cl)c2)[C@H]2CC(=O)[C@H]1N2C,6.54
ZINC000261130512,CN1[C@H]2CC[C@H]1[C@@H]1COC(=O)CCCCCCCCCCC(=O)Nc3ccc(cc3)[C@@H]1C2,6.54
ZINC000261130516,CN1[C@H]2CC[C@H]1[C@@H]1COC(=O)CCCCCCCCCCC(=O)Nc3ccc(cc3)[C@H]1C2,6.54
ZINC000261130520,CN1[C@H]2CC[C@H]1[C@H]1COC(=O)CCCCCCCCCCC(=O)Nc3ccc(cc3)[C@H]1C2,6.54
ZINC000261130524,CN1[C@H]2CC[C@H]1[C@H]1COC(=O)CCCCCCCCCCC(=O)Nc3ccc(cc3)[C@@H]1C2,6.54
ZINC000013579456,CN1CC[C@H](c2ccc(Cl)cc2)[C@@H](COC(=O)c2ccccc2)C1,6.53
ZINC000022927043,C[C@](O)(CN1CCN(CCOC(c2ccc(F)cc2)c2ccc(F)cc2)CC1)c1ccccc1,6.53
ZINC000026742759,CN(C)C[C@@H](c1cccc(Cl)c1)C1(O)CCCCC1,6.53
ZINC000029234563,Clc1cccc2c1[C@H](c1ccccc1)CN1CCC[C@H]21,6.53
ZINC000029242401,O[C@]1(c2ccccc2)CN2CCC[C@H]2c2ccccc21,6.53
ZINC000029403221,Clc1ccc([C@@H]2CCN3C/C(=N\OCCCc4ccccc4)[C@H]2C3)cc1,6.53
ZINC000035905571,CCNC[C@H](O)[C@H](c1ccccc1)n1ccc2ccccc21,6.53
ZINC000040895777,Cc1ccc(-c2c(C)noc2[C@H]2[C@@H](c3ccc(Cl)cc3)C[C@@H]3CC[C@H]2N3C)cc1,6.53
ZINC000049780323,Cc1c(C(=O)NCCCN2CCN(c3cccc(Cl)c3Cl)CC2)cc(-c2ccccc2)n1N1CCCCC1,6.53
ZINC000084638488,CN1[C@H]2CC[C@@H]1C[C@H](c1ccc(F)cc1)[C@@H]2COc1ccc2c(c1)OCO2,6.53
ZINC000101124361,COC(=O)[C@@H]1[C@@H]2C[C@H]3CC[C@H]1N3C/C2=C\c1ccc(-c2ccc(F)c(F)c2)cc1,6.53
ZINC000101124364,COC(=O)[C@H]1[C@@H]2C[C@H]3CC[C@H]1N3C/C2=C\c1ccc(-c2ccc(F)c(F)c2)cc1,6.53
ZINC000299826072,C=CCOc1ccc(CCN2CCN(CCCc3ccccc3)CC2)cc1OC,6.53
ZINC000000000096,CN(C)CC[C@@H](c1ccc(Br)cc1)c1ccccn1,6.52
ZINC000000896455,CN(C)CC[C@H](c1ccc(Br)cc1)c1ccccn1,6.52
ZINC000013781857,CCN1CCc2c(sc3ccccc23)[C@@H](c2ccccc2)C1,6.52
ZINC000013781858,CCN1CCc2c(sc3ccccc23)[C@H](c2ccccc2)C1,6.52
ZINC000013835803,CN(Cc1ccccc1)[C@H]1C[C@@H](c2ccc(Cl)c(Cl)c2)c2ccccc21,6.52
ZINC000013861703,O=C(CCN1CCN(c2ccc(Cl)cc2)CC1)c1ccccc1,6.52
ZINC000028768121,CCCc1ccc([C@@H]2C[C@H]3CC[C@@H]([C@H]2C(=O)OC)N3C/C=C/I)cc1,6.52
ZINC000028768123,CCCc1ccc([C@H]2C[C@H]3CC[C@@H]([C@H]2C(=O)OC)N3C/C=C/I)cc1,6.52
ZINC000029212211,CC[C@@H](N)Cc1ccc2c(c1Cl)CCN2,6.52
ZINC000029212215,CC[C@H](N)Cc1ccc2c(c1Cl)CCN2,6.52
ZINC000034063932,N#Cc1c[nH]c2ccc([C@@H]3CCC[C@H]3CN3CCCC3)cc12,6.52
ZINC000036093251,CCOc1ccccc1C[C@@H](c1ccccc1)N1CCCNCC1,6.52
ZINC000036093252,CCOc1ccccc1C[C@H](c1ccccc1)N1CCCNCC1,6.52
ZINC000038213467,Cc1cn([C@@H](c2ccccc2)[C@@H](O)CN)c2ccccc12,6.52
ZINC000040428736,CNC[C@@H]1OCc2ccccc2[C@@H]1Oc1cccc(C)c1C,6.52
ZINC000040980152,CNC[C@@H]1OCc2ccccc2[C@@H]1Oc1cccc(F)c1C,6.52
ZINC000042887823,Cc1ccccc1O[C@H]1C[C@@H](N(C)C)c2ccccc21,6.52
ZINC000045385977,Fc1ccc2[nH]cc(C3=CCN(CCc4coc5cc(Cl)ccc45)CC3)c2c1,6.52
ZINC000053314563,CCC[C@@H]1NC(C)(C)CO[C@@]1(O)c1cccc(Cl)c1,6.52
ZINC000058541034,Cc1ccc2cccc(N3CCN(CCCNC(=O)c4cc(-c5ccccc5)n(C)c4C)CC3)c2n1,6.52
ZINC000066066010,CN1CCN(CC2(c3ccc(Cl)c(Cl)c3)CCCCC2)CC1,6.52
ZINC000066074318,NCC1(c2ccc3ccccc3c2)CCCCC1,6.52
ZINC000103237527,CCCc1cccc(N2[C@H]3CC[C@]2(C)C[C@@H](O[C@@H](c2ccccc2)c2ccc(Cl)cc2)C3)c1,6.52
ZINC000103237530,CCCc1cccc(N2[C@H]3CC[C@]2(C)C[C@@H](O[C@H](c2ccccc2)c2ccc(Cl)cc2)C3)c1,6.52
ZINC000253638857,CN1[C@H]2CC[C@H]1[C@H](C(=O)OCc1ccccc1)[C@H](OC(=O)c1ccccc1)C2,6.52
ZINC000253638858,CN1[C@H]2CC[C@H]1[C@H](C(=O)OCc1ccccc1)[C@@H](OC(=O)c1ccccc1)C2,6.52
ZINC000253638859,CN1[C@H]2CC[C@H]1[C@@H](C(=O)OCc1ccccc1)[C@H](OC(=O)c1ccccc1)C2,6.52
ZINC000253638860,CN1[C@H]2CC[C@H]1[C@@H](C(=O)OCc1ccccc1)[C@@H](OC(=O)c1ccccc1)C2,6.52
ZINC000013610045,CCOC(=O)C1(c2ccc(F)cc2)CCN(C)CC1,6.51
ZINC000013806646,C=CCc1ccc([C@H]2CCN(C)C[C@H]2C(=O)OC)cc1,6.51
ZINC000022938660,c1ccc(C(OCCN2CCN(CCCc3nc4ccccc4[nH]3)CC2)c2ccccc2)cc1,6.51
ZINC000022938670,Fc1ccc(C(OCCN2CCN(Cc3ccc4ccccc4c3)CC2)c2ccc(F)cc2)cc1,6.51
ZINC000023360879,C[C@](O)(Cc1ccccc1)CN1CCN(CCOC(c2ccc(F)cc2)c2ccc(F)cc2)CC1,6.51
ZINC000023360882,C[C@@](O)(Cc1ccccc1)CN1CCN(CCOC(c2ccc(F)cc2)c2ccc(F)cc2)CC1,6.51
ZINC000028960464,CCN(C)C[C@@H]1C[C@@H]1c1ccc2ccccc2c1,6.51
ZINC000028960469,CCN(C)C[C@H]1C[C@@H]1c1ccc2ccccc2c1,6.51
ZINC000058522322,CCN(C)C[C@@H]1C[C@H]1c1ccc2ccccc2c1,6.51
ZINC000066100376,CN(C)C[C@@H]1Cc2ccccc2[C@H](c2ccc(Cl)c(Cl)c2)C1,6.51
ZINC000261164881,CCN(C)C[C@H]1C[C@H]1c1ccc2ccccc2c1,6.51
ZINC000299856998,COc1ccc(-c2c(=O)n(CCCCN3CC=C(c4c[nH]c5ccc(Cl)cc45)CC3)c(=O)n3ccccc23)cc1,6.51
ZINC000013437274,O=C(CCc1cc(C(F)(F)F)cc(C(F)(F)F)c1)N(Cc1ccc(F)cc1)C1CCNCC1,6.5
ZINC000022445253,Cc1ccc2c(OCCN3CCN(Cc4cccc5cccnc45)CC3)cccc2n1,6.5
ZINC000022941691,CC(C)c1cccc([C@@H](COCc2cc(C(F)(F)F)cc(C(F)(F)F)c2)N2CCNCC2)c1,6.5
ZINC000022941695,CC(C)c1cccc([C@H](COCc2cc(C(F)(F)F)cc(C(F)(F)F)c2)N2CCNCC2)c1,6.5
ZINC000029337655,O=[N+]([O-])c1cc([N+](=O)[O-])c2nc(N3CCNCC3)ccc2c1,6.5
ZINC000040974822,C=CC(=O)O[C@@H](CCN1CCN(CCCN(c2ccc(F)cc2)c2ccc(F)cc2)CC1)c1ccccc1,6.5
ZINC000040974824,C=CC(=O)O[C@H](CCN1CCN(CCCN(c2ccc(F)cc2)c2ccc(F)cc2)CC1)c1ccccc1,6.5
ZINC000043335181,Fc1cccc([C@@H](COCc2cc(C(F)(F)F)cc(C(F)(F)F)c2)N2CCNCC2)c1F,6.5
ZINC000043335183,Fc1cccc([C@H](COCc2cc(C(F)(F)F)cc(C(F)(F)F)c2)N2CCNCC2)c1F,6.5
ZINC000066252315,Cc1ccc2c(N3CCN(CCc4cccc(-n5cccn5)c4)CC3)cccc2n1,6.5
ZINC000253638687,COC(=O)[C@H]1[C@H]2C[C@H]3CC[C@H]1N3C/C2=C\C#Cc1cccc(F)c1,6.5
ZINC000253638689,COC(=O)[C@@H]1[C@H]2C[C@H]3CC[C@H]1N3C/C2=C\C#Cc1cccc(F)c1,6.5
ZINC000299829856,OC1(c2ccc(Cl)cc2)C[C@@H]2CC[C@H](C1)N2CCCSc1ccc(F)cc1,6.5
ZINC000005649650,CCN(CC)C(=O)[C@]1(c2ccc(F)cc2)C[C@@H]1CN,6.49
ZINC000013530652,COc1cc2c(cc1OC)CN(CC[C@@H](Oc1ccc(C)cc1)c1ccccc1)CC2,6.49
ZINC000013530655,COc1cc2c(cc1OC)CN(CC[C@H](Oc1ccc(C)cc1)c1ccccc1)CC2,6.49
ZINC000013803913,c1ccc(CCCNC[C@@H]2CCCN(CCOC(c3ccccc3)c3ccccc3)C2)cc1,6.49
ZINC000013803915,c1ccc(CCCNC[C@H]2CCCN(CCOC(c3ccccc3)c3ccccc3)C2)cc1,6.49
ZINC000029042659,NC[C@@H]1C[C@@]1(C(=O)N1CCc2ccccc2C1)c1ccsc1,6.49
ZINC000029047739,NC[C@@H]1C[C@@]1(C(=O)N1CCOc2ccccc21)c1ccc2c(c1)OCO2,6.49
ZINC000029226582,COc1ccc(NC(=O)Nc2ccc([C@@H]3CN4CCC[C@H]4c4ccccc43)cc2)cc1,6.49
ZINC000034092980,Cc1ccc([C@@H]2C[C@H]3CC[C@@H]([C@@H]2C(=O)OCCCF)N3C)cc1,6.49
ZINC000034092981,Cc1ccc([C@H]2C[C@H]3CC[C@@H]([C@@H]2C(=O)OCCCF)N3C)cc1,6.49
ZINC000036270923,CN1[C@H]2CC[C@@H]1C[C@H](c1ccc(I)cc1)[C@@H]2C(=O)Oc1ccccc1,6.49
ZINC000040380451,CNCC[C@@H](c1ccccc1)n1ccc2ccccc21,6.49
ZINC000040380452,CNCC[C@H](c1ccccc1)n1ccc2ccccc21,6.49
ZINC000040422347,CN[C@@H]1C[C@H](Oc2ccc(Cl)cc2)c2ccccc21,6.49
ZINC000058507563,Cc1ccc([C@H]2C[C@H]3CC[C@@H]([C@H]2C(=O)OCCCF)N3C)cc1,6.49
ZINC000058541157,CCCn1c(-c2ccccc2)cc(C(=O)NCCCN2CCN(c3cccc(OC)c3)CC2)c1C,6.49
ZINC000261153790,Cc1ccc([C@@H]2C[C@H]3CC[C@@H]([C@H]2C(=O)OCCCF)N3C)cc1,6.49
ZINC000299854601,O=c1c(-c2ccccc2)c2ccccn2c(=O)n1CCCCN1CC=C(c2c[nH]c3ccc(Cl)cc23)CC1,6.49
ZINC000299858106,COc1ccc(-c2c(=O)n(CCCCN3CC=C(c4c[nH]c5ccc(Br)cc45)CC3)c(=O)n3ccccc23)cc1,6.49
ZINC000013742141,c1ccc2c(c1)OCCc1c(N3CCNCC3)nc3ccccc3c1-2,6.48
ZINC000022925329,O[C@@H](CN1CCN(CCOC(c2ccccc2)c2ccccc2)CC1)c1ccccc1,6.48
ZINC000022938612,Fc1ccc(C(OCCN2CCN(C/C=C/c3cccnc3)CC2)c2ccc(F)cc2)cc1,6.48
ZINC000026642877,CN1CC[C@@H](c2ccc(Cl)cc2)[C@H](C(=O)NCc2ccc(CNC(=O)c3ccc(C(F)(F)F)cc3)cc2)C1,6.48
ZINC000034986565,CNCC[C@H](c1cc(F)cc(F)c1)N1C(=O)C(C)(C)c2cccc(F)c21,6.48
ZINC000053224522,C[C@@H]1NC(C)(C)CO[C@@]1(O)c1cccc(-c2ccc3ccccc3c2)c1,6.48
ZINC000066097281,CC(C)C[C@H](N)C1(c2ccc(Cl)c(Cl)c2)CCCCC1,6.48
ZINC000066097282,CC(C)C[C@@H](N)C1(c2ccc(Cl)c(Cl)c2)CCCCC1,6.48
ZINC000072108678,CN1C[C@@H]2CCC[C@]2(c2cc(Cl)cc(Cl)c2)C1,6.48
ZINC000095562960,COc1ccccc1Sc1ccccc1N1CCNCC1,6.48
ZINC000206401371,Oc1ccc(CN[C@H]2CC[C@@H](C(c3ccc(F)cc3)c3ccc(F)cc3)OC2)cc1,6.48
ZINC000221196387,Oc1ccc(CN[C@@H]2CO[C@H](C(c3ccc(F)cc3)c3ccc(F)cc3)C[C@H]2O)cc1F,6.48
ZINC000299855888,O=c1c(-c2ccc(F)cc2)c2ccccn2c(=O)n1CCCCN1CC=C(c2c[nH]c3ccc(Cl)cc23)CC1,6.48
ZINC000013746576,COc1ccc(C(OCCC2CCN(CCCc3ccccc3)CC2)c2ccc(OC)cc2)cc1,6.47
ZINC000019365465,O[C@H](CCN1CCN(CCOC(c2ccccc2)c2ccccc2)CC1)c1ccc(Br)cc1,6.47
ZINC000019365782,Fc1ccc(C(OCCN2CCN(CCCCl)CC2)c2ccc(F)cc2)cc1,6.47
ZINC000022032967,O[C@@H](CCN1CCN(CCOC(c2ccccc2)c2ccccc2)CC1)c1ccc(Br)cc1,6.47
ZINC000022938673,c1ccc(C(OCCN2CCN(Cc3cccc4ccccc34)CC2)c2ccccc2)cc1,6.47
ZINC000022939429,COc1ccccc1/C=C/CN1CCN(CCOC(c2ccccc2)c2ccccc2)CC1,6.47
ZINC000027197072,CN1CCc2ccc3c(=O)[nH]c4cccc5c4c3c2[C@H]1C5,6.47
ZINC000028571563,CN[C@H]1CC[C@@H](c2ccc(Cl)c(Cl)c2)c2ccc(C[S@@](C)=O)cc21,6.47
ZINC000028571564,CN[C@H]1CC[C@@H](c2ccc(Cl)c(Cl)c2)c2ccc(C[S@](C)=O)cc21,6.47
ZINC000028643826,COC(=O)[C@@H]1[C@H]2CC[C@@H](C[C@H]1c1ccc(Br)cc1)S2,6.47
ZINC000029042656,NC[C@@H]1C[C@@]1(C(=O)N1C=COc2ccccc21)c1ccsc1,6.47
ZINC000029212880,C[C@@H](N)Cc1ccc2c(c1Cl)CCN2,6.47
ZINC000029212885,C[C@H](N)Cc1ccc2c(c1Cl)CCN2,6.47
ZINC000029325849,CN[C@@H]1CC[C@@H](c2cccc(OC)c2)c2ccccc21,6.47
ZINC000029389978,CN1CC[C@@H](c2ccc(Cl)cc2)[C@H](C(=O)NCCCNC(=O)[C@@H]2CN(C)CC[C@H]2c2ccc(Cl)cc2)C1,6.47
ZINC000033979880,Cc1ccc2c(c1)CN(C)C[C@@H]2c1cccc(Cl)c1,6.47
ZINC000033979881,Cc1ccc2c(c1)CN(C)C[C@H]2c1cccc(Cl)c1,6.47
ZINC000034841902,O=C1NCCc2ccc3c(c21)C[C@@H](N(CCCc1c[nH]c2ccc(F)cc12)CCC(F)(F)F)CO3,6.47
ZINC000034841904,O=C1NCCc2ccc3c(c21)C[C@H](N(CCCc1c[nH]c2ccc(F)cc12)CCC(F)(F)F)CO3,6.47
ZINC000049784301,CNCCC[C@@H]1Cc2cc(F)ccc2N(c2ccccc2F)S1(=O)=O,6.47
ZINC000049784302,CNCCC[C@H]1Cc2cc(F)ccc2N(c2ccccc2F)S1(=O)=O,6.47
ZINC000072113679,CN1C[C@@H]2CCCC[C@]2(Cc2ccc(Cl)c(Cl)c2)C1,6.47
ZINC000084670323,O[C@@H](CCN1CCC(O)(Cc2ccccc2)CC1)c1ccc(Cl)c(Cl)c1,6.47
ZINC000084670324,O[C@H](CCN1CCC(O)(Cc2ccccc2)CC1)c1ccc(Cl)c(Cl)c1,6.47
ZINC000095593131,O=S(=O)(NCCCCN1CCN(c2cccc(Cl)c2Cl)CC1)c1cc2ccccc2cn1,6.47
ZINC000096914792,CS(=O)(=O)C[C@@H](c1ccc(Cl)c(Cl)c1)C1CCNCC1,6.47
ZINC000096914793,CS(=O)(=O)C[C@H](c1ccc(Cl)c(Cl)c1)C1CCNCC1,6.47
ZINC000100751720,COc1ccc(-c2noc([C@@H]3[C@@H](c4ccc(Cl)cc4)C[C@H]4CC[C@H]3N4C)n2)cc1,6.47
ZINC000100854100,COC(=O)[C@@H]1[C@@H]2C[C@H]3CC[C@H]1N3C/C2=C\c1ccc(F)cc1,6.47
ZINC000148880029,COc1ccc2cc([C@@H](CCN(C)C)N3CCCC3)ccc2c1Cl,6.47
ZINC000148880229,COc1ccc2cc([C@H](CCN(C)C)N3CCCC3)ccc2c1Cl,6.47
ZINC000150543659,CN1[C@H]2CC[C@H]1[C@@H](C(=O)Nc1ccc(CCNC(=O)[C@@H]3[C@@H](c4ccc(-c5ccsc5)cc4)C[C@@H]4CC[C@H]3N4C)cc1)[C@@H](c1ccc(-c3ccsc3)cc1)C2,6.47
ZINC000169318927,COc1ccc(-c2noc([C@H]3[C@@H](c4ccc(Cl)cc4)C[C@H]4CC[C@H]3N4C)n2)cc1,6.47
ZINC000253634715,COC(=O)[C@@H]1[C@H]2C[C@H]3CC[C@H]1N3C/C2=C\c1ccc(F)cc1,6.47
ZINC000253634716,COC(=O)[C@H]1[C@H]2C[C@H]3CC[C@H]1N3C/C2=C\c1ccc(F)cc1,6.47
ZINC000253693395,CCOC(=O)[C@H]1[C@@H](c2ccc(-c3cccn3CC)cc2)C[C@H]2CC[C@H]1N2C,6.47
ZINC000253693402,CCOC(=O)[C@H]1[C@H](c2ccc(-c3cccn3CC)cc2)C[C@H]2CC[C@H]1N2C,6.47
ZINC000253693408,CCOC(=O)[C@@H]1[C@H](c2ccc(-c3cccn3CC)cc2)C[C@H]2CC[C@H]1N2C,6.47
ZINC000253693415,CCOC(=O)[C@@H]1[C@@H](c2ccc(-c3cccn3CC)cc2)C[C@H]2CC[C@H]1N2C,6.47
ZINC000004383518,Cc1ccc([C@@H]2C[C@H]3CC[C@@H]([C@@H]2c2cc(C)no2)N3C)cc1,6.46
ZINC000013803920,Fc1ccc(CCN2CCC[C@@H](CNCCOC(c3ccccc3)c3ccccc3)C2)cc1,6.46
ZINC000013803922,Fc1ccc(CCN2CCC[C@H](CNCCOC(c3ccccc3)c3ccccc3)C2)cc1,6.46
ZINC000013861704,O[C@@H](CCN1CCN(c2ccc(Cl)cc2)CC1)c1ccccc1,6.46
ZINC000013861705,O[C@H](CCN1CCN(c2ccc(Cl)cc2)CC1)c1ccccc1,6.46
ZINC000013861706,FC(F)(F)c1ccc(O[C@@H](CCN2CCN(c3ccc(Cl)cc3)CC2)c2ccccc2)cc1,6.46
ZINC000013861707,FC(F)(F)c1ccc(O[C@H](CCN2CCN(c3ccc(Cl)cc3)CC2)c2ccccc2)cc1,6.46
ZINC000013985189,CNC[C@@H](O)[C@H](c1cccc(F)c1)n1cc(C)c2ccccc21,6.46
ZINC000022927406,O=C(CCN1CCN(CCOC(c2ccc(F)cc2)c2ccc(F)cc2)CC1)c1ccco1,6.46
ZINC000026660314,Cc1ccc([C@@H]2C[C@H]3CC[C@@H]([C@H]2c2cc(C)no2)N3C)cc1,6.46
ZINC000029043072,CCN(CC)C(=O)[C@@]1(c2ccc(Br)s2)C[C@H]1CN,6.46
ZINC000029324283,CN(C)[C@H]1CC[C@@H](c2ccc(C(F)(F)F)cc2)c2ccccc21,6.46
ZINC000033997239,Cc1ccc([C@H]2C[C@H]3CC[C@@H]([C@H]2c2cc(C)no2)N3C)cc1,6.46
ZINC000035969115,N[C@H]1CC[C@](COCc2cc(C(F)(F)F)cc(C(F)(F)F)c2)(c2ccccc2)C1,6.46
ZINC000036270993,Cc1ccc([C@H]2C[C@H]3CC[C@@H]([C@@H]2c2cc(C)no2)N3C)cc1,6.46
ZINC000040379804,Clc1ccc([C@@]23CNC[C@@H]2[C@H]3c2ccccc2)cc1Cl,6.46
ZINC000049054307,Cc1cccc(N2CCN(CCCNC(=O)c3cc(-c4ccccc4)n(CC(C)C)c3C)CC2)c1C,6.46
ZINC000064527452,Cc1cc(C(=O)NCCCN2CCN(c3cccc(C)c3C)CC2)nc(C2CC2)n1,6.46
ZINC000072105913,CCCc1nc(C(=O)NC[C@H](O)CN2CCN(c3cccc(C)c3C)CC2)c(C)n1-c1ccc(Cl)cc1,6.46
ZINC000072105914,CCCc1nc(C(=O)NC[C@@H](O)CN2CCN(c3cccc(C)c3C)CC2)c(C)n1-c1ccc(Cl)cc1,6.46
ZINC000072113093,CN1C[C@@H]2CCCC[C@]2(c2ccc(Cl)cc2Cl)C1,6.46
ZINC000103228738,Oc1ccc(CN[C@H]2CC[C@@H](CC(c3ccccc3)c3ccccc3)OC2)cc1,6.46
ZINC000253635263,CCc1ccc(/C=C2\CN3[C@H]4CC[C@H]3[C@H](C(=O)OC)[C@H]2C4)s1,6.46
ZINC000253635268,CCc1ccc(/C=C2\CN3[C@H]4CC[C@H]3[C@@H](C(=O)OC)[C@H]2C4)s1,6.46
ZINC000253640225,COC(=O)[C@H]1[C@H]2C[C@H]3CC[C@H]1N3C/C2=C\c1ccc(-c2cccc(OC)c2)cc1,6.46
ZINC000253640230,COC(=O)[C@@H]1[C@H]2C[C@H]3CC[C@H]1N3C/C2=C\c1ccc(-c2cccc(OC)c2)cc1,6.46
ZINC000013579491,CN1CC[C@H](c2ccc(Cl)cc2)[C@@H](CCC(=O)Nc2ccccc2)C1,6.45
ZINC000013586316,COC(=O)[C@@H]1[C@@H](c2ccc(Cl)cc2)C[C@@H]2CC[C@H]1N2C,6.45
ZINC000028881280,COc1ccccc1CO[C@H](c1cccc(I)c1)[C@@H]1CNCCO1,6.45
ZINC000028881285,COc1ccccc1CO[C@@H](c1cccc(I)c1)[C@@H]1CNCCO1,6.45
ZINC000028881292,COc1ccccc1CO[C@H](c1cccc(I)c1)[C@H]1CNCCO1,6.45
ZINC000028881298,COc1ccccc1CO[C@@H](c1cccc(I)c1)[C@H]1CNCCO1,6.45
ZINC000033997313,COC(=O)[C@H]1[C@@H](c2ccc(F)cc2)C[C@@H]2CC[C@H]1N2C/C=C/CF,6.45
ZINC000038837774,Fc1ccc(C(SCCNCCCc2ccccc2)c2ccc(F)cc2)cc1,6.45
ZINC000041610039,C[C@H](NC1CC1)C(=O)c1ccc(Cl)c(Cl)c1,6.45
ZINC000041610040,C[C@@H](NC1CC1)C(=O)c1ccc(Cl)c(Cl)c1,6.45
ZINC000049053823,Cc1cccc(N2CCN(CCCNC(=O)c3cc(-c4ccccc4)n(CC4CCCCC4)c3C)CC2)c1C,6.45
ZINC000084651916,COc1ccc2cc([C@H](O)[C@H](C)N3CCC(O)(Cc4ccccc4)CC3)ccc2c1Cl,6.45
ZINC000095559572,CCOc1ccc2c(c1)CN(C)C[C@@H]2c1ccccc1,6.45
ZINC000095559573,CCOc1ccc2c(c1)CN(C)C[C@H]2c1ccccc1,6.45
ZINC000096909820,O=C1C[C@H](c2c[nH]c3ccccc23)C(=O)N1CCCN1CCC(c2c[nH]c3ccccc23)CC1,6.45
ZINC000103135150,O=C1C[C@@H](c2c[nH]c3ccccc23)C(=O)N1CCCN1CCC(c2c[nH]c3ccccc23)CC1,6.45
ZINC000103228705,COc1ccc(CCN[C@@H]2CO[C@H](C(c3ccccc3)c3ccccc3)C2)cc1,6.45
ZINC000253704893,COC(=O)[C@H]1[C@H]2C[C@H]3CC[C@H]1N3C/C2=C\c1cccc(Cl)c1Cl,6.45
ZINC000253704898,COC(=O)[C@@H]1[C@H]2C[C@H]3CC[C@H]1N3C/C2=C\c1cccc(Cl)c1Cl,6.45
ZINC000253712431,CN1[C@H]2CC[C@H]1[C@H](C(=O)NCCCNC(=O)[C@@H]1[C@H](c3ccc(Cl)cc3)C[C@H]3CC[C@H]1N3C)[C@H](c1ccc(Cl)cc1)C2,6.45
ZINC000253712440,CN1[C@H]2CC[C@H]1[C@H](C(=O)NCCCNC(=O)[C@H]1[C@H](c3ccc(Cl)cc3)C[C@H]3CC[C@H]1N3C)[C@H](c1ccc(Cl)cc1)C2,6.45
ZINC000253712446,CN1[C@H]2CC[C@H]1[C@H](C(=O)NCCCNC(=O)[C@@H]1[C@@H](c3ccc(Cl)cc3)C[C@H]3CC[C@H]1N3C)[C@@H](c1ccc(Cl)cc1)C2,6.45
ZINC000253712454,CN1[C@H]2CC[C@H]1[C@H](C(=O)NCCCNC(=O)[C@@H]1[C@H](c3ccc(Cl)cc3)C[C@H]3CC[C@H]1N3C)[C@@H](c1ccc(Cl)cc1)C2,6.45
ZINC000013532752,COc1ccc(-c2cc([C@H]3[C@@H](c4ccc(C)cc4)C[C@@H]4CC[C@H]3N4C)on2)cc1,6.44
ZINC000013742137,c1ccc2c(c1)OCc1c(N3CCNCC3)nc3ccccc3c1-2,6.44
ZINC000022916571,c1ccc(CCCN2CCNCC2)cc1,6.44
ZINC000045389081,CNC[C@@H](O)[C@H](c1cccc(F)c1)N1CC(C)(C)c2cc(F)ccc21,6.44
ZINC000053312845,C[C@H]1NC(C)(C)CO[C@]1(O)c1ccc(Cl)c(Cl)c1,6.44
ZINC000053312848,C[C@@H]1NC(C)(C)CO[C@]1(O)c1ccc(Cl)c(Cl)c1,6.44
ZINC000056861378,C[C@H]1NC(C)(C)CO[C@@]1(O)c1ccc(Cl)c(Cl)c1,6.44
ZINC000056861379,C[C@@H]1NC(C)(C)CO[C@@]1(O)c1ccc(Cl)c(Cl)c1,6.44
ZINC000084654907,C[C@@H]([C@@H](O)c1ccc(Cl)c(Cl)c1)N1CC=C(Cc2ccccc2)CC1,6.44
ZINC000100786352,Clc1ccc(C2[C@H]3CC[C@H]2CNC3)cc1,6.44
ZINC000101165939,COc1ccc(-c2cc([C@H]3[C@@H](c4ccc(C)cc4)C[C@H]4CC[C@H]3N4C)on2)cc1,6.44
ZINC000202977793,COc1ccc(-c2cc([C@H]3[C@H](c4ccc(C)cc4)C[C@H]4CC[C@H]3N4C)on2)cc1,6.44
ZINC000261074625,COC(=O)[C@H]1[C@H]2CC[C@H]3CC[C@H]1N(C/C2=C\c1ccc(-c2ccccc2)c(Cl)c1)C3,6.44
ZINC000261074627,COC(=O)[C@@H]1[C@H]2CC[C@H]3CC[C@H]1N(C/C2=C\c1ccc(-c2ccccc2)c(Cl)c1)C3,6.44
ZINC000261181035,COc1ccc(-c2cc([C@@H]3[C@H](c4ccc(C)cc4)C[C@H]4CC[C@H]3N4C)on2)cc1,6.44
ZINC000261181041,COc1ccc(-c2cc([C@@H]3[C@@H](c4ccc(C)cc4)C[C@H]4CC[C@H]3N4C)on2)cc1,6.44
ZINC000000216734,Clc1ccc(N2CCN(CCc3ccccc3)CC2)cc1,6.43
ZINC000013475001,Cc1noc([C@H]2CNCC[C@@H]2c2ccc(Cl)cc2)n1,6.43
ZINC000013487738,Clc1ccc([C@@H](OCCC2C[C@@H]3CC[C@H](C2)N3CCCc2ccccc2)c2ccccc2)cc1,6.43
ZINC000013487739,Clc1ccc([C@H](OCCC2C[C@@H]3CC[C@H](C2)N3CCCc2ccccc2)c2ccccc2)cc1,6.43
ZINC000013776235,Fc1ccc(C(OC2C[C@@H]3CC[C@H](C2)N3CCCc2ccccc2)c2ccc(F)cc2)cc1,6.43
ZINC000013861710,Clc1ccc(N2CCN(CC[C@@H](Oc3ccc4c(c3)OCO4)c3ccccc3)CC2)cc1,6.43
ZINC000013861711,Clc1ccc(N2CCN(CC[C@H](Oc3ccc4c(c3)OCO4)c3ccccc3)CC2)cc1,6.43
ZINC000013861783,Cc1cc(C(=O)CCN2CCN(c3cccc4ccccc34)CC2)c(C)s1,6.43
ZINC000023247596,COc1ccc2cc([C@@H](O)[C@@H](C)N3CCN(Cc4ccccc4)CC3)ccc2c1Cl,6.43
ZINC000026941291,Cc1noc([C@@H]2CNCC[C@@H]2c2ccc(Cl)cc2)n1,6.43
ZINC000027431345,C[C@H]1CN(CCCn2c3ccccc3c3ccccc32)C[C@H](C)N1C,6.43
ZINC000028644717,COC(=O)[C@H]1[C@@H](c2ccc(F)c(Cl)c2)C[C@@H]2CC[C@H]1S2,6.43
ZINC000029046772,CCN(CC)C(=O)[C@@]1(c2cccc(F)c2)C[C@H]1CN,6.43
ZINC000029207256,CN1[C@H]2CC[C@@H]1C[C@H](OC(=O)c1ccccc1)[C@@H]2C(=O)OCCCc1ccccc1,6.43
ZINC000045484735,CN[C@H]1C[C@H](Oc2ccccc2C)c2ccccc21,6.43
ZINC000058575226,Cc1c(C(=O)NCCCN2CCN(c3cccc(Cl)c3Cl)CC2)cc(C(C)(C)C)n1C,6.43
ZINC000072106405,Cc1c(Cl)cccc1N1CCN(C[C@H](O)CNC(=O)c2nc(-c3ccccc3)n(-c3ccccc3)c2C)CC1,6.43
ZINC000072106406,Cc1c(Cl)cccc1N1CCN(C[C@@H](O)CNC(=O)c2nc(-c3ccccc3)n(-c3ccccc3)c2C)CC1,6.43
ZINC000100646750,CN1[C@H]2CC[C@H]1[C@@H](C(=O)OCCCc1ccccc1)[C@@H](OC(=O)c1ccccc1)C2,6.43
ZINC000101387196,COc1cccc(O[C@H]2C[C@@H]3CC[C@H](C2)N3)c1,6.43
ZINC000253641796,CN1[C@H]2CC[C@H]1[C@H](C(=O)OC/C=C/c1ccccc1)[C@@H](OC(=O)c1ccccc1)C2,6.43
ZINC000253641799,CN1[C@H]2CC[C@H]1[C@H](C(=O)OC/C=C/c1ccccc1)[C@H](OC(=O)c1ccccc1)C2,6.43
ZINC000253641801,CN1[C@H]2CC[C@H]1[C@@H](C(=O)OC/C=C/c1ccccc1)[C@H](OC(=O)c1ccccc1)C2,6.43
ZINC000253641803,CN1[C@H]2CC[C@H]1[C@@H](C(=O)OC/C=C/c1ccccc1)[C@@H](OC(=O)c1ccccc1)C2,6.43
ZINC000253688998,CN1[C@H]2CC[C@H]1[C@H](C(=O)OCCCc1ccccc1)[C@H](OC(=O)c1ccccc1)C2,6.43
ZINC000253689005,CN1[C@H]2CC[C@H]1[C@H](C(=O)OCCCc1ccccc1)[C@@H](OC(=O)c1ccccc1)C2,6.43
ZINC000253689013,CN1[C@H]2CC[C@H]1[C@@H](C(=O)OCCCc1ccccc1)[C@H](OC(=O)c1ccccc1)C2,6.43
ZINC000261095766,COC(=O)[C@@H]1[C@@H](c2ccc(C)cc2)C[C@H]2CC[C@H]1N2CCF,6.43
ZINC000261095768,COC(=O)[C@H]1[C@H](c2ccc(C)cc2)C[C@H]2CC[C@H]1N2CCF,6.43
ZINC000261095770,COC(=O)[C@H]1[C@@H](c2ccc(C)cc2)C[C@H]2CC[C@H]1N2CCF,6.43
ZINC000261095772,COC(=O)[C@@H]1[C@H](c2ccc(C)cc2)C[C@H]2CC[C@H]1N2CCF,6.43
ZINC000005719749,CN1C[C@@H](C(=O)c2ccc(F)cc2)[C@H](c2ccc(F)cc2)C1,6.42
ZINC000012359682,CNCc1cc(F)ccc1Oc1ccccc1,6.42
ZINC000013579471,CN1CC[C@H](c2ccc(Cl)cc2)[C@@H](CC(=O)NC23CC4CC(CC(C4)C2)C3)C1,6.42
ZINC000013676211,COc1ccc([C@@H]2[C@H](c3ccc(C)cc3)C[C@@H]3CC[C@H]2N3C)cc1,6.42
ZINC000013760440,c1ccc(CCCNCCCCNCCOC(c2ccccc2)c2ccccc2)cc1,6.42
ZINC000013861793,COc1ccccc1N1CCN(CC[C@@H](O)c2ccc3ccccc3c2)CC1,6.42
ZINC000013861794,COc1ccccc1N1CCN(CC[C@H](O)c2ccc3ccccc3c2)CC1,6.42
ZINC000029210470,Cc1c(C[C@@H](C)N)ccc2c1CCN2,6.42
ZINC000029210475,Cc1c(C[C@H](C)N)ccc2c1CCN2,6.42
ZINC000029323734,CN[C@@H]1CC[C@@H](c2ccc(OC)cc2)c2ccccc21,6.42
ZINC000029327336,CN[C@H]1CC[C@@H](c2ccc(F)c(OC)c2)c2ccccc21,6.42
ZINC000035899154,CNC[C@@H](O)[C@H](c1cccc(C)c1)n1ccc2ccccc21,6.42
ZINC000049066729,Cc1c(C(=O)NCCCN2CCN(c3cccc(Cl)c3Cl)CC2)cc(-c2ccccc2)n1CC(C)C,6.42
ZINC000058541388,CCCn1c(-c2ccccc2)cc(C(=O)NCCCN2CCN(c3cccc(C(F)(F)F)c3)CC2)c1C,6.42
ZINC000096258472,O=C1C[C@H](c2c[nH]c3ccccc23)C(=O)N1CCN1CCC(c2c[nH]c3ccc(F)cc23)CC1,6.42
ZINC000100900639,Fc1ccc(C(O[C@@H]2C[C@@H]3CC[C@H](C2)N3CCCCc2ccccc2)c2ccc(F)cc2)cc1,6.42
ZINC000101675456,O=C1C[C@@H](c2c[nH]c3ccccc23)C(=O)N1CCN1CCC(c2c[nH]c3ccc(F)cc23)CC1,6.42
ZINC000148840143,CN(C)CC[C@H](c1ccc(Cl)c(Cl)c1)N1CCOCC1,6.42
ZINC000148840360,CN(C)CC[C@@H](c1ccc(Cl)c(Cl)c1)N1CCOCC1,6.42
ZINC000253688692,COC(=O)[C@@H]1[C@H]2CC[C@H]3CC[C@H]1N(C/C2=C\c1ccc(-c2cc(Cl)cc(Cl)c2)cc1)C3,6.42
ZINC000253688693,COC(=O)[C@H]1[C@H]2CC[C@H]3CC[C@H]1N(C/C2=C\c1ccc(-c2cc(Cl)cc(Cl)c2)cc1)C3,6.42
ZINC000005377133,C[C@@H]1NC(C)(C)CO[C@@]1(O)c1cccc(Cl)c1,6.41
ZINC000013475011,COC(=O)[C@@H]1CN(C)CC[C@@H]1c1ccc(Cl)cc1,6.41
ZINC000013494213,O=[N+]([O-])c1ccc(CN2CCC(CCOC(c3ccc(F)cc3)c3ccc(F)cc3)CC2)cc1,6.41
ZINC000013586314,COC(=O)[C@H]1[C@H](c2ccc(C)cc2)C[C@@H]2CC[C@H]1N2C,6.41
ZINC000013861752,COc1ccccc1N1CCN(CC[C@@H](O)c2ccsc2)CC1,6.41
ZINC000013861753,COc1ccccc1N1CCN(CC[C@H](O)c2ccsc2)CC1,6.41
ZINC000029325202,CN[C@@H]1CC[C@@H](c2cccc(C(F)(F)F)c2)c2ccccc21,6.41
ZINC000040424304,CNC[C@H]1OCc2ccccc2[C@H]1Oc1cccc(C)c1C,6.41
ZINC000040894290,Cc1noc([C@H]2[C@@H](c3ccc(Cl)cc3)C[C@@H]3CC[C@H]2N3C)c1-c1ccc(Cl)cc1,6.41
ZINC000070672984,C[C@@H]1NC(C)(C)CO[C@@]1(O)c1cccc(Br)c1,6.41
ZINC000083517759,c1ccc(Sc2ccccc2N2CCNCC2)cc1,6.41
ZINC000100812548,CCC[C@@H]1[C@H](c2ccccc2)C[C@H]2CC[C@H]1N2C,6.41
ZINC000148897272,Clc1ccc([C@@H](CCN2CCOCC2)N2CCCC2)cc1Cl,6.41
ZINC000148897489,Clc1ccc([C@H](CCN2CCOCC2)N2CCCC2)cc1Cl,6.41
ZINC000253633408,COC(=O)[C@@H]1[C@H]2CC[C@H]3CC[C@H]1N(C/C2=C\c1ccc(-c2ccc(Cl)cc2Cl)cc1)C3,6.41
ZINC000253633410,COC(=O)[C@H]1[C@H]2CC[C@H]3CC[C@H]1N(C/C2=C\c1ccc(-c2ccc(Cl)cc2Cl)cc1)C3,6.41
ZINC000299865060,COc1cc(O)cc(CN[C@@H]2CO[C@H](C(c3ccccc3)c3ccccc3)C[C@H]2O)c1,6.41
ZINC000001530695,CSc1ccc2c(c1)N(CC[C@@H]1CCCCN1C)c1ccccc1S2,6.4
ZINC000001530697,CSc1ccc2c(c1)N(CC[C@H]1CCCCN1C)c1ccccc1S2,6.4
ZINC000002000471,Cn1cc(CCC2CCNCC2)c2ccccc21,6.4
ZINC000004306911,N=c1scc(-c2ccc(Cl)cc2)n1-c1cccc(C(F)(F)F)c1,6.4
ZINC000006117444,N[C@H]1CC[C@@H](c2ccc(Cl)c(Cl)c2)c2ccccc21,6.4
ZINC000022940908,Fc1ccc(C(OCCN2C[C@@H]3CC[C@H](C2)N3C/C=C/c2cccnc2)c2ccc(F)cc2)cc1,6.4
ZINC000026378365,Fc1ccc([C@H]2C[C@H](N3CCNCC3)c3ccccc32)cc1,6.4
ZINC000026742078,COc1ccc([C@@H](CN(C)C)C2(O)CCCC2)cc1,6.4
ZINC000026742083,COc1ccc([C@H](CN(C)C)C2(O)CCCC2)cc1,6.4
ZINC000026742087,CN(C)C[C@@H](c1ccc(C(F)(F)F)cc1)C1(O)CCCCC1,6.4
ZINC000026742092,CN(C)C[C@H](c1ccc(C(F)(F)F)cc1)C1(O)CCCCC1,6.4
ZINC000028375956,COc1ccc(F)c(CC2CCN(C3CCC4(CC3)OC(=O)c3c4ccc4c3OCO4)CC2)c1,6.4
ZINC000028948831,c1ccc(-c2ccccc2CN(C2CCOCC2)[C@H]2CCNC2)cc1,6.4
ZINC000034271768,Cc1ccc2c(OCCN3CCC(Cc4cccc(NC(=O)CN(C)C)c4)CC3)cccc2n1,6.4
ZINC000034379109,Cc1ccc2c(OCCN3CCC(Cc4cccc(NS(=O)(=O)C(C)C)c4)CC3)cccc2n1,6.4
ZINC000035786965,CNC[C@@H](O)[C@H](c1ccc(C)cc1)n1ccc2ccccc21,6.4
ZINC000040972341,COc1ccc(CN2CCN(CCOc3cccc4nc(C)ccc34)CC2)cc1,6.4
ZINC000045246038,Cc1ccc(C(=O)[C@@H](C)NC(C)(C)C)cc1Cl,6.4
ZINC000045246039,Cc1ccc(C(=O)[C@H](C)NC(C)(C)C)cc1Cl,6.4
ZINC000048998366,C#CCN[C@@H](CC)Cc1ccc(SC)cc1,6.4
ZINC000048998367,C#CCN[C@H](CC)Cc1ccc(SC)cc1,6.4
ZINC000058541408,CCCn1c(-c2ccccn2)cc(C(=O)NCCCN2CCN(c3cccc(Cl)c3Cl)CC2)c1C,6.4
ZINC000064512371,CSc1nc(C)cc(C(=O)NCCCN2CCN(c3cccc(C)c3C)CC2)n1,6.4
ZINC000066258742,Cc1ccc2c(N3CCN(CCc4cccc(NC(=O)c5cnccn5)c4)CC3)cccc2n1,6.4
ZINC000084603326,COC(=O)[C@@H]1[C@H]2CC[C@@H](C[C@H]1c1ccc(-c3cccn3C)cc1)O2,6.4
ZINC000100788954,Clc1ccc(C2[C@H]3CC[C@H]2CN(Cc2ccccc2)C3)cc1,6.4
ZINC000148859850,CN(C)CC[C@H](c1ccc(Cl)c(Cl)c1)N1CCNCC1,6.4
ZINC000148860058,CN(C)CC[C@@H](c1ccc(Cl)c(Cl)c1)N1CCNCC1,6.4
ZINC000148962853,CN(C)CC[C@H](c1cc2ccccc2s1)N1CCCC1,6.4
ZINC000148963027,CN(C)CC[C@@H](c1cc2ccccc2s1)N1CCCC1,6.4
ZINC000221180651,O[C@@H]1C[C@@H](C(c2ccc(F)cc2)c2ccc(F)cc2)OC[C@H]1NCc1ccc2c(c1)OCO2,6.4
ZINC000000001681,CCOC(=O)C1(c2ccccc2)CCN(C)CC1,6.39
ZINC000000214426,Clc1ccccc1N1CCN(CCCc2ccccc2)CC1,6.39
ZINC000003963295,COc1ccc(NC(=O)c2ccc(-c3ccc(C(=N)N)cc3C)cc2)cc1N1CCN(C)CC1,6.39
ZINC000013676209,COc1ccc([C@H]2[C@@H](c3ccc(C)cc3)C[C@@H]3CC[C@H]2N3C)cc1,6.39
ZINC000026184393,CN1CC[C@H](c2ccc(Cl)cc2)[C@@H](c2nc(-c3ccc(Cl)cc3)no2)C1,6.39
ZINC000028381900,O=C1OC2(CCC(N3CCC(Cc4ccccc4F)CC3)CC2)c2ccc3c(c21)OCO3,6.39
ZINC000028960023,CN(C)C[C@@H]1C[C@@H]1c1c[nH]c2ncccc12,6.39
ZINC000028960027,CN(C)C[C@H]1C[C@@H]1c1c[nH]c2ncccc12,6.39
ZINC000028960030,CN(C)C[C@@H]1C[C@H]1c1c[nH]c2ncccc12,6.39
ZINC000028960033,CN(C)C[C@H]1C[C@H]1c1c[nH]c2ncccc12,6.39
ZINC000044138035,CN[C@@H](C)C(=O)c1cccc(Cl)c1,6.39
ZINC000044138037,CN[C@H](C)C(=O)c1cccc(Cl)c1,6.39
ZINC000049775022,Cc1c(C(=O)NCCCN2CCN(c3cccc(Cl)c3Cl)CC2)cc(-c2ccccc2)n1CC1CCCCC1,6.39
ZINC000056727868,CN1[C@H]2CC[C@@H]1C[C@H](c1ccc(Cl)cc1)[C@H]2c1nc(-c2ccc(Cl)cc2)no1,6.39
ZINC000066075714,CN(C)CC[S@@](=O)C(c1ccc(Cl)cc1)c1ccc(Cl)cc1,6.39
ZINC000066075717,CN(C)CC[S@](=O)C(c1ccc(Cl)cc1)c1ccc(Cl)cc1,6.39
ZINC000066165798,C[C@H](N)C1(c2ccc(Cl)c(Cl)c2)CCCCC1,6.39
ZINC000066165800,C[C@@H](N)C1(c2ccc(Cl)c(Cl)c2)CCCCC1,6.39
ZINC000073279878,Cc1ccc(CN2[C@H]3CC[C@@H]2CC(=CCOC(c2ccc(F)cc2)c2ccc(F)cc2)C3)cc1,6.39
ZINC000084519293,CN1[C@H]2CC[C@@H]1C[C@H](c1ccc(Cl)cc1)[C@@H]2c1nc(-c2ccc(Cl)cc2)no1,6.39
ZINC000103228717,Oc1ccc(CN[C@H]2CO[C@H](C(c3ccccc3)c3ccccc3)C2)cc1,6.39
ZINC000103244761,CN(CCC[C@@]1(c2ccc(F)cc2)OCc2cc(C#N)ccc21)Cc1ccnc2ccccc12,6.39
ZINC000103244764,CN(CCC[C@]1(c2ccc(F)cc2)OCc2cc(C#N)ccc21)Cc1ccnc2ccccc12,6.39
ZINC000150524386,CN1[C@H]2CC[C@@H]1[C@@H](COC(=O)CCC(=O)OC[C@H]1[C@@H](c3ccc(Cl)c(Cl)c3)C[C@H]3CC[C@H]1O3)[C@@H](c1ccc(Cl)c(Cl)c1)C2,6.39
ZINC000299815863,CN1[C@H]2CC[C@H]1[C@H](COC(c1ccccc1)c1ccccc1)[C@H](c1ccc(Cl)cc1)C2,6.39
ZINC000299815864,CN1[C@H]2CC[C@H]1[C@H](COC(c1ccccc1)c1ccccc1)[C@@H](c1ccc(Cl)cc1)C2,6.39
ZINC000299854971,Cc1ccc(-c2c(=O)n(CCCCN3CC=C(c4c[nH]c5ccc(Cl)cc45)CC3)c(=O)n3ccccc23)cc1,6.39
ZINC000299855406,O=c1c(-c2ccc(F)cc2)c2ccccn2c(=O)n1CCCCN1CC=C(c2c[nH]c3ccc(Br)cc23)CC1,6.39
ZINC000000607971,Clc1ccc(CO[C@H](Cn2ccnc2)c2ccc(Cl)cc2Cl)c(Cl)c1,6.38
ZINC000000896740,Clc1ccc(CO[C@@H](Cn2ccnc2)c2ccc(Cl)cc2Cl)c(Cl)c1,6.38
ZINC000013746582,Clc1ccc(C(OCCC2CCN(CCc3ccccc3)CC2)c2ccc(Cl)cc2)cc1,6.38
ZINC000013761414,COc1cccc2c1CCC[C@H]2CNCCc1ccc2c(c1)OCO2,6.38
ZINC000028017981,c1ccc([C@H]2CN3CCCC[C@H]3c3ccccc32)cc1,6.38
ZINC000029042654,NC[C@@H]1C[C@@]1(C(=O)N1CCCc2ccccc21)c1ccsc1,6.38
ZINC000029487711,Clc1ccc([C@@H]2C[C@@H](N3CCCCC3)c3ccccc32)cc1Cl,6.38
ZINC000029487714,Clc1ccc([C@H]2C[C@@H](N3CCCCC3)c3ccccc32)cc1Cl,6.38
ZINC000029487716,Clc1ccc([C@@H]2C[C@H](N3CCCCC3)c3ccccc32)cc1Cl,6.38
ZINC000029487719,Clc1ccc([C@H]2C[C@H](N3CCCCC3)c3ccccc32)cc1Cl,6.38
ZINC000040848589,CNC[C@@H](O)[C@@H](c1ccccc1)N(C)c1ccccc1,6.38
ZINC000045245332,CNC[C@@H](O)[C@H](c1cccc(F)c1)n1ccc2c(F)cccc21,6.38
ZINC000049052293,CCCn1c(-c2ccccc2)cc(C(=O)NCCCN2CCN(c3cccc(Cl)c3Cl)CC2)c1C,6.38
ZINC000049113478,CN[C@@H](C)Cc1ccc(SC)cc1,6.38
ZINC000049113480,CN[C@H](C)Cc1ccc(SC)cc1,6.38
ZINC000073199171,OC1(c2ccc(Cl)cc2)C[C@@H]2CC[C@H](C1)N2CCCCc1ccc(F)cc1,6.38
ZINC000003777206,c1ccc([C@H]2CN3CC[C@H]3c3ccccc32)cc1,6.37
ZINC000004299872,N=c1scc(-c2ccc(Cl)cc2)n1-c1ccccc1N1CCOCC1,6.37
ZINC000013610033,CN1CCC(C#N)(c2ccc(I)cc2)CC1,6.37
ZINC000013776983,CN1[C@H]2CC[C@@H]1C[C@@H](c1ccc(F)cc1)[C@@H]2COc1ccc2c(c1)OCO2,6.37
ZINC000027724907,CC(C)OC(=O)[C@H]1[C@@H](c2ccc(Cl)cc2)C[C@@H]2CC[C@H]1N(C)C2,6.37
ZINC000027724913,CC(C)OC(=O)[C@@H]1[C@@H](c2ccc(Cl)cc2)C[C@@H]2CC[C@H]1N(C)C2,6.37
ZINC000028345535,COc1ccc(F)c(CC2CCN(C3CCC4(CC3)OC(=O)c3c4ccc4c3OCCO4)CC2)c1,6.37
ZINC000028645464,C[C@H]1C[C@H](c2ccccc2)[C@H]2CCCCN2C1,6.37
ZINC000029046642,C=CCN(CC)C(=O)[C@@]1(c2ccc3c(c2)CCO3)C[C@H]1CN,6.37
ZINC000029319832,CN[C@@H]1CC[C@@H](c2ccc(C(F)(F)F)cc2)c2ccccc21,6.37
ZINC000084653730,O[C@@H](CCN1CC=C(Cc2ccccc2)CC1)c1ccc(Cl)c(Cl)c1,6.37
ZINC000084653731,O[C@H](CCN1CC=C(Cc2ccccc2)CC1)c1ccc(Cl)c(Cl)c1,6.37
ZINC000084756895,COc1ccc2cc([C@H](O)CCN3CCC(O)(Cc4ccccc4)CC3)ccc2c1Cl,6.37
ZINC000084756897,COc1ccc2cc([C@@H](O)CCN3CCC(O)(Cc4ccccc4)CC3)ccc2c1Cl,6.37
ZINC000103238140,CCCc1cccc(N2[C@H]3CC[C@@H]2C[C@@H](O[C@@H](c2ccccc2)c2cccc(Cl)c2)C3)c1,6.37
ZINC000103238142,CCCc1cccc(N2[C@H]3CC[C@@H]2C[C@@H](O[C@H](c2ccccc2)c2cccc(Cl)c2)C3)c1,6.37
ZINC000103252118,O=C(Nc1ccc(C[C@@H]2CC[C@H]([C@H](O)c3cccnc3)N2)cc1)[C@@H]1CCc2scnc21,6.37
ZINC000148918196,CN(C)CC[C@H](c1csc2ccccc12)N1CCCC1,6.37
ZINC000148918401,CN(C)CC[C@@H](c1csc2ccccc12)N1CCCC1,6.37
ZINC000013443390,Cc1cc(-n2c(-c3c(F)cccc3F)csc2=N)ccc1Cl,6.36
ZINC000013475000,COC(=O)[C@H]1CNCC[C@@H]1c1ccc(Cl)cc1,6.36
ZINC000013682188,CC[C@H](C(=O)c1ccc(Cl)c(Cl)c1)N1CCCC1,6.36
ZINC000013682190,CC[C@@H](C(=O)c1ccc(Cl)c(Cl)c1)N1CCCC1,6.36
ZINC000013682202,C=CC[C@H](C(=O)c1ccc(Cl)c(Cl)c1)N1CCCC1,6.36
ZINC000013682205,C=CC[C@@H](C(=O)c1ccc(Cl)c(Cl)c1)N1CCCC1,6.36
ZINC000013761411,CN(CCc1ccc2c(c1)OCO2)C[C@@H]1CC[C@H]2CCOc3cccc1c32,6.36
ZINC000022927651,O[C@@H]1c2ccccc2CC[C@H]1CN1CCN(CCOC(c2ccccc2)c2ccccc2)CC1,6.36
ZINC000022930164,N#Cc1ccc(CN[C@@H]2CC[C@H](C(c3ccccc3)c3ccccc3)NC2)cc1,6.36
ZINC000022930194,N#Cc1ccc(CN[C@H]2CC[C@@H](C(c3ccccc3)c3ccccc3)NC2)cc1,6.36
ZINC000026276158,N#Cc1ccc(CN[C@@H]2CC[C@@H](C(c3ccccc3)c3ccccc3)NC2)cc1,6.36
ZINC000026276164,N#Cc1ccc(CN[C@H]2CC[C@H](C(c3ccccc3)c3ccccc3)NC2)cc1,6.36
ZINC000026945696,COC(=O)[C@@H]1CNCC[C@@H]1c1ccc(Cl)cc1,6.36
ZINC000028819398,CCN(CC)C(=O)[C@@]1(c2ccc(Cl)c(Cl)c2)C[C@H]1CN,6.36
ZINC000038207430,CNC[C@@H](O)[C@H](c1cccc(F)c1)n1ccc2ccccc21,6.36
ZINC000040829361,CN(c1ccccc1)[C@@H](c1cccc(F)c1)[C@H](O)CN,6.36
ZINC000048999482,CSc1ccc(C[C@H](C)NO)cc1,6.36
ZINC000048999484,CSc1ccc(C[C@@H](C)NO)cc1,6.36
ZINC000049013806,CC[C@@H](Cc1ccc(SC)cc1)NC,6.36
ZINC000049013809,CC[C@H](Cc1ccc(SC)cc1)NC,6.36
ZINC000066251234,CN(C)[C@@H]1Cc2ccccc2N(c2ccc(Cl)c(Cl)c2)C1,6.36
ZINC000066251235,CN(C)[C@H]1Cc2ccccc2N(c2ccc(Cl)c(Cl)c2)C1,6.36
ZINC000071296223,Oc1ccccc1CN[C@H]1CC[C@@H](C(c2ccccc2)c2ccccc2)OC1,6.36
ZINC000072105367,Cc1cccc(N2CCN(CCCNC(=O)c3nc(C)n(CC(C)C)c3C)CC2)c1C,6.36
ZINC000100921393,COC(=O)[C@@H]1[C@@H](c2ccc(CCCCc3ccccc3)cc2)C[C@H]2CC[C@H]1N2C,6.36
ZINC000100921395,COC(=O)[C@H]1[C@@H](c2ccc(CCCCc3ccccc3)cc2)C[C@H]2CC[C@H]1N2C,6.36
ZINC000253699375,COC(=O)[C@H]1[C@H]2C[C@H]3CC[C@H]1N3C/C2=C\c1cc(Cl)cc(Cl)c1,6.36
ZINC000253699379,COC(=O)[C@@H]1[C@H]2C[C@H]3CC[C@H]1N3C/C2=C\c1cc(Cl)cc(Cl)c1,6.36
ZINC000299856467,O=c1c(-c2ccccc2F)c2ccccn2c(=O)n1CCCCN1CC=C(c2c[nH]c3ccc(Cl)cc23)CC1,6.36
ZINC000001996230,C[C@H](N)Cc1cc(Cl)c(Cl)s1,6.35
ZINC000001996231,C[C@@H](N)Cc1cc(Cl)c(Cl)s1,6.35
ZINC000013491092,O[C@]1(c2ccc(Cl)cc2)c2cc(Cl)c(Cl)cc2C2=NCCN21,6.35
ZINC000013491093,O[C@@]1(c2ccc(Cl)cc2)c2cc(Cl)c(Cl)cc2C2=NCCN21,6.35
ZINC000013494211,Fc1ccc(C(OCCC2CCN(Cc3ccc(C(F)(F)F)cc3)CC2)c2ccc(F)cc2)cc1,6.35
ZINC000013683629,O[C@@H](Cc1ccccc1)CN1CCC(CCOC(c2ccccc2)c2ccccc2)CC1,6.35
ZINC000022939405,Oc1ccc(/C=C/CN2CCN(CCOC(c3ccccc3)c3ccccc3)CC2)cc1,6.35
ZINC000022939417,Oc1cccc(CCCN2CCN(CCOC(c3ccccc3)c3ccccc3)CC2)c1,6.35
ZINC000026577124,CN1[C@H]2CC[C@@H]1[C@H](COc1ccc3c(c1)OCO3)[C@H](c1ccc(F)cc1)C2,6.35
ZINC000028758070,CN1CCC(CCc2c[nH]c3ccccc23)CC1,6.35
ZINC000029239793,Oc1ccccc1[C@@H]1CN2CCC[C@@H]2c2ccccc21,6.35
ZINC000036270782,Cc1ccc([C@@H]2C[C@H]3CC[C@@H]([C@H]2CO[C@@H](c2ccccc2)c2ccc(Cl)cc2)N3C)cc1,6.35
ZINC000036270784,Cc1ccc([C@H]2C[C@H]3CC[C@@H]([C@H]2CO[C@@H](c2ccccc2)c2ccc(Cl)cc2)N3C)cc1,6.35
ZINC000045320086,Cn1c(=O)c2c(nc3n(CCCN4CCN(c5ccccc5)CC4)ccn23)n(C)c1=O,6.35
ZINC000058563638,Cc1ccc([C@@H]2C[C@H]3CC[C@@H]([C@H]2CO[C@H](c2ccccc2)c2ccc(Cl)cc2)N3C)cc1,6.35
ZINC000072104655,COc1ccc(-n2c(-c3ccccc3)nc(C(=O)NC[C@@H](O)CN3CCN(c4cccc(Cl)c4C)CC3)c2C)cc1,6.35
ZINC000072104656,COc1ccc(-n2c(-c3ccccc3)nc(C(=O)NC[C@H](O)CN3CCN(c4cccc(Cl)c4C)CC3)c2C)cc1,6.35
ZINC000072105038,Cc1c(Cl)cccc1N1CCN(CCCNC(=O)c2nc(C)n(CC(C)C)c2C)CC1,6.35
ZINC000101985661,COC(=O)[C@H]1[C@H](c2ccc(C(C)C)cc2)C[C@H]2CC[C@H]1N2C/C=C/I,6.35
ZINC000101985664,COC(=O)[C@H]1[C@@H](c2ccc(C(C)C)cc2)C[C@H]2CC[C@H]1N2C/C=C/I,6.35
ZINC000148975620,CN(C)CC[C@H](c1cc2ccccc2s1)N1CCOCC1,6.35
ZINC000148975842,CN(C)CC[C@@H](c1cc2ccccc2s1)N1CCOCC1,6.35
ZINC000261170575,Cc1ccc([C@H]2C[C@H]3CC[C@@H]([C@H]2CO[C@H](c2ccccc2)c2ccc(Cl)cc2)N3C)cc1,6.35
ZINC000003629895,COC(=O)[C@H]1[C@H](c2ccc(F)cc2)C[C@@H]2CC[C@H]1N2C,6.34
ZINC000013472265,Ic1ccc(CN2CCC(CCOC(c3ccccc3)c3ccccc3)CC2)cc1,6.34
ZINC000013746592,c1ccc(CCN2CCC(COC(c3ccccc3)c3ccccc3)CC2)cc1,6.34
ZINC000013861754,COc1ccccc1N1CCN(CC[C@@H](Oc2ccc(C(F)(F)F)cc2)c2ccsc2)CC1,6.34
ZINC000013861755,COc1ccccc1N1CCN(CC[C@H](Oc2ccc(C(F)(F)F)cc2)c2ccsc2)CC1,6.34
ZINC000022938512,C[C@H]1CN(CCCc2ccccc2)[C@H](C)CN1CCOC(c1ccc(F)cc1)c1ccc(F)cc1,6.34
ZINC000022938680,c1ccc(C(OCCN2CCN(CCc3cccc4ccccc34)CC2)c2ccccc2)cc1,6.34
ZINC000022939435,COc1cccc(/C=C/CN2CCN(CCOC(c3ccccc3)c3ccccc3)CC2)c1,6.34
ZINC000029047985,CC#CCN(CCC)C(=O)[C@@]1(c2ccc3c(c2)CCO3)C[C@H]1CN,6.34
ZINC000029236478,COc1cccc2c1[C@H](c1ccccc1)CN1CCC[C@H]21,6.34
ZINC000029320753,CN(C)[C@@H]1CC[C@@H](c2ccccc2)c2ccccc21,6.34
ZINC000049679527,Cc1[nH]c2ccccc2c1C1CCN(CCCCn2c(=O)c(-c3ccc(Cl)cc3)c3n(c2=O)CCCC3)CC1,6.34
ZINC000087634382,CN1[C@H]2CC[C@@H]1C[C@@H](c1ccc(F)cc1)[C@H]2c1ccc(F)cc1,6.34
ZINC000101387210,Clc1cc(O[C@H]2C[C@@H]3CC[C@H](C2)N3)cc(-c2ccccc2)c1,6.34
ZINC000169324096,CN1[C@H]2CC[C@@H]1C[C@@H](c1ccc(F)cc1)[C@@H]2c1ccc(F)cc1,6.34
ZINC000299811844,CN1[C@H]2CC[C@H]1[C@@H](CO[C@H](c1ccccc1)c1ccc(Cl)cc1)[C@@H](c1ccc(Cl)cc1)C2,6.34
ZINC000299811845,CN1[C@H]2CC[C@H]1[C@@H](CO[C@@H](c1ccccc1)c1ccc(Cl)cc1)[C@@H](c1ccc(Cl)cc1)C2,6.34
ZINC000299811846,CN1[C@H]2CC[C@H]1[C@@H](CO[C@H](c1ccccc1)c1ccc(Cl)cc1)[C@H](c1ccc(Cl)cc1)C2,6.34
ZINC000299811847,CN1[C@H]2CC[C@H]1[C@@H](CO[C@@H](c1ccccc1)c1ccc(Cl)cc1)[C@H](c1ccc(Cl)cc1)C2,6.34
ZINC000013584840,COCC[S@@](=O)C[C@H]1CN(C)CC[C@@H]1c1ccc(Cl)cc1,6.33
ZINC000013584882,CC(C)NC(=O)C[S@@](=O)C[C@H]1CN(C)CC[C@@H]1c1ccc(Cl)cc1,6.33
ZINC000013761391,COc1ccc2c(c1)CCC[C@@H]2CN(C)CCc1ccc2c(c1)OCO2,6.33
ZINC000013761392,COc1ccc2c(c1)CCC[C@H]2CN(C)CCc1ccc2c(c1)OCO2,6.33
ZINC000026664450,Cc1ccc([C@@H]2C[C@H]3CC[C@@H]([C@H]2c2cc(-c4ccccc4)no2)N3C)cc1,6.33
ZINC000028460045,COCC[S@@](=O)C[C@@H]1CN(C)CC[C@@H]1c1ccc(Cl)cc1,6.33
ZINC000028468747,CC(C)NC(=O)C[S@@](=O)C[C@@H]1CN(C)CC[C@@H]1c1ccc(Cl)cc1,6.33
ZINC000036270956,Cc1ccc([C@H]2C[C@H]3CC[C@@H]([C@H]2c2cc(-c4ccccc4)no2)N3C)cc1,6.33
ZINC000036271012,Cc1ccc([C@@H]2C[C@H]3CC[C@@H]([C@@H]2c2cc(-c4ccccc4)no2)N3C)cc1,6.33
ZINC000036271014,Cc1ccc([C@H]2C[C@H]3CC[C@@H]([C@@H]2c2cc(-c4ccccc4)no2)N3C)cc1,6.33
ZINC000038236785,CNC[C@@H](O)[C@H](c1ccccc1F)n1ccc2ccccc21,6.33
ZINC000045246040,Cc1cc(C(=O)[C@@H](C)NC(C)(C)C)ccc1Br,6.33
ZINC000045246041,Cc1cc(C(=O)[C@H](C)NC(C)(C)C)ccc1Br,6.33
ZINC000101019322,COCC[S@@](=O)C[C@@H]1CN(C)CC[C@H]1c1ccc(Cl)cc1,6.33
ZINC000103228741,Oc1ccc(CN[C@H]2CC[C@@H](CCC(c3ccccc3)c3ccccc3)OC2)cc1,6.33
ZINC000115790837,c1ccc(CCCN2CCN(CCc3ccc4c(c3)OCO4)CC2)cc1,6.33
ZINC000150543666,CN1[C@H]2CC[C@H]1[C@@H](C(=O)NCCCCCCCCNC(=O)[C@@H]1[C@@H](c3ccc(-c4ccsc4)cc3)C[C@@H]3CC[C@H]1N3C)[C@@H](c1ccc(-c3ccsc3)cc1)C2,6.33
ZINC000253638504,COC(=O)[C@H]1[C@H]2C[C@H]3CC[C@H]1N3C/C2=C\c1ccc(-c2ccccc2F)cc1,6.33
ZINC000253638507,COC(=O)[C@@H]1[C@H]2C[C@H]3CC[C@H]1N3C/C2=C\c1ccc(-c2ccccc2F)cc1,6.33
ZINC000253639398,CC(C)NC(=O)C[S@](=O)C[C@@H]1CN(C)CC[C@H]1c1ccc(Cl)cc1,6.33
ZINC000253640029,CC(C)NC(=O)C[S@](=O)C[C@H]1CN(C)CC[C@H]1c1ccc(Cl)cc1,6.33
ZINC000261172668,COCC[S@](=O)C[C@H]1CN(C)CC[C@H]1c1ccc(Cl)cc1,6.33
ZINC000000000741,C[C@@H](N)Cc1ccc2c(c1)OCO2,6.32
ZINC000000403033,C[C@H](N)Cc1ccc2c(c1)OCO2,6.32
ZINC000022927576,O[C@@H]1CCCCC[C@@H]1CN1CCN(CCOC(c2ccc(F)cc2)c2ccc(F)cc2)CC1,6.32
ZINC000022927580,O[C@H]1CCCCC[C@@H]1CN1CCN(CCOC(c2ccc(F)cc2)c2ccc(F)cc2)CC1,6.32
ZINC000022927584,O[C@@H]1CCCCC[C@H]1CN1CCN(CCOC(c2ccc(F)cc2)c2ccc(F)cc2)CC1,6.32
ZINC000022927588,O[C@H]1CCCCC[C@H]1CN1CCN(CCOC(c2ccc(F)cc2)c2ccc(F)cc2)CC1,6.32
ZINC000028347833,O=C1OC2(CCC(N3CCC(Cc4ccccc4F)CC3)CC2)c2ccc3c(c21)OCCO3,6.32
ZINC000028644235,COC(=O)[C@@H]1[C@H]2CC[C@@H](C[C@H]1c1ccc(F)c(Cl)c1)S2,6.32
ZINC000028770960,O=C(CCN1CCN(CCOC(c2ccc(F)cc2)c2ccc(F)cc2)CC1)c1ccc(Br)cc1,6.32
ZINC000029047876,CCN(CC)C(=O)[C@@]1(c2ccc3c(c2)CCC3)C[C@H]1CN,6.32
ZINC000029047878,CCN(CC)C(=O)[C@@]1(c2ccc3c(c2)OCO3)C[C@H]1CN,6.32
ZINC000034986675,CNCC[C@H](c1ccccc1)n1c(=O)n(-c2ccccc2F)c2cccc(F)c21,6.32
ZINC000048999593,CCN[C@@H](C)Cc1ccc(SCC)cc1,6.32
ZINC000048999595,CCN[C@H](C)Cc1ccc(SCC)cc1,6.32
ZINC000049678984,Cc1[nH]c2ccccc2c1C1CCN(CCCCn2c(=O)c(-c3ccccc3Cl)c3n(c2=O)CCCC3)CC1,6.32
ZINC000071317499,c1ccc(C(c2ccccc2)[C@@H]2CC[C@H](NCc3ccccn3)CO2)cc1,6.32
ZINC000095562506,COc1ccc2c(c1)CN(C)C[C@H]2c1cccc(C)c1,6.32
ZINC000095562507,COc1ccc2c(c1)CN(C)C[C@@H]2c1cccc(C)c1,6.32
ZINC000261131744,COC(=O)[C@@H]1[C@H]2C[C@H]3CC[C@H]1N3C/C2=C\c1cccc(OC)n1,6.32
ZINC000261131747,COC(=O)[C@H]1[C@H]2C[C@H]3CC[C@H]1N3C/C2=C\c1cccc(OC)n1,6.32
ZINC000000757031,Clc1cccc(N2CCN(CCCc3ccccc3)CC2)c1,6.31
ZINC000013536439,CCCCCCc1ccc2c(c1)Cc1ccccc1[C@@H]2CN,6.31
ZINC000013536442,CCCCCCc1ccc2c(c1)Cc1ccccc1[C@H]2CN,6.31
ZINC000013861805,O=C(CCN1CCN(c2ccccc2O)CC1)c1csc2ccccc12,6.31
ZINC000013862755,CN1CC[C@H](c2ccc(Cl)cc2)[C@@H](C(=O)NCCCCCNC(=O)c2ccccc2)C1,6.31
ZINC000022938619,Fc1ccc(C(OCCN2CCN(Cc3cc4ccccc4s3)CC2)c2ccc(F)cc2)cc1,6.31
ZINC000022938652,Fc1ccc(C(OCCN2CCN(Cc3cnc4ccccc4c3)CC2)c2ccc(F)cc2)cc1,6.31
ZINC000026742069,CN(C)C[C@@H](c1ccc(C(F)(F)F)cc1)C1(O)CCCC1,6.31
ZINC000026742074,CN(C)C[C@H](c1ccc(C(F)(F)F)cc1)C1(O)CCCC1,6.31
ZINC000028644245,COC(=O)[C@H]1[C@@H](c2ccc(F)cc2)C[C@@H]2CC[C@H]1S2,6.31
ZINC000028881203,FC(F)(F)c1ccccc1O[C@H](c1cccc(I)c1)[C@@H]1CNCCO1,6.31
ZINC000028881210,FC(F)(F)c1ccccc1O[C@@H](c1cccc(I)c1)[C@@H]1CNCCO1,6.31
ZINC000028881217,FC(F)(F)c1ccccc1O[C@H](c1cccc(I)c1)[C@H]1CNCCO1,6.31
ZINC000028881223,FC(F)(F)c1ccccc1O[C@@H](c1cccc(I)c1)[C@H]1CNCCO1,6.31
ZINC000029314818,CN(C)[C@@H]1CC[C@@H](c2ccc(C(F)(F)F)cc2)c2ccccc21,6.31
ZINC000035090558,CC(C)C[C@@H](c1ccc(Cl)cc1)[C@@H]1CCCCN1,6.31
ZINC000035090560,CC(C)C[C@H](c1ccc(Cl)cc1)[C@@H]1CCCCN1,6.31
ZINC000035090562,CC(C)C[C@@H](c1ccc(Cl)cc1)[C@H]1CCCCN1,6.31
ZINC000035090564,CC(C)C[C@H](c1ccc(Cl)cc1)[C@H]1CCCCN1,6.31
ZINC000036271094,Cc1ccc([C@@H]2C[C@H]3CC[C@@H]([C@@H]2C(=O)OC2CCCC2)N3C)cc1,6.31
ZINC000036271095,Cc1ccc([C@H]2C[C@H]3CC[C@@H]([C@@H]2C(=O)OC2CCCC2)N3C)cc1,6.31
ZINC000095602268,FC(F)(F)c1cc(COC[C@@]2(c3ccccc3)CCCCNC2)cc(C(F)(F)F)c1,6.31
ZINC000100840741,Fc1ccc([C@@H]2[C@H](c3ccc(F)cc3)C[C@H]3CC[C@H]2N3Cc2ccccc2)cc1,6.31
ZINC000169358761,Fc1ccc([C@@H]2C[C@H]3CC[C@H]([C@H]2c2ccc(F)cc2)N3Cc2ccccc2)cc1,6.31
ZINC000202978626,Cc1ccc([C@H]2C[C@H]3CC[C@@H]([C@H]2C(=O)OC2CCCC2)N3C)cc1,6.31
ZINC000253641124,Cc1ccc([C@@H]2C[C@H]3CC[C@@H]([C@H]2C(=O)OC2CCCC2)N3C)cc1,6.31
ZINC000013579485,COC(=O)/C=C/[C@H]1CN(C)CC[C@@H]1c1ccc(Cl)cc1,6.3
ZINC000013861700,COc1ccccc1N1CCN(CC[C@@H](Oc2ccc3c(c2)OCO3)c2ccccc2)CC1,6.3
ZINC000013861701,COc1ccccc1N1CCN(CC[C@H](Oc2ccc3c(c2)OCO3)c2ccccc2)CC1,6.3
ZINC000013861708,COc1ccc(O[C@@H](CCN2CCN(c3ccc(Cl)cc3)CC2)c2ccccc2)cc1,6.3
ZINC000013861709,COc1ccc(O[C@H](CCN2CCN(c3ccc(Cl)cc3)CC2)c2ccccc2)cc1,6.3
ZINC000013861730,Fc1ccc(N2CCN(CC[C@@H](Oc3ccc(C(F)(F)F)cc3)c3ccccc3)CC2)cc1,6.3
ZINC000013861731,Fc1ccc(N2CCN(CC[C@H](Oc3ccc(C(F)(F)F)cc3)c3ccccc3)CC2)cc1,6.3
ZINC000013861744,COc1ccc([C@@H](O)CCN2CCN(c3ccccc3OC)CC2)cc1,6.3
ZINC000013861745,COc1ccc([C@H](O)CCN2CCN(c3ccccc3OC)CC2)cc1,6.3
ZINC000013861810,COc1cc(F)ccc1N1CCN(CCC(=O)c2csc3ccccc23)CC1,6.3
ZINC000013861813,O=C(CCN1CCN(c2cccc3ccccc23)CC1)c1csc2ccccc12,6.3
ZINC000022927655,O[C@H]1c2ccccc2CC[C@H]1CN1CCN(CCOC(c2ccccc2)c2ccccc2)CC1,6.3
ZINC000022938498,C(=C/c1ccccc1)\CN1CCCN(CCOC(c2ccccc2)c2ccccc2)CC1,6.3
ZINC000026575479,Fc1ccc(C(OCCNCCNCCCc2ccccc2)c2ccc(F)cc2)cc1,6.3
ZINC000026733552,CN(C)C[C@@H](c1ccc(C(F)(F)F)cc1)C1(O)CCCCCC1,6.3
ZINC000026733555,CN(C)C[C@H](c1ccc(C(F)(F)F)cc1)C1(O)CCCCCC1,6.3
ZINC000029312951,CSc1ccc(/C(=C/CN(C)C)c2cccnc2)cc1,6.3
ZINC000029315237,CNC/C=C(\c1cccnc1)c1ccc(Cl)cc1Cl,6.3
ZINC000029323235,CN[C@H]1CC[C@@H](c2ccc(Cl)cc2Cl)c2ccccc21,6.3
ZINC000029399784,CO/N=C1\CN2CC[C@H](c3ccc(Cl)cc3)[C@H]1C2,6.3
ZINC000034375648,CC(=O)Nc1cccc(CC2CCN(CCOc3cccc4nc(C)ccc34)CC2)c1,6.3
ZINC000040391281,CNC[C@]1(O)Cc2ccccc2[C@@H]1Oc1ccccc1SC,6.3
ZINC000040939583,O=C(O)c1ccc(F)c2c1C[C@@H](N(CCCc1c[nH]c3ccc(F)cc13)C1CCC1)CO2,6.3
ZINC000040939585,O=C(O)c1ccc(F)c2c1C[C@H](N(CCCc1c[nH]c3ccc(F)cc13)C1CCC1)CO2,6.3
ZINC000040974438,Cc1ccc2c(OCCN3CCC(Cc4cccc(NC(=O)C(C)C)c4)CC3)cccc2n1,6.3
ZINC000040981003,CNC[C@@H]1OCc2ccccc2[C@@H]1Oc1ccccc1Cl,6.3
ZINC000045358961,CC[C@@H]1CN([C@@H](c2cccc(F)c2)[C@H](O)CNC)c2ccccc21,6.3
ZINC000045358964,CC[C@H]1CN([C@@H](c2cccc(F)c2)[C@H](O)CNC)c2ccccc21,6.3
ZINC000066258692,Cc1ccc2c(N3CCN(CCc4cccc(N5CCOC5=O)c4)CC3)cccc2n1,6.3
ZINC000066258946,Cc1ccc2c(N3CCN(CCc4cccc(NC(=O)c5csc(C)n5)c4)CC3)cccc2n1,6.3
ZINC000066258947,Cc1ccc2c(N3CCN(CCc4cccc(NC(=O)c5scnc5C)c4)CC3)cccc2n1,6.3
ZINC000066259361,COC(=O)Nc1cccc(CCN2CCN(c3cccc4nc(C)ccc34)CC2)c1,6.3
ZINC000066262490,CCNC(=O)Nc1cccc(CCN2CCN(c3cccc4nc(C)ccc34)CC2)c1,6.3
ZINC000072112638,Clc1ccc([C@]23CCC[C@H]2CNC3)cc1Cl,6.3
ZINC000096258483,O=C1C[C@H](c2c[nH]c3ccccc23)C(=O)N1CCCCN1CCC(c2c[nH]c3ccc(F)cc23)CC1,6.3
ZINC000100854112,COC(=O)[C@@H]1[C@@H]2C[C@H]3CC[C@H]1N3C/C2=C\c1ccoc1,6.3
ZINC000100887716,CN(C)CCCCN1[C@H]2CC[C@H]1CC(OC(c1ccc(F)cc1)c1ccc(F)cc1)C2,6.3
ZINC000101675482,O=C1C[C@@H](c2c[nH]c3ccccc23)C(=O)N1CCCCN1CCC(c2c[nH]c3ccc(F)cc23)CC1,6.3
ZINC000148922289,CN(C)CC[C@H](c1ccc(Cl)c(Cl)c1)N1CCCC1,6.3
ZINC000148922494,CN(C)CC[C@@H](c1ccc(Cl)c(Cl)c1)N1CCCC1,6.3
ZINC000013586311,COC(=O)[C@H]1[C@H](c2ccccc2)C[C@@H]2CC[C@H]1N2C,6.29
ZINC000028376125,O=C1OC2(CCC(N3CCC(Cc4ccccc4C(F)(F)F)CC3)CC2)c2ccc3c(c21)OCCO3,6.29
ZINC000028819402,CCN(CC)C(=O)[C@@]1(c2ccc(OC)cc2)C[C@H]1CN,6.29
ZINC000253677954,CN1[C@H]2CC[C@H]1[C@@H]1COC(=O)CCCCCCC(=O)Nc3ccc(cc3)[C@H]1C2,6.29
ZINC000253677957,CN1[C@H]2CC[C@H]1[C@@H]1COC(=O)CCCCCCC(=O)Nc3ccc(cc3)[C@@H]1C2,6.29
ZINC000253677960,CN1[C@H]2CC[C@H]1[C@H]1COC(=O)CCCCCCC(=O)Nc3ccc(cc3)[C@@H]1C2,6.29
ZINC000253677962,CN1[C@H]2CC[C@H]1[C@H]1COC(=O)CCCCCCC(=O)Nc3ccc(cc3)[C@H]1C2,6.29
ZINC000005698964,CN1C[C@@H](C(=O)c2ccc(Cl)cc2)[C@H](c2ccccc2)C1,6.28
ZINC000013532740,Cc1ccc(-c2cc([C@H]3[C@@H](c4ccc(Cl)cc4)C[C@@H]4CC[C@H]3N4C)on2)cc1,6.28
ZINC000013803917,CN(CCc1ccc(F)cc1)C[C@@H]1CCCN(CCOC(c2ccccc2)c2ccccc2)C1,6.28
ZINC000013803919,CN(CCc1ccc(F)cc1)C[C@H]1CCCN(CCOC(c2ccccc2)c2ccccc2)C1,6.28
ZINC000022927485,O=C1CCCCC[C@H]1CN1CCN(CCOC(c2ccc(F)cc2)c2ccc(F)cc2)CC1,6.28
ZINC000022927490,O=C1CCCCC[C@@H]1CN1CCN(CCOC(c2ccc(F)cc2)c2ccc(F)cc2)CC1,6.28
ZINC000022927668,COc1ccc2c(c1)CCC(CN1CCN(CCOC(c3ccccc3)c3ccccc3)CC1)=C2,6.28
ZINC000027214046,COC(=O)[C@H]1[C@@H](OC(c2ccc(Cl)cc2)c2ccc(Cl)cc2)C[C@@H]2CC[C@H]1N2C,6.28
ZINC000029043074,CCN(CC)C(=O)[C@@]1(c2ccc(Cl)s2)C[C@H]1CN,6.28
ZINC000029043162,CCN(CC)C(=O)[C@@]1(c2cccs2)C[C@H]1CN,6.28
ZINC000033963435,COc1ccc2c(c1)CN(C)C[C@H]2c1ccc(F)c(F)c1,6.28
ZINC000033963436,COc1ccc2c(c1)CN(C)C[C@@H]2c1ccc(F)c(F)c1,6.28
ZINC000036270764,Cc1ccc([C@@H]2C[C@H]3CC[C@@H]([C@@H]2COC(c2ccccc2)c2ccccc2)N3C)cc1,6.28
ZINC000036270766,Cc1ccc([C@H]2C[C@H]3CC[C@@H]([C@@H]2COC(c2ccccc2)c2ccccc2)N3C)cc1,6.28
ZINC000040955756,O[C@H](Cc1ccccc1)CN1CCN(CCCN(c2ccc(F)cc2)c2ccc(F)cc2)CC1,6.28
ZINC000045316470,CNC[C@@H](O)[C@H](c1cccc(F)c1)n1ccc2cccc(C)c21,6.28
ZINC000049014829,C=CCN[C@@H](C)Cc1ccc(SC)cc1,6.28
ZINC000049014833,C=CCN[C@H](C)Cc1ccc(SC)cc1,6.28
ZINC000049018181,CSc1ccc(C[C@H](C)N(C)C)cc1,6.28
ZINC000049018184,CSc1ccc(C[C@@H](C)N(C)C)cc1,6.28
ZINC000100949900,Cc1ccc(-c2cc([C@@H]3[C@@H](c4ccc(Cl)cc4)C[C@H]4CC[C@H]3N4C)on2)cc1,6.28
ZINC000100949903,Cc1ccc(-c2cc([C@H]3[C@@H](c4ccc(Cl)cc4)C[C@H]4CC[C@H]3N4C)on2)cc1,6.28
ZINC000103250831,CN1CCN(C2CCC(COCc3cc(C(F)(F)F)cc(C(F)(F)F)c3)(c3ccccc3)CC2)CC1,6.28
ZINC000103250877,FC(F)(F)c1cc(COC[C@@]2(c3ccccc3)CC[C@H](NC3CC3)C2)cc(C(F)(F)F)c1,6.28
ZINC000103250879,FC(F)(F)c1cc(COC[C@]2(c3ccccc3)CC[C@H](NC3CC3)C2)cc(C(F)(F)F)c1,6.28
ZINC000103250883,FC(F)(F)c1cc(COC[C@@]2(c3ccccc3)CC[C@@H](NC3CC3)C2)cc(C(F)(F)F)c1,6.28
ZINC000103250886,FC(F)(F)c1cc(COC[C@]2(c3ccccc3)CC[C@@H](NC3CC3)C2)cc(C(F)(F)F)c1,6.28
ZINC000143971168,C[C@H]1NCCCN(c2ccc(Cl)c(Cl)c2)C1=O,6.28
ZINC000143971364,C[C@@H]1NCCCN(c2ccc(Cl)c(Cl)c2)C1=O,6.28
ZINC000253687806,Cc1ccc(-c2cc([C@H]3[C@H](c4ccc(Cl)cc4)C[C@H]4CC[C@H]3N4C)on2)cc1,6.28
ZINC000253687816,Cc1ccc(-c2cc([C@@H]3[C@H](c4ccc(Cl)cc4)C[C@H]4CC[C@H]3N4C)on2)cc1,6.28
ZINC000003872605,COCCCC/C(=N\OCCN)c1ccc(C(F)(F)F)cc1,6.27
ZINC000005525686,CN1C[C@@H](C(=O)c2ccccc2Cl)[C@H](c2ccc(Cl)cc2)C1,6.27
ZINC000013494215,Clc1ccc(CN2CCC(CCOC(c3ccccc3)c3ccccc3)CC2)cc1,6.27
ZINC000013532748,COc1ccc(-c2cc([C@H]3[C@@H](c4ccc(Cl)cc4)C[C@@H]4CC[C@H]3N4C)on2)cc1,6.27
ZINC000013747215,COC(=O)[C@@H](c1ccc(Cl)c(Cl)c1)[C@@H]1CCCCN1,6.27
ZINC000013806916,CC(=O)N[C@@H]1c2cccc3c2-c2c1ccc1c2[C@@H](C3)N(C)CC1,6.27
ZINC000026735989,CN(C)C[C@@H](c1cccc(C(F)(F)F)c1)C1(O)CCCCC1,6.27
ZINC000026735994,CN(C)C[C@H](c1cccc(C(F)(F)F)c1)C1(O)CCCCC1,6.27
ZINC000028645396,COC(=O)[C@H](c1ccc(Cl)c(Cl)c1)[C@H]1CCCCN1,6.27
ZINC000028645531,COC(=O)[C@@H](c1ccc(Cl)c(Cl)c1)[C@H]1CCCCN1,6.27
ZINC000029047203,CCN(CC1CC1)C(=O)[C@@]1(c2ccc3c(c2)OCCO3)C[C@H]1CN,6.27
ZINC000029389543,CN1CC[C@H](c2ccc(Cl)cc2)[C@@H](C(=O)NCCCCNC(=O)[C@H]2CN(C)CC[C@@H]2c2ccc(Cl)cc2)C1,6.27
ZINC000029474324,COC(=O)[C@H](c1ccc(Cl)c(Cl)c1)[C@@H]1CCCCN1,6.27
ZINC000040979186,CC(C)C(=O)O[C@@H](CCN1CCN(CCCN(c2ccc(F)cc2)c2ccc(F)cc2)CC1)c1ccccc1,6.27
ZINC000040979188,CC(C)C(=O)O[C@H](CCN1CCN(CCCN(c2ccc(F)cc2)c2ccc(F)cc2)CC1)c1ccccc1,6.27
ZINC000053243958,C[C@@H]1N(C)C(C)(C)CO[C@@]1(O)c1cccc(Cl)c1,6.27
ZINC000064512709,Cc1cc(C(=O)NCCCN2CCN(c3cccc(C)c3C)CC2)nc(C(C)(C)C)n1,6.27
ZINC000095563967,Cc1ccc(Sc2c(C)cccc2N2CCNCC2)c(C)c1,6.27
ZINC000100985459,COc1ccc(-c2cc([C@@H]3[C@H](c4ccc(Cl)cc4)C[C@H]4CC[C@H]3N4C)on2)cc1,6.27
ZINC000101165925,COc1ccc(-c2cc([C@H]3[C@@H](c4ccc(Cl)cc4)C[C@H]4CC[C@H]3N4C)on2)cc1,6.27
ZINC000101300670,FC(F)(F)c1ccc([C@@]2(OCc3ccccc3)C[C@@H]3CC[C@H](C2)N3)cc1,6.27
ZINC000202566361,COc1ccc(-c2cc([C@H]3[C@H](c4ccc(Cl)cc4)C[C@H]4CC[C@H]3N4C)on2)cc1,6.27
ZINC000253637520,COC(=O)[C@H]1[C@H]2C[C@H]3CC[C@H]1N3C/C2=C\c1ccc(-c2ccc(OC)cc2)s1,6.27
ZINC000253637521,COC(=O)[C@@H]1[C@H]2C[C@H]3CC[C@H]1N3C/C2=C\c1ccc(-c2ccc(OC)cc2)s1,6.27
ZINC000253701926,COC(=O)[C@H]1[C@H]2CC[C@H]3CC[C@H]1N(C/C2=C\c1ccc(-c2ccc(OC)cc2)s1)C3,6.27
ZINC000253701931,COC(=O)[C@@H]1[C@H]2CC[C@H]3CC[C@H]1N(C/C2=C\c1ccc(-c2ccc(OC)cc2)s1)C3,6.27
ZINC000253754484,COc1ccc(-c2cc([C@@H]3[C@@H](c4ccc(Cl)cc4)C[C@H]4CC[C@H]3N4C)on2)cc1,6.27
ZINC000253898157,CCC(=O)[C@H]1[C@H](c2ccc(C(CC)CC)cc2)C[C@H]2CC[C@H]1N2C,6.27
ZINC000253898159,CCC(=O)[C@@H]1[C@@H](c2ccc(C(CC)CC)cc2)C[C@H]2CC[C@H]1N2C,6.27
ZINC000253898163,CCC(=O)[C@H]1[C@@H](c2ccc(C(CC)CC)cc2)C[C@H]2CC[C@H]1N2C,6.27
ZINC000253898165,CCC(=O)[C@@H]1[C@H](c2ccc(C(CC)CC)cc2)C[C@H]2CC[C@H]1N2C,6.27
ZINC000013677468,CN1CC[C@@H](c2ccc(Cl)cc2)[C@H](CSCC(N)=O)C1,6.26
ZINC000013746596,c1ccc(CN2CCC(COC(c3ccccc3)c3ccccc3)CC2)cc1,6.26
ZINC000022938657,Fc1ccc(C(OCCN2CCN(Cc3ccc4ncccc4c3)CC2)c2ccc(F)cc2)cc1,6.26
ZINC000022939456,COc1ccc(CCCN2CCN(CCOC(c3ccccc3)c3ccccc3)CC2)cc1,6.26
ZINC000023247597,COc1ccc2cc([C@H](O)[C@@H](C)N3CCN(Cc4ccccc4)CC3)ccc2c1Cl,6.26
ZINC000027209484,COC(=O)[C@H]1[C@@H](OC(c2ccc(F)cc2)c2ccc(F)cc2)C[C@@H]2CC[C@H]1N2CCCCCc1ccccc1,6.26
ZINC000027209487,COC(=O)[C@@H]1[C@@H](OC(c2ccc(F)cc2)c2ccc(F)cc2)C[C@@H]2CC[C@H]1N2CCCCCc1ccccc1,6.26
ZINC000028960471,CCN(CC)C[C@@H]1C[C@@H]1c1ccc2ccccc2c1,6.26
ZINC000028960476,CCN(CC)C[C@H]1C[C@@H]1c1ccc2ccccc2c1,6.26
ZINC000028960482,CCN(CC)C[C@@H]1C[C@H]1c1ccc2ccccc2c1,6.26
ZINC000028960487,CCN(CC)C[C@H]1C[C@H]1c1ccc2ccccc2c1,6.26
ZINC000034600388,CNC[C@@H](O)[C@H](c1cccc(Br)c1)n1ccc2ccccc21,6.26
ZINC000035090490,CCCC[C@@H](c1ccc(Cl)c(Cl)c1)[C@@H]1CCCCN1,6.26
ZINC000035090492,CCCC[C@H](c1ccc(Cl)c(Cl)c1)[C@@H]1CCCCN1,6.26
ZINC000035090494,CCCC[C@@H](c1ccc(Cl)c(Cl)c1)[C@H]1CCCCN1,6.26
ZINC000035090496,CCCC[C@H](c1ccc(Cl)c(Cl)c1)[C@H]1CCCCN1,6.26
ZINC000036270819,Cc1ccc([C@H]2C[C@H]3CC[C@@H]([C@@H]2C(=O)OC(C)C)N3C)cc1,6.26
ZINC000036270821,Cc1ccc([C@H]2C[C@H]3CC[C@@H]([C@H]2C(=O)OC(C)C)N3C)cc1,6.26
ZINC000045291655,CNC[C@@H](O)[C@H](c1cccc(Cl)c1)n1ccc2ccccc21,6.26
ZINC000073197367,Clc1ccc(CN2[C@H]3CC[C@@H]2CC(=CCOC(c2ccccc2)c2ccccc2)C3)cc1,6.26
ZINC000100884294,NCCCCN1[C@H]2CC[C@H]1CC(OC(c1ccc(F)cc1)c1ccc(F)cc1)C2,6.26
ZINC000103246689,O=[S@@](CCNCCCc1ccccc1)C(c1ccc(Cl)cc1)c1ccc(Cl)cc1,6.26
ZINC000103246691,O=[S@](CCNCCCc1ccccc1)C(c1ccc(Cl)cc1)c1ccc(Cl)cc1,6.26
ZINC000148991124,CN(C)CC[C@H](c1ccc(Cl)c(Cl)c1)N1CCCCC1,6.26
ZINC000148991326,CN(C)CC[C@@H](c1ccc(Cl)c(Cl)c1)N1CCCCC1,6.26
ZINC000253837709,COC(=O)[C@H]1[C@H]2C[C@H]3CC[C@H]1N3C/C2=C\c1ccc(OC)s1,6.26
ZINC000253837710,COC(=O)[C@@H]1[C@H]2C[C@H]3CC[C@H]1N3C/C2=C\c1ccc(OC)s1,6.26
ZINC000254132541,COc1ccccc1CCN1[C@H]2[C@@H]3[C@H]4C[C@@H]5[C@@H]3[C@]1(O)[C@@H]1[C@H]5[C@@H]4[C@@H]21,6.26
ZINC000254132543,COc1ccccc1CCN1[C@H]2[C@@H]3[C@H]4C[C@@H]5[C@@H]3[C@]1(O)[C@H]1[C@H]5[C@@H]4[C@@H]21,6.26
ZINC000254132545,COc1ccccc1CCN1[C@@H]2[C@H]3[C@@H]4[C@@H]5[C@@H]6C[C@H]([C@@H]2[C@@H]6[C@]41O)[C@H]53,6.26
ZINC000254132547,COc1ccccc1CCN1[C@H]2[C@@H]3[C@H]4C[C@H]5[C@@H]6[C@@H]4[C@@H]2[C@@H]6[C@@]1(O)[C@H]53,6.26
ZINC000013487731,Fc1ccc(C(OCC=C2C[C@@H]3CC[C@H](C2)N3CCCc2ccccc2)c2ccc(F)cc2)cc1,6.25
ZINC000013584855,CN1CC[C@H](c2ccc(Cl)cc2)[C@@H](CSCC(N)=O)C1,6.25
ZINC000022927047,C[C@@H](O)[C@H](c1ccccc1)N1CCN(CCOC(c2ccc(F)cc2)c2ccc(F)cc2)CC1,6.25
ZINC000028465029,CN1CC[C@@H](c2ccc(Cl)cc2)[C@@H](CSCC(N)=O)C1,6.25
ZINC000029046905,NC[C@@H]1[C@@H](c2ccccc2)[C@@]1(C(=O)N1CCc2ccccc21)c1ccccc1,6.25
ZINC000029046910,NC[C@@H]1[C@H](c2ccccc2)[C@@]1(C(=O)N1CCc2ccccc21)c1ccccc1,6.25
ZINC000029389972,CN1CC[C@H](c2ccc(Cl)cc2)[C@@H](C(=O)NCCCNC(=O)[C@H]2CN(C)CC[C@@H]2c2ccc(Cl)cc2)C1,6.25
ZINC000035875895,COC(=O)[C@H]1[C@@H](c2ccc(-c3cccn3C)cc2)C[C@@H]2CC[C@H]1O2,6.25
ZINC000040424985,CNC[C@@H]1OCc2ccccc2[C@@H]1Oc1c(C)cccc1F,6.25
ZINC000045256129,C[C@H](NC1CC1)C(=O)c1cccc(Cl)c1,6.25
ZINC000084601941,COC(=O)[C@H]1[C@@H](c2cc3ccccc3[nH]2)C[C@@H]2CC[C@H]1O2,6.25
ZINC000100872706,C=CCN1[C@H]2CC[C@H]1CC(OC(c1ccc(Cl)cc1)c1ccc(Cl)cc1)C2,6.25
ZINC000101009656,O=C(CCN1[C@H]2CC[C@H]1CC(OC(c1ccc(Cl)cc1)c1ccc(Cl)cc1)C2)Nc1ccccc1,6.25
ZINC000103246696,O=[S@@](CCNCCCc1ccccc1)C(c1ccc(Br)cc1)c1ccc(Br)cc1,6.25
ZINC000103246699,O=[S@](CCNCCCc1ccccc1)C(c1ccc(Br)cc1)c1ccc(Br)cc1,6.25
ZINC000169304783,CCC[C@H]1[C@H]2[C@@H](F)C[C@H](C[C@H]1c1ccc(F)cc1)N2C,6.25
ZINC000169304787,CCC[C@@H]1[C@@H](c2ccc(F)cc2)C[C@H]2C[C@H](F)[C@H]1N2C,6.25
ZINC000253670529,CCC[C@H]1[C@@H](c2ccc(F)cc2)C[C@H]2C[C@H](F)[C@H]1N2C,6.25
ZINC000253670552,CCC[C@@H]1[C@H]2[C@@H](F)C[C@H](C[C@H]1c1ccc(F)cc1)N2C,6.25
ZINC000261190740,NC[C@@H]1[C@@H](c2ccccc2)[C@]1(C(=O)N1CCc2ccccc21)c1ccccc1,6.25
ZINC000261190741,NC[C@@H]1[C@H](c2ccccc2)[C@]1(C(=O)N1CCc2ccccc21)c1ccccc1,6.25
ZINC000022927541,O[C@@H]1CCCC[C@@H]1CN1CCN(CCOC(c2ccc(F)cc2)c2ccc(F)cc2)CC1,6.24
ZINC000022927545,O[C@H]1CCCC[C@@H]1CN1CCN(CCOC(c2ccc(F)cc2)c2ccc(F)cc2)CC1,6.24
ZINC000022927551,O[C@@H]1CCCC[C@H]1CN1CCN(CCOC(c2ccc(F)cc2)c2ccc(F)cc2)CC1,6.24
ZINC000022927555,O[C@H]1CCCC[C@H]1CN1CCN(CCOC(c2ccc(F)cc2)c2ccc(F)cc2)CC1,6.24
ZINC000026734309,CN(C)C[C@@H](c1ccc(Br)cc1)C1(O)CCC1,6.24
ZINC000026734313,CN(C)C[C@H](c1ccc(Br)cc1)C1(O)CCC1,6.24
ZINC000028883496,CN1Cc2cc(OCCCN3CCCCC3)ncc2[C@H](c2ccccc2)C1,6.24
ZINC000028883503,CN1Cc2cc(OCCCN3CCCCC3)ncc2[C@@H](c2ccccc2)C1,6.24
ZINC000029316027,CN[C@@H]1CC[C@@H](c2ccc(F)cc2)c2ccccc21,6.24
ZINC000034220514,CN(C)C[C@@H]1CCC[C@H]1c1ccc2c(c1)c(C#N)cn2C,6.24
ZINC000034891960,COC(=O)/C=C/[C@H]1[C@@H](OC(c2ccc(F)cc2)c2ccc(F)cc2)C[C@@H]2CC[C@H]1N2C,6.24
ZINC000035975231,FC(F)(F)c1cc(COC[C@@]2(c3ccccc3)CCCN(Cc3ccccc3)CC2)cc(C(F)(F)F)c1,6.24
ZINC000100877545,O=C(NCCN1[C@H]2CC[C@H]1CC(OC(c1ccc(F)cc1)c1ccc(F)cc1)C2)c1cccnc1,6.24
ZINC000100985540,CCc1cc([C@H]2[C@@H](c3ccc(C)cc3)C[C@H]3CC[C@H]2N3C)on1,6.24
ZINC000100985546,CCc1cc([C@@H]2[C@@H](c3ccc(C)cc3)C[C@H]3CC[C@H]2N3C)on1,6.24
ZINC000145620842,CC[C@H]1NCCCN(c2ccc(Cl)c(Cl)c2)C1=O,6.24
ZINC000145621051,CC[C@@H]1NCCCN(c2ccc(Cl)c(Cl)c2)C1=O,6.24
ZINC000253859666,CCc1cc([C@@H]2[C@H](c3ccc(C)cc3)C[C@H]3CC[C@H]2N3C)on1,6.24
ZINC000253859669,CCc1cc([C@H]2[C@H](c3ccc(C)cc3)C[C@H]3CC[C@H]2N3C)on1,6.24
ZINC000299857231,COc1cc(O)cc(CN[C@@H]2CO[C@H](C(c3ccc(F)cc3)c3ccc(F)cc3)C[C@H]2O)c1,6.24
ZINC000003814395,C#C[C@]1(O)CC[C@H]2[C@@H]3CCC4=CC(=O)CC[C@@H]4[C@H]3CC[C@@]21CC,6.23
ZINC000013579489,CN1CC[C@H](c2ccc(Cl)cc2)[C@@H](CCC(=O)NC23CC4CC(CC(C4)C2)C3)C1,6.23
ZINC000013780920,Fc1ccc(CN2CCC(CCNC(c3ccccc3)c3ccccc3)CC2)cc1,6.23
ZINC000013783395,C#C[C@@]1(O)CC[C@H]2[C@@H]3CCC4=CC(=O)CC[C@@H]4[C@H]3CC[C@@]21CC,6.23
ZINC000013862276,CS(=O)(=O)Nc1ccc(CN2CCC(CCOC(c3ccccc3)c3ccccc3)CC2)cc1,6.23
ZINC000019361058,C[C@@H](O)CN1CCN(CCOC(c2ccc(F)cc2)c2ccc(F)cc2)CC1,6.23
ZINC000022927051,C[C@H](O)[C@@H](c1ccccc1)N1CCN(CCOC(c2ccc(F)cc2)c2ccc(F)cc2)CC1,6.23
ZINC000028883580,CCN(CC)CCCOc1cc2c(cn1)[C@H](c1ccccc1)CN(C)C2,6.23
ZINC000028883587,CCN(CC)CCCOc1cc2c(cn1)[C@@H](c1ccccc1)CN(C)C2,6.23
ZINC000029042819,COCCN(C)C(=O)[C@@]1(c2ccsc2)C[C@H]1CN,6.23
ZINC000040423070,CN[C@H]1Cc2ccccc2[C@H](Oc2ccccc2C)C1,6.23
ZINC000058538550,CN1[C@H]2CC[C@@H]1[C@@H](COC(=O)CCC(=O)OC[C@H]1[C@@H](c3ccc(Cl)c(Cl)c3)C[C@@H]3CC[C@H]1S3)[C@@H](c1ccc(Cl)c(Cl)c1)C2,6.23
ZINC000064528482,Cc1nc(C(=O)NCCCN2CCN(c3cccc(Cl)c3Cl)CC2)cc(-c2ccccc2)n1,6.23
ZINC000095564212,Cc1ccc2c(c1)CN(C)C[C@@H]2c1ccc(F)c(F)c1,6.23
ZINC000095564213,Cc1ccc2c(c1)CN(C)C[C@H]2c1ccc(F)c(F)c1,6.23
ZINC000100872550,CCCCc1cccc(N2[C@H]3CC[C@H]2CC(O[C@@H](c2ccccc2)c2cccc(Cl)c2)C3)c1,6.23
ZINC000100899367,CC[C@H]1C[C@H]2C[C@H]3c4[nH]c5ccc(OC)cc5c4CCN(C2)[C@@H]13,6.23
ZINC000103224234,CCCc1cccc(N2[C@H]3CC[C@@H]2C[C@@H](OC(c2ccc(Cl)cc2)c2ccc(Cl)cc2)C3)c1,6.23
ZINC000261186102,CCCCc1cccc(N2[C@H]3CC[C@H]2CC(O[C@H](c2ccccc2)c2cccc(Cl)c2)C3)c1,6.23
ZINC000013491112,O[C@]1(c2ccc(Cl)cc2)c2ccccc2C2=N[C@H]3CCCC[C@@H]3N21,6.22
ZINC000013491113,O[C@@]1(c2ccc(Cl)cc2)c2ccccc2C2=N[C@H]3CCCC[C@@H]3N21,6.22
ZINC000013494212,N#Cc1ccc(CN2CCC(CCOC(c3ccc(F)cc3)c3ccc(F)cc3)CC2)cc1,6.22
ZINC000013648548,O[C@@H]1C[C@@H](C(c2ccccc2)c2ccccc2)OC[C@H]1NCc1ccc(F)cc1,6.22
ZINC000028967233,Fc1ccc(C(OCCN2CCN(CC34CC5CC(CC(C5)C3)C4)CC2)c2ccc(F)cc2)cc1,6.22
ZINC000029318888,CNC/C=C(\c1cccnc1)c1ccccc1Br,6.22
ZINC000029322769,CN[C@@H]1CC[C@@H](c2ccc(F)c(OC)c2)c2ccccc21,6.22
ZINC000036271527,O[C@H]1C[C@@H](C(c2ccccc2)c2ccccc2)OC[C@H]1NCc1ccc(F)cc1,6.22
ZINC000040950987,CN(C)Cc1cc(F)ccc1Oc1ccc([S@](C)=O)cc1,6.22
ZINC000040950990,CN(C)Cc1cc(F)ccc1Oc1ccc([S@@](C)=O)cc1,6.22
ZINC000048998703,CC[C@@H](Cc1ccc(SC)cc1)NO,6.22
ZINC000048998705,CC[C@H](Cc1ccc(SC)cc1)NO,6.22
ZINC000049792677,CNCCC[C@@H]1Cc2cc(F)ccc2N(c2c(F)cccc2F)S1(=O)=O,6.22
ZINC000049792678,CNCCC[C@H]1Cc2cc(F)ccc2N(c2c(F)cccc2F)S1(=O)=O,6.22
ZINC000095583816,Cc1ccc([C@@H]2CC=CCNC2)cc1Cl,6.22
ZINC000095583817,Cc1ccc([C@H]2CC=CCNC2)cc1Cl,6.22
ZINC000100840788,Fc1ccc([C@@H]2[C@H](c3ccc(F)cc3)C[C@H]3CC[C@H]2N3CCCc2ccccc2)cc1,6.22
ZINC000100884723,O=C(NCCN1[C@H]2CC[C@H]1CC(OC(c1ccc(F)cc1)c1ccc(F)cc1)C2)c1ccccc1,6.22
ZINC000169334571,Fc1ccc([C@@H]2C[C@H]3CC[C@H]([C@H]2c2ccc(F)cc2)N3CCCc2ccccc2)cc1,6.22
ZINC000022937739,CN1CCN([C@H]2C[C@H](c3ccc(F)cc3)c3ccc(F)cc32)CC1,6.21
ZINC000028022715,OCCCCN1CCN([C@@H]2C[C@@H](c3ccc(F)cc3)c3ccc(F)cc32)CC1,6.21
ZINC000028022720,OCCCCN1CCN([C@H]2C[C@@H](c3ccc(F)cc3)c3ccc(F)cc32)CC1,6.21
ZINC000028022725,OCCCCN1CCN([C@@H]2C[C@H](c3ccc(F)cc3)c3ccc(F)cc32)CC1,6.21
ZINC000028022730,OCCCCN1CCN([C@H]2C[C@H](c3ccc(F)cc3)c3ccc(F)cc32)CC1,6.21
ZINC000029042990,CCN(CC)C(=O)[C@@]1(c2cc3ccccc3s2)C[C@H]1CN,6.21
ZINC000036778797,CC[C@H](N)Cc1ccc(SC)cc1,6.21
ZINC000036778798,CC[C@@H](N)Cc1ccc(SC)cc1,6.21
ZINC000040845495,COc1ccc([C@@H]2CC[C@H](CN)O2)cc1,6.21
ZINC000040845497,COc1ccc([C@H]2CC[C@H](CN)O2)cc1,6.21
ZINC000040845499,COc1ccc([C@@H]2CC[C@@H](CN)O2)cc1,6.21
ZINC000040845501,COc1ccc([C@H]2CC[C@@H](CN)O2)cc1,6.21
ZINC000040956128,CN1[C@H]2CC[C@@H]1[C@@H](C#Cc1ccc([N+](=O)[O-])cc1)[C@@H](c1ccc(Cl)cc1)C2,6.21
ZINC000040979566,c1cc2c(cc1[C@@]13CNC[C@@H]1C3)CCO2,6.21
ZINC000045349917,CC(C)CN(CCCc1c[nH]c2ccc(F)cc12)[C@H]1COc2ccc3c(c2C1)C(=O)NC3,6.21
ZINC000045349920,CC(C)CN(CCCc1c[nH]c2ccc(F)cc12)[C@@H]1COc2ccc3c(c2C1)C(=O)NC3,6.21
ZINC000048998364,CCCN[C@@H](CC)Cc1ccc(SC)cc1,6.21
ZINC000048998365,CCCN[C@H](CC)Cc1ccc(SC)cc1,6.21
ZINC000073198119,CC1(C)CC(=O)N(CCCCN2CCN(c3ccc4cc([N+](=O)[O-])ccc4n3)CC2)C(=O)C1,6.21
ZINC000076397954,C[C@H](NC1CC1)C(=O)c1cccc(Br)c1,6.21
ZINC000076397959,C[C@@H](NC1CC1)C(=O)c1cccc(Br)c1,6.21
ZINC000100646793,CN1[C@H]2CC[C@H]1[C@@H](C(=O)OCCc1ccccc1)[C@@H](OC(=O)c1ccccc1)C2,6.21
ZINC000100854130,COC(=O)[C@@H]1[C@@H]2C[C@H]3CC[C@H]1N3C/C2=C\c1ccc(-c2ccccc2)cc1,6.21
ZINC000169347334,CN1[C@H]2CC[C@H]1[C@H](C(=O)OCCc1ccccc1)[C@H](OC(=O)c1ccccc1)C2,6.21
ZINC000253637589,CN1[C@H]2CC[C@H]1[C@@H](C(=O)OCCc1ccccc1)[C@H](OC(=O)c1ccccc1)C2,6.21
ZINC000253793413,CN1[C@H]2CC[C@H]1[C@H](C(=O)OCCc1ccccc1)[C@@H](OC(=O)c1ccccc1)C2,6.21
ZINC000254093012,COC(=O)[C@@H]1[C@H]2CC[C@H]3CC[C@H]1N(C/C2=C\c1ccc(-c2ccccc2)cc1)C3,6.21
ZINC000299824739,C1=C(Cc2ccccc2)CCN(CC[C@H](c2csc3ccccc23)N2CCCC2)C1,6.21
ZINC000299824745,C1=C(Cc2ccccc2)CCN(CC[C@@H](c2csc3ccccc23)N2CCCC2)C1,6.21
ZINC000013437291,O=C(COc1cc(C(F)(F)F)cc(C(F)(F)F)c1)N(c1ccc(F)cc1)C1CCNCC1,6.2
ZINC000013682182,CCC[C@@H](CN1CCCC1)C(=O)c1ccc(Cl)c(Cl)c1,6.2
ZINC000013682185,CCC[C@H](CN1CCCC1)C(=O)c1ccc(Cl)c(Cl)c1,6.2
ZINC000013862277,Fc1ccc(CN2CCC(CNOC(c3ccccc3)c3ccccc3)CC2)cc1,6.2
ZINC000022937728,CN1CCN([C@@H]2C[C@@H](c3ccc(F)cc3)c3ccc(F)cc32)CC1,6.2
ZINC000022937732,CN1CCN([C@H]2C[C@@H](c3ccc(F)cc3)c3ccc(F)cc32)CC1,6.2
ZINC000022937735,CN1CCN([C@@H]2C[C@H](c3ccc(F)cc3)c3ccc(F)cc32)CC1,6.2
ZINC000027869108,Brc1ccc(C(OCCC2CCN(CCc3ccccc3)CC2)c2ccc(Br)cc2)cc1,6.2
ZINC000029233006,Oc1cccc([C@@H]2CN3CCC[C@H]3c3ccccc32)c1,6.2
ZINC000034272275,COc1ccc(CC2CCN(CCOc3cccc4nc(C)ccc34)CC2)cc1NS(C)(=O)=O,6.2
ZINC000034374687,COc1cccc(CN2CCN(CCOc3cccc4nc(C)ccc34)CC2)c1,6.2
ZINC000034977910,NCC1(c2ccc(Cl)c(Cl)c2)CCCCCC1,6.2
ZINC000040979905,CC(C)(C)c1ccc([C@@H]2CC[C@H](CN)O2)cc1,6.2
ZINC000040979907,CC(C)(C)c1ccc([C@H]2CC[C@H](CN)O2)cc1,6.2
ZINC000040979909,CC(C)(C)c1ccc([C@@H]2CC[C@@H](CN)O2)cc1,6.2
ZINC000040979910,CC(C)(C)c1ccc([C@H]2CC[C@@H](CN)O2)cc1,6.2
ZINC000045299635,CNC[C@@H](O)[C@H](c1cccc(F)c1)n1ccc2ccc(F)cc21,6.2
ZINC000049000005,CCSc1ccc(C[C@@H](C)NO)cc1,6.2
ZINC000049000007,CCSc1ccc(C[C@H](C)NO)cc1,6.2
ZINC000058541330,CCn1c(-c2ccc(Cl)cc2)cc(C(=O)NCCCN2CCN(c3cccc(Cl)c3Cl)CC2)c1C,6.2
ZINC000066259962,Cc1ccc2c(N3CCN(CCc4cccc(NC(=O)c5ccccc5F)c4)CC3)cccc2n1,6.2
ZINC000066259963,Cc1ccc2c(N3CCN(CCc4cccc(NC(=O)c5cccc(F)c5)c4)CC3)cccc2n1,6.2
ZINC000100741962,CCC(=O)[C@H]1[C@@H](c2ccc(F)cc2)C[C@H]2CC[C@H]1N2C,6.2
ZINC000100741966,CCC(=O)[C@@H]1[C@@H](c2ccc(F)cc2)C[C@H]2CC[C@H]1N2C,6.2
ZINC000101387180,Cc1cccc(O[C@H]2C[C@@H]3CC[C@H](C2)N3)c1,6.2
ZINC000138557749,CCC(=O)[C@H]1[C@H](c2ccc(F)cc2)C[C@H]2CC[C@H]1N2C,6.2
ZINC000253635969,CCC(=O)[C@@H]1[C@H](c2ccc(F)cc2)C[C@H]2CC[C@H]1N2C,6.2
ZINC000013861696,COc1ccccc1N1CCN(CC[C@@H](Oc2ccc(C(F)(F)F)cc2)c2ccccc2)CC1,6.19
ZINC000013861697,COc1ccccc1N1CCN(CC[C@H](Oc2ccc(C(F)(F)F)cc2)c2ccccc2)CC1,6.19
ZINC000013861746,COc1ccc([C@@H](CCN2CCN(c3ccccc3OC)CC2)Oc2ccc(C(F)(F)F)cc2)cc1,6.19
ZINC000013861747,COc1ccc([C@H](CCN2CCN(c3ccccc3OC)CC2)Oc2ccc(C(F)(F)F)cc2)cc1,6.19
ZINC000029128095,NC[C@@H]1C[C@@]1(C(=O)N1CCCCCC1)c1ccccc1,6.19
ZINC000029128096,NC[C@H]1C[C@@]1(C(=O)N1CCCCCC1)c1ccccc1,6.19
ZINC000029128097,NC[C@@H]1C[C@]1(C(=O)N1CCCCCC1)c1ccccc1,6.19
ZINC000029128098,NC[C@H]1C[C@]1(C(=O)N1CCCCCC1)c1ccccc1,6.19
ZINC000040828326,c1cnc2ccc([C@]34CNC[C@H]3C4)cc2c1,6.19
ZINC000040828329,c1cnc2ccc([C@@]34CNC[C@@H]3C4)cc2c1,6.19
ZINC000040918182,CCOc1ccccc1O[C@H](c1ccc(I)cc1)[C@H]1CNCCO1,6.19
ZINC000040973316,CNC[C@H]1OCc2ccccc2[C@@H]1Oc1ccccc1SC,6.19
ZINC000064527090,COc1c(C)nc(C)nc1C(=O)NCCN1CCN(c2cccc(Cl)c2Cl)CC1,6.19
ZINC000064528481,Cc1nc(C(=O)NCCCN2CCN(c3cccc(Cl)c3Cl)CC2)cc(C(C)C)n1,6.19
ZINC000066136520,Clc1ccc(C2(CNC3CC3)CCCCC2)cc1Cl,6.19
ZINC000066251473,N[C@H]1CCN(c2ccc(Cl)c(Cl)c2)c2ccccc21,6.19
ZINC000071319073,COc1cccc([C@H](O)CN[C@H]2CC[C@@H](C(c3ccccc3)c3ccccc3)OC2)c1,6.19
ZINC000084602355,COC(=O)[C@H]1[C@H]2CC[C@@H](C[C@H]1c1ccc(-c3ccccc3)o1)O2,6.19
ZINC000100937751,Oc1cccc(CN2[C@H]3CC[C@H]2CC(CCOC(c2ccc(F)cc2)c2ccc(F)cc2)C3)c1,6.19
ZINC000101168054,c1cnc2ccc([C@@]34CNC[C@H]3C4)cc2c1,6.19
ZINC000101168055,c1cnc2ccc([C@]34CNC[C@@H]3C4)cc2c1,6.19
ZINC000101181699,Fc1ccc2[nH]cc([C@@H]3CC[C@@H](N4CCN(c5cccc6ccccc56)CC4)CC3)c2c1,6.19
ZINC000103173468,O=C1N[C@]2(CCc3ccccc32)C(=O)N1CCCN1CCN(c2cccc(C(F)(F)F)c2)CC1,6.19
ZINC000103173472,O=C1N[C@@]2(CCc3ccccc32)C(=O)N1CCCN1CCN(c2cccc(C(F)(F)F)c2)CC1,6.19
ZINC000000346601,CN(C)Cc1ccccc1Oc1ccccc1,6.18
ZINC000013761405,CN(CCc1ccc2c(c1)OCO2)C[C@@H]1CCCc2c(NS(C)(=O)=O)cccc21,6.18
ZINC000013761406,CN(CCc1ccc2c(c1)OCO2)C[C@H]1CCCc2c(NS(C)(=O)=O)cccc21,6.18
ZINC000022938630,c1ccc(C(OCCN2CCN(Cc3cc4ccccc4[nH]3)CC2)c2ccccc2)cc1,6.18
ZINC000040919091,CN(C)Cc1ccccc1Oc1ccc(CC2CC2)cc1,6.18
ZINC000040951394,C=CC(=O)O[C@@H](Cc1ccccc1)CN1CCN(CCCN(c2ccc(F)cc2)c2ccc(F)cc2)CC1,6.18
ZINC000041608481,Cc1ccc(C(=O)[C@@H](C)NC2CC2)cc1,6.18
ZINC000041608483,Cc1ccc(C(=O)[C@H](C)NC2CC2)cc1,6.18
ZINC000048998246,CON[C@@H](C)Cc1ccc(SC)cc1,6.18
ZINC000048998247,CON[C@H](C)Cc1ccc(SC)cc1,6.18
ZINC000058581026,CNCC[C@@H](c1ccc(Cl)c(Cl)c1)n1nnc(-n2nccn2)n1,6.18
ZINC000066076341,CC[C@H](N)C1(c2ccc(Cl)c(Cl)c2)CCCCC1,6.18
ZINC000066076343,CC[C@@H](N)C1(c2ccc(Cl)c(Cl)c2)CCCCC1,6.18
ZINC000072112563,Clc1ccc(C[C@]23CCCC[C@H]2CNC3)cc1Cl,6.18
ZINC000073197740,Fc1ccc(C(OCC=C2C[C@@H]3CC[C@H](C2)N3Cc2ccc(Cl)cc2)c2ccc(F)cc2)cc1,6.18
ZINC000095601479,CN1CCCC[C@@](COCc2cc(C(F)(F)F)cc(C(F)(F)F)c2)(c2ccccc2)C1,6.18
ZINC000100921477,COC(=O)[C@@H]1[C@@H](c2ccc(Cc3ccccc3)cc2)C[C@H]2CC[C@H]1N2C,6.18
ZINC000100921484,COC(=O)[C@H]1[C@@H](c2ccc(Cc3ccccc3)cc2)C[C@H]2CC[C@H]1N2C,6.18
ZINC000103236648,CCCCc1cccc(N2[C@H]3CC[C@@H]2C[C@@H](OC(c2ccc(Cl)cc2)c2ccc(Cl)cc2)C3)c1,6.18
ZINC000253637877,CCCCc1ccc(/C=C2\CN3[C@H]4CC[C@H]3[C@H](C(=O)OC)[C@H]2C4)s1,6.18
ZINC000253637880,CCCCc1ccc(/C=C2\CN3[C@H]4CC[C@H]3[C@@H](C(=O)OC)[C@H]2C4)s1,6.18
ZINC000253700340,COC(=O)[C@@H]1[C@H]2CC[C@H]3CC[C@H]1N(C/C2=C\c1ccc(-c2ccc(I)cc2)cc1)C3,6.18
ZINC000253700348,COC(=O)[C@H]1[C@H]2CC[C@H]3CC[C@H]1N(C/C2=C\c1ccc(-c2ccc(I)cc2)cc1)C3,6.18
ZINC000261098331,CN1[C@H]2CC[C@H]1[C@H](c1cc(-c3ccc(F)cc3)no1)[C@@H](c1ccc(Cl)cc1)C2,6.18
ZINC000261098332,CN1[C@H]2CC[C@H]1[C@H](c1cc(-c3ccc(F)cc3)no1)[C@H](c1ccc(Cl)cc1)C2,6.18
ZINC000261098333,CN1[C@H]2CC[C@H]1[C@@H](c1cc(-c3ccc(F)cc3)no1)[C@@H](c1ccc(Cl)cc1)C2,6.18
ZINC000261098336,CN1[C@H]2CC[C@H]1[C@@H](c1cc(-c3ccc(F)cc3)no1)[C@H](c1ccc(Cl)cc1)C2,6.18
ZINC000013648530,COc1ccc(CN[C@H]2CO[C@@H](C(c3ccccc3)c3ccccc3)C[C@@H]2O)cc1,6.17
ZINC000013760761,c1ccc(C(OCCC2CCN(Cc3cccnc3)CC2)c2ccccc2)cc1,6.17
ZINC000026742620,COc1cccc([C@@H](CN(C)C)C2(O)CCCC2)c1,6.17
ZINC000026742624,COc1cccc([C@H](CN(C)C)C2(O)CCCC2)c1,6.17
ZINC000028460426,c1ccc(C(c2ccccc2)[C@@H]2CC[C@H]3CN2CCN3c2ccc3ccccc3c2)cc1,6.17
ZINC000028460429,c1ccc(C(c2ccccc2)[C@H]2CC[C@H]3CN2CCN3c2ccc3ccccc3c2)cc1,6.17
ZINC000045394483,O=C1NCCc2ccc3c(c21)C[C@@H](N(CCCc1c[nH]c2ccc(F)cc12)C(=O)c1ccccc1)CO3,6.17
ZINC000045394487,O=C1NCCc2ccc3c(c21)C[C@H](N(CCCc1c[nH]c2ccc(F)cc12)C(=O)c1ccccc1)CO3,6.17
ZINC000049019845,C[C@H](N)Cc1ccc(SCc2ccccc2)cc1,6.17
ZINC000049019848,C[C@@H](N)Cc1ccc(SCc2ccccc2)cc1,6.17
ZINC000095555674,COc1ccc(CN[C@H]2CO[C@@H](C(c3ccccc3)c3ccccc3)C[C@H]2O)cc1,6.17
ZINC000095558591,Cc1ccc(Sc2ccccc2N2CCN(C)CC2)c(C)c1,6.17
ZINC000096909816,O=C1C[C@@H](c2c[nH]c3ccccc23)C(=O)N1CCN1CC=C(c2c[nH]c3ccc(Br)cc23)CC1,6.17
ZINC000100891279,COC(=O)C1=C(c2ccc3ccccc3c2)C[C@H]2C[C@@H](O)[C@H]1N2C,6.17
ZINC000101031084,CN1[C@H]2C=C(c3cccc(-c4ccccc4)c3)C[C@H]1CC2,6.17
ZINC000103135132,O=C1C[C@H](c2c[nH]c3ccccc23)C(=O)N1CCN1CC=C(c2c[nH]c3ccc(Br)cc23)CC1,6.17
ZINC000103245846,CN(C)CCC[C@]1(c2ccc(F)cc2)COc2ccc(Br)cc21,6.17
ZINC000103245849,CN(C)CCC[C@@]1(c2ccc(F)cc2)COc2ccc(Br)cc21,6.17
ZINC000103250840,FC(F)(F)c1cc(COCC2(c3ccccc3)CCC(NC3CC3)CC2)cc(C(F)(F)F)c1,6.17
ZINC000003913688,CN1CC=C(c2c[nH]c3ccccc23)CC1,6.16
ZINC000013472746,CN(C)C(=O)c1ccccc1Sc1ccc(F)cc1C=O,6.16
ZINC000013737427,COC(=O)[C@H]1[C@@H](OC(c2ccc(F)cc2)c2ccc(F)cc2)C[C@@H]2CC[C@H]1N2C,6.16
ZINC000022927432,O[C@@H](CCN1CCN(CCOC(c2ccccc2)c2ccccc2)CC1)c1cccs1,6.16
ZINC000022927436,O[C@H](CCN1CCN(CCOC(c2ccccc2)c2ccccc2)CC1)c1cccs1,6.16
ZINC000048998261,CC[C@@H](Cc1ccc(SC)cc1)N(C)OC,6.16
ZINC000048998262,CC[C@H](Cc1ccc(SC)cc1)N(C)OC,6.16
ZINC000049014837,C#CCN[C@@H](C)Cc1ccc(SC)cc1,6.16
ZINC000049014840,C#CCN[C@H](C)Cc1ccc(SC)cc1,6.16
ZINC000066080328,CNCC1(c2ccc(F)c(Cl)c2)CCCCC1,6.16
ZINC000072141362,COc1cccc([C@]23CCC[C@H]2CN(C)C3)c1,6.16
ZINC000096914798,CN(C)OC(=O)[C@@H](c1ccc(Cl)c(Cl)c1)C1CCNCC1,6.16
ZINC000096914799,CN(C)OC(=O)[C@H](c1ccc(Cl)c(Cl)c1)C1CCNCC1,6.16
ZINC000100387502,COC(=O)[C@@H]1[C@@H](OC(c2ccc(F)cc2)c2ccc(F)cc2)C[C@H]2CC[C@H]1N2C,6.16
ZINC000100736984,COC(=O)[C@H]1[C@H](OC(c2ccc(F)cc2)c2ccc(F)cc2)C[C@H]2CC[C@H]1N2C,6.16
ZINC000100736993,COC(=O)[C@@H]1[C@H](OC(c2ccc(F)cc2)c2ccc(F)cc2)C[C@H]2CC[C@H]1N2C,6.16
ZINC000100796089,COC(=O)[C@H]1[C@@H](OC(c2ccc(F)cc2)c2ccc(F)cc2)C[C@H]2CC[C@H]1N2C,6.16
ZINC000101034895,CN1[C@H]2C=C(C3c4ccccc4-c4ccccc43)C[C@H]1CC2,6.16
ZINC000000022437,COc1ccc2c(c1)CCCc1c-2nc2ccccc2c1N,6.15
ZINC000013648553,O[C@@H]1C[C@@H](C(c2ccccc2)c2ccccc2)OC[C@H]1NCc1ccccc1,6.15
ZINC000013861741,COc1ccccc1N1CCN(CCC(=O)c2ccc(-c3ccccc3)cc2)CC1,6.15
ZINC000019360476,O[C@@H](CCN1CCN(CCOC(c2ccccc2)c2ccccc2)CC1)c1ccccc1,6.15
ZINC000019360477,O[C@H](CCN1CCN(CCOC(c2ccccc2)c2ccccc2)CC1)c1ccccc1,6.15
ZINC000022939441,COc1ccc(/C=C/CN2CCN(CCOC(c3ccccc3)c3ccccc3)CC2)cc1,6.15
ZINC000027554030,CC(C)(C)[C@H](O)[C@@H](CN)c1ccccc1,6.15
ZINC000028644094,COC(=O)[C@@H]1[C@H]2CC[C@@H](C[C@H]1c1ccc(Cl)c(F)c1)S2,6.15
ZINC000028757403,Clc1ccc2[nH]cc(CC3CCNCC3)c2c1,6.15
ZINC000028759151,Brc1ccc2[nH]cc(CC3CCNCC3)c2c1,6.15
ZINC000029318515,CN[C@H]1CC[C@@H](c2ccc(OC)cc2)c2ccccc21,6.15
ZINC000034807339,CNC[C@@]1(O)Cc2ccccc2[C@H]1Oc1ccccc1C,6.15
ZINC000035090459,Clc1ccc([C@H](CCCc2ccccc2)[C@@H]2CCCCN2)cc1,6.15
ZINC000035090461,Clc1ccc([C@@H](CCCc2ccccc2)[C@@H]2CCCCN2)cc1,6.15
ZINC000035090463,Clc1ccc([C@H](CCCc2ccccc2)[C@H]2CCCCN2)cc1,6.15
ZINC000035090465,Clc1ccc([C@@H](CCCc2ccccc2)[C@H]2CCCCN2)cc1,6.15
ZINC000036271461,O[C@H]1C[C@@H](C(c2ccccc2)c2ccccc2)OC[C@H]1NCc1ccccc1,6.15
ZINC000038684213,CCN(CC)C[C@@H]1CCC[C@H]1c1ccc2[nH]cc(C#N)c2c1,6.15
ZINC000040829429,CNC[C@]1(O)Cc2ccccc2[C@@H]1Oc1ccccc1Cl,6.15
ZINC000040848334,CNC[C@]1(O)Cc2ccccc2[C@@H]1Oc1ccccc1F,6.15
ZINC000040860555,CNC[C@@]1(O)Cc2ccccc2[C@@H]1Oc1ccccc1C,6.15
ZINC000040860557,CNC[C@]1(O)Cc2ccccc2[C@H]1Oc1ccccc1C,6.15
ZINC000045496109,Cc1ccccc1O[C@@H]1C[C@@H](N(C)C)Cc2ccccc21,6.15
ZINC000049017396,CSc1ccc(C[C@H](C)NC2CC2)cc1,6.15
ZINC000049017400,CSc1ccc(C[C@@H](C)NC2CC2)cc1,6.15
ZINC000052969655,C[C@H](N)C(=O)OC(C)(C)Cc1ccc(Cl)cc1,6.15
ZINC000052969658,C[C@@H](N)C(=O)OC(C)(C)Cc1ccc(Cl)cc1,6.15
ZINC000072105267,CCCc1nc(C(=O)NCCCN2CCN(c3cccc(Cl)c3Cl)CC2)cn1-c1ccc(Cl)cc1,6.15
ZINC000072105467,Cc1cc([C@H]2C[C@@H]3CC[C@H]([C@H]2c2cc(-c4ccccc4)no2)N3C)ccc1Cl,6.15
ZINC000100870094,CN1[C@H]2CC[C@H]1CN(CCOC(c1ccc(F)cc1)c1ccc(F)cc1)C2,6.15
ZINC000101012985,COC(=O)C1=C(c2ccc3ccccc3c2)C[C@H]2CC[C@H]1O2,6.15
ZINC000101501219,COC(=O)C1=C(c2cccc(-c3ccco3)c2)C[C@H]2CC[C@H]1O2,6.15
ZINC000261086116,COc1cc(CN[C@H]2[C@H]3[C@H]4C[C@@H]5[C@@H]6[C@H]4[C@H]2[C@@H]6C[C@H]53)cc(OC)c1OC,6.15
ZINC000261086117,COc1cc(CN[C@@H]2[C@@H]3[C@@H]4[C@H]5[C@H]6C[C@@H]4[C@H]2[C@@H]6C[C@H]53)cc(OC)c1OC,6.15
ZINC000261086118,COc1cc(CN[C@H]2[C@H]3[C@H]4C[C@@H]5[C@H]6[C@@H](C[C@H]53)[C@@H]2[C@@H]64)cc(OC)c1OC,6.15
ZINC000261086119,COc1cc(CN[C@@H]2[C@H]3[C@@H]4C[C@@H]5[C@@H]6C[C@@H]([C@@H]3[C@@H]64)[C@H]25)cc(OC)c1OC,6.15
ZINC000012336370,COc1ccc2[nH]cc(C3=CCN(C)CC3)c2c1,6.14
ZINC000013861982,Clc1ccc(C(OC2C[C@@H]3CC[C@H](C2)N3)c2ccc(Cl)cc2)cc1,6.14
ZINC000026376998,O=C1NCCN1CCN1CCN([C@@H]2C[C@@H](c3ccc(F)cc3)c3ccc(F)cc32)CC1,6.14
ZINC000028645967,CC(C)N1CCC([C@@H](CN2CCN(CCCc3c(F)cccc3-c3ccccc3)CC2)c2ccc(F)cc2)CC1,6.14
ZINC000028645970,CC(C)N1CCC([C@H](CN2CCN(CCCc3c(F)cccc3-c3ccccc3)CC2)c2ccc(F)cc2)CC1,6.14
ZINC000029389834,CN1CC[C@H](c2ccc(Cl)cc2)[C@@H](C(=O)OCCCOC(=O)[C@H]2CN(C)CC[C@@H]2c2ccc(Cl)cc2)C1,6.14
ZINC000029486280,CCCN(CCC)[C@@H]1C[C@@H](c2ccc(Cl)c(Cl)c2)c2ccccc21,6.14
ZINC000029486283,CCCN(CCC)[C@H]1C[C@@H](c2ccc(Cl)c(Cl)c2)c2ccccc21,6.14
ZINC000029486286,CCCN(CCC)[C@@H]1C[C@H](c2ccc(Cl)c(Cl)c2)c2ccccc21,6.14
ZINC000029486289,CCCN(CCC)[C@H]1C[C@H](c2ccc(Cl)c(Cl)c2)c2ccccc21,6.14
ZINC000039191212,CN1C[C@@H]2CCCC[C@]2(c2ccccc2)C1,6.14
ZINC000040955214,Cc1ccc([C@H]2C[C@@H]3CC[C@H]([C@H]2C#Cc2ccccc2)N3C)cc1,6.14
ZINC000049112208,CCSc1ccc(C[C@@H](C)NC)cc1,6.14
ZINC000049112209,CCSc1ccc(C[C@H](C)NC)cc1,6.14
ZINC000049680171,COc1ccccc1-c1c2n(c(=O)n(CCCCN3CCC(c4c(C)[nH]c5ccccc45)CC3)c1=O)CCCC2,6.14
ZINC000064528249,Cc1nc(C(=O)NCCCN2CCN(c3cccc(C)c3C)CC2)cc(C(C)(C)C)n1,6.14
ZINC000100728594,CON(C)C(=O)[C@@H]1[C@H](c2ccc(Cl)cc2)C[C@H]2CC[C@H]1N2C,6.14
ZINC000138577770,c1ccc(CCCN2C[C@H]3C[C@H]2CN3CCOC(c2ccccc2)c2ccccc2)cc1,6.14
ZINC000150543681,CN1[C@H]2CC[C@H]1[C@@H](C(=O)Nc1ccc(CNC(=O)[C@@H]3[C@@H](c4ccc(-c5ccsc5)cc4)C[C@@H]4CC[C@H]3N4C)cc1)[C@@H](c1ccc(-c3ccsc3)cc1)C2,6.14
ZINC000202975101,CON(C)C(=O)[C@@H]1[C@@H](c2ccc(Cl)cc2)C[C@H]2CC[C@H]1N2C,6.14
ZINC000253640318,CON(C)C(=O)[C@H]1[C@@H](c2ccc(Cl)cc2)C[C@H]2CC[C@H]1N2C,6.14
ZINC000253640322,CON(C)C(=O)[C@H]1[C@H](c2ccc(Cl)cc2)C[C@H]2CC[C@H]1N2C,6.14
ZINC000254093080,CN1[C@H]2CC[C@H]1[C@H](COC(c1ccc(F)cc1)c1ccc(F)cc1)[C@H](c1ccc(Cl)cc1)C2,6.14
ZINC000254093082,CN1[C@H]2CC[C@H]1[C@H](COC(c1ccc(F)cc1)c1ccc(F)cc1)[C@@H](c1ccc(Cl)cc1)C2,6.14
ZINC000299857663,COc1ccccc1-c1c(=O)n(CCCCN2CC=C(c3c[nH]c4ccc(Cl)cc34)CC2)c(=O)n2ccccc12,6.14
ZINC000000057058,NCCc1c[nH]c2ccc(O)cc12,6.13
ZINC000013746586,c1ccc(CN2CCC(CCOC(c3ccccc3)c3ccccc3)CC2)cc1,6.13
ZINC000013760764,c1ccc(CN2CCC(CCO[C@@H](c3ccccc3)c3cccs3)CC2)cc1,6.13
ZINC000013760765,c1ccc(CN2CCC(CCO[C@H](c3ccccc3)c3cccs3)CC2)cc1,6.13
ZINC000029344381,O=[N+]([O-])c1ccc(CN[C@@H]2CC[C@@H](C(c3ccccc3)c3ccccc3)OC2)cc1,6.13
ZINC000029344387,O=[N+]([O-])c1ccc(CN[C@H]2CC[C@H](C(c3ccccc3)c3ccccc3)OC2)cc1,6.13
ZINC000034593852,CNC[C@@H](O)[C@H](c1ccc(Cl)cc1)n1ccc2ccccc21,6.13
ZINC000045256132,C[C@@H](NC1CC1)C(=O)c1cccc(Cl)c1,6.13
ZINC000058541301,Cc1c(C(=O)NCCCN2CCN(c3cccc(Cl)c3Cl)CC2)cc(-c2ccc(Cl)cc2)n1C,6.13
ZINC000072120308,COc1cccc(N2c3ccccc3N(CC[C@@H]3CNCCO3)S2(=O)=O)c1,6.13
ZINC000073258662,Cc1ccc(CN2[C@H]3CC[C@@H]2CC(=CCOC(c2ccccc2)c2ccccc2)C3)cc1,6.13
ZINC000100870065,c1ccc(CCCN2[C@H]3CC[C@H]2CN(CCOC(c2ccccc2)c2ccccc2)C3)cc1,6.13
ZINC000103236650,CCCCc1cccc(N2[C@H]3CC[C@@H]2C[C@@H](O[C@@H](c2ccccc2)c2ccc(Cl)cc2)C3)c1,6.13
ZINC000103236654,CCCCc1cccc(N2[C@H]3CC[C@@H]2C[C@@H](O[C@H](c2ccccc2)c2ccc(Cl)cc2)C3)c1,6.13
ZINC000299857640,Cc1ccccc1-c1c(=O)n(CCCCN2CC=C(c3c[nH]c4ccc(Cl)cc34)CC2)c(=O)n2ccccc12,6.13
ZINC000005525683,CN1C[C@@H](C(=O)c2ccccc2)[C@H](c2ccccc2)C1,6.12
ZINC000013677478,CN1CC[C@@H](c2ccc(Cl)cc2)[C@H](CSCC(=O)NCc2ccccc2)C1,6.12
ZINC000013746598,Fc1ccc(C(OCC2CCN(Cc3ccccc3)CC2)c2ccc(F)cc2)cc1,6.12
ZINC000013761399,COc1ccc2c(c1OC)CCC[C@H]2CN(C)CCc1ccc2c(c1)OCO2,6.12
ZINC000013861784,COc1cc(F)ccc1N1CCN(CCC(=O)c2cc(C)sc2C)CC1,6.12
ZINC000022012325,COc1ccc(CCN2CCN(CCCc3ccccc3)CC2)cc1OC,6.12
ZINC000027556845,CN1[C@H]2CC[C@@H]1C[C@@H](c1ccccc1)[C@H]2c1ccccc1,6.12
ZINC000029250210,C[C@@]12CCCN1C[C@H](c1ccccc1)c1ccccc12,6.12
ZINC000029320316,CN[C@H]1CC[C@@H](c2cccc(OC)c2)c2ccccc21,6.12
ZINC000033979439,CCc1ccc2c(c1)CN(C)C[C@@H]2c1ccccc1,6.12
ZINC000033979440,CCc1ccc2c(c1)CN(C)C[C@H]2c1ccccc1,6.12
ZINC000040421146,CN(C)Cc1cc(F)ccc1Oc1ccc(S(C)(=O)=O)cc1,6.12
ZINC000053738098,CNCC1(c2cccc(Cl)c2)CCCCC1,6.12
ZINC000066100243,Cc1cc([C@H]2[C@@H](c3ccc(Br)cc3)C[C@@H]3CC[C@H]2S3)on1,6.12
ZINC000066100963,Cc1cc([C@H]2[C@@H](c3ccc(Cl)c(Cl)c3)C[C@@H]3CC[C@H]2S3)on1,6.12
ZINC000013584900,NC(=O)C[S@@](=O)C[C@H]1CNCC[C@@H]1c1ccc(Cl)cc1,6.11
ZINC000013779028,Cc1cc2c(cc1C[C@@H](C)N)OCO2,6.11
ZINC000013779030,Cc1cc2c(cc1C[C@H](C)N)OCO2,6.11
ZINC000028467393,NC(=O)C[S@@](=O)C[C@@H]1CNCC[C@@H]1c1ccc(Cl)cc1,6.11
ZINC000028819435,Cc1ccc2[nH]cc(C3=CC[C@H](N(C)C)CC3)c2c1,6.11
ZINC000028819437,Cc1ccc2[nH]cc(C3=CC[C@@H](N(C)C)CC3)c2c1,6.11
ZINC000040955753,O[C@@H](Cc1ccccc1)CN1CCN(CCCN(c2ccc(F)cc2)c2ccc(F)cc2)CC1,6.11
ZINC000058511579,NC(=O)C[S@@](=O)C[C@H]1CNCC[C@H]1c1ccc(Cl)cc1,6.11
ZINC000084759602,COc1ccc([C@H](O)CCN2CC=C(Cc3ccccc3)CC2)cc1,6.11
ZINC000084759603,COc1ccc([C@@H](O)CCN2CC=C(Cc3ccccc3)CC2)cc1,6.11
ZINC000095593162,O=S(=O)(NCCCCN1CCN(c2cccc(Cl)c2Cl)CC1)c1cncc2ccccc12,6.11
ZINC000096909818,COc1ccc2[nH]cc(C3=CCN(CCN4C(=O)C[C@H](c5c[nH]c6ccccc56)C4=O)CC3)c2c1,6.11
ZINC000101987821,NC(=O)C[S@@](=O)C[C@@H]1CNCC[C@H]1c1ccc(Cl)cc1,6.11
ZINC000103135144,COc1ccc2[nH]cc(C3=CCN(CCN4C(=O)C[C@@H](c5c[nH]c6ccccc56)C4=O)CC3)c2c1,6.11
ZINC000299858407,O=c1c(-c2ccccc2Cl)c2ccccn2c(=O)n1CCCCN1CC=C(c2c[nH]c3ccc(Cl)cc23)CC1,6.11
ZINC000000216834,Clc1cccc(N2CCN(CCc3ccccc3)CC2)c1,6.1
ZINC000001846952,CCN(CC)C(=O)[C@@]1(c2ccc(Cl)cc2)C[C@H]1CN,6.1
ZINC000013648562,COc1ccc(CN[C@@H]2C[C@@H](C(c3ccccc3)c3ccccc3)OC[C@H]2O)cc1,6.1
ZINC000013861767,O=C(CCN1CCN(c2cccc3ccccc23)CC1)c1ccsc1,6.1
ZINC000013861780,Cc1cc(C(=O)CCN2CCN(c3ccccc3O)CC2)c(C)s1,6.1
ZINC000026576407,O[C@@H](CCN1CCN(CCCN(c2ccc(F)cc2)c2ccc(F)cc2)CC1)c1ccccc1,6.1
ZINC000026576408,O[C@H](CCN1CCN(CCCN(c2ccc(F)cc2)c2ccc(F)cc2)CC1)c1ccccc1,6.1
ZINC000029315815,COc1ccc(/C(=C/CN(C)C)c2cccnc2)cc1,6.1
ZINC000034451922,Cc1ccc2c(N3CCN(CCc4cccc(N5CCNC5=O)c4)CC3)cccc2n1,6.1
ZINC000036270743,Cc1ccc([C@@H]2C[C@H]3CC[C@@H]([C@@H]2COC(c2ccc(F)cc2)c2ccc(F)cc2)N3C)cc1,6.1
ZINC000036270744,Cc1ccc([C@H]2C[C@H]3CC[C@@H]([C@@H]2COC(c2ccc(F)cc2)c2ccc(F)cc2)N3C)cc1,6.1
ZINC000040430354,CCC(=O)Nc1cccc(CC2CCN(CCOc3cccc4nc(C)ccc34)CC2)c1,6.1
ZINC000040834335,CCc1ccccc1O[C@H]1c2ccccc2C[C@@]1(O)CNC,6.1
ZINC000040939437,Cc1ccc2c(OCC3CCN(CC(=O)c4ccc5c(c4)NC(=O)CO5)CC3)cccc2n1,6.1
ZINC000040943491,Cc1ccc2c(N3CCN(Cc4ccc5c(c4)NC(=O)CO5)CC3)cccc2n1,6.1
ZINC000040953283,Cc1ccc2c(OCCN3CCN(Cc4ccccc4)CC3)cccc2n1,6.1
ZINC000040974591,CCN(C(C)=O)c1cccc(CC2CCN(CCOc3cccc4nc(C)ccc34)CC2)c1,6.1
ZINC000045245561,CC[C@H](NC(C)(C)C)C(=O)c1ccc(Cl)c(Cl)c1,6.1
ZINC000045245562,CC[C@@H](NC(C)(C)C)C(=O)c1ccc(Cl)c(Cl)c1,6.1
ZINC000066251186,COc1ccccc1C(=O)Nc1cccc(CCN2CCN(c3cccc4nc(C)ccc34)CC2)c1,6.1
ZINC000066258993,CCOC(=O)Nc1cccc(CCN2CCN(c3cccc4nc(C)ccc34)CC2)c1,6.1
ZINC000066259964,Cc1ccc2c(N3CCN(CCc4cccc(NC(=O)c5ccc(F)cc5)c4)CC3)cccc2n1,6.1
ZINC000066262491,CCCNC(=O)Nc1cccc(CCN2CCN(c3cccc4nc(C)ccc34)CC2)c1,6.1
ZINC000066262492,Cc1ccc2c(N3CCN(CCc4cccc(NC(=O)NC(C)(C)C)c4)CC3)cccc2n1,6.1
ZINC000071316491,O[C@H](CN[C@H]1CC[C@@H](C(c2ccccc2)c2ccccc2)OC1)c1ccccc1,6.1
ZINC000095584553,CN1CC=CC[C@H](c2cc3ccccc3o2)C1,6.1
ZINC000095584554,CN1CC=CC[C@@H](c2cc3ccccc3o2)C1,6.1
ZINC000095597904,O=S(=O)(NCCCCN1CCN(c2cccc(Cl)c2Cl)CC1)c1ccc2cccnc2c1,6.1
ZINC000095607666,COc1ccc(CN[C@H]2C[C@@H](C(c3ccccc3)c3ccccc3)OC[C@H]2O)cc1,6.1
ZINC000170169555,COc1ccc([C@@H](CN(C)C)[Si]2(O)CCCCC2)cc1,6.1
ZINC000013487742,Clc1ccc(C(OCCC2C[C@@H]3CC[C@H](C2)N3Cc2ccccc2)c2ccc(Cl)cc2)cc1,6.09
ZINC000013584829,COC(=O)C[S@@](=O)C[C@H]1CN(C)CC[C@@H]1c1ccc(Cl)cc1,6.09
ZINC000013610039,CN1CCC(C#N)(c2ccc(Cl)c(Cl)c2)CC1,6.09
ZINC000028461644,COC(=O)C[S@@](=O)C[C@@H]1CN(C)CC[C@@H]1c1ccc(Cl)cc1,6.09
ZINC000029321259,CN[C@H]1CC[C@@H](c2ccc(C(F)(F)F)cc2)c2ccccc21,6.09
ZINC000033962414,Cc1ccc([C@@H]2CN(C)Cc3c(C)cccc32)cc1,6.09
ZINC000033962415,Cc1ccc([C@H]2CN(C)Cc3c(C)cccc32)cc1,6.09
ZINC000045370761,CNC[C@@H](O)[C@H](c1cccc(F)c1)N1CCc2cc(OCc3ccccc3)ccc21,6.09
ZINC000072120643,O=S1(=O)N(CC[C@@H]2CNCCO2)c2ccc(F)cc2N1c1ccccc1F,6.09
ZINC000072120644,O=S1(=O)N(CC[C@H]2CNCCO2)c2ccc(F)cc2N1c1ccccc1F,6.09
ZINC000073196998,C[C@@H]1CN(c2ccc3cc([N+](=O)[O-])ccc3n2)CCN1CCCCN1C(=O)CC(C)(C)CC1=O,6.09
ZINC000073196999,C[C@H]1CN(c2ccc3cc([N+](=O)[O-])ccc3n2)CCN1CCCCN1C(=O)CC(C)(C)CC1=O,6.09
ZINC000100937886,Oc1ccc(CN2[C@H]3CC[C@H]2CC(CCOC(c2ccc(F)cc2)c2ccc(F)cc2)C3)cc1,6.09
ZINC000101019332,COC(=O)C[S@@](=O)C[C@@H]1CN(C)CC[C@H]1c1ccc(Cl)cc1,6.09
ZINC000253795171,CN1[C@H]2CC[C@H]1[C@H](C(=O)N1CCC1)[C@H](c1ccc(Cl)cc1)C2,6.09
ZINC000253795177,CN1[C@H]2CC[C@H]1[C@@H](C(=O)N1CCC1)[C@H](c1ccc(Cl)cc1)C2,6.09
ZINC000253795179,CN1[C@H]2CC[C@H]1[C@H](C(=O)N1CCC1)[C@@H](c1ccc(Cl)cc1)C2,6.09
ZINC000253795184,CN1[C@H]2CC[C@H]1[C@@H](C(=O)N1CCC1)[C@@H](c1ccc(Cl)cc1)C2,6.09
ZINC000261102001,COC(=O)[C@H]1[C@H]2C[C@H]3CC[C@H]1N3C/C2=C\c1ccc(Cl)nc1,6.09
ZINC000261102002,COC(=O)[C@@H]1[C@H]2C[C@H]3CC[C@H]1N3C/C2=C\c1ccc(Cl)nc1,6.09
ZINC000261170164,COC(=O)C[S@](=O)C[C@H]1CN(C)CC[C@H]1c1ccc(Cl)cc1,6.09
ZINC000261176207,CN1[C@H]2CC[C@H]1[C@@H](C(=O)N[C@@H]1CC[C@@H](NC(=O)[C@@H]3[C@@H](c4ccc(-c5ccsc5)cc4)C[C@@H]4CC[C@H]3N4C)CC1)[C@@H](c1ccc(-c3ccsc3)cc1)C2,6.09
ZINC000004217502,CN[C@@H]1CC[C@@H](c2ccccc2)c2ccccc21,6.08
ZINC000013584886,CN1CC[C@H](c2ccc(Cl)cc2)[C@@H](C[S@@](=O)CC(=O)N2CCCCC2)C1,6.08
ZINC000013584888,CN1CC[C@H](c2ccc(Cl)cc2)[C@@H](C[S@](=O)CC(=O)N2CCCCC2)C1,6.08
ZINC000013682045,CCC[C@H](C(=O)c1ccc(Br)cc1)N1CCCC1,6.08
ZINC000013682048,CCC[C@@H](C(=O)c1ccc(Br)cc1)N1CCCC1,6.08
ZINC000022448450,COc1ccc2cc([C@H](O)[C@H](C)N3CCN(Cc4ccccc4)CC3)ccc2c1Cl,6.08
ZINC000022920326,C[C@H]1CN(CCCn2c3ccccc3c3ccccc32)C[C@@H](C)N1,6.08
ZINC000027865198,Brc1ccc(C(OCCC2CCN(CCCc3ccccc3)CC2)c2ccc(Br)cc2)cc1,6.08
ZINC000029127666,CCN(C)C(=O)[C@@]1(c2ccccc2)C[C@@H]1CN,6.08
ZINC000029127667,CCN(C)C(=O)[C@]1(c2ccccc2)C[C@@H]1CN,6.08
ZINC000029127668,CCN(C)C(=O)[C@@]1(c2ccccc2)C[C@H]1CN,6.08
ZINC000029127669,CCN(C)C(=O)[C@]1(c2ccccc2)C[C@H]1CN,6.08
ZINC000036270605,CN1C[C@@H](C(=O)c2ccccn2)[C@H](c2ccccc2)C1,6.08
ZINC000036271539,CN1CC[C@H](c2ccc(Cl)cc2)[C@H](C[S@@](=O)CC(=O)N2CCCCC2)C1,6.08
ZINC000040379153,CNC[C@@H](O)[C@H](c1ccccc1)N(C)c1cccc2ccccc12,6.08
ZINC000040413644,COc1ccc2[nH]cc(CCCN(C3CCC3)[C@H]3COc4c(F)ccc(C(N)=O)c4C3)c2c1,6.08
ZINC000040413647,COc1ccc2[nH]cc(CCCN(C3CCC3)[C@@H]3COc4c(F)ccc(C(N)=O)c4C3)c2c1,6.08
ZINC000040430260,CC(=O)O[C@@H](Cc1ccccc1)CN1CCN(CCCN(c2ccc(F)cc2)c2ccc(F)cc2)CC1,6.08
ZINC000045300091,CCc1cn([C@@H](c2cccc(F)c2)[C@H](O)CNC)c2ccccc12,6.08
ZINC000049112325,CCN[C@@H](CC)Cc1ccc(SC)cc1,6.08
ZINC000049112326,CCN[C@H](CC)Cc1ccc(SC)cc1,6.08
ZINC000071318267,O[C@H](CN[C@H]1CC[C@@H](C(c2ccccc2)c2ccccc2)OC1)c1ccc(F)cc1,6.08
ZINC000096924139,Clc1ccc(C2(OCc3ccccc3)CNC2)cc1,6.08
ZINC000101024072,CN1CC[C@H](c2ccc(Cl)cc2)[C@H](C[S@](=O)CC(=O)N2CCCCC2)C1,6.08
ZINC000299859637,O=c1c(-c2ccccc2)c2ccccn2c(=O)n1CCCCN1CC=C(c2c[nH]c3ccc(Br)cc23)CC1,6.08
ZINC000299859786,O=c1c(-c2ccccc2F)c2ccccn2c(=O)n1CCCCN1CC=C(c2c[nH]c3ccc(Br)cc23)CC1,6.08
ZINC000001999271,CNCCC[C@@]1(c2ccccc2)SC(C)(C)c2ccccc21,6.07
ZINC000001999272,CNCCC[C@]1(c2ccccc2)SC(C)(C)c2ccccc21,6.07
ZINC000004306928,N=c1scc(-c2ccc(Cl)cc2)n1-c1ccc(Cl)cc1Cl,6.07
ZINC000013472262,c1ccc(C(OCCC2CCN(Cc3ccc(-c4ccc5ccccc5c4)cc3)CC2)c2ccccc2)cc1,6.07
ZINC000013579459,CCNC(=O)OC[C@H]1CN(C)CC[C@@H]1c1ccc(Cl)cc1,6.07
ZINC000022938554,Oc1cccc(CCCNC[C@@H]2CCCN2CCOC(c2ccccc2)c2ccccc2)c1,6.07
ZINC000022938573,c1ccc(C(OCCN2CCN(CCCc3cccs3)CC2)c2ccccc2)cc1,6.07
ZINC000022938655,c1ccc(C(OCCN2CCN(Cc3ccc4ncccc4c3)CC2)c2ccccc2)cc1,6.07
ZINC000022940931,Fc1ccc(C(OCCN2CC[C@H]3CC[C@@H](C2)N3CCCc2ccccc2)c2ccc(F)cc2)cc1,6.07
ZINC000029406879,CO/N=C1/CN2CC[C@H](c3ccc(Cl)cc3)[C@H]1C2,6.07
ZINC000045245679,CCC[C@H](NC(C)(C)C)C(=O)c1ccc(Cl)c(Cl)c1,6.07
ZINC000045245680,CCC[C@@H](NC(C)(C)C)C(=O)c1ccc(Cl)c(Cl)c1,6.07
ZINC000049089019,O=C1N[C@]2(CCc3ccccc32)C(=O)N1CCCN1CCN(c2cccc(Cl)c2)CC1,6.07
ZINC000049089020,O=C1N[C@@]2(CCc3ccccc32)C(=O)N1CCCN1CCN(c2cccc(Cl)c2)CC1,6.07
ZINC000058538117,CCCn1c(-c2ccccc2)cc(C(=O)NCCCN2CCN(c3cc(F)ccc3F)CC2)c1C,6.07
ZINC000058568469,Cc1[nH]c(C(C)(C)C)cc1C(=O)NCCCN1CCN(c2cccc(Cl)c2Cl)CC1,6.07
ZINC000066075943,NCC1(c2ccc(-c3ccccc3)cc2)CCCCC1,6.07
ZINC000095605870,CN1CCCC[C@](COCc2cc(C(F)(F)F)cc(C(F)(F)F)c2)(c2ccccc2)C1,6.07
ZINC000100741834,CC(=O)[C@H]1[C@@H](c2ccc(F)cc2)C[C@H]2CC[C@H]1N2C,6.07
ZINC000100741835,CC(=O)[C@@H]1[C@@H](c2ccc(F)cc2)C[C@H]2CC[C@H]1N2C,6.07
ZINC000100807619,c1ccc(CN[C@@H]2CC[C@@H](c3c[nH]c4ccccc34)CC2)cc1,6.07
ZINC000101221951,COc1ccc([C@H]2C[C@H]3CC[C@H]([C@H]2c2cc(-c4ccc(C)cc4)no2)N3C)cc1,6.07
ZINC000103228722,c1ccc(CCN[C@H]2CO[C@H](C(c3ccccc3)c3ccccc3)C2)cc1,6.07
ZINC000150543638,CN1[C@H]2CC[C@H]1[C@@H](C(=O)NCc1cccc(CNC(=O)[C@@H]3[C@@H](c4ccc(-c5ccsc5)cc4)C[C@@H]4CC[C@H]3N4C)c1)[C@@H](c1ccc(-c3ccsc3)cc1)C2,6.07
ZINC000166425578,CC(=O)[C@@H]1[C@H](c2ccc(F)cc2)C[C@H]2CC[C@H]1N2C,6.07
ZINC000253632587,COC(=O)[C@H]1[C@H]2C[C@H]3CC[C@H]1N3C/C2=C\c1ccc2ccc3cccc4ccc1c2c34,6.07
ZINC000253632588,COC(=O)[C@@H]1[C@H]2C[C@H]3CC[C@H]1N3C/C2=C\c1ccc2ccc3cccc4ccc1c2c34,6.07
ZINC000253636804,CC(=O)[C@H]1[C@H](c2ccc(F)cc2)C[C@H]2CC[C@H]1N2C,6.07
ZINC000000000911,CCn1cc(C(=O)O)c(=O)c2ccc(Cc3ccccc3)nc21,6.06
ZINC000013489689,N#Cc1ccc(CN[C@@H]2CC[C@H](C(c3ccccc3)c3ccccc3)OC2)cc1,6.06
ZINC000013761412,CN(CCc1ccc2c(c1)OCO2)C[C@@H]1CC[C@@H]2CCOc3cccc1c32,6.06
ZINC000022939423,Oc1ccc(CCCN2CCN(CCOC(c3ccccc3)c3ccccc3)CC2)cc1,6.06
ZINC000028645906,COc1ccc2ccccc2c1CCCCN1CCN(C[C@H](c2ccc(F)cc2)C2CCN(C(C)C)CC2)CC1,6.06
ZINC000028645909,COc1ccc2ccccc2c1CCCCN1CCN(C[C@@H](c2ccc(F)cc2)C2CCN(C(C)C)CC2)CC1,6.06
ZINC000029234885,O[C@@]1(c2ccccc2)CN2CCC[C@H]2c2ccccc21,6.06
ZINC000029337058,N#Cc1ccc(CN[C@@H]2CC[C@@H](C(c3ccccc3)c3ccccc3)OC2)cc1,6.06
ZINC000029337062,N#Cc1ccc(CN[C@H]2CC[C@@H](C(c3ccccc3)c3ccccc3)OC2)cc1,6.06
ZINC000029337066,N#Cc1ccc(CN[C@H]2CC[C@H](C(c3ccccc3)c3ccccc3)OC2)cc1,6.06
ZINC000035090566,CC(C)C[C@@H](c1cccc(Cl)c1)[C@@H]1CCCCN1,6.06
ZINC000035090568,CC(C)C[C@H](c1cccc(Cl)c1)[C@@H]1CCCCN1,6.06
ZINC000035090570,CC(C)C[C@@H](c1cccc(Cl)c1)[C@H]1CCCCN1,6.06
ZINC000035090572,CC(C)C[C@H](c1cccc(Cl)c1)[C@H]1CCCCN1,6.06
ZINC000038322607,Oc1ccc(CN[C@@H]2CC[C@H](C(c3ccccc3)c3ccccc3)NC2)cc1,6.06
ZINC000040866672,C[C@]1(c2ccc3[nH]ccc3c2)CCNC1,6.06
ZINC000040866674,C[C@@]1(c2ccc3[nH]ccc3c2)CCNC1,6.06
ZINC000040892256,Cc1ccc([C@H]2C[C@H]3CC[C@@H]([C@H]2c2onc(C)c2-c2ccc(Cl)cc2)N3C)cc1,6.06
ZINC000045299278,CNC[C@@H](O)[C@H](c1cccc(F)c1)n1ccc2ccc(Cl)cc21,6.06
ZINC000049013985,CSc1ccc(C[C@H](C)NCCO)cc1,6.06
ZINC000049013988,CSc1ccc(C[C@@H](C)NCCO)cc1,6.06
ZINC000049113808,CC[C@@H](Cc1ccc(SC)cc1)NC1CC1,6.06
ZINC000049113811,CC[C@H](Cc1ccc(SC)cc1)NC1CC1,6.06
ZINC000064527595,CSc1nc(C)cc(C(=O)NCCN2CCN(c3cccc(Cl)c3Cl)CC2)n1,6.06
ZINC000100825148,COC(=O)C1=C(c2ccc(Cl)c(Cl)c2)C[C@H]2CC[C@H]1N2C,6.06
ZINC000101387152,Clc1ccccc1O[C@H]1C[C@@H]2CC[C@H](C1)N2,6.06
ZINC000101501234,COC(=O)C1=C(c2cccc(-c3cccn3C)c2)C[C@H]2CC[C@H]1O2,6.06
ZINC000299855794,Cc1ccccc1-c1c(=O)n(CCCCN2CC=C(c3c[nH]c4ccc(Br)cc34)CC2)c(=O)n2ccccc12,6.06
ZINC000000001780,C1=C(CC2=NCCN2)CCc2ccccc21,6.05
ZINC000001845252,CN(C)C1CC(c2ccccc2)(c2ccccc2)C1,6.05
ZINC000006845963,CCCCCCCCCCCCCCCC[n+]1ccccc1,6.05
ZINC000013579454,CC(=O)OC[C@H]1CN(C)CC[C@@H]1c1ccc(Cl)cc1,6.05
ZINC000013746584,Cc1ccc(C(OCCC2CCN(CCc3ccccc3)CC2)c2ccc(C)cc2)cc1,6.05
ZINC000013803908,Fc1ccc(CCNC[C@@H]2CCCN(CCOC(c3ccccc3)c3ccccc3)C2)cc1,6.05
ZINC000013803911,Fc1ccc(CCNC[C@H]2CCCN(CCOC(c3ccccc3)c3ccccc3)C2)cc1,6.05
ZINC000013805069,Cc1nc(-c2ccc(-c3ccc(C(=O)Nc4ccc(OCCF)c(N5CCN(C)CC5)c4)cc3)c(C)c2)no1,6.05
ZINC000022927024,CCCN1CCN(CCOC(c2ccc(F)cc2)c2ccc(F)cc2)CC1,6.05
ZINC000029319559,CN(C)C/C=C(\c1cccnc1)c1cccc(Br)c1,6.05
ZINC000034658076,CNC[C@@H](O)[C@H](c1cccc(OC)c1)n1ccc2ccccc21,6.05
ZINC000035090436,Clc1ccc([C@@H](CC2CCCCC2)[C@@H]2CCCCN2)cc1,6.05
ZINC000035090438,Clc1ccc([C@H](CC2CCCCC2)[C@@H]2CCCCN2)cc1,6.05
ZINC000035090440,Clc1ccc([C@@H](CC2CCCCC2)[C@H]2CCCCN2)cc1,6.05
ZINC000035090442,Clc1ccc([C@H](CC2CCCCC2)[C@H]2CCCCN2)cc1,6.05
ZINC000040379319,CNC[C@@H]1OCc2ccccc2[C@@H]1Oc1ccccc1C,6.05
ZINC000064527440,COc1c(C)nc(C)nc1C(=O)NCCCN1CCN(c2cccc(C)c2C)CC1,6.05
ZINC000066101062,Cc1ccccc1-c1c2n(c(=O)n(CCCCN3CCC(c4c(C)[nH]c5ccccc45)CC3)c1=O)CCCC2,6.05
ZINC000066165813,CN(C)CC1(c2ccc(Cl)c(Cl)c2)CCC1,6.05
ZINC000071317161,c1ccc(C(c2ccccc2)[C@@H]2CC[C@H](NCc3ccncc3)CO2)cc1,6.05
ZINC000103246745,O=C(C[S@](=O)C(c1ccc(Br)cc1)c1ccc(Br)cc1)NCCCc1ccccc1,6.05
ZINC000103246747,O=C(C[S@@](=O)C(c1ccc(Br)cc1)c1ccc(Br)cc1)NCCCc1ccccc1,6.05
ZINC000103252139,O=C(Nc1ccc(C[C@@H]2CC[C@H]([C@H](O)c3cccnc3)N2)cc1)[C@@H]1CCc2ccnn21,6.05
ZINC000001682973,c1ccc(C[C@H](c2ccccc2)c2ccncc2)cc1,6.04
ZINC000008617780,c1ccc(C[C@@H](c2ccccc2)c2ccncc2)cc1,6.04
ZINC000013493979,Fc1ccc(CN2CCC(CCOC(c3ccccc3)c3ccccc3)CC2)cc1,6.04
ZINC000013676207,Cc1ccc([C@@H]2[C@H](c3ccc(C)cc3)C[C@@H]3CC[C@H]2N3C)cc1,6.04
ZINC000013731827,Cc1ccc2[nH]cc(C3=CCN(C)CC3)c2c1,6.04
ZINC000022927510,O[C@@H]1CCC[C@@H]1CN1CCN(CCOC(c2ccc(F)cc2)c2ccc(F)cc2)CC1,6.04
ZINC000022927515,O[C@H]1CCC[C@@H]1CN1CCN(CCOC(c2ccc(F)cc2)c2ccc(F)cc2)CC1,6.04
ZINC000022927518,O[C@@H]1CCC[C@H]1CN1CCN(CCOC(c2ccc(F)cc2)c2ccc(F)cc2)CC1,6.04
ZINC000022927522,O[C@H]1CCC[C@H]1CN1CCN(CCOC(c2ccc(F)cc2)c2ccc(F)cc2)CC1,6.04
ZINC000022927602,O[C@@H](CCN1CCN(CCOC(c2ccccc2)c2ccccc2)CC1)c1cccc(F)c1,6.04
ZINC000022927606,O[C@H](CCN1CCN(CCOC(c2ccccc2)c2ccccc2)CC1)c1cccc(F)c1,6.04
ZINC000022938666,c1ccc(C(OCCN2CCN(Cc3ccc4ccccc4c3)CC2)c2ccccc2)cc1,6.04
ZINC000026499173,Cc1ccc([C@@H]2C[C@H]3CC[C@@H]([C@H]2C(=O)OC(C)C)N3C)cc1,6.04
ZINC000029475685,Cc1ccc([C@@H]2C[C@H]3CC[C@@H]([C@@H]2C(=O)OC(C)C)N3C)cc1,6.04
ZINC000034619312,CNC[C@H](O)[C@H](c1ccccc1)n1ccc2ccccc21,6.04
ZINC000040394510,Cc1noc([C@H]2[C@@H](c3ccc(Cl)cc3)C[C@@H]3CC[C@H]2N3C)c1-c1ccc(F)cc1,6.04
ZINC000049114249,O=C1N[C@]2(CCCc3ccccc32)C(=O)N1CCCN1CCN(c2cccc(Cl)c2)CC1,6.04
ZINC000049114252,O=C1N[C@@]2(CCCc3ccccc32)C(=O)N1CCCN1CCN(c2cccc(Cl)c2)CC1,6.04
ZINC000058569373,Cc1cccc(N2CCN(CCNC(=O)c3cc(C(C)(C)C)n(C)c3C)CC2)c1C,6.04
ZINC000073198515,O=C1CCCC(=O)N1CCCCN1CCN(c2ccc3cc([N+](=O)[O-])ccc3n2)CC1,6.04
ZINC000101387214,Fc1cc(O[C@H]2C[C@@H]3CC[C@H](C2)N3)cc(-c2ccccc2)c1,6.04
ZINC000253664516,COC(=O)[C@H]1[C@H]2CC[C@H]3CC[C@H]1N(C/C2=C\c1ccc(-c2ccc(C#N)cc2)cc1)C3,6.04
ZINC000253664518,COC(=O)[C@@H]1[C@H]2CC[C@H]3CC[C@H]1N(C/C2=C\c1ccc(-c2ccc(C#N)cc2)cc1)C3,6.04
ZINC000261089823,CN1[C@H]2CC[C@H]1[C@@H](CO)[C@@H](OC(c1ccc(F)cc1)c1ccc(F)cc1)C2,6.04
ZINC000261134016,COC(=O)[C@H]1[C@H]2C[C@H]3CC[C@H]1N3C/C2=C\C#Cc1ccc(C)c(F)c1,6.04
ZINC000261134019,COC(=O)[C@@H]1[C@H]2C[C@H]3CC[C@H]1N3C/C2=C\C#Cc1ccc(C)c(F)c1,6.04
ZINC000299822268,C1=C(Cc2ccccc2)CCN(CC[C@H](c2csc3ccccc23)N2CCCCC2)C1,6.04
ZINC000299822271,C1=C(Cc2ccccc2)CCN(CC[C@@H](c2csc3ccccc23)N2CCCCC2)C1,6.04
ZINC000013472260,COC(=O)c1ccc(CN2CCC(CCOC(c3ccccc3)c3ccccc3)CC2)cc1,6.03
ZINC000013584879,CN1CC[C@H](c2ccc(Cl)cc2)[C@@H](C[S@](=O)CC(=O)N(C)C)C1,6.03
ZINC000013584880,CN1CC[C@H](c2ccc(Cl)cc2)[C@@H](C[S@@](=O)CC(=O)N(C)C)C1,6.03
ZINC000013677464,COC(=O)[C@@H]1CN(C)CC[C@H]1c1ccc(Cl)cc1,6.03
ZINC000013760768,c1ccc([C@H](OCCC2CCN(Cc3cccnc3)CC2)c2cccs2)cc1,6.03
ZINC000013760769,c1ccc([C@@H](OCCC2CCN(Cc3cccnc3)CC2)c2cccs2)cc1,6.03
ZINC000028461504,CN1CC[C@H](c2ccc(Cl)cc2)[C@H](C[S@](=O)CC(=O)N(C)C)C1,6.03
ZINC000028461506,CN1CC[C@H](c2ccc(Cl)cc2)[C@H](C[S@@](=O)CC(=O)N(C)C)C1,6.03
ZINC000029128567,COc1cccc([C@@]2(OC)CCCC[C@@H]2CN(C)C)c1,6.03
ZINC000036271034,Fc1ccc(OCCN2[C@H]3CC[C@@H]2C[C@@H](c2ccc(F)cc2)[C@H]3c2ccc(F)cc2)cc1,6.03
ZINC000045318168,Cc1[nH]c2ccccc2c1C1CCN(CCCCn2c(=O)c(-c3ccccc3F)c3n(c2=O)CCCC3)CC1,6.03
ZINC000071317923,O[C@@H](CN[C@H]1CC[C@@H](C(c2ccccc2)c2ccccc2)OC1)c1ccccc1,6.03
ZINC000096900218,Fc1ccc(OCCN2[C@H]3CC[C@@H]2C[C@@H](c2ccc(F)cc2)[C@@H]3c2ccc(F)cc2)cc1,6.03
ZINC000103246757,c1ccc(CCCNCCSC(c2ccccc2)c2ccccc2)cc1,6.03
ZINC000013682102,CCC[C@H](C(=O)c1ccc(C(F)(F)F)cc1)N1CCCC1,6.02
ZINC000013682104,CCC[C@@H](C(=O)c1ccc(C(F)(F)F)cc1)N1CCCC1,6.02
ZINC000013861756,COc1ccccc1N1CCN(CC/C(=N\O)c2ccsc2)CC1,6.02
ZINC000013862282,C[C@@H](NCCC1CCN(Cc2ccc(F)cc2)CC1)c1ccccc1,6.02
ZINC000013862283,C[C@H](NCCC1CCN(Cc2ccc(F)cc2)CC1)c1ccccc1,6.02
ZINC000028645913,CC(C)N1CCC([C@@H](CN2CCN(CCCc3ccccc3-c3ccccc3)CC2)c2ccc(F)cc2)CC1,6.02
ZINC000028645916,CC(C)N1CCC([C@H](CN2CCN(CCCc3ccccc3-c3ccccc3)CC2)c2ccc(F)cc2)CC1,6.02
ZINC000035090506,COc1ccc([C@H](CC(C)C)[C@@H]2CCCCN2)cc1,6.02
ZINC000035090508,COc1ccc([C@@H](CC(C)C)[C@@H]2CCCCN2)cc1,6.02
ZINC000035090510,COc1ccc([C@H](CC(C)C)[C@H]2CCCCN2)cc1,6.02
ZINC000035090512,COc1ccc([C@@H](CC(C)C)[C@H]2CCCCN2)cc1,6.02
ZINC000040424383,CNC[C@H]1OCc2ccccc2[C@@H]1Oc1ccccc1C,6.02
ZINC000049000017,CCN[C@@H](C)Cc1ccc(SC)cc1,6.02
ZINC000049000019,CCN[C@H](C)Cc1ccc(SC)cc1,6.02
ZINC000096929914,O=C1NC[C@@H](c2ccc(Cl)c(Cl)c2)[C@H]1c1ccc2ccccc2c1,6.02
ZINC000096929915,O=C1NC[C@@H](c2ccc(Cl)c(Cl)c2)[C@@H]1c1ccc2ccccc2c1,6.02
ZINC000096929916,O=C1NC[C@H](c2ccc(Cl)c(Cl)c2)[C@H]1c1ccc2ccccc2c1,6.02
ZINC000096929917,O=C1NC[C@H](c2ccc(Cl)c(Cl)c2)[C@@H]1c1ccc2ccccc2c1,6.02
ZINC000100791856,COC(=O)[C@H]1[C@@H](c2ccc(I)cc2)C[C@H]2CC[C@H]1N2C/C=C/I,6.02
ZINC000195349092,COC(=O)[C@H]1[C@H](c2ccc(I)cc2)C[C@H]2CC[C@H]1N2C/C=C/I,6.02
ZINC000261177011,O=C(OC[C@@H]1[C@H]2CC[C@H]3CC[C@H]1N(C/C2=C\c1ccc(-c2ccc(Cl)c(Cl)c2)c(Cl)c1)C3)c1ccccc1,6.02
ZINC000261177012,O=C(OC[C@H]1[C@H]2CC[C@H]3CC[C@H]1N(C/C2=C\c1ccc(-c2ccc(Cl)c(Cl)c2)c(Cl)c1)C3)c1ccccc1,6.02
ZINC000299855894,Cc1ccc(-c2c(=O)n(CCCCN3CC=C(c4c[nH]c5ccc(Br)cc45)CC3)c(=O)n3ccccc23)cc1,6.02
ZINC000000595350,O=C1[C@H]2CCCN2C(=O)CN1CN1CCN(c2cccc3ccccc23)CC1,6.01
ZINC000003942600,Cc1c(C(=O)c2ccc(Cl)cc2)c2ccc(OC(F)(F)F)cc2n1Cc1cccc(O[C@H](C)C(=O)O)c1,6.01
ZINC000013472271,Oc1cccc(CN2CCC(CCOC(c3ccccc3)c3ccccc3)CC2)c1,6.01
ZINC000013494214,Brc1ccc(CN2CCC(CCOC(c3ccccc3)c3ccccc3)CC2)cc1,6.01
ZINC000019365795,COc1cccc(CCN2CCN(CCCc3ccccc3)CC2)c1,6.01
ZINC000022792413,C[C@H](O)CN1CCN(CCOC(c2ccc(F)cc2)c2ccc(F)cc2)CC1,6.01
ZINC000022927458,O=C1CCC[C@H]1CN1CCN(CCOC(c2ccc(F)cc2)c2ccc(F)cc2)CC1,6.01
ZINC000022927462,O=C1CCC[C@@H]1CN1CCN(CCOC(c2ccc(F)cc2)c2ccc(F)cc2)CC1,6.01
ZINC000022938539,c1ccc(CCCNC[C@@H]2CCCN2CCOC(c2ccccc2)c2ccccc2)cc1,6.01
ZINC000028475410,O=C1[C@@H]2CCCN2C(=O)CN1CN1CCN(c2cccc3ccccc23)CC1,6.01
ZINC000035020085,C[C@@H](C(=O)c1cccc(Cl)c1)N1CCCCC1,6.01
ZINC000035020086,C[C@H](C(=O)c1cccc(Cl)c1)N1CCCCC1,6.01
ZINC000049088055,COc1ccccc1N1CCN(CCCN2C(=O)N[C@]3(CCCc4ccccc43)C2=O)CC1,6.01
ZINC000049088056,COc1ccccc1N1CCN(CCCN2C(=O)N[C@@]3(CCCc4ccccc43)C2=O)CC1,6.01
ZINC000066100378,CN(C)C[C@H]1Cc2ccccc2[C@H](c2ccc(Cl)c(Cl)c2)C1,6.01
ZINC000066101916,CN[C@@H]1Cc2ccccc2N(c2ccc(Cl)c(Cl)c2)C1,6.01
ZINC000095605044,O=C1C[C@](COCc2cc(C(F)(F)F)cc(C(F)(F)F)c2)(c2ccccc2)CCN1,6.01
ZINC000095605045,O=C1C[C@@](COCc2cc(C(F)(F)F)cc(C(F)(F)F)c2)(c2ccccc2)CCN1,6.01
ZINC000103250853,FC(F)(F)c1cc(COCC2(c3ccccc3)CCC(N3CCCCC3)CC2)cc(C(F)(F)F)c1,6.01
ZINC000000003911,C[C@H](CCc1ccc(O)cc1)NCCc1ccc(O)c(O)c1,6.0
ZINC000000057278,C[C@@H](CCc1ccc(O)cc1)NCCc1ccc(O)c(O)c1,6.0
ZINC000000598509,COc1ccc(NC(=O)c2ccc(-c3ccc(-c4noc(C)n4)cc3C)cc2)cc1N1CCN(C)CC1,6.0
ZINC000002026483,COc1ccc2[nH]cc(CC3CCNCC3)c2c1,6.0
ZINC000013676203,Cc1ccc([C@@H]2[C@H](c3ccccc3)C[C@@H]3CC[C@H]2N3C)cc1,6.0
ZINC000013861792,COc1ccccc1N1CCN(CCC(=O)c2ccc3ccccc3c2)CC1,6.0
ZINC000022445263,CC(=O)N(C)c1cccc(CN2CCN(CCOc3cccc4nc(C)ccc34)CC2)c1,6.0
ZINC000022926785,CC(C)(C)c1cc(COC[C@H](c2ccccc2)N2CCNCC2)cc(C(C)(C)C)c1,6.0
ZINC000022926789,CC(C)(C)c1cc(COC[C@@H](c2ccccc2)N2CCNCC2)cc(C(C)(C)C)c1,6.0
ZINC000028643648,COC(=O)[C@@H]1[C@H]2CC[C@@H](C[C@H]1c1ccc(Cl)cc1)S2,6.0
ZINC000028643970,COC(=O)[C@@H]1[C@H]2CC[C@@H](C[C@H]1c1ccc(F)c(F)c1)S2,6.0
ZINC000028757470,c1ccc(-n2cc(CCC3CCNCC3)c3ccccc32)cc1,6.0
ZINC000029319688,CN(C)C/C=C(/c1ccc(I)cc1)c1cccnc1,6.0
ZINC000036270771,Cc1ccc([C@@H]2C[C@H]3CC[C@@H]([C@@H]2CO[C@@H](c2ccccc2)c2ccc(Cl)cc2)N3C)cc1,6.0
ZINC000036270773,Cc1ccc([C@H]2C[C@H]3CC[C@@H]([C@@H]2CO[C@@H](c2ccccc2)c2ccc(Cl)cc2)N3C)cc1,6.0
ZINC000036270826,Cc1ccc([C@H]2C[C@H]3CC[C@@H]([C@@H]2c2ccccc2)N3C)cc1,6.0
ZINC000040891828,Cc1ccc(-c2c(C)noc2[C@H]2[C@@H](c3ccc(C)cc3)C[C@@H]3CC[C@H]2N3C)cc1,6.0
ZINC000040972359,Cc1ccc2c(OCCN3CCC(Cc4cccc(N(C)S(C)(=O)=O)c4)CC3)cccc2n1,6.0
ZINC000045290209,CNC[C@@H](O)[C@H](c1cccc(F)c1)n1ccc2ccc(Br)cc21,6.0
ZINC000049088461,O=C1N[C@]2(CCCc3ccccc32)C(=O)N1CCCN1CCN(c2ccccc2)CC1,6.0
ZINC000049088462,O=C1N[C@@]2(CCCc3ccccc32)C(=O)N1CCCN1CCN(c2ccccc2)CC1,6.0
ZINC000058575294,Cc1ccc([C@H]2C[C@H]3CC[C@@H]([C@@H]2CO[C@H](c2ccccc2)c2ccc(Cl)cc2)N3C)cc1,6.0
ZINC000072120619,O=S1(=O)N(CC[C@@H]2CNCCO2)c2c(F)cccc2N1c1ccccc1F,6.0
ZINC000072120620,O=S1(=O)N(CC[C@H]2CNCCO2)c2c(F)cccc2N1c1ccccc1F,6.0
ZINC000100741855,CCC(=O)[C@H]1[C@@H](c2ccccc2)C[C@H]2CC[C@H]1N2C,6.0
ZINC000100741859,CCC(=O)[C@@H]1[C@@H](c2ccccc2)C[C@H]2CC[C@H]1N2C,6.0
ZINC000100840838,COC(=O)[C@H]1[C@H]2[C@@H](O)C[C@H](C[C@H]1c1ccc(Cl)c(Cl)c1)N2C,6.0
ZINC000100947961,OC1(c2ccc(Cl)cc2)[C@H]2CC[C@H]1CN(Cc1ccccc1)C2,6.0
ZINC000137909689,COC(=O)[C@@H]1[C@H]2[C@@H](O)C[C@H](C[C@H]1c1ccc(Cl)c(Cl)c1)N2C,6.0
ZINC000204292890,COC(=O)[C@H]1[C@@H](c2ccc(Cl)c(Cl)c2)C[C@H]2C[C@H](O)[C@H]1N2C,6.0
ZINC000253634202,CCC(=O)[C@H]1[C@H](c2ccccc2)C[C@H]2CC[C@H]1N2C,6.0
ZINC000253634204,CCC(=O)[C@@H]1[C@H](c2ccccc2)C[C@H]2CC[C@H]1N2C,6.0
ZINC000253635155,COC(=O)[C@@H]1[C@H]2CC[C@H]3CC[C@H]1N(C/C2=C\c1ccc(-c2ccc(N(C)C)cc2)cc1)C3,6.0
ZINC000253635158,COC(=O)[C@H]1[C@H]2CC[C@H]3CC[C@H]1N(C/C2=C\c1ccc(-c2ccc(N(C)C)cc2)cc1)C3,6.0
ZINC000253635726,COC(=O)[C@@H]1[C@@H](c2ccc(Cl)c(Cl)c2)C[C@H]2C[C@H](O)[C@H]1N2C,6.0
ZINC000253637992,OC[C@H]1[C@H]2C[C@H]3CC[C@H]1N3C/C2=C\c1cccs1,6.0
ZINC000253637993,OC[C@@H]1[C@H]2C[C@H]3CC[C@H]1N3C/C2=C\c1cccs1,6.0
ZINC000261113532,O=C(CCC(=O)OC[C@H]1[C@@H](c2ccc(Cl)c(Cl)c2)C[C@@H]2CC[C@H]1S2)OC[C@H]1[C@@H](c2ccc(Cl)c(Cl)c2)C[C@@H]2CC[C@H]1O2,6.0
ZINC000261187624,COC(=O)[C@@H]1[C@@H]2CC[C@H]3C[C@H]1/C(=C/c1ccc(/C=C4\CN5[C@@H]6CC[C@@H]5[C@@H](C(=O)OC)[C@H]4C6)cc1)CN32,6.0
ZINC000261187625,COC(=O)[C@@H]1[C@@H]2CC[C@H]3C[C@H]1/C(=C/c1ccc(/C=C4\CN5[C@@H]6CC[C@@H]5[C@H](C(=O)OC)[C@H]4C6)cc1)CN32,6.0
ZINC000261187626,COC(=O)[C@H]1[C@@H]2CC[C@H]3C[C@H]1/C(=C/c1ccc(/C=C4\CN5[C@@H]6CC[C@@H]5[C@H](C(=O)OC)[C@H]4C6)cc1)CN32,6.0
ZINC000299806196,Cc1ccc([C@@H]2C[C@H]3CC[C@@H]([C@@H]2CO[C@H](c2ccccc2)c2ccc(Cl)cc2)N3C)cc1,6.0
ZINC000299854693,O=c1c(-c2ccc(Cl)cc2)c2ccccn2c(=O)n1CCCCN1CC=C(c2c[nH]c3ccc(Br)cc23)CC1,6.0
ZINC000013472268,C=C(C)c1ccc(CN2CCC(CCOC(c3ccccc3)c3ccccc3)CC2)cc1,5.99
ZINC000013491098,COc1ccc2c(c1)[C@](O)(c1ccc(Cl)cc1)N1CCN=C21,5.99
ZINC000013491099,COc1ccc2c(c1)[C@@](O)(c1ccc(Cl)cc1)N1CCN=C21,5.99
ZINC000026966783,CN1CCC(C#N)(c2cccc3ccccc23)CC1,5.99
ZINC000064512373,CSc1nc(C)cc(C(=O)NCCN2CCN(c3cccc(C)c3C)CC2)n1,5.99
ZINC000072114521,O=S1(=O)N(CC[C@H]2CNCCO2)c2ccccc2N1c1ccccc1,5.99
ZINC000077328338,COc1cccc(C(=O)[C@H](C)NC2CC2)c1,5.99
ZINC000077328340,COc1cccc(C(=O)[C@@H](C)NC2CC2)c1,5.99
ZINC000013472266,C#Cc1ccc(CN2CCC(CCOC(c3ccccc3)c3ccccc3)CC2)cc1,5.98
ZINC000013606125,COC(=O)[C@H]1[C@@H](OC(=O)c2ccc(I)cc2)C[C@@H]2CC[C@H]1N2C,5.98
ZINC000022927618,O=C1c2ccccc2CC[C@@H]1CN1CCN(CCOC(c2ccccc2)c2ccccc2)CC1,5.98
ZINC000022927622,O=C1c2ccccc2CC[C@H]1CN1CCN(CCOC(c2ccccc2)c2ccccc2)CC1,5.98
ZINC000026276700,COc1ccc(CN[C@@H]2CC[C@@H](C(c3ccccc3)c3ccccc3)NC2)cc1,5.98
ZINC000026276708,COc1ccc(CN[C@H]2CC[C@H](C(c3ccccc3)c3ccccc3)NC2)cc1,5.98
ZINC000029128677,CNC[C@@H]1CCCC[C@@]1(OC)c1cccc(O)c1,5.98
ZINC000029322108,CN[C@@H]1CC[C@@H](c2ccc(Cl)cc2Cl)c2ccccc21,5.98
ZINC000038322610,COc1ccc(CN[C@@H]2CC[C@H](C(c3ccccc3)c3ccccc3)NC2)cc1,5.98
ZINC000038322611,COc1ccc(CN[C@H]2CC[C@@H](C(c3ccccc3)c3ccccc3)NC2)cc1,5.98
ZINC000040421929,CCC(=O)O[C@@H](Cc1ccccc1)CN1CCN(CCCN(c2ccc(F)cc2)c2ccc(F)cc2)CC1,5.98
ZINC000040836371,NC[C@H]1C[C@@H]1c1ccc(F)cc1Cl,5.98
ZINC000100854127,CC(=O)OC[C@@H]1[C@@H]2C[C@H]3CC[C@H]1N3C/C2=C\c1ccccc1,5.98
ZINC000013472264,COc1cccc(CN2CCC(CCOC(c3ccccc3)c3ccccc3)CC2)c1,5.97
ZINC000013584894,Cc1noc(C[S@@](=O)C[C@H]2CN(C)CC[C@@H]2c2ccc(Cl)cc2)n1,5.97
ZINC000013648095,CN(C)CCN(C(=O)Nc1ccc(F)c(Cl)c1)c1ccc(-c2cccc(C#N)c2)cc1,5.97
ZINC000013682057,CCC[C@H](C(=O)c1cccc(I)c1)N1CCCC1,5.97
ZINC000013682060,CCC[C@@H](C(=O)c1cccc(I)c1)N1CCCC1,5.97
ZINC000026659808,Cc1ccc([C@@H]2C[C@H]3CC[C@@H]([C@H]2c2nc(-c4ccccc4)no2)N3C)cc1,5.97
ZINC000029483662,COC(=O)[C@H](c1ccc(Cl)cc1)[C@H]1CCCN1,5.97
ZINC000034891961,COC(=O)CC[C@H]1[C@@H](OC(c2ccc(F)cc2)c2ccc(F)cc2)C[C@@H]2CC[C@H]1N2C,5.97
ZINC000036270952,Cc1ccc([C@H]2C[C@H]3CC[C@@H]([C@H]2c2nc(-c4ccccc4)no2)N3C)cc1,5.97
ZINC000036270972,Cc1ccc([C@H]2C[C@H]3CC[C@@H]([C@@H]2c2nc(-c4ccccc4)no2)N3C)cc1,5.97
ZINC000036271110,Cc1ccc([C@@H]2C[C@H]3CC[C@@H]([C@@H]2C(=O)OC2CC2)N3C)cc1,5.97
ZINC000036271111,Cc1ccc([C@H]2C[C@H]3CC[C@@H]([C@@H]2C(=O)OC2CC2)N3C)cc1,5.97
ZINC000036271509,Cc1noc(C[S@@](=O)C[C@@H]2CN(C)CC[C@@H]2c2ccc(Cl)cc2)n1,5.97
ZINC000036271661,COC(=O)[C@H]1[C@@H](c2ccc(-c3ccc(N)cc3)cc2)C[C@@H]2CC[C@H]1N2C,5.97
ZINC000045365956,CC(C)C(=O)O[C@@H](C[C@@H]1CCC[C@H](CC(=O)c2ccccc2)N1C)c1ccccc1,5.97
ZINC000058669235,Cc1noc(C[S@@](=O)C[C@H]2CN(C)CC[C@H]2c2ccc(Cl)cc2)n1,5.97
ZINC000066098306,CNCC1(c2cccc3ccccc23)CCCCC1,5.97
ZINC000077297536,Cc1cccc(C(=O)[C@@H](C)NC2CC2)c1,5.97
ZINC000077297537,Cc1cccc(C(=O)[C@H](C)NC2CC2)c1,5.97
ZINC000100728151,CN(C)C(=O)[C@@H]1[C@H](c2ccc(Cl)cc2)C[C@H]2CC[C@H]1N2C,5.97
ZINC000100793306,COC(=O)[C@H]1[C@@H](c2ccc(F)cc2)C[C@H]2CC[C@H]1N2Cc1ccccc1,5.97
ZINC000100793310,COC(=O)[C@@H]1[C@@H](c2ccc(F)cc2)C[C@H]2CC[C@H]1N2Cc1ccccc1,5.97
ZINC000170075423,COc1ccc([C@H](CN(C)C)[Si]2(O)CCCCC2)cc1,5.97
ZINC000202980009,Cc1ccc([C@H]2C[C@H]3CC[C@@H]([C@H]2C(=O)OC2CC2)N3C)cc1,5.97
ZINC000253638856,CN(C)C(=O)[C@H]1[C@H](c2ccc(Cl)cc2)C[C@H]2CC[C@H]1N2C,5.97
ZINC000253694046,COC(=O)[C@H]1[C@H](c2ccc(F)cc2)C[C@H]2CC[C@H]1N2Cc1ccccc1,5.97
ZINC000253694055,COC(=O)[C@@H]1[C@H](c2ccc(F)cc2)C[C@H]2CC[C@H]1N2Cc1ccccc1,5.97
ZINC000253695324,Cc1noc(C[S@](=O)C[C@@H]2CN(C)CC[C@H]2c2ccc(Cl)cc2)n1,5.97
ZINC000253740395,COC(=O)[C@@H]1[C@H]2C[C@H]3CC[C@H]1N3C/C2=C\c1ccc(-c2ccc(SC)cc2)cc1,5.97
ZINC000253740403,COC(=O)[C@H]1[C@H]2C[C@H]3CC[C@H]1N3C/C2=C\c1ccc(-c2ccc(SC)cc2)cc1,5.97
ZINC000261132121,Cc1ccc([C@@H]2C[C@H]3CC[C@@H]([C@H]2C(=O)OC2CC2)N3C)cc1,5.97
ZINC000000000504,CN1CCN2c3ccccc3Cc3ccccc3[C@@H]2C1,5.96
ZINC000000000855,CN1CCN2c3ccccc3Cc3ccccc3[C@H]2C1,5.96
ZINC000000004759,CC(C)C[C@@H](N(C)C)C1(c2ccc(Cl)cc2)CCC1,5.96
ZINC000000531272,CC(C)C[C@H](N(C)C)C1(c2ccc(Cl)cc2)CCC1,5.96
ZINC000001660914,Nc1c2c(nc3ccccc13)CCCCCC2,5.96
ZINC000006548476,Clc1ccc(N2CCN(CCCc3ccccc3)CC2)cc1,5.96
ZINC000013761397,CN(CCc1ccc2c(c1)OCO2)C[C@@H]1CCCc2ccccc21,5.96
ZINC000013761398,CN(CCc1ccc2c(c1)OCO2)C[C@H]1CCCc2ccccc21,5.96
ZINC000013781861,CCN1CCc2c(sc3ccccc23)[C@@H](c2cccc([N+](=O)[O-])c2)C1,5.96
ZINC000013781862,CCN1CCc2c(sc3ccccc23)[C@H](c2cccc([N+](=O)[O-])c2)C1,5.96
ZINC000013797089,CN1CCN(c2nc3ccccc3c(-c3ccccc3)c2COC(=O)c2ccccc2)CC1,5.96
ZINC000013862280,Fc1ccc(C(NCC2CCN(CCc3ccccc3)CC2)c2ccc(F)cc2)cc1,5.96
ZINC000013985198,CNC[C@@H](O)[C@H](c1ccccc1)N1CC(C)(C)c2cccc(F)c21,5.96
ZINC000022932180,Fc1ccc(C(OC2C[C@@H]3CC[C@H](C2)N3CCNCc2ccccc2)c2ccc(F)cc2)cc1,5.96
ZINC000022939411,Oc1ccccc1CCCN1CCN(CCOC(c2ccccc2)c2ccccc2)CC1,5.96
ZINC000027197265,CN1[C@H]2CC[C@@H]1C[C@@H](c1ccccc1)[C@@H]2c1ccccc1,5.96
ZINC000028128071,COc1ccc2[nH]cc(CCCN(C)C)c2c1,5.96
ZINC000029046774,CCN(CC)C(=O)[C@@]1(c2ccc3sccc3c2)C[C@H]1CN,5.96
ZINC000029128194,CCN(CC)C(=O)[C@@]1(c2ccccc2)C[C@@H]1CNCC(OC)OC,5.96
ZINC000029128195,CCN(CC)C(=O)[C@]1(c2ccccc2)C[C@@H]1CNCC(OC)OC,5.96
ZINC000029128196,CCN(CC)C(=O)[C@@]1(c2ccccc2)C[C@H]1CNCC(OC)OC,5.96
ZINC000029128197,CCN(CC)C(=O)[C@]1(c2ccccc2)C[C@H]1CNCC(OC)OC,5.96
ZINC000035090444,Clc1ccc([C@H](Cc2ccccc2)[C@@H]2CCCCN2)cc1,5.96
ZINC000035090446,Clc1ccc([C@@H](Cc2ccccc2)[C@@H]2CCCCN2)cc1,5.96
ZINC000035090448,Clc1ccc([C@H](Cc2ccccc2)[C@H]2CCCCN2)cc1,5.96
ZINC000035090450,Clc1ccc([C@@H](Cc2ccccc2)[C@H]2CCCCN2)cc1,5.96
ZINC000040845695,Cc1ccccc1O[C@H]1c2ccccc2OC[C@H]1CN(C)C,5.96
ZINC000040979811,CN[C@H]1Cc2ccccc2[C@@H](Oc2ccccc2C)C1,5.96
ZINC000049089052,O=C1N[C@]2(CCc3ccccc32)C(=O)N1CCCN1CCN(c2ccccc2)CC1,5.96
ZINC000049089053,O=C1N[C@@]2(CCc3ccccc32)C(=O)N1CCCN1CCN(c2ccccc2)CC1,5.96
ZINC000049125221,COc1ccccc1N1CCN(CCCN2C(=O)N[C@]3(CCc4ccccc43)C2=O)CC1,5.96
ZINC000049125225,COc1ccccc1N1CCN(CCCN2C(=O)N[C@@]3(CCc4ccccc43)C2=O)CC1,5.96
ZINC000058538422,CCCn1c(-c2ccccc2)cc(C(=O)NCCCN2CCN(c3ccccc3OC)CC2)c1C,5.96
ZINC000058609174,CN1[C@H]2CC[C@@H]1C[C@H](c1ccccc1)[C@@H]2c1ccccc1,5.96
ZINC000071316100,COc1cccc([C@@H](O)CN[C@H]2CC[C@@H](C(c3ccccc3)c3ccccc3)OC2)c1,5.96
ZINC000072112634,CN1C[C@@H]2CCC[C@]2(c2ccc(F)c(F)c2)C1,5.96
ZINC000013493980,Fc1ccc(CN2CC=C(CCOC(c3ccccc3)c3ccccc3)CC2)cc1,5.95
ZINC000013682081,CCC[C@H](C(=O)c1ccc([N+](=O)[O-])cc1)N1CCCC1,5.95
ZINC000013682084,CCC[C@@H](C(=O)c1ccc([N+](=O)[O-])cc1)N1CCCC1,5.95
ZINC000022927472,O=C1CCCC[C@H]1CN1CCN(CCOC(c2ccc(F)cc2)c2ccc(F)cc2)CC1,5.95
ZINC000022927474,O=C1CCCC[C@@H]1CN1CCN(CCOC(c2ccc(F)cc2)c2ccc(F)cc2)CC1,5.95
ZINC000026670525,CN1[C@H]2CC[C@@H]1C[C@@H](c1ccc(Cl)cc1)[C@@H]2c1nc2ccccc2s1,5.95
ZINC000027518883,C[C@H]1CN(CCCn2c3ccc(Br)cc3c3cc(Br)ccc32)C[C@H](C)N1,5.95
ZINC000036270792,CN1[C@H]2CC[C@@H]1C[C@H](c1ccc(Cl)cc1)[C@H]2C(=O)N1CCCC1,5.95
ZINC000045391735,CNC[C@@H](O)[C@H](c1cccc(F)c1)N1C[C@@H](C(C)C)c2ccccc21,5.95
ZINC000045391739,CNC[C@@H](O)[C@H](c1cccc(F)c1)N1C[C@H](C(C)C)c2ccccc21,5.95
ZINC000084609973,CN1[C@H]2CC[C@@H]1C[C@H](c1ccc(Cl)cc1)[C@@H]2C(=O)N1CCCC1,5.95
ZINC000095553103,N#Cc1ccc(N[C@@H]2CC[C@H](C(c3ccccc3)c3ccccc3)NC2)cc1,5.95
ZINC000169371810,CN1[C@H]2CC[C@@H]1C[C@H](c1ccc(Cl)cc1)[C@@H]2c1nc2ccccc2s1,5.95
ZINC000253636694,CN1[C@H]2CC[C@H]1[C@H](c1ncc(-c3ccccc3)o1)[C@H](c1ccc(Cl)cc1)C2,5.95
ZINC000253636697,CN1[C@H]2CC[C@H]1[C@H](c1ncc(-c3ccccc3)o1)[C@@H](c1ccc(Cl)cc1)C2,5.95
ZINC000253636700,CN1[C@H]2CC[C@H]1[C@@H](c1ncc(-c3ccccc3)o1)[C@@H](c1ccc(Cl)cc1)C2,5.95
ZINC000253636702,CN1[C@H]2CC[C@H]1[C@@H](c1ncc(-c3ccccc3)o1)[C@H](c1ccc(Cl)cc1)C2,5.95
ZINC000013861714,COc1ccc(N2CCN(CC[C@@H](O)c3ccccc3)CC2)cc1,5.94
ZINC000013861715,COc1ccc(N2CCN(CC[C@H](O)c3ccccc3)CC2)cc1,5.94
ZINC000013861737,O=[N+]([O-])c1ccc(N2CCN(CC[C@H](O)c3ccccc3)CC2)cc1,5.94
ZINC000013861738,O=[N+]([O-])c1ccc(N2CCN(CC[C@@H](O)c3ccccc3)CC2)cc1,5.94
ZINC000013862273,Fc1cccc(CN2CCC(CCOC(c3ccccc3)c3ccccc3)CC2)c1,5.94
ZINC000022938649,c1ccc(C(OCCN2CCN(Cc3cnc4ccccc4c3)CC2)c2ccccc2)cc1,5.94
ZINC000034986250,CNCC[C@@H](c1cccc(F)c1)N1C(=O)C2(CCCCC2)c2ccccc21,5.94
ZINC000045288040,O=C1Cc2c(cccc2N2CCN(C[C@@H]3CCc4[nH]c5ccc(F)cc5c4C3)CC2)N1,5.94
ZINC000045288042,O=C1Cc2c(cccc2N2CCN(C[C@H]3CCc4[nH]c5ccc(F)cc5c4C3)CC2)N1,5.94
ZINC000058540856,CCCn1c(-c2ccc(Cl)cc2)cc(C(=O)NCCCN2CCN(c3cccc(Cl)c3Cl)CC2)c1C,5.94
ZINC000071317523,O[C@@H](CN[C@H]1CC[C@@H](C(c2ccccc2)c2ccccc2)OC1)c1ccc(F)cc1,5.94
ZINC000073198089,Fc1ccc(CN2[C@H]3CC[C@@H]2CC(=CCOC(c2ccc(F)cc2)c2ccc(F)cc2)C3)cc1,5.94
ZINC000100854077,COC(=O)[C@@H]1[C@@H]2C[C@H]3CC[C@H]1N3C/C2=C\c1ccccc1,5.94
ZINC000100937958,CN1[C@H]2CC[C@H]1CC(CCOC(c1ccc(Cl)cc1)c1ccc(Cl)cc1)C2,5.94
ZINC000103228701,Oc1ccc(CN[C@@H]2CO[C@H](C(c3ccccc3)c3ccccc3)C2)cc1,5.94
ZINC000136063227,COC(=O)[C@H]1[C@H]2C[C@H]3CC[C@H]1N3C/C2=C\c1ccccc1,5.94
ZINC000253638427,CC(C)OC(=O)[C@@H]1[C@H]2C[C@H]3CC[C@H]1N3C/C2=C\c1cccs1,5.94
ZINC000253638428,CC(C)OC(=O)[C@H]1[C@H]2C[C@H]3CC[C@H]1N3C/C2=C\c1cccs1,5.94
ZINC000253856314,COC(=O)[C@@H]1[C@H]2C[C@H]3CC[C@H]1N3C/C2=C\c1ccccc1,5.94
ZINC000013489690,COc1ccc(CN[C@@H]2CC[C@H](C(c3ccccc3)c3ccccc3)OC2)cc1,5.93
ZINC000022938517,C[C@H]1CN(C/C=C/c2ccccc2)[C@H](C)CN1CCOC(c1ccc(F)cc1)c1ccc(F)cc1,5.93
ZINC000022938580,C(=C/c1cccs1)\CN1CCN(CCOC(c2ccccc2)c2ccccc2)CC1,5.93
ZINC000027519839,C[C@H]1CN(CCCn2c3ccccc3c3cc([N+](=O)[O-])ccc32)C[C@H](C)N1,5.93
ZINC000028646341,CC(C)N1CCN([C@@H](CN2CCN(CCCc3cc(F)ccc3-c3ccccc3)CC2)c2ccc(F)cc2)CC1,5.93
ZINC000028646344,CC(C)N1CCN([C@H](CN2CCN(CCCc3cc(F)ccc3-c3ccccc3)CC2)c2ccc(F)cc2)CC1,5.93
ZINC000029336548,COc1ccc(CN[C@@H]2CC[C@@H](C(c3ccccc3)c3ccccc3)OC2)cc1,5.93
ZINC000029336557,COc1ccc(CN[C@H]2CC[C@H](C(c3ccccc3)c3ccccc3)OC2)cc1,5.93
ZINC000100814126,Clc1ccc(/C=C2\CN3[C@H]4CC[C@H]3[C@@H](COc3ccc(I)cc3)[C@H]2C4)cc1Cl,5.93
ZINC000100814127,Clc1ccc(/C=C2\CN3[C@H]4CC[C@H]3[C@H](COc3ccc(I)cc3)[C@H]2C4)cc1Cl,5.93
ZINC000148852392,CN(C)CC[C@H](c1csc2ccccc12)N1CCOCC1,5.93
ZINC000148852599,CN(C)CC[C@@H](c1csc2ccccc12)N1CCOCC1,5.93
ZINC000253638162,COC(=O)[C@@H]1[C@H]2C[C@H]3CC[C@H]1N3C/C2=C\c1ccc(-c2cccc(C(F)(F)F)c2)cc1,5.93
ZINC000253638166,COC(=O)[C@H]1[C@H]2C[C@H]3CC[C@H]1N3C/C2=C\c1ccc(-c2cccc(C(F)(F)F)c2)cc1,5.93
ZINC000000001070,CN(C)CCc1c[nH]c2ccc(O)cc12,5.92
ZINC000013536427,NC[C@@H]1c2ccccc2Cc2cc(Br)ccc21,5.92
ZINC000013536430,NC[C@H]1c2ccccc2Cc2cc(Br)ccc21,5.92
ZINC000013776233,Fc1ccc(C(OC2C[C@@H]3CC[C@H](C2)N3CC2CC2)c2ccc(F)cc2)cc1,5.92
ZINC000013781863,CCN1CCc2c(sc3ccccc23)[C@@H](c2ccc(Cl)c(Cl)c2)C1,5.92
ZINC000013781864,CCN1CCc2c(sc3ccccc23)[C@H](c2ccc(Cl)c(Cl)c2)C1,5.92
ZINC000022930222,Fc1ccc(N(CCCN2CCN(CCCc3ccccc3)CC2)c2ccc(F)cc2)cc1,5.92
ZINC000028819391,CCN(CC)C(=O)[C@]1(c2cccc3ccccc23)C[C@@H]1CN,5.92
ZINC000029128190,NC[C@@H]1C[C@@]1(C(=O)N1CCCCC1)c1ccccc1,5.92
ZINC000029128191,NC[C@H]1C[C@@]1(C(=O)N1CCCCC1)c1ccccc1,5.92
ZINC000029128192,NC[C@@H]1C[C@]1(C(=O)N1CCCCC1)c1ccccc1,5.92
ZINC000029128193,NC[C@H]1C[C@]1(C(=O)N1CCCCC1)c1ccccc1,5.92
ZINC000034575556,CN1CCN(C[C@@H](c2ccc(OC(F)(F)F)cc2)C2(O)CCCCC2)CC1,5.92
ZINC000034575557,CN1CCN(C[C@H](c2ccc(OC(F)(F)F)cc2)C2(O)CCCCC2)CC1,5.92
ZINC000034986560,CNCC[C@H](c1ccccc1)n1c(=O)n(C(C)C)c2cccc(F)c21,5.92
ZINC000040976893,CNC[C@H]1COc2ccccc2[C@@H]1Oc1ccccc1C,5.92
ZINC000045245059,O=c1[nH]c2cccc(OC3CCN(CC[C@@H]4CCc5[nH]c6ccc(F)cc6c5C4)CC3)c2o1,5.92
ZINC000045245060,O=c1[nH]c2cccc(OC3CCN(CC[C@H]4CCc5[nH]c6ccc(F)cc6c5C4)CC3)c2o1,5.92
ZINC000064513105,Cc1nc(C(=O)NCCCN2CCN(c3cccc(C)c3C)CC2)cc(C(C)C)n1,5.92
ZINC000095594558,O=S(=O)(NCCCCN1CCN(c2cccc(Cl)c2Cl)CC1)c1cnc2ccccc2c1,5.92
ZINC000100728281,Cc1ccc(OC(=O)[C@H]2[C@@H](c3ccc(Cl)cc3)C[C@H]3CC[C@H]2N3C)cc1,5.92
ZINC000100728285,Cc1ccc(OC(=O)[C@@H]2[C@@H](c3ccc(Cl)cc3)C[C@H]3CC[C@H]2N3C)cc1,5.92
ZINC000100872565,C=CCN1[C@H]2CC[C@H]1CC(O[C@@H](c1ccccc1)c1cccc(Cl)c1)C2,5.92
ZINC000195290383,C=CCN1[C@H]2CC[C@H]1CC(O[C@H](c1ccccc1)c1cccc(Cl)c1)C2,5.92
ZINC000261157526,Cc1ccc(OC(=O)[C@@H]2[C@H](c3ccc(Cl)cc3)C[C@H]3CC[C@H]2N3C)cc1,5.92
ZINC000261157528,Cc1ccc(OC(=O)[C@H]2[C@H](c3ccc(Cl)cc3)C[C@H]3CC[C@H]2N3C)cc1,5.92
ZINC000299858801,COc1ccccc1-c1c(=O)n(CCCCN2CC=C(c3c[nH]c4ccc(Br)cc34)CC2)c(=O)n2ccccc12,5.92
ZINC000003940614,COC(=O)[C@@H]1[C@H]2[C@H](O)C[C@@H](C[C@H]1c1ccc(Cl)c(Cl)c1)N2C,5.91
ZINC000013760753,COc1ccc(CN2CCC(CCOC(c3ccccc3)c3ccccc3)CC2)cc1,5.91
ZINC000013761400,CN(CCc1ccc2c(c1)OCO2)C[C@@H]1CCCc2c(O)cccc21,5.91
ZINC000013761401,CN(CCc1ccc2c(c1)OCO2)C[C@H]1CCCc2c(O)cccc21,5.91
ZINC000013862274,Fc1ccc(CN2CCC(CCOC(c3ccccc3)c3ccccc3)CC2)cc1F,5.91
ZINC000022927410,O=C(CCN1CCN(CCOC(c2ccccc2)c2ccccc2)CC1)c1cccs1,5.91
ZINC000026183549,CC(C)c1noc([C@@H]2CN(C)CC[C@H]2c2ccc(Cl)cc2)n1,5.91
ZINC000026577686,C[C@@H]1CN(CCCN(c2ccccc2)c2ccccc2)C[C@@H](C)N1CCCc1ccccc1,5.91
ZINC000027652137,C[C@@H](NC(C)(C)C)[C@@H](O)c1ccccc1,5.91
ZINC000027652141,C[C@H](NC(C)(C)C)[C@@H](O)c1ccccc1,5.91
ZINC000027652144,C[C@@H](NC(C)(C)C)[C@H](O)c1ccccc1,5.91
ZINC000027652148,C[C@H](NC(C)(C)C)[C@H](O)c1ccccc1,5.91
ZINC000034279330,Cc1ccc2c(c1)CN(C)C[C@@H]2c1ccccc1,5.91
ZINC000034279331,Cc1ccc2c(c1)CN(C)C[C@H]2c1ccccc1,5.91
ZINC000042835589,O=C(Cc1ccccc1)O[C@@H](CCN1CCN(CCCN(c2ccc(F)cc2)c2ccc(F)cc2)CC1)c1ccccc1,5.91
ZINC000042835592,O=C(Cc1ccccc1)O[C@H](CCN1CCN(CCCN(c2ccc(F)cc2)c2ccc(F)cc2)CC1)c1ccccc1,5.91
ZINC000045385204,O=C1NCc2ccc3c(c21)C[C@@H](N(CCCc1c[nH]c2ccc(F)cc12)CC1CCCCC1)CO3,5.91
ZINC000045385208,O=C1NCc2ccc3c(c21)C[C@H](N(CCCc1c[nH]c2ccc(F)cc12)CC1CCCCC1)CO3,5.91
ZINC000072142446,CN1C[C@@H]2CCCC[C@]2(c2ccc(F)c(F)c2)C1,5.91
ZINC000096924136,c1ccc(COC2(c3ccccc3)CNC2)cc1,5.91
ZINC000103252151,Nc1nc2c(s1)CC[C@H]2C(=O)Nc1ccc(C[C@@H]2CC[C@H]([C@H](O)c3ccccc3)N2)cc1,5.91
ZINC000253666800,CN1[C@H]2CC[C@H]1[C@H](C(=O)Oc1ccc(I)cc1)[C@H](c1ccc(Cl)cc1)C2,5.91
ZINC000253666804,CN1[C@H]2CC[C@H]1[C@@H](C(=O)Oc1ccc(I)cc1)[C@H](c1ccc(Cl)cc1)C2,5.91
ZINC000253666810,CN1[C@H]2CC[C@H]1[C@H](C(=O)Oc1ccc(I)cc1)[C@@H](c1ccc(Cl)cc1)C2,5.91
ZINC000253666813,CN1[C@H]2CC[C@H]1[C@@H](C(=O)Oc1ccc(I)cc1)[C@@H](c1ccc(Cl)cc1)C2,5.91
ZINC000253677940,CN1[C@H]2CC[C@H]1[C@@H]1COC(=O)CCC(=O)CCC(=O)Nc3ccc(cc3)[C@@H]1C2,5.91
ZINC000253677945,CN1[C@H]2CC[C@H]1[C@H]1COC(=O)CCC(=O)CCC(=O)Nc3ccc(cc3)[C@@H]1C2,5.91
ZINC000253677948,CN1[C@H]2CC[C@H]1[C@@H]1COC(=O)CCC(=O)CCC(=O)Nc3ccc(cc3)[C@H]1C2,5.91
ZINC000253677951,CN1[C@H]2CC[C@H]1[C@H]1COC(=O)CCC(=O)CCC(=O)Nc3ccc(cc3)[C@H]1C2,5.91
ZINC000013676213,COc1ccc([C@H]2[C@@H](c3ccc(C)cc3)C[C@@H]3CC[C@H]2N3C)cc1OC,5.9
ZINC000013760577,O[C@]1(c2ccc(Cl)cc2)c2ccccc2C2=NCCCCN21,5.9
ZINC000013760578,O[C@@]1(c2ccc(Cl)cc2)c2ccccc2C2=NCCCCN21,5.9
ZINC000013760756,Fc1ccc(CN2CCC(CCO[C@@H](c3ccccc3)c3ccc(F)cc3)CC2)cc1,5.9
ZINC000013760757,Fc1ccc(CN2CCC(CCO[C@H](c3ccccc3)c3ccc(F)cc3)CC2)cc1,5.9
ZINC000013760763,c1ccc(C(OCCC2CCN(Cc3cccs3)CC2)c2ccccc2)cc1,5.9
ZINC000013861769,COc1ccccc1N1CCN(CC[C@@H](O)c2cccs2)CC1,5.9
ZINC000013861770,COc1ccccc1N1CCN(CC[C@H](O)c2cccs2)CC1,5.9
ZINC000013979445,CC(=O)Nc1cccc(CCN2CCN(c3cccc4nc(C)ccc34)CC2)c1,5.9
ZINC000014022479,Cc1ccc2c(N3CCN(CCc4cccc(NC(=O)Nc5ccc(F)cc5)c4)CC3)cccc2n1,5.9
ZINC000038412348,CC(=O)Nc1cccc(CN2CCN(CCOc3cccc4nc(C)ccc34)CC2)c1,5.9
ZINC000058564022,COc1cccc(N2CCN(CCCNC(=O)c3cc(-c4ccccc4)n(C)c3C)CC2)c1OC,5.9
ZINC000058582075,O=C(c1ccc2[nH]ccc2c1)[C@]1(Cc2ccccc2)CCCN1,5.9
ZINC000064373364,O=C(c1ccc2[nH]ccc2c1)[C@@]1(Cc2ccccc2)CCCN1,5.9
ZINC000066251187,COc1cccc(C(=O)Nc2cccc(CCN3CCN(c4cccc5nc(C)ccc45)CC3)c2)c1,5.9
ZINC000066251188,COc1ccc(C(=O)Nc2cccc(CCN3CCN(c4cccc5nc(C)ccc45)CC3)c2)cc1,5.9
ZINC000066259959,Cc1ccc2c(N3CCN(CCc4cccc(NC(=O)C(C)C)c4)CC3)cccc2n1,5.9
ZINC000066260205,CCC(=O)Nc1cccc(CCN2CCN(c3cccc4nc(C)ccc34)CC2)c1,5.9
ZINC000072105297,Cc1cccc(N2CCN(C[C@H](O)CNC(=O)c3nc(C)n(CC(C)C)c3C)CC2)c1C,5.9
ZINC000072105298,Cc1cccc(N2CCN(C[C@@H](O)CNC(=O)c3nc(C)n(CC(C)C)c3C)CC2)c1C,5.9
ZINC000101387177,Fc1cccc(O[C@H]2C[C@@H]3CC[C@H](C2)N3)c1,5.9
ZINC000169305642,CCC[C@H]1[C@H]2[C@H](F)C[C@H](C[C@H]1c1ccc(F)cc1)N2C,5.9
ZINC000169305644,CCC[C@@H]1[C@@H](c2ccc(F)cc2)C[C@H]2C[C@@H](F)[C@H]1N2C,5.9
ZINC000253634751,COC(=O)[C@@H]1[C@H]2CC[C@H]3CC[C@H]1N(C/C2=C\c1ccc(-c2ccc(Cl)cc2)cc1)C3,5.9
ZINC000253634754,COC(=O)[C@H]1[C@H]2CC[C@H]3CC[C@H]1N(C/C2=C\c1ccc(-c2ccc(Cl)cc2)cc1)C3,5.9
ZINC000253670538,CCC[C@H]1[C@@H](c2ccc(F)cc2)C[C@H]2C[C@@H](F)[C@H]1N2C,5.9
ZINC000253670545,CCC[C@@H]1[C@H]2[C@H](F)C[C@H](C[C@H]1c1ccc(F)cc1)N2C,5.9
ZINC000001571009,CC(C)(C)CC(C)(C)c1ccc(OCCOCC[N+](C)(C)Cc2ccccc2)cc1,5.89
ZINC000013579461,CN1CC[C@H](c2ccc(Cl)cc2)[C@@H](COC(=O)Nc2ccccc2)C1,5.89
ZINC000013580496,Fc1ccc(C(OC2C[C@@H]3CC[C@H](C2)N3CCOCc2ccccc2)c2ccc(F)cc2)cc1,5.89
ZINC000028646353,CC(C)N1CCN([C@@H](CN2CCN(CCCc3c(Cl)cccc3-c3ccccc3)CC2)c2ccc(F)cc2)CC1,5.89
ZINC000028646355,CC(C)N1CCN([C@H](CN2CCN(CCCc3c(Cl)cccc3-c3ccccc3)CC2)c2ccc(F)cc2)CC1,5.89
ZINC000029127572,CCNC[C@@H]1C[C@@]1(C(=O)N(CC)CC)c1ccccc1,5.89
ZINC000029127573,CCNC[C@H]1C[C@@]1(C(=O)N(CC)CC)c1ccccc1,5.89
ZINC000029127574,CCNC[C@@H]1C[C@]1(C(=O)N(CC)CC)c1ccccc1,5.89
ZINC000029127575,CCNC[C@H]1C[C@]1(C(=O)N(CC)CC)c1ccccc1,5.89
ZINC000029128310,CCN(CCOC)C(=O)[C@@]1(c2ccccc2)C[C@@H]1CN,5.89
ZINC000029128311,CCN(CCOC)C(=O)[C@]1(c2ccccc2)C[C@@H]1CN,5.89
ZINC000029128312,CCN(CCOC)C(=O)[C@@]1(c2ccccc2)C[C@H]1CN,5.89
ZINC000029128313,CCN(CCOC)C(=O)[C@]1(c2ccccc2)C[C@H]1CN,5.89
ZINC000035090380,CCC[C@@H](c1ccc(Cl)cc1)[C@@H]1CCCCN1,5.89
ZINC000035090382,CCC[C@H](c1ccc(Cl)cc1)[C@@H]1CCCCN1,5.89
ZINC000035090384,CCC[C@@H](c1ccc(Cl)cc1)[C@H]1CCCCN1,5.89
ZINC000035090386,CCC[C@H](c1ccc(Cl)cc1)[C@H]1CCCCN1,5.89
ZINC000035090530,CC(C)C[C@@H](c1ccc(Cl)c(Cl)c1)[C@@H]1CCCCN1C,5.89
ZINC000035090532,CC(C)C[C@H](c1ccc(Cl)c(Cl)c1)[C@@H]1CCCCN1C,5.89
ZINC000035090534,CC(C)C[C@@H](c1ccc(Cl)c(Cl)c1)[C@H]1CCCCN1C,5.89
ZINC000035090536,CC(C)C[C@H](c1ccc(Cl)c(Cl)c1)[C@H]1CCCCN1C,5.89
ZINC000040834445,CNC[C@@H]1COc2ccccc2[C@@H]1Oc1ccccc1C,5.89
ZINC000044281233,O=C(CCc1ccccc1)O[C@@H](CCN1CCN(CCCN(c2ccc(F)cc2)c2ccc(F)cc2)CC1)c1ccccc1,5.89
ZINC000044281237,O=C(CCc1ccccc1)O[C@H](CCN1CCN(CCCN(c2ccc(F)cc2)c2ccc(F)cc2)CC1)c1ccccc1,5.89
ZINC000044405223,CCSc1ccc(C[C@@H](N)CC)cc1,5.89
ZINC000044405226,CCSc1ccc(C[C@H](N)CC)cc1,5.89
ZINC000072105210,CCCc1nc(C(=O)NC[C@H](O)CN2CCN(c3cccc(Cl)c3Cl)CC2)cn1-c1ccc(Cl)cc1,5.89
ZINC000072105211,CCCc1nc(C(=O)NC[C@@H](O)CN2CCN(c3cccc(Cl)c3Cl)CC2)cn1-c1ccc(Cl)cc1,5.89
ZINC000101024808,COC(=O)C1=C(c2ccc3ccccc3c2)C[C@H]2CC[C@H]1S2,5.89
ZINC000103246684,O=[S@@](CCNCCCc1ccccc1)C(c1ccc(F)cc1)c1ccc(F)cc1,5.89
ZINC000103246686,O=[S@](CCNCCCc1ccccc1)C(c1ccc(F)cc1)c1ccc(F)cc1,5.89
ZINC000205367817,O=C1CNCC(F)(F)CN1c1ccc(Cl)c(Cl)c1,5.89
ZINC000254094507,CN1[C@H]2CC[C@H]1[C@H](CO[C@H](c1ccccc1)c1ccc(Cl)cc1)[C@H](c1ccc(Cl)cc1)C2,5.89
ZINC000254094511,CN1[C@H]2CC[C@H]1[C@H](CO[C@@H](c1ccccc1)c1ccc(Cl)cc1)[C@H](c1ccc(Cl)cc1)C2,5.89
ZINC000254094513,CN1[C@H]2CC[C@H]1[C@H](CO[C@H](c1ccccc1)c1ccc(Cl)cc1)[C@@H](c1ccc(Cl)cc1)C2,5.89
ZINC000254094517,CN1[C@H]2CC[C@H]1[C@H](CO[C@@H](c1ccccc1)c1ccc(Cl)cc1)[C@@H](c1ccc(Cl)cc1)C2,5.89
ZINC000013806918,CC(=O)N[C@H]1c2cccc3c2-c2c1ccc1c2[C@@H](C3)N(C)CC1,5.88
ZINC000013861972,Clc1ccc([C@@H](OC2C[C@@H]3CC[C@H](C2)N3)c2ccccc2)cc1,5.88
ZINC000013861973,Clc1ccc([C@H](OC2C[C@@H]3CC[C@H](C2)N3)c2ccccc2)cc1,5.88
ZINC000038248101,CNC[C@@H](O)[C@H](c1ccccc1Cl)n1ccc2ccccc21,5.88
ZINC000038289027,Fc1ccc(CN[C@H]2CC[C@@H](C(c3ccccc3)c3ccccc3)NC2)cc1,5.88
ZINC000038322608,Fc1ccc(CN[C@@H]2CC[C@H](C(c3ccccc3)c3ccccc3)NC2)cc1,5.88
ZINC000038322612,Fc1ccc(CN[C@H]2CC[C@H](C(c3ccccc3)c3ccccc3)NC2)cc1,5.88
ZINC000038322613,Fc1ccc(CN[C@@H]2CC[C@@H](C(c3ccccc3)c3ccccc3)NC2)cc1,5.88
ZINC000100728492,CNC(=O)[C@H]1[C@@H](c2ccc(Cl)cc2)C[C@H]2CC[C@H]1N2C,5.88
ZINC000100728497,CNC(=O)[C@@H]1[C@@H](c2ccc(Cl)cc2)C[C@H]2CC[C@H]1N2C,5.88
ZINC000100861315,COC(=O)C1=C(c2ccc3ccccc3c2)C[C@H]2CC[C@H]1C2,5.88
ZINC000138012339,c1ccc(CCCN2[C@H]3CC[C@H]2CN(CCOC(c2ccccc2)c2ccccc2)CC3)cc1,5.88
ZINC000139088621,CN[C@@H](Cc1ccc2c(c1)OCO2)c1ccccc1,5.88
ZINC000139088730,CN[C@H](Cc1ccc2c(c1)OCO2)c1ccccc1,5.88
ZINC000253793163,CNC(=O)[C@H]1[C@H](c2ccc(Cl)cc2)C[C@H]2CC[C@H]1N2C,5.88
ZINC000253793167,CNC(=O)[C@@H]1[C@H](c2ccc(Cl)cc2)C[C@H]2CC[C@H]1N2C,5.88
ZINC000253863630,COC(=O)[C@@H]1[C@@H](c2ccc(C)cc2)C[C@H]2CC[C@H]1N2CCCF,5.88
ZINC000253863632,COC(=O)[C@H]1[C@@H](c2ccc(C)cc2)C[C@H]2CC[C@H]1N2CCCF,5.88
ZINC000253863634,COC(=O)[C@H]1[C@H](c2ccc(C)cc2)C[C@H]2CC[C@H]1N2CCCF,5.88
ZINC000253863637,COC(=O)[C@@H]1[C@H](c2ccc(C)cc2)C[C@H]2CC[C@H]1N2CCCF,5.88
ZINC000022927596,O=C(CCN1CCN(CCOC(c2ccccc2)c2ccccc2)CC1)c1cccc(F)c1,5.87
ZINC000022927659,C1=C(CN2CCN(CCOC(c3ccccc3)c3ccccc3)CC2)CCc2ccccc21,5.87
ZINC000022938536,c1ccc(CCCN2CCN(CCCc3ccccc3)CC2)cc1,5.87
ZINC000027718849,C(OC(c1ccccc1)c1ccccc1)=C1C[C@@H]2CC[C@H](C1)N2CCCc1ccccc1,5.87
ZINC000028646379,CC(C)N1CCN([C@@H](CN2CCN(CCCc3ccccc3-c3ccc(F)cc3)CC2)c2ccc(F)cc2)CC1,5.87
ZINC000028646382,CC(C)N1CCN([C@H](CN2CCN(CCCc3ccccc3-c3ccc(F)cc3)CC2)c2ccc(F)cc2)CC1,5.87
ZINC000034986255,CNCC[C@H](c1ccccc1)N1C(=O)C(C)(C)c2ccccc21,5.87
ZINC000053204511,COc1ccccc1N1CCN(CCC(=O)c2cc(C)sc2C)CC1,5.87
ZINC000073198901,C[C@@H]1CN(c2ccc3cc([N+](=O)[O-])ccc3n2)CCN1CCCCN1C(=O)CC2(CCCC2)CC1=O,5.87
ZINC000073198902,C[C@H]1CN(c2ccc3cc([N+](=O)[O-])ccc3n2)CCN1CCCCN1C(=O)CC2(CCCC2)CC1=O,5.87
ZINC000100741908,CC(=O)[C@H]1[C@@H](c2ccccc2)C[C@H]2CC[C@H]1N2C,5.87
ZINC000100741910,CC(=O)[C@@H]1[C@@H](c2ccccc2)C[C@H]2CC[C@H]1N2C,5.87
ZINC000103228709,Fc1ccc(CCN[C@@H]2CO[C@H](C(c3ccccc3)c3ccccc3)C2)cc1,5.87
ZINC000166424007,CC(=O)[C@@H]1[C@H](c2ccccc2)C[C@H]2CC[C@H]1N2C,5.87
ZINC000253695091,COC(=O)[C@@H]1[C@H]2C[C@H]3CC[C@H]1N3C/C2=C\c1ccc(-c2ccccc2OC)cc1,5.87
ZINC000253695100,COC(=O)[C@H]1[C@H]2C[C@H]3CC[C@H]1N3C/C2=C\c1ccc(-c2ccccc2OC)cc1,5.87
ZINC000261116958,CC(=O)[C@H]1[C@H](c2ccccc2)C[C@H]2CC[C@H]1N2C,5.87
ZINC000013760758,Cc1ccc(CN2CCC(CCOC(c3ccccc3)c3ccccc3)CC2)cc1,5.86
ZINC000013760766,Fc1ccc(CN2CCC(CCO[C@@H](c3ccccc3)c3cccs3)CC2)cc1,5.86
ZINC000013760767,Fc1ccc(CN2CCC(CCO[C@H](c3ccccc3)c3cccs3)CC2)cc1,5.86
ZINC000028646333,CC(C)N1CCN([C@@H](CN2CCN(CCCc3ccc(F)cc3-c3ccccc3)CC2)c2ccc(F)cc2)CC1,5.86
ZINC000028646338,CC(C)N1CCN([C@H](CN2CCN(CCCc3ccc(F)cc3-c3ccccc3)CC2)c2ccc(F)cc2)CC1,5.86
ZINC000029056603,O[C@@H](CN[C@H]1CC[C@@H](C(c2ccccc2)c2ccccc2)NC1)Cc1ccccc1,5.86
ZINC000038213680,CNC[C@@H](O)[C@H](c1ccc(F)cc1)n1ccc2ccccc21,5.86
ZINC000253883989,COC(=O)[C@@H]1[C@H]2C[C@H]3CC[C@H]1N3C/C2=C\c1ccc(-c2ccc(F)cc2)cc1,5.86
ZINC000253883990,COC(=O)[C@H]1[C@H]2C[C@H]3CC[C@H]1N3C/C2=C\c1ccc(-c2ccc(F)cc2)cc1,5.86
ZINC000253917755,CN1[C@H]2CC[C@H]1[C@@H](COC(=O)CCCc1ccc(N)cc1)[C@@H](OC(c1ccc(F)cc1)c1ccc(F)cc1)C2,5.86
ZINC000001686103,CNCCC[C@@]1(c2ccccc2)OC(C)(C)c2ccccc21,5.85
ZINC000001999541,CNCCC[C@]1(c2ccccc2)OC(C)(C)c2ccccc21,5.85
ZINC000004306909,N=c1scc(-c2ccc(Cl)cc2)n1-c1ccccc1F,5.85
ZINC000013641835,CCSc1ccc(C[C@@H](C)N)cc1,5.85
ZINC000013641838,CCSc1ccc(C[C@H](C)N)cc1,5.85
ZINC000013761393,COc1ccc2c(c1)[C@H](CN(C)CCc1ccc3c(c1)OCO3)CCC2,5.85
ZINC000013761394,COc1ccc2c(c1)[C@@H](CN(C)CCc1ccc3c(c1)OCO3)CCC2,5.85
ZINC000022925325,O[C@H](CN1CCN(CCOC(c2ccccc2)c2ccccc2)CC1)c1ccccc1,5.85
ZINC000022938528,Fc1ccc(C(OCCN2CCNCC2)c2ccc(F)cc2)cc1,5.85
ZINC000029128384,CCO[C@]1(c2cccc(O)c2)CCCC[C@@H]1CN(C)C,5.85
ZINC000029134265,S=c1sc2ccccc2n1CCCCN1CCN(C2CCCCC2)CC1,5.85
ZINC000029316454,CNC/C=C(\c1cccnc1)c1cccc(Br)c1,5.85
ZINC000029317271,CNC/C=C(/c1ccc(F)cc1)c1cccnc1,5.85
ZINC000029320572,CN[C@@H]1CC[C@@H](c2ccc(Cl)c(C(F)(F)F)c2)c2ccccc21,5.85
ZINC000034986559,CNCC[C@@H](c1ccccc1)n1c(=O)n(C(C)C)c2cccc(F)c21,5.85
ZINC000036520276,CCc1cccc(F)c1O[C@H]1c2ccccc2CO[C@H]1CNC,5.85
ZINC000040379400,CN[C@@H]1C[C@H](Oc2ccccc2C)c2ccccc21,5.85
ZINC000040380339,CNC[C@@H]1Cc2ccccc2[C@@H]1Oc1ccccc1C,5.85
ZINC000040428745,CNC[C@@H]1CCc2ccccc2[C@@H]1Oc1ccccc1C,5.85
ZINC000040872405,CNC[C@@]1(O)Cc2ccccc2[C@H]1Sc1ccccc1C,5.85
ZINC000040872407,CNC[C@@]1(O)Cc2ccccc2[C@@H]1Sc1ccccc1C,5.85
ZINC000040872409,CNC[C@]1(O)Cc2ccccc2[C@H]1Sc1ccccc1C,5.85
ZINC000040872411,CNC[C@]1(O)Cc2ccccc2[C@@H]1Sc1ccccc1C,5.85
ZINC000072120636,O=S1(=O)N(CC[C@@H]2CNCCO2)c2ccccc2N1c1c(F)cc(F)cc1F,5.85
ZINC000094566092,COc1cc2nc(N3CCN(C(=O)[C@@H]4COc5ccccc5O4)CC3)nc(N)c2cc1OC,5.85
ZINC000094566093,COc1cc2nc(N3CCN(C(=O)[C@H]4COc5ccccc5O4)CC3)nc(N)c2cc1OC,5.85
ZINC000013487741,Fc1ccc(C(OCCC2C[C@@H]3CC[C@H](C2)N3Cc2ccccc2)c2ccc(F)cc2)cc1,5.84
ZINC000013761395,COc1cccc2c1[C@H](CN(C)CCc1ccc3c(c1)OCO3)CCC2,5.84
ZINC000013761396,COc1cccc2c1[C@@H](CN(C)CCc1ccc3c(c1)OCO3)CCC2,5.84
ZINC000013861698,COc1ccc(O[C@@H](CCN2CCN(c3ccccc3OC)CC2)c2ccccc2)cc1,5.84
ZINC000013861699,COc1ccc(O[C@H](CCN2CCN(c3ccccc3OC)CC2)c2ccccc2)cc1,5.84
ZINC000028646347,CC(C)N1CCN([C@@H](CN2CCN(CCCc3c(F)cccc3-c3ccccc3)CC2)c2ccc(F)cc2)CC1,5.84
ZINC000028646350,CC(C)N1CCN([C@H](CN2CCN(CCCc3c(F)cccc3-c3ccccc3)CC2)c2ccc(F)cc2)CC1,5.84
ZINC000048999349,CCSc1ccc(C[C@H](CC)NO)cc1,5.84
ZINC000048999351,CCSc1ccc(C[C@@H](CC)NO)cc1,5.84
ZINC000095558491,COc1ccc2c(c1)CN(C)C[C@H]2c1ccccc1,5.84
ZINC000095558492,COc1ccc2c(c1)CN(C)C[C@@H]2c1ccccc1,5.84
ZINC000095562345,Cc1cccc2c1CN(C)C[C@@H]2c1ccccc1,5.84
ZINC000095562346,Cc1cccc2c1CN(C)C[C@H]2c1ccccc1,5.84
ZINC000100800511,C=CCN1[C@H]2CC[C@H]1CC(OC(c1ccc(F)cc1)c1ccc(F)cc1)C2,5.84
ZINC000013472267,C=Cc1ccc(CN2CCC(CCOC(c3ccccc3)c3ccccc3)CC2)cc1,5.83
ZINC000022938483,c1ccc(CCCN[C@H]2CCCCN(CCOC(c3ccccc3)c3ccccc3)C2)cc1,5.83
ZINC000022938487,c1ccc(CCCN[C@@H]2CCCCN(CCOC(c3ccccc3)c3ccccc3)C2)cc1,5.83
ZINC000028638196,COc1ccc([C@H]2[C@H](c3ccc(C)cc3)C[C@@H]3CC[C@H]2N3C)cc1OC,5.83
ZINC000029056362,O[C@@H](CCN1CCN2C[C@@H]1CC[C@H]2C(c1ccccc1)c1ccccc1)c1ccc(F)cc1,5.83
ZINC000029128879,COc1cccc([C@@]2(OCCCO)CCCC[C@@H]2CN(C)C)c1,5.83
ZINC000041610005,C[C@H](NC(C)(C)C)C(=O)c1ccc(Cl)c(Cl)c1,5.83
ZINC000041610006,C[C@@H](NC(C)(C)C)C(=O)c1ccc(Cl)c(Cl)c1,5.83
ZINC000095559508,CN1Cc2cc(F)ccc2[C@H](c2ccccc2)C1,5.83
ZINC000095559509,CN1Cc2cc(F)ccc2[C@@H](c2ccccc2)C1,5.83
ZINC000101060987,O=C(CCN1[C@H]2CC[C@@H]1C[C@H](OC(c1ccc(F)cc1)c1ccc(F)cc1)C2)Nc1ccccc1,5.83
ZINC000103224258,O=C(/C=C/c1ccccc1)N1[C@H]2CC[C@@H]1C[C@@H](OC(c1ccc(F)cc1)c1ccc(F)cc1)C2,5.83
ZINC000253855603,COC(=O)[C@H]1[C@H]2CC[C@H]3CC[C@H]1N(C/C2=C\c1ccc(-c2ccc(C)cc2)cc1)C3,5.83
ZINC000253855607,COC(=O)[C@@H]1[C@H]2CC[C@H]3CC[C@H]1N(C/C2=C\c1ccc(-c2ccc(C)cc2)cc1)C3,5.83
ZINC000011885008,NCC1(c2cccc3ccccc23)CCCCC1,5.82
ZINC000013861735,FC(F)(F)c1ccc(O[C@@H](CCN2CCN(c3ccccn3)CC2)c2ccccc2)cc1,5.82
ZINC000013861736,FC(F)(F)c1ccc(O[C@H](CCN2CCN(c3ccccn3)CC2)c2ccccc2)cc1,5.82
ZINC000022938587,c1ccc(C(OCCN2CCN(CCCc3ccco3)CC2)c2ccccc2)cc1,5.82
ZINC000026573358,CN(CCCc1ccccc1)CCN(C)CCOC(c1ccc(F)cc1)c1ccc(F)cc1,5.82
ZINC000027201394,CN1CCc2ccc3c(=O)oc4cccc5c4c3c2[C@H]1C5,5.82
ZINC000028758188,Oc1ccc2c(CCC3CCNCC3)c[nH]c2c1,5.82
ZINC000029128931,CN(C)C[C@H]1CCCC[C@]1(OCCO)c1cccc(O)c1,5.82
ZINC000029212318,CCN1CCc2c1ccc(C[C@@H](C)N)c2C,5.82
ZINC000029212323,CCN1CCc2c1ccc(C[C@H](C)N)c2C,5.82
ZINC000029315184,CN(C)C/C=C(\c1cccnc1)c1ccc(Cl)cc1Cl,5.82
ZINC000034117117,CN1Cc2ccccc2[C@H](c2ccccc2)C1,5.82
ZINC000034181751,CN1Cc2ccccc2[C@@H](c2ccccc2)C1,5.82
ZINC000035090404,CCCCC[C@@H](c1ccc(Cl)cc1)[C@@H]1CCCCN1,5.82
ZINC000035090406,CCCCC[C@H](c1ccc(Cl)cc1)[C@@H]1CCCCN1,5.82
ZINC000035090408,CCCCC[C@@H](c1ccc(Cl)cc1)[C@H]1CCCCN1,5.82
ZINC000035090410,CCCCC[C@H](c1ccc(Cl)cc1)[C@H]1CCCCN1,5.82
ZINC000040393590,OC1([C@H](CN2CCNCC2)c2ccc(Cl)cc2)CCCCC1,5.82
ZINC000040393591,OC1([C@@H](CN2CCNCC2)c2ccc(Cl)cc2)CCCCC1,5.82
ZINC000040429068,CNC[C@H]1Cc2ccccc2[C@@H]1Oc1ccccc1C,5.82
ZINC000040846226,c1cc2c(cc1[C@]13CNC[C@H]1C3)OCO2,5.82
ZINC000040846228,c1cc2c(cc1[C@@]13CNC[C@@H]1C3)OCO2,5.82
ZINC000045366333,Cc1ccc(C(=O)O[C@@H](C[C@@H]2CCC[C@H](CC(=O)c3ccccc3)N2C)c2ccccc2)cc1,5.82
ZINC000049047271,CNCCCN1Cc2cc(F)ccc2N(c2ccccc2F)S1(=O)=O,5.82
ZINC000066098304,CN(C)CC1(c2cccc(C(F)(F)F)c2)CCCCC1,5.82
ZINC000071319135,CCN1[C@@H](C)[C@](O)(c2cccc(Cl)c2)OCC1(C)C,5.82
ZINC000095584520,Fc1ccc([C@@H]2CC=CCNC2)cc1Cl,5.82
ZINC000095584521,Fc1ccc([C@H]2CC=CCNC2)cc1Cl,5.82
ZINC000101168029,c1cc2c(cc1[C@@]13CNC[C@H]1C3)OCO2,5.82
ZINC000101168031,c1cc2c(cc1[C@]13CNC[C@@H]1C3)OCO2,5.82
ZINC000150543590,CN1[C@H]2CC[C@H]1[C@@H](C(=O)Nc1ccc(CNC(=O)[C@@H]3[C@@H](c4ccc(Cl)cc4)C[C@@H]4CC[C@H]3N4C)cc1)[C@@H](c1ccc(Cl)cc1)C2,5.82
ZINC000253636338,CN1[C@H]2CC[C@H]1[C@@H](C(=O)OCCc1ccc(N)cc1)[C@@H](OC(c1ccc(F)cc1)c1ccc(F)cc1)C2,5.82
ZINC000261138219,CC(=O)OC[C@H]1[C@H]2C[C@H]3CC[C@H]1N3C/C2=C\c1cccs1,5.82
ZINC000261138221,CC(=O)OC[C@@H]1[C@H]2C[C@H]3CC[C@H]1N3C/C2=C\c1cccs1,5.82
ZINC000003995954,COc1ccc(C(OCCN2CCC[C@H](C(=O)O)C2)(c2ccc(OC)cc2)c2ccc(OC)cc2)cc1,5.81
ZINC000013472259,c1ccc(CN2CCC(CCNC(c3ccccc3)c3ccccc3)CC2)cc1,5.81
ZINC000013474999,CN1CC[C@H](c2ccc(Cl)cc2)[C@@H](CO)C1,5.81
ZINC000013682141,CCC[C@H](C(=O)c1ccc(OC)c(OC)c1)N1CCCC1,5.81
ZINC000013682144,CCC[C@@H](C(=O)c1ccc(OC)c(OC)c1)N1CCCC1,5.81
ZINC000013760762,c1ccc(C(OCCC2CCN(Cc3cc4ccccc4s3)CC2)c2ccccc2)cc1,5.81
ZINC000026509080,Cc1ccc([C@@H]2C[C@H]3CC[C@@H]([C@H]2C(=O)Oc2ccccc2)N3C)cc1,5.81
ZINC000026734470,Cc1ccc([C@H](CN(C)C)C2(O)CCCCC2)cc1,5.81
ZINC000026734474,Cc1ccc([C@@H](CN(C)C)C2(O)CCCCC2)cc1,5.81
ZINC000027727575,CC(C)c1ccc(CN2CCC[C@@H](CCOC(c3ccccc3)c3ccccc3)C2)cc1,5.81
ZINC000027727582,CC(C)c1ccc(CN2CCC[C@H](CCOC(c3ccccc3)c3ccccc3)C2)cc1,5.81
ZINC000029242466,COc1cc2c(cc1OC)[C@H]1CCCN1C[C@H]2c1ccccc1,5.81
ZINC000034007559,Cc1ccc([C@H]2C[C@H]3CC[C@@H]([C@H]2C(=O)Oc2ccccc2)N3C)cc1,5.81
ZINC000034228544,Cc1ccc([C@@H]2C[C@H]3CC[C@@H]([C@@H]2C(=O)Oc2ccccc2)N3C)cc1,5.81
ZINC000034228545,Cc1ccc([C@H]2C[C@H]3CC[C@@H]([C@@H]2C(=O)Oc2ccccc2)N3C)cc1,5.81
ZINC000036271656,CCOC(=O)[C@H]1[C@@H](OC(c2ccc(Cl)cc2)c2ccc(Cl)cc2)C[C@@H]2CC[C@H]1N2C,5.81
ZINC000053243061,C[C@@H]1NC(C)(C)CO[C@@]1(O)c1cccc(-c2cccc3ccccc23)c1,5.81
ZINC000299815553,OC[C@@H]1[C@H]2CC[C@H]3CC[C@H]1N(C/C2=C\c1ccc(-c2ccccc2)cc1)C3,5.81
ZINC000001530725,Clc1ccc([C@H](c2ccccc2Cl)C(Cl)Cl)cc1,5.8
ZINC000001530726,Clc1ccc([C@@H](c2ccccc2Cl)C(Cl)Cl)cc1,5.8
ZINC000002525884,CNC[C@H](c1ccc(OC)cc1)C1(O)CCCCC1,5.8
ZINC000005764878,CN(C)[C@H]1CC[C@@H](c2ccccc2)c2ccccc21,5.8
ZINC000011601499,NC(Cc1ccc2c(c1)OCO2)Cc1ccc2c(c1)OCO2,5.8
ZINC000013760760,Nc1ccc(CN2CCC(CCOC(c3ccccc3)c3ccccc3)CC2)cc1,5.8
ZINC000013797128,CN1CCN(c2cc3c4c(cccc4n2)-c2ccccc2-3)CC1,5.8
ZINC000013861721,FC(F)(F)c1ccc(O[C@@H](CCN2CCN(c3ncccn3)CC2)c2ccccc2)cc1,5.8
ZINC000013861722,FC(F)(F)c1ccc(O[C@H](CCN2CCN(c3ncccn3)CC2)c2ccccc2)cc1,5.8
ZINC000013862278,Fc1ccc(CN2CCC(CCNC(c3ccccc3)c3ccccc3)CC2)cc1F,5.8
ZINC000013863552,COC(=O)C1=C(c2ccc(Cl)c(Cl)c2)C[C@H]2C[C@@H](O)[C@@H]1N2C,5.8
ZINC000021981408,CNC[C@@H](c1ccc(OC)cc1)C1(O)CCCCC1,5.8
ZINC000022938469,c1ccc(CCCN2CCCCN(CCOC(c3ccccc3)c3ccccc3)CC2)cc1,5.8
ZINC000029128142,CCN(CC)C(=O)[C@@]1(c2ccccc2)C[C@@H]1CNCc1ncco1,5.8
ZINC000029128143,CCN(CC)C(=O)[C@]1(c2ccccc2)C[C@@H]1CNCc1ncco1,5.8
ZINC000029128144,CCN(CC)C(=O)[C@@]1(c2ccccc2)C[C@H]1CNCc1ncco1,5.8
ZINC000029128145,CCN(CC)C(=O)[C@]1(c2ccccc2)C[C@H]1CNCc1ncco1,5.8
ZINC000029251486,CN(C)C/C=C(\c1cccnc1)c1cccc(F)c1,5.8
ZINC000029253514,CN(C)C/C=C(/c1ccc(N(C)C)cc1)c1ccccn1,5.8
ZINC000034469787,COc1ccc2c(c1)[C@H](c1ccccc1)CN(C)C2,5.8
ZINC000034469789,COc1ccc2c(c1)[C@@H](c1ccccc1)CN(C)C2,5.8
ZINC000040424413,CNC[C@@H]1COc2ccccc2[C@@H]1Oc1ccccc1Cl,5.8
ZINC000040972636,CC(=O)Nc1ccc(CN2CCN(CCOc3cccc4nc(C)ccc34)CC2)cc1,5.8
ZINC000049112252,CCSc1ccc(C[C@@H](C)N(C)O)cc1,5.8
ZINC000049112253,CCSc1ccc(C[C@H](C)N(C)O)cc1,5.8
ZINC000066259960,Cc1ccc2c(N3CCN(CCc4cccc(NC(=O)C(C)(C)C)c4)CC3)cccc2n1,5.8
ZINC000100891285,COC(=O)C1=C(c2ccc(Cl)c(Cl)c2)C[C@H]2C[C@H](O)[C@H]1N2C,5.8
ZINC000001727260,Cc1ccc(C(=O)[C@H]2CN(C)CC[C@]2(O)c2ccc(C)cc2)cc1,5.79
ZINC000004175569,Oc1nc2ccccc2n1CCCN1CCC(n2c(O)nc3cc(Cl)ccc32)CC1,5.79
ZINC000005085453,Cc1ccc(C(=O)[C@@H]2CN(C)CC[C@]2(O)c2ccc(C)cc2)cc1,5.79
ZINC000013610055,CCOC(=O)C1(c2ccc(C)cc2)CCN(C)CC1,5.79
ZINC000016955384,Cc1ccc(C(=O)[C@H]2CN(C)CC[C@@]2(O)c2ccc(C)cc2)cc1,5.79
ZINC000026577733,C[C@@H]1CN(CCCn2c3ccc(Br)cc3c3cc(Br)cc(Br)c32)C[C@@H](C)N1,5.79
ZINC000035996051,CNC[C@@H](O)[C@H](c1cccc(F)c1)N1CC(C)(C)c2cccc(F)c21,5.79
ZINC000041609273,C[C@H](NC1CC1)C(=O)c1ccc(Cl)cc1,5.79
ZINC000041609274,C[C@@H](NC1CC1)C(=O)c1ccc(Cl)cc1,5.79
ZINC000066112396,Nc1nc(CC(=O)Nc2ccc(C[C@@H]3CC[C@H]([C@H](O)c4ccccc4)N3)cc2)cs1,5.79
ZINC000100834435,CN1[C@H]2CC[C@@H]1C[C@H](OC(c1ccc(Cl)cc1)c1ccc(Cl)cc1)C2,5.79
ZINC000105238524,Cc1ccc(C(=O)[C@@H]2CN(C)CC[C@@]2(O)c2ccc(C)cc2)cc1,5.79
ZINC000253641701,CN1[C@H]2CC[C@H]1[C@@H](C(N)=O)[C@@H](c1ccc(Cl)cc1)C2,5.79
ZINC000253641703,CN1[C@H]2CC[C@H]1[C@H](C(N)=O)[C@@H](c1ccc(Cl)cc1)C2,5.79
ZINC000253641706,CN1[C@H]2CC[C@H]1[C@H](C(N)=O)[C@H](c1ccc(Cl)cc1)C2,5.79
ZINC000253641708,CN1[C@H]2CC[C@H]1[C@@H](C(N)=O)[C@H](c1ccc(Cl)cc1)C2,5.79
ZINC000013475062,COc1cccc2c1N1CCN(C)C[C@@H]1c1ccccc1C2,5.78
ZINC000013862279,CN(CCC1CCN(Cc2ccc(F)cc2)CC1)C(c1ccccc1)c1ccccc1,5.78
ZINC000022927028,C=CCN1CCN(CCOC(c2ccc(F)cc2)c2ccc(F)cc2)CC1,5.78
ZINC000028883508,c1ccc([C@@H]2CNCc3cc(OCCCN4CCCCC4)ncc32)cc1,5.78
ZINC000028883516,c1ccc([C@H]2CNCc3cc(OCCCN4CCCCC4)ncc32)cc1,5.78
ZINC000139382640,CN1[C@H]2CC[C@H]1CN(CCOC(c1ccc(F)cc1)c1ccc(F)cc1)CC2,5.78
ZINC000261135266,CN1[C@H]2CC[C@H]1[C@@H]1COC(=O)CCSCCC(=O)Nc3ccc(cc3)[C@H]1C2,5.78
ZINC000261135270,CN1[C@H]2CC[C@H]1[C@@H]1COC(=O)CCSCCC(=O)Nc3ccc(cc3)[C@@H]1C2,5.78
ZINC000261135273,CN1[C@H]2CC[C@H]1[C@H]1COC(=O)CCSCCC(=O)Nc3ccc(cc3)[C@H]1C2,5.78
ZINC000261135276,CN1[C@H]2CC[C@H]1[C@H]1COC(=O)CCSCCC(=O)Nc3ccc(cc3)[C@@H]1C2,5.78
ZINC000007996519,CN(C)C/C=C(\c1ccc(Br)cc1)c1cccnc1,5.77
ZINC000013861966,Clc1cccc([C@@H](OC2C[C@@H]3CC[C@H](C2)N3Cc2ccccc2)c2ccccc2)c1,5.77
ZINC000013861967,Clc1cccc([C@H](OC2C[C@@H]3CC[C@H](C2)N3Cc2ccccc2)c2ccccc2)c1,5.77
ZINC000022938531,c1ccc(C(OCCN2CCN(CCOC(c3ccccc3)c3ccccc3)CC2)c2ccccc2)cc1,5.77
ZINC000026663722,Cc1ccc([C@@H]2C[C@H]3CC[C@@H]([C@H]2c2ncc(-c4ccccc4)o2)N3C)cc1,5.77
ZINC000028758072,CN1CCC(CCc2cn(C)c3ccccc23)CC1,5.77
ZINC000028824486,C[C@H]1CN(c2ccc(C(=O)Nc3ccccc3N)cn2)CCN1C(=O)OCc1ccccc1,5.77
ZINC000029046644,C=CCN(CCC)C(=O)[C@@]1(c2ccc3c(c2)CCO3)C[C@H]1CN,5.77
ZINC000029127622,CCCN(CC)C(=O)[C@@]1(c2ccccc2)C[C@@H]1CN,5.77
ZINC000029127623,CCCN(CC)C(=O)[C@]1(c2ccccc2)C[C@@H]1CN,5.77
ZINC000029127624,CCCN(CC)C(=O)[C@@]1(c2ccccc2)C[C@H]1CN,5.77
ZINC000029127625,CCCN(CC)C(=O)[C@]1(c2ccccc2)C[C@H]1CN,5.77
ZINC000029128185,NC[C@@H]1C[C@@]1(C(=O)N1CCOCC1)c1ccccc1,5.77
ZINC000029128186,NC[C@H]1C[C@@]1(C(=O)N1CCOCC1)c1ccccc1,5.77
ZINC000029128187,NC[C@@H]1C[C@]1(C(=O)N1CCOCC1)c1ccccc1,5.77
ZINC000029128188,NC[C@H]1C[C@]1(C(=O)N1CCOCC1)c1ccccc1,5.77
ZINC000029313710,CN[C@H]1CC[C@@H](c2ccc(F)cc2)c2ccccc21,5.77
ZINC000035090522,CC(C)C[C@@H](c1ccc(C(C)C)cc1)[C@@H]1CCCCN1,5.77
ZINC000035090524,CC(C)C[C@H](c1ccc(C(C)C)cc1)[C@@H]1CCCCN1,5.77
ZINC000035090526,CC(C)C[C@@H](c1ccc(C(C)C)cc1)[C@H]1CCCCN1,5.77
ZINC000035090528,CC(C)C[C@H](c1ccc(C(C)C)cc1)[C@H]1CCCCN1,5.77
ZINC000036270954,Cc1ccc([C@H]2C[C@H]3CC[C@@H]([C@H]2c2ncc(-c4ccccc4)o2)N3C)cc1,5.77
ZINC000040422529,CCCC(=O)O[C@@H](Cc1ccccc1)CN1CCN(CCCN(c2ccc(F)cc2)c2ccc(F)cc2)CC1,5.77
ZINC000040974888,CNC[C@@H]1OCc2ccccc2[C@@H]1Oc1c(F)cccc1C(F)(F)F,5.77
ZINC000066112417,C[C@H](N)C1(c2cccc3ccccc23)CCCCC1,5.77
ZINC000066112418,C[C@@H](N)C1(c2cccc3ccccc23)CCCCC1,5.77
ZINC000100799615,O[C@H]1Cc2ccccc2C[C@@H]1N1[C@H]2CC[C@H]1CC(c1ccccc1)C2,5.77
ZINC000101060067,CN1[C@H]2C=C(c3ccccc3-c3ccccc3)C[C@H]1CC2,5.77
ZINC000136897803,CN1C[C@H]2C[C@H]1CN2CCOC(c1ccc(F)cc1)c1ccc(F)cc1,5.77
ZINC000019365781,COc1ccc(CCN2CCN(CCCc3ccccc3)CC2)cc1,5.76
ZINC000022938454,C[C@H]1CN(CCCc2ccccc2)[C@H](C)CN1CCOC(c1ccccc1)c1ccccc1,5.76
ZINC000034986249,CNCC[C@@H](c1ccccc1)N1C(=O)C2(CCCCC2)c2ccccc21,5.76
ZINC000036271634,COC(=O)[C@@H]1CN(C)CC[C@@H]1c1ccc(C=O)cc1,5.76
ZINC000038392918,Cc1ccc2c(c1C)CN(C)C[C@@H]2c1ccccc1,5.76
ZINC000038392919,Cc1ccc2c(c1C)CN(C)C[C@H]2c1ccccc1,5.76
ZINC000100386260,CCCCN1[C@H]2CC[C@H]1CC(OC(c1ccc(F)cc1)c1ccc(F)cc1)C2,5.76
ZINC000003632416,O[C@]1(c2ccccc2)c2ccccc2C2=NCCN21,5.75
ZINC000003632418,O[C@@]1(c2ccccc2)c2ccccc2C2=NCCN21,5.75
ZINC000013494218,O=[N+]([O-])c1ccc(CN2CCC(CCOC(c3ccccc3)c3ccccc3)CC2)cc1,5.75
ZINC000013579444,CN1CC[C@H](c2ccc(Cl)cc2)[C@@H](C(=O)OCCCCCc2ccccc2)C1,5.75
ZINC000013584871,CN1CC[C@H](c2ccc(Cl)cc2)[C@@H](C[S@@](=O)CC(=O)NO)C1,5.75
ZINC000013584873,CN1CC[C@H](c2ccc(Cl)cc2)[C@@H](C[S@](=O)CC(=O)NO)C1,5.75
ZINC000013682170,CC[C@@H](CC(=O)c1ccc(Cl)c(Cl)c1)N1CCCC1,5.75
ZINC000013682173,CC[C@H](CC(=O)c1ccc(Cl)c(Cl)c1)N1CCCC1,5.75
ZINC000028363905,c1ccc2c(N3CCN(CCc4ccc5c(c4)NCN5)CC3)cccc2c1,5.75
ZINC000029403200,CN1CC[C@@H](c2ccc(Cl)cc2)[C@@H](C(=O)OCCCCCc2ccccc2)C1,5.75
ZINC000029405603,CO/N=C1\CN2CC[C@@H](c3ccc(Cl)cc3)[C@H]1C2,5.75
ZINC000034891372,C=C[C@H]1[C@@H](OC(c2ccc(F)cc2)c2ccc(F)cc2)C[C@@H]2CC[C@H]1N2C,5.75
ZINC000036270751,CN1CC[C@H](c2ccc(Cl)cc2)[C@H](C(=O)OCCCCCc2ccccc2)C1,5.75
ZINC000036270753,CN1CC[C@@H](c2ccc(Cl)cc2)[C@H](C(=O)OCCCCCc2ccccc2)C1,5.75
ZINC000036271501,CN1CC[C@H](c2ccc(Cl)cc2)[C@H](C[S@@](=O)CC(=O)NO)C1,5.75
ZINC000038424857,c1ccc2c(N3CCN(CCc4ccc5nc[nH]c5c4)CC3)cccc2c1,5.75
ZINC000072119643,O=S1(=O)N(CC[C@@H]2CNCCO2)c2ccccc2N1c1ccccc1,5.75
ZINC000100742005,CCC(=O)[C@H]1[C@@H](c2ccc(C(C)(C)C)cc2)C[C@H]2CC[C@H]1N2C,5.75
ZINC000100742007,CCC(=O)[C@@H]1[C@@H](c2ccc(C(C)(C)C)cc2)C[C@H]2CC[C@H]1N2C,5.75
ZINC000101022811,CN1CC[C@H](c2ccc(Cl)cc2)[C@H](C[S@](=O)CC(=O)NO)C1,5.75
ZINC000253636929,CCC(=O)[C@@H]1[C@H](c2ccc(C(C)(C)C)cc2)C[C@H]2CC[C@H]1N2C,5.75
ZINC000253636931,CCC(=O)[C@H]1[C@H](c2ccc(C(C)(C)C)cc2)C[C@H]2CC[C@H]1N2C,5.75
ZINC000013493982,O[C@@H]1CN(Cc2ccc(F)cc2)CC[C@H]1CCOC(c1ccccc1)c1ccccc1,5.74
ZINC000013760754,Fc1ccc(CN2CCC(CCO[C@@H](c3ccccc3)c3ccc(Cl)cc3)CC2)cc1,5.74
ZINC000013760755,Fc1ccc(CN2CCC(CCO[C@H](c3ccccc3)c3ccc(Cl)cc3)CC2)cc1,5.74
ZINC000022930181,c1ccc(C(c2ccccc2)[C@H]2CC[C@@H](NCc3cc4ccccc4[nH]3)CN2)cc1,5.74
ZINC000022938594,C(=C/c1ccco1)\CN1CCN(CCOC(c2ccccc2)c2ccccc2)CC1,5.74
ZINC000023360858,C[C@@](O)(CCN1CCN(CCOC(c2ccccc2)c2ccccc2)CC1)c1ccccc1,5.74
ZINC000023360861,C[C@](O)(CCN1CCN(CCOC(c2ccccc2)c2ccccc2)CC1)c1ccccc1,5.74
ZINC000028645411,Clc1ccccc1[C@H]1CCCN2CCCC[C@H]12,5.74
ZINC000029042658,NC[C@@H]1C[C@@]1(C(=O)N1C=CCCC1)c1ccsc1,5.74
ZINC000029209788,C[C@@H](N)Cc1ccc2c(c1)CCN2,5.74
ZINC000029209793,C[C@H](N)Cc1ccc2c(c1)CCN2,5.74
ZINC000035090420,CC(C)(C)C[C@@H](c1ccc(Cl)cc1)[C@@H]1CCCCN1,5.74
ZINC000035090422,CC(C)(C)C[C@H](c1ccc(Cl)cc1)[C@@H]1CCCCN1,5.74
ZINC000035090424,CC(C)(C)C[C@@H](c1ccc(Cl)cc1)[C@H]1CCCCN1,5.74
ZINC000035090426,CC(C)(C)C[C@H](c1ccc(Cl)cc1)[C@H]1CCCCN1,5.74
ZINC000040380287,CNC[C@]1(O)Cc2ccccc2[C@@H]1Oc1ccccc1CO,5.74
ZINC000040892050,COc1ccc(-c2c(C)noc2[C@H]2[C@@H](c3ccc(Cl)cc3)C[C@@H]3CC[C@H]2N3C)cc1,5.74
ZINC000045496981,CC1(C)[C@@H]2CNC[C@@]21c1ccccc1,5.74
ZINC000045496982,CC1(C)[C@H]2CNC[C@]21c1ccccc1,5.74
ZINC000048998237,CCN[C@@H](CC)Cc1ccc(SCC)cc1,5.74
ZINC000048998238,CCN[C@H](CC)Cc1ccc(SCC)cc1,5.74
ZINC000053224526,CC[C@@H]1NC(C)(C)CO[C@@]1(O)c1cccc(Cl)c1,5.74
ZINC000066166632,N[C@@H]1Cc2ccccc2[C@@H](c2ccc(Cl)c(Cl)c2)C1,5.74
ZINC000072112637,Clc1ccc([C@]23CCCC[C@@H]2CNC3)cc1Cl,5.74
ZINC000100070274,Nc1c(Br)cc(Br)cc1CN[C@@H]1CC[C@H](O)CC1,5.74
ZINC000101167914,CC1(C)[C@H]2CNC[C@@]21c1ccccc1,5.74
ZINC000101167921,CC1(C)[C@@H]2CNC[C@]21c1ccccc1,5.74
ZINC000013475013,COC(=O)[C@@H]1CN(CCc2ccccc2)CC[C@@H]1c1ccc(Cl)cc1,5.73
ZINC000013489687,Fc1ccc(CN[C@H]2CC[C@H](C(c3ccccc3)c3ccccc3)OC2)cc1,5.73
ZINC000013489688,Fc1ccc(CN[C@H]2CC[C@@H](C(c3ccccc3)c3ccccc3)OC2)cc1,5.73
ZINC000013494195,CN1C[C@H]2CC[C@@H](C1)C2c1ccccc1,5.73
ZINC000026740091,CCOC(=O)[C@H]1[C@@H](OC(c2ccc(F)cc2)c2ccc(F)cc2)C[C@@H]2CC[C@H]1N2C,5.73
ZINC000027517257,C[C@H]1CN(CCCn2c3ccc([N+](=O)[O-])cc3c3cc([N+](=O)[O-])ccc32)C[C@H](C)N1,5.73
ZINC000029344945,Fc1ccc(CN[C@@H]2CC[C@@H](C(c3ccccc3)c3ccccc3)OC2)cc1,5.73
ZINC000029344947,Fc1ccc(CN[C@@H]2CC[C@H](C(c3ccccc3)c3ccccc3)OC2)cc1,5.73
ZINC000049013991,CSc1ccc(C[C@H](C)N(C)O)cc1,5.73
ZINC000049013994,CSc1ccc(C[C@@H](C)N(C)O)cc1,5.73
ZINC000049017020,CSc1ccc(C[C@H](C)NC(C)C)cc1,5.73
ZINC000049017024,CSc1ccc(C[C@@H](C)NC(C)C)cc1,5.73
ZINC000053738308,CNCC1(c2ccc(Cl)cc2)CCCCC1,5.73
ZINC000096909353,COc1ccc2[nH]cc(C3CCN(CCN4C(=O)C[C@H](c5c[nH]c6ccccc56)C4=O)CC3)c2c1,5.73
ZINC000100912975,CCOC(=O)[C@H]1[C@@H](OC(c2ccc(F)cc2)c2ccc(F)cc2)C[C@H]2CC[C@H]1N2C,5.73
ZINC000100912976,CCOC(=O)[C@@H]1[C@@H](OC(c2ccc(F)cc2)c2ccc(F)cc2)C[C@H]2CC[C@H]1N2C,5.73
ZINC000103134408,COc1ccc2[nH]cc(C3CCN(CCN4C(=O)C[C@@H](c5c[nH]c6ccccc56)C4=O)CC3)c2c1,5.73
ZINC000253684027,CCOC(=O)[C@H]1[C@H](OC(c2ccc(F)cc2)c2ccc(F)cc2)C[C@H]2CC[C@H]1N2C,5.73
ZINC000253684032,CCOC(=O)[C@@H]1[C@H](OC(c2ccc(F)cc2)c2ccc(F)cc2)C[C@H]2CC[C@H]1N2C,5.73
ZINC000011601320,NC(Cc1ccc(Cl)cc1)Cc1ccc(Cl)cc1,5.72
ZINC000013760437,CC(C)(CNCCCc1ccccc1)CNCCOC(c1ccccc1)c1ccccc1,5.72
ZINC000022938622,c1ccc(C(OCCN2CCN(Cc3cc4ccccc4o3)CC2)c2ccccc2)cc1,5.72
ZINC000022938636,c1ccc(C(OCCN2CCN(Cc3nc4ccccc4[nH]3)CC2)c2ccccc2)cc1,5.72
ZINC000026579559,COC(=O)C1=C(c2ccc(Cl)c(Cl)c2)C[C@H]2CC[C@@H]1N2C,5.72
ZINC000028392032,c1ccc(C(c2ccccc2)[C@@H]2CC[C@H]3CN2CCN3c2cccc3ccccc23)cc1,5.72
ZINC000028392038,c1ccc(C(c2ccccc2)[C@H]2CC[C@H]3CN2CCN3c2cccc3ccccc23)cc1,5.72
ZINC000028758866,c1ccc(Cn2cc(CCC3CCNCC3)c3ccccc32)cc1,5.72
ZINC000029212989,CC(C)(N)Cc1ccc2c(c1)CCN2,5.72
ZINC000029476529,COC(=O)[C@H](c1ccc(Cl)cc1)[C@@H]1CCCN1,5.72
ZINC000034986466,CNCC[C@H](c1ccccc1)n1c(=O)sc2ccccc21,5.72
ZINC000035090364,C[C@@H](c1ccc(Cl)cc1)[C@@H]1CCCCN1,5.72
ZINC000035090366,C[C@H](c1ccc(Cl)cc1)[C@@H]1CCCCN1,5.72
ZINC000035090368,C[C@@H](c1ccc(Cl)cc1)[C@H]1CCCCN1,5.72
ZINC000035090370,C[C@H](c1ccc(Cl)cc1)[C@H]1CCCCN1,5.72
ZINC000040935891,CN(C)Cc1cc(S(N)(=O)=O)ccc1[S@@](=O)c1ccc(C(F)(F)F)cc1,5.72
ZINC000040935893,CN(C)Cc1cc(S(N)(=O)=O)ccc1[S@](=O)c1ccc(C(F)(F)F)cc1,5.72
ZINC000040977556,c1csc([C@]23CNC[C@H]2C3)c1,5.72
ZINC000084298917,Cc1[nH]c2ccc(F)cc2c1C1=CCNCC1,5.72
ZINC000100378704,CN1[C@H]2CC[C@H]1[C@@H](c1ccccc1)[C@@H](c1ccccc1)C2,5.72
ZINC000100825130,COC(=O)C1=C(c2ccc(Cl)c(Cl)c2)C[C@H]2CC[C@H]1O2,5.72
ZINC000205367837,C[C@@H]1CCNCC(=O)N1c1ccc(Cl)c(Cl)c1,5.72
ZINC000205367851,C[C@H]1CCNCC(=O)N1c1ccc(Cl)c(Cl)c1,5.72
ZINC000013487743,Clc1ccc([C@@H](OCCC2C[C@@H]3CC[C@H](C2)N3Cc2ccccc2)c2ccccc2)cc1,5.71
ZINC000013487744,Clc1ccc([C@H](OCCC2C[C@@H]3CC[C@H](C2)N3Cc2ccccc2)c2ccccc2)cc1,5.71
ZINC000013682153,CCC[C@H](C(=O)c1ccc(-c2cccs2)cc1)N1CCCC1,5.71
ZINC000013682156,CCC[C@@H](C(=O)c1ccc(-c2cccs2)cc1)N1CCCC1,5.71
ZINC000022927417,O[C@@H](CCN1CCN(CCOC(c2ccccc2)c2ccccc2)CC1)c1ccco1,5.71
ZINC000022927420,O[C@H](CCN1CCN(CCOC(c2ccccc2)c2ccccc2)CC1)c1ccco1,5.71
ZINC000034986254,CNCC[C@@H](c1ccccc1)N1C(=O)C(C)(C)c2ccccc21,5.71
ZINC000042834050,O=C(Cc1ccccc1)O[C@@H](Cc1ccccc1)CN1CCN(CCCN(c2ccc(F)cc2)c2ccc(F)cc2)CC1,5.71
ZINC000045391182,CNC[C@@H](O)[C@H](c1cccc(F)c1)N1CC2(CCCC2)c2ccccc21,5.71
ZINC000049112335,CC[C@@H](Cc1ccc(SC)cc1)NC(C)C,5.71
ZINC000049112336,CC[C@H](Cc1ccc(SC)cc1)NC(C)C,5.71
ZINC000066104721,CN[C@@H]1CCc2ccccc2[C@@H]1c1ccc(Cl)c(Cl)c1,5.71
ZINC000013491096,COc1cccc2c1[C@](O)(c1ccc(Cl)cc1)N1CCN=C21,5.7
ZINC000013491097,COc1cccc2c1[C@@](O)(c1ccc(Cl)cc1)N1CCN=C21,5.7
ZINC000013579475,CN1CC[C@H](c2ccc(Cl)cc2)[C@@H](CC(=O)N(C)C)C1,5.7
ZINC000013740253,Cc1ccc([C@H]2C[C@@H]3CC[C@H]([C@H]2C(=O)OC2CCC2)N3C)cc1,5.7
ZINC000022938643,c1ccc(C(OCCN2CCN(Cc3ccc4ccccc4n3)CC2)c2ccccc2)cc1,5.7
ZINC000023360885,C[C@](O)(Cc1ccccc1)CN1CCN(CCOC(c2ccccc2)c2ccccc2)CC1,5.7
ZINC000023360888,C[C@@](O)(Cc1ccccc1)CN1CCN(CCOC(c2ccccc2)c2ccccc2)CC1,5.7
ZINC000028883625,c1ccc([C@@H]2CNCc3cc(OCCCN4CCOCC4)ncc32)cc1,5.7
ZINC000028883629,c1ccc([C@H]2CNCc3cc(OCCCN4CCOCC4)ncc32)cc1,5.7
ZINC000029043066,CCN(CC)C(=O)[C@@]1(c2sc(Cl)c(Cl)c2Cl)C[C@H]1CN,5.7
ZINC000029127616,CCCCN(CC)C(=O)[C@@]1(c2ccccc2)C[C@@H]1CN,5.7
ZINC000029127617,CCCCN(CC)C(=O)[C@]1(c2ccccc2)C[C@@H]1CN,5.7
ZINC000029127618,CCCCN(CC)C(=O)[C@@]1(c2ccccc2)C[C@H]1CN,5.7
ZINC000029127619,CCCCN(CC)C(=O)[C@]1(c2ccccc2)C[C@H]1CN,5.7
ZINC000029312624,CCNC/C=C(/c1ccc(Br)cc1)c1cccnc1,5.7
ZINC000029315937,CN(C)C/C=C(/c1ccc(C(F)(F)F)cc1)c1cccnc1,5.7
ZINC000036126911,Cc1ccc2c(c1)c(-c1ccnc3c(C)cccc13)c(C)n2CC(=O)O,5.7
ZINC000042887785,CN(C)[C@@H]1C[C@H](Oc2ccccc2)c2ccccc21,5.7
ZINC000049013918,CCSc1ccc(C[C@H](CC)N(C)O)cc1,5.7
ZINC000049013920,CCSc1ccc(C[C@@H](CC)N(C)O)cc1,5.7
ZINC000049035645,CNCCCCN1Cc2ccccc2N(c2ccccc2F)S1(=O)=O,5.7
ZINC000058540911,CCCn1c(-c2ccccc2)cc(C(=O)NCCCN2CCN(c3cccc(OC)c3OC)CC2)c1C,5.7
ZINC000066252761,Cc1ccc2c(N3CCN(CCc4cccc(NC(=O)Nc5ccccc5F)c4)CC3)cccc2n1,5.7
ZINC000066259961,Cc1ccc2c(N3CCN(CCc4cccc(NC(=O)c5ccccc5)c4)CC3)cccc2n1,5.7
ZINC000066262495,Cc1ccc2c(N3CCN(CCc4cccc(NC(=O)Nc5ccccc5)c4)CC3)cccc2n1,5.7
ZINC000261177535,c1cc2c(cc1CN[C@H]1[C@H]3[C@H]4C[C@@H]5[C@H]6[C@@H](C[C@H]53)[C@@H]1[C@@H]64)OCO2,5.7
ZINC000261177817,c1cc2c(cc1CN[C@@H]1[C@H]3[C@@H]4C[C@@H]5[C@@H]6C[C@@H]([C@@H]3[C@@H]64)[C@H]15)OCO2,5.7
ZINC000261177819,c1cc2c(cc1CN[C@H]1[C@H]3[C@H]4C[C@@H]5[C@@H]6[C@H]4[C@H]1[C@@H]6C[C@H]53)OCO2,5.7
ZINC000261177822,c1cc2c(cc1CN[C@@H]1[C@@H]3[C@@H]4[C@H]5[C@H]6C[C@@H]4[C@H]1[C@@H]6C[C@H]53)OCO2,5.7
ZINC000013584875,CNC(=O)C[S@@](=O)C[C@H]1CN(C)CC[C@@H]1c1ccc(Cl)cc1,5.69
ZINC000013682112,CCC[C@H](C(=O)c1ccccc1C)N1CCCC1,5.69
ZINC000013682115,CCC[C@@H](C(=O)c1ccccc1C)N1CCCC1,5.69
ZINC000013682193,Cc1ccc(C(=O)[C@@H](CC(C)C)N2CCCC2)cc1,5.69
ZINC000013682196,Cc1ccc(C(=O)[C@H](CC(C)C)N2CCCC2)cc1,5.69
ZINC000020621755,CCOc1cc(N)c(Cl)cc1C(=O)NC[C@@H]1CN(Cc2ccc(F)cc2)CCO1,5.69
ZINC000020621758,CCOc1cc(N)c(Cl)cc1C(=O)NC[C@H]1CN(Cc2ccc(F)cc2)CCO1,5.69
ZINC000028465401,CNC(=O)C[S@@](=O)C[C@@H]1CN(C)CC[C@@H]1c1ccc(Cl)cc1,5.69
ZINC000028645435,O[C@@H]1CCN2CCCC[C@@H]2[C@H]1c1ccc(Cl)c(Cl)c1,5.69
ZINC000029481938,COC(=O)[C@@H](c1ccc2ccccc2c1)[C@H]1CCCN1,5.69
ZINC000036271098,Cc1ccc([C@@H]2C[C@H]3CC[C@@H]([C@@H]2C(=O)OC2CCC2)N3C)cc1,5.69
ZINC000036271100,Cc1ccc([C@H]2C[C@H]3CC[C@@H]([C@@H]2C(=O)OC2CCC2)N3C)cc1,5.69
ZINC000045389790,COc1ccc(C(=O)O[C@@H](C[C@@H]2CCC[C@H](CC(=O)c3ccccc3)N2C)c2ccccc2)cc1,5.69
ZINC000049053521,CNCCCCN1c2ccccc2N(c2ccccc2F)S1(=O)=O,5.69
ZINC000095563111,CN1Cc2c(O)cccc2[C@H](c2ccccc2)C1,5.69
ZINC000095563112,CN1Cc2c(O)cccc2[C@@H](c2ccccc2)C1,5.69
ZINC000100854097,COC(=O)[C@@H]1[C@@H]2C[C@H]3CC[C@H]1N3C/C2=C\c1cccs1,5.69
ZINC000103228714,c1ccc(CCN[C@@H]2CO[C@H](C(c3ccccc3)c3ccccc3)C2)cc1,5.69
ZINC000202394829,Cc1ccc([C@@H]2C[C@H]3CC[C@@H]([C@H]2C(=O)OC2CCC2)N3C)cc1,5.69
ZINC000202394850,Cc1ccc([C@H]2C[C@H]3CC[C@@H]([C@H]2C(=O)OC2CCC2)N3C)cc1,5.69
ZINC000253638675,CNC(=O)C[S@](=O)C[C@@H]1CN(C)CC[C@H]1c1ccc(Cl)cc1,5.69
ZINC000253638677,CNC(=O)C[S@](=O)C[C@H]1CN(C)CC[C@H]1c1ccc(Cl)cc1,5.69
ZINC000253690281,CN1[C@H]2CC[C@H]1[C@H](C(=O)OCc1ccccc1)[C@@H](OC(c1ccc(F)cc1)c1ccc(F)cc1)C2,5.69
ZINC000253690285,CN1[C@H]2CC[C@H]1[C@@H](C(=O)OCc1ccccc1)[C@H](OC(c1ccc(F)cc1)c1ccc(F)cc1)C2,5.69
ZINC000253690287,CN1[C@H]2CC[C@H]1[C@H](C(=O)OCc1ccccc1)[C@H](OC(c1ccc(F)cc1)c1ccc(F)cc1)C2,5.69
ZINC000253690289,CN1[C@H]2CC[C@H]1[C@@H](C(=O)OCc1ccccc1)[C@@H](OC(c1ccc(F)cc1)c1ccc(F)cc1)C2,5.69
ZINC000253861117,COC(=O)[C@H]1[C@H]2C[C@H]3CC[C@H]1N3C/C2=C\c1cccs1,5.69
ZINC000253861120,COC(=O)[C@@H]1[C@H]2C[C@H]3CC[C@H]1N3C/C2=C\c1cccs1,5.69
ZINC000013580493,Fc1ccc(C(OC2C[C@@H]3CC[C@H](C2)N3CCOCc2cccs2)c2ccc(F)cc2)cc1,5.68
ZINC000013776227,Fc1ccc(C(OC2C[C@@H]3CC[C@H](C2)N3)c2ccc(F)cc2)cc1,5.68
ZINC000013861962,Clc1cccc([C@@H](OC2C[C@@H]3CC[C@H](C2)N3)c2ccccc2)c1,5.68
ZINC000013861963,Clc1cccc([C@H](OC2C[C@@H]3CC[C@H](C2)N3)c2ccccc2)c1,5.68
ZINC000022927020,CCN1CCN(CCOC(c2ccc(F)cc2)c2ccc(F)cc2)CC1,5.68
ZINC000022938491,Fc1ccc(C(OCCN2CCCNCC2)c2ccc(F)cc2)cc1,5.68
ZINC000027517777,C[C@H]1CN(CCCn2c3ccccc3c3cc(N)ccc32)C[C@H](C)N1,5.68
ZINC000028645461,CO[C@H]1CCN2CCCC[C@@H]2[C@H]1c1ccccc1,5.68
ZINC000028646373,CC(C)N1CCN([C@@H](CN2CCN(CCCc3ccccc3-c3cccc(F)c3)CC2)c2ccc(F)cc2)CC1,5.68
ZINC000028646376,CC(C)N1CCN([C@H](CN2CCN(CCCc3ccccc3-c3cccc(F)c3)CC2)c2ccc(F)cc2)CC1,5.68
ZINC000029046767,CCN(CC)C(=O)[C@@]1(c2ccc3c(c2)CCO3)C[C@H]1CN,5.68
ZINC000029315194,CN(C)C/C=C(/c1ccc(Cl)cc1)c1cccnc1,5.68
ZINC000035090428,Clc1ccc([C@@H](CC2CCCC2)[C@@H]2CCCCN2)cc1,5.68
ZINC000035090430,Clc1ccc([C@H](CC2CCCC2)[C@@H]2CCCCN2)cc1,5.68
ZINC000035090432,Clc1ccc([C@@H](CC2CCCC2)[C@H]2CCCCN2)cc1,5.68
ZINC000035090434,Clc1ccc([C@H](CC2CCCC2)[C@H]2CCCCN2)cc1,5.68
ZINC000040973398,Cc1ccccc1O[C@H]1c2ccccc2OC[C@H]1CN,5.68
ZINC000040979462,CNC[C@@H](O)[C@H](c1ccccc1)N(C)c1ccccc1OC,5.68
ZINC000045368119,CN1[C@H](C[C@H](OC(=O)c2ccccc2)c2ccccc2)CCC[C@@H]1CC(=O)c1ccccc1,5.68
ZINC000064527259,COc1c(C)nc(C)nc1C(=O)NCCN1CCN(c2cccc(C)c2C)CC1,5.68
ZINC000066166913,N#Cc1ccc(Cl)cc1O[C@H](CCN)c1ccccc1,5.68
ZINC000095562497,CC(C)(C)c1ccc(Sc2ccccc2N2CCNCC2)cc1,5.68
ZINC000150543673,CN1[C@H]2CC[C@H]1[C@@H](C(=O)NCCCCCCNC(=O)[C@@H]1[C@@H](c3ccc(-c4ccsc4)cc3)C[C@@H]3CC[C@H]1N3C)[C@@H](c1ccc(-c3ccsc3)cc1)C2,5.68
ZINC000000020250,C[C@@H](CN1c2ccccc2Sc2ccccc21)N(C)C,5.67
ZINC000000056647,C[C@H](CN1c2ccccc2Sc2ccccc21)N(C)C,5.67
ZINC000000409372,CCN[C@@H](C)C(=O)c1ccccc1,5.67
ZINC000000409373,CCN[C@H](C)C(=O)c1ccccc1,5.67
ZINC000013579452,CN1CC[C@H](c2ccc(Cl)cc2)[C@@H](C(=O)Oc2ccccc2)C1,5.67
ZINC000026578010,C[C@@H]1CN(CCCN(c2ccc(F)cc2)c2ccc(F)cc2)C[C@@H](C)N1CCCc1ccccc1,5.67
ZINC000026828512,CN1CC[C@H](c2ccc(Cl)cc2)[C@H](C(=O)Oc2ccccc2)C1,5.67
ZINC000028645980,CC(C)N1CCC([C@@H](CN2CCN(CCCc3ccccc3-c3cccc(F)c3)CC2)c2ccc(F)cc2)CC1,5.67
ZINC000028645983,CC(C)N1CCC([C@H](CN2CCN(CCCc3ccccc3-c3cccc(F)c3)CC2)c2ccc(F)cc2)CC1,5.67
ZINC000029403209,CN1CC[C@@H](c2ccc(Cl)cc2)[C@@H](C(=O)OCCCc2ccccc2)C1,5.67
ZINC000029403213,CN1CC[C@H](c2ccc(Cl)cc2)[C@@H](C(=O)OCCCc2ccccc2)C1,5.67
ZINC000036270755,CN1CC[C@H](c2ccc(Cl)cc2)[C@H](C(=O)OCCCc2ccccc2)C1,5.67
ZINC000036270757,CN1CC[C@@H](c2ccc(Cl)cc2)[C@H](C(=O)OCCCc2ccccc2)C1,5.67
ZINC000036271644,CCOC(=O)[C@H]1[C@@H](OC(c2ccc(F)cc2)c2ccc(F)cc2)C[C@@H]2CC[C@H]1N2,5.67
ZINC000038322614,c1ccc(CN[C@@H]2CC[C@H](C(c3ccccc3)c3ccccc3)NC2)cc1,5.67
ZINC000095558512,Cc1ccc2c(c1)CN(C)C[C@@H]2c1cc(F)cc(F)c1,5.67
ZINC000095558513,Cc1ccc2c(c1)CN(C)C[C@H]2c1cc(F)cc(F)c1,5.67
ZINC000100728455,Cc1cccc(OC(=O)[C@H]2[C@@H](c3ccc(Cl)cc3)C[C@H]3CC[C@H]2N3C)c1,5.67
ZINC000100728460,Cc1cccc(OC(=O)[C@@H]2[C@@H](c3ccc(Cl)cc3)C[C@H]3CC[C@H]2N3C)c1,5.67
ZINC000253639304,Cc1cccc(OC(=O)[C@@H]2[C@H](c3ccc(Cl)cc3)C[C@H]3CC[C@H]2N3C)c1,5.67
ZINC000253639305,Cc1cccc(OC(=O)[C@H]2[C@H](c3ccc(Cl)cc3)C[C@H]3CC[C@H]2N3C)c1,5.67
ZINC000000022438,Nc1c2c(nc3ccccc13)-c1ccccc1C2,5.66
ZINC000000057163,COc1ccc2[nH]cc(CCN)c2c1,5.66
ZINC000001536939,c1ccc([C@@H]2CN3CC[C@H]3c3ccccc32)cc1,5.66
ZINC000001846961,CCN(CC)C(=O)[C@@]1(c2ccccc2)C[C@H]1CNC(=O)CN,5.66
ZINC000013475012,COC(=O)[C@@H]1CN(Cc2ccccc2)CC[C@@H]1c1ccc(Cl)cc1,5.66
ZINC000013584834,CN1CC[C@H](c2ccc(Cl)cc2)[C@@H](C[S@@](=O)CCO)C1,5.66
ZINC000013584836,CN1CC[C@H](c2ccc(Cl)cc2)[C@@H](C[S@](=O)CCO)C1,5.66
ZINC000013682147,CCC[C@H](C(=O)c1ccc(-c2ccco2)cc1)N1CCCC1,5.66
ZINC000013682150,CCC[C@@H](C(=O)c1ccc(-c2ccco2)cc1)N1CCCC1,5.66
ZINC000022927494,O[C@@H]1CCC[C@@H]1CN1CCN(CCOC(c2ccccc2)c2ccccc2)CC1,5.66
ZINC000022927498,O[C@H]1CCC[C@@H]1CN1CCN(CCOC(c2ccccc2)c2ccccc2)CC1,5.66
ZINC000022927502,O[C@@H]1CCC[C@H]1CN1CCN(CCOC(c2ccccc2)c2ccccc2)CC1,5.66
ZINC000022927506,O[C@H]1CCC[C@H]1CN1CCN(CCOC(c2ccccc2)c2ccccc2)CC1,5.66
ZINC000026291693,Fc1ccc(CCN[C@@H]2CC[C@@H](C(c3ccccc3)c3ccccc3)NC2)cc1,5.66
ZINC000026291698,Fc1ccc(CCN[C@H]2CC[C@@H](C(c3ccccc3)c3ccccc3)NC2)cc1,5.66
ZINC000026291706,Fc1ccc(CCN[C@H]2CC[C@H](C(c3ccccc3)c3ccccc3)NC2)cc1,5.66
ZINC000026375730,O=C1NCCN1CCN1CCN([C@H]2C[C@H](c3ccc(F)cc3)c3ccc(F)cc32)CC1,5.66
ZINC000027209700,COC(=O)[C@H]1[C@@H](OC(c2ccc(F)cc2)c2ccc(F)cc2)C[C@@H]2CC[C@H]1N2CCCc1ccc(I)cc1,5.66
ZINC000027209703,COC(=O)[C@@H]1[C@@H](OC(c2ccc(F)cc2)c2ccc(F)cc2)C[C@@H]2CC[C@H]1N2CCCc1ccc(I)cc1,5.66
ZINC000028758267,c1ccc(-c2[nH]c3ccccc3c2CCC2CCNCC2)cc1,5.66
ZINC000029043064,CCN(CC)C(=O)[C@@]1(c2cc(Cl)c(Cl)s2)C[C@H]1CN,5.66
ZINC000029213877,CCN1CCc2cc(C[C@@H](C)N)c(C)cc21,5.66
ZINC000029213882,CCN1CCc2cc(C[C@H](C)N)c(C)cc21,5.66
ZINC000035856996,CCNC[C@H](O)[C@H](c1ccccc1)n1cc(C)c2ccccc21,5.66
ZINC000035950050,CNC[C@@H](O)[C@H](c1cccc(C(F)(F)F)c1)n1ccc2ccccc21,5.66
ZINC000036271456,CN1CC[C@H](c2ccc(Cl)cc2)[C@H](C[S@@](=O)CCO)C1,5.66
ZINC000038322615,Fc1ccc(CCN[C@@H]2CC[C@H](C(c3ccccc3)c3ccccc3)NC2)cc1,5.66
ZINC000040380784,CNC[C@]1(O)Cc2ccccc2[C@@H]1Oc1ccccc1OC,5.66
ZINC000044305082,O=C(CCCc1ccccc1)O[C@@H](CCN1CCN(CCCN(c2ccc(F)cc2)c2ccc(F)cc2)CC1)c1ccccc1,5.66
ZINC000044305085,O=C(CCCc1ccccc1)O[C@H](CCN1CCN(CCCN(c2ccc(F)cc2)c2ccc(F)cc2)CC1)c1ccccc1,5.66
ZINC000049803678,CCNC(Cc1ccc(SC)cc1)Cc1ccc(SC)cc1,5.66
ZINC000066073725,NC(=O)CSC(c1ccc(Br)cc1)c1ccc(Br)cc1,5.66
ZINC000101368686,CN1CC[C@H](c2ccc(Cl)cc2)[C@H](C[S@](=O)CCO)C1,5.66
ZINC000253655804,O=C(CCC(=O)OC[C@H]1[C@@H](c2ccc(Cl)c(Cl)c2)C[C@@H]2CC[C@H]1S2)OC[C@H]1[C@@H](c2ccc(Cl)c(Cl)c2)C[C@@H]2CC[C@H]1S2,5.66
ZINC000299827491,C[C@@H]1CNCC(=O)N(c2ccc(Cl)c(Cl)c2)C1,5.66
ZINC000299827493,C[C@H]1CNCC(=O)N(c2ccc(Cl)c(Cl)c2)C1,5.66
ZINC000299841479,O=C1CNCC2(CC2)CN1c1ccc(Cl)c(Cl)c1,5.66
ZINC000013487733,Fc1ccc(C(OCC=C2C[C@@H]3CC[C@H](C2)N3Cc2ccccc2)c2ccc(F)cc2)cc1,5.65
ZINC000013494216,FC(F)(F)c1ccc(CN2CCC(CCOC(c3ccccc3)c3ccccc3)CC2)cc1,5.65
ZINC000013494217,N#Cc1ccc(CN2CCC(CCOC(c3ccccc3)c3ccccc3)CC2)cc1,5.65
ZINC000036271630,CN1[C@H](CCc2ccccc2)CCC[C@@H]1C[C@H](O)c1ccccc1,5.65
ZINC000038218742,NCC[C@H]1CC[C@@H](Cc2ccccc2)O1,5.65
ZINC000038218743,NCC[C@H]1CC[C@H](Cc2ccccc2)O1,5.65
ZINC000038218744,NCC[C@@H]1CC[C@@H](Cc2ccccc2)O1,5.65
ZINC000038218745,NCC[C@@H]1CC[C@H](Cc2ccccc2)O1,5.65
ZINC000038322609,Fc1ccc(CN[C@@H]2CC[C@H](C(c3ccccc3)c3ccccc3)NC2)cc1F,5.65
ZINC000066136527,CCN(CC)CC1(c2ccc(Cl)c(Cl)c2)CCCCC1,5.65
ZINC000066263465,Fc1cccc(Oc2ccccc2Cl)c1O[C@@H]1CCNC1,5.65
ZINC000066263468,Fc1cccc(Oc2ccccc2Cl)c1O[C@H]1CCNC1,5.65
ZINC000253702011,COC(=O)[C@@H]1[C@H]2CC[C@H]3CC[C@H]1N(C/C2=C\c1ccc(-c2ccc(C(F)(F)F)cc2)cc1)C3,5.65
ZINC000253702015,COC(=O)[C@H]1[C@H]2CC[C@H]3CC[C@H]1N(C/C2=C\c1ccc(-c2ccc(C(F)(F)F)cc2)cc1)C3,5.65
ZINC000013579477,CNC(=O)C[C@H]1CN(C)CC[C@@H]1c1ccc(Cl)cc1,5.64
ZINC000014946513,O[C@@H]1CCCc2nc3ccccc3c(NCc3cccc(C(F)(F)F)c3)c21,5.64
ZINC000014946514,O[C@H]1CCCc2nc3ccccc3c(NCc3cccc(C(F)(F)F)c3)c21,5.64
ZINC000022937743,OCCN1CCN([C@@H]2C[C@@H](c3ccc(F)cc3)c3ccc(F)cc32)CC1,5.64
ZINC000022937746,OCCN1CCN([C@H]2C[C@@H](c3ccc(F)cc3)c3ccc(F)cc32)CC1,5.64
ZINC000022937749,OCCN1CCN([C@@H]2C[C@H](c3ccc(F)cc3)c3ccc(F)cc32)CC1,5.64
ZINC000022937753,OCCN1CCN([C@H]2C[C@H](c3ccc(F)cc3)c3ccc(F)cc32)CC1,5.64
ZINC000026500698,CN1[C@H]2CC[C@@H]1C[C@@H](c1ccc(Cl)cc1)[C@@H]2C(=O)Oc1ccccc1,5.64
ZINC000036270925,CN1[C@H]2CC[C@@H]1C[C@H](c1ccc(Cl)cc1)[C@@H]2C(=O)Oc1ccccc1,5.64
ZINC000040836669,Cc1ccccc1O[C@H]1CC[C@@H](N)c2ccccc21,5.64
ZINC000101100931,C=CCN1[C@H]2CC[C@H]1[C@@H](C(=O)OCC)[C@@H](OC(c1ccc(F)cc1)c1ccc(F)cc1)C2,5.64
ZINC000013682092,CCC[C@H](C(=O)c1ccc(C(=O)OC)cc1)N1CCCC1,5.63
ZINC000013682095,CCC[C@@H](C(=O)c1ccc(C(=O)OC)cc1)N1CCCC1,5.63
ZINC000022932236,CN(Cc1ccc(F)cc1)[C@@H]1CC[C@H](C(c2ccccc2)c2ccccc2)N(C)C1,5.63
ZINC000028459959,CN(Cc1ccc(F)cc1)[C@H]1CC[C@H](C(c2ccccc2)c2ccccc2)N(C)C1,5.63
ZINC000036271493,Clc1ccc(N2CCN3C[C@H]2CC[C@H]3C(c2ccccc2)c2ccccc2)cc1Cl,5.63
ZINC000036271496,Clc1ccc(N2CCN3C[C@H]2CC[C@@H]3C(c2ccccc2)c2ccccc2)cc1Cl,5.63
ZINC000058546788,CN(Cc1ccc(F)cc1)[C@H]1CC[C@@H](C(c2ccccc2)c2ccccc2)N(C)C1,5.63
ZINC000100872611,C=CCN1[C@H]2CC[C@H]1CC(O[C@@H](c1ccccc1)c1ccc(Cl)cc1)C2,5.63
ZINC000169349111,CN1C[C@H](N(C)Cc2ccc(F)cc2)CC[C@H]1C(c1ccccc1)c1ccccc1,5.63
ZINC000195291136,C=CCN1[C@H]2CC[C@H]1CC(O[C@H](c1ccccc1)c1ccc(Cl)cc1)C2,5.63
ZINC000261135828,CC(C)(C)OC(=O)NC[C@@H]1[C@H]2C[C@H]3CC[C@H]1N3C/C2=C\c1cccs1,5.63
ZINC000261135829,CC(C)(C)OC(=O)NC[C@H]1[C@H]2C[C@H]3CC[C@H]1N3C/C2=C\c1cccs1,5.63
ZINC000003982732,CN1CC[C@@](O)(c2ccc(Cl)c(Cl)c2)[C@H](C(=O)c2ccc(Cl)c(Cl)c2)C1,5.62
ZINC000013472269,CC#Cc1ccc(CN2CCC(CCOC(c3ccccc3)c3ccccc3)CC2)cc1,5.62
ZINC000013804566,CN1CC[C@](O)(c2ccc(Cl)c(Cl)c2)[C@@H](C(=O)c2ccc(Cl)c(Cl)c2)C1,5.62
ZINC000022938601,c1ccc(C(OCCN2CCN(CCCc3cccnc3)CC2)c2ccccc2)cc1,5.62
ZINC000022938616,c1ccc(C(OCCN2CCN(Cc3cc4ccccc4s3)CC2)c2ccccc2)cc1,5.62
ZINC000026660320,CN1[C@H]2CC[C@@H]1C[C@@H](c1ccc(Cl)cc1)[C@@H]2c1cc(-c2ccccc2)no1,5.62
ZINC000027181982,CN1CC[C@@](O)(c2ccc(Cl)c(Cl)c2)[C@@H](C(=O)c2ccc(Cl)c(Cl)c2)C1,5.62
ZINC000028645479,CC[C@@H]1CCN2CCCC[C@@H]2[C@H]1c1ccccc1,5.62
ZINC000029318344,Cc1ccc(/C(=C/CN(C)C)c2cccnc2)cc1,5.62
ZINC000035090372,CC[C@@H](c1ccc(Cl)cc1)[C@@H]1CCCCN1,5.62
ZINC000035090374,CC[C@H](c1ccc(Cl)cc1)[C@@H]1CCCCN1,5.62
ZINC000035090376,CC[C@@H](c1ccc(Cl)cc1)[C@H]1CCCCN1,5.62
ZINC000036271076,CN1CC[C@](O)(c2ccc(Cl)c(Cl)c2)[C@H](C(=O)c2ccc(Cl)c(Cl)c2)C1,5.62
ZINC000066101532,N[C@H]1Cc2ccccc2N(c2ccc(Cl)c(Cl)c2)C1,5.62
ZINC000103172549,O=C1N[C@]2(CCCc3ccccc32)C(=O)N1CCCN1CCN(c2cccc(C(F)(F)F)c2)CC1,5.62
ZINC000103172552,O=C1N[C@@]2(CCCc3ccccc32)C(=O)N1CCCN1CCN(c2cccc(C(F)(F)F)c2)CC1,5.62
ZINC000013682087,CCC[C@H](C(=O)c1ccc(OC)cc1)N1CCCC1,5.61
ZINC000013682089,CCC[C@@H](C(=O)c1ccc(OC)cc1)N1CCCC1,5.61
ZINC000013682217,CCC[C@H](C(=O)c1ccc(Cl)c(Cl)c1)N1CCCCC1,5.61
ZINC000013682220,CCC[C@@H](C(=O)c1ccc(Cl)c(Cl)c1)N1CCCCC1,5.61
ZINC000022938461,CN(CCCc1ccccc1)CCN(C)CCOC(c1ccccc1)c1ccccc1,5.61
ZINC000027215912,COC(=O)[C@H]1[C@@H](OC(c2ccc(Br)cc2)c2ccc(Br)cc2)C[C@@H]2CC[C@H]1N2C,5.61
ZINC000027215915,COC(=O)[C@@H]1[C@@H](OC(c2ccc(Br)cc2)c2ccc(Br)cc2)C[C@@H]2CC[C@H]1N2C,5.61
ZINC000100323007,CN1[C@H]2CC[C@H]1CC(OC(c1ccc(F)cc1)c1ccc(F)cc1)C2,5.61
ZINC000100897375,CN1[C@H]2CC[C@H]1CC(CCOC(c1ccc(F)cc1)c1ccc(F)cc1)C2,5.61
ZINC000103173465,Cn1c(=O)c2c(nc3n(CCCN4CCc5ccccc5C4)c(-c4ccccc4)cn23)n(C)c1=O,5.61
ZINC000253639327,CC(=O)O[C@@H]1C[C@H]2CC[C@H]1[C@@H](N(C)C)[C@@H]2c1ccccc1,5.61
ZINC000253639330,CC(=O)O[C@@H]1C[C@H]2CC[C@H]1[C@H](N(C)C)[C@H]2c1ccccc1,5.61
ZINC000253639333,CC(=O)O[C@@H]1C[C@H]2CC[C@H]1[C@@H](N(C)C)[C@H]2c1ccccc1,5.61
ZINC000253639336,CC(=O)O[C@@H]1C[C@H]2CC[C@H]1[C@H](N(C)C)[C@@H]2c1ccccc1,5.61
ZINC000253640379,CN1[C@H]2CC[C@H]1[C@H](C(=O)N1CCCO1)[C@H](c1ccc(Cl)cc1)C2,5.61
ZINC000253640381,CN1[C@H]2CC[C@H]1[C@@H](C(=O)N1CCCO1)[C@H](c1ccc(Cl)cc1)C2,5.61
ZINC000253640382,CN1[C@H]2CC[C@H]1[C@H](C(=O)N1CCCO1)[C@@H](c1ccc(Cl)cc1)C2,5.61
ZINC000253640383,CN1[C@H]2CC[C@H]1[C@@H](C(=O)N1CCCO1)[C@@H](c1ccc(Cl)cc1)C2,5.61
ZINC000013760759,Fc1ccc(CN2CCC(CCOC(c3ccccc3)c3ccccc3)CC2)cc1Cl,5.6
ZINC000013861739,O=[N+]([O-])c1ccc(N2CCN(CC[C@H](Oc3ccc(C(F)(F)F)cc3)c3ccccc3)CC2)cc1,5.6
ZINC000013861740,O=[N+]([O-])c1ccc(N2CCN(CC[C@@H](Oc3ccc(C(F)(F)F)cc3)c3ccccc3)CC2)cc1,5.6
ZINC000013861749,COc1ccccc1N1CCN(CC[C@@H](O)c2ccc([N+](=O)[O-])cc2)CC1,5.6
ZINC000013861750,COc1ccccc1N1CCN(CC[C@H](O)c2ccc([N+](=O)[O-])cc2)CC1,5.6
ZINC000013861781,Cc1cc([C@@H](O)CCN2CCN(c3ccccc3O)CC2)c(C)s1,5.6
ZINC000013861782,Cc1cc([C@H](O)CCN2CCN(c3ccccc3O)CC2)c(C)s1,5.6
ZINC000013861798,O=C(CCN1CCN(c2ccccc2O)CC1)c1ccc2ccccc2c1,5.6
ZINC000013862281,CN(CC1CCN(Cc2ccc(F)cc2)CC1)CC(c1ccccc1)c1ccccc1,5.6
ZINC000022938524,C[C@H]1CN(CCCc2ccccc2)[C@H](C)CN1CCCc1ccccc1,5.6
ZINC000028758638,Cc1[nH]c2ccccc2c1CCC1CCNCC1,5.6
ZINC000029128626,CO[C@]1(c2ccccc2)CCCC[C@@H]1CN(C)C,5.6
ZINC000035815974,Oc1ccc(CN[C@H]2CO[C@@H](C(c3ccccc3)c3ccccc3)C[C@@H]2O)cc1,5.6
ZINC000040836212,CNC[C@@]1(O)Cc2ccccc2[C@H]1Cc1ccccc1C,5.6
ZINC000040836214,CNC[C@@]1(O)Cc2ccccc2[C@@H]1Cc1ccccc1C,5.6
ZINC000040836216,CNC[C@]1(O)Cc2ccccc2[C@H]1Cc1ccccc1C,5.6
ZINC000040836218,CNC[C@]1(O)Cc2ccccc2[C@@H]1Cc1ccccc1C,5.6
ZINC000041609133,C[C@H](NC(C)(C)C)C(=O)c1ccc(Br)cc1,5.6
ZINC000041609134,C[C@@H](NC(C)(C)C)C(=O)c1ccc(Br)cc1,5.6
ZINC000049018566,C[C@H](N)Cc1ccc(Sc2ccccc2)cc1,5.6
ZINC000049018570,C[C@@H](N)Cc1ccc(Sc2ccccc2)cc1,5.6
ZINC000049052361,CNCCC[C@@H]1Cc2ccccc2N(c2ccccc2)S1(=O)=O,5.6
ZINC000049052365,CNCCC[C@H]1Cc2ccccc2N(c2ccccc2)S1(=O)=O,5.6
ZINC000049803607,CSc1ccc(CC(N)Cc2ccc(SC)cc2)cc1,5.6
ZINC000066104723,CN[C@@H]1CCc2ccccc2[C@H]1c1ccc(Cl)c(Cl)c1,5.6
ZINC000066252467,Cc1ccc2c(N3CCN(CCc4cccc(NC(=O)Nc5cccc(F)c5)c4)CC3)cccc2n1,5.6
ZINC000095613661,OC[C@H](c1ccccc1)N1CCN(CCOC(c2ccc(F)cc2)c2ccc(F)cc2)CC1,5.6
ZINC000095613662,OC[C@@H](c1ccccc1)N1CCN(CCOC(c2ccc(F)cc2)c2ccc(F)cc2)CC1,5.6
ZINC000101033258,CN1[C@H]2CC[C@H]1CC(O)(c1ccccc1-c1ccccc1)C2,5.6
ZINC000103228698,Oc1ccc(CN[C@H]2CC[C@@H](Cc3ccccc3)OC2)cc1,5.6
ZINC000169362302,CN1[C@H]2CC[C@H]1[C@@H](C(=O)NCCC1CCN(C(=O)[C@@H]3[C@@H](c4ccc(Cl)cc4)C[C@@H]4CC[C@H]3N4C)CC1)[C@@H](c1ccc(Cl)cc1)C2,5.6
ZINC000261077197,CCCCN1[C@H]2CC[C@H]1[C@@H](C(=O)OCC)[C@@H](OC(c1ccc(F)cc1)c1ccc(F)cc1)C2,5.6
ZINC000299824297,CN1Cc2cc(NCCO)ccc2[C@H](c2ccc3sccc3c2)C1,5.6
ZINC000299824303,CN1Cc2cc(NCCO)ccc2[C@@H](c2ccc3sccc3c2)C1,5.6
ZINC000002379519,C[C@@H](N)Cc1c[nH]c2ccc(OCc3cccs3)cc12,5.59
ZINC000003995822,C[C@H](N)Cc1c[nH]c2ccc(OCc3cccs3)cc12,5.59
ZINC000013474998,Cc1noc([C@H]2CN(C)CC[C@@H]2c2ccc(Cl)cc2)n1,5.59
ZINC000013532702,CCc1cc([C@H]2[C@@H](c3ccc(C)cc3)C[C@@H]3CC[C@H]2N3C)on1,5.59
ZINC000013742144,c1ccc2c(c1)CCc1c(N3CCNCC3)nc3ccccc3c1-2,5.59
ZINC000013764419,COC(=O)[C@H]1[C@@H](c2ccc(F)cc2)C[C@@H]2CC[C@H]1O2,5.59
ZINC000022927593,O=C(CCN1CCN(CCOC(c2ccccc2)c2ccccc2)CC1)c1ccc(Br)cc1,5.59
ZINC000022932208,Fc1ccc(CCN2CCN3C[C@H]2CC[C@@H]3C(c2ccccc2)c2ccccc2)cc1,5.59
ZINC000026636804,COC(=O)[C@@H]1[C@@H](c2ccc(F)cc2)C[C@@H]2CC[C@H]1O2,5.59
ZINC000026738326,CN(C)C[C@@H](c1ccccc1)C1(O)CCCCC1,5.59
ZINC000026738336,CN(C)C[C@H](c1ccccc1)C1(O)CCCCC1,5.59
ZINC000029056589,O[C@H](CN[C@H]1CC[C@@H](C(c2ccccc2)c2ccccc2)NC1)Cc1ccccc1,5.59
ZINC000029319564,CN(C)C/C=C(\c1cccnc1)c1cccc(Cl)c1,5.59
ZINC000029406533,CN1CC[C@@H](c2ccc(Cl)cc2)[C@@H](C(=O)OCCC(c2ccccc2)c2ccccc2)C1,5.59
ZINC000029406536,CN1CC[C@H](c2ccc(Cl)cc2)[C@@H](C(=O)OCCC(c2ccccc2)c2ccccc2)C1,5.59
ZINC000034986252,CNCC[C@H](c1cccc(F)c1)N1C(=O)C(C)(C)c2cccc(F)c21,5.59
ZINC000035090514,COc1cccc([C@H](CC(C)C)[C@@H]2CCCCN2)c1,5.59
ZINC000035090516,COc1cccc([C@@H](CC(C)C)[C@@H]2CCCCN2)c1,5.59
ZINC000035090518,COc1cccc([C@H](CC(C)C)[C@H]2CCCCN2)c1,5.59
ZINC000035090520,COc1cccc([C@@H](CC(C)C)[C@H]2CCCCN2)c1,5.59
ZINC000036270774,CN1CC[C@H](c2ccc(Cl)cc2)[C@H](C(=O)OCCC(c2ccccc2)c2ccccc2)C1,5.59
ZINC000036270776,CN1CC[C@@H](c2ccc(Cl)cc2)[C@H](C(=O)OCCC(c2ccccc2)c2ccccc2)C1,5.59
ZINC000036271471,Fc1ccc(CCN2CCN3C[C@H]2CC[C@H]3C(c2ccccc2)c2ccccc2)cc1,5.59
ZINC000039153230,COC(=O)[C@@H]1[C@H]2CC[C@@H](C[C@H]1c1ccc(F)cc1)O2,5.59
ZINC000048999502,CC[C@H](N)c1ccc(SC)cc1,5.59
ZINC000048999504,CC[C@@H](N)c1ccc(SC)cc1,5.59
ZINC000066101534,N[C@@H]1Cc2ccccc2N(c2ccc(Cl)c(Cl)c2)C1,5.59
ZINC000071294742,Cc1ccc(C#N)c(S[C@H](CCN)c2ccccc2)n1,5.59
ZINC000096924137,Clc1ccc(COC2(c3ccccc3)CNC2)cc1,5.59
ZINC000100773370,Cc1noc([C@H]2[C@@H](c3ccc(Cl)cc3)C[C@H]3CC[C@H]2N3C)n1,5.59
ZINC000101017868,COC(=O)C1=C(c2ccc(Cl)c(Cl)c2)C[C@H]2CC[C@H]1S2,5.59
ZINC000101035220,CN1[C@H]2CC[C@H]1CC(O)([C@@H]1c3ccccc3-c3ccc(Br)cc31)C2,5.59
ZINC000101387229,N#Cc1ccccc1-c1cccc(O[C@H]2C[C@@H]3CC[C@H](C2)N3)c1,5.59
ZINC000102023095,Cc1noc([C@@H]2[C@@H](c3ccc(Cl)cc3)C[C@H]3CC[C@H]2N3C)n1,5.59
ZINC000150543564,CN1[C@H]2CC[C@H]1[C@@H](C(=O)Nc1ccc(CCNC(=O)[C@@H]3[C@@H](c4ccc(Cl)cc4)C[C@@H]4CC[C@H]3N4C)cc1)[C@@H](c1ccc(Cl)cc1)C2,5.59
ZINC000169335076,Cc1noc([C@H]2[C@H](c3ccc(Cl)cc3)C[C@H]3CC[C@H]2N3C)n1,5.59
ZINC000253639227,CN1[C@H]2CC[C@H]1CC(O)([C@H]1c3ccccc3-c3ccc(Br)cc31)C2,5.59
ZINC000261174429,COC(=O)[C@H]1[C@H]2CC[C@@H](C[C@H]1c1ccc(F)cc1)O2,5.59
ZINC000000144121,Cc1ccc(-c2csc(=N)n2-c2ccc(Cl)cc2)cc1,5.58
ZINC000013475009,COC(=O)[C@H]1CN(Cc2ccc(O)cc2)CC[C@@H]1c1ccc(Cl)cc1,5.58
ZINC000013648536,O[C@H]1C[C@H](C(c2ccccc2)c2ccccc2)OC[C@@H]1NCCc1ccc(F)cc1,5.58
ZINC000026938008,COC(=O)[C@@H]1CN(Cc2ccc(O)cc2)CC[C@@H]1c1ccc(Cl)cc1,5.58
ZINC000028457112,O[C@@H]1C[C@H](C(c2ccccc2)c2ccccc2)OC[C@@H]1NCCc1ccc(F)cc1,5.58
ZINC000036271437,O[C@H]1C[C@H](C(c2ccccc2)c2ccccc2)OC[C@H]1NCCc1ccc(F)cc1,5.58
ZINC000036271440,O[C@@H]1C[C@H](C(c2ccccc2)c2ccccc2)OC[C@H]1NCCc1ccc(F)cc1,5.58
ZINC000040394704,CNC[C@@H](O)[C@H](c1ccccc1)N(C)c1ccccc1C,5.58
ZINC000040402848,COc1c(OCCF)cccc1[C@@H](O)C1CCN(CCc2ccc(C)cc2)CC1,5.58
ZINC000040402851,COc1c(OCCF)cccc1[C@H](O)C1CCN(CCc2ccc(C)cc2)CC1,5.58
ZINC000101387206,Brc1cc(O[C@H]2C[C@@H]3CC[C@H](C2)N3)cc(-c2ccccc2)c1,5.58
ZINC000013475014,COC(=O)[C@@H]1CN(CCC(c2ccccc2)c2ccccc2)CC[C@@H]1c1ccc(Cl)cc1,5.57
ZINC000022938515,C[C@H]1CN(C/C=C/c2ccccc2)[C@H](C)CN1CCOC(c1ccccc1)c1ccccc1,5.57
ZINC000026935064,COC(=O)[C@H]1CN(CCC(c2ccccc2)c2ccccc2)CC[C@@H]1c1ccc(Cl)cc1,5.57
ZINC000029128679,CNC[C@@H]1CCCC[C@@]1(OC)c1cccc(OC)c1,5.57
ZINC000029128726,CNC[C@H]1CCCC[C@]1(OC)c1cccc(OC)c1,5.57
ZINC000029128831,CNC[C@H]1CCCC[C@@]1(OC)c1cccc(OC)c1,5.57
ZINC000029128832,CNC[C@@H]1CCCC[C@]1(OC)c1cccc(OC)c1,5.57
ZINC000034525607,OC1([C@H](CN2CCNCC2)c2cccc(Cl)c2)CCCCC1,5.57
ZINC000034893379,NC[C@H]1C[C@@H]1c1ccc(F)cc1,5.57
ZINC000034893489,NC[C@H]1C[C@H]1c1ccccc1Br,5.57
ZINC000034893490,NC[C@H]1C[C@@H]1c1ccccc1Br,5.57
ZINC000034893491,NC[C@@H]1C[C@H]1c1ccccc1Br,5.57
ZINC000034893492,NC[C@@H]1C[C@@H]1c1ccccc1Br,5.57
ZINC000040425052,CNC[C@@H]1SCc2ccccc2[C@@H]1Oc1ccccc1Cl,5.57
ZINC000040836655,NC[C@H]1CC[C@@H](CCc2cccnc2)O1,5.57
ZINC000040836657,NC[C@H]1CC[C@H](CCc2cccnc2)O1,5.57
ZINC000040836659,NC[C@@H]1CC[C@@H](CCc2cccnc2)O1,5.57
ZINC000040836661,NC[C@@H]1CC[C@H](CCc2cccnc2)O1,5.57
ZINC000040973952,CNC[C@H]1CCc2ccccc2[C@@H]1Oc1ccccc1C,5.57
ZINC000040977196,CNC[C@@H]1OCc2ccccc2[C@H]1Oc1ccccc1C,5.57
ZINC000000000681,CCC[C@H](C(=O)c1ccc(C)cc1)N1CCCC1,5.56
ZINC000022930175,c1ccc(C(c2ccccc2)[C@H]2CC[C@@H](NCc3csc4ccccc34)CN2)cc1,5.56
ZINC000022938608,C(=C/c1cccnc1)\CN1CCN(CCOC(c2ccccc2)c2ccccc2)CC1,5.56
ZINC000027552130,NC[C@@H](c1ccccc1)[C@@H](O)c1ccccc1,5.56
ZINC000029128381,CCCCO[C@]1(c2cccc(O)c2)CCCC[C@@H]1CN(C)C,5.56
ZINC000066079858,CNCC1(c2ccc(F)c(F)c2)CCCCC1,5.56
ZINC000253664641,COC(=O)[C@H]1[C@H]2CC[C@H]3CC[C@H]1N(C/C2=C\c1cc(Cl)c(-c2ccccc2)c(Cl)c1)C3,5.56
ZINC000253664644,COC(=O)[C@@H]1[C@H]2CC[C@H]3CC[C@H]1N(C/C2=C\c1cc(Cl)c(-c2ccccc2)c(Cl)c1)C3,5.56
ZINC000001845254,NC1CC(c2ccccc2)(c2ccccc2)C1,5.55
ZINC000013532663,Cc1ccc([C@H]2C[C@@H]3CC[C@H]([C@H]2C(=O)OC(C)C)N3C)cc1,5.55
ZINC000013579493,CN1CC[C@H](c2ccc(Cl)cc2)[C@@H](CCCO)C1,5.55
ZINC000022938605,Fc1ccc(C(OCCN2CCN(CCCc3cccnc3)CC2)c2ccc(F)cc2)cc1,5.55
ZINC000029128382,CCCO[C@]1(c2cccc(O)c2)CCCC[C@@H]1CN(C)C,5.55
ZINC000038208806,O[C@@H](CNCC1CCCCC1)[C@H](c1ccccc1)n1ccc2ccccc21,5.55
ZINC000040973911,CNC[C@H]1COc2ccccc2[C@H]1Oc1ccccc1C,5.55
ZINC000045505956,CCOc1ccccc1O[C@@H](c1ccc(I)cc1)[C@@H]1CNCCO1,5.55
ZINC000048998368,CC[C@@H](Cc1ccc(SC)cc1)NCCOC,5.55
ZINC000048998369,CC[C@H](Cc1ccc(SC)cc1)NCCOC,5.55
ZINC000066104725,CN[C@H]1CCc2ccccc2[C@H]1c1ccc(Cl)c(Cl)c1,5.55
ZINC000073198121,CC1(C)CC(=O)N(CCCCN2CCN(c3ccc4c(Cl)cccc4n3)CC2)C(=O)C1,5.55
ZINC000095558129,Cc1ccc2c(c1)[C@H](c1ccccc1)CN(C)C2,5.55
ZINC000095558130,Cc1ccc2c(c1)[C@@H](c1ccccc1)CN(C)C2,5.55
ZINC000013475004,COC(=O)[C@H]1CN(CCc2ccccc2)CC[C@@H]1c1ccc(Cl)cc1,5.54
ZINC000013475061,COc1cccc2c1N1CCN(C)C[C@H]1c1ccccc1C2,5.54
ZINC000013760752,Clc1ccc(CN2CCC(CCOC(c3ccccc3)c3ccccc3)CC2)cc1Cl,5.54
ZINC000019365780,Clc1ccc(CCN2CCN(CCCc3ccccc3)CC2)cc1Cl,5.54
ZINC000022938473,c1ccc(CCCN2CCCC[C@H](NCCOC(c3ccccc3)c3ccccc3)C2)cc1,5.54
ZINC000022938478,c1ccc(CCCN2CCCC[C@@H](NCCOC(c3ccccc3)c3ccccc3)C2)cc1,5.54
ZINC000029056660,O[C@@H](CN[C@H]1CC[C@@H](C(c2ccccc2)c2ccccc2)NC1)c1ccc(F)cc1,5.54
ZINC000040423336,F[C@@]12CNC[C@]1(c1ccccc1)C2,5.54
ZINC000040423337,F[C@]12CNC[C@@]1(c1ccccc1)C2,5.54
ZINC000045368175,CNC[C@@H](O)[C@H](c1ccccc1)N1CC(C)(C)c2ccccc21,5.54
ZINC000071329888,CCCN1[C@@H](C)[C@](O)(c2cccc(Cl)c2)OCC1(C)C,5.54
ZINC000101083402,COC(=O)[C@@H]1[C@@H]2CC[C@@H](C[C@H]1c1ccc(Cl)c(Cl)c1)O2,5.54
ZINC000101167904,F[C@@]12CNC[C@@]1(c1ccccc1)C2,5.54
ZINC000101167907,F[C@]12CNC[C@]1(c1ccccc1)C2,5.54
ZINC000026182156,CC(C)c1noc([C@H]2CN(C)CC[C@@H]2c2ccc(Cl)cc2)n1,5.53
ZINC000072120306,O=S1(=O)N(CC[C@@H]2CCCNC2)c2ccccc2N1c1ccccc1,5.53
ZINC000072120307,O=S1(=O)N(CC[C@H]2CCCNC2)c2ccccc2N1c1ccccc1,5.53
ZINC000001845253,CNC1CC(c2ccccc2)(c2ccccc2)C1,5.52
ZINC000022926636,COc1cccc(CN2CCN(C3CCC(O)(c4ccc5c(c4)OCO5)CC3)CC2)c1,5.52
ZINC000022930178,c1ccc(C(c2ccccc2)[C@H]2CC[C@@H](NCc3c[nH]c4ccccc34)CN2)cc1,5.52
ZINC000029316655,CN(C)C/C=C(\c1ccncc1)c1ccc(Cl)cc1,5.52
ZINC000034986462,CNCC[C@H](c1ccccc1)n1c(=O)n(-c2ccccc2)c2ccccc21,5.52
ZINC000040424073,CCN(CC)[C@@H]1C[C@H](Oc2ccccc2C)c2ccccc21,5.52
ZINC000040424489,CCc1ccccc1O[C@H]1c2ccccc2CO[C@@H]1CNC,5.52
ZINC000040428686,CNC[C@@H]1COc2ccccc2[C@H]1Oc1ccccc1C,5.52
ZINC000040845582,Cc1ccccc1O[C@H]1c2ccccc2C[C@@]1(O)CN,5.52
ZINC000040980468,CN[C@@H]1Cc2ccccc2[C@H](Oc2ccccc2C)C1,5.52
ZINC000221165724,Oc1cc(O)cc(CN[C@@H]2CO[C@H](C(c3ccccc3)c3ccccc3)C[C@H]2O)c1,5.52
ZINC000026966723,NC[C@@H]1C[C@@]1(C(=O)N1CCCC1)c1ccccc1,5.51
ZINC000026966731,NC[C@H]1C[C@@]1(C(=O)N1CCCC1)c1ccccc1,5.51
ZINC000026966739,NC[C@@H]1C[C@]1(C(=O)N1CCCC1)c1ccccc1,5.51
ZINC000026966748,NC[C@H]1C[C@]1(C(=O)N1CCCC1)c1ccccc1,5.51
ZINC000029042904,CCN(CC)C(=O)[C@@]1(c2csc3ccccc23)C[C@H]1CN,5.51
ZINC000034986368,CCCn1c(=O)n([C@H](CCNC)c2ccccc2)c2ccccc21,5.51
ZINC000040429712,CNC[C@H]1CSc2ccccc2[C@@H]1Oc1ccccc1C,5.51
ZINC000040973954,CNC[C@@H]1OCc2ccccc2[C@@H]1Oc1ccccc1F,5.51
ZINC000100947909,OC1(c2ccccc2)[C@H]2CC[C@H]1CN(Cc1ccccc1)C2,5.51
ZINC000022938465,CC1(C)CN(CCCc2ccccc2)CCN(CCOC(c2ccccc2)c2ccccc2)C1,5.5
ZINC000028645920,CC(C)N1CCC([C@@H](CN2CCN(CCCc3cccc(F)c3-c3ccccc3)CC2)c2ccc(F)cc2)CC1,5.5
ZINC000028645923,CC(C)N1CCC([C@H](CN2CCN(CCCc3cccc(F)c3-c3ccccc3)CC2)c2ccc(F)cc2)CC1,5.5
ZINC000028646304,CC(C)N1CCN([C@@H](CN2CCN(CCCc3ccccc3-c3ccccc3)CC2)c2ccc(F)cc2)CC1,5.5
ZINC000028646306,CC(C)N1CCN([C@H](CN2CCN(CCCc3ccccc3-c3ccccc3)CC2)c2ccc(F)cc2)CC1,5.5
ZINC000066252316,Cc1ccc2c(N3CCN(CCc4cccc(NS(C)(=O)=O)c4)CC3)cccc2n1,5.5
ZINC000095590396,O=C(NCC1(N2CCN(c3ccccc3)CC2)CCOCC1)c1cccnc1Sc1ccccc1,5.5
ZINC000253637243,COC(=O)[C@@H]1[C@H]2C[C@H]3CC[C@H]1N3C/C2=C\c1ccccn1,5.5
ZINC000253637248,COC(=O)[C@H]1[C@H]2C[C@H]3CC[C@H]1N3C/C2=C\c1ccccn1,5.5
ZINC000261153354,CN1[C@H]2CC[C@H]1[C@@H](C(=O)OCCc1ccccc1)[C@@H](OC(c1ccc(F)cc1)c1ccc(F)cc1)C2,5.5
ZINC000261168606,COC(=O)[C@@H]1[C@H]2C[C@H]3CC[C@H]1N3C/C2=C\c1ccsc1,5.5
ZINC000261168608,COC(=O)[C@H]1[C@H]2C[C@H]3CC[C@H]1N3C/C2=C\c1ccsc1,5.5
ZINC000013475005,COC(=O)[C@H]1CN(CCCc2ccccc2)CC[C@@H]1c1ccc(Cl)cc1,5.49
ZINC000013648551,O[C@@H]1C[C@@H](C(c2ccccc2)c2ccccc2)OC[C@H]1NCCc1ccc(F)cc1,5.49
ZINC000022938545,c1ccc(CCCNC[C@H]2CCCN2CCOC(c2ccccc2)c2ccccc2)cc1,5.49
ZINC000026952084,COC(=O)[C@@H]1CN(CCCc2ccccc2)CC[C@@H]1c1ccc(Cl)cc1,5.49
ZINC000028457106,O[C@@H]1C[C@@H](C(c2ccccc2)c2ccccc2)OC[C@@H]1NCCc1ccc(F)cc1,5.49
ZINC000028457109,O[C@H]1C[C@@H](C(c2ccccc2)c2ccccc2)OC[C@@H]1NCCc1ccc(F)cc1,5.49
ZINC000029127662,NC[C@@H]1C[C@@]1(C(=O)NCc1ccccc1)c1ccccc1,5.49
ZINC000029127663,NC[C@H]1C[C@@]1(C(=O)NCc1ccccc1)c1ccccc1,5.49
ZINC000029127664,NC[C@@H]1C[C@]1(C(=O)NCc1ccccc1)c1ccccc1,5.49
ZINC000029127665,NC[C@H]1C[C@]1(C(=O)NCc1ccccc1)c1ccccc1,5.49
ZINC000036271433,O[C@H]1C[C@@H](C(c2ccccc2)c2ccccc2)OC[C@H]1NCCc1ccc(F)cc1,5.49
ZINC000040835599,CNC[C@H]1COc2ccccc2[C@H]1Oc1ccccc1Cl,5.49
ZINC000066077062,CN(C)C(=O)CSC(c1ccc(Br)cc1)c1ccc(Br)cc1,5.49
ZINC000095591938,CC(C)[C@@]1(O)C=C2[C@H](O)C[C@H]3[C@](C)(C(=O)O)CCC[C@]3(C)[C@H]2C[C@@H]1O,5.49
ZINC000095607640,CN(C)CCCc1c[nH]c2ccc(OCc3ccccc3)cc12,5.49
ZINC000101303886,CN1[C@H]2CC[C@H]1[C@@H](C(=O)Nc1ccc(NC(=O)[C@@H]3[C@@H](c4ccc(Cl)cc4)C[C@@H]4CC[C@H]3N4C)cc1)[C@@H](c1ccc(Cl)cc1)C2,5.49
ZINC000254119854,CN1[C@H]2CC[C@H]1[C@@H](C(=O)Nc1cccc(Br)n1)[C@@H](c1ccc(Cl)cc1)C2,5.49
ZINC000013493984,O[C@H]1CN(Cc2ccc(F)cc2)CC[C@H]1CCOC(c1ccccc1)c1ccccc1,5.48
ZINC000013682107,CC#Cc1ccc(C(=O)[C@@H](CCC)N2CCCC2)cc1,5.48
ZINC000013682109,CC#Cc1ccc(C(=O)[C@H](CCC)N2CCCC2)cc1,5.48
ZINC000022927402,O=C(CCN1CCN(CCOC(c2ccccc2)c2ccccc2)CC1)c1ccco1,5.48
ZINC000022927465,O=C1CCCC[C@@H]1CN1CCN(CCOC(c2ccccc2)c2ccccc2)CC1,5.48
ZINC000022927469,O=C1CCCC[C@H]1CN1CCN(CCOC(c2ccccc2)c2ccccc2)CC1,5.48
ZINC000022927526,O[C@@H]1CCCC[C@@H]1CN1CCN(CCOC(c2ccccc2)c2ccccc2)CC1,5.48
ZINC000022927529,O[C@H]1CCCC[C@@H]1CN1CCN(CCOC(c2ccccc2)c2ccccc2)CC1,5.48
ZINC000022927533,O[C@@H]1CCCC[C@H]1CN1CCN(CCOC(c2ccccc2)c2ccccc2)CC1,5.48
ZINC000022927538,O[C@H]1CCCC[C@H]1CN1CCN(CCOC(c2ccccc2)c2ccccc2)CC1,5.48
ZINC000026655717,CN1[C@H]2CC[C@@H]1C[C@@H](c1ccc(Cl)cc1)[C@@H]2c1nnc(-c2ccccc2)o1,5.48
ZINC000035090388,CC(C)[C@@H](c1ccc(Cl)cc1)[C@@H]1CCCCN1,5.48
ZINC000035090390,CC(C)[C@H](c1ccc(Cl)cc1)[C@@H]1CCCCN1,5.48
ZINC000035090392,CC(C)[C@@H](c1ccc(Cl)cc1)[C@H]1CCCCN1,5.48
ZINC000035090394,CC(C)[C@H](c1ccc(Cl)cc1)[C@H]1CCCCN1,5.48
ZINC000035090396,CCCC[C@@H](c1ccc(Cl)cc1)[C@@H]1CCCCN1,5.48
ZINC000035090398,CCCC[C@H](c1ccc(Cl)cc1)[C@@H]1CCCCN1,5.48
ZINC000035090400,CCCC[C@@H](c1ccc(Cl)cc1)[C@H]1CCCCN1,5.48
ZINC000035090402,CCCC[C@H](c1ccc(Cl)cc1)[C@H]1CCCCN1,5.48
ZINC000040423907,CN[C@@H]1Cc2ccccc2[C@@H](Oc2ccccc2C)C1,5.48
ZINC000058608838,CN1[C@H]2CC[C@@H]1C[C@H](c1ccc(Cl)cc1)[C@@H]2c1nnc(-c2ccccc2)o1,5.48
ZINC000100891319,COC(=O)C1=C(c2ccc(Cl)c(Cl)c2)C[C@H]2[C@@H](O)C[C@H]1N2C,5.48
ZINC000253635113,CN1[C@H]2CC[C@H]1[C@H](c1nnc(-c3ccccc3)o1)[C@H](c1ccc(Cl)cc1)C2,5.48
ZINC000253635116,CN1[C@H]2CC[C@H]1[C@@H](c1nnc(-c3ccccc3)o1)[C@H](c1ccc(Cl)cc1)C2,5.48
ZINC000253635120,CN1[C@H]2CC[C@H]1[C@@H](c1nnc(-c3ccccc3)o1)[C@@H](c1ccc(Cl)cc1)C2,5.48
ZINC000253635122,CN1[C@H]2CC[C@H]1[C@H](c1nnc(-c3ccccc3)o1)[C@@H](c1ccc(Cl)cc1)C2,5.48
ZINC000253685212,COC(=O)[C@H]1[C@H]2C[C@H]3CC[C@H]1N3C/C2=C\c1ccc(-c2ccc(SC)cc2)s1,5.48
ZINC000253685221,COC(=O)[C@@H]1[C@H]2C[C@H]3CC[C@H]1N3C/C2=C\c1ccc(-c2ccc(SC)cc2)s1,5.48
ZINC000013648541,COc1ccc(CN[C@H]2C[C@H](C(c3ccccc3)c3ccccc3)OC[C@@H]2O)cc1,5.47
ZINC000027214049,COC(=O)[C@@H]1[C@@H](OC(c2ccc(Cl)cc2)c2ccc(Cl)cc2)C[C@@H]2CC[C@H]1N2C,5.47
ZINC000028465694,COc1ccc(CN[C@@H]2C[C@H](C(c3ccccc3)c3ccccc3)OC[C@@H]2O)cc1,5.47
ZINC000028646327,CC(C)N1CCN([C@@H](CN2CCN(CCCc3cccc(F)c3-c3ccccc3)CC2)c2ccc(F)cc2)CC1,5.47
ZINC000028646330,CC(C)N1CCN([C@H](CN2CCN(CCCc3cccc(F)c3-c3ccccc3)CC2)c2ccc(F)cc2)CC1,5.47
ZINC000029046897,C=CCN(CC)C(=O)[C@]1(c2ccccc2)[C@@H](CN)[C@@H]1c1ccccc1,5.47
ZINC000029046902,C=CCN(CC)C(=O)[C@]1(c2ccccc2)[C@H](CN)[C@@H]1c1ccccc1,5.47
ZINC000049034914,CNC[C@@H](O)CCN1c2ccccc2N(c2ccccc2F)S1(=O)=O,5.47
ZINC000082315719,NCC[S@](=O)C(c1ccccc1)c1ccccc1,5.47
ZINC000082315721,NCC[S@@](=O)C(c1ccccc1)c1ccccc1,5.47
ZINC000100799568,O[C@H]1CCCC[C@@H]1N1[C@H]2CC[C@H]1CC(c1ccccc1)C2,5.47
ZINC000201535522,CN1[C@H]2CC[C@H]1[C@H](c1cc(C(C)(C)C)no1)[C@@H](c1ccc(Cl)cc1)C2,5.47
ZINC000201535555,CN1[C@H]2CC[C@H]1[C@@H](c1cc(C(C)(C)C)no1)[C@@H](c1ccc(Cl)cc1)C2,5.47
ZINC000202975991,CON(C)C(=O)[C@@H]1[C@@H](c2ccc(C)cc2)C[C@H]2CC[C@H]1N2C,5.47
ZINC000202976014,CON(C)C(=O)[C@H]1[C@@H](c2ccc(C)cc2)C[C@H]2CC[C@H]1N2C,5.47
ZINC000253632583,COC(=O)[C@H]1[C@H]2CC[C@H]3CC[C@H]1N(C/C2=C\c1ccc(-c2ccc(OC)cc2)cc1)C3,5.47
ZINC000253632584,COC(=O)[C@@H]1[C@H]2CC[C@H]3CC[C@H]1N(C/C2=C\c1ccc(-c2ccc(OC)cc2)cc1)C3,5.47
ZINC000253642268,CON(C)C(=O)[C@H]1[C@H](c2ccc(C)cc2)C[C@H]2CC[C@H]1N2C,5.47
ZINC000253642276,CON(C)C(=O)[C@@H]1[C@H](c2ccc(C)cc2)C[C@H]2CC[C@H]1N2C,5.47
ZINC000253852566,CN1[C@H]2CC[C@H]1[C@@H](c1cc(C(C)(C)C)no1)[C@H](c1ccc(Cl)cc1)C2,5.47
ZINC000253852567,CN1[C@H]2CC[C@H]1[C@H](c1cc(C(C)(C)C)no1)[C@H](c1ccc(Cl)cc1)C2,5.47
ZINC000261165266,C=CCN(CC)C(=O)[C@@]1(c2ccccc2)[C@H](c2ccccc2)[C@H]1CN,5.47
ZINC000261165269,C=CCN(CC)C(=O)[C@]1(c2ccccc2)[C@@H](CN)[C@H]1c1ccccc1,5.47
ZINC000013494191,c1ccc(CN2C[C@H]3CC[C@@H](C2)C3c2ccccc2)cc1,5.46
ZINC000027213362,COC(=O)[C@H]1[C@@H](OC2c3ccccc3-c3ccccc32)C[C@@H]2CC[C@H]1N2C,5.46
ZINC000027213366,COC(=O)[C@@H]1[C@@H](OC2c3ccccc3-c3ccccc32)C[C@@H]2CC[C@H]1N2C,5.46
ZINC000029043068,CCN(CC)C(=O)[C@@]1(c2ccccn2)C[C@H]1CN,5.46
ZINC000029127995,CCN(CC)C(=O)[C@@]1(c2ccccc2)C[C@@H]1CNCc1ccccn1,5.46
ZINC000029127996,CCN(CC)C(=O)[C@]1(c2ccccc2)C[C@@H]1CNCc1ccccn1,5.46
ZINC000029127997,CCN(CC)C(=O)[C@@]1(c2ccccc2)C[C@H]1CNCc1ccccn1,5.46
ZINC000029127998,CCN(CC)C(=O)[C@]1(c2ccccc2)C[C@H]1CNCc1ccccn1,5.46
ZINC000029316815,CC(C)Oc1ccc(/C(=C/CN(C)C)c2ccncc2)cc1,5.46
ZINC000036271443,N#Cc1ccc(N2CCN3C[C@H]2CC[C@H]3C(c2ccccc2)c2ccccc2)cc1,5.46
ZINC000036271445,N#Cc1ccc(N2CCN3C[C@H]2CC[C@@H]3C(c2ccccc2)c2ccccc2)cc1,5.46
ZINC000040422107,CCN(CC)CCCCCCn1c2ccccc2c(=O)c2ccccc21,5.46
ZINC000040864865,Cc1ccccc1O[C@@H]1c2ccccc2C[C@]1(O)CNCCO,5.46
ZINC000040864868,Cc1ccccc1O[C@H]1c2ccccc2C[C@]1(O)CNCCO,5.46
ZINC000040864871,Cc1ccccc1O[C@@H]1c2ccccc2C[C@@]1(O)CNCCO,5.46
ZINC000040864874,Cc1ccccc1O[C@H]1c2ccccc2C[C@@]1(O)CNCCO,5.46
ZINC000040957784,CNC[C@H]1OCc2ccccc2[C@@H]1Oc1ccccc1Cl,5.46
ZINC000045497378,COc1ccccc1O[C@H]1C[C@@H](N(C)C)c2ccccc21,5.46
ZINC000073197850,C=CCN1[C@H]2CC[C@@H]1CC(=CCOC(c1ccc(F)cc1)c1ccc(F)cc1)C2,5.46
ZINC000100937815,CN1[C@H]2CC[C@H]1CC(CCO[C@@H](c1ccccc1)c1ccc(Cl)cc1)C2,5.46
ZINC000101038297,COCO[C@@H]1C[C@H]2C[C@H](OC(c3ccc(F)cc3)c3ccc(F)cc3)C[C@H]1N2C,5.46
ZINC000102235960,CC(C)c1noc([C@@H]2[C@@H](c3ccc(Cl)cc3)C[C@H]3CC[C@H]2N3C)n1,5.46
ZINC000102235964,CC(C)c1noc([C@H]2[C@@H](c3ccc(Cl)cc3)C[C@H]3CC[C@H]2N3C)n1,5.46
ZINC000103246782,O=C(CSC(c1ccc(F)cc1)c1ccc(F)cc1)NCCCc1ccccc1,5.46
ZINC000253663231,CN1[C@H]2CC[C@H]1CC(CCO[C@H](c1ccccc1)c1ccc(Cl)cc1)C2,5.46
ZINC000253690330,CN1[C@H]2CC[C@H]1[C@H](C(=O)N1CCCCC1)[C@H](c1ccc(Cl)cc1)C2,5.46
ZINC000253690333,CN1[C@H]2CC[C@H]1[C@@H](C(=O)N1CCCCC1)[C@@H](c1ccc(Cl)cc1)C2,5.46
ZINC000253690336,CN1[C@H]2CC[C@H]1[C@@H](C(=O)N1CCCCC1)[C@H](c1ccc(Cl)cc1)C2,5.46
ZINC000253690338,CN1[C@H]2CC[C@H]1[C@H](C(=O)N1CCCCC1)[C@@H](c1ccc(Cl)cc1)C2,5.46
ZINC000013737425,COC(=O)[C@@H]1[C@@H](OC(c2ccc(F)cc2)c2ccc(F)cc2)C[C@@H]2CC[C@H]1N2C,5.45
ZINC000013861976,Clc1ccc([C@@H](OC2C[C@@H]3CC[C@H](C2)N3Cc2ccccc2)c2ccccc2)cc1,5.45
ZINC000013861977,Clc1ccc([C@H](OC2C[C@@H]3CC[C@H](C2)N3Cc2ccccc2)c2ccccc2)cc1,5.45
ZINC000028645399,O=C1CC[C@H](c2ccccc2)[C@H]2CCCCN12,5.45
ZINC000028645492,CC[C@H]1CCN2CCCC[C@@H]2[C@H]1c1ccccc1,5.45
ZINC000029128986,COc1c(OCCF)cccc1[C@@H](O)C1CCN(CCc2ccc(F)cc2)CC1,5.45
ZINC000049018173,COCCN[C@@H](C)Cc1ccc(SC)cc1,5.45
ZINC000049018177,COCCN[C@H](C)Cc1ccc(SC)cc1,5.45
ZINC000003990793,O[C@H]1CN(Cc2ccc(F)cc2)CC[C@@H]1CCOC(c1ccccc1)c1ccccc1,5.44
ZINC000004978441,Nc1c2c(nc3ccccc13)CCCCC2,5.44
ZINC000013493981,O[C@@H]1CN(Cc2ccc(F)cc2)CC[C@@H]1CCOC(c1ccccc1)c1ccccc1,5.44
ZINC000013861984,Clc1ccc(C(OC2C[C@@H]3CC[C@H](C2)N3Cc2ccccc2)c2ccc(Cl)cc2)cc1,5.44
ZINC000022930172,c1ccc(C(c2ccccc2)[C@H]2CC[C@@H](NCc3cccs3)CN2)cc1,5.44
ZINC000029129094,CN(C)C[C@H]1CCCC[C@]1(OCC1CC1)c1cccc(O)c1,5.44
ZINC000029210434,CC[C@@H](N)Cc1ccc2c(c1)CCN2,5.44
ZINC000029210439,CC[C@H](N)Cc1ccc2c(c1)CCN2,5.44
ZINC000040973400,CNC[C@@H]1CSc2ccccc2[C@@H]1Oc1ccccc1Cl,5.44
ZINC000071295916,N#Cc1ccc(N2CCC(NCC[C@@H](O)c3csc4ccccc34)CC2)cc1,5.44
ZINC000071295917,N#Cc1ccc(N2CCC(NCC[C@H](O)c3csc4ccccc34)CC2)cc1,5.44
ZINC000100897400,CN1[C@H]2CC[C@H]1CC(=CCOC(c1ccc(F)cc1)c1ccc(F)cc1)C2,5.44
ZINC000013475003,COC(=O)[C@H]1CN(C(C)C)CC[C@@H]1c1ccc(Cl)cc1,5.43
ZINC000022930225,Fc1ccc(N(CCCN2CCN(Cc3ccccc3)CC2)c2ccc(F)cc2)cc1,5.43
ZINC000026935069,COC(=O)[C@@H]1CN(C(C)C)CC[C@@H]1c1ccc(Cl)cc1,5.43
ZINC000029316100,CN(C)C/C=C(/c1ccccc1)c1cccnc1,5.43
ZINC000036271632,CN1[C@H](/C=C/c2ccccc2)CCC[C@@H]1C[C@H](O)c1ccccc1,5.43
ZINC000096929862,O=C1NC[C@@H](c2cccc(Cl)c2)[C@H]1c1ccc(Cl)c(Cl)c1,5.43
ZINC000096929863,O=C1NC[C@H](c2cccc(Cl)c2)[C@H]1c1ccc(Cl)c(Cl)c1,5.43
ZINC000096929864,O=C1NC[C@@H](c2cccc(Cl)c2)[C@@H]1c1ccc(Cl)c(Cl)c1,5.43
ZINC000096929865,O=C1NC[C@H](c2cccc(Cl)c2)[C@@H]1c1ccc(Cl)c(Cl)c1,5.43
ZINC000100791344,CN1[C@H]2CC[C@H]1[C@H](c1ccccc1)[C@H](c1ccccc1)C2,5.43
ZINC000100816802,COC(=O)[C@@H]1[C@@H]2C[C@H]3CC[C@H]1N3C/C2=C\c1ccco1,5.43
ZINC000169355628,CN1[C@H]2C[C@@H](OC(c3ccc(F)cc3)c3ccc(F)cc3)C[C@H]1C[C@@H]2C(=O)Oc1ccccc1,5.43
ZINC000014946511,O[C@@H]1CCCc2nc3ccccc3c(NCc3ccccc3C(F)(F)F)c21,5.42
ZINC000014946512,O[C@H]1CCCc2nc3ccccc3c(NCc3ccccc3C(F)(F)F)c21,5.42
ZINC000022925343,OC[C@H](c1ccccc1)N1CCN(CCOC(c2ccccc2)c2ccccc2)CC1,5.42
ZINC000022925348,OC[C@@H](c1ccccc1)N1CCN(CCOC(c2ccccc2)c2ccccc2)CC1,5.42
ZINC000027564216,Cc1nnc(-c2ccc(-c3ccc(C(=O)Nc4ccc(OS(C)(=O)=O)c(N5CCN(C)CC5)c4)cc3)c(C)c2)o1,5.42
ZINC000100728209,Cc1ccccc1OC(=O)[C@H]1[C@@H](c2ccc(Cl)cc2)C[C@H]2CC[C@H]1N2C,5.42
ZINC000100728214,Cc1ccccc1OC(=O)[C@@H]1[C@@H](c2ccc(Cl)cc2)C[C@H]2CC[C@H]1N2C,5.42
ZINC000101060034,CN1[C@H]2CC[C@H]1CC(O)(c1cccc(-c3ccccc3)c1)C2,5.42
ZINC000101975112,Cc1noc([C@@H]2[C@@H](c3ccccc3)C[C@H]3CC[C@H]2N3C)n1,5.42
ZINC000101975118,Cc1noc([C@H]2[C@@H](c3ccccc3)C[C@H]3CC[C@H]2N3C)n1,5.42
ZINC000253640366,Cc1ccccc1OC(=O)[C@H]1[C@H](c2ccc(Cl)cc2)C[C@H]2CC[C@H]1N2C,5.42
ZINC000253640368,Cc1ccccc1OC(=O)[C@@H]1[C@H](c2ccc(Cl)cc2)C[C@H]2CC[C@H]1N2C,5.42
ZINC000261115747,CN1[C@H]2CC[C@H]1[C@@H](COC(=O)CCCc1ccc([N+](=O)[O-])cc1)[C@@H](OC(c1ccc(F)cc1)c1ccc(F)cc1)C2,5.42
ZINC000022927559,O[C@@H]1CCCCC[C@@H]1CN1CCN(CCOC(c2ccccc2)c2ccccc2)CC1,5.41
ZINC000022927563,O[C@H]1CCCCC[C@@H]1CN1CCN(CCOC(c2ccccc2)c2ccccc2)CC1,5.41
ZINC000022927567,O[C@@H]1CCCCC[C@H]1CN1CCN(CCOC(c2ccccc2)c2ccccc2)CC1,5.41
ZINC000022927571,O[C@H]1CCCCC[C@H]1CN1CCN(CCOC(c2ccccc2)c2ccccc2)CC1,5.41
ZINC000029128628,CO[C@@]1(c2ccccc2)CCCC[C@H]1CN(C)C,5.41
ZINC000035090467,CCC(CC)[C@@H](c1ccc(Cl)cc1)[C@@H]1CCCCN1,5.41
ZINC000035090468,CCC(CC)[C@H](c1ccc(Cl)cc1)[C@@H]1CCCCN1,5.41
ZINC000035090470,CCC(CC)[C@@H](c1ccc(Cl)cc1)[C@H]1CCCCN1,5.41
ZINC000035090472,CCC(CC)[C@H](c1ccc(Cl)cc1)[C@H]1CCCCN1,5.41
ZINC000036270990,Cc1ccc([C@@H]2C[C@H]3CC[C@@H]([C@@H]2c2cc(C(C)C)no2)N3C)cc1,5.41
ZINC000036270992,Cc1ccc([C@H]2C[C@H]3CC[C@@H]([C@@H]2c2cc(C(C)C)no2)N3C)cc1,5.41
ZINC000202979201,Cc1ccc([C@@H]2C[C@H]3CC[C@@H]([C@H]2c2cc(C(C)C)no2)N3C)cc1,5.41
ZINC000202979213,Cc1ccc([C@H]2C[C@H]3CC[C@@H]([C@H]2c2cc(C(C)C)no2)N3C)cc1,5.41
ZINC000013648544,O[C@H]1CO[C@@H](C(c2ccccc2)c2ccccc2)C[C@@H]1NCc1ccccc1,5.4
ZINC000022940925,c1ccc(C(OCCN2CC[C@H]3CC[C@@H](C2)N3)c2ccccc2)cc1,5.4
ZINC000028398314,COC(=O)C1=C(c2ccc(Cl)c(Cl)c2)C[C@H]2CC[C@@H]1S2,5.4
ZINC000028645986,CC(C)N1CCC([C@@H](CN2CCN(CCCc3ccccc3-c3ccc(F)cc3)CC2)c2ccc(F)cc2)CC1,5.4
ZINC000028645990,CC(C)N1CCC([C@H](CN2CCN(CCCc3ccccc3-c3ccc(F)cc3)CC2)c2ccc(F)cc2)CC1,5.4
ZINC000029042988,CCN(CC)C(=O)[C@@]1(c2cccnc2)C[C@H]1CN,5.4
ZINC000029317287,CN(C)C/C=C(/c1ccc(F)cc1)c1cccnc1,5.4
ZINC000036271489,O[C@H]1CO[C@@H](C(c2ccccc2)c2ccccc2)C[C@H]1NCc1ccccc1,5.4
ZINC000040424820,Cc1ccccc1O[C@H]1c2ccccc2CO[C@H]1CN,5.4
ZINC000040428687,CNC[C@H]1CCc2ccccc2[C@H]1Oc1ccccc1C,5.4
ZINC000040845576,Cc1ccccc1O[C@@H]1c2ccccc2C[C@]1(O)CN,5.4
ZINC000040845578,Cc1ccccc1O[C@H]1c2ccccc2C[C@]1(O)CN,5.4
ZINC000040845580,Cc1ccccc1O[C@@H]1c2ccccc2C[C@@]1(O)CN,5.4
ZINC000040975467,CNC[C@@H]1OCc2ccccc2[C@@H]1Oc1cc(F)ccc1C,5.4
ZINC000049020134,C[C@H](N)Cc1ccc(SC(C)(C)C)cc1,5.4
ZINC000049020137,C[C@@H](N)Cc1ccc(SC(C)(C)C)cc1,5.4
ZINC000100788413,c1ccc(C2[C@H]3CC[C@H]2CNC3)cc1,5.4
ZINC000103172556,O=C1N[C@]2(CCCc3ccccc32)C(=O)N1CCCN1CCc2ccccc2C1,5.4
ZINC000103172560,O=C1N[C@@]2(CCCc3ccccc32)C(=O)N1CCCN1CCc2ccccc2C1,5.4
ZINC000261166375,CN1[C@H]2CC[C@H]1[C@@H](C(=O)N[C@@H]1CC[C@@H](NC(=O)[C@@H]3[C@@H](c4ccc(Cl)cc4)C[C@@H]4CC[C@H]3N4C)CC1)[C@@H](c1ccc(Cl)cc1)C2,5.4
ZINC000005734222,COc1cccc2[nH]cc(CCN)c12,5.39
ZINC000013676202,Cc1ccc([C@H]2[C@@H](c3ccccc3)C[C@@H]3CC[C@H]2N3C)cc1,5.39
ZINC000013682176,CCC[C@@H](CN1CCCC1)C(=O)c1ccc(C)cc1,5.39
ZINC000013682179,CCC[C@H](CN1CCCC1)C(=O)c1ccc(C)cc1,5.39
ZINC000022927478,O=C1CCCCC[C@@H]1CN1CCN(CCOC(c2ccccc2)c2ccccc2)CC1,5.39
ZINC000022927482,O=C1CCCCC[C@H]1CN1CCN(CCOC(c2ccccc2)c2ccccc2)CC1,5.39
ZINC000029321818,N[C@H]1CC[C@@H](c2cccc(C(F)(F)F)c2)c2ccccc21,5.39
ZINC000040865752,NCC[C@H]1CC[C@@H](CCc2ccc(O)cc2)O1,5.39
ZINC000040865754,NCC[C@H]1CC[C@H](CCc2ccc(O)cc2)O1,5.39
ZINC000040865756,NCC[C@@H]1CC[C@@H](CCc2ccc(O)cc2)O1,5.39
ZINC000040865758,NCC[C@@H]1CC[C@H](CCc2ccc(O)cc2)O1,5.39
ZINC000073198088,Fc1ccc(CN2[C@H]3CC[C@@H]2CC(=CCOC(c2ccccc2)c2ccccc2)C3)cc1,5.39
ZINC000013472261,c1ccc(C(OCCC2CCN(Cc3ccc(-c4cccc5ccccc45)cc3)CC2)c2ccccc2)cc1,5.38
ZINC000013766028,Nc1c2c(nc3ccccc13)-c1ccccc1NCC2,5.38
ZINC000029318893,CN(C)C/C=C(\c1cccnc1)c1ccccc1Br,5.38
ZINC000029326717,CN[C@H]1CC[C@@H](c2ccccc2OC)c2ccccc21,5.38
ZINC000035090474,Clc1ccc([C@@H](C2CCCC2)[C@@H]2CCCCN2)cc1,5.38
ZINC000035090476,Clc1ccc([C@H](C2CCCC2)[C@@H]2CCCCN2)cc1,5.38
ZINC000035090478,Clc1ccc([C@@H](C2CCCC2)[C@H]2CCCCN2)cc1,5.38
ZINC000035090480,Clc1ccc([C@H](C2CCCC2)[C@H]2CCCCN2)cc1,5.38
ZINC000036271399,O=S(=O)(Nc1ccc(CN2CCN3C[C@H]2CC[C@H]3C(c2ccccc2)c2ccccc2)cc1)c1ccc(Cl)cc1,5.38
ZINC000036271402,O=S(=O)(Nc1ccc(CN2CCN3C[C@H]2CC[C@@H]3C(c2ccccc2)c2ccccc2)cc1)c1ccc(Cl)cc1,5.38
ZINC000040848200,Clc1cc(Cl)c([C@]23CNC[C@H]2C3)s1,5.38
ZINC000040848201,Clc1cc(Cl)c([C@@]23CNC[C@@H]2C3)s1,5.38
ZINC000072120635,O=S1(=O)N(CC[C@@H]2CNCCO2)c2ccccc2N1c1ccc(F)cc1F,5.38
ZINC000073198120,O=C1c2ccccc2C(=O)N1CCCCN1CCN(c2ccc3cc([N+](=O)[O-])ccc3n2)CC1,5.38
ZINC000100647783,CCCOC(=O)[C@H]1[C@@H](OC(=O)c2ccccc2)C[C@H]2CC[C@H]1N2C,5.38
ZINC000101168296,Clc1cc(Cl)c([C@@]23CNC[C@H]2C3)s1,5.38
ZINC000101168301,Clc1cc(Cl)c([C@]23CNC[C@@H]2C3)s1,5.38
ZINC000013781859,CCN1CCc2c(sc3ccccc23)[C@@H](c2cccc(Br)c2)C1,5.37
ZINC000013781860,CCN1CCc2c(sc3ccccc23)[C@H](c2cccc(Br)c2)C1,5.37
ZINC000013800792,CN1[C@H](C[C@H](O)c2ccccc2)CCC[C@@H]1CCc1ccccc1,5.37
ZINC000026578012,C[C@@H]1CN(CCCN(c2ccc(F)cc2)c2ccc(F)cc2)C[C@@H](C)N1CCc1ccc(Cl)c(Cl)c1,5.37
ZINC000027525006,C[C@H]1CN(CCOC(c2ccc(F)cc2)c2ccc(F)cc2)[C@H](C)CN1CCOC(c1ccc(F)cc1)c1ccc(F)cc1,5.37
ZINC000034884338,Fc1ccc(C(OCC=C2C[C@@H]3CC[C@H](C2)N3CC2CC2)c2ccc(F)cc2)cc1,5.37
ZINC000034986362,CCn1c(=O)n([C@H](CCNC)c2ccccc2)c2ccccc21,5.37
ZINC000095562987,COc1cccc2c1CN(C)C[C@H]2c1ccccc1,5.37
ZINC000095562988,COc1cccc2c1CN(C)C[C@@H]2c1ccccc1,5.37
ZINC000261129312,COc1ccc(CCN2[C@H]3[C@@H]4[C@H]5C[C@@H]6[C@@H]4[C@]2(O)[C@H]2[C@H]6[C@@H]5[C@@H]32)cc1OC,5.37
ZINC000261129313,COc1ccc(CCN2[C@H]3[C@@H]4[C@H]5C[C@@H]6[C@@H]4[C@]2(O)[C@@H]2[C@H]6[C@@H]5[C@@H]32)cc1OC,5.37
ZINC000261129315,COc1ccc(CCN2[C@H]3[C@@H]4[C@H]5C[C@H]6[C@@H]7[C@@H]5[C@@H]3[C@@H]7[C@@]2(O)[C@H]64)cc1OC,5.37
ZINC000261129317,COc1ccc(CCN2[C@@H]3[C@H]4[C@@H]5[C@@H]6[C@@H]7C[C@H]([C@@H]3[C@@H]7[C@]52O)[C@H]64)cc1OC,5.37
ZINC000299826815,C[C@@H]1CCN(c2ccc(Cl)c(Cl)c2)C(=O)CN1,5.37
ZINC000299826818,C[C@H]1CCN(c2ccc(Cl)c(Cl)c2)C(=O)CN1,5.37
ZINC000013472270,Oc1ccc(CN2CCC(CCOC(c3ccccc3)c3ccccc3)CC2)cc1,5.36
ZINC000013682118,CCC[C@H](C(=O)c1cccc(C)c1)N1CCCC1,5.36
ZINC000013682120,CCC[C@@H](C(=O)c1cccc(C)c1)N1CCCC1,5.36
ZINC000013766029,C[C@@H]1Cc2c(nc3ccccc3c2N)[C@@]1(C)O,5.36
ZINC000013766031,C[C@H]1Cc2c(nc3ccccc3c2N)[C@@]1(C)O,5.36
ZINC000013766034,C[C@@H]1Cc2c(nc3ccccc3c2N)[C@]1(C)O,5.36
ZINC000013766036,C[C@H]1Cc2c(nc3ccccc3c2N)[C@]1(C)O,5.36
ZINC000027207716,COC(=O)[C@H]1[C@@H](O[C@@H](c2ccc(Br)cc2)c2ccc(I)cc2)C[C@@H]2CC[C@H]1N2C,5.36
ZINC000027207720,COC(=O)[C@@H]1[C@@H](O[C@@H](c2ccc(Br)cc2)c2ccc(I)cc2)C[C@@H]2CC[C@H]1N2C,5.36
ZINC000029042908,CCN(CC)C(=O)[C@@]1(c2ccsc2)C[C@H]1CNC,5.36
ZINC000029128000,CCN(CC)C(=O)[C@@]1(c2ccccc2)C[C@@H]1CNCc1ccc[nH]1,5.36
ZINC000029128001,CCN(CC)C(=O)[C@]1(c2ccccc2)C[C@@H]1CNCc1ccc[nH]1,5.36
ZINC000029128002,CCN(CC)C(=O)[C@@]1(c2ccccc2)C[C@H]1CNCc1ccc[nH]1,5.36
ZINC000029128003,CCN(CC)C(=O)[C@]1(c2ccccc2)C[C@H]1CNCc1ccc[nH]1,5.36
ZINC000029128246,CCN(C(=O)[C@@]1(c2ccccc2)C[C@@H]1CN)c1ccccc1,5.36
ZINC000029128247,CCN(C(=O)[C@]1(c2ccccc2)C[C@@H]1CN)c1ccccc1,5.36
ZINC000029128248,CCN(C(=O)[C@@]1(c2ccccc2)C[C@H]1CN)c1ccccc1,5.36
ZINC000029128249,CCN(C(=O)[C@]1(c2ccccc2)C[C@H]1CN)c1ccccc1,5.36
ZINC000045366559,CN1[C@H](C[C@H](OS(=O)(=O)c2ccc(Cl)cc2)c2ccccc2)CCC[C@@H]1CC(=O)c1ccccc1,5.36
ZINC000071281182,N#Cc1cc(F)c(Cl)cc1O[C@H](CCN)c1ccccc1,5.36
ZINC000140620315,COC(=O)[C@@H]1[C@@H](O[C@H](c2ccc(Br)cc2)c2ccc(I)cc2)C[C@@H]2CC[C@H]1N2C,5.36
ZINC000146433621,COC(=O)[C@H]1[C@@H](O[C@H](c2ccc(Br)cc2)c2ccc(I)cc2)C[C@@H]2CC[C@H]1N2C,5.36
ZINC000008099545,CN(C)C/C=C(/c1ccc(Br)cc1)c1cccnc1,5.35
ZINC000013779957,CC(C)OC(=O)[C@H]1[C@@H](OC(=O)c2ccc(I)cc2O)C[C@@H]2CC[C@H]1N2C,5.35
ZINC000029322193,CN[C@@H]1CC[C@@H](c2ccccc2OC)c2ccccc21,5.35
ZINC000040380739,c1csc([C@@]23CNC[C@@H]2C3)c1,5.35
ZINC000040424384,CCc1ccccc1O[C@H]1c2ccccc2CO[C@H]1CNC,5.35
ZINC000040975701,CNC[C@H]1OCc2ccccc2[C@H]1Oc1ccccc1Cl,5.35
ZINC000071295772,CNCC[C@@H](Oc1cc(Cl)ccc1C#N)c1ccccc1,5.35
ZINC000100649766,CCCOC(=O)[C@@H]1[C@@H](OC(=O)c2ccccc2)C[C@H]2CC[C@H]1N2C,5.35
ZINC000100728751,CCC(CC)OC(=O)[C@H]1[C@@H](c2ccc(C)cc2)C[C@H]2CC[C@H]1N2C,5.35
ZINC000100728755,CCC(CC)OC(=O)[C@@H]1[C@@H](c2ccc(C)cc2)C[C@H]2CC[C@H]1N2C,5.35
ZINC000100799576,O[C@H]1CCN(Cc2cccc(I)c2)C[C@@H]1N1[C@H]2CC[C@H]1CC(c1ccccc1)C2,5.35
ZINC000101089949,O=C(Oc1ccccc1)[C@H]1C[C@H]2C[C@H](OC(c3ccc(F)cc3)c3ccc(F)cc3)C[C@H]1N2,5.35
ZINC000101168159,c1csc([C@@]23CNC[C@H]2C3)c1,5.35
ZINC000101168165,c1csc([C@]23CNC[C@@H]2C3)c1,5.35
ZINC000253642289,CCCOC(=O)[C@H]1[C@H](OC(=O)c2ccccc2)C[C@H]2CC[C@H]1N2C,5.35
ZINC000253642295,CCCOC(=O)[C@@H]1[C@H](OC(=O)c2ccccc2)C[C@H]2CC[C@H]1N2C,5.35
ZINC000253791575,CCC(CC)OC(=O)[C@@H]1[C@H](c2ccc(C)cc2)C[C@H]2CC[C@H]1N2C,5.35
ZINC000253791582,CCC(CC)OC(=O)[C@H]1[C@H](c2ccc(C)cc2)C[C@H]2CC[C@H]1N2C,5.35
ZINC000254132328,COc1ccc(CN2[C@H]3[C@@H]4[C@H]5C[C@H]6[C@@H]7[C@@H]5[C@@H]3[C@@H]7[C@@]2(O)[C@H]64)cc1OC,5.35
ZINC000254132330,COc1ccc(CN2[C@H]3[C@@H]4[C@H]5C[C@@H]6[C@@H]4[C@]2(O)[C@@H]2[C@H]6[C@@H]5[C@@H]32)cc1OC,5.35
ZINC000254132332,COc1ccc(CN2[C@@H]3[C@H]4[C@@H]5[C@@H]6[C@@H]7C[C@H]([C@@H]3[C@@H]7[C@]52O)[C@H]64)cc1OC,5.35
ZINC000254132334,COc1ccc(CN2[C@H]3[C@@H]4[C@H]5C[C@@H]6[C@@H]4[C@]2(O)[C@H]2[C@H]6[C@@H]5[C@@H]32)cc1OC,5.35
ZINC000000003275,Nc1c2c(nc3ccccc13)-c1ccccc1CC2,5.34
ZINC000002509756,CN(C)C[C@H]1CCCC[C@]1(O)c1cccc(O)c1,5.34
ZINC000013579483,CN1CC[C@H](c2ccc(Cl)cc2)[C@@H](CCC(=O)O)C1,5.34
ZINC000013797040,CN1CCN(c2nc3ccccc3c3c2CCc2sccc2-3)CC1,5.34
ZINC000034986364,CNCC[C@H](c1ccccc1)n1c(=O)n(C2CC2)c2ccccc21,5.34
ZINC000040424352,CCc1ccccc1O[C@H]1c2ccccc2OC[C@H]1CNC,5.34
ZINC000045371197,CNC[C@@H](O)[C@H](c1cccc(F)c1)N1CC(C)(C)c2ccccc21,5.34
ZINC000045390946,CN1[C@H](C[C@H](OS(=O)(=O)Cc2ccccc2)c2ccccc2)CCC[C@@H]1CC(=O)c1ccccc1,5.34
ZINC000049034912,CNC[C@H](O)CCN1c2ccccc2N(c2ccccc2F)S1(=O)=O,5.34
ZINC000070672980,C[C@@H]1NC(C)(C)CO[C@@]1(O)c1ccc(Cl)cc1,5.34
ZINC000070672987,C[C@@H]1NC(C)(C)CO[C@@]1(O)c1cccc(F)c1,5.34
ZINC000101061044,NCCN1[C@H]2CC[C@@H]1C[C@H](OC(c1ccc(F)cc1)c1ccc(F)cc1)C2,5.34
ZINC000261178382,COC(=O)[C@@H]1[C@H]2C[C@H]3CC[C@H]1N3C/C2=C\c1cccnc1,5.34
ZINC000261178383,COC(=O)[C@H]1[C@H]2C[C@H]3CC[C@H]1N3C/C2=C\c1cccnc1,5.34
ZINC000001485772,Cc1nc(-c2ccc(-c3ccc(C(=O)N4CCc5cc6c(cc54)C4(CCN(C)CC4)CO6)cc3)c(C)c2)no1,5.33
ZINC000001660918,Nc1c2c(nc3ccccc13)-c1ccccc1CCC2,5.33
ZINC000013805066,Cc1nnc(-c2ccc(-c3ccc(C(=O)Nc4ccc(O)c(N5CCN(C)CC5)c4)cc3)c(C)c2)o1,5.33
ZINC000013861728,O[C@@H](CCN1CCN(c2ccc(F)cc2)CC1)c1ccccc1,5.33
ZINC000013861729,O[C@H](CCN1CCN(c2ccc(F)cc2)CC1)c1ccccc1,5.33
ZINC000032219208,CC[C@@H](Cc1ccccc1)NC,5.33
ZINC000032219209,CC[C@H](Cc1ccccc1)NC,5.33
ZINC000045366562,CN1[C@H](C[C@H](OS(=O)(=O)c2ccc(F)cc2)c2ccccc2)CCC[C@@H]1CC(=O)c1ccccc1,5.33
ZINC000084725293,O=C1Cc2c(cccc2N2CCN(CC[C@@H]3CCc4[nH]c5ccc(F)cc5c4C3)CC2)N1,5.33
ZINC000084725296,O=C1Cc2c(cccc2N2CCN(CC[C@H]3CCc4[nH]c5ccc(F)cc5c4C3)CC2)N1,5.33
ZINC000101387204,FC(F)(F)c1cc(O[C@H]2C[C@@H]3CC[C@H](C2)N3)cc(-c2ccccc2)c1,5.33
ZINC000029128100,CCN(CC)C(=O)[C@@]1(c2ccccc2)C[C@@H]1CNCc1cnco1,5.32
ZINC000029128101,CCN(CC)C(=O)[C@]1(c2ccccc2)C[C@@H]1CNCc1cnco1,5.32
ZINC000029128102,CCN(CC)C(=O)[C@@]1(c2ccccc2)C[C@H]1CNCc1cnco1,5.32
ZINC000029128103,CCN(CC)C(=O)[C@]1(c2ccccc2)C[C@H]1CNCc1cnco1,5.32
ZINC000042920180,COc1ccc([C@H](N[C@@H]2CC[C@@H](C(=O)N3CCC(C(=O)N4CCCC4)(c4ccccc4)CC3)C(C)(C)C2)C(F)F)cc1,5.32
ZINC000095586328,CN(CCCN1c2ccccc2CCc2ccccc21)CCOCCOCCN(C)CCCN1c2ccccc2CCc2ccccc21,5.32
ZINC000096910224,Cc1[nH]c2ccc(Br)cc2c1C1=CCNCC1,5.32
ZINC000100825429,c1ccc(CN2[C@H]3CC[C@H]2CC(CCOC(c2ccccc2)c2ccccc2)C3)cc1,5.32
ZINC000101019558,COC(=O)C1=C(c2ccc(I)cc2)C[C@H]2CC[C@H]1O2,5.32
ZINC000026659296,Cc1ccc([C@@H]2C[C@H]3CC[C@@H]([C@H]2c2nnc(C)o2)N3C)cc1,5.31
ZINC000027206537,COC(=O)[C@H]1[C@@H](O[C@@H](c2ccccc2)c2ccc(F)cc2)C[C@@H]2CC[C@H]1N2C,5.31
ZINC000027206542,COC(=O)[C@@H]1[C@@H](O[C@@H](c2ccccc2)c2ccc(F)cc2)C[C@@H]2CC[C@H]1N2C,5.31
ZINC000036270950,Cc1ccc([C@H]2C[C@H]3CC[C@@H]([C@H]2c2nnc(C)o2)N3C)cc1,5.31
ZINC000045357320,CCC(=O)O[C@@H](C[C@@H]1CCC[C@H](CC(=O)c2ccccc2)N1C)c1ccccc1,5.31
ZINC000045374510,CNC[C@@H](O)[C@H](c1cccc(F)c1)N1CC2(CCCCC2)c2ccccc21,5.31
ZINC000100843616,COC(=O)[C@H]1[C@@H](OC(c2ccc(F)cc2)c2ccc(F)cc2)C[C@H]2[C@@H](O)C[C@H]1N2C,5.31
ZINC000136949951,COC(=O)[C@@H]1[C@@H](O[C@H](c2ccccc2)c2ccc(F)cc2)C[C@@H]2CC[C@H]1N2C,5.31
ZINC000139181119,COC(=O)[C@H]1[C@H](OC(c2ccc(F)cc2)c2ccc(F)cc2)C[C@H]2[C@@H](O)C[C@H]1N2C,5.31
ZINC000146432466,COC(=O)[C@H]1[C@@H](O[C@H](c2ccccc2)c2ccc(F)cc2)C[C@@H]2CC[C@H]1N2C,5.31
ZINC000261142751,COC(=O)[C@@H]1[C@H](OC(c2ccc(F)cc2)c2ccc(F)cc2)C[C@H]2[C@@H](O)C[C@H]1N2C,5.31
ZINC000261142755,COC(=O)[C@@H]1[C@@H](OC(c2ccc(F)cc2)c2ccc(F)cc2)C[C@H]2[C@@H](O)C[C@H]1N2C,5.31
ZINC000013648533,O[C@H]1C[C@H](C(c2ccccc2)c2ccccc2)OC[C@@H]1NCc1ccc(F)cc1,5.3
ZINC000013861702,COc1ccccc1N1CCN(CC/C(=N\O)c2ccccc2)CC1,5.3
ZINC000013861712,O/N=C(\CCN1CCN(c2ccc(Cl)cc2)CC1)c1ccccc1,5.3
ZINC000013861779,COc1ccccc1N1CCN(CC/C(=N\O)c2cc(C)sc2C)CC1,5.3
ZINC000013861787,COc1ccccc1N1CCN(CC[C@@H](O)c2ccc(C)s2)CC1,5.3
ZINC000013861788,COc1ccccc1N1CCN(CC[C@H](O)c2ccc(C)s2)CC1,5.3
ZINC000013861790,COc1ccccc1N1CCN(CC/C(=N/O)c2ccc(C)s2)CC1,5.3
ZINC000013861802,O=C(CCN1CCN(c2ccc(Cl)cc2)CC1)c1csc2ccccc12,5.3
ZINC000014946503,COc1ccc(CNc2c3c(nc4ccccc24)CCC[C@@H]3O)cc1,5.3
ZINC000014946504,COc1ccc(CNc2c3c(nc4ccccc24)CCC[C@H]3O)cc1,5.3
ZINC000026578013,C[C@@H]1CN(CCCN(c2ccccc2)c2ccccc2)C[C@@H](C)N1CCc1ccc(Cl)c(Cl)c1,5.3
ZINC000027211169,COC(=O)[C@H]1[C@@H](OC(c2ccc(F)cc2)c2ccc(F)cc2)C[C@@H]2CC[C@H]1N2Cc1ccccc1,5.3
ZINC000027211173,COC(=O)[C@@H]1[C@@H](OC(c2ccc(F)cc2)c2ccc(F)cc2)C[C@@H]2CC[C@H]1N2Cc1ccccc1,5.3
ZINC000028468614,O[C@@H]1C[C@H](C(c2ccccc2)c2ccccc2)OC[C@@H]1NCc1ccc(F)cc1,5.3
ZINC000028646357,Cc1cccc(-c2ccccc2)c1CCCN1CCN(C[C@@H](c2ccc(F)cc2)N2CCN(C(C)C)CC2)CC1,5.3
ZINC000028646360,Cc1cccc(-c2ccccc2)c1CCCN1CCN(C[C@H](c2ccc(F)cc2)N2CCN(C(C)C)CC2)CC1,5.3
ZINC000034525608,OC1([C@@H](CN2CCNCC2)c2cccc(Cl)c2)CCCCC1,5.3
ZINC000035090412,CC(C)CC[C@@H](c1ccc(Cl)cc1)[C@@H]1CCCCN1,5.3
ZINC000035090414,CC(C)CC[C@H](c1ccc(Cl)cc1)[C@@H]1CCCCN1,5.3
ZINC000035090416,CC(C)CC[C@@H](c1ccc(Cl)cc1)[C@H]1CCCCN1,5.3
ZINC000035090418,CC(C)CC[C@H](c1ccc(Cl)cc1)[C@H]1CCCCN1,5.3
ZINC000040829623,CN[C@@H]1CC[C@H](Oc2ccccc2C)c2ccccc21,5.3
ZINC000045375257,CNC[C@@H](O)[C@H](c1cccc(F)c1)N1CC(C)(C)c2ccc(F)cc21,5.3
ZINC000049766544,CN1[C@H](C[C@H](OS(=O)(=O)c2ccc3ccccc3c2)c2ccccc2)CCC[C@@H]1CC(=O)c1ccccc1,5.3
ZINC000101005883,COC(=O)[C@@H]1[C@H](c2ccc(-c3cc([N+](=O)[O-])c([N+](=O)[O-])s3)cc2)C[C@H]2CC[C@H]1N2C,5.3
ZINC000101551379,CN1O[C@@]2(CC1=O)C[C@@H]1CC[C@H](C2)N1,5.3
ZINC000253633275,COC(=O)[C@H]1[C@@H](c2ccc(-c3ccccc3C(C)=O)cc2)C[C@H]2CC[C@H]1N2C,5.3
ZINC000253633277,COC(=O)[C@H]1[C@H](c2ccc(-c3ccccc3C(C)=O)cc2)C[C@H]2CC[C@H]1N2C,5.3
ZINC000253633278,COC(=O)[C@@H]1[C@@H](c2ccc(-c3ccccc3C(C)=O)cc2)C[C@H]2CC[C@H]1N2C,5.3
ZINC000253633280,COC(=O)[C@@H]1[C@H](c2ccc(-c3ccccc3C(C)=O)cc2)C[C@H]2CC[C@H]1N2C,5.3
ZINC000253638424,COC(=O)[C@H]1[C@@H](c2ccc(-c3cc([N+](=O)[O-])c([N+](=O)[O-])s3)cc2)C[C@H]2CC[C@H]1N2C,5.3
ZINC000253638425,COC(=O)[C@@H]1[C@@H](c2ccc(-c3cc([N+](=O)[O-])c([N+](=O)[O-])s3)cc2)C[C@H]2CC[C@H]1N2C,5.3
ZINC000253638426,COC(=O)[C@H]1[C@H](c2ccc(-c3cc([N+](=O)[O-])c([N+](=O)[O-])s3)cc2)C[C@H]2CC[C@H]1N2C,5.3
ZINC000000001267,COC(=O)[C@H](c1ccccc1)[C@@H]1CCCCN1,5.29
ZINC000000896709,COC(=O)[C@@H](c1ccccc1)[C@H]1CCCCN1,5.29
ZINC000000896711,COC(=O)[C@H](c1ccccc1)[C@H]1CCCCN1,5.29
ZINC000002522648,COC(=O)[C@@H](c1ccccc1)[C@@H]1CCCCN1,5.29
ZINC000013579495,CN1CC[C@H](c2ccc(Cl)cc2)[C@@H](CCCF)C1,5.29
ZINC000013610029,CN1CCC(C#N)(c2ccc(Cl)cc2)CC1,5.29
ZINC000013682211,CCCCN[C@@H](CCC)C(=O)c1ccc(Cl)c(Cl)c1,5.29
ZINC000013682214,CCCCN[C@H](CCC)C(=O)c1ccc(Cl)c(Cl)c1,5.29
ZINC000013766049,CC1=C(C)c2nc3ccccc3c(N)c2C1,5.29
ZINC000028645404,c1ccc([C@H]2CCCN3CCCC[C@H]23)cc1,5.29
ZINC000045390872,CCCCS(=O)(=O)O[C@@H](C[C@@H]1CCC[C@H](CC(=O)c2ccccc2)N1C)c1ccccc1,5.29
ZINC000072119642,CNC[C@@H](CCN1c2ccccc2N(c2ccccc2)S1(=O)=O)OC,5.29
ZINC000100036536,CN1[C@H]2CC[C@@H]1C[C@H](OC(c1ccccc1)c1ccccc1)C2,5.29
ZINC000100322730,CN1[C@H]2CC[C@H]1CC(O[C@@H](c1ccccc1)c1ccc(Cl)cc1)C2,5.29
ZINC000100579659,CN1[C@H]2CC[C@H]1CC(O[C@H](c1ccccc1)c1ccc(Cl)cc1)C2,5.29
ZINC000100820501,CN1[C@H]2CC[C@H]1CC(Oc1nc(-c3ccccc3)nc3ccccc13)C2,5.29
ZINC000100825136,COC(=O)C1=C(c2ccc(Cl)c(Cl)c2)C[C@H]2CC[C@H]1C2,5.29
ZINC000253636744,COC(=O)[C@@H]1[C@H]2C[C@H]3CC[C@H]1N3C/C2=C\c1cnc(OC)nc1OC,5.29
ZINC000253636745,COC(=O)[C@H]1[C@H]2C[C@H]3CC[C@H]1N3C/C2=C\c1cnc(OC)nc1OC,5.29
ZINC000013863570,COC(=O)[C@H]1[C@H](c2ccc(Cl)c(Cl)c2)C[C@H]2C[C@@H](O)[C@@H]1N2C,5.28
ZINC000026651952,CN1[C@H]2CC[C@@H]1C[C@@H](c1ccc(Cl)cc1)[C@H]2c1nc2ccccc2s1,5.28
ZINC000027552075,c1ccc([C@@]23CNC[C@@H]2C3)cc1,5.28
ZINC000027552079,c1ccc([C@]23CNC[C@H]2C3)cc1,5.28
ZINC000029128680,CNC[C@H]1CCCC[C@]1(OC)c1cccc(O)c1,5.28
ZINC000036271119,Cc1ccc([C@@H]2C[C@H]3CC[C@@H]([C@@H]2C(=O)Oc2cccc(C)c2)N3C)cc1,5.28
ZINC000036271120,Cc1ccc([C@H]2C[C@H]3CC[C@@H]([C@@H]2C(=O)Oc2cccc(C)c2)N3C)cc1,5.28
ZINC000045245558,O=C1Cc2c(ccc3c2OC[C@H](CNCC[C@@H]2CCc4c([nH]c5ccc(F)cc45)C2)O3)N1,5.28
ZINC000045245559,O=C1Cc2c(ccc3c2OC[C@H](CNCC[C@H]2CCc4c([nH]c5ccc(F)cc45)C2)O3)N1,5.28
ZINC000045374765,CNC[C@@H](O)[C@H](c1cc(F)cc(F)c1)N1CC(C)(C)c2ccccc21,5.28
ZINC000058608711,CN1[C@H]2CC[C@@H]1C[C@H](c1ccc(Cl)cc1)[C@H]2c1nc2ccccc2s1,5.28
ZINC000100854103,OC[C@@H]1[C@@H]2C[C@H]3CC[C@H]1N3C/C2=C\c1ccccc1,5.28
ZINC000100857705,c1ccc([C@@]23CNC[C@H]2C3)cc1,5.28
ZINC000100857707,c1ccc([C@]23CNC[C@@H]2C3)cc1,5.28
ZINC000202973020,Cc1ccc([C@H]2C[C@H]3CC[C@@H]([C@H]2C(=O)Oc2cccc(C)c2)N3C)cc1,5.28
ZINC000253642458,Cc1ccc([C@@H]2C[C@H]3CC[C@@H]([C@H]2C(=O)Oc2cccc(C)c2)N3C)cc1,5.28
ZINC000001846945,CCN(CC)C(=O)[C@@]1(c2ccccc2)C[C@H]1CNC,5.27
ZINC000005649647,CCN(CC)C(=O)[C@]1(c2ccccc2)C[C@@H]1CNC,5.27
ZINC000013487732,C(COC(c1ccccc1)c1ccccc1)=C1C[C@@H]2CC[C@H](C1)N2Cc1ccccc1,5.27
ZINC000026946965,CCN(CC)C(=O)[C@@]1(c2ccccc2)C[C@@H]1CNC,5.27
ZINC000026946973,CCN(CC)C(=O)[C@]1(c2ccccc2)C[C@H]1CNC,5.27
ZINC000100837899,COC(=O)C1=C(c2ccc(Cl)c(Cl)c2)C[C@H]2C[C@@H](O)[C@H]1N2C,5.27
ZINC000013648538,O[C@H]1C[C@H](C(c2ccccc2)c2ccccc2)OC[C@@H]1NCc1ccccc1,5.26
ZINC000014946507,Cc1cccc(CNc2c3c(nc4ccccc24)CCC[C@@H]3O)c1,5.26
ZINC000014946508,Cc1cccc(CNc2c3c(nc4ccccc24)CCC[C@H]3O)c1,5.26
ZINC000026653270,CN1[C@H]2CC[C@@H]1C[C@@H](c1ccc(Cl)cc1)[C@@H]2c1nnn[nH]1,5.26
ZINC000028458446,O[C@@H]1C[C@H](C(c2ccccc2)c2ccccc2)OC[C@@H]1NCc1ccccc1,5.26
ZINC000040829566,Cc1cccc([C@H]2C[C@@H]2CN)c1,5.26
ZINC000049049567,CNCCCN1Cc2ccccc2N(c2ccccc2F)S1(=O)=O,5.26
ZINC000058608638,CN1[C@H]2CC[C@@H]1C[C@H](c1ccc(Cl)cc1)[C@@H]2c1nnn[nH]1,5.26
ZINC000073259031,CCCN1[C@H]2CC[C@@H]1CC(=CCOC(c1ccc(F)cc1)c1ccc(F)cc1)C2,5.26
ZINC000095588264,CN(CCCN1c2ccccc2CCc2ccccc21)CCOCCOCCOCCN(C)CCCN1c2ccccc2CCc2ccccc21,5.26
ZINC000205370651,CN1CCCN(c2ccc(Cl)c(Cl)c2)C(=O)C1,5.26
ZINC000029321369,N[C@H]1CC[C@@H](c2ccc(C(F)(F)F)cc2)c2ccccc21,5.25
ZINC000040973320,CNC[C@@H]1OCc2ccccc2[C@@H]1Oc1ccccc1C(F)(F)F,5.25
ZINC000101387245,c1ccc(O[C@H]2C[C@@H]3CC[C@H](C2)N3)cc1,5.25
ZINC000013579442,CN1CC[C@H](c2ccc(Cl)cc2)[C@@H](C(=O)OC(C)(C)C)C1,5.24
ZINC000013584867,CN1CC[C@H](c2ccc(Cl)cc2)[C@@H](C[S@@](=O)CC(N)=O)C1,5.24
ZINC000013584869,CN1CC[C@H](c2ccc(Cl)cc2)[C@@H](C[S@](=O)CC(N)=O)C1,5.24
ZINC000013766020,COc1ccc2c(c1)CCc1c-2nc2ccccc2c1N,5.24
ZINC000014946481,O[C@@H]1CCCc2nc3ccccc3c(NCCCC(c3ccccc3)c3ccccc3)c21,5.24
ZINC000014946482,O[C@H]1CCCc2nc3ccccc3c(NCCCC(c3ccccc3)c3ccccc3)c21,5.24
ZINC000014946491,O[C@@H]1CCCc2nc3ccccc3c(NCc3ccc(Cl)cc3)c21,5.24
ZINC000014946492,O[C@H]1CCCc2nc3ccccc3c(NCc3ccc(Cl)cc3)c21,5.24
ZINC000022927449,O=C1CCC[C@@H]1CN1CCN(CCOC(c2ccccc2)c2ccccc2)CC1,5.24
ZINC000022927454,O=C1CCC[C@H]1CN1CCN(CCOC(c2ccccc2)c2ccccc2)CC1,5.24
ZINC000027215454,COC(=O)[C@H]1[C@@H](O[C@@H](c2ccccc2)c2ccc(Br)cc2)C[C@@H]2CC[C@H]1N2C,5.24
ZINC000027215457,COC(=O)[C@@H]1[C@@H](O[C@@H](c2ccccc2)c2ccc(Br)cc2)C[C@@H]2CC[C@H]1N2C,5.24
ZINC000029327340,CCCCOc1ccc([C@@H]2CC[C@H](NC)c3ccccc32)cc1,5.24
ZINC000036271519,CN1CC[C@H](c2ccc(Cl)cc2)[C@H](C[S@@](=O)CC(N)=O)C1,5.24
ZINC000040423335,C[C@H]1NC[C@@H]2C[C@@]21c1cccs1,5.24
ZINC000040864853,CCNC[C@]1(O)Cc2ccccc2[C@@H]1Oc1ccccc1C,5.24
ZINC000040864856,CCNC[C@@]1(O)Cc2ccccc2[C@@H]1Oc1ccccc1C,5.24
ZINC000040864859,CCNC[C@]1(O)Cc2ccccc2[C@H]1Oc1ccccc1C,5.24
ZINC000040864862,CCNC[C@@]1(O)Cc2ccccc2[C@H]1Oc1ccccc1C,5.24
ZINC000071294237,CNCC[C@@H](Oc1cc(OC)ccc1C#N)c1ccccc1,5.24
ZINC000072114540,O=S1(=O)N(CC[C@@H]2CNCCO2)c2cccc(F)c2N1c1ccccc1F,5.24
ZINC000072114541,O=S1(=O)N(CC[C@H]2CNCCO2)c2cccc(F)c2N1c1ccccc1F,5.24
ZINC000100891307,COC(=O)[C@H]1[C@@H](c2ccc(F)cc2)C[C@H]2[C@@H](O)C[C@H]1N2C,5.24
ZINC000101382050,CN1CC[C@H](c2ccc(Cl)cc2)[C@H](C[S@](=O)CC(N)=O)C1,5.24
ZINC000103246755,CCCCNCCSC(c1ccccc1)c1ccccc1,5.24
ZINC000103246794,CNC(=O)CSC(c1ccc(Br)cc1)c1ccc(Br)cc1,5.24
ZINC000137385793,COC(=O)[C@H]1[C@H](c2ccc(F)cc2)C[C@H]2[C@@H](O)C[C@H]1N2C,5.24
ZINC000137758390,COC(=O)[C@@H]1[C@@H](O[C@H](c2ccccc2)c2ccc(Br)cc2)C[C@@H]2CC[C@H]1N2C,5.24
ZINC000146432925,COC(=O)[C@H]1[C@@H](O[C@H](c2ccccc2)c2ccc(Br)cc2)C[C@@H]2CC[C@H]1N2C,5.24
ZINC000248317782,CCOC(=O)[C@@H]1[C@H](OC(=O)c2ccccc2)C[C@H]2CC[C@H]1N2C,5.24
ZINC000248317783,CCOC(=O)[C@H]1[C@H](OC(=O)c2ccccc2)C[C@H]2CC[C@H]1N2C,5.24
ZINC000261089321,COC(=O)[C@@H]1[C@@H](c2ccc(F)cc2)C[C@H]2[C@@H](O)C[C@H]1N2C,5.24
ZINC000261089323,COC(=O)[C@@H]1[C@H](c2ccc(F)cc2)C[C@H]2[C@@H](O)C[C@H]1N2C,5.24
ZINC000299863694,COc1ccc(C(OCCN2CCC[C@@H]2[C@@H](O)C(=O)O)(c2ccc(OC)cc2)c2ccc(OC)cc2)cc1,5.24
ZINC000004423541,COC(=O)[C@H]1CN(C)CC[C@@H]1c1ccc(Cl)cc1,5.23
ZINC000013747213,COC(=O)[C@@H](c1ccc(Cl)cc1)[C@@H]1CCCCN1,5.23
ZINC000013862284,C[C@@H](OCCC1CCN(Cc2ccc(F)cc2)CC1)c1ccccc1,5.23
ZINC000013862285,C[C@H](OCCC1CCN(Cc2ccc(F)cc2)CC1)c1ccccc1,5.23
ZINC000029479849,COC(=O)[C@H](c1ccc(Cl)cc1)[C@H]1CCCCN1,5.23
ZINC000029481369,COC(=O)[C@H](c1ccc(Cl)cc1)[C@@H]1CCCCN1,5.23
ZINC000035963499,COC(=O)[C@@H](c1ccc(Cl)cc1)[C@H]1CCCCN1,5.23
ZINC000058623063,COc1ccc(N2CCN3C[C@H]2CC[C@@H]3C(c2ccccc2)c2ccccc2)cc1,5.23
ZINC000066076349,CN[C@@H](CC(C)C)C1(c2ccc(Cl)c(Cl)c2)CCCCC1,5.23
ZINC000066076351,CN[C@H](CC(C)C)C1(c2ccc(Cl)c(Cl)c2)CCCCC1,5.23
ZINC000169355623,CN1[C@H]2C[C@@H](OC(c3ccc(F)cc3)c3ccc(F)cc3)C[C@H]1C[C@@H]2C(=O)OCc1ccccc1,5.23
ZINC000254004772,COc1ccc(N2CCN3C[C@H]2CC[C@H]3C(c2ccccc2)c2ccccc2)cc1,5.23
ZINC000002008289,NCCc1c[nH]c2cc(O)c(O)cc12,5.22
ZINC000027213109,COC(=O)[C@H]1[C@@H](O[C@@H](c2ccccc2)c2ccc(Cl)cc2)C[C@@H]2CC[C@H]1N2C,5.22
ZINC000027213113,COC(=O)[C@@H]1[C@@H](O[C@@H](c2ccccc2)c2ccc(Cl)cc2)C[C@@H]2CC[C@H]1N2C,5.22
ZINC000036271022,Cc1noc([C@@H]2CN(C)CC[C@@H]2c2ccc(Cl)cc2)n1,5.22
ZINC000040845908,C[C@@H]1NC[C@@]2(c3cccs3)C[C@@H]12,5.22
ZINC000040973318,CNC[C@@H]1OCc2ccccc2[C@@H]1Oc1ccccc1SC,5.22
ZINC000049052752,CNCCCN1Cc2ccccc2N(c2ccccc2)S1(=O)=O,5.22
ZINC000066077061,CN(C)C(=O)CSC(c1ccc(Cl)cc1)c1ccc(Cl)cc1,5.22
ZINC000073198831,CCN1[C@H]2CC[C@@H]1CC(=CCOC(c1ccc(F)cc1)c1ccc(F)cc1)C2,5.22
ZINC000095592328,CN(CCCN1c2ccccc2CCc2ccccc21)CCOCCN(C)CCCN1c2ccccc2CCc2ccccc21,5.22
ZINC000139474586,COC(=O)[C@@H]1[C@@H](O[C@H](c2ccccc2)c2ccc(Cl)cc2)C[C@@H]2CC[C@H]1N2C,5.22
ZINC000146432659,COC(=O)[C@H]1[C@@H](O[C@H](c2ccccc2)c2ccc(Cl)cc2)C[C@@H]2CC[C@H]1N2C,5.22
ZINC000014946495,O[C@@H]1CCCc2nc3ccccc3c(NCc3cccc(F)c3)c21,5.21
ZINC000014946496,O[C@H]1CCCc2nc3ccccc3c(NCc3cccc(F)c3)c21,5.21
ZINC000014946501,COc1cccc(CNc2c3c(nc4ccccc24)CCC[C@@H]3O)c1,5.21
ZINC000014946502,COc1cccc(CNc2c3c(nc4ccccc24)CCC[C@H]3O)c1,5.21
ZINC000026397422,O=C(N[C@@H]1CC[C@@H](C(c2ccccc2)c2ccccc2)NC1)c1ccc(F)cc1,5.21
ZINC000026397426,O=C(N[C@H]1CC[C@@H](C(c2ccccc2)c2ccccc2)NC1)c1ccc(F)cc1,5.21
ZINC000026397430,O=C(N[C@@H]1CC[C@H](C(c2ccccc2)c2ccccc2)NC1)c1ccc(F)cc1,5.21
ZINC000026397433,O=C(N[C@H]1CC[C@H](C(c2ccccc2)c2ccccc2)NC1)c1ccc(F)cc1,5.21
ZINC000027524455,C[C@H]1CN(CCOC(c2ccccc2)c2ccccc2)[C@H](C)CN1CCOC(c1ccccc1)c1ccccc1,5.21
ZINC000029129013,CO[C@]1(c2cccc(C#N)c2)CCCC[C@@H]1CN(C)C,5.21
ZINC000045253642,CC(C)(C)N[C@@H](CCC1CCCCC1)C(=O)c1cccc(Cl)c1,5.21
ZINC000045253643,CC(C)(C)N[C@H](CCC1CCCCC1)C(=O)c1cccc(Cl)c1,5.21
ZINC000045253931,CC(C)C[C@H](NC(C)(C)C)C(=O)c1cccc(Cl)c1,5.21
ZINC000045253933,CC(C)C[C@@H](NC(C)(C)C)C(=O)c1cccc(Cl)c1,5.21
ZINC000137156291,CN1[C@H]2CC[C@H]1CN(CCOC(c1ccccc1)c1ccccc1)CC2,5.21
ZINC000036271089,Cc1ccc([C@@H]2C[C@H]3CC[C@@H]([C@@H]2C(N)=O)N3C)cc1,5.2
ZINC000036271091,Cc1ccc([C@H]2C[C@H]3CC[C@@H]([C@@H]2C(N)=O)N3C)cc1,5.2
ZINC000045495063,CN1C[C@@H]2C[C@]2(c2cccs2)C1,5.2
ZINC000058501868,Cc1ccc([C@H]2C[C@H]3CC[C@@H]([C@H]2C(N)=O)N3C)cc1,5.2
ZINC000058547014,CN1C[C@H]2C[C@@]2(c2cccs2)C1,5.2
ZINC000064539308,Cc1cc(C(=O)NCCN2CCN(c3cccc(C)c3C)CC2)nc(C(C)(C)C)n1,5.2
ZINC000101167894,CN1C[C@H]2C[C@]2(c2cccs2)C1,5.2
ZINC000169290905,CN1C[C@@H]2C[C@@]2(c2cccs2)C1,5.2
ZINC000253640258,Cc1ccc([C@@H]2C[C@H]3CC[C@@H]([C@H]2C(N)=O)N3C)cc1,5.2
ZINC000013861757,COc1ccccc1N1CCN(CC[C@@H](Oc2ccc3c(c2)OCO3)c2ccsc2)CC1,5.19
ZINC000013861758,COc1ccccc1N1CCN(CC[C@H](Oc2ccc3c(c2)OCO3)c2ccsc2)CC1,5.19
ZINC000029046918,CCN(CC)C(=O)[C@]1(c2ccccc2)[C@@H](CN)[C@@H]1c1ccccc1,5.19
ZINC000029046923,CCN(CC)C(=O)[C@]1(c2ccccc2)[C@H](CN)[C@@H]1c1ccccc1,5.19
ZINC000040979779,Cc1ccccc1O[C@H]1c2ccccc2C[C@H]1CN(C)C,5.19
ZINC000070672963,C[C@@H]1N(C)C(C)(C)CO[C@@]1(O)c1ccc(Cl)cc1,5.19
ZINC000072116474,O=S1(=O)N(CC[C@@H]2CNCCO2)c2ccccc2N1c1ccccc1F,5.19
ZINC000096929918,O=C1NC[C@@H](c2ccc(Cl)cc2)[C@H]1c1ccc2ccccc2c1,5.19
ZINC000096929919,O=C1NC[C@@H](c2ccc(Cl)cc2)[C@@H]1c1ccc2ccccc2c1,5.19
ZINC000096929920,O=C1NC[C@H](c2ccc(Cl)cc2)[C@H]1c1ccc2ccccc2c1,5.19
ZINC000096929921,O=C1NC[C@H](c2ccc(Cl)cc2)[C@@H]1c1ccc2ccccc2c1,5.19
ZINC000100870077,CN1[C@H]2CC[C@H]1CN(CCOC(c1ccccc1)c1ccccc1)C2,5.19
ZINC000261097076,CCN(CC)C(=O)[C@]1(c2ccccc2)[C@@H](CN)[C@H]1c1ccccc1,5.19
ZINC000261097078,CCN(CC)C(=O)[C@@]1(c2ccccc2)[C@H](c2ccccc2)[C@H]1CN,5.19
ZINC000014946515,O[C@@H]1CCCc2nc3ccccc3c(NCc3ccc(C(F)(F)F)cc3)c21,5.18
ZINC000014946516,O[C@H]1CCCc2nc3ccccc3c(NCc3ccc(C(F)(F)F)cc3)c21,5.18
ZINC000014946523,O[C@@H]1CCCc2nc3cc(Cl)ccc3c(NCc3ccc(F)cc3)c21,5.18
ZINC000014946524,O[C@H]1CCCc2nc3cc(Cl)ccc3c(NCc3ccc(F)cc3)c21,5.18
ZINC000084738793,COc1ccc(CN2CCN3C[C@H]2CC[C@@H]3C(c2ccccc2)c2ccccc2)cc1,5.18
ZINC000299863692,COc1ccc(C(OCCN2CCC[C@@H]2[C@H](O)C(=O)O)(c2ccc(OC)cc2)c2ccc(OC)cc2)cc1,5.18
ZINC000013760439,NCCCCNCCOC(c1ccccc1)c1ccccc1,5.17
ZINC000034052008,N#Cc1ccc(Cl)cc1S[C@H](CCN)c1ccccc1,5.17
ZINC000040379332,c1cc([C@@]23CNC[C@@H]2C3)cs1,5.17
ZINC000040973909,CNC[C@H]1OCc2ccccc2[C@H]1Oc1ccccc1C(F)(F)F,5.17
ZINC000001660917,Nc1c2c(nc3ccccc13)-c1ccccc1NCCC2,5.16
ZINC000029047095,CCN(CC)C(=O)[C@@]1(c2ccccc2)C[C@@]1(C)CN,5.16
ZINC000029047098,CCN(CC)C(=O)[C@]1(c2ccccc2)C[C@@]1(C)CN,5.16
ZINC000029047100,CCN(CC)C(=O)[C@@]1(c2ccccc2)C[C@]1(C)CN,5.16
ZINC000029047102,CCN(CC)C(=O)[C@]1(c2ccccc2)C[C@]1(C)CN,5.16
ZINC000040393074,COc1ccc(F)cc1[C@@H]1CC[C@H](CN)O1,5.16
ZINC000040393076,COc1ccc(F)cc1[C@@H]1CC[C@@H](CN)O1,5.16
ZINC000040393077,COc1ccc(F)cc1[C@H]1CC[C@@H](CN)O1,5.16
ZINC000045339552,COc1cccc(C(=O)[C@H](C)NC2CCCC2)c1,5.16
ZINC000045339554,COc1cccc(C(=O)[C@@H](C)NC2CCCC2)c1,5.16
ZINC000013766038,CCCC[C@]1(O)c2nc3ccccc3c(N)c2C[C@@H]1C,5.15
ZINC000013766041,CCCC[C@@]1(O)c2nc3ccccc3c(N)c2C[C@@H]1C,5.15
ZINC000013766043,CCCC[C@]1(O)c2nc3ccccc3c(N)c2C[C@H]1C,5.15
ZINC000013766046,CCCC[C@@]1(O)c2nc3ccccc3c(N)c2C[C@H]1C,5.15
ZINC000022463345,OCCN1CCN([C@@H]2C[C@@H](c3ccc(F)cc3)c3ccc(C(F)(F)F)cc32)CC1,5.15
ZINC000022937852,OCCN1CCN([C@H]2C[C@@H](c3ccc(F)cc3)c3ccc(C(F)(F)F)cc32)CC1,5.15
ZINC000022937855,OCCN1CCN([C@@H]2C[C@H](c3ccc(F)cc3)c3ccc(C(F)(F)F)cc32)CC1,5.15
ZINC000022937858,OCCN1CCN([C@H]2C[C@H](c3ccc(F)cc3)c3ccc(C(F)(F)F)cc32)CC1,5.15
ZINC000028819404,CCN(CC)C(=O)[C@@]1(c2cccc3ccccc23)C[C@H]1CN,5.15
ZINC000029322189,CCCCOc1ccc([C@@H]2CC[C@@H](NC)c3ccccc32)cc1,5.15
ZINC000058592730,Cc1c(Cl)cccc1N1CCN(CCNC(=O)c2cc(-c3ccccc3)n(C)c2C)CC1,5.15
ZINC000066112423,C[C@H](N)C1(c2ccc(OC(C)(C)C)cc2)CCCCC1,5.15
ZINC000066112424,C[C@@H](N)C1(c2ccc(OC(C)(C)C)cc2)CCCCC1,5.15
ZINC000071295217,O=C(CCN[C@H]1CCN(c2ccc([N+](=O)[O-])cc2C(F)(F)F)C1)c1csc2ccccc12,5.15
ZINC000103246770,O=C(CSC(c1ccc(Br)cc1)c1ccc(Br)cc1)NCC1CC1,5.15
ZINC000103246775,CCCCNC(=O)CSC(c1ccc(Br)cc1)c1ccc(Br)cc1,5.15
ZINC000169290910,COC(=O)[C@H]1[C@H]2C(=O)C[C@@H](C[C@H]1c1ccc(Cl)c(Cl)c1)N2C,5.15
ZINC000253637163,COC(=O)[C@@H]1[C@H]2C[C@H]3CC[C@H]1N3C/C2=C\c1cnccn1,5.15
ZINC000253637166,COC(=O)[C@H]1[C@H]2C[C@H]3CC[C@H]1N3C/C2=C\c1cnccn1,5.15
ZINC000033996802,CN1[C@H](C[C@@H](O)c2ccccc2)CCC[C@@H]1CCc1ccccc1,5.14
ZINC000029056429,O[C@@H](CN1CCN2C[C@@H]1CC[C@H]2C(c1ccccc1)c1ccccc1)c1ccc(F)cc1,5.13
ZINC000029056433,O[C@H](CN1CCN2C[C@@H]1CC[C@H]2C(c1ccccc1)c1ccccc1)c1ccc(F)cc1,5.13
ZINC000029316048,CN(C)C/C=C(/c1ccc(C#N)cc1)c1cccnc1,5.13
ZINC000100816449,COC(=O)[C@@H]1[C@@H]2C[C@H]3CC[C@H]1N3C/C2=C/c1ccccc1,5.13
ZINC000013642621,CCOC(=O)[C@H](c1ccccc1)[C@H]1CCCCN1,5.12
ZINC000013642623,CCOC(=O)[C@@H](c1ccccc1)[C@@H]1CCCCN1,5.12
ZINC000013642625,CCOC(=O)[C@H](c1ccccc1)[C@@H]1CCCCN1,5.12
ZINC000013642627,CCOC(=O)[C@@H](c1ccccc1)[C@H]1CCCCN1,5.12
ZINC000019014866,Nc1c2c(nc3ccccc13)CCCC2,5.12
ZINC000029127553,CCN(C(=O)[C@@]1(c2ccccc2)C[C@@H]1CN)C1CCCCC1,5.12
ZINC000029127554,CCN(C(=O)[C@]1(c2ccccc2)C[C@@H]1CN)C1CCCCC1,5.12
ZINC000029127555,CCN(C(=O)[C@@]1(c2ccccc2)C[C@H]1CN)C1CCCCC1,5.12
ZINC000029127556,CCN(C(=O)[C@]1(c2ccccc2)C[C@H]1CN)C1CCCCC1,5.12
ZINC000033996724,CN1[C@H](C[C@@H](O)c2ccccc2)CCC[C@@H]1/C=C/c1ccccc1,5.12
ZINC000040379345,C[C@H]1NC[C@@]2(c3cccs3)C[C@@H]12,5.12
ZINC000101387112,c1ccc(-c2cccc(O[C@H]3C[C@@H]4CC[C@H](C3)N4)n2)cc1,5.12
ZINC000013493983,O=C1CN(Cc2ccc(F)cc2)CC[C@H]1CCOC(c1ccccc1)c1ccccc1,5.11
ZINC000013580498,Fc1ccc(C(OC2C[C@@H]3CC[C@H](C2)N3CCCOc2ccccc2)c2ccc(F)cc2)cc1,5.11
ZINC000014946477,O[C@@H]1CCCc2nc3ccccc3c(NCCc3ccccc3)c21,5.11
ZINC000014946478,O[C@H]1CCCc2nc3ccccc3c(NCCc3ccccc3)c21,5.11
ZINC000034206161,CCN(CC)CCCCCn1c2ccccc2c(=O)c2ccccc21,5.11
ZINC000035090550,CC(=O)[C@@H](c1ccccc1)[C@@H]1CCCCN1,5.11
ZINC000035090552,CC(=O)[C@H](c1ccccc1)[C@@H]1CCCCN1,5.11
ZINC000035090554,CC(=O)[C@@H](c1ccccc1)[C@H]1CCCCN1,5.11
ZINC000035090556,CC(=O)[C@H](c1ccccc1)[C@H]1CCCCN1,5.11
ZINC000040833959,CNC[C@H]1OCc2ccccc2[C@H]1Oc1ccccc1C,5.11
ZINC000001481754,CC1(COc2ccc(C[C@@H]3SC(=O)NC3=O)cc2)CCCCC1,5.1
ZINC000001854671,CC1(COc2ccc(C[C@H]3SC(=O)NC3=O)cc2)CCCCC1,5.1
ZINC000014946509,Cc1ccc(CNc2c3c(nc4ccccc24)CCC[C@@H]3O)cc1,5.1
ZINC000014946510,Cc1ccc(CNc2c3c(nc4ccccc24)CCC[C@H]3O)cc1,5.1
ZINC000045484577,CCN[C@@H]1C[C@H](Oc2ccccc2C)c2ccccc21,5.1
ZINC000049034489,CNCCC[C@@H]1Cc2ccccc2N(c2c(F)cccc2F)S1(=O)=O,5.1
ZINC000049034491,CNCCC[C@H]1Cc2ccccc2N(c2c(F)cccc2F)S1(=O)=O,5.1
ZINC000066079227,Clc1ccc(C2(CN3CCOCC3)CCCCC2)cc1Cl,5.1
ZINC000100840751,COC(=O)C1=C(c2ccc(F)cc2)C[C@H]2CC[C@H]1N2C,5.1
ZINC000101090248,CC(C)COC(=O)[C@H]1C[C@H]2C[C@H](OC(c3ccc(F)cc3)c3ccc(F)cc3)C[C@H]1N2C,5.1
ZINC000169355588,CN1[C@H]2C[C@@H](OC(c3ccc(F)cc3)c3ccc(F)cc3)C[C@H]1C[C@@H]2C(=O)OCCc1ccccc1,5.1
ZINC000253701992,CCC[C@H]1[C@@H]2N(C)[C@@H](C[C@H]1c1ccc(F)cc1)CC2(F)F,5.1
ZINC000253701997,CCC[C@@H]1[C@@H](c2ccc(F)cc2)C[C@H]2CC(F)(F)[C@H]1N2C,5.1
ZINC000253702003,CCC[C@H]1[C@@H](c2ccc(F)cc2)C[C@H]2CC(F)(F)[C@H]1N2C,5.1
ZINC000253702008,CCC[C@@H]1[C@@H]2N(C)[C@@H](C[C@H]1c1ccc(F)cc1)CC2(F)F,5.1
ZINC000040835895,Fc1ccc([C@]23CNC[C@H]2C3)s1,5.09
ZINC000045322183,COc1ccccc1N1CCN(CCCn2c(C)cn3c4c(=O)n(C)c(=O)n(C)c4nc23)CC1,5.09
ZINC000049019851,C[C@H](N)Cc1ccc(SCCN(C)C)cc1,5.09
ZINC000049019854,C[C@@H](N)Cc1ccc(SCCN(C)C)cc1,5.09
ZINC000036271465,Oc1ccc(N2CCN3C[C@H]2CC[C@H]3C(c2ccccc2)c2ccccc2)cc1,5.08
ZINC000036271466,Oc1ccc(N2CCN3C[C@H]2CC[C@@H]3C(c2ccccc2)c2ccccc2)cc1,5.08
ZINC000072120641,O=S1(=O)N(CC[C@@H]2CNCCO2)c2cc(F)ccc2N1c1ccccc1F,5.08
ZINC000072120642,O=S1(=O)N(CC[C@H]2CNCCO2)c2cc(F)ccc2N1c1ccccc1F,5.08
ZINC000100881234,CN1[C@H]2C[C@H](OC(c3ccc(F)cc3)c3ccc(F)cc3)C[C@H]1C[C@@H]2C(=O)O,5.08
ZINC000100897341,CN1[C@H]2CC[C@H]1CC(=CCOC(c1ccccc1)c1ccccc1)C2,5.08
ZINC000169345611,CN1[C@H]2C[C@@H](OC(c3ccc(F)cc3)c3ccc(F)cc3)C[C@H]1C[C@@H]2C(=O)O,5.08
ZINC000169367619,CN(C)[C@@H]1[C@H]2CC[C@@H](C[C@@H]2O)[C@@H]1c1ccccc1,5.08
ZINC000253994885,CN(C)[C@H]1[C@H](c2ccccc2)[C@H]2CC[C@H]1[C@H](O)C2,5.08
ZINC000253994890,CN(C)[C@H]1[C@@H](c2ccccc2)[C@H]2CC[C@H]1[C@H](O)C2,5.08
ZINC000253994894,CN(C)[C@H]1[C@H](c2ccccc2)[C@H]2CC[C@H]1[C@@H](O)C2,5.08
ZINC000027214038,COC(=O)[C@H]1[C@@H](OC(c2ccc(I)cc2)c2ccc(I)cc2)C[C@@H]2CC[C@H]1N2C,5.07
ZINC000027214042,COC(=O)[C@@H]1[C@@H](OC(c2ccc(I)cc2)c2ccc(I)cc2)C[C@@H]2CC[C@H]1N2C,5.07
ZINC000066136528,Clc1ccc(C2(CN3CCCC3)CCCCC2)cc1Cl,5.07
ZINC000029316645,Cc1cccc(/C(=C/CN(C)C)c2ccncc2)c1,5.06
ZINC000040789739,COc1ccc(CN2CCN3C[C@@H]2CC[C@H]3C(c2ccccc2)c2ccccc2)cc1,5.06
ZINC000101024784,COC(=O)C1=C(c2ccc(I)cc2)C[C@H]2CC[C@H]1S2,5.06
ZINC000014946505,Cc1ccccc1CNc1c2c(nc3ccccc13)CCC[C@@H]2O,5.05
ZINC000014946506,Cc1ccccc1CNc1c2c(nc3ccccc13)CCC[C@H]2O,5.05
ZINC000022938509,C[C@H]1CN[C@H](C)CN1CCOC(c1ccc(F)cc1)c1ccc(F)cc1,5.05
ZINC000036271449,Fc1ccc(N2CCN3C[C@H]2CC[C@H]3C(c2ccccc2)c2ccccc2)cc1,5.05
ZINC000036271452,Fc1ccc(N2CCN3C[C@H]2CC[C@@H]3C(c2ccccc2)c2ccccc2)cc1,5.05
ZINC000040421773,N[C@@H]1C[C@H](Oc2ccc(Cl)cc2)c2ccccc21,5.05
ZINC000045386354,CCC1(CC)CN([C@@H](c2cccc(F)c2)[C@H](O)CNC)c2ccccc21,5.05
ZINC000101387233,N#Cc1ccccc1-c1cccc(O[C@H]2C[C@@H]3CC[C@H](C2)N3)n1,5.05
ZINC000103246766,CCCNC(=O)CSC(c1ccc(Br)cc1)c1ccc(Br)cc1,5.05
ZINC000096286275,O=C1OCc2cc(CCN3CCN(C(=O)Cc4ccc(-n5cnnn5)cc4)CC3)ccc21,5.04
ZINC000100799549,O[C@H]1CCN(Cc2ccc(F)cc2)C[C@@H]1N1[C@H]2CC[C@H]1CC(c1ccccc1)C2,5.04
ZINC000100877638,CN1[C@H]2C[C@H](OC(c3ccc(F)cc3)c3ccc(F)cc3)C[C@H]1C[C@@H]2O,5.04
ZINC000169344747,CN1[C@H]2C[C@@H](OC(c3ccc(F)cc3)c3ccc(F)cc3)C[C@H]1C[C@@H]2O,5.04
ZINC000014946487,O[C@@H]1CCCc2nc3ccccc3c(NCc3ccccc3Cl)c21,5.03
ZINC000014946488,O[C@H]1CCCc2nc3ccccc3c(NCc3ccccc3Cl)c21,5.03
ZINC000027203592,COC(=O)[C@H]1[C@@H](O[C@@H](c2ccccc2)c2ccc(I)cc2)C[C@@H]2CC[C@H]1N2C,5.03
ZINC000027203598,COC(=O)[C@@H]1[C@@H](O[C@@H](c2ccccc2)c2ccc(I)cc2)C[C@@H]2CC[C@H]1N2C,5.03
ZINC000029312966,CN[C@H]1CC[C@@H](c2ccc(Oc3ccccc3)cc2)c2ccccc21,5.03
ZINC000100728246,CCN(CC)C(=O)[C@H]1[C@@H](c2ccc(Cl)cc2)C[C@H]2CC[C@H]1N2C,5.03
ZINC000100728248,CCN(CC)C(=O)[C@@H]1[C@@H](c2ccc(Cl)cc2)C[C@H]2CC[C@H]1N2C,5.03
ZINC000138997201,COC(=O)[C@@H]1[C@@H](O[C@H](c2ccccc2)c2ccc(I)cc2)C[C@@H]2CC[C@H]1N2C,5.03
ZINC000146433392,COC(=O)[C@H]1[C@@H](O[C@H](c2ccccc2)c2ccc(I)cc2)C[C@@H]2CC[C@H]1N2C,5.03
ZINC000253850981,CCN(CC)C(=O)[C@H]1[C@H](c2ccc(Cl)cc2)C[C@H]2CC[C@H]1N2C,5.03
ZINC000253850983,CCN(CC)C(=O)[C@@H]1[C@H](c2ccc(Cl)cc2)C[C@H]2CC[C@H]1N2C,5.03
ZINC000013445633,CN(C)CCCSc1nc(-c2ccccc2)nc2ccccc12,5.02
ZINC000013648565,O[C@@H]1CO[C@H](C(c2ccccc2)c2ccccc2)C[C@H]1NCc1ccccc1,5.02
ZINC000019367174,c1ccc(C(OCCN2CCNCC2)c2ccccc2)cc1,5.02
ZINC000028461912,O[C@@H]1CO[C@H](C(c2ccccc2)c2ccccc2)C[C@@H]1NCc1ccccc1,5.02
ZINC000029042982,CCN(CC)C(=O)[C@@]1(c2nc3ccccc3s2)C[C@H]1CN,5.02
ZINC000029056516,O[C@H](CN1CCN2C[C@@H]1CC[C@H]2C(c1ccccc1)c1ccccc1)c1ccccc1,5.02
ZINC000100891220,COC(=O)[C@H]1[C@H]2[C@H](O)C[C@H](C[C@H]1OC(c1ccc(F)cc1)c1ccc(F)cc1)N2C,5.02
ZINC000137148559,COC(=O)[C@@H]1[C@H]2[C@H](O)C[C@H](C[C@H]1OC(c1ccc(F)cc1)c1ccc(F)cc1)N2C,5.02
ZINC000253930224,COC(=O)[C@H]1[C@@H](OC(c2ccc(F)cc2)c2ccc(F)cc2)C[C@H]2C[C@@H](O)[C@H]1N2C,5.02
ZINC000253930225,COC(=O)[C@@H]1[C@@H](OC(c2ccc(F)cc2)c2ccc(F)cc2)C[C@H]2C[C@@H](O)[C@H]1N2C,5.02
ZINC000014946499,COc1ccccc1CNc1c2c(nc3ccccc13)CCC[C@@H]2O,5.01
ZINC000014946500,COc1ccccc1CNc1c2c(nc3ccccc13)CCC[C@H]2O,5.01
ZINC000019359343,O=C1NCCN1CCN1CCN([C@H]2C[C@H](c3ccc(F)cc3)c3ccccc32)CC1,5.01
ZINC000027206529,COC(=O)[C@H]1[C@@H](OC(c2ccc(C)cc2)c2ccc(C)cc2)C[C@@H]2CC[C@H]1N2C,5.01
ZINC000027206533,COC(=O)[C@@H]1[C@@H](OC(c2ccc(C)cc2)c2ccc(C)cc2)C[C@@H]2CC[C@H]1N2C,5.01
ZINC000033647601,C[C@H](NC(C)(C)C)C(=O)c1ccc(Cl)cc1,5.01
ZINC000033647603,C[C@@H](NC(C)(C)C)C(=O)c1ccc(Cl)cc1,5.01
ZINC000045386122,CN1[C@H](C[C@H](OC(=O)c2cccs2)c2ccccc2)CCC[C@@H]1CC(=O)c1ccccc1,5.01
ZINC000066136529,Clc1ccc(C2(CN3CCCCC3)CCCCC2)cc1Cl,5.01
ZINC000003948582,CC(=O)N[C@@H]1CC2(CCN(Cc3ccc4c(c3)c3ccccc3n4C(N)=O)CC2)c2ccccc21,5.0
ZINC000013494202,c1ccc(CN2C[C@@H]3CC[C@H](C2)C3OC(c2ccccc2)c2ccccc2)cc1,5.0
ZINC000029128423,CO[C@]1(c2cccc(O)c2)CCCC[C@@H]1CN(C)C,5.0
ZINC000040423069,Cc1ccccc1O[C@H]1C[C@H](N)c2ccccc21,5.0
ZINC000040829334,CNC[C@H]1CS(=O)(=O)c2ccccc2[C@@H]1Oc1ccccc1C,5.0
ZINC000040972638,CC(=O)Nc1ccccc1CN1CCN(CCOc2cccc3nc(C)ccc23)CC1,5.0
ZINC000071295985,CNCC[C@@H](Oc1cc(C(F)(F)F)ccc1C#N)c1ccccc1,5.0
ZINC000100786147,OC1(c2ccccc2)[C@H]2CC[C@H]1CNC2,5.0
ZINC000103246753,c1ccc(C(SCCNCC2CC2)c2ccccc2)cc1,5.0
CHEMBL2021577,CCOC[C@H]1[C@@H]2CNC[C@@]21C,7.6
CHEMBL205229,NCCc1c[nH]c2c(F)cccc12,7.54
CHEMBL360328,C[C@H]1CNCCc2ccc(Cl)cc21,5.58
CHEMBL1381098,S=C=Nc1cccc2ccccc12,5.12
CHEMBL1289,Clc1cc(Cl)c(OCC#CI)cc1Cl,6.37
CHEMBL2347030,NCCCc1c[nH]c2c(F)cccc12,7.62
CHEMBL195437,CCCCCCCCc1ccc(O)cc1,5.43
CHEMBL240127,N[C@]1(C(=O)O)C[C@@H](C(=O)O)C[C@H]1C(=O)O,5.0
CHEMBL2347179,N#CCCCc1c[nH]c2ccc(F)cc12,6.74
CHEMBL2347032,NCCCCc1c[nH]c2c(F)cccc12,8.1
CHEMBL2347176,ONCCCc1c[nH]c2ccc(F)cc12,7.7
CHEMBL2321999,Clc1ccc([C@H]2CC=CCNC2)cc1Cl,6.66
CHEMBL2030637,Fc1cccc(CCCN2CCCC2)c1,5.36
CHEMBL1237064,Clc1ccc([C@@]23CCNC[C@@H]2C3)cc1Cl,7.9
CHEMBL1173341,Clc1ccc([C@]23CNCC[C@H]2C3)cc1Cl,7.1
CHEMBL153062,CCCCCCCCCc1ccc(O)cc1,5.75
CHEMBL606120,OC[C@H]1[C@@H]2CNC[C@]12c1ccc(Cl)c(Cl)c1,7.81
CHEMBL592375,OC[C@@H]1[C@@H]2CNC[C@@]21c1ccc(Cl)c(Cl)c1,7.29
CHEMBL18772,c1ccc2nc(N3CCNCC3)ccc2c1,7.52
CHEMBL2347170,NCCSCCc1c[nH]c2c(F)cccc12,7.62
CHEMBL2347168,NCCSCCc1c[nH]c2ccc(F)cc12,8.64
CHEMBL2347177,N#CSCCCc1c[nH]c2ccc(F)cc12,6.67
CHEMBL361949,CN(C)CCCc1c[nH]c2ccc(F)cc12,8.4
CHEMBL2347166,OCCNCCc1c[nH]c2ccc(F)cc12,8.0
CHEMBL2347181,NC(=O)CCCc1c[nH]c2ccc(F)cc12,6.2
CHEMBL2321996,CN1CC=CC[C@H](c2ccc(Cl)c(Cl)c2)C1,7.08
CHEMBL343324,CNCCCOc1cccc2ccccc12,7.12
CHEMBL2347169,NCCSCCCc1c[nH]c2ccc(F)cc12,9.05
CHEMBL2347171,NCCSCCCc1c[nH]c2c(F)cccc12,6.27
CHEMBL366170,Cc1ccc(Sc2ccccc2CN)c(N)c1,7.52
CHEMBL2347167,OCCNCCCc1c[nH]c2ccc(F)cc12,7.21
CHEMBL138195,CNCCCCOc1cccc2ccccc12,7.51
CHEMBL2321991,OCC[C@]1(c2ccc(Cl)c(Cl)c2)CCCNC1,7.38
CHEMBL2321992,OCC[C@@]1(c2ccc(Cl)c(Cl)c2)CCCNC1,6.6
CHEMBL180630,CN(C)CCCc1c[nH]c2ccc(C#N)cc12,8.7
CHEMBL383347,CN(C)C[C@H]1C[C@H]1c1c[nH]c2ccc(F)cc12,7.0
CHEMBL197315,CN(C)C[C@@H]1C[C@H]1c1c[nH]c2ccc(F)cc12,7.39
CHEMBL364050,CN(C)C[C@H]1C[C@@H]1c1c[nH]c2c(F)cccc12,8.0
CHEMBL194960,CN(C)C[C@H]1C[C@@H]1c1c[nH]c2cc(F)ccc12,7.42
CHEMBL194909,CN(C)C[C@H]1C[C@@H]1c1c[nH]c2cccc(F)c12,7.23
CHEMBL600645,CCC[C@H]1[C@@H]2CNC[C@]12c1ccc(Cl)c(Cl)c1,9.0
CHEMBL599241,CSC[C@H]1[C@@H]2CNC[C@@]21c1ccc(Cl)c(Cl)c1,9.4
CHEMBL599242,CSC[C@@H]1[C@H]2CNC[C@]21c1ccc(Cl)c(Cl)c1,7.6
CHEMBL311469,CC(=O)Nc1ccc2c(c1)Cc1ccccc1-2,5.49
CHEMBL598216,OCC[C@H]1[C@@H]2CNC[C@]12c1ccc(Cl)c(Cl)c1,8.6
CHEMBL596809,COC[C@H]1[C@@H]2CNC[C@@]21c1ccc(Cl)c(Cl)c1,9.12
CHEMBL603540,COC[C@@H]1[C@@H]2CNC[C@@]21c1ccc(Cl)c(Cl)c1,7.14
CHEMBL599638,COC[C@@H]1[C@H]2CNC[C@]21c1ccc(Cl)c(Cl)c1,7.59
CHEMBL1173412,COC[C@@]12CNCC[C@]1(c1ccc(Cl)cc1)C2,7.8
CHEMBL2021582,CCOC[C@@]1(c2ccc(Cl)c(Cl)c2)[C@H]2CCC[C@H]21,9.3
CHEMBL2021583,CCOC[C@]1(c2ccc(Cl)c(Cl)c2)[C@H]2CCC[C@H]21,5.6
CHEMBL1172524,CCC[C@@H]1CNCCN1c1ccc2[nH]ncc2c1,8.2
CHEMBL2207491,CCCN1CCC(n2ccc3ccccc32)CC1,7.27
CHEMBL51697,CN1Cc2c(N)cccc2[C@H](c2ccccc2)C1,6.03
CHEMBL611990,CN(C)C[C@H]1[C@@H]2CNC[C@@]21c1ccc(Cl)c(Cl)c1,8.4
CHEMBL1173752,NC(=O)[C@@]12CNCC[C@]1(c1ccc(Cl)c(Cl)c1)C2,7.0
CHEMBL2207487,CCCN1CCC(c2csc3ccccc23)CC1,8.19
CHEMBL2207498,CCCN1CCC(c2cc3ccccc3s2)CC1,6.89
CHEMBL1645596,c1ccc(Oc2ccccc2OC2CNC2)cc1,5.57
CHEMBL2321993,OCC[C@]1(c2cc3ccccc3o2)CCCNC1,6.64
CHEMBL1080884,Fc1ccc(OC[C@@H]2CNCCO2)c2c1CCC2,7.68
CHEMBL2207488,CCCN1CCC(c2coc3ccccc23)CC1,6.08
CHEMBL1172919,COC[C@@H]1[C@@H]2CCNC[C@@]21c1ccc(Cl)c(Cl)c1,7.5
CHEMBL1172850,COC[C@@]12CCNC[C@]1(c1ccc(Cl)c(Cl)c1)C2,7.9
CHEMBL608151,CCOC[C@H]1[C@@H]2CNC[C@@]21c1ccc(Cl)c(Cl)c1,9.8
CHEMBL1173754,CC(=O)[C@@]12CNCC[C@]1(c1ccc(Cl)c(Cl)c1)C2,9.0
CHEMBL1172381,COC[C@H]1[C@@H]2CNCC[C@@]21c1ccc(Cl)c(Cl)c1,7.3
CHEMBL1173342,COC[C@@H]1[C@@H]2CNCC[C@@]21c1ccc(Cl)c(Cl)c1,8.0
CHEMBL1173413,COC[C@@]12CNCC[C@]1(c1ccc(F)c(Cl)c1)C2,8.8
CHEMBL2207490,CCCN1CCC(c2n[nH]c3ccccc23)CC1,5.25
CHEMBL196468,CN(C)C[C@H]1C[C@@H]1c1c[nH]c2ccc(C#N)cc12,9.74
CHEMBL2207492,CCCN1CCC(n2cnc3ccccc32)CC1,6.91
CHEMBL197354,CN(C)C[C@H]1C[C@@H]1c1c[nH]c2c(C#N)cccc12,9.24
CHEMBL197966,CN(C)C[C@H]1C[C@@H]1c1c[nH]c2cc(C#N)ccc12,8.13
CHEMBL307956,c1ccc2c(c1)Cc1ccccc1C21CCNC1,5.41
CHEMBL207837,CC(C)CN(Cc1ccccc1)C1CCNCC1,8.08
CHEMBL253376,CN(Cc1cc(Br)cc(Br)c1N)C1CCCCC1,5.95
CHEMBL190700,CN(C)Cc1ccccc1Sc1ccccc1N,8.8
CHEMBL270366,CNCc1cnc(C)cc1Oc1ccccc1C,6.87
CHEMBL1078312,CCN(C(=O)c1cccc(Cl)c1Cl)[C@H]1CCNC1,7.54
CHEMBL440584,CNCc1cnc(C)cc1Oc1ccccc1Cl,7.06
CHEMBL456222,COc1ccc(F)cc1C[C@H]1CC[C@H](CCN)O1,7.7
CHEMBL450769,COc1ccc(F)cc1C[C@@H]1CC[C@H](CCN)O1,7.68
CHEMBL242920,COC(=O)[C@@H]1CN(C)CC[C@H]1c1ccc(I)cc1,5.55
CHEMBL2326695,OCC[C@]1(c2ccc(Cl)c(Cl)c2)CCCCNC1,7.51
CHEMBL2321990,OCC[C@@]1(c2ccc(Cl)c(Cl)c2)CCCCNC1,6.64
CHEMBL2326693,OCCN1CC=CC[C@H](c2ccc(Cl)c(Cl)c2)C1,6.82
CHEMBL1411979,CN(C)CCN(Cc1cccs1)c1ccccn1,6.97
CHEMBL380191,Cc1ccc(CN(CC(C)C)C2CCNCC2)cc1,9.0
CHEMBL432394,CN(C)Cc1ccccc1Sc1ccc(Cl)cc1N,9.57
CHEMBL23034,CN(C)Cc1ccccc1Sc1ccc(I)cc1N,11.0
CHEMBL2314216,CN(C)Cc1cc(I)ccc1Sc1ccccc1N,9.0
CHEMBL190860,CN(C)Cc1ccccc1Sc1ccc(F)cc1N,8.84
CHEMBL1201353,CN(C)CC[C@@H](c1ccc(Cl)cc1)c1ccccn1,7.89
CHEMBL186056,CN(C)Cc1ccccc1Cc1ccc(I)cc1N,7.31
CHEMBL189375,CCc1ccc(Sc2ccccc2CNC)c(N)c1,8.69
CHEMBL192619,CCNCc1ccccc1Sc1ccc(C)cc1N,7.15
CHEMBL262357,CNCc1cnc(C)cc1Oc1ccccc1OC,6.58
CHEMBL477572,CSc1ccccc1CN([C@H]1CCNC1)S(C)(=O)=O,5.9
CHEMBL2346670,CCN(CCc1c[nH]c2ccc(F)cc12)S(C)(=O)=O,6.76
CHEMBL261465,CCc1ccccc1Oc1cc(C)ncc1CNC,6.36
CHEMBL404885,Cc1cc(Oc2ccccc2C)c(CN(C)C)cn1,6.63
CHEMBL204199,Cc1ccc(Oc2ccccc2CN(C)C)c(N)c1,9.28
CHEMBL1080069,CCCN(C(=O)c1cccc(Cl)c1Cl)[C@H]1CCNC1,7.8
CHEMBL186962,CN(C)Cc1ccccc1Oc1ccc(I)cc1N,9.77
CHEMBL401550,Cc1cc(Oc2ccccc2Cl)c(CN(C)C)cn1,6.62
CHEMBL549509,CCCN(C(=O)c1ccccc1SC)[C@H]1CCNC1,5.96
CHEMBL1078743,CC(C)CN(C(=O)c1cccc(Cl)c1)[C@H]1CCNC1,7.72
CHEMBL241228,CN(C)Cc1cc(O)ccc1Sc1ccccc1N,7.77
CHEMBL362783,CNCc1ccccc1Sc1ccc(CO)cc1N,7.82
CHEMBL403956,CNCc1cnc(C)cc1Oc1ccccc1SC,6.88
CHEMBL243141,CCOC(=O)C1=C(c2ccc(Cl)c(Cl)c2)CCNC1,6.66
CHEMBL462311,COc1ccc(F)cc1CC[C@H]1CC[C@H](CCN)O1,8.68
CHEMBL460407,COc1ccc(F)cc1CCC[C@H]1CC[C@H](CN)O1,9.1
CHEMBL459367,COc1ccc(F)cc1CCC[C@@H]1CC[C@H](CN)O1,8.55
CHEMBL2326694,COCCN1CC=CC[C@H](c2ccc(Cl)c(Cl)c2)C1,6.27
CHEMBL383422,Cc1ccc(Nc2ccccc2CN(C)C)c(N)c1,7.99
CHEMBL598215,COC[C@@H]1[C@H]2CNC[C@]21c1ccc2ccccc2c1,10.1
CHEMBL478836,c1ccc(-c2ccccc2CN[C@H]2CCNC2)cc1,5.97
CHEMBL2207484,CCCN1CCC(c2c[nH]c3cc(F)ccc23)CC1,7.35
CHEMBL608148,c1ccc(Oc2ncccc2C2CCNCC2)cc1,5.72
CHEMBL573532,c1ccc(Oc2ccccc2N2CCNCC2)cc1,5.73
CHEMBL150045,c1ccc(C(c2ccccc2)c2ccncc2)cc1,5.94
CHEMBL2207497,CCCN1CCC(c2ccc3ccccc3c2)CC1,6.9
CHEMBL2207496,CCCN1CCC(c2cccc3ccccc23)CC1,7.28
CHEMBL113136,CN(C)C[C@H]1C2CCC(CC2)[C@@H]1c1cccc(Cl)c1,7.6
CHEMBL2206511,Cc1ccc2c(c1)CN(C)C[C@H]2c1cccc(F)c1,5.64
CHEMBL2206509,Cc1ccc2c(c1)CN(C)C[C@H]2c1ccc(F)cc1,6.64
CHEMBL235569,COC(=O)[C@@H]1[C@H]2CC[C@H](C[C@H]1c1ccc(C)cc1)N2,6.87
CHEMBL398370,COC(=O)[C@@H]1[C@H]2CC[C@H](C[C@H]1c1ccc(I)cc1)N2,8.38
CHEMBL575077,c1ccc(Oc2ccccc2C2CCNCC2)cc1,5.75
CHEMBL1173607,Clc1ccc([C@@H]2CCNC[C@@]23CCCOC3)cc1Cl,9.5
CHEMBL597608,CCOCC[C@H]1[C@@H]2CNC[C@]12c1ccc(Cl)c(Cl)c1,9.1
CHEMBL605502,CCOC[C@H]1[C@@H]2CN(C)C[C@]12c1ccc(Cl)c(Cl)c1,8.9
CHEMBL598825,CCCOC[C@@H]1[C@H]2CNC[C@]21c1ccc(Cl)c(Cl)c1,9.6
CHEMBL602235,CC(C)OC[C@H]1[C@@H]2CNC[C@@]21c1ccc(Cl)c(Cl)c1,9.7
CHEMBL605209,CC(C)OC[C@@H]1[C@H]2CNC[C@]21c1ccc(Cl)c(Cl)c1,9.9
CHEMBL609023,CCOCC[C@@]1(c2ccc(Cl)c(Cl)c2)[C@H]2CNC[C@H]21,9.3
CHEMBL1173416,COC[C@@]12CN[C@@H](C)C[C@]1(c1ccc(Cl)c(Cl)c1)C2,8.1
CHEMBL1170233,COC[C@@]12CN(C)CC[C@]1(c1ccc(Cl)c(Cl)c1)C2,7.9
CHEMBL1173533,CCOC[C@@]12CNCC[C@]1(c1ccc(Cl)c(Cl)c1)C2,8.0
CHEMBL2021581,COCC[C@H]1[C@@]2(c3ccc(Cl)c(Cl)c3)CNC[C@]12C,7.5
CHEMBL1173520,COC[C@@]12CNC[C@@H](F)[C@]1(c1ccc(Cl)c(Cl)c1)C2,8.4
CHEMBL1173519,COC[C@@]12CNC[C@H](F)[C@]1(c1ccc(Cl)c(Cl)c1)C2,8.3
CHEMBL199053,CN(C)C[C@H]1C[C@@H]1c1cn(C)c2ccc(C#N)cc12,8.19
CHEMBL2207486,CCCN1CCC(c2cn(C)c3ccc(F)cc23)CC1,7.24
CHEMBL2207485,CCCN1CCC(c2cn(C)c3cc(F)ccc23)CC1,7.35
CHEMBL564,CN(C)CCCN1c2ccccc2Sc2ccccc21,7.34
CHEMBL3260335,Cc1nc(COc2ccc(Cl)cc2OC2CNC2)cs1,7.57
CHEMBL551935,Cc1ccccc1C(=O)N(CC1CCC1)[C@H]1CCNC1,6.93
CHEMBL582928,c1ccc(COc2ccccc2N2CCNCC2)cc1,5.94
CHEMBL596714,Cc1ccccc1Oc1ncccc1C1CCNCC1,6.54
CHEMBL574127,c1ccc(OCc2ccccc2N2CCNCC2)cc1,6.11
CHEMBL564021,O=C(c1ccccc1Cl)N(CC1CCC1)[C@H]1CCNC1,7.41
CHEMBL541196,CSc1ccccc1C(=O)N(C1CCC1)[C@H]1CCNC1,7.21
CHEMBL609904,Clc1ccccc1Oc1ncccc1C1CCNCC1,7.24
CHEMBL597530,Fc1ccccc1Oc1ncccc1C1CCNCC1,6.14
CHEMBL573973,Fc1cccc(Oc2ccccc2N2CCNCC2)c1,5.51
CHEMBL573972,Fc1ccc(Oc2ccccc2N2CCNCC2)cc1,6.0
CHEMBL445,CNCCC=C1c2ccccc2CCc2ccccc21,8.16
CHEMBL356750,CN(C)[C@@H]1C[C@@H](c2ccc(Cl)c(Cl)c2)c2ccccc21,10.22
CHEMBL809,CN[C@H]1CC[C@@H](c2ccc(Cl)c(Cl)c2)c2ccccc21,10.12
CHEMBL1173086,COC[C@@]12CNC[C@@H](OC)[C@]1(c1ccc(Cl)c(Cl)c1)C2,6.6
CHEMBL1173085,COC[C@@]12CNC[C@H](OC)[C@]1(c1ccc(Cl)c(Cl)c1)C2,7.0
CHEMBL1173751,CCOC(=O)[C@@]12CNCC[C@]1(c1ccc(Cl)c(Cl)c1)C2,7.8
CHEMBL1645599,Fc1cccc(Oc2ccccc2Cl)c1OC1CNC1,5.77
CHEMBL391864,COC(=O)[C@@H]1[C@H]2CC[C@H](C[C@H]1c1ccc(C)c(F)c1)N2,7.37
CHEMBL2079586,COC(=O)[C@H]1[C@@H](c2ccc(F)cc2)C[C@H]2CC[C@H]1N2C,7.2
CHEMBL242338,COC(=O)[C@H]1[C@@H](c2ccc(I)cc2)C[C@H]2CC[C@@H]1N2C,8.4
CHEMBL573769,c1ccc(COc2ccccc2C2CCNCC2)cc1,7.13
CHEMBL574348,c1ccc(OCc2ccccc2C2CCNCC2)cc1,6.44
CHEMBL596805,CC(C)OCC[C@@]1(c2ccc(Cl)c(Cl)c2)[C@H]2CNC[C@H]21,9.5
CHEMBL574428,Fc1cccc(Oc2ccccc2)c1C1CCNCC1,6.15
CHEMBL595063,NCC[C@H](Oc1cccc2ccccc12)c1cccs1,7.75
CHEMBL583752,Fc1cccc(Oc2ccccc2C2CCNCC2)c1,6.04
CHEMBL584173,Fc1ccc(Oc2ccccc2C2CCNCC2)cc1,6.5
CHEMBL199054,CCn1cc([C@H]2C[C@@H]2CN(C)C)c2cc(C#N)ccc21,8.74
CHEMBL550932,CNCCN(c1ccccc1)c1ccc2[nH]ccc2c1,6.4
CHEMBL2207493,CCCN1CCC(n2c(=O)[nH]c3cc(Cl)ccc32)CC1,5.45
CHEMBL411,CC/C(=C(/CC)c1ccc(O)cc1)c1ccc(O)cc1,5.18
CHEMBL592696,Cc1ccc(Sc2cc(F)ccc2CN(C)C)c(N)c1,7.89
CHEMBL192824,Cc1cc(N)c(Sc2ccccc2CN(C)C)cc1F,6.75
CHEMBL143707,CN(C)Cc1ccccc1Sc1ccc(CF)cc1N,8.98
CHEMBL192528,Cc1ccc(Sc2ccccc2CNCCF)c(N)c1,7.15
CHEMBL190703,C=Cc1ccc(Sc2ccccc2CN(C)C)c(N)c1,8.95
CHEMBL189367,CCc1ccc(Sc2ccccc2CN(C)C)c(N)c1,9.31
CHEMBL365812,C=CCNCc1ccccc1Sc1ccc(C)cc1N,7.09
CHEMBL425010,CCCNCc1ccccc1Sc1ccc(C)cc1N,5.66
CHEMBL396754,CCOC(=O)C1=C(c2cccc([N+](=O)[O-])c2)CCNC1,5.52
CHEMBL265951,COc1ccccc1Oc1cc(C)ncc1CN(C)C,5.85
CHEMBL408329,CCOc1ccccc1Oc1cc(C)ncc1CNC,6.66
CHEMBL2386165,COc1ccc(O[C@@H](CC(C)C)[C@@H]2CCNC2)c(C)n1,9.08
CHEMBL2386164,COc1ccc(O[C@H](CC(C)C)[C@H]2CCNC2)c(C)n1,9.64
CHEMBL2386166,COc1ccc(O[C@H](CC(C)C)[C@@H]2CCNC2)c(C)n1,9.12
CHEMBL2347175,CCN(CCCc1c[nH]c2ccc(F)cc12)S(C)(=O)=O,7.92
CHEMBL502707,CCOC(=O)N(Cc1ccccc1SC)[C@H]1CCNC1,6.45
CHEMBL569364,CCCN(C(=O)c1ccccc1C(C)C)[C@H]1CCNC1,5.28
CHEMBL2391541,C=CCN(CC=C)CCc1c[nH]c2ccc(OC)cc12,6.17
CHEMBL258292,CCCc1ccccc1Oc1cc(C)ncc1CNC,6.09
CHEMBL436673,CCc1ccccc1Oc1cc(C)ncc1CN(C)C,6.55
CHEMBL401651,CNCc1cnc(C)cc1Oc1ccccc1C(C)C,5.7
CHEMBL1077647,CC(C)CN(C(=O)c1cc(Cl)ccc1Cl)[C@H]1CCNC1,7.27
CHEMBL1079265,CC(C)CN(C(=O)c1ccc(Cl)cc1Cl)[C@H]1CCNC1,8.52
CHEMBL1078076,CC(C)CN(C(=O)c1ccc(F)cc1Cl)[C@H]1CCNC1,8.15
CHEMBL1078742,CC(C)CN(C(=O)c1ccc(Cl)c(Cl)c1)[C@H]1CCNC1,8.4
CHEMBL1080787,CC(C)CN(C(=O)c1cccc(Cl)c1Cl)[C@H]1CCNC1,8.22
CHEMBL1078170,CC(C)CN(C(=O)c1cccc(Cl)c1Cl)[C@@H]1CCNC1,7.89
CHEMBL1078164,CC(C)CN(C(=O)c1cccc(F)c1Cl)[C@H]1CCNC1,7.82
CHEMBL1078073,CC(C)CN(C(=O)c1cccc(Cl)c1F)[C@H]1CCNC1,8.0
CHEMBL1078741,CC(C)CN(C(=O)c1cc(Cl)cc(Cl)c1)[C@H]1CCNC1,8.22
CHEMBL476954,CC(C)C(=O)N(Cc1cccc(Cl)c1Cl)[C@H]1CCNC1,8.05
CHEMBL403251,CCc1cc(Cl)ccc1Oc1cc(C)ncc1CNC,7.75
CHEMBL592697,Cc1ccc(Oc2cc(F)ccc2CN(C)C)c(N)c1,8.15
CHEMBL1078162,Cc1c(Cl)cccc1C(=O)N(CC(C)C)[C@H]1CCNC1,8.52
CHEMBL1078163,Cc1c(F)cccc1C(=O)N(CC(C)C)[C@H]1CCNC1,7.89
CHEMBL518276,CSc1ccccc1CN(C(=O)C(C)C)[C@H]1CCNC1,7.3
CHEMBL246388,Cc1ccc(Oc2ccc(F)cc2CN(C)C)c(N)c1,8.1
CHEMBL241648,COc1ccc(Sc2ccccc2N)c(CN(C)C)c1,8.3
CHEMBL190937,CN(C)Cc1ccccc1Sc1ccc(CO)cc1N,9.24
CHEMBL405017,CSc1ccccc1Oc1cc(C)ncc1CN(C)C,6.42
CHEMBL2113055,CNC(=O)c1ccccc1Sc1ccccc1[N+](=O)[O-],7.08
CHEMBL183470,CN(C)Cc1ccccc1Oc1ccc(I)cc1CO,9.92
CHEMBL455221,COc1ccc(F)cc1CCCC[C@H]1CC[C@H](CN)O1,8.4
CHEMBL114275,CN(C)Cc1ccccc1Sc1ccc(I)cc1CO,10.05
CHEMBL278165,CN(C)Cc1ccccc1Sc1ccc(Br)cc1CO,9.28
CHEMBL2314217,CN(C)Cc1cc(I)ccc1Sc1ccccc1CO,10.52
CHEMBL106939,CN(C)Cc1ccccc1Sc1ccc(C#N)cc1N,8.96
CHEMBL135,C[C@]12CC[C@@H]3c4ccc(O)cc4CC[C@H]3[C@@H]1CC[C@@H]2O,5.24
CHEMBL1405,C[C@]12CC[C@@H]3c4ccc(O)cc4CC[C@H]3[C@@H]1CCC2=O,5.55
CHEMBL596795,Cc1cnc([C@H]2[C@@H]3CNC[C@@]32c2ccc(Cl)c(Cl)c2)o1,7.8
CHEMBL596796,Cc1coc([C@H]2[C@@H]3CNC[C@@]32c2ccc(Cl)c(Cl)c2)n1,9.0
CHEMBL52440,COc1ccc2c(c1)[C@]13CCCC[C@@H]1[C@H](C2)N(C)CC3,8.84
CHEMBL1172744,COC[C@@]12CNCC[C@]1(c1ccc3ccccc3c1)C2,9.9
CHEMBL607871,Clc1ccc([C@]23CNC[C@H]2[C@H]3COCC2CC2)cc1Cl,7.5
CHEMBL610795,Clc1ccc([C@@]23CNC[C@@H]2[C@H]3COCC2CC2)cc1Cl,9.5
CHEMBL596784,Clc1ccc([C@@]23CNC[C@@H]2[C@H]3COC2CCC2)cc1Cl,7.6
CHEMBL598644,Clc1ccc([C@]2(COCC3CC3)[C@H]3CNC[C@H]32)cc1Cl,9.2
CHEMBL590472,Clc1ccc([C@]2(COC3CCC3)[C@H]3CNC[C@H]32)cc1Cl,9.4
CHEMBL1200623,CC[C@]1(O)CC[C@H]2[C@@H]3CCC4=CCCC[C@@H]4[C@H]3CC[C@@]21C,7.37
CHEMBL193482,C[C@]12CC[C@@H]3c4ccc(O)cc4CC[C@H]3[C@@H]1C[C@@H](O)[C@@H]2O,5.26
CHEMBL1818469,Clc1ccc([C@]23CCNC[C@@]2(Cn2cncn2)C3)cc1Cl,8.4
CHEMBL1818463,Clc1ccc([C@]23CCNC[C@@]2(Cn2cccc2)C3)cc1Cl,9.4
CHEMBL597000,Cc1csc(C[C@H]2[C@@H]3CNC[C@@]32c2ccc(Cl)c(Cl)c2)n1,10.1
CHEMBL603480,Cc1csc(C[C@@H]2[C@H]3CNC[C@]32c2ccc(Cl)c(Cl)c2)n1,7.8
CHEMBL56564,CN1[C@H]2CC[C@@H]1C[C@H](OC(=O)c1c[nH]c3ccccc13)C2,6.59
CHEMBL1818443,Cc1cnc([C@@]23CNCC[C@]2(c2ccc(Cl)c(Cl)c2)C3)o1,8.2
CHEMBL1818446,Cc1cc([C@@]23CNCC[C@]2(c2ccc(Cl)c(Cl)c2)C3)no1,8.1
CHEMBL361259,CSc1ccc([C@H]2CN3CCC[C@H]3c3ccccc32)cc1,11.0
CHEMBL596989,Clc1ccc([C@@]23CNC[C@@H]2[C@H]3COC2CCCC2)cc1Cl,8.1
CHEMBL611367,Clc1ccc([C@]2(CCOC3CCC3)[C@H]3CNC[C@H]32)cc1Cl,9.7
CHEMBL1173595,Clc1ccc([C@]23CCNC[C@@]2(COCC2CC2)C3)cc1Cl,9.4
CHEMBL1818447,Cc1noc([C@@]23CNCC[C@]2(c2ccc(Cl)c(Cl)c2)C3)n1,8.1
CHEMBL496,Oc1c(Cl)cc(Cl)c(Cl)c1Cc1c(O)c(Cl)cc(Cl)c1Cl,5.64
CHEMBL195585,Cc1ccc(Sc2ccccc2CNCCCF)c(N)c1,6.29
CHEMBL429759,CCOc1ccccc1Oc1cc(C)ncc1CN(C)C,5.32
CHEMBL503378,CCOC(=O)N(Cc1ccccc1C(C)C)[C@H]1CCNC1,6.12
CHEMBL501919,CS(=O)(=O)N(Cc1ccccc1C(F)(F)F)[C@H]1CCNC1,5.54
CHEMBL1078169,CC(C)CN(C(=O)c1ccccc1C(C)C)[C@H]1CCNC1,5.88
CHEMBL476942,CC(C)C(=O)N(Cc1ccccc1C(C)C)[C@H]1CCNC1,6.26
CHEMBL258291,CCCc1ccccc1Oc1cc(C)ncc1CN(C)C,5.55
CHEMBL403363,Cc1cc(Oc2ccccc2C(C)C)c(CN(C)C)cn1,5.83
CHEMBL1080790,CC(C)(C)CN(C(=O)c1cccc(Cl)c1Cl)[C@H]1CCNC1,8.4
CHEMBL1080969,CCC(CC)N(C(=O)c1cccc(Cl)c1Cl)[C@H]1CCNC1,7.7
CHEMBL253387,CN(C)Cc1cc(I)ccc1Sc1ccc(CO)cc1N,9.51
CHEMBL253184,CN(C)Cc1cc(Br)ccc1Sc1ccc(CO)cc1N,9.54
CHEMBL253182,CN(C)Cc1cc(F)ccc1Sc1ccc(CO)cc1N,8.9
CHEMBL256293,CCc1cc(Cl)ccc1Oc1cc(C)ncc1CN(C)C,7.89
CHEMBL187935,CN(C)Cc1ccccc1Sc1ccc(CCO)cc1N,7.3
CHEMBL1080788,O=C(c1cccc(Cl)c1Cl)N(CC(F)(F)F)[C@H]1CCNC1,7.41
CHEMBL555121,CC(C)N(C(=O)c1ccccc1C(F)(F)F)[C@H]1CCNC1,6.34
CHEMBL2113054,CNC(=O)c1ccccc1Sc1ccc(C)cc1[N+](=O)[O-],8.71
CHEMBL3126751,CNC(=O)CSC(c1ccc(Cl)cc1)c1ccc(Cl)cc1,5.08
CHEMBL465123,NCC[C@H](Oc1ccc(C(F)(F)F)cc1)c1ccccc1,7.3
CHEMBL1201237,CC(C)(C)NC[C@H](O)COc1cccc2c1CCCC2=O,5.58
CHEMBL511,COc1ccc(CN(CCN(C)C)c2ccccn2)cc1,7.6
CHEMBL71,CN(C)CCCN1c2ccccc2Sc2ccc(Cl)cc21,7.68
CHEMBL2347165,Fc1ccc2[nH]cc(CCCNCc3ccccc3)c2c1,7.3
CHEMBL597531,COc1ccccc1Oc1ncccc1C1CCNCC1,6.21
CHEMBL449235,O=CN(Cc1ccccc1-c1ccccc1)[C@H]1CCNC1,6.06
CHEMBL571443,CC(C)c1ccccc1C(=O)N(CC1CC1)[C@H]1CCNC1,5.54
CHEMBL561739,CCc1ccccc1C(=O)N(CC1CCC1)[C@H]1CCNC1,6.62
CHEMBL450435,CC(C)C(=O)N(Cc1ccccc1C1CC1)[C@H]1CCNC1,6.91
CHEMBL570781,CC(C)c1ccccc1C(=O)N(C1CCC1)[C@H]1CCNC1,6.11
CHEMBL1084971,Oc1ccccc1C[C@H](c1ccccc1)N1CCNCC1,8.1
CHEMBL1173753,CC#CNC(=O)[C@@]12CNCC[C@]1(c1ccc(Cl)c(Cl)c1)C2,7.0
CHEMBL1080789,O=C(c1cccc(Cl)c1Cl)N(CCC1CC1)[C@H]1CCNC1,7.82
CHEMBL597134,Fc1cccc(Cl)c1Oc1ncccc1C1CCNCC1,6.71
CHEMBL598562,Clc1ccc(Oc2ncccc2C2CCNCC2)c(Cl)c1,8.57
CHEMBL597135,Fc1cccc(F)c1Oc1ncccc1C1CCNCC1,5.73
CHEMBL598767,Fc1ccc(Oc2ncccc2C2CCNCC2)c(F)c1,7.52
CHEMBL600854,Clc1cccc(Oc2ncccc2C2CCNCC2)c1Cl,8.7
CHEMBL611677,Fc1cccc(Oc2ncccc2C2CCNCC2)c1F,6.96
CHEMBL1080968,O=C(c1cccc(Cl)c1Cl)N(C1CCCC1)[C@H]1CCNC1,8.22
CHEMBL598560,Fc1ccc(Cl)c(Oc2ncccc2C2CCNCC2)c1,6.6
CHEMBL575899,Fc1ccccc1COc1ccccc1N1CCNCC1,6.01
CHEMBL575700,Fc1cccc(OCc2ccccc2N2CCNCC2)c1,7.77
CHEMBL599371,Cc1ccc(Oc2ncccc2C2CCNCC2)c(F)c1,7.44
CHEMBL599592,Cc1cccc(F)c1Oc1ncccc1C1CCNCC1,6.99
CHEMBL564059,CSc1ccccc1C(=O)N(CC1CCC1)[C@H]1CCNC1,6.75
CHEMBL562802,CSc1ccccc1C(=O)N(CC1CCC1)[C@@H]1CCNC1,5.97
CHEMBL549510,CSc1ccccc1C(=O)N(C1CCCC1)[C@H]1CCNC1,7.44
CHEMBL147040,CCN(C)[C@@H]1C[C@@H](c2ccc(Cl)c(Cl)c2)c2ccccc21,7.8
CHEMBL359025,CC(C)N[C@@H]1C[C@@H](c2ccc(Cl)c(Cl)c2)c2ccccc21,7.03
CHEMBL424496,CC(C)N[C@H]1C[C@@H](c2ccc(Cl)c(Cl)c2)c2ccccc21,6.89
CHEMBL467432,Cc1ccccc1O[C@@H](c1ccccc1)[C@@H]1CNCCO1,7.03
CHEMBL388257,CCOC(=O)C1=C(c2ccc3ccccc3c2)CCNC1,6.36
CHEMBL1771,COC(=O)[C@H](c1ccccc1Cl)N1CCc2sccc2C1,6.52
CHEMBL1645601,Cc1cccc(F)c1Oc1cccc(F)c1OC1CNC1,5.94
CHEMBL3260334,Clc1cccc(COc2ccc(Br)cc2OC2CNC2)c1,9.0
CHEMBL1645605,Fc1cccc(Oc2cccc(Cl)c2Cl)c1OC1CNC1,7.03
CHEMBL1169622,COC[C@@]12CNCC[C@]1(c1ccc(OC(F)(F)F)cc1)C2,8.5
CHEMBL1173415,COC[C@@]12CNCC[C@]1(c1ccc(C(F)(F)F)c(Cl)c1)C2,7.8
CHEMBL1173414,COC[C@@]12CNCC[C@]1(c1ccc(Cl)c(C(F)(F)F)c1)C2,7.8
CHEMBL574231,Fc1ccc(Oc2cccc(F)c2C2CCNCC2)cc1,6.8
CHEMBL1172760,COC[C@@]12CN(C(C)C)CC[C@]1(c1ccc(Cl)c(Cl)c1)C2,6.2
CHEMBL573531,Fc1ccc(COc2ccccc2C2CCNCC2)cc1,6.56
CHEMBL573897,Fc1ccccc1COc1ccccc1C1CCNCC1,7.25
CHEMBL583332,Cc1ccc(F)c(Oc2ccccc2C2CCNCC2)c1,7.58
CHEMBL573898,Cc1ccc(C2CCNCC2)c(Oc2cccc(F)c2)c1,8.7
CHEMBL573766,Fc1cccc(OCc2ccccc2C2CCNCC2)c1,7.31
CHEMBL574347,Cc1ccc(C2CCNCC2)c(Oc2ccc(F)cc2)c1,6.37
CHEMBL179249,Cc1ccccc1S[C@@H](c1ccccc1)[C@@H]1CNCCO1,7.83
CHEMBL583750,Fc1cccc(C2CCNCC2)c1OCc1ccccc1,5.53
CHEMBL575930,Fc1cccc(OCc2ccccc2)c1C1CCNCC1,7.55
CHEMBL598202,FC(F)(F)COC[C@H]1[C@@H]2CNC[C@@]21c1ccc(Cl)c(Cl)c1,8.9
CHEMBL597190,FC(F)(F)COC[C@@H]1[C@H]2CNC[C@]21c1ccc(Cl)c(Cl)c1,9.2
CHEMBL610220,FC(F)(F)COC[C@@]1(c2ccc(Cl)c(Cl)c2)[C@H]2CNC[C@H]21,9.0
CHEMBL2207494,CCCN1CCC(n2c(=O)n(C)c3cc(Cl)ccc32)CC1,5.65
CHEMBL415,CN(C)CCCN1c2ccccc2CCc2ccc(Cl)cc21,10.33
CHEMBL551471,CCOc1ccccc1C(=O)N(CC1CCC1)[C@H]1CCNC1,6.46
CHEMBL554336,CN(C(=O)c1ccccc1Oc1ccccc1)[C@H]1CCNC1,6.18
CHEMBL1079263,O=C(c1cccc(Cl)c1Cl)N(C1=CCOC=C1)[C@H]1CCNC1,8.22
CHEMBL2181744,Cc1c(Sc2ccc(Cl)cc2)c2ncccc2n1CC(=O)O,6.84
CHEMBL598561,COc1cccc(F)c1Oc1ncccc1C1CCNCC1,6.05
CHEMBL556093,CC(C)c1ccccc1C(=O)N(CC1CCC1)[C@H]1CCNC1,6.07
CHEMBL559319,CC(C)c1ccccc1C(=O)N(CC1CCC1)[C@@H]1CCNC1,5.7
CHEMBL479044,CC(=O)N(Cc1ccccc1-c1ccccc1)[C@H]1CCNC1,5.24
CHEMBL550401,CC(C)c1ccccc1C(=O)N(C1CCCC1)[C@H]1CCNC1,6.18
CHEMBL7318,COc1ccc2[nH]c(-c3ccccc3)c(CCN(C)C)c2c1,5.33
CHEMBL1079264,O=C(c1cccc(Cl)c1Cl)N(c1ccccc1)[C@H]1CCNC1,8.52
CHEMBL575714,Fc1cccc(OCc2ccccc2N2CCNCC2)c1F,6.11
CHEMBL556539,CCSc1ccccc1C(=O)N(CC1CCC1)[C@H]1CCNC1,6.58
CHEMBL557660,CSc1ccccc1C(=O)N(c1ccccc1)[C@H]1CCNC1,7.19
CHEMBL553395,CSc1ccccc1C(=O)N(C1CCCCC1)[C@H]1CCNC1,7.8
CHEMBL559802,O=C(c1ccccc1C(F)(F)F)N(CC1CC1)[C@H]1CCNC1,6.24
CHEMBL560673,O=C(c1ccccc1C(F)(F)F)N(C1CCC1)[C@H]1CCNC1,6.68
CHEMBL356981,CC(C)N(C)[C@@H]1C[C@@H](c2ccc(Cl)c(Cl)c2)c2ccccc21,7.36
CHEMBL344110,CC(C)N(C)[C@H]1C[C@@H](c2ccc(Cl)c(Cl)c2)c2ccccc21,7.14
CHEMBL145940,CC(C)(C)N[C@H]1C[C@@H](c2ccc(Cl)c(Cl)c2)c2ccccc21,5.77
CHEMBL260823,Fc1ccc(O[C@H](c2ccccc2)[C@H]2CNCCO2)c(Cl)c1,7.7
CHEMBL407732,Fc1ccc(O[C@@H](c2ccccc2)[C@@H]2CNCCO2)c(Cl)c1,6.58
CHEMBL408230,Clc1cccc(O[C@@H](c2ccccc2)[C@@H]2CNCCO2)c1Cl,7.0
CHEMBL264418,Fc1cccc(O[C@H](c2ccccc2)[C@H]2CNCCO2)c1F,7.92
CHEMBL264680,Fc1cccc(O[C@@H](c2ccccc2)[C@@H]2CNCCO2)c1F,5.47
CHEMBL3105242,O=C(O)[C@H]1[C@@H](c2ccc(I)cc2)C[C@@H]2CC[C@H]1N2C/C=C/I,7.15
CHEMBL324967,CNCC[C@H](Oc1cccc2c(O)cccc12)c1cccs1,5.02
CHEMBL332098,CNCC[C@H](Oc1cccc2cc(O)ccc12)c1cccs1,5.97
CHEMBL404956,Cc1cc(F)ccc1O[C@H](c1ccccc1)[C@H]1CNCCO1,7.47
CHEMBL427563,Cc1cc(F)ccc1O[C@@H](c1ccccc1)[C@@H]1CNCCO1,6.73
CHEMBL272003,CSc1ccccc1O[C@@H](c1ccccc1)[C@@H]1CNCCO1,7.04
CHEMBL181188,COc1ccccc1S[C@@H](c1ccccc1)[C@@H]1CNCCO1,8.01
CHEMBL574629,Fc1ccc(COc2ccc(Cl)cc2C2CCNCC2)cc1,7.4
CHEMBL574008,Fc1ccc(COc2ccc(F)cc2C2CCNCC2)cc1,8.7
CHEMBL1173594,FC(F)(F)COC[C@@]12CNCC[C@]1(c1ccc(Cl)c(Cl)c1)C2,8.2
CHEMBL574427,Fc1ccc(Oc2cc(F)c(F)cc2C2CCNCC2)cc1,6.58
CHEMBL223166,COc1ccccc1O[C@@H](c1ccccc1)[C@@H]1CNCCO1,6.73
CHEMBL3104091,CN1CCc2c(c3cccc4c3n2-c2ccccc2CC4)C1,5.66
CHEMBL3104093,CN1CCc2c(c3cccc4c3n2CCc2ccccc2-4)C1,6.38
CHEMBL1162,C#C[C@]1(O)CC[C@H]2[C@@H]3CCC4=CC(=O)CC[C@@H]4[C@H]3CC[C@@]21C,5.62
CHEMBL691,C#C[C@]1(O)CC[C@H]2[C@@H]3CCc4cc(O)ccc4[C@H]3CC[C@@]21C,7.54
CHEMBL715,Cc1cc2c(s1)Nc1ccccc1N=C2N1CCN(C)CC1,6.26
CHEMBL1171007,c1cc2[nH]ncc2cc1N1CCNC[C@H]1CC1CCOCC1,9.0
CHEMBL2037523,c1ccc2c(c1)CN(CCCCc1nc3ccccc3s1)C2,6.73
CHEMBL1172,Clc1ccc2c(c1)CCc1cccnc1C2=C1CCNCC1,6.91
CHEMBL1818448,Cc1csc(C[C@@]23CNCC[C@]2(c2ccc(Cl)c(Cl)c2)C3)n1,10.0
CHEMBL1224095,O=C(c1ccc2[nH]ccc2c1)C1(Cc2ccccc2)CNC1,6.1
CHEMBL1818450,Cc1ncoc1C[C@@]12CNCC[C@]1(c1ccc(Cl)c(Cl)c1)C2,8.5
CHEMBL1818449,Cc1coc(C[C@@]23CNCC[C@]2(c2ccc(Cl)c(Cl)c2)C3)n1,8.7
CHEMBL516,CN1CCC(=C2c3ccccc3C=Cc3ccccc32)CC1,5.39
CHEMBL605119,Clc1ccc([C@]23CNC[C@H]2[C@@H]3COC2CCCCC2)cc1Cl,9.0
CHEMBL559137,c1ccc(N(c2ccc3[nH]ccc3c2)C2CCNCC2)cc1,6.0
CHEMBL1818453,Cc1cnn(C[C@@]23CNCC[C@]2(c2ccc(Cl)c(Cl)c2)C3)c1,9.1
CHEMBL1113,Clc1ccc2c(c1)C(N1CCNCC1)=Nc1ccccc1O2,7.75
CHEMBL104673,CN(C)Cc1ccccc1Sc1ccc(C(F)(F)F)cc1N,9.48
CHEMBL396402,CN(C)Cc1cc(OCCO)ccc1Sc1ccccc1N,8.96
CHEMBL516730,CCOC(=O)N(Cc1ccccc1C(F)(F)F)[C@H]1CCNC1,6.37
CHEMBL238867,CN(C)Cc1cc(OCCF)ccc1Sc1ccccc1N,9.6
CHEMBL413562,CN(C)Cc1ccccc1Sc1ccc(CCCO)cc1N,7.04
CHEMBL493369,CN(CCc1ccc(OC(F)(F)F)cc1)CCN1CCCC1,5.15
CHEMBL476527,CC(C)C(=O)N(Cc1ccccc1C(F)(F)F)[C@H]1CCNC1,6.88
CHEMBL241646,CN(C)Cc1cc(OCCO)ccc1Sc1ccc(F)cc1N,8.92
CHEMBL591514,Cc1ccc(Oc2ccc(OCCF)cc2CN(C)C)c(N)c1,6.4
CHEMBL241647,CN(C)Cc1cc(OCCCO)ccc1Sc1ccccc1N,8.89
CHEMBL589086,Cc1ccc(Oc2cc(OCCF)ccc2CN(C)C)c(N)c1,6.29
CHEMBL1077638,CC(C)CN(C(=O)c1cccc(C(F)(F)F)c1Cl)[C@H]1CCNC1,7.96
CHEMBL1078074,CC(C)CN(C(=O)c1cccc(F)c1C(F)(F)F)[C@H]1CCNC1,7.6
CHEMBL393625,CN(C)Cc1cc(OCCCF)ccc1Sc1ccccc1N,8.85
CHEMBL239079,CN(C)Cc1cc(OCCF)ccc1Sc1ccc(Cl)cc1N,10.52
CHEMBL239297,CN(C)Cc1cc(OCCF)ccc1Sc1ccc(Br)cc1N,10.3
CHEMBL498566,CCN(CCc1ccc(OC(F)(F)F)cc1)CCN1CCCC1,5.42
CHEMBL498564,CN(CCc1ccc(OC(F)(F)F)cc1)CCN1CCCCC1,5.02
CHEMBL238868,CN(C)Cc1cc(OCCF)ccc1Sc1ccc(F)cc1N,10.0
CHEMBL2103774,C#C[C@]1(O)CC[C@H]2[C@H]3[C@H](CC[C@@]21C)C1=C(CC(=O)CC1)C[C@H]3C,7.32
CHEMBL1201151,C#C[C@]1(O)CC[C@H]2[C@@H]3CCc4cc(OC)ccc4[C@H]3CC[C@@]21C,7.66
CHEMBL561598,c1ccc(CN(c2ccc3[nH]ncc3c2)C2CCNCC2)cc1,8.9
CHEMBL1818459,N#Cc1ccn(C[C@@]23CNCC[C@]2(c2ccc(Cl)c(Cl)c2)C3)n1,9.0
CHEMBL1818458,N#Cc1ccnn1C[C@@]12CNCC[C@]1(c1ccc(Cl)c(Cl)c1)C2,8.3
CHEMBL42,CN1CCN(C2=Nc3cc(Cl)ccc3Nc3ccccc32)CC1,6.54
CHEMBL1818468,Cc1cc(C)n(C[C@@]23CNCC[C@]2(c2ccc(Cl)c(Cl)c2)C3)c1,8.7
CHEMBL1818467,Cc1ccc(C)n1C[C@@]12CNCC[C@]1(c1ccc(Cl)c(Cl)c1)C2,8.6
CHEMBL556714,c1ccc(CN(c2ccc3sccc3c2)C2CCNCC2)cc1,7.9
CHEMBL2037522,c1ccc2c(c1)CCN(CCCCc1nc3ccccc3s1)C2,5.88
CHEMBL575289,c1ccc(N2CCNCC2)c(COc2ccccc2C2CC2)c1,7.28
CHEMBL599240,Fc1ccc(OC[C@H]2[C@@H]3CNC[C@@]32c2ccc(Cl)c(Cl)c2)cc1,8.9
CHEMBL411921,c1ccc([C@H](Oc2cccc3c2OCC3)[C@@H]2CNCCO2)cc1,5.75
CHEMBL258930,c1ccc([C@@H](Oc2cccc3c2OCC3)[C@H]2CNCCO2)cc1,7.7
CHEMBL560535,c1ccc(CN(c2ccc3[nH]ccc3c2)C2CCNCC2)cc1,9.1
CHEMBL1818464,N#Cc1cccn1C[C@@]12CNCC[C@]1(c1ccc(Cl)c(Cl)c1)C2,8.6
CHEMBL571893,c1cc2cc(N(CC3CCOCC3)C3CCNCC3)ccc2[nH]1,7.4
CHEMBL563117,CCN(C(=O)c1ccccc1Oc1ccccc1)[C@H]1CCNC1,5.79
CHEMBL517978,COC(=O)N(Cc1ccccc1-c1ccccc1)[C@H]1CCNC1,5.35
CHEMBL476312,CS(=O)(=O)N(Cc1ccccc1-c1ccccc1)[C@H]1CCNC1,5.38
CHEMBL478622,CS(=O)(=O)N(Cc1ccccc1-c1ccccc1)[C@@H]1CCNC1,5.27
CHEMBL477782,CCC(=O)N(Cc1ccccc1-c1ccccc1)[C@H]1CCNC1,5.57
CHEMBL550402,CC(C)c1ccccc1C(=O)N(CC1CCCC1)[C@H]1CCNC1,6.48
CHEMBL403441,CCOc1ccccc1C[C@H](c1ccccc1)N1CCNCC1,8.0
CHEMBL596715,FC(F)(F)c1ccccc1Oc1ncccc1C1CCNCC1,6.69
CHEMBL560999,O=C(C1CCC1)N(Cc1ccccc1C(F)(F)F)[C@H]1CCNC1,6.73
CHEMBL552338,O=C(c1ccccc1C(F)(F)F)N(CC1CCC1)[C@H]1CCNC1,6.65
CHEMBL563384,O=C(c1ccccc1C(F)(F)F)N(CC1CCC1)[C@@H]1CCNC1,5.78
CHEMBL148104,CN([C@@H]1C[C@@H](c2ccc(Cl)c(Cl)c2)c2ccccc21)C(C)(C)C,5.33
CHEMBL1645609,Cc1cccc(F)c1Oc1cccc(F)c1OC1CCNCC1,5.49
CHEMBL2314215,O=C(OCCF)[C@H]1[C@@H](c2ccc(/C=C\I)cc2)C[C@H]2CC[C@H]1N2,10.1
CHEMBL1945251,COC(=O)[C@H]1[C@@H](c2ccc(I)cc2)C[C@@H]2CC[C@H]1N2C/C=C/I,8.82
CHEMBL1643897,COC(=O)[C@H]1[C@@H](c2ccc(C)cc2)C[C@H]2CC[C@@H]1N2C/C=C/I,6.3
CHEMBL538876,COC(=O)[C@H]1[C@@H](c2ccc(C)cc2)C[C@@H]2CC[C@H]1N2C/C=C/I,6.3
CHEMBL466187,FCCc1ccccc1O[C@@H](c1ccccc1)[C@@H]1CNCCO1,6.37
CHEMBL1645608,Fc1cccc(Cl)c1Oc1cccc(F)c1OC1CCNCC1,5.69
CHEMBL3260336,FC(F)(COc1ccc(Cl)cc1OC1CNC1)c1ccccc1,6.91
CHEMBL573971,Fc1ccc(OCc2ccc(Cl)c(Cl)c2)c(C2CCNCC2)c1,8.7
CHEMBL264160,COc1ccc(O[C@@H](c2ccccc2)[C@@H]2CNCCO2)c(Cl)c1,7.02
CHEMBL408868,COc1cc(Cl)ccc1O[C@H](c1ccccc1)[C@H]1CNCCO1,7.96
CHEMBL259765,COc1cc(F)ccc1O[C@H](c1ccccc1)[C@H]1CNCCO1,7.66
CHEMBL260258,COc1cc(F)ccc1O[C@@H](c1ccccc1)[C@@H]1CNCCO1,6.13
CHEMBL258713,COc1cc(Br)ccc1O[C@@H](c1ccccc1)[C@@H]1CNCCO1,7.52
CHEMBL588119,CCCCCCCCN[C@H](C)[C@@H](O)c1ccc(SC(C)C)cc1,6.18
CHEMBL273208,CNCc1cnc(C)cc1Oc1ccccc1Oc1ccccc1,6.08
CHEMBL478834,CCOC(=O)N(Cc1ccccc1-c1ccccc1)[C@H]1CCNC1,5.96
CHEMBL514560,CCOC(=O)N(Cc1ccccc1-c1ccccc1)[C@@H]1CCNC1,6.39
CHEMBL515936,CCS(=O)(=O)N(Cc1ccccc1-c1ccccc1)[C@H]1CCNC1,5.25
CHEMBL564071,CC(C)CN(C(=O)c1ccccc1-c1ccccc1)[C@H]1CCNC1,6.18
CHEMBL507723,CCCC(=O)N(Cc1ccccc1-c1ccccc1)[C@H]1CCNC1,6.14
CHEMBL476116,CC(C)C(=O)N(Cc1ccccc1-c1ccccc1)[C@H]1CCNC1,6.02
CHEMBL564934,O=C(c1ccccc1C(F)(F)F)N(CC1CCCC1)[C@H]1CCNC1,6.96
CHEMBL562533,O=C(c1ccccc1C(F)(F)F)N(c1ccccc1)[C@H]1CCNC1,6.95
CHEMBL409546,COc1cc(C#N)ccc1O[C@@H](c1ccccc1)[C@@H]1CNCCO1,6.96
CHEMBL477573,CS(=O)(=O)N(Cc1ccccc1Oc1ccccc1)[C@H]1CCNC1,5.57
CHEMBL990,CN(Cc1ccc(C(C)(C)C)cc1)Cc1cccc2ccccc12,6.12
CHEMBL272002,COC(=O)c1ccccc1O[C@@H](c1ccccc1)[C@@H]1CNCCO1,6.21
CHEMBL411263,FCCOc1ccccc1S[C@@H](c1ccccc1)[C@@H]1CNCCO1,6.13
CHEMBL505592,FCCCc1ccccc1O[C@@H](c1ccccc1)[C@@H]1CNCCO1,6.33
CHEMBL264159,COc1cc(Cl)ccc1O[C@@H](c1cccc(F)c1)[C@@H]1CNCCO1,7.24
CHEMBL409277,COc1cc(Cl)ccc1O[C@@H](c1ccc(F)cc1)[C@@H]1CNCCO1,7.21
CHEMBL264158,COc1cc(Cl)ccc1O[C@@H](c1ccccc1F)[C@@H]1CNCCO1,7.16
CHEMBL270099,COC(=O)c1ccccc1S[C@@H](c1ccccc1)[C@@H]1CNCCO1,6.3
CHEMBL263920,COc1cc(Cl)ccc1O[C@@H](c1cccc(C)c1)[C@@H]1CNCCO1,7.16
CHEMBL264173,COc1cc(Cl)ccc1O[C@@H](c1ccc(C)cc1)[C@@H]1CNCCO1,7.06
CHEMBL325669,CNCC[C@H](Oc1cccc2c(OC)c(O)ccc12)c1cccs1,5.44
CHEMBL264174,COc1cc(Cl)ccc1O[C@@H](c1ccccc1C)[C@@H]1CNCCO1,7.16
CHEMBL516094,CN(C)C(=O)N(Cc1ccccc1-c1ccccc1)[C@H]1CCNC1,5.3
CHEMBL397889,CN(C)Cc1cc(OCCCO)ccc1Sc1ccc(Br)cc1N,9.68
CHEMBL589177,Cc1ccc(Oc2cc(OCCCF)ccc2CN(C)C)c(N)c1,6.35
CHEMBL589178,Cc1ccc(Oc2ccc(OCCCF)cc2CN(C)C)c(N)c1,8.15
CHEMBL239302,CN(C)Cc1cc(OCCCF)ccc1Sc1ccc(Br)cc1N,9.82
CHEMBL526849,CCN(CCc1ccc(OC(F)(F)F)cc1)CCN1CCCCC1,5.48
CHEMBL239301,CN(C)Cc1cc(OCCCF)ccc1Sc1ccc(F)cc1N,9.02
CHEMBL3085027,Fc1ccc(C(N[C@@H]2C[C@@H]3CC[C@H](C2)N3)c2ccc(F)cc2)cc1,5.38
CHEMBL1224162,O=C(c1ccc2[nH]ccc2c1)C1(Cc2ccccc2)CCNCC1,8.1
CHEMBL562569,O=C(c1ccccc1C1CCCC1)N(CC1CCC1)[C@H]1CCNC1,6.1
CHEMBL2037527,O=C(CCCCN1Cc2ccccc2C1)c1nc2ccccc2s1,6.62
CHEMBL490,Fc1ccc([C@@H]2CCNC[C@H]2COc2ccc3c(c2)OCO3)cc1,10.4
CHEMBL1818545,CC(C)c1nnn(C[C@@]23CNCC[C@]2(c2ccc(Cl)c(Cl)c2)C3)n1,9.1
CHEMBL1818544,CC(C)c1nnnn1C[C@@]12CNCC[C@]1(c1ccc(Cl)c(Cl)c1)C2,7.2
CHEMBL564288,c1ccc(CCN(c2ccc3[nH]ccc3c2)C2CCNCC2)cc1,8.2
CHEMBL552938,Cn1ccc2cc(N(Cc3ccccc3)C3CCNCC3)ccc21,8.4
CHEMBL551818,Fc1ccc(CN(c2ccc3[nH]ccc3c2)C2CCNCC2)cc1,8.7
CHEMBL564094,Fc1cccc(CN(c2ccc3[nH]ccc3c2)C2CCNCC2)c1,8.9
CHEMBL557119,Fc1ccccc1CN(c1ccc2[nH]ccc2c1)C1CCNCC1,8.4
CHEMBL555565,O=C(c1ccccc1)N(c1ccc2[nH]ccc2c1)C1CCNCC1,7.6
CHEMBL564285,N#Cc1ccc(CN(c2ccc3[nH]ccc3c2)C2CCNCC2)cc1,8.6
CHEMBL570317,N#Cc1cccc(CN(c2ccc3[nH]ccc3c2)C2CCNCC2)c1,9.6
CHEMBL550469,N#Cc1ccccc1CN(c1ccc2[nH]ccc2c1)C1CCNCC1,8.4
CHEMBL3085024,CN1[C@H]2CC[C@@H]1C[C@H](NC(c1ccc(Cl)cc1)c1ccc(Cl)cc1)C2,5.38
CHEMBL3350391,CN1[C@H]2CC[C@@H]1C[C@H](NC(c1ccc(F)cc1)c1ccc(F)cc1)C2,5.06
CHEMBL104,Clc1ccccc1C(c1ccccc1)(c1ccccc1)n1ccnc1,5.51
CHEMBL561878,O=C(c1ccccc1Oc1ccccc1)N(C1CCC1)[C@H]1CCNC1,6.65
CHEMBL145994,Clc1ccc([C@@H]2C[C@@H](NCc3ccccc3)c3ccccc32)cc1Cl,6.42
CHEMBL147544,Clc1ccc([C@@H]2C[C@H](NCc3ccccc3)c3ccccc32)cc1Cl,5.68
CHEMBL394755,O=C(CCCc1ccccc1)N1c2ccccc2Sc2ccccc21,5.42
CHEMBL728,CN1CCN(CCCN2c3ccccc3Sc3ccc(Cl)cc32)CC1,6.21
CHEMBL2037430,Clc1ccc(N2CCN(CCCc3nc4ccccc4s3)CC2)cc1,5.93
CHEMBL1818462,CC(C)(C)c1ccn(C[C@@]23CNCC[C@]2(c2ccc(Cl)c(Cl)c2)C3)n1,9.6
CHEMBL2347034,Fc1ccc2[nH]cc(CCCN3CCN(c4ccccc4)CC3)c2c1,7.44
CHEMBL1818457,FC(F)(F)c1ccn(C[C@@]23CNCC[C@]2(c2ccc(Cl)c(Cl)c2)C3)n1,8.7
CHEMBL1818456,FC(F)(F)c1ccnn1C[C@@]12CNCC[C@]1(c1ccc(Cl)c(Cl)c1)C2,8.7
CHEMBL550870,COc1cccc(CN(c2ccc3[nH]ccc3c2)C2CCNCC2)c1,8.8
CHEMBL589179,Cc1ccc(Oc2ccc(OCCCCF)cc2CN(C)C)c(N)c1,7.92
CHEMBL1479,C#C[C@]1(O)CC[C@H]2[C@@H]3CCC4=Cc5oncc5C[C@]4(C)[C@H]3CC[C@@]21C,5.09
CHEMBL558651,CC(C)CN(C(=O)c1ccccc1Oc1ccccc1)[C@H]1CCNC1,6.8
CHEMBL478833,CC(C)C(=O)N(Cc1ccccc1Oc1ccccc1)[C@H]1CCNC1,6.64
CHEMBL270791,Cc1cc(Oc2ccccc2Oc2ccccc2)c(CN(C)C)cn1,5.39
CHEMBL477783,CC(C)OC(=O)N(Cc1ccccc1-c1ccccc1)[C@H]1CCNC1,6.1
CHEMBL476313,CCCS(=O)(=O)N(Cc1ccccc1-c1ccccc1)[C@H]1CCNC1,5.25
CHEMBL478835,CC(C)S(=O)(=O)N(Cc1ccccc1-c1ccccc1)[C@H]1CCNC1,5.33
CHEMBL476941,CC(C)CC(=O)N(Cc1ccccc1-c1ccccc1)[C@H]1CCNC1,6.38
CHEMBL476320,CCOC(=O)N(Cc1ccccc1Oc1ccccc1)[C@H]1CCNC1,6.35
CHEMBL1940404,OC1(c2ccc(Cl)cc2)CCN(CCCOc2ccc(F)cc2)CC1,5.65
CHEMBL411262,FCCCOc1ccccc1S[C@@H](c1ccccc1)[C@@H]1CNCCO1,6.92
CHEMBL3105243,O=C(OCCF)[C@H]1[C@@H](c2ccc(I)cc2)C[C@@H]2CC[C@H]1N2C/C=C/I,8.62
CHEMBL1940402,OC1(c2ccc(Cl)cc2)CCN(CCCCc2ccc(F)cc2)CC1,5.73
CHEMBL1940403,OC1(c2ccc(Cl)cc2)CCN(CCCSc2ccc(F)cc2)CC1,6.8
CHEMBL514232,CN(C)S(=O)(=O)N(Cc1ccccc1-c1ccccc1)[C@H]1CCNC1,5.48
CHEMBL477571,O=S(=O)(N(Cc1ccccc1-c1ccccc1)[C@H]1CCNC1)C(F)(F)F,5.28
CHEMBL235814,CNCc1cc(C#CCCNC2CC2)ccc1Oc1ccc(Cl)c(Cl)c1,8.85
CHEMBL476108,O=C(CCCN1CCCN(c2ccc(Cl)cc2)CC1)c1ccc(F)cc1,7.25
CHEMBL54,O=C(CCCN1CCC(O)(c2ccc(Cl)cc2)CC1)c1ccc(F)cc1,5.75
CHEMBL410286,COc1cc(C(F)(F)F)ccc1O[C@@H](c1ccccc1)[C@@H]1CNCCO1,7.39
CHEMBL118,Cc1ccc(-c2cc(C(F)(F)F)nn2-c2ccc(S(N)(=O)=O)cc2)cc1,5.48
CHEMBL1262,Clc1ccc(CO/N=C(\Cn2ccnc2)c2ccc(Cl)cc2Cl)c(Cl)c1,6.37
CHEMBL549584,O=C(c1ccccc1Oc1ccccc1)N(CC1CCC1)[C@H]1CCNC1,6.82
CHEMBL558853,O=C(c1ccccc1Oc1ccccc1)N(CC1CCC1)[C@@H]1CCNC1,6.23
CHEMBL2037518,O=C(CCCN1CCC(c2ccccc2)CC1)c1nc2ccccc2s1,6.15
CHEMBL343211,CN(Cc1ccccc1)[C@@H]1C[C@@H](c2ccc(Cl)c(Cl)c2)c2ccccc21,6.75
CHEMBL75342,COc1cccc2c1CCC[C@@H]2CN(C)CCc1ccc2ccoc2c1,7.04
CHEMBL268258,COc1cccc2c1CCC[C@H]2CN(C)CCc1ccc2ccoc2c1,8.42
CHEMBL621,O=c1n(CCCN2CCN(c3cccc(Cl)c3)CC2)nc2ccccn12,6.99
CHEMBL1946255,Clc1ccc(N2CCCN(CCCc3nc4ccccc4s3)CC2)cc1,7.47
CHEMBL2037431,Clc1ccc(N2CCN(CCCCc3nc4ccccc4s3)CC2)cc1,6.78
CHEMBL1818460,Cc1cc(C(F)(F)F)nn1C[C@@]12CNCC[C@]1(c1ccc(Cl)c(Cl)c1)C2,9.0
CHEMBL1818461,Cc1cc(C(F)(F)F)n(C[C@@]23CNCC[C@]2(c2ccc(Cl)c(Cl)c2)C3)n1,9.1
CHEMBL552341,NS(=O)(=O)c1cccc(CN(c2ccc3[nH]ccc3c2)C2CCNCC2)c1,8.2
CHEMBL3085032,CN1[C@H]2CC[C@@H]1C[C@H](NC(c1ccc(Cl)c(Cl)c1)c1ccc(Cl)c(Cl)c1)C2,5.52
CHEMBL3085028,C=CCN1[C@H]2CC[C@@H]1C[C@H](NC(c1ccc(F)cc1)c1ccc(F)cc1)C2,5.41
CHEMBL564935,O=C(c1ccccc1Oc1ccccc1)N(c1ccccc1)[C@H]1CCNC1,7.17
CHEMBL340873,Fc1cc2c(c(OCCNCCc3c[nH]c4ccc(F)cc34)c1)OCCC2,8.3
CHEMBL2037432,OC1(c2ccc(Cl)cc2)CCN(CCCCc2nc3ccccc3s2)CC1,6.04
CHEMBL2037531,O=C(CCCCN1CCC(c2ccccc2)CC1)c1nc2ccccc2s1,7.19
CHEMBL1946254,Clc1ccc(N2CCCN(CCCCc3nc4ccccc4s3)CC2)cc1,7.19
CHEMBL1909072,NC(=O)C1CCN(CCCN2c3ccccc3Sc3ccc(Cl)cc32)CC1,6.46
CHEMBL2037524,O=C(CCCN1CCN(c2ccc(Cl)cc2)CC1)c1nc2ccccc2s1,6.31
CHEMBL2037530,O=C(CCCCN1CCN(c2ccccc2)CC1)c1nc2ccccc2s1,6.53
CHEMBL1258223,CCCCN1CCC(COC(=O)c2cc(Cl)c(NC)c3c2OCCO3)CC1,5.04
CHEMBL91418,Cc1cc(C)cc(OCC(=O)N(c2ccc(Cl)c(Cl)c2)C2CCNCC2)c1,7.5
CHEMBL236475,CNCc1cc(C#CCCN2CCOCC2)ccc1Oc1ccc(Cl)cc1,8.92
CHEMBL237513,CNCc1cc(C#CCCN(C)C2CC2)ccc1Oc1ccc(Cl)c(Cl)c1,8.23
CHEMBL237512,CNCc1cc(C#CCCN(C)C2CC2)ccc1Oc1ccc(SC)cc1,8.96
CHEMBL1947087,COC(=O)[C@H]1[C@@H](c2ccc(C)cc2)C[C@@H]2CC[C@H]1N2C/C=C(\I)C(F)(F)F,6.6
CHEMBL227179,CN1[C@H]2CC[C@@H]1[C@@H](c1ncc(-c3ccccc3)s1)[C@@H](c1ccc(Cl)cc1)C2,5.57
CHEMBL282575,C[C@]12CC[C@@H]3c4ccc(OC(=O)c5ccccc5)cc4CC[C@H]3[C@@H]1CC[C@@H]2O,5.71
CHEMBL3233407,CN1CCN2c3c(cccc31)[C@@H]1CN(CCCC(=O)c3ccncc3)CC[C@@H]12,7.0
CHEMBL708,O=C1Cc2cc(CCN3CCN(c4nsc5ccccc45)CC3)c(Cl)cc2N1,7.28
CHEMBL229699,Cc1ccc([C@H]2C[C@@H]3CC[C@H]([C@H]2c2ncc(-c4ccc(F)cc4)s2)N3C)cc1,5.76
CHEMBL375685,Cc1ccc([C@H]2C[C@@H]3CC[C@H]([C@H]2c2ncc(-c4ccc(Br)cc4)s2)N3C)cc1,5.73
CHEMBL3233427,O=C(CCCN1CC[C@H]2[C@@H](C1)c1cccc3c1N2CCC3)c1ccc(F)cc1,7.01
CHEMBL3233143,O=C(CCCN1CC[C@H]2[C@@H](C1)c1cccc3c1N2CCN3)c1ccc(F)cc1,7.51
CHEMBL3233409,CN1CCN2c3c(cccc31)[C@@H]1CN(CCCOc3ccc(F)cc3)CC[C@@H]12,7.57
CHEMBL218997,N#Cc1cccc(NC(=O)NCCC[C@H]2C[C@H](Cc3ccccc3)CCN2)c1,7.46
CHEMBL236047,CNCc1cc(C#CCCN2CCOCC2)ccc1Oc1ccc(Cl)c(Cl)c1,8.74
CHEMBL397577,CNCc1cc(C#CCCN2CCOCC2)ccc1Oc1ccc(F)cc1Cl,8.44
CHEMBL236046,CNCc1cc(C#CCCN2CCOCC2)ccc1Oc1ccc(SC)cc1,9.1
CHEMBL393036,CNCc1cc(C#CCCN2CCCCC2)ccc1Oc1ccc(SC)cc1,9.15
CHEMBL3260337,C[C@@H](Oc1ccc(C(F)(F)F)cc1OC1CNC1)c1cccc(C(F)(F)F)c1,6.65
CHEMBL83,CC/C(=C(\c1ccccc1)c1ccc(OCCN(C)C)cc1)c1ccccc1,5.91
CHEMBL43064,C(=C/c1ccccc1)\CN1CCN(C(c2ccccc2)c2ccccc2)CC1,6.24
CHEMBL3085029,CCCCN1[C@H]2CC[C@@H]1C[C@H](NC(c1ccc(F)cc1)c1ccc(F)cc1)C2,5.58
CHEMBL124069,Fc1cc2c(c(OCCNCCCc3c[nH]c4ccc(F)cc34)c1)OCCC2,9.3
CHEMBL1946258,O=C(CCCN1CCCN(c2ccc(Cl)cc2)CC1)c1nc2ccccc2s1,8.28
CHEMBL2037528,O=C(CCCCN1CCN(c2ccc(Cl)cc2)CC1)c1nc2ccccc2s1,7.09
CHEMBL575699,O=C1/C(=C/c2ccccc2N2CCNCC2)SCCN1c1ccc(F)cc1F,7.01
CHEMBL402644,CNCc1cc(C(=O)N2CCN(C3CC3)CC2)ccc1Oc1ccc(Cl)c(Cl)c1,8.17
CHEMBL1946257,O=C(CCCCN1CCCN(c2ccc(Cl)cc2)CC1)c1nc2ccccc2s1,7.19
CHEMBL490211,O=C1COc2ccc(CCN3CCN(c4nccc5ccccc45)CC3)cc2N1,9.1
CHEMBL523095,O=C1COc2ccc(CCN3CCN(c4cccc5cccnc45)CC3)cc2N1,8.0
CHEMBL444398,Cc1cc2c(N3CCN(CCc4ccc5c(c4)NC(=O)CO5)CC3)cccc2[nH]1,8.2
CHEMBL2112981,C(=C/c1ccccc1)\CN1CCN(C[C@@H]2ON=C3c4ccccc4NC[C@H]32)CC1,7.08
CHEMBL3233410,CN1CCN2c3c(cccc31)[C@@H]1CN(CCNC(=O)c3ccc(F)cc3)CC[C@@H]12,5.71
CHEMBL300115,O[C@H](COc1cccc2[nH]ccc12)CN1CCC(c2cc3ccccc3s2)CC1,7.78
CHEMBL327227,O[C@@H](COc1cccc2[nH]ccc12)CN1CCC(c2cc3ccccc3s2)CC1,7.78
CHEMBL226933,COc1ccc(-c2cnc([C@H]3[C@@H](c4ccc(C)cc4)C[C@@H]4CC[C@H]3N4C)s2)cc1,5.43
CHEMBL2112978,C(=C/c1ccccc1)\CN1CCN(C[C@@H]2ON=C3c4ccccc4OC[C@H]32)CC1,7.8
CHEMBL2112979,C1=C[C@@H]2C(=NO[C@H]2CN2CCN(C/C=C/c3ccccc3)CC2)c2ccccc21,6.97
CHEMBL391947,CNCc1cc(C#CCCN2CCOCC2)ccc1Oc1ccc(SC)c(C)c1,8.72
CHEMBL954,CCN(CC)CCOc1ccc(/C(=C(/Cl)c2ccccc2)c2ccccc2)cc1,6.47
CHEMBL516088,COc1c(OCCF)cccc1C(=O)C1CCN(CCc2ccc(F)cc2)CC1,5.51
CHEMBL515472,COc1c(OCCF)cccc1[C@H](O)C1CCN(CCc2ccc(F)cc2)CC1,5.66
CHEMBL490632,COc1c(OCCF)cccc1C(=O)C1CCN(CCc2ccc(C)cc2)CC1,6.0
CHEMBL218581,CC(=O)c1cccc(NC(=O)NCCC[C@H]2C[C@H](Cc3ccccc3)CCN2)c1,7.38
CHEMBL209324,COc1ccccc1N1CCN(CCCCNS(=O)(=O)c2ccc(C)cc2)CC1,6.7
CHEMBL219048,CC(=O)c1cccc(NC(=O)NCCC[C@H]2C[C@H](Cc3ccc(F)cc3)CCN2)c1,7.75
CHEMBL1087452,O=C1CCc2ccc(OCCN3CCN(c4cccc5[nH]c(=O)oc45)CC3)cc2N1,6.27
CHEMBL490417,Cc1ccc2c(N3CCN(CCc4ccc5c(c4)NC(=O)CO5)CC3)cccc2n1,8.9
CHEMBL513715,Cc1ccc2c(N3CCN(CCc4cccc5c4OCC(=O)N5)CC3)cccc2n1,6.5
CHEMBL512724,Cc1ccc2c(N3CCN(CCc4ccc5c(c4)OCC(=O)N5)CC3)cccc2n1,7.0
CHEMBL85,Cc1nc2n(c(=O)c1CCN1CCC(c3noc4cc(F)ccc34)CC1)CCCC2,5.85
CHEMBL1290715,Cc1ccc2c(N3CCN(CCc4cccc5[nH]c(=O)ccc45)CC3)cccc2n1,6.7
CHEMBL1290486,Cc1ccc2c(N3CCN(CCc4cccc5c4CCC(=O)N5)CC3)cccc2n1,6.6
CHEMBL2112970,CN1C[C@@H]2C(=NO[C@H]2CN2CCN(C/C=C/c3ccccc3)CC2)c2ccccc21,7.8
CHEMBL56601,O[C@H](COc1cccc2[nH]ccc12)CN1CCC(c2cc3ccc(F)cc3s2)CC1,8.7
CHEMBL311701,C[C@H]1C[C@H](c2cc3ccccc3s2)CCN1C[C@H](O)COc1cccc2[nH]ccc12,9.29
CHEMBL489195,Cc1ncc2c(N3CCN(CCc4ccc5c(c4)NC(=O)CO5)CC3)cccc2n1,8.7
CHEMBL19215,CN1C[C@H](CNC(=O)OCc2ccccc2)C[C@@H]2c3cccc4c3c(cn4C)C[C@H]21,6.5
CHEMBL226984,Cc1ccc([C@H]2C[C@@H]3CC[C@H]([C@H]2c2ncc(-c4cccc([N+](=O)[O-])c4)s2)N3C)cc1,6.24
CHEMBL229436,Cc1ccc([C@H]2C[C@@H]3CC[C@H]([C@H]2c2ncc(-c4ccc([N+](=O)[O-])cc4)s2)N3C)cc1,5.79
CHEMBL491839,CC1(C)Cc2cccc(N3CCN(CCc4ccc5c(c4)NC(=O)CO5)CC3)c2O1,8.6
CHEMBL30008,Fc1ccc(C(c2ccc(F)cc2)N2CCN(C/C=C/c3ccccc3)CC2)cc1,6.58
CHEMBL2031884,CCNC(=O)c1ccc(-c2ccc3c(c2)CCN(CCN2CCC[C@H]2C)C3=O)cc1,6.52
CHEMBL257738,CNCc1cc(C(=O)N2CCCN(C3CC3)CC2)ccc1Oc1ccc(Cl)c(Cl)c1,8.05
CHEMBL726,OCCN1CCN(CCCN2c3ccccc3Sc3ccc(C(F)(F)F)cc32)CC1,6.1
CHEMBL2179217,COc1ccc(S(=O)(=O)n2cc(C)c3cc(Cl)ccc32)cc1NC1CCN(C)CC1,5.71
CHEMBL3233415,CN1CCN2c3c(cccc31)[C@@H]1CN(CCc3cc4c(cc3Cl)NC(=O)C4)CC[C@@H]12,7.55
CHEMBL3233413,CN1CCN2c3c(cccc31)[C@@H]1CN(CCCc3n[nH]c4cc(F)ccc34)CC[C@@H]12,7.05
CHEMBL523064,Cc1ccc2c(N3C[C@H]4C[C@@H]3CN4CCc3ccc4c(c3)NC(=O)CO4)cccc2n1,8.4
CHEMBL2112984,c1ccc2c(c1)NC[C@@H]1C2=NO[C@H]1CN1CCN(Cc2ccc3ccccc3c2)CC1,9.3
CHEMBL511756,O=C(CN1CCN(CCOC(c2ccccc2)c2ccccc2)CC1)c1ccccc1,5.85
CHEMBL333667,O=C(Cc1ccccc1)NCCNCCOC(c1ccc(F)cc1)c1ccc(F)cc1,6.25
CHEMBL122452,CN(CCCN(C)CCc1ccccc1)CCOC(c1ccccc1)c1ccccc1,5.82
CHEMBL121611,Fc1ccc(C(OCCNCCCNCCc2ccccc2)c2ccc(F)cc2)cc1,6.9
CHEMBL121027,CN(CCOC(c1ccccc1)c1ccccc1)CCN(C)CCc1ccc(F)cc1,6.26
CHEMBL633,CCCCc1oc2ccccc2c1C(=O)c1cc(I)c(OCCN(CC)CC)c(I)c1,5.91
CHEMBL218174,CC(=O)c1cccc(NC(=O)NCCC[C@H]2C[C@H](Cc3ccc(F)cc3)CCN2C)c1,6.24
CHEMBL1087453,O=C1CCc2ccc(OCCCN3CCN(c4cccc5[nH]c(=O)oc45)CC3)cc2N1,7.03
CHEMBL522257,Cc1ccc2c(N3CCN(CCc4ccc5c(c4)N(C)C(=O)CO5)CC3)cccc2n1,7.7
CHEMBL469345,Cc1ccc2c(N3CCN(CCc4cccc5c4OCC(=O)N5C)CC3)cccc2n1,8.0
CHEMBL472289,Cc1ccc2c(N3CCN(CCc4ccc5c(c4)OCC(=O)N5C)CC3)cccc2n1,6.8
CHEMBL470849,Cc1ccc2c(N3CCN(CCCc4cccc5c4OCC(=O)N5)CC3)cccc2n1,7.4
CHEMBL484260,Cc1cc(N2CCN(CCc3ccc4c(c3)NC(=O)CO4)CC2)c2ccc(C)nc2c1,7.8
CHEMBL495703,Cc1ccc2c(N3CCN(CCc4ccc5c(c4)NC(=O)CO5)[C@@H](C)C3)cccc2n1,9.4
CHEMBL521873,Cc1ccc2c(N3CCN(CCc4ccc5c(c4)NC(=O)CO5)[C@H](C)C3)cccc2n1,9.1
CHEMBL489394,Cc1ccc2c(N3CCN(CCc4cc(F)c5c(c4)NC(=O)CO5)CC3)cccc2n1,8.9
CHEMBL497980,Cc1ccc2c(N3CCN(CCc4ccc5c(c4)NC(=O)CO5)CC3)ccc(Cl)c2n1,8.8
CHEMBL497979,Cc1ccc2c(N3CCN(CCc4ccc5c(c4)NC(=O)CO5)CC3)ccc(F)c2n1,8.4
CHEMBL496520,Cc1ccc2c(N3CCN(CCc4ccc5c(c4F)NC(=O)CO5)CC3)cccc2n1,8.3
CHEMBL496317,Cc1ccc2c(N3CCN(CCc4cc5c(cc4F)OCC(=O)N5)CC3)cccc2n1,9.1
CHEMBL521506,Cc1ccc2c(N3CCN(CCc4ccc5c(c4)NC(=O)CO5)CC3)cc(Cl)cc2n1,9.1
CHEMBL485491,Cc1ccc2c(N3CCN(CCc4ccc5c(c4)NC(=O)CO5)CC3)cc(F)cc2n1,9.1
CHEMBL1289047,Cc1ccc2c(N3CCN(CCc4c(C)ccc5[nH]c(=O)ccc45)CC3)cccc2n1,7.0
CHEMBL1290596,Cc1ccc2c(N3CCN(CCc4c(C)ccc5c4CCC(=O)N5)CC3)cccc2n1,7.3
CHEMBL1290716,Cc1ccc2c(N3CCN(CCc4cccc5c4ccc(=O)n5C)CC3)cccc2n1,8.6
CHEMBL1290487,Cc1ccc2c(N3CCN(CCc4cccc5c4CCC(=O)N5C)CC3)cccc2n1,7.9
CHEMBL309396,C[C@H]1C[C@H](c2cc3ccc(F)cc3s2)CCN1C[C@H](O)COc1cccc2[nH]ccc12,9.51
CHEMBL79151,C[C@H]1C[C@H](c2cc3cc(Cl)ccc3s2)CCN1C[C@H](O)COc1cccc2[nH]ccc12,9.24
CHEMBL2112358,Cc1cc2c(OC[C@@H](O)CN3CC[C@@H](c4ccc5ccsc5c4)C[C@@H]3C)cccc2[nH]1,9.12
CHEMBL313023,Cc1cc2c(OC[C@H](O)CN3CC[C@@H](c4cccc5sccc45)C[C@@H]3C)cccc2[nH]1,8.36
CHEMBL314163,Cc1cc2c(OC[C@H](O)CN3CC[C@@H](c4ccc5sccc5c4)C[C@@H]3C)cccc2[nH]1,9.52
CHEMBL2112357,Cc1cc2c(OC[C@@H](O)CN3CC[C@@H](c4cccc5ccsc45)C[C@@H]3C)cccc2[nH]1,8.03
CHEMBL421660,Cc1cc2c(OC[C@@H](O)CN3CC[C@@H](c4cc5ccccc5s4)C[C@@H]3C)cccc2[nH]1,9.28
CHEMBL2113279,COc1ccc(-c2cnc([C@H]3[C@@H](c4ccc(C)cc4)C[C@@H]4CC[C@H]3N4C)s2)cc1OC,5.11
CHEMBL311964,Cc1cccc2sc([C@@H]3CCN(C[C@H](O)COc4cccc5[nH]ccc45)[C@@H](C)C3)cc12,9.36
CHEMBL238051,CSc1ccc([C@@H]2CN3CCC[C@@H]3c3cc(OCCCN4CCCCC4)ccc32)cc1,8.6
CHEMBL2112354,Cc1cc2c(OC[C@@H](O)CN3CC[C@@H](c4ccc5ccoc5c4)C[C@@H]3C)cccc2[nH]1,8.42
CHEMBL2112352,Cc1cc2c(OC[C@@H](O)CN3CC[C@@H](c4cccc5occc45)C[C@@H]3C)cccc2[nH]1,8.14
CHEMBL329583,Cc1cc2c(OC[C@H](O)CN3CC[C@@H](c4ccc5occc5c4)C[C@@H]3C)cccc2[nH]1,8.77
CHEMBL56795,COc1cccc2sc(C3CCN(C[C@H](O)COc4cccc5[nH]ccc45)CC3)cc12,7.9
CHEMBL1257858,Cc1cc2c(cc1OCCCN1CCN(c3cccc4ccccc34)CC1)C(=O)NC2,5.98
CHEMBL1257494,Cc1c(OCCCN2CCN(c3cccc4ccccc34)CC2)ccc2c1C(=O)NC2,6.71
CHEMBL2112982,COc1ccc2c(c1)C=C[C@@H]1C2=NO[C@H]1CN1CCN(C/C=C/c2ccccc2)CC1,8.14
CHEMBL1257263,O=C1NCc2cc(Cl)c(OCCCN3CCN(c4cccc5ccccc45)CC3)cc21,7.17
CHEMBL1258428,O=C1NCc2cc(F)c(OCCCN3CCN(c4cccc5ccccc45)CC3)cc21,7.26
CHEMBL1258882,O=C1NCc2ccc(OCCCN3CCN(c4cccc5ccccc45)CC3)c(Cl)c21,6.98
CHEMBL1257969,O=C1NCc2ccc(OCCCN3CCN(c4cccc5ccccc45)CC3)c(F)c21,7.07
CHEMBL180470,C/C(=C\c1ccccc1)CN1CCN(C[C@@H]2ON=C3c4ccc(O)cc4OC[C@H]32)CC1,8.44
CHEMBL1087454,O=C1CCc2ccc(OCCCCN3CCN(c4cccc5[nH]c(=O)oc45)CC3)cc2N1,7.03
CHEMBL471047,Cc1ccc2c(N3CCN(CCc4cccc5c4OCC(=O)N5C)[C@@H](C)C3)cccc2n1,7.9
CHEMBL511815,Cc1ccc2c(N3CCN(CCc4cccc5c4OCC(=O)N5C)[C@H](C)C3)cccc2n1,8.3
CHEMBL469375,Cc1ccc2c(N3CCN(CCCc4cccc5c4OCC(=O)N5C)CC3)cccc2n1,9.4
CHEMBL489393,CCN1C(=O)COc2ccc(CCN3CCN(c4cccc5nc(C)ccc45)CC3)cc21,7.1
CHEMBL472290,CCN1C(=O)COc2c(CCN3CCN(c4cccc5nc(C)ccc45)CC3)cccc21,7.7
CHEMBL2037520,O=C(CCCCN1CCC(n2c(=O)[nH]c3cc(Cl)ccc32)CC1)c1nc2ccccc2s1,6.25
CHEMBL469374,Cc1ccc2c(N3CCN(CCc4cccc5c4OCC(=O)N5C)CC3)cc(F)cc2n1,8.1
CHEMBL2037526,O=C(CCCCN1CCC2(CC1)C(=O)NCN2c1ccccc1)c1nc2ccccc2s1,6.55
CHEMBL1287827,Cc1ccc2c(N3CCN(CCc4cccc5c4ccc(=O)n5C)[C@@H](C)C3)cccc2n1,8.6
CHEMBL1289048,Cc1ccc2c(N3CCN(CCc4c(C)ccc5c4ccc(=O)n5C)CC3)cccc2n1,7.9
CHEMBL1290597,Cc1ccc2c(N3CCN(CCc4c(C)ccc5c4CCC(=O)N5C)CC3)cccc2n1,7.6
CHEMBL1289164,Cc1ccc2c(N3CCN(CCc4c(Cl)ccc5c4ccc(=O)n5C)CC3)cccc2n1,7.8
CHEMBL1289163,Cc1ccc2c(N3CCN(CCc4c(F)ccc5c4ccc(=O)n5C)CC3)cccc2n1,7.9
CHEMBL2112974,COc1cc2c(cc1OC)C1=NO[C@@H](CN3CCN(Cc4ccc(Cl)cc4)CC3)[C@@H]1CN2,6.82
CHEMBL2112350,Cc1cc2c(OC[C@@H](O)CN3CC[C@@H](c4ccc5ccccc5c4)C[C@@H]3C)cccc2[nH]1,9.4
CHEMBL129238,Cc1cc2c(OC[C@@H](O)CN3CC[C@@H](c4cc5cc(F)ccc5s4)C[C@@H]3C)cccc2[nH]1,9.62
CHEMBL2112356,Cc1cc2c(OC[C@@H](O)CN3CC[C@@H](c4ccc5scc(C)c5c4)C[C@@H]3C)cccc2[nH]1,9.27
CHEMBL2112355,Cc1cc2c(OC[C@@H](O)CN3CC[C@@H](c4ccc5c(C)csc5c4)C[C@@H]3C)cccc2[nH]1,9.24
CHEMBL300340,COc1cccc2sc(C3CCN(C[C@H](O)COc4cccc5[nH]c(C)cc45)CC3)cc12,7.29
CHEMBL78405,COc1ccc2cc([C@@H]3CCN(C[C@H](O)COc4cccc5[nH]ccc45)[C@@H](C)C3)sc2c1,8.96
CHEMBL308388,COc1cccc2sc([C@H]3CCN(C[C@H](O)COc4cccc5[nH]ccc45)[C@H](C)C3)cc12,8.94
CHEMBL310883,COc1cccc2sc([C@H]3CCN(C[C@H](O)COc4cccc5[nH]ccc45)[C@@H](C)C3)cc12,7.87
CHEMBL307874,COc1cccc2sc([C@@H]3CCN(C[C@H](O)COc4cccc5[nH]ccc45)[C@H](C)C3)cc12,7.83
CHEMBL76747,COc1cccc2sc([C@@H]3CCN(C[C@H](O)COc4cccc5[nH]ccc45)[C@@H](C)C3)cc12,9.57
CHEMBL1257859,Cc1cc2c(cc1OCCCCN1CCN(c3cccc4ccccc34)CC1)C(=O)NC2,6.3
CHEMBL1257495,Cc1c(OCCCCN2CCN(c3cccc4ccccc34)CC2)ccc2c1C(=O)NC2,6.41
CHEMBL2031873,O=C(NC1CCCC1)c1ccc(-c2ccc3c(c2)CCN(CCN2CCCC2)C3=O)cc1,6.77
CHEMBL2031877,C[C@H]1CCCN1C(=O)c1ccc(-c2ccc3c(c2)CCN(CCN2CCCC2)C3=O)cc1,6.41
CHEMBL2031876,C[C@@H]1CCCN1C(=O)c1ccc(-c2ccc3c(c2)CCN(CCN2CCCC2)C3=O)cc1,6.5
CHEMBL2031885,C[C@@H]1CCCN1CCN1CCc2cc(-c3ccc(C(=O)N4CCCC4)cc3)ccc2C1=O,6.09
CHEMBL1257384,O=C1NCc2cc(Cl)c(OCCCN3CCN(c4cccc5cccc(F)c45)CC3)cc21,7.7
CHEMBL1258535,O=C1NCc2cc(F)c(OCCCN3CCN(c4cccc5cccc(F)c45)CC3)cc21,7.81
CHEMBL1258763,O=C1NCc2cc(F)c(OCCCN3CCN(c4cccc5cc(F)ccc45)CC3)cc21,8.04
CHEMBL1257146,O=C1NCc2ccc(OCCCN3CCN(c4cccc5cccc(F)c45)CC3)c(Cl)c21,6.64
CHEMBL1258085,O=C1NCc2ccc(OCCCN3CCN(c4cccc5cccc(F)c45)CC3)c(F)c21,6.8
CHEMBL1257264,O=C1NCc2cc(Cl)c(OCCCCN3CCN(c4cccc5ccccc45)CC3)cc21,7.02
CHEMBL1258534,O=C1NCc2cc(F)c(OCCCCN3CCN(c4cccc5ccccc45)CC3)cc21,7.51
CHEMBL1257736,Cc1c(OCCCN2CCN(c3cccc4cc(F)ccc34)CC2)ccc2c1C(=O)NC2,7.67
CHEMBL1258086,Cc1cc2c(cc1OCCCN1CCN(c3cccc4cc(F)ccc34)CC1)C(=O)NC2,7.87
CHEMBL1258084,O=C1NCc2ccc(OCCCCN3CCN(c4cccc5ccccc45)CC3)c(F)c21,5.6
CHEMBL234449,NC(=O)c1ccc2c(c1)CCO[C@H]2CCN1CCN(c2ccc3cc(F)ccc3c2)CC1,8.09
CHEMBL1257615,Cc1c(OCCCN2CCN(c3cccc4cccc(F)c34)CC2)ccc2c1C(=O)NC2,6.36
CHEMBL1258879,O=C1NCc2ccc(OCCCCN3CCN(c4cccc5cccc(F)c45)CC3)cc21,7.58
CHEMBL1257970,Cc1cc2c(cc1OCCCN1CCN(c3cccc4cccc(F)c34)CC1)C(=O)NC2,6.76
CHEMBL1289721,Cc1ccc2c(C3CCN(CCc4c(C)ccc5c4ccc(=O)n5C)CC3)cccc2n1,8.9
CHEMBL420900,O=C(Cc1ccccc1)NCCCNCCOC(c1ccc(F)cc1)c1ccc(F)cc1,5.94
CHEMBL2112594,O=C(CCc1ccccc1)NCCNCCOC(c1ccc(F)cc1)c1ccc(F)cc1,6.28
CHEMBL123830,O=C(Cc1ccc(F)cc1)NCCNCCOC(c1ccc(F)cc1)c1ccc(F)cc1,6.46
CHEMBL123252,CN(CCCc1ccccc1)CCCN(C)CCOC(c1ccccc1)c1ccccc1,6.36
CHEMBL89245,O=C(CCc1cc(C(F)(F)F)cc(C(F)(F)F)c1)N(c1ccc(F)cc1)C1CCNCC1,6.6
CHEMBL1079460,O=S1(=O)N(CCN2CC=C(c3c[nH]c4cc(F)ccc34)CC2)c2cccc3c2N1CCC3,8.64
CHEMBL3233416,Cc1ccn2c(=O)c(CCN3CC[C@H]4[C@@H](C3)c3cccc5c3N4CCN5C)c(C)nc2c1,7.24
CHEMBL1242904,Cc1ccc2c(N3CCN(CCc4cccc5c4OCc4nccn4-5)CC3)cccc2n1,7.7
CHEMBL1241642,Cc1ccc2c(N3CCN(CCc4cccc5c4OCc4cncn4-5)CC3)cccc2n1,7.9
CHEMBL1241639,Cc1ccc2c(N3CCN(CCc4cccc5c4OCc4nnnn4-5)CC3)cccc2n1,7.3
CHEMBL466750,O=C(Cc1ccccc1)CN1CCN(CCOC(c2ccccc2)c2ccccc2)CC1,5.6
CHEMBL124222,O=C1CN(CCOC(c2ccccc2)c2ccccc2)CCN1CCCc1ccccc1,5.23
CHEMBL282380,O[C@H](Cc1ccccc1)CN1CCN(CCOC(c2ccccc2)c2ccccc2)CC1,5.75
CHEMBL28149,O[C@@H](Cc1ccccc1)CN1CCN(CCOC(c2ccccc2)c2ccccc2)CC1,5.66
CHEMBL27907,O=C(CCN1CCN(CCOC(c2ccccc2)c2ccccc2)CC1)c1ccccc1,5.89
CHEMBL421867,c1ccc(CCCNC2CCN(CCOC(c3ccccc3)c3ccccc3)CC2)cc1,7.26
CHEMBL467757,C=C(CCN1CCN(CCOC(c2ccccc2)c2ccccc2)CC1)c1ccccc1,5.75
CHEMBL466733,C=C(Cc1ccccc1)CN1CCN(CCOC(c2ccccc2)c2ccccc2)CC1,5.48
CHEMBL26649,Fc1ccc(C(OCCN2CCN(CCc3ccccc3)CC2)c2ccc(F)cc2)cc1,7.44
CHEMBL67024,Fc1ccc(CCNC2CCN(CCOC(c3ccccc3)c3ccccc3)CC2)cc1,6.66
CHEMBL489582,O=c1ccc(-n2ccnc2)nn1CCCCN1CCN(c2cccc(C(F)(F)F)c2)CC1,6.64
CHEMBL136057,Fc1ccc(C(OCCC2CCN(C/C=C/c3ccco3)CC2)c2ccc(F)cc2)cc1,7.39
CHEMBL343534,Fc1ccc(C(OCCC2CCN(C/C=C/c3cccs3)CC2)c2ccc(F)cc2)cc1,7.35
CHEMBL1088560,CS(=O)(=O)Nc1cccc(OCCN2CCC(Cc3ccc4c(c3)NC(=O)CC4)CC2)c1,7.72
CHEMBL1087745,CS(=O)(=O)Nc1cccc(OCCN2CCC(Oc3ccc4c(c3)NC(=O)CC4)CC2)c1,7.66
CHEMBL478039,COc1ccccc1N1CCN(CCNC(=O)Cn2nc(-n3ccnc3)ccc2=O)CC1,5.46
CHEMBL122859,O=C1CN(CCc2ccccc2)CCN1CCOC(c1ccc(F)cc1)c1ccc(F)cc1,6.94
CHEMBL468207,O=C(CN1CCN(CCOC(c2ccc(F)cc2)c2ccc(F)cc2)CC1)c1ccccc1,7.06
CHEMBL1627,CNC(=O)C(CCN1CCC(O)(c2ccc(Cl)cc2)CC1)(c1ccccc1)c1ccccc1,8.21
CHEMBL443797,CN(CCCc1ccccc1)C1CCN(CCOC(c2ccccc2)c2ccccc2)CC1,7.06
CHEMBL417049,CN(CCOC(c1ccccc1)c1ccccc1)C1CCN(CCCc2ccccc2)CC1,5.85
CHEMBL137718,Fc1ccc(C(OCCC2CCN(C/C=C/c3ccccc3)CC2)c2ccc(F)cc2)cc1,7.33
CHEMBL136249,Fc1ccc(C(OCCC2CCN(CC#Cc3ccccc3)CC2)c2ccc(F)cc2)cc1,6.79
CHEMBL1087743,CS(=O)(=O)Nc1cc(OCCN2CCC(Cc3ccc4c(c3)NC(=O)CC4)CC2)ccc1F,7.7
CHEMBL1087872,CS(=O)(=O)Nc1cc(OCCN2CCC(Oc3ccc4c(c3)NC(=O)CC4)CC2)ccc1F,7.52
CHEMBL478040,CCOc1ccccc1N1CCN(CCNC(=O)Cn2nc(-n3ccnc3)ccc2=O)CC1,5.22
CHEMBL469568,Cc1ccc2c(N3CCN(CCc4cccc5c4OCC(=O)N5C4CC4)CC3)cccc2n1,6.9
CHEMBL1241738,Cc1ccc2c(N3CCN(CCc4cccc5c4OCc4nnc(C)n4-5)CC3)cccc2n1,6.7
CHEMBL1241546,Cc1ccc2c(N3CCN(CCc4cccc5c4OCc4c(C)nnn4-5)CC3)cccc2n1,8.0
CHEMBL1241547,Cc1cn2c(n1)COc1c(CCN3CCN(c4cccc5nc(C)ccc45)CC3)cccc1-2,7.7
CHEMBL1087455,O=C1CCc2ccc(CC3CCN(C[C@@H]4COc5c(ccc6c5CC(=O)N6)O4)CC3)cc2N1,8.72
CHEMBL2112972,COc1ccc2c(c1)C=C[C@@H]1C2=NO[C@H]1CN1CCN(Cc2ccc3ccccc3c2)CC1,8.85
CHEMBL1087744,O=C1CCc2ccc(OC3CCN(C[C@@H]4COc5c(ccc6c5CC(=O)N6)O4)CC3)cc2N1,7.7
CHEMBL469567,Cc1ccc2c(N3CCN(CCc4cccc5c4OCC(=O)N5C(C)C)CC3)cccc2n1,6.8
CHEMBL391273,N#Cc1ccc2c(N3CCN(CC[C@@H]4OCCc5cc(C(N)=O)ccc54)CC3)cccc2c1,8.24
CHEMBL469376,Cc1ccc2c(N3CCN(CCCc4cccc5c4OCC(=O)N5C)[C@H](C)C3)cccc2n1,9.3
CHEMBL513875,Cc1ccc2c(N3CCN(CCc4cccc5c4OCC(=O)N5C)[C@H](C)C3)cc(F)cc2n1,8.7
CHEMBL469589,Cc1ccc2c(N3CCN(CCCc4cccc5c4OCC(=O)N5C)CC3)cc(F)cc2n1,9.5
CHEMBL1289618,Cc1ccc2c(N3CCN(CCc4cccc5c4ccc(=O)n5C)C(C)(C)C3)cccc2n1,9.6
CHEMBL2338351,CN1CCc2c(cccc2C(=O)NCC2(N3CCN(c4ccccc4)CC3)CCCCC2)C1,7.8
CHEMBL1289509,Cc1ccc2c(N3CCN(CCc4c(C)ccc5c4ccc(=O)n5C)[C@@H](C)C3)cccc2n1,9.3
CHEMBL1289277,Cc1ccc2c(N3CCN(CCc4c(C)ccc5c4ccc(=O)n5C)[C@H](C)C3)cccc2n1,8.4
CHEMBL1289394,Cc1ccc2c(N3CCN(CCc4cccc5c4ccc(=O)n5C)[C@H](C)C3)cc(F)cc2n1,9.3
CHEMBL1289510,Cc1ccc2c(N3CCN(CCc4cccc5c4ccc(=O)n5C)[C@@H](C)C3)cc(F)cc2n1,9.3
CHEMBL1289276,Cc1ccc2c(N3CCN(CCc4c(C)ccc5c4ccc(=O)n5C)CC3)cc(F)cc2n1,8.0
CHEMBL2112983,COc1cc2c(cc1OC)C1=NO[C@@H](CN3CCN(C/C=C/c4ccccc4)CC3)[C@@H]1CN2,8.01
CHEMBL129053,COc1cccc2sc([C@@H]3CCN(C[C@H](O)COc4cccc5[nH]c(C)cc45)[C@@H](C)C3)cc12,9.07
CHEMBL439849,N#Cc1ccc2[nH]cc(CCCCN3CCN(c4ccc5oc(C(N)=O)cc5c4)CC3)c2c1,9.3
CHEMBL420830,COc1cc2c(cc1OC)C1=NO[C@@H](CN3CCN(C/C=C\c4ccccc4)CC3)[C@@H]1CO2,7.46
CHEMBL101596,COc1cc2c(cc1OC)C1=NO[C@@H](CN3CCN(C/C(C)=C/c4ccsc4)CC3)[C@@H]1CO2,8.72
CHEMBL328195,COc1cc2c(cc1OC)C1=NO[C@@H](CN3CCN(C/C=C(\C)c4ccsc4)CC3)[C@@H]1CO2,8.32
CHEMBL98646,COc1cc2c(cc1OC)C1=NO[C@@H](CN3CCN(C/C(C)=C/c4cccs4)CC3)[C@@H]1CO2,8.57
CHEMBL100879,COc1cc2c(cc1OC)C1=NO[C@@H](CN3CCN(C/C=C(\C)c4cccs4)CC3)[C@@H]1CO2,7.13
CHEMBL1257385,O=C1NCc2cc(Cl)c(OCCCCN3CCN(c4cccc5cccc(F)c45)CC3)cc21,7.34
CHEMBL1258762,O=C1NCc2cc(F)c(OCCCCN3CCN(c4cccc5ccc(F)cc45)CC3)cc21,6.96
CHEMBL1258881,O=C1NCc2cc(F)c(OCCCCN3CCN(c4cccc5cc(F)ccc45)CC3)cc21,8.04
CHEMBL1257147,O=C1NCc2ccc(OCCCCN3CCN(c4cccc5cccc(F)c45)CC3)c(Cl)c21,6.67
CHEMBL1258427,O=C1NCc2ccc(OCCCCN3CCN(c4cccc5cc(F)ccc45)CC3)c(F)c21,5.57
CHEMBL1258313,O=C1NCc2ccc(OCCCCN3CCN(c4cccc5ccc(F)cc45)CC3)c(F)c21,6.59
CHEMBL1258199,O=C1NCc2ccc(OCCCCN3CCN(c4cccc5cccc(F)c45)CC3)c(F)c21,7.32
CHEMBL1258087,Cc1cc2c(cc1OCCCCN1CCN(c3cccc4cc(F)ccc34)CC1)C(=O)NC2,8.05
CHEMBL1257737,Cc1c(OCCCCN2CCN(c3cccc4cc(F)ccc34)CC2)ccc2c1C(=O)NC2,7.33
CHEMBL391272,C[C@H]1CN(c2ccc3cc(F)ccc3c2)CCN1CC[C@@H]1OCCc2cc(C(N)=O)ccc21,8.68
CHEMBL1257971,Cc1cc2c(cc1OCCCCN1CCN(c3cccc4cccc(F)c34)CC1)C(=O)NC2,6.93
CHEMBL1257616,Cc1c(OCCCCN2CCN(c3cccc4cccc(F)c34)CC2)ccc2c1C(=O)NC2,6.54
CHEMBL319530,COc1cc2c(cc1OC)C1=NO[C@@H](CN3CCN(C/C=C(\C)c4ccco4)CC3)[C@@H]1CO2,7.66
CHEMBL99916,COc1cc2c(cc1OC)C1=NO[C@@H](CN3CCN(C/C(C)=C/c4ccco4)CC3)[C@@H]1CO2,7.68
CHEMBL2112595,O=C(CCc1ccc(Br)cc1)N/C=C/NCCOC(c1ccc(F)cc1)c1ccc(F)cc1,6.23
CHEMBL221903,C=CCN1CC[C@@H](Cc2ccc(F)cc2)C[C@@H]1CCCNC(=O)Nc1cccc(C(C)=O)c1,6.66
CHEMBL221067,CCCN1CC[C@@H](Cc2ccc(F)cc2)C[C@@H]1CCCNC(=O)Nc1cccc(C(C)=O)c1,6.53
CHEMBL220801,CC(=O)c1cccc(NC(=O)NCCC[C@H]2C[C@H](Cc3ccc(F)cc3)CCN2CCO)c1,7.3
CHEMBL217987,CC(=O)c1cc(NC(=O)NCCC[C@H]2C[C@H](Cc3ccc(F)cc3)CCN2)cc(C(C)=O)c1,8.46
CHEMBL98889,COc1cc2c(cc1OC)C1=NO[C@@H](CN3CCN(C/C(C)=C/c4cccnc4)CC3)[C@@H]1CO2,7.2
CHEMBL2112969,COc1cc2c(cc1OC)C1=NO[C@@H](CN3CCN(CCOc4ccc(F)cc4)CC3)[C@@H]1CN2,6.81
CHEMBL426959,CC(=O)N1C[C@@H]2C(=NO[C@H]2CN2CCN(CCC/C=C/c3ccccc3)CC2)c2ccccc21,7.21
CHEMBL233210,C[C@H]1CN(c2cccc3cc(C#N)ccc23)CCN1CC[C@@H]1OCCc2cc(C(N)=O)ccc21,8.66
CHEMBL511279,Cc1ccc2c(N3CCN(CCc4cccc5c4OCC(=O)N5CC(F)F)CC3)cccc2n1,7.2
CHEMBL470217,Cc1ccc2c(N3CCN(CCCc4cccc5c4OCC(=O)N5C)[C@H](C)C3)cc(F)cc2n1,9.1
CHEMBL296419,COc1ccc(CCN2CCC(Nc3nc4ccccc4n3Cc3ccc(F)cc3)CC2)cc1,6.16
CHEMBL1289617,Cc1ccc2c(N3CCN(CCc4c(C)ccc5c4ccc(=O)n5C)[C@@H](C)C3)cc(F)cc2n1,9.0
CHEMBL2112971,COc1cc2c(cc1OC)C1=NO[C@@H](CN3CCN(C/C=C(\C)c4ccccc4)CC3)[C@@H]1CN2,7.82
CHEMBL2112985,COc1cc2c(cc1OC)C1=NO[C@@H](CN3CCN(C/C(C)=C/c4ccccc4)CC3)[C@@H]1CN2,8.05
CHEMBL2112975,CCOC(=O)N1C[C@@H]2C(=NO[C@H]2CN2CCN(C/C=C/c3ccccc3)CC2)c2ccccc21,8.59
CHEMBL3085030,Fc1ccc(C(N[C@@H]2C[C@@H]3CC[C@H](C2)N3CCCCc2ccccc2)c2ccc(F)cc2)cc1,6.3
CHEMBL1831166,COc1cc2c(cc1OC)CN(CCCCn1cc(-c3ccc(F)cc3)c3ccccc31)CC2,6.53
CHEMBL538405,Fc1ccc(C(OCCC2CCN(Cc3cc4ccccc4[nH]3)CC2)c2ccc(F)cc2)cc1,7.06
CHEMBL2112353,COc1cccc2ccc([C@@H]3CCN(C[C@H](O)COc4cccc5[nH]c(C)cc45)[C@@H](C)C3)cc12,9.47
CHEMBL81,O=C(c1ccc(OCCN2CCCCC2)cc1)c1c(-c2ccc(O)cc2)sc2cc(O)ccc12,5.72
CHEMBL136154,Fc1ccc(C(OCCC2CCN(Cc3cc4ccccc4o3)CC2)c2ccc(F)cc2)cc1,7.07
CHEMBL137020,Fc1ccc(C(OCCC2CCN(Cc3cc4ccccc4s3)CC2)c2ccc(F)cc2)cc1,6.61
CHEMBL2112973,CCNC(=O)N1C[C@@H]2C(=NO[C@H]2CN2CCN(C/C=C/c3ccccc3)CC2)c2ccccc21,7.64
CHEMBL419316,COc1cc2c(cc1OC)C1=NO[C@@H](CN3CCN(C/C=C(\C)c4ccccc4)CC3)[C@@H]1CO2,8.35
CHEMBL176116,CC(=O)Oc1ccc2c(c1)OC[C@@H]1C2=NO[C@H]1CN1CCN(C/C(C)=C/c2ccccc2)CC1,8.11
CHEMBL101411,COc1cc2c(cc1OC)C1=NO[C@@H](CN3CCN(C/C=C/c4ccc(Cl)cc4)CC3)[C@@H]1CO2,8.89
CHEMBL95218,COc1cc2c(cc1OC)C1=NO[C@@H](CN3CCN(C/C=C/c4cccc(F)c4)CC3)[C@@H]1CO2,8.6
CHEMBL319573,COc1cc2c(cc1OC)C1=NO[C@@H](CN3CCN(C/C=C/c4ccccc4F)CC3)[C@@H]1CO2,7.89
CHEMBL522708,Cc1ccc2c(OCCN3CCC(Cc4cccc(N5CCCS5(=O)=O)c4)CC3)cccc2n1,6.4
CHEMBL511950,O=C(Cc1ccccc1)CN1CCN(CCOC(c2ccc(F)cc2)c2ccc(F)cc2)CC1,6.6
CHEMBL283662,O=C(CCN1CCN(CCOC(c2ccc(F)cc2)c2ccc(F)cc2)CC1)c1ccccc1,6.66
CHEMBL841,CN(C)C(=O)C(CCN1CCC(O)(c2ccc(Cl)cc2)CC1)(c1ccccc1)c1ccccc1,5.93
CHEMBL467585,C=C(CCN1CCN(CCOC(c2ccc(F)cc2)c2ccc(F)cc2)CC1)c1ccccc1,6.72
CHEMBL466538,C=C(Cc1ccccc1)CN1CCN(CCOC(c2ccc(F)cc2)c2ccc(F)cc2)CC1,6.37
CHEMBL468212,Fc1ccc(C(OCCN2CCN(C[C@H](F)Cc3ccccc3)CC2)c2ccc(F)cc2)cc1,6.27
CHEMBL468211,Fc1ccc(C(OCCN2CCN(C[C@@H](F)Cc3ccccc3)CC2)c2ccc(F)cc2)cc1,6.54
CHEMBL468208,FC[C@H](Cc1ccccc1)N1CCN(CCOC(c2ccc(F)cc2)c2ccc(F)cc2)CC1,6.96
CHEMBL513859,FC[C@@H](Cc1ccccc1)N1CCN(CCOC(c2ccc(F)cc2)c2ccc(F)cc2)CC1,6.72
CHEMBL220819,CC(=O)c1cccc(NC(=O)NCCC[C@H]2C[C@H](Cc3ccc(F)cc3)CCN2CC2CC2)c1,6.93
CHEMBL250689,CC(=O)c1cccc(NC(=O)N[C@@H]2CCCC[C@H]2CN2CCC[C@@H](Cc3ccc(F)cc3)C2)c1,5.54
CHEMBL466936,N[C@H](Cc1ccccc1)CN1CCN(CCOC(c2ccc(F)cc2)c2ccc(F)cc2)CC1,7.66
CHEMBL466145,N[C@@H](Cc1ccccc1)CN1CCN(CCOC(c2ccc(F)cc2)c2ccc(F)cc2)CC1,7.06
CHEMBL469995,Cc1ccc2c(N3CCN(CCc4cccc5c4OCC(=O)N5CC4CC4)CC3)cccc2n1,6.7
CHEMBL1241825,Cc1ccc2c(N3CCN(CCc4cccc5c4OCc4c(C#N)ncn4-5)CC3)cccc2n1,6.9
CHEMBL1241548,Cc1ccc2c(N3CCN(CCc4cccc5c4OCc4nc(C)c(C)n4-5)CC3)cccc2n1,7.8
CHEMBL484059,O=C1COc2ccc(CCN3CCN(c4cccc5nc(-c6ccccc6)ccc45)CC3)cc2N1,9.8
CHEMBL2112976,COc1cc2c(cc1OC)C1=NO[C@@H](CN3CCN(Cc4ccc5ccccc5c4)CC3)[C@@H]1CN2,8.82
CHEMBL1241913,Cc1ccc2c(N3CCN(CCc4cccc5c4OCc4c(C(N)=O)ncn4-5)CC3)cccc2n1,7.54
CHEMBL1241736,CC(=O)c1ncn2c1COc1c(CCN3CCN(c4cccc5nc(C)ccc45)CC3)cccc1-2,7.5
CHEMBL2112980,COc1cc2c(cc1OC)C1=NO[C@@H](CN3CCN(Cc4ccc5ncccc5c4)CC3)[C@@H]1CN2,7.66
CHEMBL3085018,Fc1ccc(C(N[C@@H]2C[C@@H]3CC[C@H](C2)N3CCc2c[nH]c3ccccc23)c2ccc(F)cc2)cc1,6.46
CHEMBL468573,CO[C@H](Cc1ccccc1)CN1CCN(CCOC(c2ccc(F)cc2)c2ccc(F)cc2)CC1,6.6
CHEMBL513858,CO[C@@H](Cc1ccccc1)CN1CCN(CCOC(c2ccc(F)cc2)c2ccc(F)cc2)CC1,6.66
CHEMBL305660,CC(C)(C)c1ccc(C(=O)CCCN2CCC(OC(c3ccccc3)c3ccccc3)CC2)cc1,6.18
CHEMBL35411,Fc1ccc(C(OCCC2CCN(Cc3cccc4ccccc34)CC2)c2ccc(F)cc2)cc1,6.43
CHEMBL522307,CCOc1ccccc1N1CCN(CCCCn2nc(-n3ccc4ccccc43)ccc2=O)CC1,6.19
CHEMBL435352,COCCOc1ccc2c(c1)OC[C@@H]1C2=NO[C@H]1CN1CCN(C/C(C)=C/c2ccccc2)CC1,8.35
CHEMBL180322,C=CC(=O)Oc1ccc2c(c1)OC[C@@H]1C2=NO[C@H]1CN1CCN(C/C(C)=C/c2ccccc2)CC1,7.39
CHEMBL318235,COc1cc2c(cc1OC)C1=NO[C@@H](CN3CCN(C/C(C)=C/c4ccc(F)cc4)CC3)[C@@H]1CO2,8.92
CHEMBL98541,COc1cc2c(cc1OC)C1=NO[C@@H](CN3CCN(C/C=C(\C)c4ccc(F)cc4)CC3)[C@@H]1CO2,8.89
CHEMBL263424,COc1cc2c(cc1OC)C1=NO[C@@H](CN3CCN(C/C(C)=C/c4cccc(F)c4)CC3)[C@@H]1CO2,9.22
CHEMBL3085031,O=C(CCN1[C@H]2CC[C@@H]1C[C@H](NC(c1ccc(F)cc1)c1ccc(F)cc1)C2)Nc1ccccc1,6.22
CHEMBL329065,COc1cc2c(cc1OC)C1=NO[C@@H](CN3CCN(C/C=C(\C)c4ccc(O)cc4)CC3)[C@@H]1CO2,8.12
CHEMBL176261,C/C(=C\c1ccccc1)CN1CCN(C[C@@H]2ON=C3c4ccc(OCCN(C)C)cc4OC[C@H]32)CC1,8.46
CHEMBL523965,CC(C)Oc1ccccc1N1CCN(CCCCn2nc(-n3ccc4ccccc43)ccc2=O)CC1,5.98
CHEMBL490613,O=c1ccc(-n2ccc3ccccc32)nn1CCCCN1CCN(c2cccc(C(F)(F)F)c2)CC1,6.96
CHEMBL1306,CC(C)N1CCN(c2ccc(OC[C@H]3CO[C@](Cn4cncn4)(c4ccc(Cl)cc4Cl)O3)cc2)CC1,5.22
CHEMBL419336,COc1cc2c(cc1OC)C1=NO[C@@H](CN3CCN(C/C(C)=C/c4cccc(F)c4F)CC3)[C@@H]1CO2,8.15
CHEMBL328631,COc1cc2c(cc1OC)C1=NO[C@@H](CN3CCN(C/C=C(\C)c4ccc(F)cc4F)CC3)[C@@H]1CO2,8.27
CHEMBL319119,COc1cc2c(cc1OC)C1=NO[C@@H](CN3CCN(C/C(C)=C/c4cc(F)ccc4F)CC3)[C@@H]1CO2,8.49
CHEMBL175853,COCC(=O)Oc1ccc2c(c1)OC[C@@H]1C2=NO[C@H]1CN1CCN(C/C(C)=C/c2ccccc2)CC1,8.24
CHEMBL101361,COc1cc2c(cc1OC)C1=NO[C@@H](CN3CCN(C/C=C(\C)c4ccccc4OC)CC3)[C@@H]1CO2,7.29
CHEMBL99868,COc1ccccc1/C=C(\C)CN1CCN(C[C@@H]2ON=C3c4cc(OC)c(OC)cc4OC[C@H]32)CC1,8.8
CHEMBL220766,CC(=O)c1cc(NC(=O)NCCC[C@H]2C[C@H](Cc3ccc(F)cc3)CCN2C(=N)N)cc(C(C)=O)c1,7.72
CHEMBL383879,CC(=O)c1cc(NC(=O)NCCC[C@H]2C[C@H](Cc3ccc(F)cc3)CCN2C(C)=O)cc(C(C)=O)c1,5.26
CHEMBL218568,CC(=O)c1cc(NC(=O)NCCC[C@H]2C[C@H](Cc3ccc(F)cc3)CCN2CCO)cc(C(C)=O)c1,7.4
CHEMBL220713,CC(=O)c1cc(NC(=O)NCCC[C@H]2C[C@H](Cc3ccc(F)cc3)CCN2CCF)cc(C(C)=O)c1,7.31
CHEMBL218262,C=CCN1CC[C@@H](Cc2ccc(F)cc2)C[C@@H]1CCCNC(=O)Nc1cc(C(C)=O)cc(C(C)=O)c1,7.16
CHEMBL386073,CCCN1CC[C@@H](Cc2ccc(F)cc2)C[C@@H]1CCCNC(=O)Nc1cc(C(C)=O)cc(C(C)=O)c1,6.78
CHEMBL220765,C#CCN1CC[C@@H](Cc2ccc(F)cc2)C[C@@H]1CCCNC(=O)Nc1cc(C(C)=O)cc(C(C)=O)c1,6.52
CHEMBL1241912,CNC(=O)c1ncn2c1COc1c(CCN3CCN(c4cccc5nc(C)ccc45)CC3)cccc1-2,7.5
CHEMBL1241641,Cc1ccc2c(N3CCN(CCc4cccc5c4OCc4nc(C(F)(F)F)cn4-5)CC3)cccc2n1,7.5
CHEMBL491799,O=c1ccc(-n2ccc3ccccc32)nn1CCCCN1CCN(c2ccc3c(c2)OCCO3)CC1,6.75
CHEMBL175911,C/C(=C\c1ccccc1)CN1CCN(C[C@@H]2ON=C3c4ccc(OC(=O)C5CC5)cc4OC[C@H]32)CC1,7.58
CHEMBL369378,C/C(=C\c1ccccc1)CN1CCN(C[C@@H]2ON=C3c4ccc(OC5CCCC5)cc4OC[C@H]32)CC1,7.25
CHEMBL1241824,Cc1ccc2c(N3CCN(CCc4cccc5c4OCc4c(C(=O)N(C)C)ncn4-5)CC3)cccc2n1,7.8
CHEMBL1241737,CO/N=C(\C)c1ncn2c1COc1c(CCN3CCN(c4cccc5nc(C)ccc45)CC3)cccc1-2,7.4
CHEMBL1241640,CCOC(=O)c1ncn2c1COc1c(CCN3CCN(c4cccc5nc(C)ccc45)CC3)cccc1-2,7.8
CHEMBL2112977,COc1cc2c(cc1OC)N(C)C[C@@H]1C2=NO[C@H]1CN1CCN(CCC/C(C)=C/c2ccccc2)CC1,6.98
CHEMBL178588,C/C(=C\c1ccccc1)CN1CCN(C[C@@H]2ON=C3c4ccc(OC(=O)C(C)(C)C)cc4OC[C@H]32)CC1,7.92
CHEMBL941,Cc1ccc(NC(=O)c2ccc(CN3CCN(C)CC3)cc2)cc1Nc1nccc(-c2cccnc2)n1,6.13
CHEMBL385607,CC(=O)c1cc(NC(=O)NCCC[C@H]2C[C@H](Cc3ccc(F)cc3)CCN2CC(N)=O)cc(C(C)=O)c1,6.15
CHEMBL384199,CC(=O)c1cc(NC(=O)NCCC[C@H]2C[C@H](Cc3ccc(F)cc3)CCN2CCCO)cc(C(C)=O)c1,6.67
CHEMBL376737,CC(=O)CN1CC[C@@H](Cc2ccc(F)cc2)C[C@@H]1CCCNC(=O)Nc1cc(C(C)=O)cc(C(C)=O)c1,7.96
CHEMBL386493,CC(=O)c1cc(NC(=O)NCCC[C@H]2C[C@H](Cc3ccc(F)cc3)CCN2CC(F)F)cc(C(C)=O)c1,6.48
CHEMBL1242436,Cc1ccc2c(N3CCN(CCc4cccc5c4OCc4c(C(=O)N6CCC6)ncn4-5)CC3)cccc2n1,8.2
CHEMBL1242081,Cc1ccc2c(N3CCN(CCc4cccc5c4OCc4c(C(=O)NC6CC6)ncn4-5)CC3)cccc2n1,7.8
CHEMBL1241998,Cc1ccc2c(N3CCN(CCc4cccc5c4OCc4c(C(=O)NC(C)C)ncn4-5)CC3)cccc2n1,8.1
CHEMBL425324,C/C(=C\c1ccccc1)CN1CCN(C[C@@H]2ON=C3c4ccc(OC(=O)c5ccncc5)cc4OC[C@H]32)CC1,7.89
CHEMBL1242533,Cc1ccc2c(N3CCN(CCc4cccc5c4OCc4c(C(=O)N6CCCC6)ncn4-5)CC3)cccc2n1,7.9
CHEMBL1242167,Cc1ccc2c(N3CCN(CCc4cccc5c4OCc4c(C(=O)NC6CCC6)ncn4-5)CC3)cccc2n1,7.7
CHEMBL1242345,Cc1ccc2c(N3CCN(CCc4cccc5c4OCc4c(C(=O)NCC6CC6)ncn4-5)CC3)cccc2n1,8.3
CHEMBL179237,CCOCCOCCOc1ccc2c(c1)OC[C@@H]1C2=NO[C@H]1CN1CCN(C/C(C)=C/c2ccccc2)CC1,7.77
CHEMBL1242623,Cc1ccc2c(N3CCN(CCc4cccc5c4OCc4c(C(=O)N6CCCCC6)ncn4-5)CC3)cccc2n1,8.0
CHEMBL1242257,Cc1ccc2c(N3CCN(CCc4cccc5c4OCc4c(C(=O)NC6CCCC6)ncn4-5)CC3)cccc2n1,8.0
CHEMBL1242717,Cc1ccc2c(N3CCN(CCc4cccc5c4OCc4c(C(=O)N6CCOCC6)ncn4-5)CC3)cccc2n1,7.3
CHEMBL210514,COc1nc(NCCCN2CCOCC2)nc(OC)c1NC(=O)c1ccc(Oc2cc3c(cc2C)CCC3(C)C)o1,5.84
CHEMBL121460,CN(CCOC(c1ccc(F)cc1)c1ccc(F)cc1)CCN(C)CCOC(c1ccc(F)cc1)c1ccc(F)cc1,6.11
CHEMBL596175,COc1ccc(C2=NN(CCCCCNCC[C@@H](Oc3cccc4ccccc34)c3cccs3)C(=O)[C@@H]3CC=CC[C@H]23)cc1OC,6.9
